channel,KKFLS_p_sec,KKFLS_s_sec,TERRA_p_sec,TERRA_s_sec,KKFLN_p_sec,KKFLN_s_sec
0,9.859999656677246,15.979999542236328,,15.960000038146973,,
1,9.520000457763672,15.84000015258789,,16.020000457763672,,
2,9.260000228881836,15.920000076293944,,,,
3,9.520000457763672,15.84000015258789,,15.800000190734863,,
4,7.21999979019165,15.220000267028809,9.18000030517578,15.979999542236328,,
5,9.479999542236328,15.720000267028809,9.420000076293944,15.720000267028809,,
6,9.31999969482422,15.859999656677246,9.380000114440918,15.68000030517578,,
7,9.260000228881836,15.880000114440918,,15.81999969482422,,
8,9.260000228881836,15.760000228881836,,16.18000030517578,,
9,9.359999656677246,15.800000190734863,9.5600004196167,16.18000030517578,,
10,9.300000190734863,15.920000076293944,9.600000381469728,,,
11,9.5,15.84000015258789,9.380000114440918,,,
12,9.399999618530272,15.84000015258789,9.279999732971191,,,
13,9.600000381469728,15.960000038146973,9.279999732971191,,,
14,9.5,15.880000114440918,9.220000267028809,,,
15,9.34000015258789,15.68000030517578,9.18000030517578,,,
16,9.359999656677246,15.699999809265137,9.199999809265137,,,
17,9.31999969482422,15.699999809265137,9.399999618530272,,,
18,9.15999984741211,15.68000030517578,9.260000228881836,,,
19,9.18000030517578,15.859999656677246,9.5,16.020000457763672,,
20,9.260000228881836,15.779999732971191,9.399999618530272,15.859999656677246,,
21,9.18000030517578,15.84000015258789,9.399999618530272,15.899999618530272,,
22,9.359999656677246,15.739999771118164,9.140000343322754,15.800000190734863,,
23,9.31999969482422,15.800000190734863,9.15999984741211,15.880000114440918,,
24,9.300000190734863,15.739999771118164,9.119999885559082,15.880000114440918,,
25,9.239999771118164,15.760000228881836,9.34000015258789,15.760000228881836,,
26,9.220000267028809,15.81999969482422,9.199999809265137,16.040000915527344,,
27,9.220000267028809,15.760000228881836,9.279999732971191,,,
28,9.220000267028809,15.760000228881836,9.260000228881836,15.779999732971191,,
29,9.119999885559082,15.81999969482422,9.479999542236328,,,
30,9.119999885559082,15.779999732971191,9.18000030517578,,,
31,9.420000076293944,15.640000343322754,,,,
32,9.18000030517578,15.760000228881836,9.279999732971191,15.920000076293944,,
33,9.100000381469728,15.739999771118164,9.0600004196167,16.020000457763672,,
34,9.239999771118164,15.65999984741211,9.15999984741211,16.020000457763672,,
35,9.380000114440918,15.699999809265137,9.380000114440918,15.81999969482422,,
36,9.020000457763672,15.800000190734863,9.380000114440918,16.260000228881836,,
37,9.100000381469728,15.81999969482422,9.119999885559082,15.779999732971191,,
38,9.15999984741211,15.81999969482422,9.079999923706056,16.200000762939453,,
39,9.220000267028809,15.960000038146973,9.039999961853027,15.779999732971191,,
40,9.260000228881836,15.81999969482422,9.15999984741211,15.760000228881836,,
41,9.220000267028809,15.619999885559082,9.199999809265137,15.619999885559082,,
42,9.260000228881836,15.619999885559082,9.520000457763672,,,
43,9.220000267028809,15.779999732971191,9.260000228881836,,,
44,9.140000343322754,15.81999969482422,9.420000076293944,15.720000267028809,,
45,8.960000038146973,15.720000267028809,9.31999969482422,,,
46,9.300000190734863,15.68000030517578,9.199999809265137,,,
47,9.300000190734863,15.15999984741211,9.15999984741211,15.65999984741211,,
48,9.239999771118164,15.399999618530272,9.359999656677246,16.059999465942383,,
49,9.359999656677246,15.359999656677246,9.399999618530272,,,
50,9.279999732971191,15.720000267028809,9.380000114440918,,,
51,9.220000267028809,15.779999732971191,9.260000228881836,15.5,,
52,9.18000030517578,15.619999885559082,9.31999969482422,15.260000228881836,,
53,9.079999923706056,15.84000015258789,9.199999809265137,15.460000038146973,,
54,9.079999923706056,15.880000114440918,9.239999771118164,15.5600004196167,,
55,9.039999961853027,15.779999732971191,9.420000076293944,15.31999969482422,,
56,9.100000381469728,15.720000267028809,9.399999618530272,15.520000457763672,,
57,9.31999969482422,15.779999732971191,9.34000015258789,15.359999656677246,,
58,9.279999732971191,15.699999809265137,9.31999969482422,15.460000038146973,,
59,9.34000015258789,15.68000030517578,9.420000076293944,15.420000076293944,,
60,9.15999984741211,15.800000190734863,9.539999961853027,15.460000038146973,,
61,9.039999961853027,15.619999885559082,9.479999542236328,15.15999984741211,,
62,9.34000015258789,15.579999923706056,9.100000381469728,15.119999885559082,,
63,9.31999969482422,15.720000267028809,9.100000381469728,15.4399995803833,,
64,9.119999885559082,15.779999732971191,9.460000038146973,15.479999542236328,,
65,8.880000114440918,15.779999732971191,9.460000038146973,15.420000076293944,,
66,9.020000457763672,15.720000267028809,9.420000076293944,15.520000457763672,,
67,8.960000038146973,15.81999969482422,9.399999618530272,14.899999618530272,,
68,9.039999961853027,15.720000267028809,9.020000457763672,14.520000457763672,,
69,9.079999923706056,15.720000267028809,9.199999809265137,14.65999984741211,,
70,9.399999618530272,15.880000114440918,9.199999809265137,15.460000038146973,,
71,9.239999771118164,15.520000457763672,9.119999885559082,15.579999923706056,,
72,9.220000267028809,15.720000267028809,9.079999923706056,15.65999984741211,,
73,9.140000343322754,15.65999984741211,9.119999885559082,15.65999984741211,,
74,9.220000267028809,15.84000015258789,9.039999961853027,15.380000114440918,,
75,9.399999618530272,15.859999656677246,9.220000267028809,15.579999923706056,,
76,9.380000114440918,15.760000228881836,9.380000114440918,15.84000015258789,,
77,9.239999771118164,15.81999969482422,9.18000030517578,15.699999809265137,,
78,9.31999969482422,15.920000076293944,9.18000030517578,15.65999984741211,,
79,9.15999984741211,15.5,9.380000114440918,15.800000190734863,,
80,9.300000190734863,15.199999809265137,9.34000015258789,15.65999984741211,,
81,9.359999656677246,15.460000038146973,9.300000190734863,15.699999809265137,,
82,9.039999961853027,15.5,9.34000015258789,15.65999984741211,,
83,9.140000343322754,15.619999885559082,9.140000343322754,15.68000030517578,,
84,9.239999771118164,15.619999885559082,9.420000076293944,15.779999732971191,,
85,9.18000030517578,15.720000267028809,9.460000038146973,15.899999618530272,,
86,9.31999969482422,15.619999885559082,9.420000076293944,15.739999771118164,,
87,9.300000190734863,15.65999984741211,9.4399995803833,15.65999984741211,,
88,9.18000030517578,15.579999923706056,9.4399995803833,15.68000030517578,,
89,9.34000015258789,15.600000381469728,9.4399995803833,15.699999809265137,,
90,9.15999984741211,15.520000457763672,9.300000190734863,15.720000267028809,,
91,9.359999656677246,16.059999465942383,9.31999969482422,15.739999771118164,,
92,9.100000381469728,15.739999771118164,9.260000228881836,15.68000030517578,,
93,9.039999961853027,15.579999923706056,9.31999969482422,15.84000015258789,,
94,9.079999923706056,15.539999961853027,9.220000267028809,15.81999969482422,,
95,9.279999732971191,15.84000015258789,9.199999809265137,15.81999969482422,,
96,9.199999809265137,16.0,9.31999969482422,15.899999618530272,,
97,9.039999961853027,15.899999618530272,9.34000015258789,15.619999885559082,,
98,9.199999809265137,15.81999969482422,9.18000030517578,15.600000381469728,,
99,9.100000381469728,15.619999885559082,9.18000030517578,15.619999885559082,,
100,9.18000030517578,16.0,9.300000190734863,15.619999885559082,,
101,9.15999984741211,15.859999656677246,9.199999809265137,15.65999984741211,,
102,9.18000030517578,15.859999656677246,9.18000030517578,15.619999885559082,,
103,9.100000381469728,15.960000038146973,9.359999656677246,15.579999923706056,,
104,9.15999984741211,15.9399995803833,9.31999969482422,15.5,,
105,9.199999809265137,15.899999618530272,9.260000228881836,15.5600004196167,,
106,9.199999809265137,15.779999732971191,9.220000267028809,15.600000381469728,,
107,9.0600004196167,15.760000228881836,9.15999984741211,15.720000267028809,,
108,9.0600004196167,15.84000015258789,9.079999923706056,15.5600004196167,,
109,9.239999771118164,15.899999618530272,9.640000343322754,15.600000381469728,,
110,9.199999809265137,15.880000114440918,9.520000457763672,15.84000015258789,,
111,9.220000267028809,15.640000343322754,9.520000457763672,15.520000457763672,,
112,9.300000190734863,15.81999969482422,9.539999961853027,15.5,,
113,9.34000015258789,15.760000228881836,9.199999809265137,15.520000457763672,,
114,9.34000015258789,15.81999969482422,9.239999771118164,15.5,,
115,9.199999809265137,15.960000038146973,9.199999809265137,15.460000038146973,,
116,9.18000030517578,15.899999618530272,9.199999809265137,15.460000038146973,,
117,9.300000190734863,15.699999809265137,9.399999618530272,15.380000114440918,,
118,9.31999969482422,15.760000228881836,9.239999771118164,15.380000114440918,,
119,9.239999771118164,15.880000114440918,9.239999771118164,15.239999771118164,,
120,9.34000015258789,15.859999656677246,9.600000381469728,15.260000228881836,,
121,9.140000343322754,15.779999732971191,9.579999923706056,15.239999771118164,,
122,9.039999961853027,15.779999732971191,9.420000076293944,15.460000038146973,,
123,9.15999984741211,15.699999809265137,9.399999618530272,15.199999809265137,,
124,9.199999809265137,15.68000030517578,9.260000228881836,15.4399995803833,,
125,8.9399995803833,15.81999969482422,9.539999961853027,15.5,,
126,9.15999984741211,15.619999885559082,9.279999732971191,15.300000190734863,,
127,9.359999656677246,15.640000343322754,9.479999542236328,15.479999542236328,,
128,9.31999969482422,15.800000190734863,9.420000076293944,15.460000038146973,,
129,9.4399995803833,15.720000267028809,9.420000076293944,15.5600004196167,,
130,9.420000076293944,15.84000015258789,9.279999732971191,15.300000190734863,,
131,9.020000457763672,15.84000015258789,9.279999732971191,15.359999656677246,,
132,9.020000457763672,15.899999618530272,9.31999969482422,15.399999618530272,,
133,8.979999542236328,15.899999618530272,9.619999885559082,15.399999618530272,,
134,9.0,15.800000190734863,9.65999984741211,15.640000343322754,,
135,9.119999885559082,15.9399995803833,9.460000038146973,15.420000076293944,,
136,8.880000114440918,15.520000457763672,9.31999969482422,15.399999618530272,,
137,9.239999771118164,15.800000190734863,9.34000015258789,15.420000076293944,,
138,9.199999809265137,15.84000015258789,9.399999618530272,15.81999969482422,,
139,9.18000030517578,15.979999542236328,9.199999809265137,15.539999961853027,,
140,9.0600004196167,16.020000457763672,9.079999923706056,15.479999542236328,,
141,8.979999542236328,15.81999969482422,9.5,15.520000457763672,,
142,9.18000030517578,15.81999969482422,8.720000267028809,15.5600004196167,,
143,9.140000343322754,15.81999969482422,9.31999969482422,15.579999923706056,,
144,9.15999984741211,15.800000190734863,9.119999885559082,15.520000457763672,,
145,9.119999885559082,15.800000190734863,9.300000190734863,15.579999923706056,,
146,9.079999923706056,15.779999732971191,9.279999732971191,15.619999885559082,,
147,9.220000267028809,15.720000267028809,9.380000114440918,15.539999961853027,,
148,9.140000343322754,15.760000228881836,9.359999656677246,15.68000030517578,,
149,9.119999885559082,15.81999969482422,9.359999656677246,15.619999885559082,,
150,9.18000030517578,15.800000190734863,9.600000381469728,15.619999885559082,,
151,9.380000114440918,15.68000030517578,9.420000076293944,15.5,,
152,9.380000114440918,15.619999885559082,9.34000015258789,15.399999618530272,,
153,9.239999771118164,15.579999923706056,9.399999618530272,15.399999618530272,,
154,9.399999618530272,15.520000457763672,9.380000114440918,15.4399995803833,,
155,9.279999732971191,15.720000267028809,9.5600004196167,15.68000030517578,,
156,9.220000267028809,15.899999618530272,9.520000457763672,15.579999923706056,,
157,9.239999771118164,16.040000915527344,9.4399995803833,15.65999984741211,,
158,9.279999732971191,16.040000915527344,9.399999618530272,15.739999771118164,,
159,9.18000030517578,15.65999984741211,9.399999618530272,15.739999771118164,,
160,9.260000228881836,15.600000381469728,9.4399995803833,15.640000343322754,,
161,9.279999732971191,15.5600004196167,9.520000457763672,15.699999809265137,,
162,9.31999969482422,15.5600004196167,9.199999809265137,15.640000343322754,,
163,9.199999809265137,15.520000457763672,9.31999969482422,15.619999885559082,,
164,9.31999969482422,15.5,9.399999618530272,15.720000267028809,,
165,9.18000030517578,15.600000381469728,9.220000267028809,15.699999809265137,,
166,9.220000267028809,15.640000343322754,9.479999542236328,15.600000381469728,,
167,9.039999961853027,15.81999969482422,9.359999656677246,15.5600004196167,,
168,9.039999961853027,15.779999732971191,9.260000228881836,15.579999923706056,,
169,8.979999542236328,15.579999923706056,9.31999969482422,15.539999961853027,,
170,9.220000267028809,15.520000457763672,9.079999923706056,15.460000038146973,,
171,9.699999809265137,15.5,8.920000076293945,15.65999984741211,,
172,9.380000114440918,15.68000030517578,8.859999656677246,15.579999923706056,,
173,9.31999969482422,15.619999885559082,9.18000030517578,15.619999885559082,,
174,9.380000114440918,15.720000267028809,9.079999923706056,15.520000457763672,,
175,9.359999656677246,15.65999984741211,9.239999771118164,15.5600004196167,,
176,9.279999732971191,15.739999771118164,9.239999771118164,15.600000381469728,,
177,9.5,15.600000381469728,9.380000114440918,15.68000030517578,,
178,9.5,15.600000381469728,9.279999732971191,15.880000114440918,,
179,9.380000114440918,15.600000381469728,9.279999732971191,15.65999984741211,,
180,9.140000343322754,15.539999961853027,9.0,15.739999771118164,,
181,9.399999618530272,15.34000015258789,9.15999984741211,15.65999984741211,,
182,9.359999656677246,15.460000038146973,9.18000030517578,15.68000030517578,,
183,9.4399995803833,15.65999984741211,8.880000114440918,15.619999885559082,,
184,9.020000457763672,15.68000030517578,9.300000190734863,15.640000343322754,,
185,9.420000076293944,15.619999885559082,9.079999923706056,15.699999809265137,,
186,9.239999771118164,15.479999542236328,9.140000343322754,15.699999809265137,,
187,9.260000228881836,15.65999984741211,9.15999984741211,15.699999809265137,,
188,9.300000190734863,15.300000190734863,9.020000457763672,15.640000343322754,,
189,9.460000038146973,15.619999885559082,9.18000030517578,15.5600004196167,,
190,9.420000076293944,15.68000030517578,9.119999885559082,15.579999923706056,,
191,9.220000267028809,15.65999984741211,9.260000228881836,15.460000038146973,,
192,9.279999732971191,15.600000381469728,9.34000015258789,15.460000038146973,,
193,9.260000228881836,15.460000038146973,9.380000114440918,15.640000343322754,,
194,9.31999969482422,15.279999732971191,9.239999771118164,15.5600004196167,,
195,9.18000030517578,15.359999656677246,9.15999984741211,15.579999923706056,,
196,9.300000190734863,15.5600004196167,9.380000114440918,15.5,,
197,9.119999885559082,15.68000030517578,9.199999809265137,15.600000381469728,,
198,9.199999809265137,15.68000030517578,9.399999618530272,15.460000038146973,,
199,9.479999542236328,15.640000343322754,9.140000343322754,15.539999961853027,,
200,9.300000190734863,15.34000015258789,9.199999809265137,15.5600004196167,,
201,9.300000190734863,15.239999771118164,9.100000381469728,15.619999885559082,,
202,9.279999732971191,15.199999809265137,9.260000228881836,15.68000030517578,,
203,9.399999618530272,15.5600004196167,9.079999923706056,15.880000114440918,,
204,9.460000038146973,15.539999961853027,8.960000038146973,15.84000015258789,,
205,9.460000038146973,15.65999984741211,9.199999809265137,15.68000030517578,,
206,9.279999732971191,15.65999984741211,9.18000030517578,15.68000030517578,,
207,9.399999618530272,15.68000030517578,9.079999923706056,15.619999885559082,,
208,9.279999732971191,15.65999984741211,9.0600004196167,15.520000457763672,,
209,9.420000076293944,15.68000030517578,9.18000030517578,15.4399995803833,,
210,9.18000030517578,15.779999732971191,9.15999984741211,15.520000457763672,,
211,9.18000030517578,15.65999984741211,9.100000381469728,15.5600004196167,,
212,9.359999656677246,15.4399995803833,9.119999885559082,15.539999961853027,,
213,9.260000228881836,15.300000190734863,9.100000381469728,15.539999961853027,,
214,9.039999961853027,15.34000015258789,9.020000457763672,15.5600004196167,,
215,9.420000076293944,15.65999984741211,9.119999885559082,15.579999923706056,,
216,9.15999984741211,15.68000030517578,9.279999732971191,15.5600004196167,,
217,9.199999809265137,15.65999984741211,9.359999656677246,15.65999984741211,,
218,9.300000190734863,15.81999969482422,9.039999961853027,15.539999961853027,,
219,9.420000076293944,15.739999771118164,9.039999961853027,15.5600004196167,,
220,9.199999809265137,15.84000015258789,9.119999885559082,15.600000381469728,,
221,9.15999984741211,15.84000015258789,9.039999961853027,15.579999923706056,,
222,9.199999809265137,15.619999885559082,9.039999961853027,15.68000030517578,,
223,9.140000343322754,15.399999618530272,8.899999618530273,15.5600004196167,,
224,9.279999732971191,15.31999969482422,9.079999923706056,15.5600004196167,,
225,9.31999969482422,15.34000015258789,8.979999542236328,15.579999923706056,,
226,9.0600004196167,15.520000457763672,9.119999885559082,15.5,,
227,9.119999885559082,15.5600004196167,9.100000381469728,15.520000457763672,,
228,9.199999809265137,15.4399995803833,9.279999732971191,15.479999542236328,,
229,9.199999809265137,15.279999732971191,9.079999923706056,15.579999923706056,,
230,9.600000381469728,15.5,9.18000030517578,15.640000343322754,,
231,9.260000228881836,15.81999969482422,9.079999923706056,15.520000457763672,,
232,9.300000190734863,15.68000030517578,9.079999923706056,15.520000457763672,,
233,9.31999969482422,15.619999885559082,9.119999885559082,15.619999885559082,,
234,9.31999969482422,15.65999984741211,8.960000038146973,15.84000015258789,,
235,9.100000381469728,15.140000343322754,9.039999961853027,15.619999885559082,,
236,9.199999809265137,15.239999771118164,9.039999961853027,15.5600004196167,,
237,9.279999732971191,15.619999885559082,9.0,15.619999885559082,,
238,9.31999969482422,15.619999885559082,9.020000457763672,15.65999984741211,,
239,9.199999809265137,15.380000114440918,9.079999923706056,15.779999732971191,,
240,9.31999969482422,15.460000038146973,9.0,15.619999885559082,,
241,9.119999885559082,15.5,9.0600004196167,15.65999984741211,,
242,9.220000267028809,15.619999885559082,9.15999984741211,15.520000457763672,,
243,9.34000015258789,15.760000228881836,9.039999961853027,15.479999542236328,,
244,9.239999771118164,15.699999809265137,9.039999961853027,15.65999984741211,,
245,9.119999885559082,15.68000030517578,9.079999923706056,15.619999885559082,,
246,9.34000015258789,15.5600004196167,9.020000457763672,15.5600004196167,,
247,9.220000267028809,15.68000030517578,9.079999923706056,15.479999542236328,,
248,9.260000228881836,15.600000381469728,9.039999961853027,15.539999961853027,,
249,9.239999771118164,15.619999885559082,9.079999923706056,15.4399995803833,,
250,9.279999732971191,15.65999984741211,9.100000381469728,15.5,,
251,9.380000114440918,15.68000030517578,9.119999885559082,15.600000381469728,,
252,9.15999984741211,15.739999771118164,9.220000267028809,15.65999984741211,,
253,9.15999984741211,15.640000343322754,9.239999771118164,15.5,,
254,9.199999809265137,15.68000030517578,9.140000343322754,15.539999961853027,,
255,9.300000190734863,15.460000038146973,9.119999885559082,15.619999885559082,,
256,9.140000343322754,15.520000457763672,9.119999885559082,15.5600004196167,,
257,9.220000267028809,15.800000190734863,9.079999923706056,15.5,,
258,9.15999984741211,15.779999732971191,9.039999961853027,15.479999542236328,,
259,9.34000015258789,15.640000343322754,9.119999885559082,15.34000015258789,,
260,9.039999961853027,15.68000030517578,9.15999984741211,15.479999542236328,,
261,9.199999809265137,15.880000114440918,9.34000015258789,15.359999656677246,,
262,9.140000343322754,15.81999969482422,9.239999771118164,15.579999923706056,,
263,9.380000114440918,15.9399995803833,9.260000228881836,15.399999618530272,,
264,9.399999618530272,15.920000076293944,9.100000381469728,15.539999961853027,,
265,9.420000076293944,16.079999923706055,9.15999984741211,15.460000038146973,,
266,9.359999656677246,15.81999969482422,9.140000343322754,15.460000038146973,,
267,9.34000015258789,16.0,8.960000038146973,15.520000457763672,,
268,9.079999923706056,15.960000038146973,9.140000343322754,15.5600004196167,,
269,9.34000015258789,15.760000228881836,9.34000015258789,15.479999542236328,,
270,9.380000114440918,15.84000015258789,9.34000015258789,15.5,,
271,9.31999969482422,15.760000228881836,9.020000457763672,15.600000381469728,,
272,9.4399995803833,16.059999465942383,9.039999961853027,15.619999885559082,,
273,9.420000076293944,15.920000076293944,9.100000381469728,15.5600004196167,,
274,9.4399995803833,15.68000030517578,9.0600004196167,15.460000038146973,,
275,9.300000190734863,15.779999732971191,9.279999732971191,15.460000038146973,,
276,9.34000015258789,15.979999542236328,8.979999542236328,15.5,,
277,9.140000343322754,15.9399995803833,9.079999923706056,15.420000076293944,,
278,9.18000030517578,16.0,8.84000015258789,15.5,,
279,8.960000038146973,15.760000228881836,9.239999771118164,15.279999732971191,,
280,9.279999732971191,15.760000228881836,9.199999809265137,15.420000076293944,,
281,9.279999732971191,15.859999656677246,8.960000038146973,15.359999656677246,,
282,9.0,15.81999969482422,9.31999969482422,15.479999542236328,,
283,9.119999885559082,16.0,9.0600004196167,15.5,,
284,9.279999732971191,15.920000076293944,9.15999984741211,15.619999885559082,,
285,9.119999885559082,15.899999618530272,9.100000381469728,15.65999984741211,,
286,9.199999809265137,15.720000267028809,9.039999961853027,15.600000381469728,,
287,9.100000381469728,15.81999969482422,9.140000343322754,15.420000076293944,,
288,9.34000015258789,16.040000915527344,9.220000267028809,15.479999542236328,,
289,9.199999809265137,15.739999771118164,9.31999969482422,15.619999885559082,,
290,9.15999984741211,15.539999961853027,9.34000015258789,15.460000038146973,,
291,9.18000030517578,15.65999984741211,9.359999656677246,15.4399995803833,,
292,9.18000030517578,15.920000076293944,9.119999885559082,15.4399995803833,,
293,9.0600004196167,15.800000190734863,9.18000030517578,15.579999923706056,,
294,9.279999732971191,15.5,9.079999923706056,15.65999984741211,,
295,9.239999771118164,15.479999542236328,9.100000381469728,15.420000076293944,,
296,9.31999969482422,15.5600004196167,9.0600004196167,15.539999961853027,,
297,9.15999984741211,15.600000381469728,9.220000267028809,15.279999732971191,,
298,9.15999984741211,15.5600004196167,9.079999923706056,15.199999809265137,,
299,9.34000015258789,15.699999809265137,9.079999923706056,15.34000015258789,,
300,9.15999984741211,15.619999885559082,9.239999771118164,15.4399995803833,,
301,9.0600004196167,15.619999885559082,9.140000343322754,15.31999969482422,,
302,9.279999732971191,15.420000076293944,9.239999771118164,15.279999732971191,,
303,9.31999969482422,15.5,9.140000343322754,15.380000114440918,,
304,9.359999656677246,15.579999923706056,9.15999984741211,15.079999923706056,,
305,9.34000015258789,15.539999961853027,9.15999984741211,15.399999618530272,,
306,9.15999984741211,15.640000343322754,9.100000381469728,15.220000267028809,,
307,9.119999885559082,15.5600004196167,9.15999984741211,15.260000228881836,,
308,9.079999923706056,15.5,9.119999885559082,15.119999885559082,,
309,9.020000457763672,15.520000457763672,9.039999961853027,15.199999809265137,,
310,9.140000343322754,15.739999771118164,9.18000030517578,15.420000076293944,,
311,9.15999984741211,15.5,9.359999656677246,15.279999732971191,,
312,9.119999885559082,15.380000114440918,9.079999923706056,15.34000015258789,,
313,9.100000381469728,15.460000038146973,9.039999961853027,15.199999809265137,,
314,8.960000038146973,15.300000190734863,9.100000381469728,15.119999885559082,,
315,9.15999984741211,15.520000457763672,9.079999923706056,15.239999771118164,,
316,9.140000343322754,15.520000457763672,9.239999771118164,15.31999969482422,,
317,9.079999923706056,15.5600004196167,9.220000267028809,15.34000015258789,,
318,9.18000030517578,15.5,9.279999732971191,15.399999618530272,,
319,9.100000381469728,15.619999885559082,9.039999961853027,15.520000457763672,,
320,9.039999961853027,15.5600004196167,9.079999923706056,15.279999732971191,,
321,9.100000381469728,15.600000381469728,9.31999969482422,15.460000038146973,,
322,8.960000038146973,15.460000038146973,9.300000190734863,15.68000030517578,,
323,8.960000038146973,15.399999618530272,9.260000228881836,15.5600004196167,,
324,9.0,15.420000076293944,9.31999969482422,15.5600004196167,,
325,8.920000076293945,15.68000030517578,9.260000228881836,15.600000381469728,,
326,8.9399995803833,15.65999984741211,9.220000267028809,15.520000457763672,,
327,8.920000076293945,15.5,9.15999984741211,15.34000015258789,,
328,9.15999984741211,15.579999923706056,9.279999732971191,15.199999809265137,,
329,8.960000038146973,15.65999984741211,9.300000190734863,15.0600004196167,,
330,8.960000038146973,15.720000267028809,9.359999656677246,15.15999984741211,,
331,8.960000038146973,15.800000190734863,8.979999542236328,15.199999809265137,,
332,8.9399995803833,15.65999984741211,9.079999923706056,15.199999809265137,,
333,9.020000457763672,15.579999923706056,9.279999732971191,15.279999732971191,,
334,8.920000076293945,15.619999885559082,9.0600004196167,15.520000457763672,,
335,9.0,15.579999923706056,9.140000343322754,15.520000457763672,,
336,8.9399995803833,15.460000038146973,9.15999984741211,15.520000457763672,,
337,9.119999885559082,15.5600004196167,9.199999809265137,15.600000381469728,,
338,9.020000457763672,15.619999885559082,9.119999885559082,15.520000457763672,,
339,9.020000457763672,15.520000457763672,9.140000343322754,15.5600004196167,,
340,8.960000038146973,15.579999923706056,9.0,15.380000114440918,,
341,9.020000457763672,15.5600004196167,9.300000190734863,15.359999656677246,,
342,9.0,15.640000343322754,9.359999656677246,15.34000015258789,,
343,9.0,15.619999885559082,9.199999809265137,15.279999732971191,,
344,9.020000457763672,15.739999771118164,9.15999984741211,15.260000228881836,,
345,9.079999923706056,15.720000267028809,9.079999923706056,15.279999732971191,,
346,8.9399995803833,15.5,9.380000114440918,15.34000015258789,,
347,8.979999542236328,15.619999885559082,9.119999885559082,15.359999656677246,,
348,9.0,15.699999809265137,9.300000190734863,15.34000015258789,,
349,8.979999542236328,16.1200008392334,9.31999969482422,15.380000114440918,,
350,8.960000038146973,15.81999969482422,9.140000343322754,15.399999618530272,,
351,9.020000457763672,15.760000228881836,9.279999732971191,15.420000076293944,,
352,9.020000457763672,15.65999984741211,9.34000015258789,15.359999656677246,,
353,9.0600004196167,15.34000015258789,9.31999969482422,15.359999656677246,,
354,8.979999542236328,15.300000190734863,9.300000190734863,15.399999618530272,,
355,9.119999885559082,15.619999885559082,9.199999809265137,15.460000038146973,,
356,9.079999923706056,15.720000267028809,9.15999984741211,15.399999618530272,,
357,9.039999961853027,15.5600004196167,9.31999969482422,15.479999542236328,,
358,9.020000457763672,15.779999732971191,9.279999732971191,15.5,,
359,9.100000381469728,15.859999656677246,9.079999923706056,15.239999771118164,,
360,9.0600004196167,15.600000381469728,9.18000030517578,15.359999656677246,,
361,9.039999961853027,15.5,9.18000030517578,15.239999771118164,,
362,9.039999961853027,15.65999984741211,9.15999984741211,15.279999732971191,,
363,8.920000076293945,15.699999809265137,9.260000228881836,15.4399995803833,,
364,9.039999961853027,15.5,9.31999969482422,15.220000267028809,,
365,9.140000343322754,15.399999618530272,9.460000038146973,15.239999771118164,,
366,9.119999885559082,15.539999961853027,9.420000076293944,15.420000076293944,,
367,9.34000015258789,15.720000267028809,9.359999656677246,15.65999984741211,,
368,9.260000228881836,15.640000343322754,9.420000076293944,15.619999885559082,,
369,9.140000343322754,15.579999923706056,9.4399995803833,15.720000267028809,,
370,8.899999618530273,15.619999885559082,9.239999771118164,15.720000267028809,,
371,9.119999885559082,15.65999984741211,9.4399995803833,15.81999969482422,,
372,9.119999885559082,15.619999885559082,9.460000038146973,15.68000030517578,,
373,9.079999923706056,15.65999984741211,9.4399995803833,15.5,,
374,9.0600004196167,15.579999923706056,9.15999984741211,15.579999923706056,,
375,9.15999984741211,15.579999923706056,9.15999984741211,15.640000343322754,,
376,9.119999885559082,15.600000381469728,9.119999885559082,15.619999885559082,,
377,9.119999885559082,15.65999984741211,9.119999885559082,15.579999923706056,,
378,9.100000381469728,15.5600004196167,9.15999984741211,15.619999885559082,,
379,9.079999923706056,15.65999984741211,9.18000030517578,15.65999984741211,,
380,9.079999923706056,15.779999732971191,9.5,15.720000267028809,,
381,9.079999923706056,15.619999885559082,9.5,15.539999961853027,,
382,9.079999923706056,15.5,9.460000038146973,15.800000190734863,,
383,9.15999984741211,15.65999984741211,9.359999656677246,15.65999984741211,,
384,9.239999771118164,15.68000030517578,9.34000015258789,15.539999961853027,,
385,9.31999969482422,15.920000076293944,9.199999809265137,15.4399995803833,,
386,9.0600004196167,15.899999618530272,9.279999732971191,15.520000457763672,,
387,9.100000381469728,15.619999885559082,9.260000228881836,15.260000228881836,,
388,9.220000267028809,15.5600004196167,9.520000457763672,15.279999732971191,,
389,8.979999542236328,15.5600004196167,9.460000038146973,15.300000190734863,,
390,9.0,15.739999771118164,9.18000030517578,15.18000030517578,,
391,9.0600004196167,15.720000267028809,9.220000267028809,15.220000267028809,,
392,9.18000030517578,15.5,9.239999771118164,15.260000228881836,,
393,9.020000457763672,15.460000038146973,9.239999771118164,15.65999984741211,,
394,8.899999618530273,15.5,9.020000457763672,15.4399995803833,,
395,9.079999923706056,15.640000343322754,9.079999923706056,15.539999961853027,,
396,9.15999984741211,15.5600004196167,9.239999771118164,15.4399995803833,,
397,9.239999771118164,15.65999984741211,9.220000267028809,15.640000343322754,,
398,9.039999961853027,15.600000381469728,9.15999984741211,15.760000228881836,,
399,9.020000457763672,15.460000038146973,9.15999984741211,15.420000076293944,,
400,9.079999923706056,15.65999984741211,9.100000381469728,15.619999885559082,,
401,9.239999771118164,15.619999885559082,9.119999885559082,15.460000038146973,,
402,9.220000267028809,15.779999732971191,8.979999542236328,15.520000457763672,,
403,9.020000457763672,15.699999809265137,9.279999732971191,15.460000038146973,,
404,9.15999984741211,15.399999618530272,9.380000114440918,15.5600004196167,,
405,9.34000015258789,15.579999923706056,9.399999618530272,15.5,,
406,9.119999885559082,15.5600004196167,9.199999809265137,15.520000457763672,,
407,9.0,15.399999618530272,9.279999732971191,15.619999885559082,,
408,8.960000038146973,15.539999961853027,9.399999618530272,15.399999618530272,,
409,9.119999885559082,15.539999961853027,9.260000228881836,15.4399995803833,,
410,9.020000457763672,15.739999771118164,9.18000030517578,15.5,,
411,9.15999984741211,15.800000190734863,9.34000015258789,15.520000457763672,,
412,9.359999656677246,15.640000343322754,9.260000228881836,15.520000457763672,,
413,9.260000228881836,15.619999885559082,9.260000228881836,15.420000076293944,,
414,9.260000228881836,15.520000457763672,9.079999923706056,15.5,,
415,9.079999923706056,15.420000076293944,9.279999732971191,15.579999923706056,,
416,9.239999771118164,15.380000114440918,9.199999809265137,15.600000381469728,,
417,9.239999771118164,15.100000381469728,9.020000457763672,15.619999885559082,,
418,9.199999809265137,15.34000015258789,9.279999732971191,15.579999923706056,,
419,9.359999656677246,15.380000114440918,9.31999969482422,15.5600004196167,,
420,9.15999984741211,15.020000457763672,9.300000190734863,15.520000457763672,,
421,9.0600004196167,15.119999885559082,9.279999732971191,15.5600004196167,,
422,9.100000381469728,15.399999618530272,9.34000015258789,15.5600004196167,,
423,9.260000228881836,15.34000015258789,9.15999984741211,15.34000015258789,,
424,9.119999885559082,15.5,9.119999885559082,15.5600004196167,,
425,9.15999984741211,15.18000030517578,9.18000030517578,15.420000076293944,,
426,9.119999885559082,15.420000076293944,9.239999771118164,15.220000267028809,,
427,9.0,15.399999618530272,9.239999771118164,15.600000381469728,,
428,8.960000038146973,15.31999969482422,9.34000015258789,15.619999885559082,,
429,8.960000038146973,15.039999961853027,9.399999618530272,15.5600004196167,,
430,8.979999542236328,15.300000190734863,9.380000114440918,15.739999771118164,,
431,9.020000457763672,15.140000343322754,9.34000015258789,15.84000015258789,,
432,9.039999961853027,14.84000015258789,9.399999618530272,15.779999732971191,,
433,9.079999923706056,14.84000015258789,9.420000076293944,15.65999984741211,,
434,9.0,14.899999618530272,9.18000030517578,15.68000030517578,,
435,9.0600004196167,14.859999656677246,9.4399995803833,15.5,,
436,9.0,15.380000114440918,9.399999618530272,15.760000228881836,,
437,8.960000038146973,14.079999923706056,9.460000038146973,15.619999885559082,,
438,8.779999732971191,14.5,9.31999969482422,15.5,,
439,9.0,14.420000076293944,9.300000190734863,15.460000038146973,,
440,9.020000457763672,15.420000076293944,9.260000228881836,15.720000267028809,,
441,8.960000038146973,14.600000381469728,9.4399995803833,15.600000381469728,,
442,9.0600004196167,14.68000030517578,9.5,15.479999542236328,,
443,8.960000038146973,14.920000076293944,9.34000015258789,15.619999885559082,,
444,9.119999885559082,14.9399995803833,9.15999984741211,15.619999885559082,,
445,9.199999809265137,15.020000457763672,9.380000114440918,15.380000114440918,,
446,9.039999961853027,15.079999923706056,9.279999732971191,15.5,,
447,8.84000015258789,15.220000267028809,9.31999969482422,15.619999885559082,,
448,8.920000076293945,15.199999809265137,9.479999542236328,15.539999961853027,,
449,8.979999542236328,15.0,9.399999618530272,15.359999656677246,,
450,8.979999542236328,14.68000030517578,9.140000343322754,15.279999732971191,,
451,8.960000038146973,14.84000015258789,9.199999809265137,15.020000457763672,,
452,9.079999923706056,14.899999618530272,9.359999656677246,15.399999618530272,,
453,9.119999885559082,15.079999923706056,9.399999618530272,15.619999885559082,,
454,9.020000457763672,15.15999984741211,9.279999732971191,15.460000038146973,,
455,9.0,15.31999969482422,9.359999656677246,15.5,,
456,9.199999809265137,15.260000228881836,9.279999732971191,15.539999961853027,,
457,8.9399995803833,15.65999984741211,9.31999969482422,15.68000030517578,,
458,9.020000457763672,15.5600004196167,9.420000076293944,15.600000381469728,,
459,9.039999961853027,15.720000267028809,9.399999618530272,15.5,,
460,9.15999984741211,15.84000015258789,9.140000343322754,15.640000343322754,,
461,9.0600004196167,15.739999771118164,9.079999923706056,15.68000030517578,,
462,8.960000038146973,15.300000190734863,9.34000015258789,15.539999961853027,,
463,9.020000457763672,15.039999961853027,9.420000076293944,15.420000076293944,,
464,9.079999923706056,15.199999809265137,9.399999618530272,15.520000457763672,,
465,8.979999542236328,14.800000190734863,9.4399995803833,15.520000457763672,,
466,9.020000457763672,14.760000228881836,9.4399995803833,15.460000038146973,,
467,8.979999542236328,14.920000076293944,9.4399995803833,15.300000190734863,,
468,8.9399995803833,15.0,9.399999618530272,15.399999618530272,,
469,8.899999618530273,15.079999923706056,9.300000190734863,15.5,,
470,8.819999694824219,15.300000190734863,9.399999618530272,15.460000038146973,,
471,8.979999542236328,15.81999969482422,9.380000114440918,15.399999618530272,,
472,9.020000457763672,15.65999984741211,9.34000015258789,15.34000015258789,,
473,9.100000381469728,15.65999984741211,9.399999618530272,15.239999771118164,,
474,9.0600004196167,15.779999732971191,9.359999656677246,15.260000228881836,,
475,9.020000457763672,15.68000030517578,9.359999656677246,15.380000114440918,,
476,9.079999923706056,15.539999961853027,9.34000015258789,15.399999618530272,,
477,9.079999923706056,15.100000381469728,9.34000015258789,15.380000114440918,,
478,9.18000030517578,16.040000915527344,9.260000228881836,15.300000190734863,,
479,9.079999923706056,15.479999542236328,9.31999969482422,15.220000267028809,,
480,9.039999961853027,15.34000015258789,9.260000228881836,15.100000381469728,,
481,9.079999923706056,15.239999771118164,9.220000267028809,15.140000343322754,,
482,9.039999961853027,15.220000267028809,9.460000038146973,15.920000076293944,,
483,9.220000267028809,15.399999618530272,9.239999771118164,15.800000190734863,,
484,9.0,15.399999618530272,9.260000228881836,15.279999732971191,,
485,9.020000457763672,15.18000030517578,9.34000015258789,15.260000228881836,,
486,9.100000381469728,14.699999809265137,9.239999771118164,15.199999809265137,,
487,9.039999961853027,15.0600004196167,9.020000457763672,15.15999984741211,,
488,9.100000381469728,15.079999923706056,9.020000457763672,15.079999923706056,,
489,8.960000038146973,14.760000228881836,9.020000457763672,15.199999809265137,,
490,8.979999542236328,14.600000381469728,9.079999923706056,15.0600004196167,,
491,9.020000457763672,14.65999984741211,9.0,15.5600004196167,,
492,8.979999542236328,14.920000076293944,9.039999961853027,15.5,,
493,9.119999885559082,14.979999542236328,9.039999961853027,15.020000457763672,,
494,9.119999885559082,15.039999961853027,9.039999961853027,15.260000228881836,,
495,9.0600004196167,14.5600004196167,9.140000343322754,15.300000190734863,,
496,9.199999809265137,14.640000343322754,9.039999961853027,15.300000190734863,,
497,9.079999923706056,15.119999885559082,9.079999923706056,15.300000190734863,,
498,9.140000343322754,15.18000030517578,9.34000015258789,15.460000038146973,,
499,9.0600004196167,14.979999542236328,9.079999923706056,15.399999618530272,,
500,9.100000381469728,15.34000015258789,9.039999961853027,15.380000114440918,,
501,9.100000381469728,15.199999809265137,9.140000343322754,15.520000457763672,,
502,9.140000343322754,14.779999732971191,9.260000228881836,15.520000457763672,,
503,9.0,14.81999969482422,9.239999771118164,15.520000457763672,,
504,9.100000381469728,15.4399995803833,9.279999732971191,15.4399995803833,,
505,9.0600004196167,15.079999923706056,9.260000228881836,15.199999809265137,,
506,9.0,14.760000228881836,9.279999732971191,15.260000228881836,,
507,9.020000457763672,14.960000038146973,9.399999618530272,15.359999656677246,,
508,8.9399995803833,14.880000114440918,9.359999656677246,15.279999732971191,,
509,8.9399995803833,14.739999771118164,9.4399995803833,14.979999542236328,,
510,9.039999961853027,14.880000114440918,9.31999969482422,15.31999969482422,,
511,9.039999961853027,14.65999984741211,9.359999656677246,15.4399995803833,,
512,9.079999923706056,15.0600004196167,9.34000015258789,15.4399995803833,,
513,8.960000038146973,14.920000076293944,9.359999656677246,15.039999961853027,,
514,9.079999923706056,14.899999618530272,9.380000114440918,14.800000190734863,,
515,9.079999923706056,15.220000267028809,9.0600004196167,15.239999771118164,,
516,9.079999923706056,14.720000267028809,9.18000030517578,15.100000381469728,,
517,9.079999923706056,14.920000076293944,9.199999809265137,14.979999542236328,,
518,9.119999885559082,15.300000190734863,9.140000343322754,14.899999618530272,,
519,9.119999885559082,15.199999809265137,9.119999885559082,15.600000381469728,,
520,9.140000343322754,15.460000038146973,9.15999984741211,15.579999923706056,,
521,9.079999923706056,15.31999969482422,9.079999923706056,15.600000381469728,,
522,9.0600004196167,15.020000457763672,9.0600004196167,15.100000381469728,,
523,9.0,15.119999885559082,9.15999984741211,14.779999732971191,,
524,8.960000038146973,15.460000038146973,9.18000030517578,14.9399995803833,,
525,8.960000038146973,15.600000381469728,9.260000228881836,15.65999984741211,,
526,8.960000038146973,15.460000038146973,9.100000381469728,15.119999885559082,,
527,9.0,15.260000228881836,9.359999656677246,14.760000228881836,,
528,9.039999961853027,15.359999656677246,9.4399995803833,15.0600004196167,,
529,9.079999923706056,15.300000190734863,9.15999984741211,15.119999885559082,,
530,9.039999961853027,15.399999618530272,9.279999732971191,15.100000381469728,,
531,9.0,15.460000038146973,9.199999809265137,15.0,,
532,9.0,15.600000381469728,9.199999809265137,15.0600004196167,,
533,9.100000381469728,15.640000343322754,9.399999618530272,15.479999542236328,,
534,9.140000343322754,15.34000015258789,9.300000190734863,15.380000114440918,,
535,9.039999961853027,15.34000015258789,9.34000015258789,15.239999771118164,,
536,8.960000038146973,15.279999732971191,9.399999618530272,15.359999656677246,,
537,8.979999542236328,15.359999656677246,9.31999969482422,15.399999618530272,,
538,8.960000038146973,15.300000190734863,9.239999771118164,15.260000228881836,,
539,9.15999984741211,15.399999618530272,9.119999885559082,15.359999656677246,,
540,8.960000038146973,14.899999618530272,9.100000381469728,15.279999732971191,,
541,9.039999961853027,14.380000114440918,9.100000381469728,15.34000015258789,,
542,9.039999961853027,15.279999732971191,9.140000343322754,15.220000267028809,,
543,9.199999809265137,15.380000114440918,9.239999771118164,15.279999732971191,,
544,8.9399995803833,15.5,9.18000030517578,15.220000267028809,,
545,8.920000076293945,15.380000114440918,9.239999771118164,15.34000015258789,,
546,9.0,15.479999542236328,8.920000076293945,15.239999771118164,,
547,9.0,15.520000457763672,9.119999885559082,15.279999732971191,,
548,8.960000038146973,15.600000381469728,9.239999771118164,15.15999984741211,,
549,9.0,15.539999961853027,9.31999969482422,15.260000228881836,,
550,9.140000343322754,15.119999885559082,9.380000114440918,15.260000228881836,,
551,9.119999885559082,14.699999809265137,9.100000381469728,15.359999656677246,,
552,9.140000343322754,15.279999732971191,9.039999961853027,15.220000267028809,,
553,9.0600004196167,14.960000038146973,9.359999656677246,15.220000267028809,,
554,9.039999961853027,15.539999961853027,9.420000076293944,15.31999969482422,,
555,9.119999885559082,15.18000030517578,9.0,15.460000038146973,,
556,9.0600004196167,15.199999809265137,9.18000030517578,15.5,,
557,8.979999542236328,15.260000228881836,9.239999771118164,15.34000015258789,,
558,9.079999923706056,15.279999732971191,9.300000190734863,15.359999656677246,,
559,9.039999961853027,15.020000457763672,9.140000343322754,15.359999656677246,,
560,9.079999923706056,15.039999961853027,9.0,15.479999542236328,,
561,9.0600004196167,15.15999984741211,9.15999984741211,15.479999542236328,,
562,9.039999961853027,15.300000190734863,9.359999656677246,15.399999618530272,,
563,8.979999542236328,15.399999618530272,9.420000076293944,15.399999618530272,,
564,9.0600004196167,15.100000381469728,9.199999809265137,15.420000076293944,,
565,9.039999961853027,15.18000030517578,9.119999885559082,15.539999961853027,,
566,9.0,15.260000228881836,8.920000076293945,15.399999618530272,,
567,8.880000114440918,15.260000228881836,9.279999732971191,15.399999618530272,,
568,8.819999694824219,15.479999542236328,9.279999732971191,15.279999732971191,,
569,8.84000015258789,14.84000015258789,9.079999923706056,15.31999969482422,,
570,8.920000076293945,14.859999656677246,9.119999885559082,15.399999618530272,,
571,8.760000228881836,14.81999969482422,9.100000381469728,15.18000030517578,,
572,8.800000190734863,15.140000343322754,9.239999771118164,14.859999656677246,,
573,9.239999771118164,15.260000228881836,9.34000015258789,15.140000343322754,,
574,8.899999618530273,15.34000015258789,9.079999923706056,15.359999656677246,,
575,8.979999542236328,15.34000015258789,8.960000038146973,15.15999984741211,,
576,9.020000457763672,15.100000381469728,8.920000076293945,15.220000267028809,,
577,8.9399995803833,14.9399995803833,9.479999542236328,15.15999984741211,,
578,8.960000038146973,15.100000381469728,9.359999656677246,15.020000457763672,,
579,8.960000038146973,15.220000267028809,9.239999771118164,15.380000114440918,,
580,9.039999961853027,15.119999885559082,9.880000114440918,15.199999809265137,,
581,9.079999923706056,15.100000381469728,9.579999923706056,15.100000381469728,,
582,8.920000076293945,15.020000457763672,9.399999618530272,15.220000267028809,,
583,9.0,15.31999969482422,9.420000076293944,15.260000228881836,,
584,9.079999923706056,15.15999984741211,9.18000030517578,15.140000343322754,,
585,9.0600004196167,15.15999984741211,8.84000015258789,15.18000030517578,,
586,9.020000457763672,15.0600004196167,9.260000228881836,15.359999656677246,,
587,9.079999923706056,14.899999618530272,9.199999809265137,14.81999969482422,,
588,9.039999961853027,15.18000030517578,9.0,15.18000030517578,,
589,8.920000076293945,15.18000030517578,9.260000228881836,15.260000228881836,,
590,8.880000114440918,15.34000015258789,9.039999961853027,15.119999885559082,,
591,8.920000076293945,15.199999809265137,8.9399995803833,15.18000030517578,,
592,8.9399995803833,15.279999732971191,9.039999961853027,14.880000114440918,,
593,8.920000076293945,15.300000190734863,9.020000457763672,15.18000030517578,,
594,8.960000038146973,15.199999809265137,8.899999618530273,15.140000343322754,,
595,8.9399995803833,15.380000114440918,8.920000076293945,15.220000267028809,,
596,8.960000038146973,15.260000228881836,9.039999961853027,14.9399995803833,,
597,8.960000038146973,15.239999771118164,8.800000190734863,15.020000457763672,,
598,8.960000038146973,14.880000114440918,8.920000076293945,15.039999961853027,,
599,8.880000114440918,15.239999771118164,9.100000381469728,14.880000114440918,,
600,8.960000038146973,15.359999656677246,9.300000190734863,14.920000076293944,,
601,9.220000267028809,15.140000343322754,9.0600004196167,14.859999656677246,,
602,9.020000457763672,15.300000190734863,8.979999542236328,15.079999923706056,,
603,9.039999961853027,15.34000015258789,8.979999542236328,14.800000190734863,,
604,9.039999961853027,15.399999618530272,9.020000457763672,15.140000343322754,,
605,9.0,15.119999885559082,8.960000038146973,14.84000015258789,,
606,8.979999542236328,14.81999969482422,9.420000076293944,15.119999885559082,,
607,9.020000457763672,14.84000015258789,9.34000015258789,15.039999961853027,,
608,8.920000076293945,15.220000267028809,9.199999809265137,14.979999542236328,,
609,8.960000038146973,15.279999732971191,9.079999923706056,15.18000030517578,,
610,9.0,15.380000114440918,9.18000030517578,15.119999885559082,,
611,9.039999961853027,15.079999923706056,9.279999732971191,15.039999961853027,,
612,9.0600004196167,15.0600004196167,9.100000381469728,15.079999923706056,,
613,8.960000038146973,14.920000076293944,9.15999984741211,15.100000381469728,,
614,9.020000457763672,14.9399995803833,9.199999809265137,15.039999961853027,,
615,9.079999923706056,14.920000076293944,9.039999961853027,15.140000343322754,,
616,9.079999923706056,15.140000343322754,9.0600004196167,15.0600004196167,,
617,9.0,15.140000343322754,9.020000457763672,15.15999984741211,,
618,8.9399995803833,15.100000381469728,9.0,15.079999923706056,,
619,8.960000038146973,15.34000015258789,8.84000015258789,15.079999923706056,,
620,8.960000038146973,15.300000190734863,8.760000228881836,14.979999542236328,,
621,9.0,15.300000190734863,8.960000038146973,14.920000076293944,,
622,9.0,15.18000030517578,9.420000076293944,15.0,,
623,9.0,15.34000015258789,9.15999984741211,15.140000343322754,,
624,9.0,15.300000190734863,8.960000038146973,15.199999809265137,,
625,8.859999656677246,15.0,9.119999885559082,15.239999771118164,,
626,8.960000038146973,15.279999732971191,8.880000114440918,15.279999732971191,,
627,8.880000114440918,15.300000190734863,8.899999618530273,15.100000381469728,,
628,8.880000114440918,15.199999809265137,9.140000343322754,14.960000038146973,,
629,9.0,15.260000228881836,9.199999809265137,14.84000015258789,,
630,9.079999923706056,15.020000457763672,9.0,15.0600004196167,,
631,8.920000076293945,14.859999656677246,8.859999656677246,15.020000457763672,,
632,9.039999961853027,14.920000076293944,8.760000228881836,14.779999732971191,,
633,9.039999961853027,15.18000030517578,8.800000190734863,14.9399995803833,,
634,9.0,14.640000343322754,8.84000015258789,15.100000381469728,,
635,9.0,14.960000038146973,9.0,15.15999984741211,,
636,8.960000038146973,15.300000190734863,9.119999885559082,15.199999809265137,,
637,9.039999961853027,15.5,9.079999923706056,15.079999923706056,,
638,9.020000457763672,15.600000381469728,9.140000343322754,15.100000381469728,,
639,8.920000076293945,14.579999923706056,9.039999961853027,15.140000343322754,,
640,8.920000076293945,14.5600004196167,9.039999961853027,15.100000381469728,,
641,8.920000076293945,14.68000030517578,9.020000457763672,15.0600004196167,,
642,8.920000076293945,14.739999771118164,9.039999961853027,15.199999809265137,,
643,8.899999618530273,14.9399995803833,8.960000038146973,15.140000343322754,,
644,8.880000114440918,14.619999885559082,9.020000457763672,15.0,,
645,8.960000038146973,15.079999923706056,9.079999923706056,14.920000076293944,,
646,8.9399995803833,15.300000190734863,9.079999923706056,14.920000076293944,,
647,8.960000038146973,15.239999771118164,8.9399995803833,14.880000114440918,,
648,9.0,14.960000038146973,9.199999809265137,14.739999771118164,,
649,8.859999656677246,14.899999618530272,9.300000190734863,15.020000457763672,,
650,8.9399995803833,14.779999732971191,9.119999885559082,15.220000267028809,,
651,9.079999923706056,14.920000076293944,8.9399995803833,15.34000015258789,,
652,9.039999961853027,14.920000076293944,9.0,15.31999969482422,,
653,9.0600004196167,15.119999885559082,8.899999618530273,15.279999732971191,,
654,8.880000114440918,15.300000190734863,9.0,15.359999656677246,,
655,8.920000076293945,15.34000015258789,8.899999618530273,15.279999732971191,,
656,8.859999656677246,15.380000114440918,9.100000381469728,15.300000190734863,,
657,8.819999694824219,15.460000038146973,9.300000190734863,15.380000114440918,,
658,9.020000457763672,15.260000228881836,9.520000457763672,15.34000015258789,,
659,9.039999961853027,15.079999923706056,9.31999969482422,15.260000228881836,,
660,8.9399995803833,15.020000457763672,9.020000457763672,15.260000228881836,,
661,8.899999618530273,15.119999885559082,8.979999542236328,15.359999656677246,,
662,8.899999618530273,15.079999923706056,9.0,15.239999771118164,,
663,9.0,15.199999809265137,9.140000343322754,15.420000076293944,,
664,9.15999984741211,15.260000228881836,9.199999809265137,15.100000381469728,,
665,8.84000015258789,15.18000030517578,9.100000381469728,15.18000030517578,,
666,9.0600004196167,14.960000038146973,9.079999923706056,15.260000228881836,,
667,9.119999885559082,15.34000015258789,9.34000015258789,15.100000381469728,,
668,9.039999961853027,15.34000015258789,9.5600004196167,15.220000267028809,,
669,9.020000457763672,15.4399995803833,9.220000267028809,15.119999885559082,,
670,9.0,15.460000038146973,9.100000381469728,15.239999771118164,,
671,9.0,15.5,9.31999969482422,15.239999771118164,,
672,8.979999542236328,15.5,9.4399995803833,15.260000228881836,,
673,8.920000076293945,15.359999656677246,9.279999732971191,15.239999771118164,,
674,8.84000015258789,15.300000190734863,9.279999732971191,15.260000228881836,,
675,9.100000381469728,15.539999961853027,9.119999885559082,15.4399995803833,,
676,9.0,15.479999542236328,9.239999771118164,15.31999969482422,,
677,9.0,15.34000015258789,9.5600004196167,15.18000030517578,,
678,9.0,15.279999732971191,9.279999732971191,15.18000030517578,,
679,9.0,15.039999961853027,9.31999969482422,15.239999771118164,,
680,9.0,15.100000381469728,9.260000228881836,15.220000267028809,,
681,8.920000076293945,15.34000015258789,9.199999809265137,15.199999809265137,,
682,8.9399995803833,15.359999656677246,9.279999732971191,14.960000038146973,,
683,9.0,15.34000015258789,9.18000030517578,15.18000030517578,,
684,9.039999961853027,15.199999809265137,9.15999984741211,15.279999732971191,,
685,9.020000457763672,15.18000030517578,9.039999961853027,15.119999885559082,,
686,8.920000076293945,15.300000190734863,9.020000457763672,15.020000457763672,,
687,8.920000076293945,15.279999732971191,9.300000190734863,15.15999984741211,,
688,8.979999542236328,15.359999656677246,8.979999542236328,15.260000228881836,,
689,8.960000038146973,15.239999771118164,8.960000038146973,15.15999984741211,,
690,8.960000038146973,15.399999618530272,9.0600004196167,15.279999732971191,,
691,8.920000076293945,15.0600004196167,9.0,15.18000030517578,,
692,9.0600004196167,15.079999923706056,9.18000030517578,15.100000381469728,,
693,9.0600004196167,15.119999885559082,9.020000457763672,15.119999885559082,,
694,9.020000457763672,15.260000228881836,9.100000381469728,15.140000343322754,,
695,9.079999923706056,15.199999809265137,9.039999961853027,15.15999984741211,,
696,9.0600004196167,15.359999656677246,9.020000457763672,15.140000343322754,,
697,9.0,15.479999542236328,8.920000076293945,15.260000228881836,,
698,8.979999542236328,15.300000190734863,8.979999542236328,15.359999656677246,,
699,8.979999542236328,15.5,9.479999542236328,15.34000015258789,,
700,9.100000381469728,15.5600004196167,9.239999771118164,15.220000267028809,,
701,9.100000381469728,15.5,9.020000457763672,15.18000030517578,,
702,9.0,15.4399995803833,9.359999656677246,15.100000381469728,,
703,8.800000190734863,15.260000228881836,9.199999809265137,15.100000381469728,,
704,8.979999542236328,15.260000228881836,9.220000267028809,15.140000343322754,,
705,8.960000038146973,15.239999771118164,9.479999542236328,15.18000030517578,,
706,8.979999542236328,15.18000030517578,9.15999984741211,15.0,,
707,8.9399995803833,15.079999923706056,9.479999542236328,15.039999961853027,,
708,8.979999542236328,15.119999885559082,9.479999542236328,15.079999923706056,,
709,8.979999542236328,15.420000076293944,9.399999618530272,14.899999618530272,,
710,8.960000038146973,15.600000381469728,9.34000015258789,15.0,,
711,8.9399995803833,15.460000038146973,9.399999618530272,15.039999961853027,,
712,8.880000114440918,15.399999618530272,9.199999809265137,14.9399995803833,,
713,8.9399995803833,15.420000076293944,9.300000190734863,15.079999923706056,,
714,8.9399995803833,15.0600004196167,9.239999771118164,15.220000267028809,,
715,8.899999618530273,14.920000076293944,9.15999984741211,15.020000457763672,,
716,8.9399995803833,15.199999809265137,9.239999771118164,15.34000015258789,,
717,8.920000076293945,15.300000190734863,9.279999732971191,15.279999732971191,,
718,8.920000076293945,15.199999809265137,9.5600004196167,15.119999885559082,,
719,8.880000114440918,14.960000038146973,9.34000015258789,15.18000030517578,,
720,9.039999961853027,15.31999969482422,9.18000030517578,15.260000228881836,,
721,8.859999656677246,15.380000114440918,9.239999771118164,15.199999809265137,,
722,8.899999618530273,15.359999656677246,9.4399995803833,15.239999771118164,,
723,9.020000457763672,15.199999809265137,9.420000076293944,15.079999923706056,,
724,9.079999923706056,15.0,9.260000228881836,14.9399995803833,,
725,9.039999961853027,15.0,9.420000076293944,14.9399995803833,,
726,9.0600004196167,14.960000038146973,9.359999656677246,15.600000381469728,,
727,9.119999885559082,15.039999961853027,9.300000190734863,15.039999961853027,,
728,9.079999923706056,15.039999961853027,9.34000015258789,15.039999961853027,,
729,9.020000457763672,15.0,9.300000190734863,14.960000038146973,,
730,9.039999961853027,15.100000381469728,9.119999885559082,15.100000381469728,,
731,9.079999923706056,15.18000030517578,9.399999618530272,15.399999618530272,,
732,9.0,15.079999923706056,9.420000076293944,15.5,,
733,8.800000190734863,15.100000381469728,9.239999771118164,15.619999885559082,,
734,9.020000457763672,15.239999771118164,9.15999984741211,15.140000343322754,,
735,9.039999961853027,15.199999809265137,9.100000381469728,15.479999542236328,,
736,9.079999923706056,15.220000267028809,9.300000190734863,15.359999656677246,,
737,8.979999542236328,15.260000228881836,9.420000076293944,15.31999969482422,,
738,8.960000038146973,15.399999618530272,9.260000228881836,15.260000228881836,,
739,8.920000076293945,15.460000038146973,9.239999771118164,15.0600004196167,,
740,8.920000076293945,15.300000190734863,9.5,15.079999923706056,,
741,8.920000076293945,15.31999969482422,9.4399995803833,14.979999542236328,,
742,8.979999542236328,15.31999969482422,9.460000038146973,15.399999618530272,,
743,9.0,15.300000190734863,9.4399995803833,15.619999885559082,,
744,8.899999618530273,15.279999732971191,9.4399995803833,15.34000015258789,,
745,8.84000015258789,15.239999771118164,9.359999656677246,15.239999771118164,,
746,8.920000076293945,15.199999809265137,9.399999618530272,15.15999984741211,,
747,9.020000457763672,14.920000076293944,9.119999885559082,15.18000030517578,,
748,9.039999961853027,14.880000114440918,9.279999732971191,15.039999961853027,,
749,9.140000343322754,15.15999984741211,9.34000015258789,15.260000228881836,,
750,9.119999885559082,15.260000228881836,9.34000015258789,15.140000343322754,,
751,8.800000190734863,15.15999984741211,9.300000190734863,15.100000381469728,,
752,9.079999923706056,15.039999961853027,9.300000190734863,15.199999809265137,,
753,8.859999656677246,14.619999885559082,9.34000015258789,15.18000030517578,,
754,8.899999618530273,14.4399995803833,9.380000114440918,15.220000267028809,,
755,8.9399995803833,14.899999618530272,9.34000015258789,15.0600004196167,,
756,9.140000343322754,14.84000015258789,9.31999969482422,15.399999618530272,,
757,8.960000038146973,15.220000267028809,9.34000015258789,15.279999732971191,,
758,9.0,15.460000038146973,9.18000030517578,15.119999885559082,,
759,9.0,15.18000030517578,9.119999885559082,15.18000030517578,,
760,9.039999961853027,14.640000343322754,9.020000457763672,15.31999969482422,,
761,9.020000457763672,14.739999771118164,8.960000038146973,15.239999771118164,,
762,9.039999961853027,15.039999961853027,9.31999969482422,15.34000015258789,,
763,8.960000038146973,15.220000267028809,9.279999732971191,15.359999656677246,,
764,9.0,15.239999771118164,9.239999771118164,15.300000190734863,,
765,9.020000457763672,14.760000228881836,9.100000381469728,15.279999732971191,,
766,9.039999961853027,14.479999542236328,9.239999771118164,15.119999885559082,,
767,8.960000038146973,15.800000190734863,9.119999885559082,15.260000228881836,,
768,8.979999542236328,15.140000343322754,9.239999771118164,15.359999656677246,,
769,9.140000343322754,14.779999732971191,9.239999771118164,15.31999969482422,,
770,8.84000015258789,14.920000076293944,9.31999969482422,15.279999732971191,,
771,8.880000114440918,15.119999885559082,9.300000190734863,15.359999656677246,,
772,9.039999961853027,15.239999771118164,9.100000381469728,15.260000228881836,,
773,9.079999923706056,15.079999923706056,9.279999732971191,15.279999732971191,,
774,9.100000381469728,15.119999885559082,9.079999923706056,15.420000076293944,,
775,9.0600004196167,14.920000076293944,9.020000457763672,15.539999961853027,,
776,8.9399995803833,14.899999618530272,8.979999542236328,15.460000038146973,,
777,9.020000457763672,15.520000457763672,8.9399995803833,15.460000038146973,,
778,8.899999618530273,15.5600004196167,8.920000076293945,15.359999656677246,,
779,8.9399995803833,15.279999732971191,8.960000038146973,15.399999618530272,,
780,8.960000038146973,15.479999542236328,8.920000076293945,15.359999656677246,,
781,9.0,15.140000343322754,9.119999885559082,15.479999542236328,,
782,9.079999923706056,15.4399995803833,9.0600004196167,15.399999618530272,,
783,9.119999885559082,14.920000076293944,9.199999809265137,15.300000190734863,,
784,9.0600004196167,15.399999618530272,8.9399995803833,15.279999732971191,,
785,9.140000343322754,15.300000190734863,9.0,15.34000015258789,,
786,9.039999961853027,15.0600004196167,9.119999885559082,15.34000015258789,,
787,8.979999542236328,15.239999771118164,8.9399995803833,15.31999969482422,,
788,9.020000457763672,15.239999771118164,9.020000457763672,15.279999732971191,,
789,8.960000038146973,15.34000015258789,9.039999961853027,15.34000015258789,,
790,9.0,15.5,8.979999542236328,15.359999656677246,,
791,9.020000457763672,15.18000030517578,8.960000038146973,15.359999656677246,,
792,9.020000457763672,15.140000343322754,8.899999618530273,15.359999656677246,,
793,9.020000457763672,15.220000267028809,8.9399995803833,15.34000015258789,,
794,8.800000190734863,15.300000190734863,8.9399995803833,15.380000114440918,,
795,8.9399995803833,15.359999656677246,8.9399995803833,15.279999732971191,,
796,9.0,15.520000457763672,8.920000076293945,15.359999656677246,,
797,9.100000381469728,15.220000267028809,8.880000114440918,15.460000038146973,,
798,8.9399995803833,15.0600004196167,8.859999656677246,15.380000114440918,,
799,8.979999542236328,15.359999656677246,9.020000457763672,15.68000030517578,,
800,8.960000038146973,15.520000457763672,9.199999809265137,15.520000457763672,,
801,8.880000114440918,15.380000114440918,9.100000381469728,15.479999542236328,,
802,9.0,15.479999542236328,9.079999923706056,15.600000381469728,,
803,8.800000190734863,15.119999885559082,9.039999961853027,15.619999885559082,,
804,8.760000228881836,15.239999771118164,9.0,15.65999984741211,,
805,8.920000076293945,15.380000114440918,9.34000015258789,15.539999961853027,,
806,8.960000038146973,15.479999542236328,9.359999656677246,15.619999885559082,,
807,8.960000038146973,15.300000190734863,9.300000190734863,15.640000343322754,,
808,8.920000076293945,15.760000228881836,9.0,15.699999809265137,,
809,8.859999656677246,15.380000114440918,9.359999656677246,15.739999771118164,,
810,8.859999656677246,15.359999656677246,9.31999969482422,15.579999923706056,,
811,8.899999618530273,15.4399995803833,9.359999656677246,15.5600004196167,,
812,8.84000015258789,15.65999984741211,9.460000038146973,15.5,,
813,8.819999694824219,15.18000030517578,9.279999732971191,15.5,,
814,8.880000114440918,15.199999809265137,9.039999961853027,15.359999656677246,,
815,8.859999656677246,15.140000343322754,9.279999732971191,15.5600004196167,,
816,8.9399995803833,15.239999771118164,9.279999732971191,15.640000343322754,,
817,8.920000076293945,15.220000267028809,9.300000190734863,15.4399995803833,,
818,9.020000457763672,15.140000343322754,9.300000190734863,15.460000038146973,,
819,8.979999542236328,15.0600004196167,9.239999771118164,15.81999969482422,,
820,8.760000228881836,15.119999885559082,9.260000228881836,15.5,,
821,8.960000038146973,15.460000038146973,9.279999732971191,15.5600004196167,,
822,8.819999694824219,15.220000267028809,9.31999969482422,15.65999984741211,,
823,9.020000457763672,14.899999618530272,9.359999656677246,15.720000267028809,,
824,8.960000038146973,15.31999969482422,9.260000228881836,15.539999961853027,,
825,8.920000076293945,15.380000114440918,9.31999969482422,15.199999809265137,,
826,8.920000076293945,14.920000076293944,9.34000015258789,15.31999969482422,,
827,8.920000076293945,14.880000114440918,9.119999885559082,15.479999542236328,,
828,8.9399995803833,15.079999923706056,9.100000381469728,15.760000228881836,,
829,8.9399995803833,15.199999809265137,9.039999961853027,15.260000228881836,,
830,9.0,15.199999809265137,9.0,15.34000015258789,,
831,9.039999961853027,15.18000030517578,8.9399995803833,15.18000030517578,,
832,8.9399995803833,15.140000343322754,8.960000038146973,15.260000228881836,,
833,9.039999961853027,15.220000267028809,9.119999885559082,15.619999885559082,,
834,8.979999542236328,15.239999771118164,8.920000076293945,15.579999923706056,,
835,9.0,15.260000228881836,9.0,15.4399995803833,,
836,8.880000114440918,15.140000343322754,9.0600004196167,15.579999923706056,,
837,8.960000038146973,15.220000267028809,9.0,15.619999885559082,,
838,8.9399995803833,15.15999984741211,9.0,15.579999923706056,,
839,9.0,15.119999885559082,8.960000038146973,15.5,,
840,8.920000076293945,14.800000190734863,9.020000457763672,15.539999961853027,,
841,8.84000015258789,14.699999809265137,9.0,15.920000076293944,,
842,8.9399995803833,15.079999923706056,9.140000343322754,15.65999984741211,,
843,8.920000076293945,14.960000038146973,9.220000267028809,15.239999771118164,,
844,8.880000114440918,15.199999809265137,9.119999885559082,15.5600004196167,,
845,8.920000076293945,15.260000228881836,9.100000381469728,15.619999885559082,,
846,8.9399995803833,15.199999809265137,9.300000190734863,15.81999969482422,,
847,8.899999618530273,15.039999961853027,9.140000343322754,15.699999809265137,,
848,8.899999618530273,14.420000076293944,9.140000343322754,15.579999923706056,,
849,8.899999618530273,14.979999542236328,9.039999961853027,15.5600004196167,,
850,8.880000114440918,14.739999771118164,8.979999542236328,15.65999984741211,,
851,8.880000114440918,14.720000267028809,9.15999984741211,15.579999923706056,,
852,9.0,14.9399995803833,9.020000457763672,15.65999984741211,,
853,8.960000038146973,16.299999237060547,9.0,15.619999885559082,,
854,8.920000076293945,15.140000343322754,8.800000190734863,15.5600004196167,,
855,8.84000015258789,14.81999969482422,8.84000015258789,15.520000457763672,,
856,8.84000015258789,14.899999618530272,9.220000267028809,15.460000038146973,,
857,8.859999656677246,14.859999656677246,8.960000038146973,15.5600004196167,,
858,8.960000038146973,15.039999961853027,8.960000038146973,16.18000030517578,,
859,8.920000076293945,15.279999732971191,9.0,15.65999984741211,,
860,9.0,15.399999618530272,9.039999961853027,15.640000343322754,,
861,9.039999961853027,15.0,8.979999542236328,15.640000343322754,,
862,9.0,14.899999618530272,9.079999923706056,15.65999984741211,,
863,9.0,15.140000343322754,9.100000381469728,15.539999961853027,,
864,9.039999961853027,15.279999732971191,9.100000381469728,15.579999923706056,,
865,9.020000457763672,15.539999961853027,9.020000457763672,15.300000190734863,,
866,9.039999961853027,15.600000381469728,9.119999885559082,15.31999969482422,,
867,8.979999542236328,15.619999885559082,9.079999923706056,15.300000190734863,,
868,8.9399995803833,15.81999969482422,9.0,15.380000114440918,,
869,8.979999542236328,15.739999771118164,9.079999923706056,15.720000267028809,,
870,8.979999542236328,15.579999923706056,9.100000381469728,15.420000076293944,,
871,8.979999542236328,15.420000076293944,9.119999885559082,15.4399995803833,,
872,9.039999961853027,15.479999542236328,8.880000114440918,15.5,,
873,9.0,15.579999923706056,8.979999542236328,15.420000076293944,,
874,8.979999542236328,15.539999961853027,8.920000076293945,15.399999618530272,,
875,8.979999542236328,15.34000015258789,9.020000457763672,15.31999969482422,,
876,8.960000038146973,15.18000030517578,9.020000457763672,15.380000114440918,,
877,9.0,14.960000038146973,8.960000038146973,15.420000076293944,,
878,8.9399995803833,15.720000267028809,8.979999542236328,15.4399995803833,,
879,8.960000038146973,15.380000114440918,9.119999885559082,15.5,,
880,8.960000038146973,15.140000343322754,9.119999885559082,15.460000038146973,,
881,8.9399995803833,15.15999984741211,9.039999961853027,15.5,,
882,9.0600004196167,15.119999885559082,9.020000457763672,15.520000457763672,,
883,8.920000076293945,15.260000228881836,9.199999809265137,15.619999885559082,,
884,8.920000076293945,15.359999656677246,9.020000457763672,15.579999923706056,,
885,8.9399995803833,15.399999618530272,8.979999542236328,15.520000457763672,,
886,9.0,15.399999618530272,9.020000457763672,15.460000038146973,,
887,8.960000038146973,15.479999542236328,9.260000228881836,15.579999923706056,,
888,9.039999961853027,15.81999969482422,9.199999809265137,15.460000038146973,,
889,8.9399995803833,15.65999984741211,9.0,15.460000038146973,,
890,8.979999542236328,15.720000267028809,9.18000030517578,15.520000457763672,,
891,8.979999542236328,15.81999969482422,9.220000267028809,15.5,,
892,8.920000076293945,,8.960000038146973,15.479999542236328,,
893,8.880000114440918,15.399999618530272,9.220000267028809,15.5600004196167,,
894,9.0,15.380000114440918,9.260000228881836,15.4399995803833,,
895,8.84000015258789,14.81999969482422,9.199999809265137,15.5,,
896,8.819999694824219,15.079999923706056,9.220000267028809,15.539999961853027,,
897,8.880000114440918,15.079999923706056,9.039999961853027,15.5,,
898,8.859999656677246,15.5,9.279999732971191,15.539999961853027,,
899,8.920000076293945,15.4399995803833,9.31999969482422,15.699999809265137,,
900,8.979999542236328,15.600000381469728,9.220000267028809,15.479999542236328,,
901,8.920000076293945,15.619999885559082,9.020000457763672,15.520000457763672,,
902,8.920000076293945,15.5600004196167,9.039999961853027,15.479999542236328,,
903,8.859999656677246,15.239999771118164,9.100000381469728,15.640000343322754,,
904,8.779999732971191,14.739999771118164,9.18000030517578,15.520000457763672,,
905,8.880000114440918,14.920000076293944,9.15999984741211,15.539999961853027,,
906,9.079999923706056,,9.279999732971191,15.420000076293944,,
907,9.0,14.81999969482422,9.300000190734863,15.460000038146973,,
908,8.920000076293945,15.039999961853027,9.279999732971191,15.420000076293944,,
909,9.0,15.579999923706056,9.34000015258789,15.479999542236328,,
910,9.079999923706056,15.380000114440918,9.239999771118164,15.479999542236328,,
911,9.119999885559082,15.539999961853027,9.31999969482422,15.4399995803833,,
912,9.0600004196167,15.579999923706056,9.119999885559082,15.520000457763672,,
913,9.079999923706056,16.100000381469727,9.140000343322754,15.479999542236328,,
914,9.079999923706056,15.539999961853027,9.100000381469728,15.399999618530272,,
915,8.960000038146973,15.079999923706056,9.079999923706056,15.4399995803833,,
916,9.15999984741211,15.140000343322754,9.0600004196167,15.460000038146973,,
917,8.9399995803833,15.020000457763672,9.0600004196167,15.460000038146973,,
918,8.9399995803833,15.079999923706056,9.31999969482422,15.460000038146973,,
919,9.0,15.5600004196167,9.100000381469728,15.359999656677246,,
920,8.979999542236328,15.0600004196167,9.039999961853027,15.4399995803833,,
921,9.079999923706056,15.640000343322754,9.220000267028809,15.5,,
922,9.079999923706056,15.720000267028809,9.100000381469728,15.600000381469728,,
923,8.960000038146973,15.68000030517578,9.079999923706056,15.520000457763672,,
924,8.9399995803833,15.600000381469728,9.079999923706056,15.720000267028809,,
925,8.920000076293945,15.619999885559082,9.279999732971191,15.65999984741211,,
926,8.9399995803833,15.460000038146973,9.34000015258789,15.920000076293944,,
927,9.0,15.4399995803833,9.399999618530272,15.720000267028809,,
928,8.960000038146973,15.359999656677246,9.4399995803833,16.239999771118164,,
929,9.0,15.31999969482422,9.359999656677246,16.040000915527344,,
930,9.020000457763672,15.31999969482422,9.020000457763672,15.880000114440918,,
931,9.0,15.039999961853027,9.039999961853027,15.699999809265137,,
932,9.0,14.739999771118164,9.039999961853027,15.68000030517578,,
933,9.0,15.119999885559082,9.279999732971191,15.600000381469728,,
934,9.039999961853027,15.279999732971191,9.119999885559082,15.739999771118164,,
935,9.020000457763672,15.460000038146973,9.15999984741211,15.68000030517578,,
936,9.0,15.279999732971191,9.359999656677246,15.619999885559082,,
937,8.960000038146973,15.4399995803833,9.239999771118164,15.720000267028809,,
938,8.960000038146973,15.4399995803833,9.260000228881836,15.9399995803833,,
939,9.079999923706056,14.600000381469728,9.239999771118164,15.579999923706056,,
940,8.960000038146973,14.239999771118164,9.0,15.640000343322754,,
941,8.960000038146973,14.460000038146973,9.34000015258789,15.5600004196167,,
942,8.920000076293945,15.220000267028809,9.140000343322754,15.640000343322754,,
943,8.920000076293945,14.800000190734863,9.279999732971191,15.619999885559082,,
944,8.960000038146973,14.760000228881836,9.279999732971191,15.68000030517578,,
945,8.920000076293945,14.859999656677246,9.100000381469728,15.65999984741211,,
946,8.960000038146973,14.800000190734863,9.31999969482422,15.720000267028809,,
947,9.079999923706056,14.800000190734863,9.279999732971191,15.699999809265137,,
948,9.020000457763672,14.880000114440918,9.260000228881836,15.739999771118164,,
949,9.079999923706056,14.920000076293944,9.199999809265137,15.619999885559082,,
950,9.020000457763672,15.039999961853027,9.199999809265137,15.640000343322754,,
951,8.920000076293945,15.18000030517578,9.199999809265137,15.68000030517578,,
952,8.960000038146973,15.039999961853027,9.31999969482422,15.800000190734863,,
953,9.0,15.079999923706056,9.359999656677246,15.720000267028809,,
954,8.800000190734863,15.239999771118164,9.34000015258789,15.84000015258789,,
955,8.84000015258789,15.199999809265137,9.300000190734863,15.65999984741211,,
956,8.899999618530273,15.239999771118164,9.199999809265137,15.600000381469728,,
957,8.899999618530273,15.260000228881836,9.31999969482422,15.4399995803833,,
958,8.880000114440918,15.220000267028809,9.100000381469728,15.479999542236328,,
959,8.9399995803833,15.140000343322754,9.15999984741211,15.520000457763672,,
960,8.960000038146973,15.199999809265137,9.18000030517578,15.65999984741211,,
961,9.039999961853027,15.359999656677246,9.260000228881836,15.34000015258789,,
962,9.020000457763672,15.220000267028809,9.279999732971191,15.720000267028809,,
963,9.0,15.260000228881836,9.140000343322754,15.5600004196167,,
964,8.979999542236328,15.380000114440918,9.279999732971191,15.5,,
965,9.0,15.100000381469728,9.260000228881836,15.539999961853027,,
966,9.0,15.020000457763672,9.039999961853027,15.65999984741211,,
967,9.0,15.079999923706056,9.0600004196167,15.5600004196167,,
968,9.0,15.18000030517578,9.18000030517578,15.5,,
969,8.9399995803833,15.140000343322754,9.100000381469728,15.520000457763672,,
970,9.0600004196167,15.18000030517578,9.039999961853027,15.579999923706056,,
971,8.9399995803833,15.239999771118164,8.960000038146973,15.720000267028809,,
972,9.0,15.079999923706056,9.279999732971191,15.5600004196167,,
973,9.020000457763672,15.119999885559082,9.119999885559082,15.399999618530272,,
974,9.020000457763672,15.199999809265137,9.119999885559082,15.359999656677246,,
975,9.0,14.859999656677246,9.119999885559082,15.359999656677246,,
976,8.920000076293945,14.739999771118164,9.300000190734863,15.65999984741211,,
977,8.84000015258789,15.239999771118164,9.4399995803833,15.479999542236328,,
978,8.779999732971191,15.140000343322754,9.34000015258789,15.399999618530272,,
979,9.0,15.239999771118164,9.0600004196167,15.579999923706056,,
980,8.979999542236328,15.18000030517578,9.039999961853027,15.68000030517578,,
981,9.0,15.18000030517578,8.979999542236328,15.5,,
982,9.039999961853027,15.079999923706056,9.0600004196167,15.520000457763672,,
983,9.0,15.119999885559082,9.119999885559082,15.5600004196167,,
984,9.0,15.100000381469728,9.260000228881836,15.779999732971191,,
985,9.079999923706056,15.34000015258789,9.279999732971191,15.779999732971191,,
986,9.020000457763672,15.300000190734863,9.4399995803833,15.739999771118164,,
987,9.0600004196167,15.199999809265137,9.399999618530272,15.720000267028809,,
988,8.9399995803833,14.800000190734863,9.34000015258789,15.760000228881836,,
989,9.0,14.739999771118164,9.380000114440918,15.899999618530272,,
990,9.020000457763672,15.0600004196167,9.479999542236328,15.65999984741211,,
991,9.039999961853027,15.119999885559082,9.31999969482422,15.800000190734863,,
992,9.0,15.239999771118164,9.359999656677246,15.600000381469728,,
993,9.079999923706056,15.119999885559082,9.279999732971191,15.640000343322754,,
994,9.079999923706056,15.300000190734863,9.420000076293944,15.699999809265137,,
995,9.100000381469728,15.31999969482422,9.279999732971191,15.539999961853027,,
996,9.079999923706056,15.640000343322754,9.220000267028809,15.520000457763672,,
997,9.0,15.300000190734863,8.9399995803833,15.739999771118164,,
998,8.960000038146973,15.260000228881836,9.119999885559082,15.579999923706056,,
999,8.880000114440918,15.520000457763672,9.020000457763672,15.539999961853027,,
1000,8.859999656677246,15.859999656677246,9.100000381469728,15.520000457763672,,
1001,8.899999618530273,15.4399995803833,8.84000015258789,15.520000457763672,,
1002,9.0,15.279999732971191,8.899999618530273,15.5600004196167,,
1003,8.979999542236328,14.960000038146973,9.079999923706056,15.460000038146973,,
1004,9.0600004196167,14.5600004196167,9.0600004196167,15.5,,
1005,9.020000457763672,15.0,8.960000038146973,15.5600004196167,,
1006,9.0,15.100000381469728,9.239999771118164,15.479999542236328,,
1007,8.960000038146973,15.079999923706056,9.020000457763672,15.359999656677246,,
1008,9.039999961853027,14.960000038146973,9.079999923706056,15.359999656677246,,
1009,9.0,15.079999923706056,8.960000038146973,15.5,,
1010,9.020000457763672,15.4399995803833,9.119999885559082,15.579999923706056,,
1011,9.0,15.279999732971191,9.300000190734863,15.619999885559082,,
1012,8.899999618530273,15.420000076293944,9.479999542236328,15.5,,
1013,8.880000114440918,14.739999771118164,9.039999961853027,15.619999885559082,,
1014,8.859999656677246,14.720000267028809,9.220000267028809,15.760000228881836,,
1015,8.880000114440918,14.600000381469728,9.18000030517578,15.81999969482422,,
1016,8.84000015258789,14.34000015258789,9.15999984741211,15.579999923706056,,
1017,9.0,14.65999984741211,9.239999771118164,15.68000030517578,,
1018,8.979999542236328,15.0600004196167,9.18000030517578,15.760000228881836,,
1019,8.899999618530273,14.920000076293944,9.220000267028809,15.5,,
1020,8.920000076293945,15.100000381469728,9.18000030517578,15.5,,
1021,8.920000076293945,14.859999656677246,9.100000381469728,15.5600004196167,,
1022,8.819999694824219,15.199999809265137,9.15999984741211,15.5600004196167,,
1023,8.859999656677246,15.18000030517578,9.15999984741211,15.579999923706056,,
1024,8.84000015258789,15.31999969482422,9.220000267028809,15.460000038146973,,
1025,8.880000114440918,15.140000343322754,9.0600004196167,15.4399995803833,,
1026,8.899999618530273,15.119999885559082,9.399999618530272,15.520000457763672,,
1027,8.859999656677246,15.760000228881836,8.819999694824219,15.4399995803833,,
1028,8.920000076293945,15.260000228881836,9.020000457763672,15.520000457763672,,
1029,8.920000076293945,15.220000267028809,9.119999885559082,15.520000457763672,,
1030,8.960000038146973,15.34000015258789,9.020000457763672,15.5600004196167,,
1031,8.960000038146973,15.34000015258789,9.239999771118164,15.399999618530272,,
1032,8.920000076293945,15.199999809265137,9.18000030517578,15.539999961853027,,
1033,8.920000076293945,15.15999984741211,9.279999732971191,15.640000343322754,,
1034,8.9399995803833,15.119999885559082,9.359999656677246,15.720000267028809,,
1035,8.960000038146973,15.18000030517578,9.220000267028809,15.5,,
1036,8.9399995803833,15.0600004196167,9.020000457763672,15.460000038146973,,
1037,8.920000076293945,15.0600004196167,9.0,15.539999961853027,,
1038,8.920000076293945,15.0,8.979999542236328,15.600000381469728,,
1039,8.859999656677246,15.5600004196167,9.279999732971191,15.5600004196167,,
1040,8.899999618530273,14.84000015258789,9.140000343322754,15.5600004196167,,
1041,8.84000015258789,15.020000457763672,9.199999809265137,15.5600004196167,,
1042,8.819999694824219,15.039999961853027,9.199999809265137,15.579999923706056,,
1043,8.84000015258789,14.899999618530272,9.279999732971191,15.520000457763672,,
1044,8.760000228881836,14.800000190734863,9.31999969482422,15.539999961853027,,
1045,8.779999732971191,14.640000343322754,9.0,15.520000457763672,,
1046,8.739999771118164,14.880000114440918,9.020000457763672,15.600000381469728,,
1047,8.760000228881836,14.579999923706056,9.140000343322754,15.640000343322754,,
1048,8.84000015258789,15.199999809265137,9.119999885559082,15.68000030517578,,
1049,8.859999656677246,15.199999809265137,9.34000015258789,15.479999542236328,,
1050,8.760000228881836,15.100000381469728,9.279999732971191,15.520000457763672,,
1051,8.760000228881836,15.079999923706056,9.100000381469728,15.5600004196167,,
1052,8.800000190734863,14.960000038146973,9.039999961853027,15.579999923706056,,
1053,8.859999656677246,15.0,9.100000381469728,15.539999961853027,,
1054,8.84000015258789,14.960000038146973,9.100000381469728,15.5600004196167,,
1055,8.859999656677246,15.039999961853027,9.100000381469728,15.720000267028809,,
1056,8.84000015258789,15.020000457763672,9.140000343322754,15.520000457763672,,
1057,8.84000015258789,15.039999961853027,8.960000038146973,15.5600004196167,,
1058,8.899999618530273,15.300000190734863,8.960000038146973,15.600000381469728,,
1059,8.859999656677246,15.31999969482422,9.0,15.5600004196167,,
1060,8.920000076293945,15.380000114440918,8.979999542236328,15.600000381469728,,
1061,8.920000076293945,15.18000030517578,8.960000038146973,15.600000381469728,,
1062,9.140000343322754,15.079999923706056,9.0,15.539999961853027,,
1063,8.779999732971191,14.920000076293944,9.140000343322754,15.579999923706056,,
1064,8.819999694824219,15.260000228881836,9.239999771118164,15.640000343322754,,
1065,8.880000114440918,15.239999771118164,9.260000228881836,15.539999961853027,,
1066,8.9399995803833,15.140000343322754,9.079999923706056,15.5600004196167,,
1067,8.880000114440918,15.079999923706056,9.34000015258789,15.600000381469728,,
1068,8.880000114440918,15.279999732971191,9.079999923706056,15.699999809265137,,
1069,8.859999656677246,15.380000114440918,9.100000381469728,15.579999923706056,,
1070,8.899999618530273,15.460000038146973,9.100000381469728,15.5,,
1071,8.9399995803833,15.0,9.220000267028809,15.5,,
1072,9.0,15.199999809265137,9.239999771118164,15.460000038146973,,
1073,8.859999656677246,15.199999809265137,9.260000228881836,15.460000038146973,,
1074,8.880000114440918,15.279999732971191,9.0600004196167,15.460000038146973,,
1075,8.880000114440918,15.119999885559082,9.460000038146973,15.460000038146973,,
1076,8.84000015258789,15.119999885559082,9.119999885559082,15.479999542236328,,
1077,8.859999656677246,15.140000343322754,9.079999923706056,15.5,,
1078,8.899999618530273,15.18000030517578,9.260000228881836,15.5,,
1079,8.9399995803833,15.18000030517578,9.31999969482422,15.399999618530272,,
1080,8.960000038146973,15.18000030517578,9.359999656677246,15.5600004196167,,
1081,8.859999656677246,15.239999771118164,9.359999656677246,15.479999542236328,,
1082,8.819999694824219,15.31999969482422,9.18000030517578,15.520000457763672,,
1083,8.9399995803833,15.020000457763672,9.18000030517578,15.5,,
1084,8.880000114440918,15.0,9.100000381469728,15.399999618530272,,
1085,8.880000114440918,15.079999923706056,9.380000114440918,15.34000015258789,,
1086,8.920000076293945,15.079999923706056,9.15999984741211,15.4399995803833,,
1087,8.960000038146973,15.15999984741211,9.239999771118164,15.5,,
1088,8.899999618530273,15.18000030517578,9.239999771118164,15.420000076293944,,
1089,8.9399995803833,15.399999618530272,9.239999771118164,15.520000457763672,,
1090,8.880000114440918,15.18000030517578,9.079999923706056,15.5600004196167,,
1091,8.859999656677246,15.18000030517578,8.960000038146973,15.619999885559082,,
1092,8.899999618530273,14.859999656677246,8.979999542236328,15.539999961853027,,
1093,8.84000015258789,15.039999961853027,9.079999923706056,15.5,,
1094,8.960000038146973,15.300000190734863,9.020000457763672,15.420000076293944,,
1095,9.0,15.15999984741211,8.880000114440918,15.520000457763672,,
1096,9.0,15.100000381469728,9.15999984741211,15.399999618530272,,
1097,8.9399995803833,15.0,9.15999984741211,15.5,,
1098,8.960000038146973,15.079999923706056,9.039999961853027,15.640000343322754,,
1099,9.0,15.079999923706056,9.100000381469728,15.65999984741211,,
1100,8.9399995803833,15.079999923706056,9.100000381469728,15.640000343322754,,
1101,8.960000038146973,15.039999961853027,9.199999809265137,15.4399995803833,,
1102,8.859999656677246,15.020000457763672,9.199999809265137,15.579999923706056,,
1103,8.920000076293945,15.579999923706056,9.239999771118164,15.479999542236328,,
1104,8.899999618530273,15.199999809265137,9.15999984741211,15.520000457763672,,
1105,8.84000015258789,15.079999923706056,9.140000343322754,15.579999923706056,,
1106,8.880000114440918,14.960000038146973,9.260000228881836,15.31999969482422,,
1107,8.920000076293945,14.899999618530272,9.220000267028809,15.199999809265137,,
1108,8.960000038146973,14.960000038146973,9.239999771118164,15.399999618530272,,
1109,8.960000038146973,15.220000267028809,9.260000228881836,15.460000038146973,,
1110,8.800000190734863,15.239999771118164,9.260000228881836,15.420000076293944,,
1111,8.819999694824219,15.15999984741211,9.31999969482422,15.479999542236328,,
1112,8.960000038146973,15.079999923706056,9.380000114440918,15.5,,
1113,8.920000076293945,15.079999923706056,9.31999969482422,15.699999809265137,,
1114,8.9399995803833,15.0600004196167,9.239999771118164,15.5600004196167,,
1115,8.920000076293945,15.020000457763672,9.119999885559082,15.279999732971191,,
1116,8.899999618530273,15.039999961853027,9.140000343322754,15.65999984741211,,
1117,8.859999656677246,14.9399995803833,9.34000015258789,15.579999923706056,,
1118,8.859999656677246,14.960000038146973,9.079999923706056,15.619999885559082,,
1119,8.960000038146973,14.920000076293944,9.34000015258789,15.520000457763672,,
1120,8.819999694824219,14.859999656677246,9.100000381469728,15.4399995803833,,
1121,8.859999656677246,14.760000228881836,9.31999969482422,15.539999961853027,,
1122,8.859999656677246,14.760000228881836,9.140000343322754,15.68000030517578,,
1123,8.819999694824219,14.779999732971191,9.31999969482422,15.68000030517578,,
1124,8.899999618530273,14.920000076293944,9.260000228881836,15.619999885559082,,
1125,8.880000114440918,14.9399995803833,9.260000228881836,15.619999885559082,,
1126,8.880000114440918,14.9399995803833,9.31999969482422,15.539999961853027,,
1127,8.920000076293945,15.020000457763672,9.31999969482422,15.5600004196167,,
1128,8.880000114440918,15.0,9.34000015258789,15.5,,
1129,8.920000076293945,14.899999618530272,9.220000267028809,15.5600004196167,,
1130,8.960000038146973,15.239999771118164,9.279999732971191,15.539999961853027,,
1131,8.960000038146973,15.15999984741211,9.239999771118164,15.520000457763672,,
1132,8.960000038146973,15.140000343322754,9.279999732971191,15.5600004196167,,
1133,8.920000076293945,15.100000381469728,9.300000190734863,15.460000038146973,,
1134,8.979999542236328,14.979999542236328,9.300000190734863,15.520000457763672,,
1135,8.880000114440918,14.960000038146973,9.079999923706056,15.600000381469728,,
1136,8.920000076293945,14.979999542236328,9.239999771118164,15.579999923706056,,
1137,8.920000076293945,15.0,9.260000228881836,15.420000076293944,,
1138,8.880000114440918,15.0,9.31999969482422,15.479999542236328,,
1139,8.84000015258789,15.15999984741211,9.279999732971191,15.619999885559082,,
1140,8.819999694824219,15.0600004196167,9.31999969482422,15.68000030517578,,
1141,8.800000190734863,15.020000457763672,9.399999618530272,15.520000457763672,,
1142,8.84000015258789,15.140000343322754,9.380000114440918,15.479999542236328,,
1143,8.880000114440918,15.18000030517578,9.31999969482422,15.5600004196167,,
1144,8.899999618530273,15.34000015258789,9.399999618530272,15.520000457763672,,
1145,8.84000015258789,15.260000228881836,9.380000114440918,15.359999656677246,,
1146,8.859999656677246,14.81999969482422,9.31999969482422,15.460000038146973,,
1147,8.920000076293945,15.039999961853027,9.34000015258789,15.5,,
1148,9.079999923706056,14.960000038146973,9.479999542236328,15.260000228881836,,
1149,9.199999809265137,15.0600004196167,9.15999984741211,15.31999969482422,,
1150,8.960000038146973,15.039999961853027,9.220000267028809,15.300000190734863,,
1151,9.0,15.0600004196167,9.300000190734863,15.359999656677246,,
1152,8.899999618530273,14.979999542236328,9.18000030517578,15.399999618530272,,
1153,8.899999618530273,15.079999923706056,9.119999885559082,15.399999618530272,,
1154,8.880000114440918,15.100000381469728,9.15999984741211,15.300000190734863,,
1155,9.300000190734863,15.020000457763672,9.31999969482422,15.399999618530272,,
1156,9.31999969482422,14.880000114440918,9.039999961853027,15.5600004196167,,
1157,8.960000038146973,15.15999984741211,9.31999969482422,15.359999656677246,,
1158,8.880000114440918,14.84000015258789,9.039999961853027,15.34000015258789,,
1159,9.100000381469728,14.859999656677246,9.020000457763672,15.4399995803833,,
1160,8.880000114440918,14.399999618530272,9.279999732971191,15.520000457763672,,
1161,8.680000305175781,14.119999885559082,9.31999969482422,15.579999923706056,,
1162,8.84000015258789,13.0,9.31999969482422,15.520000457763672,,
1163,8.779999732971191,14.9399995803833,9.279999732971191,15.520000457763672,,
1164,8.819999694824219,14.9399995803833,9.399999618530272,15.619999885559082,,
1165,8.84000015258789,14.460000038146973,9.34000015258789,15.65999984741211,,
1166,8.84000015258789,14.739999771118164,9.31999969482422,15.460000038146973,,
1167,8.899999618530273,14.960000038146973,9.0600004196167,15.479999542236328,,
1168,8.880000114440918,14.899999618530272,8.920000076293945,15.619999885559082,,
1169,8.819999694824219,15.0600004196167,8.880000114440918,15.420000076293944,,
1170,8.779999732971191,14.880000114440918,9.079999923706056,15.479999542236328,,
1171,8.84000015258789,15.119999885559082,9.399999618530272,15.399999618530272,,
1172,8.84000015258789,15.119999885559082,9.399999618530272,15.420000076293944,,
1173,8.800000190734863,15.239999771118164,9.039999961853027,15.520000457763672,,
1174,8.84000015258789,15.199999809265137,9.140000343322754,15.579999923706056,,
1175,8.800000190734863,14.979999542236328,9.0600004196167,15.399999618530272,,
1176,8.84000015258789,15.100000381469728,9.119999885559082,15.539999961853027,,
1177,8.819999694824219,15.020000457763672,9.199999809265137,15.5600004196167,,
1178,8.819999694824219,15.039999961853027,9.079999923706056,15.619999885559082,,
1179,8.800000190734863,15.100000381469728,9.0,15.479999542236328,,
1180,8.819999694824219,15.220000267028809,8.920000076293945,15.34000015258789,,
1181,8.84000015258789,15.020000457763672,9.31999969482422,15.359999656677246,,
1182,8.800000190734863,14.68000030517578,9.34000015258789,15.4399995803833,,
1183,8.859999656677246,14.84000015258789,9.31999969482422,15.579999923706056,,
1184,8.819999694824219,15.0600004196167,9.380000114440918,15.5,,
1185,8.880000114440918,15.5600004196167,9.239999771118164,15.5,,
1186,8.9399995803833,15.65999984741211,9.199999809265137,15.520000457763672,,
1187,8.920000076293945,15.359999656677246,8.920000076293945,15.539999961853027,,
1188,8.899999618530273,15.399999618530272,9.399999618530272,15.5600004196167,,
1189,8.819999694824219,15.279999732971191,9.34000015258789,15.619999885559082,,
1190,8.84000015258789,15.199999809265137,9.100000381469728,15.640000343322754,,
1191,8.859999656677246,14.960000038146973,9.100000381469728,15.539999961853027,,
1192,9.0,15.199999809265137,9.279999732971191,15.460000038146973,,
1193,8.880000114440918,15.079999923706056,8.960000038146973,15.5600004196167,,
1194,8.819999694824219,15.020000457763672,9.34000015258789,15.520000457763672,,
1195,8.779999732971191,15.0,9.34000015258789,15.539999961853027,,
1196,8.760000228881836,14.960000038146973,9.359999656677246,15.479999542236328,,
1197,8.680000305175781,14.640000343322754,9.020000457763672,15.4399995803833,,
1198,8.65999984741211,14.920000076293944,9.239999771118164,15.4399995803833,,
1199,8.699999809265137,14.859999656677246,9.359999656677246,15.420000076293944,,
1200,8.760000228881836,14.920000076293944,9.4399995803833,15.4399995803833,,
1201,8.859999656677246,14.960000038146973,9.359999656677246,15.4399995803833,,
1202,8.720000267028809,14.9399995803833,9.31999969482422,15.420000076293944,,
1203,8.720000267028809,15.079999923706056,9.260000228881836,15.4399995803833,,
1204,8.760000228881836,15.239999771118164,9.31999969482422,15.619999885559082,,
1205,8.760000228881836,15.0600004196167,9.31999969482422,15.4399995803833,,
1206,8.800000190734863,15.020000457763672,9.380000114440918,15.479999542236328,,
1207,8.880000114440918,15.199999809265137,9.34000015258789,15.65999984741211,,
1208,8.899999618530273,15.300000190734863,8.960000038146973,15.720000267028809,,
1209,8.720000267028809,15.300000190734863,9.31999969482422,15.699999809265137,,
1210,8.739999771118164,15.239999771118164,9.100000381469728,15.81999969482422,,
1211,8.84000015258789,15.020000457763672,9.279999732971191,16.079999923706055,,
1212,8.899999618530273,15.079999923706056,9.380000114440918,15.859999656677246,,
1213,9.0,15.0,9.359999656677246,15.880000114440918,,
1214,8.899999618530273,14.9399995803833,9.359999656677246,15.960000038146973,,
1215,8.880000114440918,14.84000015258789,9.380000114440918,16.1200008392334,,
1216,8.779999732971191,14.800000190734863,9.359999656677246,15.760000228881836,,
1217,8.899999618530273,14.760000228881836,9.279999732971191,15.739999771118164,,
1218,8.920000076293945,15.039999961853027,9.039999961853027,15.640000343322754,,
1219,8.920000076293945,14.800000190734863,9.300000190734863,15.539999961853027,,
1220,8.899999618530273,14.84000015258789,9.300000190734863,15.399999618530272,,
1221,8.800000190734863,15.119999885559082,9.239999771118164,15.619999885559082,,
1222,8.800000190734863,14.920000076293944,9.279999732971191,15.68000030517578,,
1223,8.779999732971191,15.020000457763672,9.31999969482422,15.479999542236328,,
1224,8.720000267028809,14.68000030517578,9.279999732971191,15.5600004196167,,
1225,8.899999618530273,14.859999656677246,9.039999961853027,15.65999984741211,,
1226,8.880000114440918,15.020000457763672,9.34000015258789,15.739999771118164,,
1227,8.859999656677246,14.880000114440918,9.380000114440918,15.460000038146973,,
1228,8.84000015258789,15.220000267028809,9.15999984741211,15.34000015258789,,
1229,8.819999694824219,15.460000038146973,9.359999656677246,15.31999969482422,,
1230,8.739999771118164,15.5,9.140000343322754,15.5600004196167,,
1231,8.739999771118164,15.279999732971191,9.279999732971191,15.539999961853027,,
1232,8.800000190734863,15.619999885559082,9.279999732971191,15.279999732971191,,
1233,8.84000015258789,15.0,9.15999984741211,15.380000114440918,,
1234,8.800000190734863,15.020000457763672,9.34000015258789,15.579999923706056,,
1235,8.84000015258789,15.359999656677246,9.359999656677246,15.359999656677246,,
1236,8.859999656677246,15.140000343322754,9.279999732971191,15.300000190734863,,
1237,8.859999656677246,14.960000038146973,9.300000190734863,15.279999732971191,,
1238,8.84000015258789,14.899999618530272,9.34000015258789,15.359999656677246,,
1239,8.899999618530273,14.800000190734863,9.359999656677246,15.300000190734863,,
1240,8.859999656677246,14.880000114440918,9.420000076293944,15.5,,
1241,8.84000015258789,14.9399995803833,9.119999885559082,15.5,,
1242,8.920000076293945,15.100000381469728,9.300000190734863,15.5,,
1243,8.859999656677246,15.18000030517578,9.359999656677246,15.520000457763672,,
1244,8.880000114440918,15.0600004196167,9.520000457763672,15.5,,
1245,8.899999618530273,14.880000114440918,9.5600004196167,15.5,,
1246,8.899999618530273,15.020000457763672,9.359999656677246,15.619999885559082,,
1247,8.9399995803833,15.18000030517578,9.31999969482422,15.460000038146973,,
1248,8.920000076293945,15.079999923706056,9.34000015258789,15.34000015258789,,
1249,8.9399995803833,15.100000381469728,9.119999885559082,15.15999984741211,,
1250,8.720000267028809,15.779999732971191,9.220000267028809,15.460000038146973,,
1251,8.800000190734863,16.0,9.380000114440918,15.65999984741211,,
1252,8.819999694824219,15.979999542236328,9.380000114440918,15.699999809265137,,
1253,8.84000015258789,16.020000457763672,9.31999969482422,15.600000381469728,,
1254,8.819999694824219,15.140000343322754,9.279999732971191,15.640000343322754,,
1255,8.800000190734863,15.100000381469728,9.100000381469728,15.579999923706056,,
1256,8.84000015258789,15.119999885559082,9.31999969482422,15.520000457763672,,
1257,8.800000190734863,14.899999618530272,9.34000015258789,15.420000076293944,,
1258,8.779999732971191,15.0,9.31999969482422,15.420000076293944,,
1259,8.859999656677246,15.119999885559082,9.359999656677246,15.779999732971191,,
1260,8.800000190734863,15.039999961853027,9.399999618530272,15.4399995803833,,
1261,8.859999656677246,15.18000030517578,9.34000015258789,15.479999542236328,,
1262,8.880000114440918,15.079999923706056,9.31999969482422,15.539999961853027,,
1263,8.800000190734863,15.140000343322754,9.399999618530272,15.859999656677246,,
1264,8.84000015258789,15.31999969482422,9.359999656677246,15.619999885559082,,
1265,8.9399995803833,15.100000381469728,9.119999885559082,15.359999656677246,,
1266,9.0,15.4399995803833,9.260000228881836,15.5,,
1267,9.0,15.539999961853027,9.239999771118164,15.600000381469728,,
1268,8.880000114440918,15.380000114440918,8.960000038146973,15.520000457763672,,
1269,8.899999618530273,15.100000381469728,9.260000228881836,15.5600004196167,,
1270,8.920000076293945,15.020000457763672,9.31999969482422,15.520000457763672,,
1271,8.880000114440918,14.880000114440918,9.380000114440918,15.539999961853027,,
1272,8.9399995803833,14.800000190734863,9.31999969482422,15.5600004196167,,
1273,8.899999618530273,14.81999969482422,9.399999618530272,15.5600004196167,,
1274,8.84000015258789,14.899999618530272,9.399999618530272,15.520000457763672,,
1275,9.020000457763672,14.899999618530272,9.34000015258789,15.520000457763672,,
1276,8.800000190734863,14.15999984741211,9.15999984741211,15.479999542236328,,
1277,8.819999694824219,14.359999656677246,9.15999984741211,15.600000381469728,,
1278,8.960000038146973,14.65999984741211,9.279999732971191,15.539999961853027,,
1279,8.859999656677246,15.039999961853027,9.420000076293944,15.539999961853027,,
1280,8.899999618530273,15.18000030517578,9.359999656677246,15.520000457763672,,
1281,9.020000457763672,15.140000343322754,9.31999969482422,15.380000114440918,,
1282,8.9399995803833,15.300000190734863,9.380000114440918,15.460000038146973,,
1283,8.920000076293945,15.260000228881836,9.359999656677246,15.460000038146973,,
1284,8.880000114440918,15.300000190734863,9.4399995803833,15.4399995803833,,
1285,8.84000015258789,15.239999771118164,9.380000114440918,15.380000114440918,,
1286,8.84000015258789,15.18000030517578,9.399999618530272,15.460000038146973,,
1287,8.779999732971191,15.100000381469728,9.31999969482422,15.239999771118164,,
1288,8.800000190734863,15.079999923706056,9.34000015258789,15.479999542236328,,
1289,8.800000190734863,15.260000228881836,9.420000076293944,15.479999542236328,,
1290,8.739999771118164,15.359999656677246,9.420000076293944,15.619999885559082,,
1291,8.760000228881836,15.34000015258789,9.380000114440918,15.460000038146973,,
1292,8.779999732971191,15.260000228881836,9.359999656677246,15.420000076293944,,
1293,9.039999961853027,15.239999771118164,9.34000015258789,15.460000038146973,,
1294,8.779999732971191,15.239999771118164,9.380000114440918,15.739999771118164,,
1295,8.720000267028809,14.979999542236328,9.399999618530272,15.520000457763672,,
1296,8.800000190734863,14.979999542236328,9.260000228881836,15.420000076293944,,
1297,8.84000015258789,15.0,9.34000015258789,15.460000038146973,,
1298,8.800000190734863,15.359999656677246,9.359999656677246,15.68000030517578,,
1299,8.84000015258789,15.399999618530272,9.359999656677246,15.4399995803833,,
1300,8.859999656677246,15.279999732971191,9.399999618530272,15.65999984741211,,
1301,8.84000015258789,15.260000228881836,9.279999732971191,15.359999656677246,,
1302,8.800000190734863,15.260000228881836,9.31999969482422,15.4399995803833,,
1303,8.859999656677246,15.18000030517578,9.399999618530272,15.5,,
1304,9.100000381469728,15.15999984741211,9.359999656677246,15.579999923706056,,
1305,8.859999656677246,15.119999885559082,9.31999969482422,15.31999969482422,,
1306,8.920000076293945,14.960000038146973,9.140000343322754,15.359999656677246,,
1307,8.9399995803833,14.979999542236328,9.34000015258789,15.5,,
1308,8.880000114440918,14.9399995803833,9.300000190734863,15.4399995803833,,
1309,8.880000114440918,14.9399995803833,9.119999885559082,15.380000114440918,,
1310,8.9399995803833,15.0600004196167,9.100000381469728,15.800000190734863,,
1311,8.899999618530273,15.039999961853027,9.15999984741211,15.399999618530272,,
1312,8.899999618530273,15.079999923706056,9.15999984741211,15.380000114440918,,
1313,8.899999618530273,15.100000381469728,9.34000015258789,15.4399995803833,,
1314,8.899999618530273,15.079999923706056,9.279999732971191,15.420000076293944,,
1315,8.920000076293945,15.079999923706056,9.140000343322754,15.420000076293944,,
1316,8.920000076293945,15.15999984741211,9.260000228881836,15.380000114440918,,
1317,8.920000076293945,15.220000267028809,9.279999732971191,15.220000267028809,,
1318,8.920000076293945,15.619999885559082,9.199999809265137,15.399999618530272,,
1319,8.9399995803833,15.5,9.260000228881836,15.720000267028809,,
1320,8.920000076293945,15.15999984741211,9.260000228881836,15.399999618530272,,
1321,8.960000038146973,15.199999809265137,9.34000015258789,15.420000076293944,,
1322,8.960000038146973,15.359999656677246,9.279999732971191,15.539999961853027,,
1323,8.9399995803833,15.600000381469728,9.239999771118164,15.640000343322754,,
1324,8.9399995803833,15.0,9.239999771118164,15.81999969482422,,
1325,8.880000114440918,15.0600004196167,9.039999961853027,15.760000228881836,,
1326,8.880000114440918,15.079999923706056,9.300000190734863,15.979999542236328,,
1327,8.899999618530273,15.239999771118164,9.31999969482422,15.760000228881836,,
1328,8.920000076293945,15.140000343322754,9.279999732971191,15.779999732971191,,
1329,8.920000076293945,15.239999771118164,9.119999885559082,15.5600004196167,,
1330,8.899999618530273,15.0600004196167,9.100000381469728,15.399999618530272,,
1331,8.880000114440918,15.020000457763672,9.119999885559082,15.720000267028809,,
1332,8.859999656677246,15.020000457763672,9.199999809265137,15.399999618530272,,
1333,8.859999656677246,15.020000457763672,9.279999732971191,15.520000457763672,,
1334,8.84000015258789,15.140000343322754,9.31999969482422,15.579999923706056,,
1335,8.84000015258789,15.600000381469728,9.31999969482422,15.579999923706056,,
1336,8.920000076293945,15.18000030517578,9.300000190734863,15.600000381469728,,
1337,8.9399995803833,14.81999969482422,9.31999969482422,15.65999984741211,,
1338,8.960000038146973,14.760000228881836,9.31999969482422,15.4399995803833,,
1339,8.9399995803833,14.859999656677246,9.34000015258789,15.479999542236328,,
1340,8.920000076293945,14.65999984741211,9.300000190734863,15.520000457763672,,
1341,8.899999618530273,14.81999969482422,9.140000343322754,15.380000114440918,,
1342,8.859999656677246,14.65999984741211,9.239999771118164,15.460000038146973,,
1343,8.859999656677246,14.81999969482422,9.239999771118164,15.100000381469728,,
1344,8.880000114440918,14.779999732971191,9.199999809265137,14.739999771118164,,
1345,8.880000114440918,14.800000190734863,9.279999732971191,15.479999542236328,,
1346,8.880000114440918,14.800000190734863,9.279999732971191,15.460000038146973,,
1347,8.880000114440918,14.739999771118164,9.140000343322754,15.079999923706056,,
1348,8.859999656677246,14.800000190734863,9.079999923706056,15.260000228881836,,
1349,8.920000076293945,14.720000267028809,9.18000030517578,15.300000190734863,,
1350,8.899999618530273,14.859999656677246,9.399999618530272,15.600000381469728,,
1351,8.9399995803833,14.81999969482422,9.460000038146973,15.699999809265137,,
1352,8.880000114440918,14.84000015258789,9.539999961853027,15.420000076293944,,
1353,8.84000015258789,14.920000076293944,9.399999618530272,15.359999656677246,,
1354,8.920000076293945,14.960000038146973,9.31999969482422,15.460000038146973,,
1355,8.960000038146973,14.920000076293944,9.0600004196167,15.579999923706056,,
1356,9.0,14.960000038146973,9.300000190734863,15.619999885559082,,
1357,8.920000076293945,14.880000114440918,9.31999969482422,15.5,,
1358,8.880000114440918,14.880000114440918,9.359999656677246,15.619999885559082,,
1359,8.84000015258789,14.880000114440918,9.399999618530272,15.5600004196167,,
1360,8.800000190734863,14.899999618530272,9.399999618530272,15.699999809265137,,
1361,8.779999732971191,14.920000076293944,9.359999656677246,15.479999542236328,,
1362,8.84000015258789,14.859999656677246,9.31999969482422,15.579999923706056,,
1363,8.819999694824219,14.899999618530272,9.399999618530272,15.880000114440918,,
1364,8.739999771118164,14.880000114440918,9.399999618530272,15.65999984741211,,
1365,8.699999809265137,14.800000190734863,9.4399995803833,15.380000114440918,,
1366,8.800000190734863,14.720000267028809,9.420000076293944,15.640000343322754,,
1367,8.800000190734863,14.779999732971191,9.460000038146973,15.579999923706056,,
1368,8.84000015258789,14.859999656677246,9.34000015258789,15.220000267028809,,
1369,8.920000076293945,14.779999732971191,9.199999809265137,15.539999961853027,,
1370,8.9399995803833,14.899999618530272,9.199999809265137,15.720000267028809,,
1371,8.920000076293945,14.800000190734863,9.300000190734863,15.4399995803833,,
1372,8.920000076293945,14.720000267028809,9.359999656677246,15.5600004196167,,
1373,8.960000038146973,14.800000190734863,9.359999656677246,15.5600004196167,,
1374,8.979999542236328,15.020000457763672,9.359999656677246,15.779999732971191,,
1375,9.020000457763672,15.100000381469728,9.31999969482422,15.359999656677246,,
1376,9.020000457763672,14.960000038146973,9.359999656677246,15.4399995803833,,
1377,8.9399995803833,14.760000228881836,9.380000114440918,15.65999984741211,,
1378,8.9399995803833,14.760000228881836,9.359999656677246,15.539999961853027,,
1379,8.960000038146973,14.84000015258789,9.31999969482422,15.5,,
1380,8.920000076293945,14.81999969482422,9.399999618530272,15.699999809265137,,
1381,8.9399995803833,14.739999771118164,9.359999656677246,15.720000267028809,,
1382,8.920000076293945,14.720000267028809,9.359999656677246,15.579999923706056,,
1383,8.9399995803833,14.720000267028809,9.300000190734863,15.520000457763672,,
1384,8.9399995803833,14.859999656677246,9.31999969482422,15.460000038146973,,
1385,8.920000076293945,15.020000457763672,9.0600004196167,15.359999656677246,,
1386,8.920000076293945,15.260000228881836,9.079999923706056,15.5,,
1387,8.9399995803833,15.18000030517578,9.399999618530272,15.399999618530272,,
1388,8.979999542236328,15.020000457763672,9.140000343322754,15.359999656677246,,
1389,8.960000038146973,14.920000076293944,9.079999923706056,15.079999923706056,,
1390,8.979999542236328,14.920000076293944,9.279999732971191,15.279999732971191,,
1391,8.9399995803833,14.859999656677246,9.100000381469728,15.220000267028809,,
1392,8.920000076293945,14.800000190734863,9.260000228881836,15.199999809265137,,
1393,8.880000114440918,14.880000114440918,9.239999771118164,15.279999732971191,,
1394,8.899999618530273,14.920000076293944,9.079999923706056,15.640000343322754,,
1395,8.9399995803833,14.880000114440918,9.359999656677246,15.65999984741211,,
1396,8.9399995803833,14.859999656677246,9.31999969482422,15.539999961853027,,
1397,8.979999542236328,14.800000190734863,9.300000190734863,15.640000343322754,,
1398,8.979999542236328,14.81999969482422,9.359999656677246,15.84000015258789,,
1399,8.920000076293945,14.739999771118164,9.039999961853027,15.699999809265137,,
1400,8.920000076293945,14.979999542236328,9.140000343322754,15.520000457763672,,
1401,8.880000114440918,14.979999542236328,9.380000114440918,15.579999923706056,,
1402,9.020000457763672,15.039999961853027,9.239999771118164,15.380000114440918,,
1403,9.020000457763672,15.039999961853027,9.34000015258789,15.5,,
1404,9.0600004196167,14.979999542236328,9.079999923706056,15.460000038146973,,
1405,9.239999771118164,14.9399995803833,9.15999984741211,15.239999771118164,,
1406,8.899999618530273,15.0,9.31999969482422,15.380000114440918,,
1407,8.9399995803833,15.0,9.399999618530272,15.420000076293944,,
1408,8.9399995803833,14.960000038146973,9.420000076293944,15.380000114440918,,
1409,8.9399995803833,15.0,9.359999656677246,15.359999656677246,,
1410,9.0,14.960000038146973,9.079999923706056,15.31999969482422,,
1411,8.979999542236328,15.5,9.359999656677246,15.399999618530272,,
1412,8.960000038146973,15.539999961853027,9.359999656677246,15.5,,
1413,8.859999656677246,,9.300000190734863,15.720000267028809,,
1414,8.84000015258789,15.619999885559082,9.279999732971191,15.5600004196167,,
1415,8.880000114440918,15.779999732971191,9.079999923706056,15.399999618530272,,
1416,8.779999732971191,15.239999771118164,9.380000114440918,15.420000076293944,,
1417,8.739999771118164,15.119999885559082,9.31999969482422,15.81999969482422,,
1418,8.779999732971191,15.039999961853027,9.359999656677246,15.800000190734863,,
1419,8.880000114440918,15.079999923706056,9.359999656677246,15.65999984741211,,
1420,8.859999656677246,14.9399995803833,9.359999656677246,15.359999656677246,,
1421,8.899999618530273,15.0600004196167,9.359999656677246,15.579999923706056,,
1422,8.800000190734863,15.18000030517578,9.119999885559082,15.600000381469728,,
1423,8.84000015258789,15.239999771118164,9.34000015258789,15.640000343322754,,
1424,8.84000015258789,15.18000030517578,9.279999732971191,15.600000381469728,,
1425,8.800000190734863,15.220000267028809,9.220000267028809,15.600000381469728,,
1426,8.800000190734863,15.119999885559082,9.31999969482422,15.520000457763672,,
1427,8.859999656677246,14.800000190734863,9.300000190734863,15.539999961853027,,
1428,8.800000190734863,14.81999969482422,9.020000457763672,15.460000038146973,,
1429,8.760000228881836,15.020000457763672,9.239999771118164,15.460000038146973,,
1430,8.760000228881836,14.899999618530272,9.0600004196167,15.479999542236328,,
1431,8.760000228881836,15.020000457763672,9.0600004196167,15.720000267028809,,
1432,8.460000038146973,15.079999923706056,9.359999656677246,15.5600004196167,,
1433,8.460000038146973,15.859999656677246,9.31999969482422,15.619999885559082,,
1434,8.539999961853027,16.1200008392334,9.279999732971191,15.5,,
1435,8.699999809265137,16.15999984741211,9.279999732971191,15.460000038146973,,
1436,8.84000015258789,16.079999923706055,9.279999732971191,15.68000030517578,,
1437,8.859999656677246,15.619999885559082,9.34000015258789,15.359999656677246,,
1438,8.779999732971191,16.020000457763672,9.34000015258789,15.31999969482422,,
1439,8.800000190734863,14.880000114440918,9.359999656677246,15.4399995803833,,
1440,8.880000114440918,14.760000228881836,9.380000114440918,15.399999618530272,,
1441,8.9399995803833,15.079999923706056,9.380000114440918,15.220000267028809,,
1442,8.859999656677246,15.399999618530272,9.399999618530272,15.420000076293944,,
1443,8.800000190734863,15.420000076293944,9.359999656677246,15.520000457763672,,
1444,8.760000228881836,15.380000114440918,9.399999618530272,15.380000114440918,,
1445,8.920000076293945,15.31999969482422,9.399999618530272,15.380000114440918,,
1446,8.960000038146973,15.399999618530272,9.399999618530272,15.380000114440918,,
1447,8.960000038146973,15.239999771118164,9.359999656677246,15.279999732971191,,
1448,8.859999656677246,15.18000030517578,9.359999656677246,15.399999618530272,,
1449,8.9399995803833,15.079999923706056,9.359999656677246,15.359999656677246,,
1450,8.9399995803833,15.699999809265137,9.359999656677246,15.579999923706056,,
1451,8.960000038146973,14.859999656677246,9.279999732971191,15.4399995803833,,
1452,9.039999961853027,14.5,9.380000114440918,15.579999923706056,,
1453,9.039999961853027,14.5,9.31999969482422,15.579999923706056,,
1454,9.079999923706056,14.600000381469728,9.31999969482422,15.579999923706056,,
1455,8.9399995803833,14.739999771118164,9.359999656677246,15.479999542236328,,
1456,8.899999618530273,15.079999923706056,9.34000015258789,15.5600004196167,,
1457,8.9399995803833,15.0,9.34000015258789,15.600000381469728,,
1458,8.920000076293945,15.140000343322754,9.380000114440918,15.640000343322754,,
1459,8.84000015258789,15.100000381469728,9.359999656677246,15.579999923706056,,
1460,8.5600004196167,15.399999618530272,9.399999618530272,15.640000343322754,,
1461,8.779999732971191,15.100000381469728,9.380000114440918,15.68000030517578,,
1462,8.739999771118164,14.979999542236328,9.34000015258789,15.800000190734863,,
1463,8.899999618530273,15.0600004196167,9.380000114440918,15.640000343322754,,
1464,8.920000076293945,15.0600004196167,9.34000015258789,15.68000030517578,,
1465,8.819999694824219,14.800000190734863,9.260000228881836,15.479999542236328,,
1466,8.880000114440918,14.880000114440918,9.300000190734863,15.479999542236328,,
1467,8.9399995803833,14.81999969482422,9.31999969482422,15.579999923706056,,
1468,8.920000076293945,14.760000228881836,9.31999969482422,15.600000381469728,,
1469,8.880000114440918,14.859999656677246,9.31999969482422,15.619999885559082,,
1470,8.960000038146973,14.960000038146973,9.260000228881836,15.600000381469728,,
1471,9.039999961853027,14.960000038146973,9.300000190734863,15.579999923706056,,
1472,8.84000015258789,14.979999542236328,9.31999969482422,15.520000457763672,,
1473,8.859999656677246,14.800000190734863,9.31999969482422,15.539999961853027,,
1474,8.84000015258789,14.65999984741211,9.34000015258789,15.65999984741211,,
1475,8.859999656677246,15.18000030517578,9.34000015258789,15.859999656677246,,
1476,8.880000114440918,16.299999237060547,9.31999969482422,15.880000114440918,,
1477,8.899999618530273,,9.34000015258789,15.880000114440918,,
1478,8.899999618530273,14.84000015258789,9.380000114440918,15.460000038146973,,
1479,8.880000114440918,15.260000228881836,9.359999656677246,15.640000343322754,,
1480,9.119999885559082,15.31999969482422,9.359999656677246,15.600000381469728,,
1481,8.859999656677246,15.279999732971191,9.31999969482422,15.68000030517578,,
1482,8.880000114440918,15.239999771118164,9.31999969482422,15.779999732971191,,
1483,9.199999809265137,14.859999656677246,9.079999923706056,15.739999771118164,,
1484,8.819999694824219,14.800000190734863,9.239999771118164,15.760000228881836,,
1485,8.819999694824219,15.119999885559082,8.960000038146973,15.460000038146973,,
1486,8.819999694824219,15.380000114440918,9.279999732971191,15.68000030517578,,
1487,8.65999984741211,15.220000267028809,9.100000381469728,15.520000457763672,,
1488,8.65999984741211,15.4399995803833,9.18000030517578,15.539999961853027,,
1489,8.779999732971191,15.300000190734863,9.279999732971191,15.5600004196167,,
1490,8.65999984741211,15.31999969482422,9.279999732971191,15.520000457763672,,
1491,8.699999809265137,15.220000267028809,9.039999961853027,15.520000457763672,,
1492,8.65999984741211,15.279999732971191,9.100000381469728,15.5,,
1493,8.739999771118164,15.359999656677246,9.119999885559082,15.619999885559082,,
1494,8.760000228881836,15.100000381469728,9.140000343322754,15.539999961853027,,
1495,8.880000114440918,14.800000190734863,9.039999961853027,15.420000076293944,,
1496,8.800000190734863,14.760000228881836,9.119999885559082,15.4399995803833,,
1497,8.84000015258789,14.760000228881836,9.260000228881836,15.300000190734863,,
1498,8.779999732971191,14.81999969482422,9.220000267028809,15.399999618530272,,
1499,8.680000305175781,14.800000190734863,9.31999969482422,15.260000228881836,,
1500,8.800000190734863,14.84000015258789,9.34000015258789,15.420000076293944,,
1501,8.84000015258789,14.859999656677246,9.359999656677246,15.5600004196167,,
1502,8.819999694824219,14.800000190734863,9.359999656677246,15.300000190734863,,
1503,8.84000015258789,14.619999885559082,9.039999961853027,15.600000381469728,,
1504,8.800000190734863,14.640000343322754,9.140000343322754,15.640000343322754,,
1505,8.819999694824219,14.800000190734863,9.220000267028809,15.5600004196167,,
1506,8.859999656677246,14.760000228881836,9.18000030517578,15.31999969482422,,
1507,8.800000190734863,14.720000267028809,9.31999969482422,15.279999732971191,,
1508,8.779999732971191,14.760000228881836,9.359999656677246,16.040000915527344,,
1509,8.720000267028809,14.079999923706056,9.359999656677246,15.640000343322754,,
1510,8.760000228881836,14.84000015258789,9.300000190734863,15.380000114440918,,
1511,8.880000114440918,13.079999923706056,9.300000190734863,15.720000267028809,,
1512,8.880000114440918,15.18000030517578,9.399999618530272,15.619999885559082,,
1513,8.880000114440918,15.0600004196167,9.039999961853027,15.760000228881836,,
1514,8.9399995803833,14.9399995803833,9.079999923706056,15.760000228881836,,
1515,8.859999656677246,15.199999809265137,9.079999923706056,15.68000030517578,,
1516,8.920000076293945,15.0600004196167,9.0600004196167,15.520000457763672,,
1517,8.800000190734863,14.81999969482422,9.119999885559082,15.640000343322754,,
1518,8.760000228881836,14.84000015258789,9.260000228881836,15.720000267028809,,
1519,8.760000228881836,14.920000076293944,9.15999984741211,15.9399995803833,,
1520,8.800000190734863,14.920000076293944,9.199999809265137,15.640000343322754,,
1521,8.819999694824219,14.720000267028809,9.359999656677246,15.699999809265137,,
1522,8.84000015258789,14.600000381469728,9.279999732971191,15.5600004196167,,
1523,8.859999656677246,14.699999809265137,9.140000343322754,15.600000381469728,,
1524,8.84000015258789,14.720000267028809,9.18000030517578,15.859999656677246,,
1525,8.84000015258789,14.81999969482422,9.420000076293944,15.65999984741211,,
1526,8.819999694824219,14.859999656677246,9.300000190734863,15.600000381469728,,
1527,8.800000190734863,14.800000190734863,9.380000114440918,15.81999969482422,,
1528,8.800000190734863,14.579999923706056,9.199999809265137,15.720000267028809,,
1529,8.760000228881836,14.4399995803833,9.279999732971191,15.65999984741211,,
1530,8.760000228881836,14.600000381469728,9.420000076293944,15.9399995803833,,
1531,8.84000015258789,14.140000343322754,9.4399995803833,15.68000030517578,,
1532,8.84000015258789,14.199999809265137,9.399999618530272,15.460000038146973,,
1533,8.800000190734863,14.279999732971191,9.279999732971191,15.479999542236328,,
1534,9.020000457763672,14.520000457763672,9.420000076293944,15.4399995803833,,
1535,9.020000457763672,14.300000190734863,9.460000038146973,15.34000015258789,,
1536,9.0,14.5600004196167,9.279999732971191,15.800000190734863,,
1537,8.979999542236328,14.699999809265137,9.15999984741211,15.720000267028809,,
1538,9.0,15.039999961853027,9.300000190734863,15.800000190734863,,
1539,8.899999618530273,15.260000228881836,9.279999732971191,15.640000343322754,,
1540,8.920000076293945,15.300000190734863,9.15999984741211,15.899999618530272,,
1541,8.760000228881836,15.239999771118164,9.18000030517578,15.800000190734863,,
1542,8.760000228881836,15.220000267028809,9.31999969482422,15.800000190734863,,
1543,8.4399995803833,15.220000267028809,9.420000076293944,15.779999732971191,,
1544,8.300000190734863,15.15999984741211,9.479999542236328,15.739999771118164,,
1545,8.5600004196167,15.640000343322754,9.399999618530272,15.81999969482422,,
1546,8.720000267028809,16.520000457763672,9.300000190734863,15.65999984741211,,
1547,8.880000114440918,15.140000343322754,9.4399995803833,15.579999923706056,,
1548,8.920000076293945,15.039999961853027,9.520000457763672,15.739999771118164,,
1549,8.920000076293945,14.9399995803833,9.380000114440918,15.68000030517578,,
1550,9.0,14.68000030517578,9.399999618530272,15.65999984741211,,
1551,8.979999542236328,14.760000228881836,9.460000038146973,15.920000076293944,,
1552,9.020000457763672,15.079999923706056,9.4399995803833,15.600000381469728,,
1553,8.819999694824219,15.140000343322754,9.380000114440918,15.619999885559082,,
1554,8.739999771118164,15.0600004196167,9.4399995803833,15.619999885559082,,
1555,8.699999809265137,14.880000114440918,9.479999542236328,15.68000030517578,,
1556,8.600000381469727,14.920000076293944,9.420000076293944,15.619999885559082,,
1557,8.739999771118164,14.68000030517578,9.420000076293944,15.520000457763672,,
1558,8.880000114440918,14.960000038146973,9.34000015258789,15.619999885559082,,
1559,8.760000228881836,15.140000343322754,9.420000076293944,15.880000114440918,,
1560,8.739999771118164,15.539999961853027,9.279999732971191,15.600000381469728,,
1561,8.699999809265137,15.5600004196167,9.31999969482422,15.65999984741211,,
1562,8.819999694824219,15.81999969482422,9.359999656677246,15.779999732971191,,
1563,8.699999809265137,15.859999656677246,9.34000015258789,15.720000267028809,,
1564,8.680000305175781,14.960000038146973,9.359999656677246,15.920000076293944,,
1565,8.84000015258789,14.800000190734863,9.199999809265137,15.720000267028809,,
1566,8.760000228881836,14.760000228881836,9.420000076293944,15.68000030517578,,
1567,8.760000228881836,14.68000030517578,9.380000114440918,15.720000267028809,,
1568,9.0600004196167,14.5600004196167,9.239999771118164,15.81999969482422,,
1569,8.880000114440918,14.579999923706056,9.4399995803833,15.800000190734863,,
1570,8.880000114440918,14.739999771118164,9.300000190734863,15.68000030517578,,
1571,8.84000015258789,14.739999771118164,9.420000076293944,15.779999732971191,,
1572,8.84000015258789,14.739999771118164,9.479999542236328,15.720000267028809,,
1573,8.880000114440918,14.739999771118164,9.460000038146973,16.020000457763672,,
1574,8.800000190734863,,9.399999618530272,15.720000267028809,,
1575,8.800000190734863,,9.579999923706056,,,
1576,8.800000190734863,15.31999969482422,9.15999984741211,,,
1577,8.760000228881836,,9.0600004196167,,,
1578,8.739999771118164,,8.920000076293945,16.0,,
1579,8.800000190734863,,8.979999542236328,15.800000190734863,,
1580,8.899999618530273,14.739999771118164,9.079999923706056,15.960000038146973,,
1581,8.9399995803833,14.720000267028809,9.100000381469728,15.859999656677246,,
1582,8.979999542236328,14.84000015258789,9.220000267028809,15.899999618530272,,
1583,8.9399995803833,14.800000190734863,9.15999984741211,15.960000038146973,,
1584,8.859999656677246,14.800000190734863,9.140000343322754,15.81999969482422,,
1585,8.960000038146973,15.020000457763672,9.34000015258789,15.81999969482422,,
1586,9.039999961853027,15.15999984741211,9.140000343322754,15.9399995803833,,
1587,9.0600004196167,15.15999984741211,9.279999732971191,15.979999542236328,,
1588,9.020000457763672,15.220000267028809,9.18000030517578,15.9399995803833,,
1589,8.979999542236328,14.960000038146973,9.0600004196167,15.979999542236328,,
1590,9.0,14.899999618530272,9.100000381469728,15.84000015258789,,
1591,8.9399995803833,15.140000343322754,9.119999885559082,15.800000190734863,,
1592,9.039999961853027,15.140000343322754,9.039999961853027,16.079999923706055,,
1593,8.899999618530273,15.220000267028809,9.279999732971191,16.299999237060547,,
1594,8.859999656677246,15.300000190734863,9.140000343322754,16.15999984741211,,
1595,8.720000267028809,15.300000190734863,9.15999984741211,16.299999237060547,,
1596,8.760000228881836,15.220000267028809,9.279999732971191,16.139999389648438,,
1597,8.65999984741211,15.640000343322754,9.399999618530272,16.139999389648438,,
1598,8.760000228881836,16.219999313354492,9.260000228881836,16.1200008392334,,
1599,8.859999656677246,15.68000030517578,9.300000190734863,16.18000030517578,,
1600,8.960000038146973,14.880000114440918,9.460000038146973,16.31999969482422,,
1601,8.880000114440918,15.0600004196167,9.4399995803833,16.239999771118164,,
1602,8.819999694824219,14.859999656677246,9.279999732971191,16.18000030517578,,
1603,8.760000228881836,15.539999961853027,9.239999771118164,16.100000381469727,,
1604,8.819999694824219,15.699999809265137,9.31999969482422,16.440000534057617,,
1605,8.619999885559082,14.699999809265137,9.479999542236328,16.739999771118164,,
1606,8.640000343322754,14.68000030517578,9.520000457763672,16.34000015258789,,
1607,8.539999961853027,14.640000343322754,9.239999771118164,16.739999771118164,,
1608,8.9399995803833,14.800000190734863,9.380000114440918,16.780000686645508,,
1609,8.899999618530273,14.81999969482422,9.300000190734863,16.299999237060547,,
1610,8.9399995803833,14.800000190734863,9.18000030517578,16.260000228881836,,
1611,8.960000038146973,14.65999984741211,9.140000343322754,16.239999771118164,,
1612,9.020000457763672,14.600000381469728,9.31999969482422,16.360000610351562,,
1613,9.039999961853027,14.420000076293944,9.31999969482422,16.899999618530273,,
1614,9.079999923706056,14.5600004196167,9.420000076293944,16.65999984741211,,
1615,9.039999961853027,14.68000030517578,9.199999809265137,16.31999969482422,,
1616,8.739999771118164,14.539999961853027,9.279999732971191,16.8799991607666,,
1617,8.65999984741211,13.859999656677246,9.359999656677246,16.639999389648438,,
1618,8.680000305175781,14.479999542236328,9.359999656677246,16.8799991607666,,
1619,8.699999809265137,13.65999984741211,9.300000190734863,16.860000610351562,,
1620,8.899999618530273,14.15999984741211,9.279999732971191,17.040000915527344,,
1621,8.880000114440918,14.140000343322754,9.199999809265137,16.81999969482422,,
1622,8.819999694824219,13.859999656677246,9.0600004196167,16.639999389648438,,
1623,8.859999656677246,14.600000381469728,9.260000228881836,16.68000030517578,,
1624,8.84000015258789,14.720000267028809,9.34000015258789,16.68000030517578,,
1625,8.800000190734863,15.0600004196167,9.15999984741211,16.559999465942383,,
1626,8.800000190734863,14.739999771118164,9.039999961853027,16.360000610351562,,
1627,8.9399995803833,13.800000190734863,9.239999771118164,16.700000762939453,,
1628,8.84000015258789,14.720000267028809,9.31999969482422,16.3799991607666,,
1629,8.880000114440918,14.5600004196167,9.31999969482422,16.540000915527344,,
1630,8.84000015258789,15.140000343322754,9.31999969482422,16.700000762939453,,
1631,8.699999809265137,15.34000015258789,9.34000015258789,16.479999542236328,,
1632,8.760000228881836,14.859999656677246,9.359999656677246,16.200000762939453,,
1633,8.800000190734863,14.859999656677246,9.279999732971191,16.15999984741211,,
1634,8.84000015258789,14.800000190734863,9.460000038146973,16.799999237060547,,
1635,8.880000114440918,14.739999771118164,9.479999542236328,16.360000610351562,,
1636,8.800000190734863,14.579999923706056,9.420000076293944,16.100000381469727,,
1637,8.760000228881836,14.479999542236328,9.300000190734863,16.860000610351562,,
1638,8.720000267028809,14.720000267028809,9.479999542236328,17.15999984741211,,
1639,8.84000015258789,14.739999771118164,9.31999969482422,,,
1640,8.859999656677246,15.119999885559082,9.600000381469728,15.640000343322754,,
1641,8.819999694824219,15.0600004196167,9.300000190734863,15.239999771118164,,
1642,8.84000015258789,14.739999771118164,9.34000015258789,17.479999542236328,,
1643,8.880000114440918,14.579999923706056,9.359999656677246,15.020000457763672,,
1644,8.779999732971191,14.619999885559082,9.31999969482422,15.880000114440918,,
1645,8.920000076293945,13.84000015258789,9.34000015258789,16.219999313354492,,
1646,8.640000343322754,13.65999984741211,9.479999542236328,15.84000015258789,,
1647,8.760000228881836,15.0600004196167,9.31999969482422,15.81999969482422,,
1648,8.859999656677246,15.300000190734863,9.399999618530272,16.520000457763672,,
1649,8.760000228881836,15.039999961853027,9.4399995803833,,,
1650,8.5600004196167,14.880000114440918,9.5600004196167,,,
1651,8.699999809265137,14.920000076293944,9.359999656677246,16.65999984741211,,
1652,8.760000228881836,14.979999542236328,9.239999771118164,16.479999542236328,,
1653,8.84000015258789,15.119999885559082,9.399999618530272,16.8799991607666,,
1654,8.84000015258789,15.239999771118164,9.220000267028809,17.020000457763672,,
1655,8.84000015258789,15.18000030517578,9.600000381469728,16.8799991607666,,
1656,8.84000015258789,14.960000038146973,9.359999656677246,16.65999984741211,,
1657,8.899999618530273,14.859999656677246,9.380000114440918,16.84000015258789,,
1658,8.899999618530273,14.760000228881836,9.399999618530272,,,
1659,8.800000190734863,14.720000267028809,9.399999618530272,,,
1660,8.800000190734863,14.760000228881836,9.359999656677246,16.940000534057617,,
1661,8.779999732971191,14.760000228881836,9.399999618530272,16.760000228881836,,
1662,8.800000190734863,14.81999969482422,9.399999618530272,16.260000228881836,,
1663,8.800000190734863,14.859999656677246,9.600000381469728,,,
1664,8.680000305175781,14.760000228881836,9.359999656677246,,,
1665,8.880000114440918,15.859999656677246,9.420000076293944,,,
1666,8.960000038146973,15.739999771118164,9.539999961853027,,,
1667,8.880000114440918,15.140000343322754,9.5600004196167,16.600000381469727,,
1668,8.84000015258789,14.260000228881836,9.640000343322754,16.520000457763672,,
1669,8.779999732971191,14.600000381469728,9.380000114440918,,,
1670,8.84000015258789,14.5,9.4399995803833,16.479999542236328,,
1671,8.800000190734863,14.880000114440918,9.420000076293944,16.600000381469727,,
1672,8.779999732971191,15.920000076293944,9.359999656677246,16.5,,
1673,8.800000190734863,15.079999923706056,9.779999732971191,,,
1674,8.680000305175781,15.140000343322754,9.699999809265137,16.780000686645508,,
1675,8.720000267028809,14.960000038146973,9.140000343322754,16.81999969482422,,
1676,8.65999984741211,14.9399995803833,9.34000015258789,16.5,,
1677,8.720000267028809,15.18000030517578,9.460000038146973,16.799999237060547,,
1678,8.979999542236328,15.31999969482422,9.699999809265137,16.84000015258789,,
1679,8.9399995803833,15.34000015258789,9.420000076293944,16.600000381469727,,
1680,8.880000114440918,15.539999961853027,9.520000457763672,16.540000915527344,,
1681,8.979999542236328,15.5,9.460000038146973,16.639999389648438,,
1682,8.960000038146973,15.199999809265137,9.460000038146973,17.100000381469727,,
1683,9.140000343322754,15.0,9.399999618530272,16.920000076293945,,
1684,8.899999618530273,14.760000228881836,9.380000114440918,16.84000015258789,,
1685,8.779999732971191,15.0,9.539999961853027,16.68000030517578,,
1686,8.859999656677246,15.140000343322754,9.399999618530272,,,
1687,8.779999732971191,15.5,9.539999961853027,,,
1688,8.84000015258789,15.31999969482422,9.300000190734863,,,
1689,8.739999771118164,15.15999984741211,9.300000190734863,16.520000457763672,,
1690,8.699999809265137,15.300000190734863,9.760000228881836,16.5,,
1691,8.699999809265137,15.220000267028809,9.479999542236328,16.020000457763672,,
1692,8.720000267028809,15.220000267028809,9.579999923706056,16.399999618530273,,
1693,8.699999809265137,15.119999885559082,9.399999618530272,16.239999771118164,,
1694,8.640000343322754,15.359999656677246,9.420000076293944,16.360000610351562,,
1695,8.720000267028809,15.0600004196167,9.479999542236328,16.420000076293945,,
1696,8.539999961853027,15.15999984741211,9.699999809265137,16.18000030517578,,
1697,8.739999771118164,15.15999984741211,9.5,16.200000762939453,,
1698,8.880000114440918,15.220000267028809,9.479999542236328,16.18000030517578,,
1699,8.920000076293945,15.199999809265137,9.399999618530272,16.100000381469727,,
1700,8.819999694824219,15.199999809265137,9.460000038146973,16.1200008392334,,
1701,8.699999809265137,15.119999885559082,9.4399995803833,15.979999542236328,,
1702,8.779999732971191,14.979999542236328,9.539999961853027,16.040000915527344,,
1703,8.800000190734863,15.399999618530272,9.380000114440918,16.040000915527344,,
1704,8.859999656677246,15.15999984741211,9.31999969482422,16.139999389648438,,
1705,8.779999732971191,14.979999542236328,9.260000228881836,16.360000610351562,,
1706,8.760000228881836,15.0600004196167,9.260000228881836,16.420000076293945,,
1707,8.640000343322754,15.039999961853027,9.359999656677246,16.360000610351562,,
1708,8.800000190734863,14.920000076293944,9.31999969482422,16.360000610351562,,
1709,8.720000267028809,14.899999618530272,9.279999732971191,16.360000610351562,,
1710,8.680000305175781,14.880000114440918,9.399999618530272,16.360000610351562,,
1711,8.699999809265137,14.9399995803833,9.4399995803833,16.18000030517578,,
1712,8.760000228881836,14.739999771118164,9.399999618530272,16.280000686645508,,
1713,8.819999694824219,14.81999969482422,9.300000190734863,16.260000228881836,,
1714,8.800000190734863,14.760000228881836,9.479999542236328,16.540000915527344,,
1715,8.819999694824219,14.739999771118164,9.5,16.5,,
1716,8.84000015258789,14.779999732971191,9.300000190734863,16.559999465942383,,
1717,8.899999618530273,14.81999969482422,9.239999771118164,16.299999237060547,,
1718,8.819999694824219,14.979999542236328,8.899999618530273,16.0,,
1719,8.859999656677246,15.020000457763672,9.300000190734863,15.800000190734863,,
1720,8.859999656677246,15.020000457763672,9.239999771118164,15.699999809265137,,
1721,8.84000015258789,15.0,9.220000267028809,15.81999969482422,,
1722,8.880000114440918,15.140000343322754,9.15999984741211,16.020000457763672,,
1723,8.800000190734863,15.020000457763672,9.020000457763672,16.020000457763672,,
1724,8.9399995803833,14.859999656677246,9.0,16.15999984741211,,
1725,8.920000076293945,14.81999969482422,9.15999984741211,16.059999465942383,,
1726,8.880000114440918,14.800000190734863,9.119999885559082,15.920000076293944,,
1727,9.0,15.279999732971191,9.4399995803833,16.059999465942383,,
1728,9.020000457763672,15.34000015258789,9.359999656677246,15.9399995803833,,
1729,8.979999542236328,15.399999618530272,9.359999656677246,16.0,,
1730,9.0,15.100000381469728,9.18000030517578,16.020000457763672,,
1731,8.920000076293945,15.039999961853027,9.359999656677246,16.0,,
1732,8.9399995803833,15.279999732971191,9.31999969482422,15.619999885559082,,
1733,8.899999618530273,15.220000267028809,9.18000030517578,15.68000030517578,,
1734,8.899999618530273,15.65999984741211,9.239999771118164,15.640000343322754,,
1735,8.920000076293945,15.4399995803833,9.239999771118164,15.600000381469728,,
1736,9.0600004196167,14.979999542236328,9.18000030517578,15.5,,
1737,8.880000114440918,15.460000038146973,9.119999885559082,15.4399995803833,,
1738,8.920000076293945,15.739999771118164,9.260000228881836,15.380000114440918,,
1739,8.9399995803833,15.31999969482422,9.0600004196167,15.380000114440918,,
1740,8.899999618530273,15.260000228881836,9.119999885559082,15.399999618530272,,
1741,8.84000015258789,15.199999809265137,9.100000381469728,15.199999809265137,,
1742,8.920000076293945,14.899999618530272,9.15999984741211,15.079999923706056,,
1743,8.880000114440918,14.899999618530272,9.199999809265137,15.140000343322754,,
1744,8.960000038146973,14.84000015258789,9.18000030517578,15.239999771118164,,
1745,8.739999771118164,14.4399995803833,9.300000190734863,15.720000267028809,,
1746,8.739999771118164,14.420000076293944,9.34000015258789,16.360000610351562,,
1747,8.760000228881836,15.020000457763672,9.380000114440918,16.040000915527344,,
1748,8.920000076293945,15.0,9.359999656677246,16.700000762939453,,
1749,8.859999656677246,14.960000038146973,9.31999969482422,16.200000762939453,,
1750,8.84000015258789,14.880000114440918,9.279999732971191,16.15999984741211,,
1751,8.920000076293945,15.079999923706056,9.100000381469728,16.020000457763672,,
1752,8.960000038146973,14.859999656677246,9.279999732971191,15.899999618530272,,
1753,8.880000114440918,15.0600004196167,9.34000015258789,16.420000076293945,,
1754,8.819999694824219,15.15999984741211,9.31999969482422,16.6200008392334,,
1755,8.800000190734863,14.800000190734863,9.15999984741211,16.65999984741211,,
1756,8.800000190734863,14.640000343322754,9.140000343322754,16.479999542236328,,
1757,8.84000015258789,14.68000030517578,9.18000030517578,16.219999313354492,,
1758,8.859999656677246,15.279999732971191,9.31999969482422,16.040000915527344,,
1759,8.859999656677246,14.880000114440918,9.359999656677246,16.059999465942383,,
1760,8.739999771118164,14.640000343322754,9.260000228881836,16.040000915527344,,
1761,8.720000267028809,14.760000228881836,9.5,16.1200008392334,,
1762,8.720000267028809,14.68000030517578,9.520000457763672,16.31999969482422,,
1763,8.84000015258789,14.880000114440918,9.460000038146973,16.040000915527344,,
1764,8.800000190734863,14.81999969482422,9.260000228881836,16.040000915527344,,
1765,9.0600004196167,14.899999618530272,9.199999809265137,15.880000114440918,,
1766,9.0600004196167,15.18000030517578,9.039999961853027,16.34000015258789,,
1767,8.880000114440918,15.239999771118164,9.119999885559082,16.440000534057617,,
1768,8.800000190734863,15.020000457763672,9.34000015258789,15.779999732971191,,
1769,8.84000015258789,14.859999656677246,9.100000381469728,16.0,,
1770,8.800000190734863,14.899999618530272,8.9399995803833,16.079999923706055,,
1771,8.760000228881836,14.979999542236328,9.199999809265137,16.8799991607666,,
1772,8.899999618530273,15.079999923706056,9.199999809265137,15.9399995803833,,
1773,9.0,16.31999969482422,9.100000381469728,16.15999984741211,,
1774,8.880000114440918,,9.0600004196167,16.219999313354492,,
1775,9.0,15.199999809265137,9.140000343322754,16.299999237060547,,
1776,8.979999542236328,15.119999885559082,9.359999656677246,16.219999313354492,,
1777,9.039999961853027,15.079999923706056,9.479999542236328,16.3799991607666,,
1778,9.079999923706056,15.079999923706056,9.279999732971191,16.5,,
1779,9.020000457763672,14.880000114440918,9.399999618530272,16.420000076293945,,
1780,9.119999885559082,15.119999885559082,9.420000076293944,16.68000030517578,,
1781,9.100000381469728,14.479999542236328,9.420000076293944,16.760000228881836,,
1782,9.220000267028809,14.68000030517578,9.15999984741211,16.65999984741211,,
1783,9.220000267028809,14.640000343322754,9.18000030517578,16.559999465942383,,
1784,9.15999984741211,14.859999656677246,9.300000190734863,16.420000076293945,,
1785,8.800000190734863,14.979999542236328,9.119999885559082,16.139999389648438,,
1786,8.819999694824219,15.0,9.279999732971191,16.260000228881836,,
1787,9.100000381469728,14.979999542236328,9.140000343322754,16.219999313354492,,
1788,8.920000076293945,14.9399995803833,9.15999984741211,16.1200008392334,,
1789,9.0,14.920000076293944,9.020000457763672,16.18000030517578,,
1790,8.920000076293945,14.979999542236328,9.079999923706056,15.720000267028809,,
1791,8.899999618530273,14.9399995803833,9.079999923706056,15.81999969482422,,
1792,8.859999656677246,14.800000190734863,9.239999771118164,15.81999969482422,,
1793,8.979999542236328,14.880000114440918,9.34000015258789,15.9399995803833,,
1794,8.819999694824219,14.899999618530272,9.420000076293944,16.079999923706055,,
1795,8.880000114440918,14.9399995803833,9.399999618530272,16.040000915527344,,
1796,9.0600004196167,14.920000076293944,9.359999656677246,16.239999771118164,,
1797,8.960000038146973,15.079999923706056,9.239999771118164,16.0,,
1798,8.84000015258789,14.920000076293944,9.31999969482422,15.899999618530272,,
1799,8.699999809265137,15.079999923706056,9.220000267028809,15.81999969482422,,
1800,8.720000267028809,15.039999961853027,9.279999732971191,15.880000114440918,,
1801,8.739999771118164,15.039999961853027,9.279999732971191,16.079999923706055,,
1802,8.760000228881836,14.760000228881836,9.199999809265137,16.040000915527344,,
1803,8.699999809265137,14.920000076293944,9.18000030517578,15.5600004196167,,
1804,8.779999732971191,15.0,9.199999809265137,15.4399995803833,,
1805,8.859999656677246,14.9399995803833,9.079999923706056,15.5,,
1806,8.84000015258789,15.039999961853027,9.100000381469728,15.739999771118164,,
1807,8.920000076293945,14.960000038146973,9.079999923706056,15.720000267028809,,
1808,8.920000076293945,14.979999542236328,9.119999885559082,15.5600004196167,,
1809,8.920000076293945,15.020000457763672,9.15999984741211,15.65999984741211,,
1810,8.880000114440918,15.15999984741211,9.31999969482422,15.460000038146973,,
1811,8.84000015258789,15.140000343322754,9.279999732971191,15.460000038146973,,
1812,8.899999618530273,15.15999984741211,9.239999771118164,15.399999618530272,,
1813,8.84000015258789,15.119999885559082,9.31999969482422,15.31999969482422,,
1814,8.859999656677246,14.880000114440918,9.279999732971191,15.479999542236328,,
1815,8.899999618530273,15.020000457763672,9.260000228881836,15.800000190734863,,
1816,8.899999618530273,15.119999885559082,9.31999969482422,15.81999969482422,,
1817,8.880000114440918,15.0600004196167,9.31999969482422,15.960000038146973,,
1818,8.84000015258789,15.119999885559082,9.220000267028809,15.979999542236328,,
1819,8.859999656677246,15.239999771118164,9.31999969482422,16.020000457763672,,
1820,8.880000114440918,15.220000267028809,9.5,16.040000915527344,,
1821,8.84000015258789,15.0600004196167,9.399999618530272,16.059999465942383,,
1822,8.859999656677246,15.119999885559082,9.380000114440918,15.84000015258789,,
1823,8.899999618530273,15.18000030517578,9.260000228881836,15.859999656677246,,
1824,8.859999656677246,15.15999984741211,9.220000267028809,15.920000076293944,,
1825,8.920000076293945,15.18000030517578,9.119999885559082,15.720000267028809,,
1826,8.960000038146973,15.260000228881836,9.15999984741211,15.68000030517578,,
1827,8.880000114440918,15.079999923706056,9.140000343322754,15.739999771118164,,
1828,8.84000015258789,15.119999885559082,9.0600004196167,15.739999771118164,,
1829,8.800000190734863,15.039999961853027,9.079999923706056,15.68000030517578,,
1830,8.800000190734863,14.979999542236328,9.100000381469728,15.579999923706056,,
1831,8.859999656677246,14.960000038146973,9.100000381469728,15.520000457763672,,
1832,8.859999656677246,15.239999771118164,9.119999885559082,15.5,,
1833,8.920000076293945,15.359999656677246,9.140000343322754,15.520000457763672,,
1834,8.800000190734863,14.800000190734863,9.140000343322754,15.5,,
1835,8.84000015258789,15.119999885559082,9.119999885559082,15.5600004196167,,
1836,8.859999656677246,15.199999809265137,9.18000030517578,15.5600004196167,,
1837,8.859999656677246,15.720000267028809,9.31999969482422,15.479999542236328,,
1838,9.199999809265137,16.6200008392334,9.380000114440918,15.399999618530272,,
1839,9.0,15.460000038146973,9.31999969482422,15.4399995803833,,
1840,9.020000457763672,15.399999618530272,9.220000267028809,15.520000457763672,,
1841,8.899999618530273,15.079999923706056,9.100000381469728,15.5,,
1842,8.84000015258789,14.9399995803833,9.140000343322754,15.5,,
1843,8.760000228881836,14.899999618530272,9.199999809265137,15.359999656677246,,
1844,8.760000228881836,14.65999984741211,9.31999969482422,15.380000114440918,,
1845,8.779999732971191,14.720000267028809,9.279999732971191,15.600000381469728,,
1846,8.680000305175781,14.960000038146973,9.279999732971191,15.720000267028809,,
1847,8.65999984741211,15.220000267028809,9.220000267028809,15.68000030517578,,
1848,8.720000267028809,15.15999984741211,9.199999809265137,15.81999969482422,,
1849,8.5600004196167,15.31999969482422,9.100000381469728,15.760000228881836,,
1850,8.5600004196167,15.140000343322754,9.15999984741211,15.979999542236328,,
1851,8.779999732971191,15.300000190734863,9.15999984741211,15.979999542236328,,
1852,8.9399995803833,15.279999732971191,9.119999885559082,15.859999656677246,,
1853,8.819999694824219,15.279999732971191,9.079999923706056,16.299999237060547,,
1854,8.84000015258789,14.81999969482422,9.15999984741211,15.979999542236328,,
1855,8.880000114440918,14.859999656677246,9.18000030517578,15.779999732971191,,
1856,8.859999656677246,14.84000015258789,9.079999923706056,15.68000030517578,,
1857,8.84000015258789,14.979999542236328,9.0,15.720000267028809,,
1858,8.859999656677246,14.640000343322754,9.100000381469728,15.739999771118164,,
1859,8.819999694824219,14.81999969482422,9.140000343322754,15.779999732971191,,
1860,8.819999694824219,14.84000015258789,9.119999885559082,15.800000190734863,,
1861,8.84000015258789,14.920000076293944,9.260000228881836,15.739999771118164,,
1862,8.899999618530273,14.880000114440918,9.359999656677246,15.65999984741211,,
1863,8.899999618530273,14.920000076293944,9.34000015258789,15.65999984741211,,
1864,8.880000114440918,14.9399995803833,9.380000114440918,15.640000343322754,,
1865,8.979999542236328,14.800000190734863,9.239999771118164,15.81999969482422,,
1866,9.020000457763672,14.720000267028809,9.380000114440918,16.200000762939453,,
1867,9.0,14.460000038146973,9.460000038146973,15.800000190734863,,
1868,9.0,14.68000030517578,9.380000114440918,15.5600004196167,,
1869,8.979999542236328,14.600000381469728,9.380000114440918,15.619999885559082,,
1870,8.920000076293945,15.220000267028809,9.380000114440918,15.640000343322754,,
1871,8.920000076293945,15.020000457763672,9.300000190734863,15.899999618530272,,
1872,8.920000076293945,15.020000457763672,9.34000015258789,15.899999618530272,,
1873,8.880000114440918,15.220000267028809,9.479999542236328,15.65999984741211,,
1874,8.859999656677246,15.079999923706056,9.5600004196167,15.619999885559082,,
1875,8.899999618530273,14.739999771118164,9.460000038146973,16.079999923706055,,
1876,8.899999618530273,14.760000228881836,9.479999542236328,16.139999389648438,,
1877,8.960000038146973,14.619999885559082,9.420000076293944,15.739999771118164,,
1878,9.039999961853027,14.979999542236328,9.380000114440918,16.100000381469727,,
1879,9.020000457763672,14.880000114440918,9.4399995803833,15.979999542236328,,
1880,8.960000038146973,14.9399995803833,9.520000457763672,15.65999984741211,,
1881,8.920000076293945,14.9399995803833,9.4399995803833,15.779999732971191,,
1882,8.9399995803833,15.0,9.420000076293944,15.779999732971191,,
1883,8.9399995803833,14.9399995803833,9.520000457763672,15.899999618530272,,
1884,8.880000114440918,14.9399995803833,9.239999771118164,16.15999984741211,,
1885,8.65999984741211,15.039999961853027,9.4399995803833,16.540000915527344,,
1886,8.699999809265137,14.920000076293944,9.520000457763672,16.399999618530273,,
1887,8.65999984741211,15.0,9.5600004196167,16.0,,
1888,8.760000228881836,15.100000381469728,9.4399995803833,16.15999984741211,,
1889,8.739999771118164,15.140000343322754,9.460000038146973,16.059999465942383,,
1890,8.699999809265137,15.039999961853027,9.640000343322754,16.360000610351562,,
1891,8.779999732971191,14.979999542236328,9.520000457763672,16.280000686645508,,
1892,8.800000190734863,14.760000228881836,9.31999969482422,15.920000076293944,,
1893,8.819999694824219,14.779999732971191,9.399999618530272,15.9399995803833,,
1894,8.880000114440918,14.800000190734863,9.5,15.81999969482422,,
1895,8.920000076293945,14.720000267028809,9.520000457763672,15.5600004196167,,
1896,8.899999618530273,14.720000267028809,9.380000114440918,15.720000267028809,,
1897,8.9399995803833,14.880000114440918,9.359999656677246,15.81999969482422,,
1898,9.020000457763672,14.920000076293944,9.34000015258789,15.84000015258789,,
1899,9.039999961853027,14.880000114440918,9.15999984741211,15.84000015258789,,
1900,8.880000114440918,14.800000190734863,9.380000114440918,15.81999969482422,,
1901,8.819999694824219,15.380000114440918,9.31999969482422,15.760000228881836,,
1902,8.800000190734863,15.539999961853027,9.479999542236328,15.760000228881836,,
1903,8.680000305175781,15.34000015258789,9.34000015258789,15.720000267028809,,
1904,8.760000228881836,15.800000190734863,9.479999542236328,15.760000228881836,,
1905,8.760000228881836,,9.399999618530272,15.760000228881836,,
1906,8.819999694824219,15.68000030517578,9.399999618530272,15.68000030517578,,
1907,8.880000114440918,15.239999771118164,9.420000076293944,15.579999923706056,,
1908,8.920000076293945,14.68000030517578,9.260000228881836,15.640000343322754,,
1909,8.979999542236328,15.220000267028809,9.479999542236328,15.5600004196167,,
1910,8.960000038146973,15.859999656677246,9.4399995803833,15.600000381469728,,
1911,9.220000267028809,15.65999984741211,9.420000076293944,15.65999984741211,,
1912,8.779999732971191,15.420000076293944,9.279999732971191,15.779999732971191,,
1913,8.699999809265137,15.140000343322754,9.380000114440918,15.600000381469728,,
1914,8.699999809265137,14.9399995803833,9.34000015258789,15.619999885559082,,
1915,8.680000305175781,14.720000267028809,9.380000114440918,15.5600004196167,,
1916,8.680000305175781,14.920000076293944,9.359999656677246,15.640000343322754,,
1917,8.65999984741211,15.119999885559082,9.380000114440918,15.600000381469728,,
1918,8.699999809265137,15.15999984741211,9.399999618530272,15.5600004196167,,
1919,8.65999984741211,15.020000457763672,9.5,15.5600004196167,,
1920,8.699999809265137,14.960000038146973,9.399999618530272,15.619999885559082,,
1921,8.819999694824219,14.979999542236328,9.119999885559082,15.600000381469728,,
1922,8.819999694824219,15.140000343322754,9.359999656677246,15.460000038146973,,
1923,8.920000076293945,15.31999969482422,9.420000076293944,15.5,,
1924,8.880000114440918,15.579999923706056,9.239999771118164,15.5,,
1925,8.920000076293945,15.279999732971191,9.220000267028809,15.460000038146973,,
1926,8.84000015258789,15.5,9.399999618530272,15.4399995803833,,
1927,8.800000190734863,15.300000190734863,9.239999771118164,15.579999923706056,,
1928,8.920000076293945,14.979999542236328,9.140000343322754,15.479999542236328,,
1929,8.920000076293945,14.920000076293944,9.31999969482422,15.399999618530272,,
1930,8.84000015258789,14.5,9.539999961853027,15.579999923706056,,
1931,8.779999732971191,14.5,9.380000114440918,15.5600004196167,,
1932,8.859999656677246,14.739999771118164,9.31999969482422,15.640000343322754,,
1933,8.920000076293945,14.9399995803833,9.31999969482422,15.779999732971191,,
1934,8.9399995803833,15.020000457763672,9.279999732971191,15.880000114440918,,
1935,8.899999618530273,14.920000076293944,9.300000190734863,15.920000076293944,,
1936,8.880000114440918,14.920000076293944,9.300000190734863,15.84000015258789,,
1937,8.9399995803833,14.800000190734863,9.119999885559082,15.81999969482422,,
1938,8.920000076293945,14.899999618530272,9.359999656677246,15.739999771118164,,
1939,8.920000076293945,15.039999961853027,9.199999809265137,15.720000267028809,,
1940,9.0,15.119999885559082,9.300000190734863,15.65999984741211,,
1941,8.960000038146973,15.140000343322754,9.399999618530272,15.779999732971191,,
1942,8.760000228881836,14.960000038146973,9.460000038146973,15.760000228881836,,
1943,8.819999694824219,15.739999771118164,9.460000038146973,15.81999969482422,,
1944,8.920000076293945,15.9399995803833,9.359999656677246,15.81999969482422,,
1945,8.880000114440918,15.34000015258789,9.300000190734863,15.920000076293944,,
1946,9.039999961853027,15.399999618530272,9.359999656677246,15.779999732971191,,
1947,8.9399995803833,15.31999969482422,9.479999542236328,15.699999809265137,,
1948,8.859999656677246,15.34000015258789,9.359999656677246,15.640000343322754,,
1949,8.9399995803833,15.359999656677246,9.520000457763672,15.739999771118164,,
1950,9.020000457763672,15.380000114440918,9.539999961853027,15.760000228881836,,
1951,9.0,14.760000228881836,9.199999809265137,15.720000267028809,,
1952,8.979999542236328,14.920000076293944,9.15999984741211,15.699999809265137,,
1953,8.979999542236328,14.600000381469728,9.239999771118164,15.739999771118164,,
1954,9.239999771118164,15.460000038146973,9.539999961853027,15.779999732971191,,
1955,9.0,14.920000076293944,9.5600004196167,15.739999771118164,,
1956,9.079999923706056,14.899999618530272,9.539999961853027,15.779999732971191,,
1957,8.84000015258789,14.920000076293944,9.539999961853027,15.640000343322754,,
1958,8.819999694824219,15.0600004196167,9.520000457763672,15.640000343322754,,
1959,8.920000076293945,15.020000457763672,9.420000076293944,15.800000190734863,,
1960,8.880000114440918,15.079999923706056,9.399999618530272,15.779999732971191,,
1961,8.699999809265137,15.239999771118164,9.420000076293944,15.81999969482422,,
1962,8.899999618530273,14.81999969482422,9.399999618530272,15.859999656677246,,
1963,8.920000076293945,14.880000114440918,9.359999656677246,15.760000228881836,,
1964,8.9399995803833,14.920000076293944,9.34000015258789,15.779999732971191,,
1965,8.880000114440918,14.84000015258789,9.380000114440918,15.779999732971191,,
1966,8.9399995803833,15.140000343322754,9.34000015258789,15.68000030517578,,
1967,8.960000038146973,14.9399995803833,9.420000076293944,15.720000267028809,,
1968,9.140000343322754,15.65999984741211,9.420000076293944,15.68000030517578,,
1969,9.18000030517578,15.779999732971191,9.399999618530272,15.600000381469728,,
1970,9.039999961853027,15.760000228881836,9.300000190734863,15.619999885559082,,
1971,8.960000038146973,15.300000190734863,9.300000190734863,15.619999885559082,,
1972,8.920000076293945,15.300000190734863,9.300000190734863,15.5600004196167,,
1973,8.960000038146973,15.880000114440918,9.31999969482422,15.520000457763672,,
1974,8.9399995803833,16.020000457763672,9.34000015258789,15.579999923706056,,
1975,9.15999984741211,,9.279999732971191,15.579999923706056,,
1976,8.880000114440918,15.220000267028809,9.380000114440918,15.800000190734863,,
1977,8.960000038146973,15.079999923706056,9.420000076293944,15.640000343322754,,
1978,8.920000076293945,15.039999961853027,9.31999969482422,15.65999984741211,,
1979,8.979999542236328,15.220000267028809,9.199999809265137,15.5,,
1980,8.899999618530273,14.920000076293944,9.039999961853027,15.5,,
1981,8.760000228881836,14.960000038146973,9.300000190734863,15.600000381469728,,
1982,8.84000015258789,14.920000076293944,9.279999732971191,15.520000457763672,,
1983,8.819999694824219,15.260000228881836,9.140000343322754,15.579999923706056,,
1984,8.819999694824219,14.699999809265137,9.380000114440918,15.619999885559082,,
1985,8.760000228881836,14.739999771118164,9.34000015258789,15.4399995803833,,
1986,8.800000190734863,14.81999969482422,9.31999969482422,15.460000038146973,,
1987,8.800000190734863,14.800000190734863,9.260000228881836,15.5600004196167,,
1988,8.880000114440918,14.880000114440918,9.15999984741211,15.579999923706056,,
1989,8.779999732971191,14.920000076293944,9.279999732971191,15.619999885559082,,
1990,8.699999809265137,14.760000228881836,9.34000015258789,15.5600004196167,,
1991,8.800000190734863,14.81999969482422,9.359999656677246,15.65999984741211,,
1992,8.779999732971191,14.859999656677246,9.359999656677246,15.65999984741211,,
1993,8.800000190734863,14.9399995803833,9.100000381469728,15.779999732971191,,
1994,8.819999694824219,14.979999542236328,9.119999885559082,15.720000267028809,,
1995,8.899999618530273,15.0,9.140000343322754,15.720000267028809,,
1996,8.859999656677246,14.880000114440918,9.140000343322754,15.68000030517578,,
1997,8.84000015258789,14.9399995803833,9.15999984741211,15.81999969482422,,
1998,8.84000015258789,15.15999984741211,9.15999984741211,15.720000267028809,,
1999,8.800000190734863,14.960000038146973,9.100000381469728,15.859999656677246,,
2000,8.819999694824219,14.81999969482422,9.119999885559082,15.899999618530272,,
2001,8.819999694824219,14.84000015258789,9.100000381469728,15.739999771118164,,
2002,8.819999694824219,14.920000076293944,9.279999732971191,15.720000267028809,,
2003,8.779999732971191,14.880000114440918,9.15999984741211,15.739999771118164,,
2004,8.800000190734863,14.859999656677246,9.119999885559082,15.760000228881836,,
2005,8.819999694824219,14.979999542236328,9.279999732971191,15.81999969482422,,
2006,8.880000114440918,15.119999885559082,9.020000457763672,15.81999969482422,,
2007,8.800000190734863,15.079999923706056,9.31999969482422,15.720000267028809,,
2008,8.859999656677246,15.140000343322754,9.31999969482422,15.65999984741211,,
2009,8.819999694824219,14.81999969482422,9.34000015258789,15.779999732971191,,
2010,8.880000114440918,14.859999656677246,9.34000015258789,15.68000030517578,,
2011,8.899999618530273,14.920000076293944,9.399999618530272,15.68000030517578,,
2012,8.880000114440918,15.079999923706056,9.380000114440918,15.640000343322754,,
2013,8.819999694824219,15.039999961853027,9.380000114440918,15.760000228881836,,
2014,8.800000190734863,15.119999885559082,9.15999984741211,15.760000228881836,,
2015,9.119999885559082,15.079999923706056,9.420000076293944,15.720000267028809,,
2016,8.859999656677246,14.84000015258789,9.279999732971191,15.739999771118164,,
2017,8.880000114440918,15.039999961853027,9.34000015258789,16.0,,
2018,8.84000015258789,15.140000343322754,9.359999656677246,15.739999771118164,,
2019,8.779999732971191,15.039999961853027,9.399999618530272,15.760000228881836,,
2020,8.800000190734863,14.979999542236328,9.420000076293944,15.68000030517578,,
2021,8.760000228881836,14.81999969482422,9.34000015258789,16.040000915527344,,
2022,8.739999771118164,14.68000030517578,9.359999656677246,15.479999542236328,,
2023,8.84000015258789,14.880000114440918,9.100000381469728,15.65999984741211,,
2024,8.899999618530273,14.9399995803833,9.119999885559082,15.760000228881836,,
2025,8.9399995803833,14.9399995803833,9.260000228881836,16.200000762939453,,
2026,8.859999656677246,15.0,9.31999969482422,16.18000030517578,,
2027,8.699999809265137,15.100000381469728,9.359999656677246,16.0,,
2028,8.699999809265137,15.020000457763672,9.31999969482422,15.920000076293944,,
2029,8.899999618530273,15.039999961853027,9.100000381469728,16.020000457763672,,
2030,8.899999618530273,15.100000381469728,9.359999656677246,16.5,,
2031,8.880000114440918,15.079999923706056,9.460000038146973,16.020000457763672,,
2032,8.920000076293945,14.979999542236328,9.359999656677246,16.079999923706055,,
2033,9.079999923706056,14.899999618530272,9.199999809265137,16.059999465942383,,
2034,9.15999984741211,14.9399995803833,9.34000015258789,15.800000190734863,,
2035,9.100000381469728,15.0600004196167,9.31999969482422,15.979999542236328,,
2036,9.079999923706056,15.199999809265137,9.15999984741211,16.15999984741211,,
2037,9.039999961853027,15.119999885559082,9.260000228881836,15.880000114440918,,
2038,8.920000076293945,14.720000267028809,9.380000114440918,15.9399995803833,,
2039,8.880000114440918,14.9399995803833,9.380000114440918,15.960000038146973,,
2040,8.859999656677246,15.199999809265137,9.300000190734863,15.779999732971191,,
2041,8.880000114440918,15.0,9.239999771118164,15.779999732971191,,
2042,8.979999542236328,14.960000038146973,9.260000228881836,15.779999732971191,,
2043,8.979999542236328,15.039999961853027,9.239999771118164,15.739999771118164,,
2044,8.960000038146973,14.960000038146973,9.279999732971191,15.779999732971191,,
2045,8.720000267028809,15.220000267028809,9.34000015258789,15.960000038146973,,
2046,8.720000267028809,15.239999771118164,9.380000114440918,15.779999732971191,,
2047,9.0600004196167,15.15999984741211,9.31999969482422,15.739999771118164,,
2048,8.84000015258789,15.300000190734863,9.539999961853027,15.880000114440918,,
2049,9.100000381469728,15.520000457763672,9.359999656677246,15.640000343322754,,
2050,9.15999984741211,15.420000076293944,9.260000228881836,15.640000343322754,,
2051,8.9399995803833,15.760000228881836,9.220000267028809,15.84000015258789,,
2052,8.899999618530273,15.68000030517578,9.359999656677246,16.059999465942383,,
2053,9.020000457763672,15.5,9.18000030517578,15.920000076293944,,
2054,8.920000076293945,15.399999618530272,9.34000015258789,15.579999923706056,,
2055,8.859999656677246,15.140000343322754,9.380000114440918,15.720000267028809,,
2056,8.699999809265137,14.899999618530272,9.34000015258789,15.81999969482422,,
2057,8.9399995803833,15.079999923706056,9.4399995803833,15.760000228881836,,
2058,8.979999542236328,15.199999809265137,9.460000038146973,15.720000267028809,,
2059,8.9399995803833,15.34000015258789,9.4399995803833,15.579999923706056,,
2060,8.960000038146973,15.279999732971191,9.399999618530272,15.68000030517578,,
2061,8.9399995803833,15.239999771118164,9.420000076293944,15.579999923706056,,
2062,8.84000015258789,15.020000457763672,9.479999542236328,15.739999771118164,,
2063,8.920000076293945,14.979999542236328,9.34000015258789,15.65999984741211,,
2064,9.0600004196167,14.9399995803833,9.479999542236328,15.600000381469728,,
2065,9.100000381469728,14.920000076293944,9.579999923706056,15.619999885559082,,
2066,9.119999885559082,14.760000228881836,9.479999542236328,15.760000228881836,,
2067,9.0,14.720000267028809,9.300000190734863,15.720000267028809,,
2068,8.979999542236328,14.4399995803833,9.239999771118164,15.800000190734863,,
2069,8.979999542236328,14.640000343322754,9.31999969482422,15.920000076293944,,
2070,9.079999923706056,14.899999618530272,9.420000076293944,16.0,,
2071,8.9399995803833,15.119999885559082,9.5,15.960000038146973,,
2072,8.880000114440918,15.5600004196167,9.31999969482422,16.059999465942383,,
2073,8.800000190734863,15.079999923706056,9.380000114440918,15.899999618530272,,
2074,8.84000015258789,14.960000038146973,9.4399995803833,15.960000038146973,,
2075,8.859999656677246,14.9399995803833,9.34000015258789,15.859999656677246,,
2076,9.0,14.859999656677246,9.15999984741211,15.84000015258789,,
2077,9.0,14.720000267028809,9.460000038146973,15.899999618530272,,
2078,9.140000343322754,14.779999732971191,9.34000015258789,15.800000190734863,,
2079,8.9399995803833,14.739999771118164,9.300000190734863,15.760000228881836,,
2080,8.9399995803833,14.720000267028809,9.380000114440918,15.800000190734863,,
2081,8.9399995803833,14.760000228881836,9.18000030517578,15.979999542236328,,
2082,8.880000114440918,14.760000228881836,9.34000015258789,15.84000015258789,,
2083,8.899999618530273,14.859999656677246,9.31999969482422,15.9399995803833,,
2084,8.899999618530273,14.859999656677246,9.399999618530272,15.699999809265137,,
2085,9.0,14.859999656677246,9.380000114440918,15.760000228881836,,
2086,8.960000038146973,14.920000076293944,9.399999618530272,15.779999732971191,,
2087,8.84000015258789,14.84000015258789,9.520000457763672,15.699999809265137,,
2088,8.84000015258789,14.84000015258789,9.380000114440918,15.68000030517578,,
2089,8.84000015258789,14.760000228881836,9.300000190734863,15.619999885559082,,
2090,8.760000228881836,14.739999771118164,9.380000114440918,15.720000267028809,,
2091,8.619999885559082,14.760000228881836,9.300000190734863,15.720000267028809,,
2092,8.779999732971191,14.699999809265137,9.100000381469728,15.720000267028809,,
2093,8.640000343322754,14.640000343322754,9.239999771118164,15.760000228881836,,
2094,8.760000228881836,15.100000381469728,9.239999771118164,15.5600004196167,,
2095,8.760000228881836,15.020000457763672,9.239999771118164,15.720000267028809,,
2096,8.720000267028809,14.739999771118164,9.420000076293944,15.720000267028809,,
2097,8.760000228881836,14.5600004196167,9.460000038146973,15.81999969482422,,
2098,8.800000190734863,14.579999923706056,9.479999542236328,15.760000228881836,,
2099,8.800000190734863,14.81999969482422,9.220000267028809,15.899999618530272,,
2100,8.819999694824219,14.779999732971191,9.399999618530272,16.020000457763672,,
2101,8.859999656677246,14.920000076293944,9.15999984741211,16.0,,
2102,8.84000015258789,15.0600004196167,9.380000114440918,15.880000114440918,,
2103,8.84000015258789,15.0600004196167,9.399999618530272,15.9399995803833,,
2104,8.920000076293945,15.0,9.4399995803833,15.960000038146973,,
2105,8.920000076293945,14.81999969482422,9.359999656677246,15.600000381469728,,
2106,8.640000343322754,14.859999656677246,9.399999618530272,15.699999809265137,,
2107,8.640000343322754,14.779999732971191,9.479999542236328,15.68000030517578,,
2108,8.84000015258789,14.899999618530272,9.460000038146973,15.68000030517578,,
2109,8.699999809265137,14.81999969482422,9.420000076293944,15.68000030517578,,
2110,8.640000343322754,14.920000076293944,9.420000076293944,15.720000267028809,,
2111,8.739999771118164,14.880000114440918,9.420000076293944,15.720000267028809,,
2112,8.720000267028809,15.100000381469728,9.479999542236328,15.81999969482422,,
2113,8.760000228881836,,9.4399995803833,15.859999656677246,,
2114,9.020000457763672,15.260000228881836,9.399999618530272,15.84000015258789,,
2115,8.779999732971191,15.34000015258789,9.399999618530272,15.9399995803833,,
2116,8.760000228881836,15.300000190734863,9.220000267028809,15.84000015258789,,
2117,8.739999771118164,15.0600004196167,9.31999969482422,15.779999732971191,,
2118,8.9399995803833,14.899999618530272,9.300000190734863,15.779999732971191,,
2119,8.899999618530273,14.979999542236328,9.34000015258789,15.81999969482422,,
2120,8.859999656677246,15.039999961853027,9.380000114440918,15.880000114440918,,
2121,8.84000015258789,16.399999618530273,9.420000076293944,15.960000038146973,,
2122,9.0600004196167,16.219999313354492,9.479999542236328,15.880000114440918,,
2123,9.119999885559082,16.579999923706055,9.479999542236328,15.84000015258789,,
2124,8.979999542236328,15.279999732971191,9.479999542236328,15.899999618530272,,
2125,8.899999618530273,15.220000267028809,9.4399995803833,16.020000457763672,,
2126,9.140000343322754,15.34000015258789,9.399999618530272,15.9399995803833,,
2127,9.300000190734863,15.279999732971191,9.399999618530272,15.979999542236328,,
2128,9.140000343322754,15.0,9.479999542236328,15.880000114440918,,
2129,9.140000343322754,15.0,9.4399995803833,15.899999618530272,,
2130,9.039999961853027,14.899999618530272,9.479999542236328,15.800000190734863,,
2131,9.100000381469728,15.720000267028809,9.479999542236328,15.899999618530272,,
2132,9.18000030517578,15.779999732971191,9.399999618530272,15.800000190734863,,
2133,9.15999984741211,15.539999961853027,9.479999542236328,15.979999542236328,,
2134,9.399999618530272,16.079999923706055,9.420000076293944,15.84000015258789,,
2135,9.15999984741211,16.18000030517578,9.460000038146973,15.739999771118164,,
2136,9.399999618530272,16.18000030517578,9.420000076293944,15.880000114440918,,
2137,9.34000015258789,16.079999923706055,9.4399995803833,16.040000915527344,,
2138,8.9399995803833,15.15999984741211,9.239999771118164,15.979999542236328,,
2139,8.880000114440918,15.119999885559082,9.520000457763672,15.779999732971191,,
2140,9.239999771118164,15.020000457763672,9.399999618530272,15.880000114440918,,
2141,9.359999656677246,15.079999923706056,9.359999656677246,15.960000038146973,,
2142,9.420000076293944,15.140000343322754,9.359999656677246,15.920000076293944,,
2143,9.399999618530272,15.239999771118164,9.31999969482422,15.539999961853027,,
2144,9.119999885559082,15.5,9.359999656677246,15.720000267028809,,
2145,9.380000114440918,15.399999618530272,9.479999542236328,15.420000076293944,,
2146,9.420000076293944,15.460000038146973,9.520000457763672,15.84000015258789,,
2147,9.140000343322754,15.119999885559082,9.359999656677246,15.859999656677246,,
2148,9.239999771118164,15.18000030517578,9.300000190734863,15.65999984741211,,
2149,9.15999984741211,14.979999542236328,9.31999969482422,15.539999961853027,,
2150,9.15999984741211,14.9399995803833,9.399999618530272,15.5600004196167,,
2151,9.199999809265137,15.039999961853027,9.420000076293944,15.739999771118164,,
2152,9.100000381469728,15.279999732971191,9.399999618530272,15.619999885559082,,
2153,9.460000038146973,15.31999969482422,9.5600004196167,15.699999809265137,,
2154,9.220000267028809,15.300000190734863,9.420000076293944,15.600000381469728,,
2155,8.979999542236328,15.039999961853027,9.380000114440918,15.68000030517578,,
2156,8.899999618530273,15.039999961853027,9.380000114440918,15.68000030517578,,
2157,8.779999732971191,15.020000457763672,9.399999618530272,15.699999809265137,,
2158,9.0600004196167,15.0600004196167,9.399999618530272,15.68000030517578,,
2159,8.720000267028809,14.9399995803833,9.399999618530272,15.640000343322754,,
2160,8.720000267028809,14.880000114440918,9.399999618530272,15.81999969482422,,
2161,8.920000076293945,14.960000038146973,9.399999618530272,15.760000228881836,,
2162,8.960000038146973,15.0,9.380000114440918,15.739999771118164,,
2163,9.260000228881836,15.079999923706056,9.34000015258789,15.720000267028809,,
2164,9.100000381469728,14.9399995803833,9.359999656677246,15.699999809265137,,
2165,9.039999961853027,14.880000114440918,9.34000015258789,15.699999809265137,,
2166,9.020000457763672,14.859999656677246,9.380000114440918,15.68000030517578,,
2167,9.020000457763672,15.020000457763672,9.359999656677246,15.68000030517578,,
2168,9.0,15.239999771118164,9.399999618530272,15.720000267028809,,
2169,8.960000038146973,15.399999618530272,9.31999969482422,15.739999771118164,,
2170,8.960000038146973,15.359999656677246,9.4399995803833,15.800000190734863,,
2171,8.859999656677246,14.960000038146973,9.420000076293944,15.84000015258789,,
2172,9.039999961853027,15.020000457763672,9.31999969482422,15.880000114440918,,
2173,8.880000114440918,15.479999542236328,9.4399995803833,15.84000015258789,,
2174,8.859999656677246,15.279999732971191,9.359999656677246,15.920000076293944,,
2175,9.100000381469728,15.079999923706056,9.279999732971191,15.899999618530272,,
2176,9.18000030517578,14.960000038146973,9.359999656677246,16.280000686645508,,
2177,9.119999885559082,15.020000457763672,9.380000114440918,15.979999542236328,,
2178,9.119999885559082,14.920000076293944,9.420000076293944,16.020000457763672,,
2179,8.899999618530273,14.81999969482422,9.380000114440918,15.9399995803833,,
2180,8.899999618530273,14.979999542236328,9.460000038146973,15.779999732971191,,
2181,9.039999961853027,14.9399995803833,9.380000114440918,15.9399995803833,,
2182,9.0,14.979999542236328,9.460000038146973,15.859999656677246,,
2183,8.979999542236328,15.0600004196167,9.460000038146973,15.880000114440918,,
2184,8.899999618530273,15.220000267028809,9.380000114440918,15.859999656677246,,
2185,8.899999618530273,15.220000267028809,9.31999969482422,15.9399995803833,,
2186,9.18000030517578,15.359999656677246,9.260000228881836,15.960000038146973,,
2187,8.9399995803833,15.18000030517578,9.399999618530272,15.81999969482422,,
2188,9.220000267028809,15.260000228881836,9.399999618530272,15.920000076293944,,
2189,9.140000343322754,15.239999771118164,9.399999618530272,15.81999969482422,,
2190,9.119999885559082,15.460000038146973,9.460000038146973,15.880000114440918,,
2191,8.800000190734863,15.4399995803833,9.359999656677246,15.899999618530272,,
2192,8.640000343322754,15.399999618530272,9.380000114440918,15.880000114440918,,
2193,8.65999984741211,15.359999656677246,9.359999656677246,15.859999656677246,,
2194,8.579999923706055,15.460000038146973,9.359999656677246,15.81999969482422,,
2195,8.699999809265137,15.359999656677246,9.4399995803833,15.779999732971191,,
2196,8.680000305175781,15.300000190734863,9.4399995803833,15.720000267028809,,
2197,8.84000015258789,15.140000343322754,9.399999618530272,15.739999771118164,,
2198,8.960000038146973,15.079999923706056,9.380000114440918,15.899999618530272,,
2199,9.020000457763672,15.100000381469728,9.399999618530272,15.81999969482422,,
2200,8.739999771118164,15.140000343322754,9.31999969482422,15.760000228881836,,
2201,8.800000190734863,15.079999923706056,9.4399995803833,15.779999732971191,,
2202,9.079999923706056,14.9399995803833,9.359999656677246,15.84000015258789,,
2203,9.039999961853027,14.800000190734863,9.479999542236328,15.760000228881836,,
2204,8.819999694824219,14.699999809265137,9.520000457763672,15.899999618530272,,
2205,8.760000228881836,14.68000030517578,9.4399995803833,15.779999732971191,,
2206,8.800000190734863,14.899999618530272,9.359999656677246,15.84000015258789,,
2207,8.619999885559082,14.9399995803833,9.399999618530272,15.899999618530272,,
2208,8.520000457763672,14.979999542236328,9.399999618530272,15.800000190734863,,
2209,8.479999542236328,14.9399995803833,9.399999618530272,15.800000190734863,,
2210,8.460000038146973,15.079999923706056,9.380000114440918,15.800000190734863,,
2211,8.479999542236328,15.199999809265137,9.380000114440918,15.760000228881836,,
2212,8.460000038146973,14.699999809265137,9.380000114440918,15.720000267028809,,
2213,8.680000305175781,14.640000343322754,9.420000076293944,15.779999732971191,,
2214,8.619999885559082,14.600000381469728,9.460000038146973,15.84000015258789,,
2215,8.699999809265137,14.699999809265137,9.460000038146973,15.84000015258789,,
2216,8.84000015258789,14.880000114440918,9.4399995803833,15.84000015258789,,
2217,8.779999732971191,14.9399995803833,9.399999618530272,15.760000228881836,,
2218,8.859999656677246,15.039999961853027,9.420000076293944,15.779999732971191,,
2219,8.920000076293945,14.9399995803833,9.399999618530272,15.84000015258789,,
2220,8.819999694824219,14.81999969482422,9.420000076293944,15.899999618530272,,
2221,8.84000015258789,14.880000114440918,9.380000114440918,15.979999542236328,,
2222,8.880000114440918,14.9399995803833,9.359999656677246,15.859999656677246,,
2223,8.920000076293945,15.100000381469728,9.4399995803833,16.0,,
2224,8.920000076293945,15.100000381469728,9.5,15.880000114440918,,
2225,9.079999923706056,15.020000457763672,9.5,15.760000228881836,,
2226,8.800000190734863,14.960000038146973,9.520000457763672,15.81999969482422,,
2227,8.960000038146973,15.039999961853027,9.420000076293944,15.9399995803833,,
2228,9.100000381469728,15.300000190734863,9.420000076293944,15.9399995803833,,
2229,8.880000114440918,15.239999771118164,9.5,15.880000114440918,,
2230,8.800000190734863,15.0,9.479999542236328,15.979999542236328,,
2231,8.9399995803833,14.880000114440918,9.479999542236328,15.920000076293944,,
2232,8.819999694824219,15.140000343322754,9.520000457763672,15.84000015258789,,
2233,8.800000190734863,14.899999618530272,9.420000076293944,15.920000076293944,,
2234,8.800000190734863,14.800000190734863,9.380000114440918,15.960000038146973,,
2235,8.800000190734863,14.800000190734863,9.4399995803833,15.9399995803833,,
2236,8.859999656677246,14.9399995803833,9.460000038146973,15.9399995803833,,
2237,8.779999732971191,14.880000114440918,9.479999542236328,16.0,,
2238,9.039999961853027,14.859999656677246,9.399999618530272,15.84000015258789,,
2239,8.84000015258789,14.859999656677246,9.4399995803833,15.760000228881836,,
2240,8.859999656677246,14.9399995803833,9.479999542236328,15.81999969482422,,
2241,8.899999618530273,15.140000343322754,9.460000038146973,15.920000076293944,,
2242,8.84000015258789,15.020000457763672,9.399999618530272,15.979999542236328,,
2243,8.84000015258789,14.920000076293944,9.15999984741211,16.059999465942383,,
2244,8.819999694824219,14.9399995803833,9.4399995803833,15.859999656677246,,
2245,8.899999618530273,15.0,9.5600004196167,15.899999618530272,,
2246,8.880000114440918,14.859999656677246,9.539999961853027,15.880000114440918,,
2247,8.800000190734863,14.899999618530272,9.68000030517578,16.0,,
2248,8.920000076293945,14.920000076293944,9.5600004196167,15.960000038146973,,
2249,8.920000076293945,14.81999969482422,9.539999961853027,15.880000114440918,,
2250,8.880000114440918,14.9399995803833,9.520000457763672,15.81999969482422,,
2251,8.880000114440918,14.880000114440918,9.5600004196167,15.739999771118164,,
2252,8.880000114440918,14.880000114440918,9.460000038146973,15.880000114440918,,
2253,8.920000076293945,14.859999656677246,9.4399995803833,15.899999618530272,,
2254,8.920000076293945,15.100000381469728,9.399999618530272,15.880000114440918,,
2255,8.920000076293945,14.899999618530272,9.380000114440918,15.880000114440918,,
2256,8.960000038146973,14.760000228881836,9.420000076293944,15.880000114440918,,
2257,8.880000114440918,14.859999656677246,9.260000228881836,15.859999656677246,,
2258,8.880000114440918,14.920000076293944,9.300000190734863,15.920000076293944,,
2259,8.880000114440918,14.960000038146973,9.31999969482422,15.979999542236328,,
2260,8.800000190734863,14.9399995803833,9.460000038146973,15.880000114440918,,
2261,8.899999618530273,14.899999618530272,9.479999542236328,15.84000015258789,,
2262,8.800000190734863,14.899999618530272,9.279999732971191,15.84000015258789,,
2263,8.800000190734863,14.9399995803833,9.300000190734863,15.84000015258789,,
2264,8.800000190734863,14.979999542236328,9.380000114440918,15.899999618530272,,
2265,8.84000015258789,14.960000038146973,9.5,15.739999771118164,,
2266,8.899999618530273,15.0,9.34000015258789,15.859999656677246,,
2267,8.920000076293945,14.899999618530272,9.239999771118164,15.920000076293944,,
2268,8.739999771118164,15.18000030517578,9.420000076293944,16.0,,
2269,8.880000114440918,15.100000381469728,9.479999542236328,16.1200008392334,,
2270,8.760000228881836,15.020000457763672,9.34000015258789,15.9399995803833,,
2271,8.739999771118164,15.020000457763672,9.359999656677246,15.979999542236328,,
2272,8.819999694824219,15.359999656677246,9.399999618530272,15.9399995803833,,
2273,8.800000190734863,15.18000030517578,9.279999732971191,16.0,,
2274,8.819999694824219,14.880000114440918,9.359999656677246,15.9399995803833,,
2275,8.899999618530273,14.65999984741211,9.479999542236328,16.040000915527344,,
2276,8.739999771118164,15.020000457763672,9.520000457763672,16.079999923706055,,
2277,8.880000114440918,15.020000457763672,9.460000038146973,16.0,,
2278,8.9399995803833,15.100000381469728,9.5,16.0,,
2279,8.84000015258789,15.119999885559082,9.4399995803833,16.079999923706055,,
2280,8.880000114440918,15.020000457763672,9.359999656677246,16.0,,
2281,8.960000038146973,15.0,9.380000114440918,16.020000457763672,,
2282,9.079999923706056,15.0,9.4399995803833,15.960000038146973,,
2283,9.079999923706056,15.0600004196167,9.460000038146973,16.079999923706055,,
2284,9.039999961853027,15.0,9.380000114440918,16.139999389648438,,
2285,8.960000038146973,15.0,9.420000076293944,16.0,,
2286,8.859999656677246,15.020000457763672,9.479999542236328,15.880000114440918,,
2287,8.920000076293945,14.920000076293944,9.380000114440918,15.920000076293944,,
2288,8.920000076293945,14.859999656677246,9.460000038146973,15.699999809265137,,
2289,8.920000076293945,14.9399995803833,9.4399995803833,15.81999969482422,,
2290,8.800000190734863,15.020000457763672,9.4399995803833,15.720000267028809,,
2291,8.859999656677246,15.119999885559082,9.579999923706056,15.699999809265137,,
2292,8.960000038146973,14.979999542236328,9.399999618530272,15.640000343322754,,
2293,8.800000190734863,14.859999656677246,9.399999618530272,15.619999885559082,,
2294,8.760000228881836,15.420000076293944,9.4399995803833,15.68000030517578,,
2295,8.859999656677246,14.859999656677246,9.520000457763672,15.739999771118164,,
2296,8.819999694824219,14.880000114440918,9.5,15.880000114440918,,
2297,8.779999732971191,14.84000015258789,9.359999656677246,15.760000228881836,,
2298,8.760000228881836,15.020000457763672,9.460000038146973,16.1200008392334,,
2299,8.539999961853027,15.199999809265137,9.399999618530272,16.040000915527344,,
2300,8.760000228881836,15.100000381469728,9.420000076293944,15.979999542236328,,
2301,8.779999732971191,14.800000190734863,9.4399995803833,15.880000114440918,,
2302,8.760000228881836,14.920000076293944,9.520000457763672,15.800000190734863,,
2303,8.720000267028809,14.920000076293944,9.579999923706056,16.040000915527344,,
2304,8.819999694824219,15.039999961853027,9.18000030517578,15.960000038146973,,
2305,9.0,15.399999618530272,9.460000038146973,15.880000114440918,,
2306,8.859999656677246,15.359999656677246,9.15999984741211,15.800000190734863,,
2307,8.899999618530273,15.020000457763672,9.300000190734863,15.859999656677246,,
2308,8.920000076293945,14.960000038146973,9.420000076293944,15.600000381469728,,
2309,8.9399995803833,15.18000030517578,9.479999542236328,15.81999969482422,,
2310,8.960000038146973,15.199999809265137,9.4399995803833,15.84000015258789,,
2311,8.9399995803833,15.039999961853027,9.279999732971191,16.0,,
2312,9.020000457763672,15.039999961853027,9.399999618530272,16.040000915527344,,
2313,8.9399995803833,15.119999885559082,9.420000076293944,15.960000038146973,,
2314,8.899999618530273,15.140000343322754,9.479999542236328,15.859999656677246,,
2315,8.9399995803833,14.81999969482422,9.520000457763672,15.960000038146973,,
2316,8.960000038146973,14.960000038146973,9.539999961853027,15.979999542236328,,
2317,8.9399995803833,15.18000030517578,9.539999961853027,15.899999618530272,,
2318,8.960000038146973,15.079999923706056,9.520000457763672,15.739999771118164,,
2319,8.9399995803833,15.0,9.520000457763672,15.84000015258789,,
2320,8.960000038146973,15.020000457763672,9.520000457763672,16.18000030517578,,
2321,9.079999923706056,15.18000030517578,9.619999885559082,15.68000030517578,,
2322,9.0600004196167,15.399999618530272,9.4399995803833,15.979999542236328,,
2323,8.920000076293945,16.0,9.460000038146973,15.979999542236328,,
2324,8.880000114440918,15.81999969482422,9.5,16.020000457763672,,
2325,8.899999618530273,15.920000076293944,9.479999542236328,16.100000381469727,,
2326,8.859999656677246,15.9399995803833,9.300000190734863,15.9399995803833,,
2327,8.819999694824219,16.040000915527344,9.220000267028809,15.81999969482422,,
2328,8.9399995803833,16.219999313354492,9.600000381469728,15.859999656677246,,
2329,8.979999542236328,15.300000190734863,9.579999923706056,15.979999542236328,,
2330,8.859999656677246,15.359999656677246,9.31999969482422,16.0,,
2331,8.800000190734863,15.079999923706056,9.539999961853027,15.760000228881836,,
2332,8.720000267028809,15.119999885559082,9.31999969482422,15.84000015258789,,
2333,8.699999809265137,15.31999969482422,9.619999885559082,15.920000076293944,,
2334,8.619999885559082,15.5600004196167,9.579999923706056,15.899999618530272,,
2335,8.720000267028809,15.739999771118164,9.5600004196167,15.899999618530272,,
2336,8.819999694824219,15.539999961853027,9.5,15.859999656677246,,
2337,8.739999771118164,15.800000190734863,9.479999542236328,15.859999656677246,,
2338,8.779999732971191,15.68000030517578,9.5600004196167,15.880000114440918,,
2339,8.699999809265137,15.140000343322754,9.5,15.779999732971191,,
2340,8.720000267028809,14.899999618530272,9.380000114440918,15.760000228881836,,
2341,8.800000190734863,15.420000076293944,9.460000038146973,15.899999618530272,,
2342,8.9399995803833,15.380000114440918,9.4399995803833,16.0,,
2343,8.960000038146973,15.5,9.5600004196167,15.699999809265137,,
2344,9.020000457763672,15.420000076293944,9.420000076293944,15.960000038146973,,
2345,9.020000457763672,15.399999618530272,9.4399995803833,15.920000076293944,,
2346,9.199999809265137,15.0600004196167,9.4399995803833,15.880000114440918,,
2347,8.920000076293945,15.34000015258789,9.399999618530272,15.81999969482422,,
2348,8.920000076293945,14.960000038146973,9.520000457763672,15.920000076293944,,
2349,8.880000114440918,14.880000114440918,9.539999961853027,15.779999732971191,,
2350,8.920000076293945,14.859999656677246,9.479999542236328,15.859999656677246,,
2351,8.899999618530273,14.859999656677246,9.460000038146973,15.760000228881836,,
2352,9.0,15.039999961853027,9.359999656677246,15.880000114440918,,
2353,8.960000038146973,15.220000267028809,9.460000038146973,15.880000114440918,,
2354,8.9399995803833,,9.479999542236328,15.979999542236328,,
2355,9.15999984741211,,9.5600004196167,15.960000038146973,,
2356,9.119999885559082,,9.619999885559082,15.68000030517578,,
2357,9.100000381469728,15.0600004196167,9.279999732971191,15.84000015258789,,
2358,8.84000015258789,15.039999961853027,9.460000038146973,16.139999389648438,,
2359,8.859999656677246,15.0600004196167,9.5,15.880000114440918,,
2360,8.920000076293945,14.960000038146973,9.460000038146973,15.779999732971191,,
2361,8.880000114440918,14.84000015258789,9.359999656677246,15.880000114440918,,
2362,8.880000114440918,15.199999809265137,9.479999542236328,16.079999923706055,,
2363,8.899999618530273,15.34000015258789,9.640000343322754,15.9399995803833,,
2364,9.020000457763672,15.619999885559082,9.539999961853027,15.920000076293944,,
2365,8.760000228881836,15.699999809265137,9.600000381469728,15.880000114440918,,
2366,8.800000190734863,15.300000190734863,9.520000457763672,16.059999465942383,,
2367,8.84000015258789,15.15999984741211,9.600000381469728,15.84000015258789,,
2368,8.880000114440918,14.9399995803833,9.579999923706056,15.979999542236328,,
2369,8.9399995803833,14.84000015258789,9.579999923706056,15.979999542236328,,
2370,8.979999542236328,14.84000015258789,9.399999618530272,16.0,,
2371,8.979999542236328,14.899999618530272,9.520000457763672,16.0,,
2372,9.020000457763672,15.239999771118164,9.5,16.020000457763672,,
2373,9.0,15.100000381469728,9.479999542236328,16.040000915527344,,
2374,8.979999542236328,15.020000457763672,9.420000076293944,16.020000457763672,,
2375,8.960000038146973,15.18000030517578,9.460000038146973,16.0,,
2376,8.9399995803833,14.979999542236328,9.640000343322754,16.0,,
2377,8.979999542236328,14.5600004196167,9.65999984741211,15.859999656677246,,
2378,9.0,14.600000381469728,9.600000381469728,15.9399995803833,,
2379,8.9399995803833,14.84000015258789,9.479999542236328,15.81999969482422,,
2380,8.960000038146973,14.880000114440918,9.520000457763672,15.880000114440918,,
2381,8.960000038146973,14.859999656677246,9.399999618530272,15.899999618530272,,
2382,9.020000457763672,14.899999618530272,9.5,15.84000015258789,,
2383,9.0,15.0,9.399999618530272,15.760000228881836,,
2384,9.0,14.960000038146973,9.5600004196167,15.920000076293944,,
2385,9.039999961853027,15.0600004196167,9.399999618530272,15.81999969482422,,
2386,9.039999961853027,15.0600004196167,9.600000381469728,15.880000114440918,,
2387,8.960000038146973,14.979999542236328,9.399999618530272,15.960000038146973,,
2388,8.9399995803833,14.899999618530272,9.520000457763672,16.219999313354492,,
2389,8.9399995803833,15.020000457763672,9.539999961853027,15.979999542236328,,
2390,8.920000076293945,15.079999923706056,9.520000457763672,15.920000076293944,,
2391,8.920000076293945,15.0600004196167,9.479999542236328,16.0,,
2392,8.760000228881836,15.18000030517578,9.539999961853027,16.100000381469727,,
2393,8.680000305175781,15.020000457763672,9.5,16.040000915527344,,
2394,8.800000190734863,15.020000457763672,9.399999618530272,15.979999542236328,,
2395,8.84000015258789,14.960000038146973,9.479999542236328,16.1200008392334,,
2396,8.899999618530273,14.960000038146973,9.199999809265137,16.0,,
2397,8.960000038146973,15.0,9.520000457763672,16.1200008392334,,
2398,8.960000038146973,15.359999656677246,9.34000015258789,16.040000915527344,,
2399,9.0,15.520000457763672,9.279999732971191,16.040000915527344,,
2400,9.020000457763672,15.880000114440918,9.640000343322754,16.020000457763672,,
2401,9.020000457763672,15.039999961853027,9.399999618530272,16.1200008392334,,
2402,9.0600004196167,15.119999885559082,9.4399995803833,16.100000381469727,,
2403,9.039999961853027,15.380000114440918,9.479999542236328,16.100000381469727,,
2404,9.0,15.5,9.520000457763672,15.9399995803833,,
2405,8.960000038146973,15.31999969482422,9.399999618530272,15.880000114440918,,
2406,8.920000076293945,15.359999656677246,9.640000343322754,15.960000038146973,,
2407,8.979999542236328,14.960000038146973,9.520000457763672,16.1200008392334,,
2408,8.960000038146973,15.239999771118164,8.960000038146973,15.960000038146973,,
2409,8.9399995803833,14.739999771118164,9.520000457763672,15.880000114440918,,
2410,8.880000114440918,15.720000267028809,9.359999656677246,15.920000076293944,,
2411,8.859999656677246,15.699999809265137,9.399999618530272,16.020000457763672,,
2412,8.84000015258789,15.600000381469728,9.239999771118164,15.859999656677246,,
2413,8.84000015258789,15.68000030517578,9.4399995803833,15.779999732971191,,
2414,8.899999618530273,15.380000114440918,9.399999618530272,15.859999656677246,,
2415,8.9399995803833,15.399999618530272,9.520000457763672,15.920000076293944,,
2416,8.920000076293945,15.220000267028809,9.279999732971191,15.779999732971191,,
2417,8.920000076293945,15.31999969482422,9.420000076293944,15.9399995803833,,
2418,8.960000038146973,15.220000267028809,9.460000038146973,15.720000267028809,,
2419,8.800000190734863,15.9399995803833,9.5600004196167,15.739999771118164,,
2420,8.899999618530273,15.899999618530272,9.479999542236328,15.979999542236328,,
2421,8.9399995803833,15.720000267028809,9.460000038146973,16.059999465942383,,
2422,8.880000114440918,15.739999771118164,9.520000457763672,16.040000915527344,,
2423,8.779999732971191,15.68000030517578,9.399999618530272,15.880000114440918,,
2424,8.800000190734863,15.84000015258789,9.5,16.0,,
2425,8.899999618530273,15.699999809265137,9.5600004196167,16.0,,
2426,9.100000381469728,15.779999732971191,9.5600004196167,16.040000915527344,,
2427,9.100000381469728,15.920000076293944,9.539999961853027,15.960000038146973,,
2428,9.0,15.760000228881836,9.539999961853027,16.020000457763672,,
2429,8.899999618530273,15.4399995803833,9.539999961853027,15.920000076293944,,
2430,8.84000015258789,15.0600004196167,9.399999618530272,15.779999732971191,,
2431,8.880000114440918,15.0600004196167,9.4399995803833,15.760000228881836,,
2432,9.100000381469728,15.600000381469728,9.460000038146973,15.699999809265137,,
2433,8.880000114440918,15.5600004196167,9.5600004196167,15.68000030517578,,
2434,8.859999656677246,15.65999984741211,9.420000076293944,15.619999885559082,,
2435,8.880000114440918,15.4399995803833,9.380000114440918,15.619999885559082,,
2436,8.920000076293945,16.360000610351562,9.460000038146973,15.600000381469728,,
2437,8.920000076293945,16.299999237060547,9.5,15.5,,
2438,8.920000076293945,15.619999885559082,9.380000114440918,15.479999542236328,,
2439,8.880000114440918,15.34000015258789,9.260000228881836,15.619999885559082,,
2440,8.979999542236328,15.640000343322754,9.539999961853027,15.65999984741211,,
2441,8.899999618530273,15.31999969482422,9.5,15.880000114440918,,
2442,8.9399995803833,15.079999923706056,9.579999923706056,15.800000190734863,,
2443,8.9399995803833,15.420000076293944,9.399999618530272,15.65999984741211,,
2444,8.819999694824219,15.800000190734863,9.380000114440918,15.84000015258789,,
2445,8.819999694824219,15.300000190734863,9.399999618530272,16.040000915527344,,
2446,8.880000114440918,15.31999969482422,9.399999618530272,15.899999618530272,,
2447,9.140000343322754,15.479999542236328,9.479999542236328,15.84000015258789,,
2448,8.9399995803833,15.68000030517578,9.479999542236328,15.899999618530272,,
2449,8.9399995803833,15.640000343322754,9.5,16.0,,
2450,8.979999542236328,15.520000457763672,9.479999542236328,15.880000114440918,,
2451,9.18000030517578,15.279999732971191,9.460000038146973,15.800000190734863,,
2452,8.979999542236328,15.380000114440918,9.4399995803833,15.899999618530272,,
2453,8.859999656677246,15.079999923706056,9.460000038146973,15.920000076293944,,
2454,8.680000305175781,15.220000267028809,9.460000038146973,15.81999969482422,,
2455,8.479999542236328,15.579999923706056,9.359999656677246,16.079999923706055,,
2456,8.680000305175781,15.199999809265137,9.31999969482422,16.139999389648438,,
2457,8.359999656677246,15.220000267028809,9.4399995803833,15.920000076293944,,
2458,8.819999694824219,15.31999969482422,9.399999618530272,16.299999237060547,,
2459,8.960000038146973,15.0600004196167,9.199999809265137,16.020000457763672,,
2460,8.880000114440918,15.460000038146973,9.420000076293944,16.079999923706055,,
2461,8.859999656677246,15.31999969482422,9.34000015258789,16.1200008392334,,
2462,8.819999694824219,15.579999923706056,9.359999656677246,16.100000381469727,,
2463,8.859999656677246,15.399999618530272,9.34000015258789,15.960000038146973,,
2464,8.880000114440918,15.020000457763672,9.5,16.0,,
2465,9.039999961853027,14.81999969482422,9.5,16.040000915527344,,
2466,9.300000190734863,15.4399995803833,9.5,16.059999465942383,,
2467,9.18000030517578,15.479999542236328,9.4399995803833,16.020000457763672,,
2468,9.100000381469728,14.979999542236328,9.399999618530272,16.040000915527344,,
2469,9.020000457763672,14.760000228881836,9.460000038146973,16.020000457763672,,
2470,9.079999923706056,15.079999923706056,9.479999542236328,16.079999923706055,,
2471,8.9399995803833,15.34000015258789,9.539999961853027,16.15999984741211,,
2472,9.020000457763672,15.239999771118164,9.5600004196167,16.18000030517578,,
2473,9.100000381469728,15.199999809265137,9.5600004196167,16.100000381469727,,
2474,9.100000381469728,15.020000457763672,9.520000457763672,16.059999465942383,,
2475,8.979999542236328,15.079999923706056,9.5,16.100000381469727,,
2476,8.859999656677246,15.0,9.479999542236328,16.299999237060547,,
2477,8.9399995803833,14.9399995803833,9.520000457763672,16.059999465942383,,
2478,8.880000114440918,14.880000114440918,9.539999961853027,15.960000038146973,,
2479,8.899999618530273,14.859999656677246,9.5600004196167,16.0,,
2480,8.899999618530273,14.859999656677246,9.5600004196167,16.0,,
2481,8.979999542236328,14.84000015258789,9.479999542236328,16.1200008392334,,
2482,8.9399995803833,14.9399995803833,9.520000457763672,16.079999923706055,,
2483,8.960000038146973,14.960000038146973,9.239999771118164,16.059999465942383,,
2484,8.899999618530273,14.9399995803833,9.720000267028809,16.139999389648438,,
2485,8.960000038146973,14.920000076293944,9.640000343322754,16.18000030517578,,
2486,8.699999809265137,14.859999656677246,9.479999542236328,16.0,,
2487,8.479999542236328,14.920000076293944,9.739999771118164,15.920000076293944,,
2488,8.779999732971191,14.880000114440918,9.5,16.0,,
2489,9.18000030517578,14.960000038146973,9.460000038146973,15.9399995803833,,
2490,9.119999885559082,14.960000038146973,9.520000457763672,15.920000076293944,,
2491,8.920000076293945,14.960000038146973,9.520000457763672,16.020000457763672,,
2492,8.819999694824219,14.960000038146973,9.479999542236328,15.960000038146973,,
2493,8.880000114440918,14.979999542236328,9.539999961853027,15.9399995803833,,
2494,8.819999694824219,14.920000076293944,9.479999542236328,15.920000076293944,,
2495,8.739999771118164,14.859999656677246,9.479999542236328,15.9399995803833,,
2496,8.920000076293945,14.920000076293944,9.520000457763672,16.15999984741211,,
2497,8.880000114440918,14.920000076293944,9.539999961853027,15.9399995803833,,
2498,8.920000076293945,14.920000076293944,9.739999771118164,15.9399995803833,,
2499,8.979999542236328,14.960000038146973,9.739999771118164,15.979999542236328,,
2500,8.859999656677246,15.0,9.539999961853027,16.0,,
2501,8.880000114440918,14.859999656677246,9.539999961853027,16.0,,
2502,,14.960000038146973,9.5600004196167,15.9399995803833,,
2503,8.979999542236328,14.960000038146973,9.5600004196167,16.059999465942383,,
2504,9.119999885559082,14.899999618530272,9.520000457763672,15.920000076293944,,
2505,9.100000381469728,14.880000114440918,9.5600004196167,15.920000076293944,,
2506,9.039999961853027,14.920000076293944,9.279999732971191,15.880000114440918,,
2507,9.020000457763672,14.880000114440918,9.579999923706056,15.899999618530272,,
2508,9.140000343322754,14.880000114440918,9.640000343322754,15.9399995803833,,
2509,9.020000457763672,14.899999618530272,9.5600004196167,15.880000114440918,,
2510,,14.9399995803833,9.4399995803833,15.920000076293944,,
2511,9.119999885559082,14.9399995803833,9.640000343322754,16.040000915527344,,
2512,9.039999961853027,14.979999542236328,9.5600004196167,16.040000915527344,,
2513,8.9399995803833,15.0,9.520000457763672,15.960000038146973,,
2514,8.979999542236328,15.039999961853027,9.539999961853027,16.079999923706055,,
2515,9.100000381469728,15.100000381469728,9.460000038146973,16.040000915527344,,
2516,9.100000381469728,15.119999885559082,9.600000381469728,15.979999542236328,,
2517,9.039999961853027,15.0,9.579999923706056,16.0,,
2518,8.979999542236328,15.0,9.5,16.040000915527344,,
2519,9.18000030517578,15.079999923706056,9.460000038146973,16.0,,
2520,9.199999809265137,15.079999923706056,9.5600004196167,16.079999923706055,,
2521,8.859999656677246,15.039999961853027,9.5600004196167,16.15999984741211,,
2522,8.800000190734863,15.020000457763672,9.5,16.040000915527344,,
2523,8.9399995803833,15.18000030517578,9.520000457763672,15.920000076293944,,
2524,8.960000038146973,15.079999923706056,9.479999542236328,16.079999923706055,,
2525,8.859999656677246,15.18000030517578,9.520000457763672,16.139999389648438,,
2526,8.819999694824219,14.960000038146973,9.5600004196167,16.0,,
2527,9.079999923706056,15.079999923706056,9.539999961853027,16.1200008392334,,
2528,9.100000381469728,15.18000030517578,9.520000457763672,16.1200008392334,,
2529,9.100000381469728,15.239999771118164,9.5,16.299999237060547,,
2530,9.079999923706056,15.020000457763672,9.5,16.139999389648438,,
2531,8.920000076293945,14.960000038146973,9.479999542236328,16.100000381469727,,
2532,8.979999542236328,14.979999542236328,9.359999656677246,16.059999465942383,,
2533,8.960000038146973,15.0600004196167,9.399999618530272,16.100000381469727,,
2534,8.9399995803833,15.239999771118164,9.420000076293944,16.1200008392334,,
2535,9.079999923706056,14.920000076293944,9.5600004196167,16.079999923706055,,
2536,9.039999961853027,14.960000038146973,9.5,16.059999465942383,,
2537,9.079999923706056,14.9399995803833,9.380000114440918,16.100000381469727,,
2538,9.18000030517578,14.979999542236328,9.4399995803833,16.1200008392334,,
2539,9.199999809265137,15.0600004196167,9.460000038146973,16.079999923706055,,
2540,9.0600004196167,15.119999885559082,9.4399995803833,16.040000915527344,,
2541,9.039999961853027,15.15999984741211,9.420000076293944,16.15999984741211,,
2542,8.880000114440918,15.140000343322754,9.4399995803833,16.239999771118164,,
2543,9.199999809265137,14.9399995803833,9.399999618530272,16.15999984741211,,
2544,8.9399995803833,15.020000457763672,9.4399995803833,16.100000381469727,,
2545,8.880000114440918,15.079999923706056,9.460000038146973,16.15999984741211,,
2546,8.880000114440918,15.18000030517578,9.5,16.1200008392334,,
2547,8.9399995803833,15.220000267028809,9.479999542236328,16.18000030517578,,
2548,8.960000038146973,15.079999923706056,9.520000457763672,16.18000030517578,,
2549,8.960000038146973,15.18000030517578,9.5,16.020000457763672,,
2550,8.920000076293945,15.359999656677246,9.520000457763672,16.139999389648438,,
2551,9.039999961853027,15.68000030517578,9.460000038146973,16.18000030517578,,
2552,8.899999618530273,15.300000190734863,9.5,16.200000762939453,,
2553,8.880000114440918,15.220000267028809,9.479999542236328,16.18000030517578,,
2554,8.960000038146973,15.31999969482422,9.539999961853027,16.18000030517578,,
2555,8.920000076293945,15.140000343322754,9.5600004196167,16.139999389648438,,
2556,8.960000038146973,15.140000343322754,9.600000381469728,16.100000381469727,,
2557,8.920000076293945,15.039999961853027,9.479999542236328,16.1200008392334,,
2558,9.020000457763672,15.020000457763672,9.520000457763672,16.239999771118164,,
2559,9.039999961853027,15.079999923706056,9.479999542236328,16.1200008392334,,
2560,8.979999542236328,15.380000114440918,9.4399995803833,16.1200008392334,,
2561,9.0,15.300000190734863,9.380000114440918,16.0,,
2562,9.020000457763672,15.4399995803833,9.380000114440918,16.5,,
2563,9.039999961853027,15.140000343322754,9.460000038146973,16.200000762939453,,
2564,8.960000038146973,15.079999923706056,9.4399995803833,16.299999237060547,,
2565,8.960000038146973,15.119999885559082,9.460000038146973,16.3799991607666,,
2566,9.0,15.079999923706056,9.579999923706056,16.219999313354492,,
2567,8.9399995803833,15.0,9.520000457763672,16.219999313354492,,
2568,8.9399995803833,15.020000457763672,9.5,16.260000228881836,,
2569,8.880000114440918,15.0600004196167,9.5,16.280000686645508,,
2570,8.859999656677246,15.039999961853027,9.5600004196167,16.239999771118164,,
2571,8.880000114440918,15.020000457763672,9.479999542236328,16.219999313354492,,
2572,9.0600004196167,15.020000457763672,9.539999961853027,16.260000228881836,,
2573,8.84000015258789,15.15999984741211,9.479999542236328,16.18000030517578,,
2574,8.819999694824219,15.279999732971191,9.600000381469728,16.079999923706055,,
2575,9.100000381469728,15.220000267028809,9.640000343322754,16.059999465942383,,
2576,8.9399995803833,15.300000190734863,9.479999542236328,16.200000762939453,,
2577,8.899999618530273,15.220000267028809,9.520000457763672,16.18000030517578,,
2578,9.079999923706056,15.119999885559082,9.5,16.040000915527344,,
2579,8.979999542236328,15.079999923706056,9.479999542236328,16.079999923706055,,
2580,9.079999923706056,15.100000381469728,9.5600004196167,16.059999465942383,,
2581,8.979999542236328,15.079999923706056,9.5600004196167,16.059999465942383,,
2582,8.899999618530273,15.0600004196167,9.31999969482422,16.059999465942383,,
2583,8.979999542236328,15.18000030517578,9.520000457763672,16.020000457763672,,
2584,9.140000343322754,15.18000030517578,9.420000076293944,16.040000915527344,,
2585,9.18000030517578,15.18000030517578,9.5,16.020000457763672,,
2586,9.260000228881836,15.420000076293944,9.520000457763672,16.059999465942383,,
2587,9.18000030517578,15.460000038146973,9.479999542236328,16.139999389648438,,
2588,9.239999771118164,15.420000076293944,9.380000114440918,16.15999984741211,,
2589,9.100000381469728,16.280000686645508,9.420000076293944,15.9399995803833,,
2590,9.100000381469728,15.18000030517578,9.420000076293944,16.059999465942383,,
2591,9.039999961853027,15.119999885559082,9.520000457763672,16.1200008392334,,
2592,9.079999923706056,15.18000030517578,9.579999923706056,16.079999923706055,,
2593,9.140000343322754,15.18000030517578,9.520000457763672,16.0,,
2594,9.199999809265137,15.279999732971191,9.5600004196167,16.100000381469727,,
2595,9.0600004196167,15.359999656677246,9.4399995803833,16.100000381469727,,
2596,9.020000457763672,15.399999618530272,9.479999542236328,15.979999542236328,,
2597,8.960000038146973,15.359999656677246,9.479999542236328,16.040000915527344,,
2598,9.0,15.359999656677246,9.399999618530272,16.15999984741211,,
2599,9.039999961853027,15.300000190734863,9.460000038146973,16.0,,
2600,9.0600004196167,15.18000030517578,9.460000038146973,16.059999465942383,,
2601,9.140000343322754,15.079999923706056,9.479999542236328,16.040000915527344,,
2602,9.119999885559082,15.0,9.479999542236328,16.079999923706055,,
2603,9.100000381469728,15.140000343322754,9.420000076293944,15.9399995803833,,
2604,9.0,15.420000076293944,9.460000038146973,16.0,,
2605,8.859999656677246,15.399999618530272,9.4399995803833,16.020000457763672,,
2606,9.039999961853027,15.68000030517578,9.520000457763672,15.960000038146973,,
2607,8.800000190734863,15.0600004196167,9.539999961853027,16.040000915527344,,
2608,8.800000190734863,15.359999656677246,9.460000038146973,16.0,,
2609,8.84000015258789,15.34000015258789,9.4399995803833,16.0,,
2610,8.880000114440918,15.199999809265137,9.460000038146973,16.059999465942383,,
2611,9.100000381469728,15.119999885559082,9.420000076293944,15.979999542236328,,
2612,8.960000038146973,15.039999961853027,9.5,16.040000915527344,,
2613,9.140000343322754,15.18000030517578,9.4399995803833,16.0,,
2614,9.140000343322754,15.140000343322754,9.539999961853027,16.040000915527344,,
2615,9.119999885559082,15.260000228881836,9.539999961853027,16.040000915527344,,
2616,9.0,15.260000228881836,9.460000038146973,16.139999389648438,,
2617,8.979999542236328,15.18000030517578,9.420000076293944,16.219999313354492,,
2618,8.9399995803833,15.18000030517578,9.34000015258789,16.239999771118164,,
2619,9.020000457763672,15.100000381469728,9.479999542236328,16.079999923706055,,
2620,8.899999618530273,15.039999961853027,9.5,16.079999923706055,,
2621,8.920000076293945,15.199999809265137,9.539999961853027,16.059999465942383,,
2622,8.9399995803833,15.18000030517578,9.5,16.1200008392334,,
2623,9.039999961853027,15.220000267028809,9.4399995803833,16.100000381469727,,
2624,8.960000038146973,15.18000030517578,9.479999542236328,16.040000915527344,,
2625,9.0,15.119999885559082,9.520000457763672,16.0,,
2626,9.0,15.100000381469728,9.520000457763672,16.1200008392334,,
2627,9.039999961853027,15.140000343322754,9.5,16.020000457763672,,
2628,9.020000457763672,15.140000343322754,9.520000457763672,16.040000915527344,,
2629,8.960000038146973,15.220000267028809,9.600000381469728,15.979999542236328,,
2630,9.039999961853027,15.119999885559082,9.640000343322754,16.079999923706055,,
2631,9.0,15.18000030517578,9.520000457763672,15.9399995803833,,
2632,8.979999542236328,15.239999771118164,9.539999961853027,15.9399995803833,,
2633,8.960000038146973,15.300000190734863,9.520000457763672,15.920000076293944,,
2634,9.119999885559082,15.34000015258789,9.479999542236328,15.979999542236328,,
2635,9.0600004196167,15.380000114440918,9.520000457763672,16.0,,
2636,9.020000457763672,15.31999969482422,9.520000457763672,15.979999542236328,,
2637,8.880000114440918,15.220000267028809,9.479999542236328,16.18000030517578,,
2638,9.039999961853027,15.140000343322754,9.479999542236328,16.040000915527344,,
2639,8.960000038146973,15.100000381469728,9.520000457763672,16.059999465942383,,
2640,9.079999923706056,15.18000030517578,9.5600004196167,16.219999313354492,,
2641,9.15999984741211,15.220000267028809,9.579999923706056,16.040000915527344,,
2642,9.100000381469728,15.119999885559082,9.619999885559082,16.020000457763672,,
2643,8.9399995803833,15.100000381469728,9.539999961853027,16.059999465942383,,
2644,8.920000076293945,15.260000228881836,9.5,16.059999465942383,,
2645,8.960000038146973,15.18000030517578,9.5,16.079999923706055,,
2646,8.779999732971191,14.920000076293944,9.619999885559082,15.9399995803833,,
2647,8.800000190734863,15.079999923706056,9.5600004196167,16.079999923706055,,
2648,8.800000190734863,14.899999618530272,9.600000381469728,16.059999465942383,,
2649,8.859999656677246,15.020000457763672,9.5600004196167,16.260000228881836,,
2650,8.800000190734863,14.960000038146973,9.520000457763672,16.360000610351562,,
2651,8.84000015258789,14.899999618530272,9.640000343322754,16.18000030517578,,
2652,9.140000343322754,14.720000267028809,9.579999923706056,16.18000030517578,,
2653,8.960000038146973,14.579999923706056,9.579999923706056,16.239999771118164,,
2654,8.979999542236328,14.68000030517578,9.520000457763672,16.280000686645508,,
2655,8.960000038146973,14.960000038146973,9.579999923706056,16.200000762939453,,
2656,8.9399995803833,14.859999656677246,9.579999923706056,16.18000030517578,,
2657,8.9399995803833,14.960000038146973,9.579999923706056,16.200000762939453,,
2658,8.979999542236328,15.220000267028809,9.579999923706056,16.15999984741211,,
2659,9.020000457763672,15.119999885559082,9.5600004196167,16.15999984741211,,
2660,9.0,15.140000343322754,9.5600004196167,16.1200008392334,,
2661,8.9399995803833,15.140000343322754,9.5600004196167,16.100000381469727,,
2662,9.039999961853027,15.18000030517578,9.539999961853027,16.040000915527344,,
2663,9.0,15.18000030517578,9.600000381469728,16.020000457763672,,
2664,9.039999961853027,15.039999961853027,9.619999885559082,16.020000457763672,,
2665,9.260000228881836,15.260000228881836,9.520000457763672,16.0,,
2666,9.140000343322754,15.31999969482422,9.640000343322754,16.139999389648438,,
2667,9.100000381469728,15.18000030517578,9.579999923706056,16.1200008392334,,
2668,9.18000030517578,15.079999923706056,9.5,16.15999984741211,,
2669,9.100000381469728,15.079999923706056,9.5600004196167,16.079999923706055,,
2670,9.140000343322754,15.039999961853027,9.520000457763672,16.200000762939453,,
2671,9.220000267028809,14.859999656677246,9.5600004196167,16.15999984741211,,
2672,9.100000381469728,15.119999885559082,9.539999961853027,16.18000030517578,,
2673,9.119999885559082,15.020000457763672,9.5600004196167,16.059999465942383,,
2674,9.079999923706056,14.960000038146973,9.520000457763672,16.0,,
2675,8.979999542236328,14.859999656677246,9.520000457763672,16.0,,
2676,9.020000457763672,15.079999923706056,9.600000381469728,16.0,,
2677,8.960000038146973,15.220000267028809,9.65999984741211,16.1200008392334,,
2678,8.819999694824219,16.15999984741211,9.640000343322754,16.040000915527344,,
2679,8.859999656677246,15.140000343322754,9.579999923706056,16.040000915527344,,
2680,8.880000114440918,14.9399995803833,9.600000381469728,16.0,,
2681,8.9399995803833,15.079999923706056,9.5,15.84000015258789,,
2682,8.859999656677246,15.5,9.520000457763672,15.979999542236328,,
2683,9.039999961853027,15.380000114440918,9.539999961853027,16.040000915527344,,
2684,8.9399995803833,15.199999809265137,9.5600004196167,16.020000457763672,,
2685,8.960000038146973,15.220000267028809,9.5600004196167,16.200000762939453,,
2686,8.880000114440918,15.380000114440918,9.520000457763672,16.1200008392334,,
2687,8.920000076293945,15.140000343322754,9.640000343322754,16.059999465942383,,
2688,8.920000076293945,15.260000228881836,9.579999923706056,16.020000457763672,,
2689,8.960000038146973,15.579999923706056,9.5600004196167,16.200000762939453,,
2690,8.920000076293945,15.68000030517578,9.539999961853027,16.059999465942383,,
2691,8.9399995803833,15.520000457763672,9.5600004196167,16.100000381469727,,
2692,9.079999923706056,15.68000030517578,9.579999923706056,16.1200008392334,,
2693,9.020000457763672,15.119999885559082,9.5,16.15999984741211,,
2694,9.0,15.079999923706056,9.579999923706056,16.18000030517578,,
2695,8.960000038146973,15.0600004196167,9.520000457763672,16.280000686645508,,
2696,8.84000015258789,15.15999984741211,9.619999885559082,16.139999389648438,,
2697,8.9399995803833,15.079999923706056,9.539999961853027,16.18000030517578,,
2698,8.920000076293945,15.039999961853027,9.5600004196167,16.139999389648438,,
2699,8.9399995803833,15.039999961853027,9.520000457763672,16.15999984741211,,
2700,8.880000114440918,15.039999961853027,9.539999961853027,16.299999237060547,,
2701,8.880000114440918,15.020000457763672,9.65999984741211,16.200000762939453,,
2702,8.920000076293945,15.020000457763672,9.640000343322754,16.059999465942383,,
2703,9.079999923706056,14.960000038146973,9.520000457763672,16.18000030517578,,
2704,8.979999542236328,14.920000076293944,9.479999542236328,16.15999984741211,,
2705,8.920000076293945,15.34000015258789,9.479999542236328,16.1200008392334,,
2706,8.920000076293945,15.31999969482422,9.65999984741211,16.0,,
2707,8.920000076293945,15.220000267028809,9.520000457763672,16.079999923706055,,
2708,8.880000114440918,15.0600004196167,9.520000457763672,15.960000038146973,,
2709,8.9399995803833,15.039999961853027,9.520000457763672,15.960000038146973,,
2710,8.9399995803833,15.0,9.4399995803833,16.079999923706055,,
2711,8.9399995803833,15.020000457763672,9.479999542236328,16.260000228881836,,
2712,9.119999885559082,15.18000030517578,9.4399995803833,16.040000915527344,,
2713,8.9399995803833,15.199999809265137,9.520000457763672,16.040000915527344,,
2714,9.020000457763672,15.039999961853027,9.5,16.079999923706055,,
2715,8.880000114440918,15.0,9.5,16.139999389648438,,
2716,8.920000076293945,15.039999961853027,9.600000381469728,16.059999465942383,,
2717,8.979999542236328,15.15999984741211,9.539999961853027,16.18000030517578,,
2718,8.960000038146973,15.18000030517578,9.5,16.1200008392334,,
2719,8.899999618530273,15.140000343322754,9.600000381469728,16.139999389648438,,
2720,9.0,15.260000228881836,9.579999923706056,16.239999771118164,,
2721,8.739999771118164,15.31999969482422,9.539999961853027,16.18000030517578,,
2722,8.699999809265137,15.279999732971191,9.600000381469728,16.219999313354492,,
2723,8.819999694824219,15.18000030517578,9.5600004196167,16.260000228881836,,
2724,8.819999694824219,15.18000030517578,9.520000457763672,16.18000030517578,,
2725,8.819999694824219,15.399999618530272,9.520000457763672,16.059999465942383,,
2726,8.9399995803833,15.640000343322754,9.600000381469728,16.100000381469727,,
2727,8.800000190734863,15.699999809265137,9.68000030517578,16.139999389648438,,
2728,8.9399995803833,15.68000030517578,9.640000343322754,16.200000762939453,,
2729,8.899999618530273,15.640000343322754,9.84000015258789,16.200000762939453,,
2730,8.920000076293945,15.779999732971191,9.539999961853027,16.219999313354492,,
2731,9.0,15.65999984741211,9.5600004196167,16.260000228881836,,
2732,8.9399995803833,15.5600004196167,9.4399995803833,16.260000228881836,,
2733,9.0,15.600000381469728,9.619999885559082,16.299999237060547,,
2734,8.899999618530273,15.520000457763672,9.68000030517578,16.260000228881836,,
2735,8.819999694824219,15.399999618530272,9.640000343322754,16.280000686645508,,
2736,9.0600004196167,15.4399995803833,9.699999809265137,16.219999313354492,,
2737,8.84000015258789,15.460000038146973,9.600000381469728,16.079999923706055,,
2738,9.020000457763672,15.460000038146973,9.5600004196167,16.34000015258789,,
2739,8.920000076293945,15.460000038146973,9.539999961853027,16.280000686645508,,
2740,8.779999732971191,15.34000015258789,9.579999923706056,16.299999237060547,,
2741,8.9399995803833,15.079999923706056,9.619999885559082,16.420000076293945,,
2742,8.880000114440918,15.279999732971191,9.579999923706056,16.399999618530273,,
2743,8.880000114440918,15.800000190734863,9.5600004196167,16.479999542236328,,
2744,8.979999542236328,15.479999542236328,9.579999923706056,16.299999237060547,,
2745,9.199999809265137,15.34000015258789,9.68000030517578,16.239999771118164,,
2746,9.220000267028809,15.34000015258789,9.720000267028809,16.360000610351562,,
2747,8.979999542236328,15.640000343322754,9.5600004196167,16.420000076293945,,
2748,8.9399995803833,15.420000076293944,9.5600004196167,16.15999984741211,,
2749,8.800000190734863,15.359999656677246,9.539999961853027,16.360000610351562,,
2750,8.800000190734863,15.359999656677246,9.600000381469728,16.3799991607666,,
2751,8.9399995803833,15.359999656677246,9.68000030517578,16.15999984741211,,
2752,8.800000190734863,15.479999542236328,9.640000343322754,16.219999313354492,,
2753,8.800000190734863,15.15999984741211,9.600000381469728,16.200000762939453,,
2754,8.880000114440918,15.239999771118164,9.68000030517578,16.299999237060547,,
2755,8.9399995803833,15.15999984741211,9.5600004196167,16.3799991607666,,
2756,9.100000381469728,15.119999885559082,9.579999923706056,16.260000228881836,,
2757,9.18000030517578,15.399999618530272,9.640000343322754,16.18000030517578,,
2758,9.15999984741211,15.260000228881836,9.579999923706056,16.100000381469727,,
2759,9.119999885559082,15.260000228881836,9.640000343322754,16.200000762939453,,
2760,9.119999885559082,15.34000015258789,9.800000190734863,16.219999313354492,,
2761,9.100000381469728,15.300000190734863,9.5600004196167,16.200000762939453,,
2762,9.15999984741211,15.199999809265137,9.520000457763672,16.219999313354492,,
2763,8.899999618530273,15.279999732971191,9.600000381469728,16.31999969482422,,
2764,9.119999885559082,15.140000343322754,9.5600004196167,16.219999313354492,,
2765,8.880000114440918,15.199999809265137,9.619999885559082,16.200000762939453,,
2766,8.859999656677246,15.039999961853027,9.5,16.200000762939453,,
2767,8.9399995803833,15.079999923706056,9.539999961853027,16.260000228881836,,
2768,9.020000457763672,15.079999923706056,9.5600004196167,16.15999984741211,,
2769,9.039999961853027,15.039999961853027,9.68000030517578,16.139999389648438,,
2770,9.039999961853027,15.18000030517578,9.600000381469728,16.139999389648438,,
2771,9.039999961853027,15.119999885559082,9.600000381469728,16.1200008392334,,
2772,9.0600004196167,15.300000190734863,9.640000343322754,16.239999771118164,,
2773,9.140000343322754,15.15999984741211,9.65999984741211,16.260000228881836,,
2774,8.880000114440918,15.239999771118164,9.68000030517578,16.260000228881836,,
2775,8.739999771118164,15.079999923706056,9.619999885559082,16.260000228881836,,
2776,8.779999732971191,15.199999809265137,9.539999961853027,16.219999313354492,,
2777,8.859999656677246,15.199999809265137,9.619999885559082,16.139999389648438,,
2778,8.720000267028809,15.199999809265137,9.68000030517578,16.280000686645508,,
2779,8.579999923706055,15.239999771118164,9.539999961853027,16.18000030517578,,
2780,8.300000190734863,15.34000015258789,9.539999961853027,16.200000762939453,,
2781,8.4399995803833,15.220000267028809,9.520000457763672,16.15999984741211,,
2782,8.699999809265137,15.220000267028809,9.4399995803833,16.059999465942383,,
2783,8.65999984741211,15.199999809265137,9.600000381469728,16.239999771118164,,
2784,8.65999984741211,15.100000381469728,9.539999961853027,16.15999984741211,,
2785,9.039999961853027,15.100000381469728,9.5600004196167,16.15999984741211,,
2786,9.0600004196167,15.199999809265137,9.5,16.200000762939453,,
2787,9.020000457763672,15.199999809265137,9.5,16.239999771118164,,
2788,8.960000038146973,15.260000228881836,9.5,16.15999984741211,,
2789,8.859999656677246,15.15999984741211,9.5600004196167,16.059999465942383,,
2790,9.0600004196167,15.199999809265137,9.5600004196167,16.260000228881836,,
2791,9.020000457763672,15.199999809265137,9.539999961853027,16.219999313354492,,
2792,8.760000228881836,15.239999771118164,9.539999961853027,16.200000762939453,,
2793,8.680000305175781,15.140000343322754,9.579999923706056,16.15999984741211,,
2794,8.779999732971191,15.239999771118164,9.520000457763672,16.200000762939453,,
2795,8.880000114440918,15.15999984741211,9.68000030517578,16.200000762939453,,
2796,8.800000190734863,15.260000228881836,9.619999885559082,16.18000030517578,,
2797,8.819999694824219,15.140000343322754,9.5,16.040000915527344,,
2798,8.899999618530273,15.15999984741211,9.579999923706056,16.079999923706055,,
2799,8.920000076293945,15.279999732971191,9.640000343322754,16.18000030517578,,
2800,9.0,15.260000228881836,9.600000381469728,16.18000030517578,,
2801,8.84000015258789,15.199999809265137,9.600000381469728,16.079999923706055,,
2802,8.640000343322754,15.199999809265137,9.579999923706056,16.040000915527344,,
2803,8.84000015258789,15.220000267028809,9.579999923706056,16.059999465942383,,
2804,8.880000114440918,14.979999542236328,9.5600004196167,16.260000228881836,,
2805,8.899999618530273,15.0,9.5,16.200000762939453,,
2806,8.9399995803833,15.18000030517578,9.600000381469728,16.100000381469727,,
2807,8.960000038146973,15.079999923706056,9.600000381469728,16.139999389648438,,
2808,8.760000228881836,15.100000381469728,9.619999885559082,16.040000915527344,,
2809,8.720000267028809,15.020000457763672,9.579999923706056,15.979999542236328,,
2810,8.84000015258789,15.020000457763672,9.539999961853027,15.960000038146973,,
2811,8.859999656677246,14.920000076293944,9.520000457763672,15.9399995803833,,
2812,8.720000267028809,14.899999618530272,9.5600004196167,16.299999237060547,,
2813,8.859999656677246,14.920000076293944,9.539999961853027,16.15999984741211,,
2814,8.819999694824219,15.079999923706056,9.619999885559082,16.020000457763672,,
2815,8.760000228881836,15.0600004196167,9.640000343322754,16.139999389648438,,
2816,8.800000190734863,15.020000457763672,9.760000228881836,16.15999984741211,,
2817,8.699999809265137,15.079999923706056,9.699999809265137,16.200000762939453,,
2818,8.779999732971191,14.9399995803833,9.619999885559082,16.15999984741211,,
2819,8.779999732971191,14.979999542236328,9.5,16.0,,
2820,8.760000228881836,14.9399995803833,9.539999961853027,16.15999984741211,,
2821,8.819999694824219,14.960000038146973,9.65999984741211,16.15999984741211,,
2822,8.680000305175781,15.020000457763672,9.579999923706056,16.15999984741211,,
2823,8.699999809265137,15.020000457763672,9.5600004196167,16.219999313354492,,
2824,8.920000076293945,15.020000457763672,9.699999809265137,16.079999923706055,,
2825,8.920000076293945,14.979999542236328,9.760000228881836,16.0,,
2826,8.720000267028809,15.039999961853027,9.699999809265137,15.979999542236328,,
2827,8.779999732971191,15.079999923706056,9.460000038146973,16.059999465942383,,
2828,8.760000228881836,15.079999923706056,9.539999961853027,16.059999465942383,,
2829,8.760000228881836,15.079999923706056,9.619999885559082,16.139999389648438,,
2830,8.819999694824219,15.220000267028809,9.640000343322754,16.0,,
2831,8.819999694824219,15.18000030517578,9.65999984741211,16.31999969482422,,
2832,8.920000076293945,15.119999885559082,9.640000343322754,16.219999313354492,,
2833,8.920000076293945,15.140000343322754,9.579999923706056,16.260000228881836,,
2834,8.899999618530273,15.34000015258789,9.65999984741211,16.18000030517578,,
2835,8.960000038146973,15.5,9.68000030517578,16.15999984741211,,
2836,8.739999771118164,15.279999732971191,9.600000381469728,16.15999984741211,,
2837,8.859999656677246,15.079999923706056,9.479999542236328,16.239999771118164,,
2838,8.880000114440918,15.039999961853027,9.5,16.1200008392334,,
2839,8.9399995803833,15.039999961853027,9.68000030517578,16.18000030517578,,
2840,8.899999618530273,15.079999923706056,9.520000457763672,16.0,,
2841,8.920000076293945,15.039999961853027,9.479999542236328,16.139999389648438,,
2842,8.880000114440918,14.960000038146973,9.5,16.200000762939453,,
2843,9.020000457763672,15.0,9.5600004196167,16.0,,
2844,8.880000114440918,14.899999618530272,9.779999732971191,16.040000915527344,,
2845,8.899999618530273,15.0600004196167,9.520000457763672,16.280000686645508,,
2846,9.039999961853027,15.0600004196167,9.5,16.399999618530273,,
2847,9.100000381469728,15.079999923706056,9.739999771118164,16.280000686645508,,
2848,8.960000038146973,15.079999923706056,9.699999809265137,16.280000686645508,,
2849,8.960000038146973,15.15999984741211,9.5,16.219999313354492,,
2850,9.0600004196167,15.34000015258789,9.5600004196167,16.18000030517578,,
2851,9.039999961853027,15.18000030517578,9.640000343322754,16.219999313354492,,
2852,9.300000190734863,15.18000030517578,9.600000381469728,16.280000686645508,,
2853,8.920000076293945,15.18000030517578,9.619999885559082,16.399999618530273,,
2854,8.880000114440918,15.039999961853027,9.5600004196167,16.31999969482422,,
2855,8.800000190734863,14.880000114440918,9.539999961853027,16.280000686645508,,
2856,8.760000228881836,15.079999923706056,9.699999809265137,16.34000015258789,,
2857,8.699999809265137,15.300000190734863,9.579999923706056,16.34000015258789,,
2858,8.859999656677246,15.220000267028809,9.68000030517578,16.3799991607666,,
2859,8.739999771118164,15.34000015258789,9.5600004196167,16.299999237060547,,
2860,8.699999809265137,15.399999618530272,9.5600004196167,16.299999237060547,,
2861,8.739999771118164,15.15999984741211,9.619999885559082,16.239999771118164,,
2862,8.760000228881836,15.100000381469728,9.619999885559082,16.440000534057617,,
2863,8.899999618530273,15.039999961853027,9.579999923706056,16.360000610351562,,
2864,8.859999656677246,15.020000457763672,9.539999961853027,16.299999237060547,,
2865,8.920000076293945,15.020000457763672,9.5600004196167,16.31999969482422,,
2866,8.920000076293945,15.079999923706056,9.579999923706056,16.31999969482422,,
2867,8.960000038146973,15.0600004196167,9.520000457763672,16.260000228881836,,
2868,8.9399995803833,15.100000381469728,9.579999923706056,16.260000228881836,,
2869,8.960000038146973,15.140000343322754,9.479999542236328,16.399999618530273,,
2870,8.920000076293945,15.100000381469728,9.539999961853027,16.31999969482422,,
2871,8.960000038146973,15.100000381469728,9.600000381469728,16.399999618530273,,
2872,9.15999984741211,15.119999885559082,9.539999961853027,16.399999618530273,,
2873,9.100000381469728,15.079999923706056,9.68000030517578,16.420000076293945,,
2874,9.079999923706056,15.119999885559082,9.65999984741211,16.399999618530273,,
2875,9.0,15.100000381469728,9.720000267028809,16.440000534057617,,
2876,8.899999618530273,15.119999885559082,9.579999923706056,16.520000457763672,,
2877,9.239999771118164,15.119999885559082,9.539999961853027,16.440000534057617,,
2878,8.920000076293945,15.15999984741211,9.640000343322754,16.360000610351562,,
2879,8.920000076293945,15.15999984741211,9.619999885559082,16.299999237060547,,
2880,8.899999618530273,15.100000381469728,9.640000343322754,16.260000228881836,,
2881,8.920000076293945,15.199999809265137,9.600000381469728,16.260000228881836,,
2882,8.899999618530273,15.0600004196167,9.5600004196167,16.520000457763672,,
2883,8.979999542236328,15.079999923706056,9.380000114440918,16.219999313354492,,
2884,8.9399995803833,15.18000030517578,9.579999923706056,16.31999969482422,,
2885,8.979999542236328,15.239999771118164,9.640000343322754,16.299999237060547,,
2886,9.039999961853027,15.079999923706056,9.65999984741211,16.579999923706055,,
2887,8.880000114440918,15.079999923706056,9.760000228881836,16.200000762939453,,
2888,8.920000076293945,15.039999961853027,9.5600004196167,16.280000686645508,,
2889,8.859999656677246,15.18000030517578,9.5600004196167,16.260000228881836,,
2890,8.920000076293945,15.199999809265137,9.619999885559082,16.280000686645508,,
2891,8.880000114440918,15.31999969482422,9.640000343322754,16.31999969482422,,
2892,8.899999618530273,15.359999656677246,9.68000030517578,16.299999237060547,,
2893,8.920000076293945,15.079999923706056,9.65999984741211,16.219999313354492,,
2894,8.859999656677246,15.100000381469728,9.539999961853027,16.260000228881836,,
2895,8.800000190734863,15.039999961853027,9.539999961853027,16.299999237060547,,
2896,8.880000114440918,15.0,9.539999961853027,16.299999237060547,,
2897,9.100000381469728,15.0600004196167,9.5600004196167,16.219999313354492,,
2898,8.84000015258789,15.039999961853027,9.579999923706056,16.239999771118164,,
2899,8.880000114440918,15.140000343322754,9.539999961853027,16.079999923706055,,
2900,8.9399995803833,15.039999961853027,9.5600004196167,16.079999923706055,,
2901,9.0600004196167,15.380000114440918,9.479999542236328,16.280000686645508,,
2902,9.0600004196167,15.399999618530272,9.520000457763672,16.200000762939453,,
2903,8.899999618530273,14.859999656677246,9.479999542236328,16.200000762939453,,
2904,8.84000015258789,14.68000030517578,9.460000038146973,16.139999389648438,,
2905,8.859999656677246,14.68000030517578,9.4399995803833,16.200000762939453,,
2906,8.880000114440918,15.279999732971191,9.420000076293944,16.260000228881836,,
2907,9.0,15.100000381469728,9.539999961853027,16.219999313354492,,
2908,9.020000457763672,15.15999984741211,9.5600004196167,16.280000686645508,,
2909,9.039999961853027,15.18000030517578,9.5600004196167,16.260000228881836,,
2910,9.079999923706056,15.300000190734863,9.619999885559082,16.280000686645508,,
2911,8.899999618530273,14.68000030517578,9.640000343322754,16.299999237060547,,
2912,8.84000015258789,14.859999656677246,9.579999923706056,16.260000228881836,,
2913,8.960000038146973,15.020000457763672,9.619999885559082,16.200000762939453,,
2914,9.079999923706056,14.960000038146973,9.68000030517578,16.219999313354492,,
2915,9.119999885559082,14.9399995803833,9.5600004196167,16.219999313354492,,
2916,9.020000457763672,14.979999542236328,9.539999961853027,16.280000686645508,,
2917,8.920000076293945,15.359999656677246,9.539999961853027,16.31999969482422,,
2918,8.819999694824219,15.359999656677246,9.5,16.219999313354492,,
2919,8.880000114440918,15.359999656677246,9.619999885559082,16.219999313354492,,
2920,8.920000076293945,15.079999923706056,9.68000030517578,16.200000762939453,,
2921,8.880000114440918,15.18000030517578,9.68000030517578,16.239999771118164,,
2922,8.779999732971191,15.199999809265137,9.699999809265137,16.280000686645508,,
2923,8.859999656677246,15.260000228881836,9.800000190734863,16.260000228881836,,
2924,8.979999542236328,15.199999809265137,9.65999984741211,16.15999984741211,,
2925,9.18000030517578,15.260000228881836,9.640000343322754,16.219999313354492,,
2926,8.979999542236328,15.119999885559082,9.65999984741211,16.260000228881836,,
2927,8.979999542236328,15.119999885559082,9.5600004196167,16.239999771118164,,
2928,8.960000038146973,15.039999961853027,9.460000038146973,16.219999313354492,,
2929,8.960000038146973,15.119999885559082,9.5600004196167,16.200000762939453,,
2930,8.859999656677246,15.239999771118164,9.5600004196167,16.219999313354492,,
2931,8.819999694824219,15.199999809265137,9.640000343322754,16.200000762939453,,
2932,8.84000015258789,15.119999885559082,9.579999923706056,16.139999389648438,,
2933,9.119999885559082,15.079999923706056,9.619999885559082,16.260000228881836,,
2934,9.119999885559082,15.039999961853027,9.539999961853027,16.219999313354492,,
2935,8.960000038146973,15.0,9.68000030517578,16.200000762939453,,
2936,8.920000076293945,15.020000457763672,9.5600004196167,16.15999984741211,,
2937,9.0,15.079999923706056,9.520000457763672,16.15999984741211,,
2938,8.979999542236328,15.399999618530272,9.5600004196167,16.079999923706055,,
2939,8.960000038146973,15.399999618530272,9.239999771118164,16.079999923706055,,
2940,8.960000038146973,15.260000228881836,9.65999984741211,16.260000228881836,,
2941,8.960000038146973,15.15999984741211,9.579999923706056,16.260000228881836,,
2942,8.960000038146973,15.15999984741211,9.5600004196167,16.260000228881836,,
2943,8.920000076293945,15.34000015258789,9.460000038146973,16.260000228881836,,
2944,8.920000076293945,15.34000015258789,9.539999961853027,16.299999237060547,,
2945,9.0600004196167,15.239999771118164,9.579999923706056,16.260000228881836,,
2946,8.84000015258789,15.34000015258789,9.5600004196167,16.559999465942383,,
2947,8.920000076293945,15.300000190734863,9.5600004196167,16.31999969482422,,
2948,8.760000228881836,15.31999969482422,9.619999885559082,16.280000686645508,,
2949,8.720000267028809,15.260000228881836,9.640000343322754,16.260000228881836,,
2950,8.739999771118164,15.079999923706056,9.699999809265137,16.239999771118164,,
2951,8.680000305175781,15.119999885559082,9.619999885559082,16.31999969482422,,
2952,8.9399995803833,15.140000343322754,9.720000267028809,16.260000228881836,,
2953,8.84000015258789,15.279999732971191,9.579999923706056,16.260000228881836,,
2954,8.859999656677246,15.18000030517578,9.539999961853027,16.399999618530273,,
2955,8.920000076293945,15.260000228881836,9.5600004196167,16.420000076293945,,
2956,8.979999542236328,15.079999923706056,9.579999923706056,16.3799991607666,,
2957,9.0,15.220000267028809,9.619999885559082,16.299999237060547,,
2958,9.020000457763672,15.020000457763672,9.579999923706056,16.360000610351562,,
2959,8.979999542236328,15.140000343322754,9.640000343322754,16.299999237060547,,
2960,8.960000038146973,15.279999732971191,9.619999885559082,16.299999237060547,,
2961,8.920000076293945,15.520000457763672,9.600000381469728,16.260000228881836,,
2962,8.84000015258789,15.479999542236328,9.640000343322754,16.280000686645508,,
2963,8.859999656677246,15.5,9.5600004196167,16.15999984741211,,
2964,8.920000076293945,15.420000076293944,9.460000038146973,16.139999389648438,,
2965,9.039999961853027,15.4399995803833,9.640000343322754,16.219999313354492,,
2966,8.960000038146973,15.300000190734863,9.579999923706056,16.139999389648438,,
2967,8.960000038146973,15.300000190734863,9.640000343322754,16.18000030517578,,
2968,8.899999618530273,15.18000030517578,9.600000381469728,16.239999771118164,,
2969,8.859999656677246,15.220000267028809,9.640000343322754,16.34000015258789,,
2970,9.039999961853027,15.420000076293944,9.699999809265137,16.260000228881836,,
2971,9.0,15.479999542236328,9.5600004196167,16.260000228881836,,
2972,8.9399995803833,15.760000228881836,9.520000457763672,16.260000228881836,,
2973,8.859999656677246,15.4399995803833,9.5600004196167,16.219999313354492,,
2974,8.920000076293945,15.5600004196167,9.5600004196167,16.260000228881836,,
2975,8.9399995803833,15.5600004196167,9.5600004196167,16.280000686645508,,
2976,8.819999694824219,15.520000457763672,9.619999885559082,16.31999969482422,,
2977,8.720000267028809,15.5,9.5600004196167,16.31999969482422,,
2978,8.699999809265137,15.4399995803833,9.5600004196167,16.31999969482422,,
2979,9.020000457763672,15.300000190734863,9.460000038146973,16.299999237060547,,
2980,9.039999961853027,15.140000343322754,9.5600004196167,16.260000228881836,,
2981,8.9399995803833,15.199999809265137,9.579999923706056,16.360000610351562,,
2982,9.0600004196167,15.15999984741211,9.600000381469728,16.299999237060547,,
2983,8.960000038146973,15.079999923706056,9.539999961853027,16.479999542236328,,
2984,8.979999542236328,15.039999961853027,9.5600004196167,16.260000228881836,,
2985,8.84000015258789,15.300000190734863,9.399999618530272,16.31999969482422,,
2986,8.880000114440918,15.460000038146973,9.140000343322754,16.239999771118164,,
2987,9.020000457763672,15.34000015258789,9.619999885559082,16.280000686645508,,
2988,8.920000076293945,14.960000038146973,9.579999923706056,16.299999237060547,,
2989,8.920000076293945,15.079999923706056,9.5600004196167,16.31999969482422,,
2990,8.84000015258789,14.979999542236328,9.5600004196167,16.3799991607666,,
2991,8.880000114440918,15.100000381469728,9.5600004196167,16.280000686645508,,
2992,8.880000114440918,15.220000267028809,9.539999961853027,16.3799991607666,,
2993,8.880000114440918,15.279999732971191,9.619999885559082,16.299999237060547,,
2994,8.960000038146973,15.279999732971191,9.579999923706056,16.15999984741211,,
2995,9.039999961853027,15.18000030517578,9.600000381469728,16.200000762939453,,
2996,9.079999923706056,15.359999656677246,9.579999923706056,16.200000762939453,,
2997,8.859999656677246,15.399999618530272,9.640000343322754,16.299999237060547,,
2998,8.920000076293945,15.31999969482422,9.600000381469728,16.360000610351562,,
2999,9.0,15.4399995803833,9.539999961853027,16.360000610351562,,
3000,8.920000076293945,15.460000038146973,9.520000457763672,16.139999389648438,,
3001,8.920000076293945,15.140000343322754,9.640000343322754,16.139999389648438,,
3002,8.9399995803833,14.979999542236328,9.600000381469728,16.260000228881836,,
3003,9.0600004196167,14.859999656677246,9.600000381469728,16.18000030517578,,
3004,8.960000038146973,14.920000076293944,9.619999885559082,16.219999313354492,,
3005,8.859999656677246,15.420000076293944,9.68000030517578,16.139999389648438,,
3006,9.079999923706056,15.359999656677246,9.640000343322754,16.219999313354492,,
3007,9.15999984741211,15.279999732971191,9.640000343322754,16.31999969482422,,
3008,9.15999984741211,15.380000114440918,9.68000030517578,16.299999237060547,,
3009,9.31999969482422,15.34000015258789,9.640000343322754,16.299999237060547,,
3010,9.100000381469728,15.239999771118164,9.640000343322754,16.299999237060547,,
3011,9.260000228881836,15.34000015258789,9.640000343322754,16.399999618530273,,
3012,9.100000381469728,15.34000015258789,9.619999885559082,16.360000610351562,,
3013,8.960000038146973,15.31999969482422,9.65999984741211,16.3799991607666,,
3014,8.859999656677246,15.34000015258789,9.699999809265137,16.3799991607666,,
3015,8.779999732971191,15.539999961853027,9.65999984741211,16.399999618530273,,
3016,8.800000190734863,15.260000228881836,9.65999984741211,16.360000610351562,,
3017,8.819999694824219,15.199999809265137,9.65999984741211,16.399999618530273,,
3018,8.84000015258789,15.260000228881836,9.640000343322754,16.34000015258789,,
3019,8.800000190734863,15.239999771118164,9.600000381469728,16.34000015258789,,
3020,9.0,15.0600004196167,9.640000343322754,16.260000228881836,,
3021,8.84000015258789,15.18000030517578,9.579999923706056,16.34000015258789,,
3022,8.859999656677246,15.0600004196167,9.699999809265137,16.299999237060547,,
3023,8.859999656677246,15.079999923706056,9.68000030517578,16.31999969482422,,
3024,8.920000076293945,15.119999885559082,9.68000030517578,16.360000610351562,,
3025,9.020000457763672,15.239999771118164,9.65999984741211,16.399999618530273,,
3026,9.279999732971191,15.239999771118164,9.579999923706056,16.3799991607666,,
3027,9.199999809265137,15.140000343322754,9.65999984741211,16.520000457763672,,
3028,8.960000038146973,14.960000038146973,9.68000030517578,16.520000457763672,,
3029,9.300000190734863,14.880000114440918,9.68000030517578,16.299999237060547,,
3030,9.079999923706056,15.079999923706056,9.5600004196167,16.200000762939453,,
3031,9.31999969482422,15.0600004196167,9.619999885559082,16.34000015258789,,
3032,9.300000190734863,15.079999923706056,9.65999984741211,16.139999389648438,,
3033,9.279999732971191,15.279999732971191,9.68000030517578,16.139999389648438,,
3034,9.039999961853027,15.0600004196167,9.68000030517578,16.299999237060547,,
3035,8.9399995803833,15.020000457763672,9.640000343322754,16.420000076293945,,
3036,9.279999732971191,15.5600004196167,9.640000343322754,16.299999237060547,,
3037,9.079999923706056,15.279999732971191,9.619999885559082,16.280000686645508,,
3038,9.119999885559082,15.039999961853027,9.65999984741211,16.31999969482422,,
3039,9.15999984741211,15.020000457763672,9.65999984741211,16.299999237060547,,
3040,9.0600004196167,14.800000190734863,9.720000267028809,16.360000610351562,,
3041,8.84000015258789,14.68000030517578,9.68000030517578,16.31999969482422,,
3042,9.100000381469728,14.920000076293944,9.720000267028809,16.399999618530273,,
3043,8.899999618530273,14.899999618530272,9.720000267028809,16.360000610351562,,
3044,9.039999961853027,14.84000015258789,9.640000343322754,16.3799991607666,,
3045,9.039999961853027,15.0,9.640000343322754,16.6200008392334,,
3046,8.960000038146973,15.039999961853027,9.800000190734863,16.540000915527344,,
3047,8.859999656677246,14.960000038146973,9.760000228881836,16.3799991607666,,
3048,8.9399995803833,14.979999542236328,9.720000267028809,16.520000457763672,,
3049,9.039999961853027,15.140000343322754,9.619999885559082,16.459999084472656,,
3050,,15.220000267028809,9.579999923706056,16.479999542236328,,
3051,9.260000228881836,15.0600004196167,9.4399995803833,16.459999084472656,,
3052,9.260000228881836,15.18000030517578,9.720000267028809,16.440000534057617,,
3053,9.31999969482422,15.399999618530272,9.600000381469728,16.3799991607666,,
3054,9.119999885559082,15.420000076293944,9.239999771118164,16.360000610351562,,
3055,9.119999885559082,15.579999923706056,9.720000267028809,16.34000015258789,,
3056,9.239999771118164,15.220000267028809,9.579999923706056,16.3799991607666,,
3057,9.140000343322754,15.220000267028809,9.539999961853027,16.440000534057617,,
3058,9.119999885559082,15.18000030517578,9.539999961853027,16.6200008392334,,
3059,9.100000381469728,15.119999885559082,9.539999961853027,16.479999542236328,,
3060,9.279999732971191,15.18000030517578,9.600000381469728,16.459999084472656,,
3061,9.239999771118164,15.34000015258789,9.65999984741211,16.399999618530273,,
3062,9.279999732971191,15.5600004196167,9.640000343322754,16.399999618530273,,
3063,9.239999771118164,15.5600004196167,9.739999771118164,16.559999465942383,,
3064,9.260000228881836,15.600000381469728,9.699999809265137,16.5,,
3065,9.199999809265137,15.239999771118164,9.640000343322754,16.3799991607666,,
3066,8.960000038146973,15.140000343322754,9.720000267028809,16.3799991607666,,
3067,8.960000038146973,15.18000030517578,9.68000030517578,16.299999237060547,,
3068,8.960000038146973,15.0600004196167,9.640000343322754,16.459999084472656,,
3069,8.979999542236328,15.119999885559082,9.579999923706056,16.3799991607666,,
3070,8.859999656677246,15.0600004196167,9.579999923706056,16.420000076293945,,
3071,9.020000457763672,15.020000457763672,9.600000381469728,16.3799991607666,,
3072,9.079999923706056,15.020000457763672,9.9399995803833,16.3799991607666,,
3073,9.100000381469728,15.31999969482422,9.699999809265137,16.299999237060547,,
3074,9.140000343322754,15.100000381469728,9.600000381469728,16.31999969482422,,
3075,9.199999809265137,15.239999771118164,9.68000030517578,16.31999969482422,,
3076,9.020000457763672,15.18000030517578,9.619999885559082,16.420000076293945,,
3077,8.920000076293945,15.15999984741211,9.640000343322754,16.34000015258789,,
3078,9.18000030517578,15.220000267028809,9.68000030517578,16.399999618530273,,
3079,9.279999732971191,15.300000190734863,9.699999809265137,16.600000381469727,,
3080,9.31999969482422,15.31999969482422,9.640000343322754,16.540000915527344,,
3081,9.31999969482422,15.479999542236328,9.699999809265137,16.360000610351562,,
3082,9.239999771118164,15.600000381469728,9.65999984741211,16.459999084472656,,
3083,8.960000038146973,15.779999732971191,9.539999961853027,16.5,,
3084,8.960000038146973,15.380000114440918,9.699999809265137,16.479999542236328,,
3085,9.0600004196167,15.100000381469728,9.720000267028809,16.520000457763672,,
3086,9.220000267028809,15.079999923706056,9.699999809265137,16.420000076293945,,
3087,9.199999809265137,15.079999923706056,9.68000030517578,16.459999084472656,,
3088,8.800000190734863,15.079999923706056,9.640000343322754,16.540000915527344,,
3089,8.819999694824219,15.279999732971191,9.68000030517578,16.520000457763672,,
3090,8.84000015258789,15.359999656677246,9.65999984741211,16.5,,
3091,8.9399995803833,15.34000015258789,9.579999923706056,16.540000915527344,,
3092,8.760000228881836,15.18000030517578,9.579999923706056,16.600000381469727,,
3093,9.020000457763672,15.100000381469728,9.65999984741211,16.399999618530273,,
3094,8.800000190734863,15.140000343322754,9.640000343322754,16.399999618530273,,
3095,8.84000015258789,15.34000015258789,9.65999984741211,16.3799991607666,,
3096,8.84000015258789,15.15999984741211,9.640000343322754,16.360000610351562,,
3097,8.800000190734863,15.119999885559082,9.5600004196167,16.459999084472656,,
3098,8.880000114440918,15.0600004196167,9.619999885559082,16.440000534057617,,
3099,9.039999961853027,15.079999923706056,9.600000381469728,16.420000076293945,,
3100,9.039999961853027,15.220000267028809,9.68000030517578,16.540000915527344,,
3101,8.84000015258789,15.199999809265137,9.65999984741211,16.3799991607666,,
3102,8.800000190734863,15.239999771118164,9.68000030517578,16.5,,
3103,8.779999732971191,15.18000030517578,9.699999809265137,16.6200008392334,,
3104,8.760000228881836,15.079999923706056,9.619999885559082,16.5,,
3105,8.739999771118164,15.039999961853027,9.720000267028809,16.579999923706055,,
3106,8.960000038146973,15.140000343322754,9.760000228881836,16.420000076293945,,
3107,9.359999656677246,15.039999961853027,9.800000190734863,16.5,,
3108,9.039999961853027,15.039999961853027,9.84000015258789,16.440000534057617,,
3109,9.0600004196167,15.079999923706056,9.84000015258789,16.459999084472656,,
3110,9.119999885559082,15.079999923706056,9.800000190734863,16.440000534057617,,
3111,9.119999885559082,15.140000343322754,9.979999542236328,16.459999084472656,,
3112,9.119999885559082,15.079999923706056,9.800000190734863,16.520000457763672,,
3113,9.199999809265137,15.220000267028809,9.800000190734863,16.520000457763672,,
3114,8.880000114440918,15.18000030517578,9.779999732971191,16.520000457763672,,
3115,8.859999656677246,15.279999732971191,9.699999809265137,16.6200008392334,,
3116,8.899999618530273,15.300000190734863,9.739999771118164,16.479999542236328,,
3117,8.859999656677246,15.239999771118164,9.720000267028809,16.579999923706055,,
3118,8.859999656677246,15.239999771118164,9.699999809265137,16.479999542236328,,
3119,8.859999656677246,15.220000267028809,9.65999984741211,16.459999084472656,,
3120,8.859999656677246,15.140000343322754,9.739999771118164,16.559999465942383,,
3121,9.119999885559082,15.140000343322754,9.720000267028809,16.540000915527344,,
3122,9.119999885559082,15.31999969482422,9.699999809265137,16.440000534057617,,
3123,8.9399995803833,15.18000030517578,9.68000030517578,16.459999084472656,,
3124,9.15999984741211,15.140000343322754,9.739999771118164,16.559999465942383,,
3125,8.920000076293945,15.079999923706056,9.640000343322754,16.6200008392334,,
3126,8.84000015258789,15.039999961853027,9.68000030517578,16.479999542236328,,
3127,8.960000038146973,15.0600004196167,9.720000267028809,16.479999542236328,,
3128,8.920000076293945,15.0,9.720000267028809,16.3799991607666,,
3129,9.079999923706056,15.039999961853027,9.699999809265137,16.479999542236328,,
3130,9.140000343322754,15.239999771118164,9.699999809265137,16.399999618530273,,
3131,8.859999656677246,15.260000228881836,9.720000267028809,16.440000534057617,,
3132,8.979999542236328,15.199999809265137,9.720000267028809,16.520000457763672,,
3133,9.15999984741211,15.199999809265137,9.68000030517578,16.520000457763672,,
3134,9.140000343322754,15.239999771118164,9.68000030517578,16.360000610351562,,
3135,9.18000030517578,15.279999732971191,9.640000343322754,16.520000457763672,,
3136,9.119999885559082,15.18000030517578,9.619999885559082,16.600000381469727,,
3137,9.119999885559082,15.300000190734863,9.600000381469728,16.440000534057617,,
3138,8.920000076293945,15.300000190734863,9.640000343322754,16.420000076293945,,
3139,8.880000114440918,15.34000015258789,9.640000343322754,16.459999084472656,,
3140,8.9399995803833,15.34000015258789,9.640000343322754,16.479999542236328,,
3141,8.899999618530273,15.140000343322754,9.579999923706056,16.559999465942383,,
3142,8.800000190734863,15.18000030517578,9.699999809265137,16.540000915527344,,
3143,8.920000076293945,15.220000267028809,9.720000267028809,16.600000381469727,,
3144,8.859999656677246,15.239999771118164,9.640000343322754,16.479999542236328,,
3145,8.819999694824219,15.239999771118164,9.720000267028809,16.459999084472656,,
3146,8.84000015258789,15.260000228881836,9.699999809265137,16.540000915527344,,
3147,8.960000038146973,15.220000267028809,9.65999984741211,16.459999084472656,,
3148,8.960000038146973,15.220000267028809,9.739999771118164,16.520000457763672,,
3149,8.84000015258789,15.260000228881836,9.800000190734863,16.520000457763672,,
3150,8.899999618530273,15.199999809265137,9.800000190734863,16.399999618530273,,
3151,8.960000038146973,15.100000381469728,9.760000228881836,16.399999618530273,,
3152,8.880000114440918,15.119999885559082,9.739999771118164,16.360000610351562,,
3153,8.779999732971191,15.079999923706056,9.760000228881836,16.420000076293945,,
3154,8.779999732971191,15.15999984741211,9.760000228881836,16.520000457763672,,
3155,8.800000190734863,15.380000114440918,9.68000030517578,16.65999984741211,,
3156,8.819999694824219,15.359999656677246,9.720000267028809,16.739999771118164,,
3157,8.800000190734863,15.300000190734863,9.68000030517578,16.600000381469727,,
3158,8.800000190734863,15.34000015258789,9.779999732971191,16.540000915527344,,
3159,8.800000190734863,15.520000457763672,9.81999969482422,16.459999084472656,,
3160,8.800000190734863,15.800000190734863,9.859999656677246,16.399999618530273,,
3161,8.859999656677246,15.520000457763672,9.84000015258789,16.420000076293945,,
3162,8.84000015258789,15.359999656677246,9.760000228881836,16.479999542236328,,
3163,8.84000015258789,15.34000015258789,9.760000228881836,16.5,,
3164,8.859999656677246,15.34000015258789,9.699999809265137,16.540000915527344,,
3165,8.880000114440918,15.300000190734863,9.600000381469728,16.479999542236328,,
3166,8.880000114440918,15.279999732971191,9.81999969482422,16.540000915527344,,
3167,8.819999694824219,15.18000030517578,9.800000190734863,16.68000030517578,,
3168,8.800000190734863,15.079999923706056,9.760000228881836,16.520000457763672,,
3169,9.039999961853027,15.079999923706056,9.779999732971191,16.700000762939453,,
3170,8.880000114440918,15.100000381469728,9.739999771118164,16.719999313354492,,
3171,8.960000038146973,15.239999771118164,9.420000076293944,16.700000762939453,,
3172,9.0600004196167,15.34000015258789,9.65999984741211,16.639999389648438,,
3173,9.039999961853027,15.34000015258789,,16.540000915527344,,
3174,9.119999885559082,15.380000114440918,9.460000038146973,16.579999923706055,,
3175,9.0,15.420000076293944,9.880000114440918,16.520000457763672,,
3176,9.0,15.34000015258789,9.720000267028809,16.579999923706055,,
3177,8.979999542236328,15.359999656677246,9.68000030517578,16.639999389648438,,
3178,8.960000038146973,15.359999656677246,9.720000267028809,16.639999389648438,,
3179,8.979999542236328,15.359999656677246,9.640000343322754,16.639999389648438,,
3180,9.0,15.380000114440918,9.779999732971191,16.68000030517578,,
3181,9.020000457763672,15.300000190734863,9.899999618530272,16.639999389648438,,
3182,9.0600004196167,15.31999969482422,9.84000015258789,16.719999313354492,,
3183,9.0,15.300000190734863,10.020000457763672,16.739999771118164,,
3184,9.039999961853027,15.31999969482422,9.779999732971191,16.68000030517578,,
3185,8.9399995803833,15.31999969482422,9.779999732971191,16.459999084472656,,
3186,8.9399995803833,15.34000015258789,9.9399995803833,16.579999923706055,,
3187,8.880000114440918,15.34000015258789,9.859999656677246,16.68000030517578,,
3188,8.880000114440918,15.199999809265137,9.739999771118164,16.639999389648438,,
3189,8.84000015258789,15.18000030517578,9.859999656677246,16.639999389648438,,
3190,8.9399995803833,15.260000228881836,9.84000015258789,16.600000381469727,,
3191,8.84000015258789,15.279999732971191,9.9399995803833,16.639999389648438,,
3192,8.9399995803833,15.260000228881836,9.81999969482422,16.639999389648438,,
3193,9.039999961853027,15.359999656677246,9.779999732971191,16.579999923706055,,
3194,9.020000457763672,15.300000190734863,9.800000190734863,16.479999542236328,,
3195,8.960000038146973,15.300000190734863,9.84000015258789,16.5,,
3196,8.9399995803833,15.18000030517578,9.779999732971191,16.540000915527344,,
3197,8.960000038146973,15.18000030517578,9.739999771118164,16.68000030517578,,
3198,8.979999542236328,15.300000190734863,9.699999809265137,16.719999313354492,,
3199,8.859999656677246,15.34000015258789,9.739999771118164,16.719999313354492,,
3200,8.880000114440918,15.260000228881836,9.720000267028809,16.68000030517578,,
3201,8.859999656677246,15.300000190734863,9.619999885559082,16.68000030517578,,
3202,8.800000190734863,15.420000076293944,9.760000228881836,16.68000030517578,,
3203,8.920000076293945,15.31999969482422,9.739999771118164,16.719999313354492,,
3204,8.960000038146973,15.300000190734863,9.800000190734863,16.68000030517578,,
3205,8.859999656677246,15.239999771118164,9.5600004196167,16.559999465942383,,
3206,8.699999809265137,15.300000190734863,9.68000030517578,16.68000030517578,,
3207,8.819999694824219,15.300000190734863,9.84000015258789,16.559999465942383,,
3208,8.819999694824219,15.300000190734863,10.079999923706056,16.600000381469727,,
3209,8.84000015258789,15.31999969482422,9.960000038146973,16.579999923706055,,
3210,8.960000038146973,15.18000030517578,10.0,16.600000381469727,,
3211,8.880000114440918,15.140000343322754,9.960000038146973,16.65999984741211,,
3212,8.880000114440918,15.18000030517578,10.359999656677246,16.65999984741211,,
3213,8.920000076293945,15.5,9.739999771118164,16.68000030517578,,
3214,8.9399995803833,15.119999885559082,9.899999618530272,16.81999969482422,,
3215,8.920000076293945,15.220000267028809,9.699999809265137,16.6200008392334,,
3216,8.960000038146973,15.279999732971191,9.68000030517578,16.65999984741211,,
3217,8.920000076293945,15.239999771118164,9.859999656677246,16.600000381469727,,
3218,8.9399995803833,15.260000228881836,9.81999969482422,16.68000030517578,,
3219,9.0,15.359999656677246,9.800000190734863,16.65999984741211,,
3220,9.020000457763672,15.300000190734863,9.81999969482422,16.639999389648438,,
3221,8.859999656677246,15.239999771118164,10.380000114440918,16.700000762939453,,
3222,8.84000015258789,15.18000030517578,9.899999618530272,16.559999465942383,,
3223,8.979999542236328,15.140000343322754,9.920000076293944,16.639999389648438,,
3224,8.960000038146973,15.100000381469728,9.760000228881836,16.520000457763672,,
3225,8.979999542236328,15.18000030517578,9.81999969482422,16.540000915527344,,
3226,8.920000076293945,15.140000343322754,10.020000457763672,16.540000915527344,,
3227,8.880000114440918,15.300000190734863,9.960000038146973,16.5,,
3228,8.880000114440918,15.399999618530272,9.979999542236328,16.579999923706055,,
3229,9.079999923706056,15.220000267028809,9.920000076293944,16.5,,
3230,9.079999923706056,15.239999771118164,10.100000381469728,16.540000915527344,,
3231,9.039999961853027,15.199999809265137,9.960000038146973,16.700000762939453,,
3232,9.199999809265137,15.220000267028809,9.960000038146973,16.68000030517578,,
3233,9.100000381469728,15.260000228881836,9.960000038146973,16.68000030517578,,
3234,9.039999961853027,15.119999885559082,9.9399995803833,16.719999313354492,,
3235,9.119999885559082,15.239999771118164,9.84000015258789,16.65999984741211,,
3236,8.960000038146973,15.239999771118164,9.739999771118164,16.639999389648438,,
3237,8.920000076293945,15.199999809265137,9.899999618530272,16.6200008392334,,
3238,8.920000076293945,15.18000030517578,9.720000267028809,16.6200008392334,,
3239,8.920000076293945,15.239999771118164,10.039999961853027,16.65999984741211,,
3240,8.9399995803833,15.18000030517578,9.979999542236328,16.719999313354492,,
3241,9.079999923706056,15.18000030517578,9.960000038146973,16.68000030517578,,
3242,9.100000381469728,15.279999732971191,9.84000015258789,16.68000030517578,,
3243,8.979999542236328,15.300000190734863,9.84000015258789,16.639999389648438,,
3244,8.960000038146973,15.239999771118164,9.720000267028809,16.639999389648438,,
3245,8.920000076293945,15.239999771118164,9.84000015258789,16.68000030517578,,
3246,9.020000457763672,15.239999771118164,9.960000038146973,16.6200008392334,,
3247,8.899999618530273,15.18000030517578,10.18000030517578,16.65999984741211,,
3248,9.0600004196167,15.140000343322754,9.880000114440918,16.639999389648438,,
3249,8.9399995803833,15.199999809265137,9.720000267028809,16.68000030517578,,
3250,8.859999656677246,15.199999809265137,9.800000190734863,16.600000381469727,,
3251,8.899999618530273,15.199999809265137,9.720000267028809,16.639999389648438,,
3252,8.880000114440918,15.300000190734863,9.65999984741211,16.639999389648438,,
3253,8.880000114440918,15.199999809265137,9.899999618530272,16.68000030517578,,
3254,8.960000038146973,15.239999771118164,9.880000114440918,16.68000030517578,,
3255,8.699999809265137,15.239999771118164,9.920000076293944,16.760000228881836,,
3256,8.819999694824219,15.119999885559082,9.779999732971191,16.739999771118164,,
3257,8.859999656677246,15.199999809265137,9.84000015258789,16.739999771118164,,
3258,8.880000114440918,15.18000030517578,9.800000190734863,16.719999313354492,,
3259,8.880000114440918,15.199999809265137,9.84000015258789,16.65999984741211,,
3260,8.960000038146973,15.220000267028809,9.899999618530272,16.700000762939453,,
3261,8.859999656677246,15.199999809265137,9.960000038146973,16.65999984741211,,
3262,9.039999961853027,15.300000190734863,10.020000457763672,16.579999923706055,,
3263,9.039999961853027,15.260000228881836,9.84000015258789,16.68000030517578,,
3264,8.899999618530273,15.220000267028809,9.859999656677246,16.68000030517578,,
3265,8.960000038146973,15.260000228881836,9.920000076293944,16.68000030517578,,
3266,8.9399995803833,15.300000190734863,9.84000015258789,16.540000915527344,,
3267,9.0,15.380000114440918,9.800000190734863,16.780000686645508,,
3268,8.979999542236328,15.380000114440918,9.899999618530272,16.739999771118164,,
3269,8.979999542236328,15.260000228881836,9.800000190734863,16.700000762939453,,
3270,8.979999542236328,15.300000190734863,9.81999969482422,16.68000030517578,,
3271,9.119999885559082,15.239999771118164,9.859999656677246,16.600000381469727,,
3272,9.239999771118164,15.18000030517578,9.899999618530272,16.799999237060547,,
3273,9.260000228881836,15.300000190734863,9.760000228881836,16.719999313354492,,
3274,8.920000076293945,15.239999771118164,9.760000228881836,16.600000381469727,,
3275,8.859999656677246,15.199999809265137,9.899999618530272,16.559999465942383,,
3276,8.9399995803833,15.039999961853027,9.739999771118164,16.520000457763672,,
3277,9.039999961853027,15.18000030517578,9.880000114440918,16.5,,
3278,8.859999656677246,15.15999984741211,9.81999969482422,16.579999923706055,,
3279,8.979999542236328,15.34000015258789,9.920000076293944,16.68000030517578,,
3280,9.0,15.380000114440918,9.960000038146973,16.6200008392334,,
3281,8.9399995803833,15.399999618530272,9.84000015258789,16.68000030517578,,
3282,8.960000038146973,15.460000038146973,9.760000228881836,16.760000228881836,,
3283,8.9399995803833,15.359999656677246,9.800000190734863,16.760000228881836,,
3284,9.079999923706056,15.479999542236328,9.779999732971191,16.780000686645508,,
3285,8.920000076293945,15.4399995803833,9.920000076293944,16.68000030517578,,
3286,8.9399995803833,15.399999618530272,9.979999542236328,16.799999237060547,,
3287,8.9399995803833,15.539999961853027,9.84000015258789,16.81999969482422,,
3288,8.979999542236328,15.68000030517578,9.84000015258789,16.84000015258789,,
3289,9.020000457763672,15.460000038146973,10.039999961853027,16.719999313354492,,
3290,9.020000457763672,15.399999618530272,10.140000343322754,16.719999313354492,,
3291,9.039999961853027,15.460000038146973,9.84000015258789,16.719999313354492,,
3292,8.920000076293945,15.34000015258789,9.859999656677246,16.780000686645508,,
3293,8.9399995803833,15.359999656677246,9.880000114440918,16.799999237060547,,
3294,9.100000381469728,15.359999656677246,10.0600004196167,16.799999237060547,,
3295,9.140000343322754,15.359999656677246,10.4399995803833,16.739999771118164,,
3296,9.100000381469728,15.399999618530272,9.960000038146973,16.719999313354492,,
3297,9.100000381469728,15.380000114440918,10.020000457763672,16.700000762939453,,
3298,8.979999542236328,15.380000114440918,9.9399995803833,16.799999237060547,,
3299,9.119999885559082,15.34000015258789,10.140000343322754,16.84000015258789,,
3300,9.100000381469728,15.300000190734863,10.100000381469728,16.860000610351562,,
3301,9.199999809265137,15.199999809265137,10.0,16.860000610351562,,
3302,9.020000457763672,15.380000114440918,9.84000015258789,16.899999618530273,,
3303,9.039999961853027,15.479999542236328,9.859999656677246,16.84000015258789,,
3304,9.0,15.460000038146973,9.920000076293944,16.799999237060547,,
3305,9.0,15.460000038146973,10.0,16.739999771118164,,
3306,9.0,15.300000190734863,9.960000038146973,16.780000686645508,,
3307,9.039999961853027,15.279999732971191,9.880000114440918,16.84000015258789,,
3308,9.0600004196167,15.420000076293944,10.15999984741211,16.8799991607666,,
3309,8.960000038146973,15.4399995803833,10.0,16.84000015258789,,
3310,8.920000076293945,15.479999542236328,10.31999969482422,16.81999969482422,,
3311,9.039999961853027,15.460000038146973,10.0600004196167,16.84000015258789,,
3312,8.960000038146973,15.399999618530272,10.0,16.799999237060547,,
3313,9.079999923706056,15.479999542236328,10.0600004196167,16.780000686645508,,
3314,9.140000343322754,15.399999618530272,9.960000038146973,16.700000762939453,,
3315,9.100000381469728,15.399999618530272,10.0,16.799999237060547,,
3316,9.15999984741211,15.420000076293944,9.960000038146973,16.81999969482422,,
3317,9.0600004196167,15.359999656677246,9.960000038146973,16.760000228881836,,
3318,8.960000038146973,15.380000114440918,9.899999618530272,16.799999237060547,,
3319,8.84000015258789,15.279999732971191,9.899999618530272,16.739999771118164,,
3320,9.0,15.279999732971191,10.0,16.739999771118164,,
3321,9.020000457763672,15.279999732971191,10.039999961853027,16.700000762939453,,
3322,8.880000114440918,15.279999732971191,9.800000190734863,16.700000762939453,,
3323,8.880000114440918,15.279999732971191,9.880000114440918,16.6200008392334,,
3324,8.920000076293945,15.260000228881836,9.920000076293944,16.860000610351562,,
3325,9.119999885559082,15.239999771118164,10.039999961853027,16.860000610351562,,
3326,8.899999618530273,15.260000228881836,10.020000457763672,16.719999313354492,,
3327,9.039999961853027,15.260000228881836,9.800000190734863,16.719999313354492,,
3328,9.039999961853027,15.31999969482422,9.84000015258789,16.719999313354492,,
3329,9.020000457763672,15.31999969482422,9.800000190734863,16.6200008392334,,
3330,9.079999923706056,15.31999969482422,9.84000015258789,16.81999969482422,,
3331,9.039999961853027,15.359999656677246,10.220000267028809,16.700000762939453,,
3332,8.979999542236328,15.4399995803833,9.920000076293944,16.65999984741211,,
3333,9.039999961853027,15.4399995803833,9.800000190734863,16.639999389648438,,
3334,8.920000076293945,15.4399995803833,9.800000190734863,16.8799991607666,,
3335,8.920000076293945,15.31999969482422,9.899999618530272,16.84000015258789,,
3336,8.9399995803833,15.359999656677246,9.859999656677246,16.739999771118164,,
3337,8.9399995803833,15.5600004196167,9.800000190734863,16.920000076293945,,
3338,9.020000457763672,15.640000343322754,9.920000076293944,16.84000015258789,,
3339,9.020000457763672,15.68000030517578,10.0,16.84000015258789,,
3340,9.0,15.5600004196167,9.720000267028809,16.8799991607666,,
3341,8.979999542236328,15.460000038146973,10.0,16.8799991607666,,
3342,9.15999984741211,15.5,9.920000076293944,16.780000686645508,,
3343,9.140000343322754,15.5600004196167,9.880000114440918,16.84000015258789,,
3344,9.0,15.65999984741211,9.859999656677246,16.739999771118164,,
3345,9.0600004196167,15.65999984741211,9.880000114440918,16.739999771118164,,
3346,9.079999923706056,15.699999809265137,9.81999969482422,16.739999771118164,,
3347,9.119999885559082,15.779999732971191,9.899999618530272,16.81999969482422,,
3348,9.0600004196167,15.760000228881836,9.960000038146973,16.84000015258789,,
3349,9.100000381469728,15.880000114440918,9.84000015258789,16.84000015258789,,
3350,9.0,15.920000076293944,9.84000015258789,16.8799991607666,,
3351,8.859999656677246,15.739999771118164,9.81999969482422,16.84000015258789,,
3352,8.84000015258789,15.800000190734863,9.899999618530272,16.84000015258789,,
3353,8.960000038146973,15.68000030517578,10.020000457763672,16.84000015258789,,
3354,9.119999885559082,15.479999542236328,9.920000076293944,16.700000762939453,,
3355,9.140000343322754,15.5,10.039999961853027,16.860000610351562,,
3356,9.399999618530272,15.5,10.0,16.84000015258789,,
3357,9.119999885559082,15.600000381469728,9.800000190734863,16.84000015258789,,
3358,9.020000457763672,15.520000457763672,9.920000076293944,16.81999969482422,,
3359,9.079999923706056,15.68000030517578,9.880000114440918,16.81999969482422,,
3360,9.220000267028809,15.5600004196167,9.880000114440918,16.920000076293945,,
3361,9.239999771118164,15.579999923706056,9.899999618530272,16.860000610351562,,
3362,9.31999969482422,15.5600004196167,9.899999618530272,16.84000015258789,,
3363,9.020000457763672,15.359999656677246,9.899999618530272,16.799999237060547,,
3364,8.979999542236328,15.380000114440918,9.880000114440918,16.84000015258789,,
3365,9.079999923706056,15.359999656677246,9.84000015258789,16.860000610351562,,
3366,9.239999771118164,15.359999656677246,9.880000114440918,16.8799991607666,,
3367,9.020000457763672,15.4399995803833,9.880000114440918,16.84000015258789,,
3368,9.020000457763672,15.5,9.899999618530272,16.84000015258789,,
3369,9.119999885559082,15.640000343322754,9.899999618530272,16.920000076293945,,
3370,9.199999809265137,15.68000030517578,9.899999618530272,16.81999969482422,,
3371,9.18000030517578,15.739999771118164,9.880000114440918,16.860000610351562,,
3372,9.119999885559082,15.65999984741211,9.859999656677246,16.799999237060547,,
3373,9.100000381469728,15.640000343322754,9.779999732971191,16.979999542236328,,
3374,9.100000381469728,15.65999984741211,9.800000190734863,16.760000228881836,,
3375,9.199999809265137,15.520000457763672,9.84000015258789,16.81999969482422,,
3376,9.18000030517578,15.619999885559082,9.899999618530272,16.760000228881836,,
3377,9.079999923706056,15.640000343322754,9.859999656677246,16.860000610351562,,
3378,9.079999923706056,15.739999771118164,9.84000015258789,16.84000015258789,,
3379,9.279999732971191,15.760000228881836,9.779999732971191,16.959999084472656,,
3380,9.0,15.539999961853027,9.81999969482422,16.860000610351562,,
3381,8.979999542236328,15.460000038146973,9.979999542236328,16.799999237060547,,
3382,9.020000457763672,15.359999656677246,9.880000114440918,16.920000076293945,,
3383,8.979999542236328,15.420000076293944,9.9399995803833,16.799999237060547,,
3384,8.920000076293945,15.520000457763672,10.0,16.719999313354492,,
3385,8.9399995803833,15.520000457763672,9.920000076293944,16.799999237060547,,
3386,9.100000381469728,15.399999618530272,9.920000076293944,16.639999389648438,,
3387,9.079999923706056,15.479999542236328,9.920000076293944,16.639999389648438,,
3388,9.020000457763672,15.600000381469728,9.899999618530272,16.780000686645508,,
3389,9.119999885559082,15.640000343322754,9.81999969482422,16.540000915527344,,
3390,9.0,15.68000030517578,9.920000076293944,16.8799991607666,,
3391,8.979999542236328,15.579999923706056,9.9399995803833,16.81999969482422,,
3392,9.020000457763672,15.520000457763672,9.960000038146973,16.579999923706055,,
3393,9.119999885559082,15.460000038146973,9.9399995803833,16.719999313354492,,
3394,9.399999618530272,15.460000038146973,9.9399995803833,16.979999542236328,,
3395,9.399999618530272,15.600000381469728,9.800000190734863,16.81999969482422,,
3396,9.079999923706056,15.68000030517578,9.880000114440918,16.68000030517578,,
3397,8.960000038146973,15.619999885559082,9.880000114440918,16.920000076293945,,
3398,9.0,15.65999984741211,9.979999542236328,16.799999237060547,,
3399,9.0600004196167,15.619999885559082,9.9399995803833,16.860000610351562,,
3400,9.119999885559082,15.539999961853027,9.84000015258789,16.780000686645508,,
3401,9.15999984741211,15.5600004196167,9.920000076293944,16.780000686645508,,
3402,9.0,15.539999961853027,9.920000076293944,16.760000228881836,,
3403,8.920000076293945,15.460000038146973,9.920000076293944,16.84000015258789,,
3404,9.260000228881836,15.359999656677246,9.960000038146973,16.719999313354492,,
3405,9.239999771118164,15.399999618530272,9.920000076293944,16.700000762939453,,
3406,9.279999732971191,15.420000076293944,9.9399995803833,16.84000015258789,,
3407,9.380000114440918,15.460000038146973,9.960000038146973,16.860000610351562,,
3408,9.4399995803833,15.460000038146973,9.9399995803833,16.760000228881836,,
3409,9.279999732971191,15.359999656677246,9.84000015258789,16.799999237060547,,
3410,9.279999732971191,15.479999542236328,9.859999656677246,16.84000015258789,,
3411,9.0,15.399999618530272,9.899999618530272,16.860000610351562,,
3412,9.0,15.31999969482422,9.9399995803833,16.860000610351562,,
3413,8.880000114440918,15.300000190734863,9.899999618530272,16.940000534057617,,
3414,9.239999771118164,15.359999656677246,10.199999809265137,16.8799991607666,,
3415,9.279999732971191,15.460000038146973,9.920000076293944,17.020000457763672,,
3416,9.020000457763672,15.479999542236328,9.859999656677246,17.040000915527344,,
3417,9.140000343322754,15.420000076293944,9.9399995803833,17.020000457763672,,
3418,9.239999771118164,15.5600004196167,10.020000457763672,16.899999618530273,,
3419,9.300000190734863,15.5,10.119999885559082,17.020000457763672,,
3420,9.359999656677246,15.4399995803833,10.18000030517578,17.059999465942383,,
3421,9.380000114440918,15.5,10.0600004196167,16.860000610351562,,
3422,9.359999656677246,15.619999885559082,10.039999961853027,16.899999618530273,,
3423,9.039999961853027,15.600000381469728,9.899999618530272,17.020000457763672,,
3424,9.359999656677246,15.460000038146973,9.979999542236328,17.0,,
3425,9.34000015258789,15.520000457763672,10.399999618530272,16.860000610351562,,
3426,9.359999656677246,15.520000457763672,10.279999732971191,16.899999618530273,,
3427,9.34000015258789,15.5,10.100000381469728,16.84000015258789,,
3428,9.31999969482422,15.479999542236328,10.020000457763672,16.799999237060547,,
3429,9.34000015258789,15.5600004196167,10.0,16.84000015258789,,
3430,9.420000076293944,15.420000076293944,9.579999923706056,16.920000076293945,,
3431,9.34000015258789,15.380000114440918,10.0,16.799999237060547,,
3432,9.300000190734863,15.380000114440918,10.15999984741211,16.81999969482422,,
3433,9.31999969482422,15.34000015258789,9.960000038146973,16.799999237060547,,
3434,9.31999969482422,15.380000114440918,10.039999961853027,16.84000015258789,,
3435,9.34000015258789,15.420000076293944,10.220000267028809,16.799999237060547,,
3436,9.31999969482422,15.460000038146973,10.239999771118164,16.920000076293945,,
3437,9.100000381469728,15.31999969482422,9.960000038146973,16.81999969482422,,
3438,9.020000457763672,15.279999732971191,10.0600004196167,16.899999618530273,,
3439,9.079999923706056,15.359999656677246,10.18000030517578,16.959999084472656,,
3440,9.15999984741211,15.380000114440918,10.399999618530272,16.959999084472656,,
3441,9.15999984741211,15.4399995803833,10.380000114440918,16.899999618530273,,
3442,9.140000343322754,15.420000076293944,10.380000114440918,17.260000228881836,,
3443,9.34000015258789,15.420000076293944,10.0,16.979999542236328,,
3444,9.279999732971191,15.4399995803833,10.220000267028809,16.799999237060547,,
3445,9.260000228881836,15.460000038146973,10.279999732971191,16.959999084472656,,
3446,9.300000190734863,15.5,9.960000038146973,16.959999084472656,,
3447,9.260000228881836,15.5,10.0600004196167,16.920000076293945,,
3448,9.18000030517578,15.4399995803833,9.960000038146973,16.799999237060547,,
3449,9.100000381469728,15.420000076293944,10.15999984741211,16.8799991607666,,
3450,9.279999732971191,15.420000076293944,10.199999809265137,16.860000610351562,,
3451,9.31999969482422,15.420000076293944,9.960000038146973,16.81999969482422,,
3452,9.31999969482422,15.460000038146973,10.100000381469728,16.799999237060547,,
3453,9.220000267028809,15.520000457763672,10.380000114440918,16.780000686645508,,
3454,9.279999732971191,15.619999885559082,9.979999542236328,16.84000015258789,,
3455,9.079999923706056,15.5,9.899999618530272,16.719999313354492,,
3456,9.260000228881836,15.539999961853027,9.920000076293944,16.780000686645508,,
3457,9.140000343322754,15.68000030517578,10.020000457763672,16.84000015258789,,
3458,9.300000190734863,15.640000343322754,10.0600004196167,16.920000076293945,,
3459,9.100000381469728,15.579999923706056,10.0600004196167,16.8799991607666,,
3460,9.079999923706056,15.539999961853027,10.0,16.860000610351562,,
3461,9.140000343322754,15.5,10.0600004196167,16.940000534057617,,
3462,9.039999961853027,15.539999961853027,10.300000190734863,16.899999618530273,,
3463,9.140000343322754,15.619999885559082,10.15999984741211,16.899999618530273,,
3464,9.020000457763672,15.539999961853027,10.300000190734863,16.8799991607666,,
3465,9.0600004196167,15.520000457763672,10.399999618530272,16.959999084472656,,
3466,9.260000228881836,15.34000015258789,10.31999969482422,16.940000534057617,,
3467,9.279999732971191,15.359999656677246,10.18000030517578,16.81999969482422,,
3468,9.119999885559082,15.31999969482422,10.020000457763672,16.899999618530273,,
3469,9.380000114440918,15.399999618530272,10.119999885559082,16.899999618530273,,
3470,9.140000343322754,15.399999618530272,10.039999961853027,16.799999237060547,,
3471,9.15999984741211,15.399999618530272,10.15999984741211,16.8799991607666,,
3472,9.15999984741211,15.420000076293944,10.15999984741211,16.799999237060547,,
3473,9.140000343322754,15.4399995803833,9.979999542236328,16.899999618530273,,
3474,9.079999923706056,15.460000038146973,10.039999961853027,16.860000610351562,,
3475,9.239999771118164,15.479999542236328,10.0,16.860000610351562,,
3476,9.34000015258789,15.460000038146973,10.0600004196167,16.860000610351562,,
3477,9.199999809265137,15.479999542236328,10.359999656677246,16.860000610351562,,
3478,9.15999984741211,15.460000038146973,10.0600004196167,16.84000015258789,,
3479,9.140000343322754,15.5,10.220000267028809,17.0,,
3480,9.31999969482422,15.5,10.100000381469728,16.940000534057617,,
3481,9.239999771118164,15.460000038146973,10.300000190734863,16.959999084472656,,
3482,9.300000190734863,15.460000038146973,10.140000343322754,16.940000534057617,,
3483,9.15999984741211,15.460000038146973,9.920000076293944,16.899999618530273,,
3484,9.260000228881836,15.5,9.979999542236328,16.860000610351562,,
3485,9.279999732971191,15.5,10.520000457763672,16.860000610351562,,
3486,9.300000190734863,15.520000457763672,10.520000457763672,17.0,,
3487,9.34000015258789,15.520000457763672,10.4399995803833,17.0,,
3488,9.34000015258789,15.479999542236328,10.31999969482422,17.0,,
3489,9.18000030517578,15.5600004196167,10.520000457763672,16.979999542236328,,
3490,9.18000030517578,15.5600004196167,10.359999656677246,16.940000534057617,,
3491,9.15999984741211,15.539999961853027,10.479999542236328,16.979999542236328,,
3492,9.15999984741211,15.579999923706056,10.15999984741211,16.8799991607666,,
3493,9.34000015258789,15.5600004196167,10.34000015258789,16.84000015258789,,
3494,9.380000114440918,15.600000381469728,10.15999984741211,16.8799991607666,,
3495,9.34000015258789,15.539999961853027,10.600000381469728,16.979999542236328,,
3496,9.300000190734863,15.579999923706056,10.279999732971191,17.0,,
3497,9.260000228881836,15.600000381469728,9.960000038146973,16.899999618530273,,
3498,9.260000228881836,15.600000381469728,9.979999542236328,17.0,,
3499,9.260000228881836,15.5600004196167,9.9399995803833,17.0,,
3500,9.279999732971191,15.539999961853027,10.380000114440918,16.959999084472656,,
3501,9.279999732971191,15.520000457763672,10.5,16.920000076293945,,
3502,9.239999771118164,15.739999771118164,10.579999923706056,16.899999618530273,,
3503,9.34000015258789,15.579999923706056,10.5600004196167,16.940000534057617,,
3504,9.359999656677246,15.520000457763672,10.720000267028809,16.959999084472656,,
3505,9.31999969482422,15.520000457763672,10.5600004196167,16.959999084472656,,
3506,9.260000228881836,15.539999961853027,10.279999732971191,17.0,,
3507,9.079999923706056,15.520000457763672,10.31999969482422,16.979999542236328,,
3508,9.140000343322754,15.520000457763672,10.140000343322754,17.0,,
3509,9.239999771118164,15.520000457763672,10.100000381469728,17.100000381469727,,
3510,9.199999809265137,15.619999885559082,10.399999618530272,17.1200008392334,,
3511,9.260000228881836,15.5600004196167,10.539999961853027,17.0,,
3512,9.199999809265137,15.5600004196167,10.300000190734863,16.860000610351562,,
3513,9.15999984741211,15.619999885559082,10.31999969482422,16.940000534057617,,
3514,9.199999809265137,15.579999923706056,10.739999771118164,16.940000534057617,,
3515,9.34000015258789,15.699999809265137,10.4399995803833,16.959999084472656,,
3516,9.220000267028809,15.579999923706056,10.640000343322754,16.979999542236328,,
3517,9.31999969482422,15.5600004196167,10.5,16.940000534057617,,
3518,9.31999969482422,15.539999961853027,10.479999542236328,17.0,,
3519,9.199999809265137,15.600000381469728,10.15999984741211,17.020000457763672,,
3520,9.239999771118164,15.640000343322754,10.18000030517578,17.0,,
3521,9.279999732971191,15.65999984741211,10.15999984741211,17.020000457763672,,
3522,9.239999771118164,15.5600004196167,10.100000381469728,17.059999465942383,,
3523,9.239999771118164,15.640000343322754,10.100000381469728,17.0,,
3524,9.380000114440918,15.720000267028809,10.039999961853027,17.0,,
3525,9.199999809265137,15.640000343322754,10.0600004196167,17.020000457763672,,
3526,9.119999885559082,15.760000228881836,9.979999542236328,17.100000381469727,,
3527,9.119999885559082,15.760000228881836,10.079999923706056,17.0,,
3528,9.18000030517578,15.68000030517578,10.0600004196167,17.100000381469727,,
3529,9.18000030517578,15.5600004196167,10.079999923706056,16.959999084472656,,
3530,9.199999809265137,15.520000457763672,10.039999961853027,16.959999084472656,,
3531,9.199999809265137,15.579999923706056,10.039999961853027,17.0,,
3532,9.140000343322754,15.600000381469728,10.079999923706056,16.899999618530273,,
3533,9.199999809265137,15.619999885559082,10.039999961853027,17.0,,
3534,9.15999984741211,15.619999885559082,10.15999984741211,16.940000534057617,,
3535,9.15999984741211,15.579999923706056,10.140000343322754,17.100000381469727,,
3536,9.239999771118164,15.5,10.039999961853027,17.1200008392334,,
3537,9.31999969482422,15.539999961853027,10.119999885559082,16.959999084472656,,
3538,9.300000190734863,15.539999961853027,10.079999923706056,17.0,,
3539,9.18000030517578,15.640000343322754,9.979999542236328,16.959999084472656,,
3540,9.15999984741211,15.600000381469728,9.960000038146973,16.940000534057617,,
3541,9.15999984741211,15.520000457763672,9.9399995803833,16.899999618530273,,
3542,9.119999885559082,15.5,9.9399995803833,16.860000610351562,,
3543,9.199999809265137,15.399999618530272,9.9399995803833,17.0,,
3544,9.199999809265137,15.460000038146973,10.260000228881836,17.059999465942383,,
3545,9.34000015258789,15.539999961853027,9.960000038146973,16.979999542236328,,
3546,9.199999809265137,15.579999923706056,10.0600004196167,17.15999984741211,,
3547,9.15999984741211,15.800000190734863,10.079999923706056,17.059999465942383,,
3548,9.079999923706056,15.5600004196167,10.220000267028809,17.0,,
3549,9.119999885559082,15.640000343322754,10.0600004196167,16.979999542236328,,
3550,9.279999732971191,15.739999771118164,9.979999542236328,17.040000915527344,,
3551,9.279999732971191,15.640000343322754,10.0600004196167,17.219999313354492,,
3552,9.279999732971191,15.619999885559082,10.0600004196167,17.0,,
3553,9.300000190734863,15.65999984741211,10.399999618530272,17.100000381469727,,
3554,9.220000267028809,15.640000343322754,10.359999656677246,16.959999084472656,,
3555,9.199999809265137,15.68000030517578,10.34000015258789,17.020000457763672,,
3556,9.31999969482422,15.640000343322754,10.4399995803833,17.139999389648438,,
3557,9.239999771118164,15.81999969482422,10.119999885559082,17.040000915527344,,
3558,9.34000015258789,15.899999618530272,10.520000457763672,17.18000030517578,,
3559,9.399999618530272,16.1200008392334,10.15999984741211,17.260000228881836,,
3560,9.359999656677246,15.81999969482422,10.140000343322754,17.299999237060547,,
3561,9.300000190734863,15.699999809265137,10.31999969482422,17.239999771118164,,
3562,9.119999885559082,15.65999984741211,10.479999542236328,17.260000228881836,,
3563,9.140000343322754,15.760000228881836,10.520000457763672,17.31999969482422,,
3564,9.0600004196167,15.739999771118164,10.039999961853027,17.100000381469727,,
3565,9.15999984741211,15.779999732971191,10.100000381469728,17.15999984741211,,
3566,9.119999885559082,15.779999732971191,10.039999961853027,17.139999389648438,,
3567,9.15999984741211,15.739999771118164,10.0600004196167,17.18000030517578,,
3568,9.119999885559082,15.65999984741211,10.020000457763672,17.1200008392334,,
3569,9.0,15.760000228881836,10.039999961853027,17.34000015258789,,
3570,9.079999923706056,15.720000267028809,10.15999984741211,17.299999237060547,,
3571,9.100000381469728,15.68000030517578,10.119999885559082,17.200000762939453,,
3572,9.18000030517578,15.760000228881836,10.140000343322754,17.260000228881836,,
3573,9.140000343322754,15.84000015258789,10.399999618530272,17.280000686645508,,
3574,9.199999809265137,15.739999771118164,10.4399995803833,17.260000228881836,,
3575,9.199999809265137,15.720000267028809,10.239999771118164,17.34000015258789,,
3576,9.15999984741211,15.699999809265137,10.199999809265137,17.260000228881836,,
3577,9.260000228881836,15.859999656677246,10.399999618530272,17.3799991607666,,
3578,9.199999809265137,15.9399995803833,10.100000381469728,17.3799991607666,,
3579,9.220000267028809,15.739999771118164,10.140000343322754,17.399999618530273,,
3580,9.31999969482422,15.68000030517578,10.260000228881836,17.280000686645508,,
3581,9.260000228881836,15.81999969482422,10.579999923706056,17.200000762939453,,
3582,9.31999969482422,15.699999809265137,10.140000343322754,17.1200008392334,,
3583,9.31999969482422,15.720000267028809,10.119999885559082,17.200000762939453,,
3584,9.359999656677246,15.739999771118164,10.300000190734863,17.239999771118164,,
3585,9.34000015258789,15.84000015258789,10.220000267028809,17.360000610351562,,
3586,9.359999656677246,15.779999732971191,10.619999885559082,17.360000610351562,,
3587,9.260000228881836,15.899999618530272,10.520000457763672,17.360000610351562,,
3588,9.31999969482422,15.800000190734863,10.039999961853027,17.360000610351562,,
3589,9.279999732971191,15.760000228881836,10.0,17.3799991607666,,
3590,9.15999984741211,15.739999771118164,10.539999961853027,17.3799991607666,,
3591,9.140000343322754,15.720000267028809,10.260000228881836,17.31999969482422,,
3592,9.239999771118164,15.68000030517578,10.479999542236328,17.520000457763672,,
3593,9.119999885559082,15.68000030517578,10.5600004196167,17.479999542236328,,
3594,9.359999656677246,15.68000030517578,10.520000457763672,17.540000915527344,,
3595,9.34000015258789,15.68000030517578,10.65999984741211,17.440000534057617,,
3596,9.380000114440918,15.720000267028809,10.579999923706056,17.5,,
3597,9.31999969482422,15.720000267028809,10.65999984741211,17.520000457763672,,
3598,9.300000190734863,15.720000267028809,10.220000267028809,17.360000610351562,,
3599,9.18000030517578,15.65999984741211,10.520000457763672,17.540000915527344,,
3600,9.300000190734863,15.760000228881836,10.34000015258789,17.200000762939453,,
3601,9.31999969482422,15.720000267028809,10.199999809265137,17.1200008392334,,
3602,9.359999656677246,15.68000030517578,10.31999969482422,17.3799991607666,,
3603,9.380000114440918,15.68000030517578,10.31999969482422,17.479999542236328,,
3604,9.239999771118164,15.68000030517578,10.600000381469728,17.420000076293945,,
3605,9.239999771118164,15.640000343322754,10.600000381469728,17.34000015258789,,
3606,9.199999809265137,15.619999885559082,10.460000038146973,17.31999969482422,,
3607,9.239999771118164,15.579999923706056,10.140000343322754,17.479999542236328,,
3608,9.300000190734863,15.520000457763672,10.039999961853027,17.3799991607666,,
3609,9.31999969482422,15.520000457763672,10.0600004196167,17.280000686645508,,
3610,9.300000190734863,15.5,10.18000030517578,17.200000762939453,,
3611,9.399999618530272,15.4399995803833,10.34000015258789,17.219999313354492,,
3612,9.380000114440918,15.359999656677246,10.119999885559082,17.219999313354492,,
3613,9.34000015258789,15.520000457763672,10.039999961853027,17.239999771118164,,
3614,9.279999732971191,15.5,10.039999961853027,17.200000762939453,,
3615,9.199999809265137,15.460000038146973,10.220000267028809,17.139999389648438,,
3616,9.31999969482422,15.399999618530272,10.399999618530272,17.059999465942383,,
3617,9.31999969482422,15.4399995803833,10.300000190734863,17.059999465942383,,
3618,9.119999885559082,15.520000457763672,10.15999984741211,17.040000915527344,,
3619,9.100000381469728,15.520000457763672,10.4399995803833,17.100000381469727,,
3620,9.100000381469728,15.5,10.479999542236328,17.1200008392334,,
3621,9.300000190734863,15.4399995803833,10.359999656677246,17.139999389648438,,
3622,9.140000343322754,15.5,10.239999771118164,17.139999389648438,,
3623,9.15999984741211,15.520000457763672,10.0600004196167,17.1200008392334,,
3624,9.100000381469728,15.520000457763672,10.079999923706056,17.139999389648438,,
3625,9.119999885559082,15.5,9.9399995803833,17.15999984741211,,
3626,9.279999732971191,15.520000457763672,10.039999961853027,17.18000030517578,,
3627,9.239999771118164,15.5600004196167,10.119999885559082,17.1200008392334,,
3628,9.18000030517578,15.539999961853027,10.0600004196167,17.1200008392334,,
3629,9.260000228881836,15.640000343322754,9.960000038146973,17.139999389648438,,
3630,9.220000267028809,15.65999984741211,9.880000114440918,17.1200008392334,,
3631,9.220000267028809,15.619999885559082,10.039999961853027,17.200000762939453,,
3632,9.239999771118164,15.640000343322754,10.100000381469728,17.15999984741211,,
3633,9.31999969482422,15.739999771118164,10.100000381469728,17.1200008392334,,
3634,9.239999771118164,15.619999885559082,10.020000457763672,17.079999923706055,,
3635,9.239999771118164,15.5600004196167,10.220000267028809,17.100000381469727,,
3636,9.220000267028809,15.600000381469728,10.0,17.1200008392334,,
3637,9.199999809265137,15.579999923706056,10.100000381469728,17.040000915527344,,
3638,9.279999732971191,15.699999809265137,10.119999885559082,17.079999923706055,,
3639,9.300000190734863,15.720000267028809,10.0600004196167,17.079999923706055,,
3640,9.31999969482422,15.800000190734863,10.039999961853027,16.979999542236328,,
3641,9.34000015258789,15.779999732971191,10.039999961853027,17.200000762939453,,
3642,9.279999732971191,15.640000343322754,10.119999885559082,17.219999313354492,,
3643,9.18000030517578,15.68000030517578,10.119999885559082,17.260000228881836,,
3644,9.359999656677246,15.600000381469728,10.079999923706056,17.280000686645508,,
3645,9.279999732971191,15.720000267028809,10.0600004196167,17.18000030517578,,
3646,9.300000190734863,15.84000015258789,10.140000343322754,17.100000381469727,,
3647,9.31999969482422,15.720000267028809,10.119999885559082,17.1200008392334,,
3648,9.460000038146973,15.65999984741211,10.380000114440918,17.219999313354492,,
3649,9.399999618530272,15.640000343322754,10.479999542236328,17.280000686645508,,
3650,9.399999618530272,15.84000015258789,9.9399995803833,17.15999984741211,,
3651,9.31999969482422,15.760000228881836,10.0600004196167,17.139999389648438,,
3652,9.220000267028809,15.779999732971191,10.039999961853027,17.15999984741211,,
3653,9.300000190734863,15.9399995803833,9.960000038146973,17.1200008392334,,
3654,9.34000015258789,15.920000076293944,10.079999923706056,17.200000762939453,,
3655,9.4399995803833,15.880000114440918,10.079999923706056,17.299999237060547,,
3656,9.460000038146973,15.859999656677246,10.020000457763672,17.299999237060547,,
3657,9.4399995803833,16.040000915527344,10.260000228881836,17.31999969482422,,
3658,9.380000114440918,16.18000030517578,10.0,17.34000015258789,,
3659,9.4399995803833,16.139999389648438,10.15999984741211,17.459999084472656,,
3660,9.420000076293944,16.1200008392334,10.18000030517578,17.459999084472656,,
3661,9.399999618530272,15.859999656677246,10.15999984741211,17.440000534057617,,
3662,9.359999656677246,15.760000228881836,10.220000267028809,17.31999969482422,,
3663,9.380000114440918,15.699999809265137,10.220000267028809,17.31999969482422,,
3664,9.31999969482422,15.619999885559082,10.15999984741211,17.239999771118164,,
3665,9.31999969482422,15.720000267028809,10.220000267028809,17.239999771118164,,
3666,9.260000228881836,15.65999984741211,10.239999771118164,17.260000228881836,,
3667,9.279999732971191,15.5600004196167,10.119999885559082,17.299999237060547,,
3668,9.279999732971191,15.579999923706056,10.18000030517578,17.31999969482422,,
3669,9.199999809265137,15.579999923706056,10.300000190734863,17.31999969482422,,
3670,9.260000228881836,15.579999923706056,10.020000457763672,17.31999969482422,,
3671,9.300000190734863,15.5600004196167,10.220000267028809,17.31999969482422,,
3672,9.359999656677246,15.5600004196167,10.260000228881836,17.299999237060547,,
3673,8.539999961853027,15.619999885559082,10.279999732971191,17.440000534057617,,
3674,9.380000114440918,15.699999809265137,10.380000114440918,17.420000076293945,,
3675,9.380000114440918,15.68000030517578,10.300000190734863,17.31999969482422,,
3676,9.300000190734863,15.699999809265137,10.4399995803833,17.360000610351562,,
3677,9.4399995803833,15.5600004196167,10.619999885559082,17.31999969482422,,
3678,9.31999969482422,15.479999542236328,10.800000190734863,17.34000015258789,,
3679,9.380000114440918,15.5,10.399999618530272,17.34000015258789,,
3680,9.399999618530272,15.520000457763672,10.579999923706056,17.360000610351562,,
3681,9.4399995803833,15.619999885559082,10.84000015258789,17.440000534057617,,
3682,9.359999656677246,15.520000457763672,10.739999771118164,17.479999542236328,,
3683,9.4399995803833,15.5600004196167,10.880000114440918,17.3799991607666,,
3684,9.4399995803833,15.619999885559082,10.68000030517578,17.479999542236328,,
3685,9.399999618530272,15.619999885559082,10.699999809265137,17.420000076293945,,
3686,9.279999732971191,15.640000343322754,10.640000343322754,17.440000534057617,,
3687,9.199999809265137,15.65999984741211,10.720000267028809,17.479999542236328,,
3688,9.399999618530272,15.619999885559082,10.65999984741211,17.420000076293945,,
3689,9.380000114440918,15.800000190734863,10.739999771118164,17.479999542236328,,
3690,9.18000030517578,15.65999984741211,10.65999984741211,17.479999542236328,,
3691,9.260000228881836,15.699999809265137,10.65999984741211,17.420000076293945,,
3692,9.119999885559082,15.720000267028809,11.020000457763672,17.479999542236328,,
3693,9.279999732971191,15.81999969482422,11.279999732971191,17.440000534057617,,
3694,9.300000190734863,15.720000267028809,10.739999771118164,17.360000610351562,,
3695,9.18000030517578,15.739999771118164,11.0,17.440000534057617,,
3696,9.199999809265137,15.65999984741211,11.0600004196167,17.420000076293945,,
3697,9.199999809265137,15.68000030517578,10.739999771118164,17.520000457763672,,
3698,9.199999809265137,15.619999885559082,10.539999961853027,17.579999923706055,,
3699,9.199999809265137,15.739999771118164,10.640000343322754,17.420000076293945,,
3700,9.15999984741211,15.800000190734863,10.600000381469728,17.520000457763672,,
3701,9.15999984741211,15.800000190734863,10.579999923706056,17.700000762939453,,
3702,9.239999771118164,15.779999732971191,10.539999961853027,17.719999313354492,,
3703,9.279999732971191,15.779999732971191,10.640000343322754,17.84000015258789,,
3704,9.18000030517578,15.760000228881836,10.779999732971191,17.719999313354492,,
3705,9.239999771118164,15.68000030517578,11.0,17.639999389648438,,
3706,9.220000267028809,15.68000030517578,10.380000114440918,17.700000762939453,,
3707,9.239999771118164,15.68000030517578,10.539999961853027,17.700000762939453,,
3708,9.34000015258789,15.65999984741211,10.720000267028809,17.5,,
3709,9.279999732971191,15.640000343322754,10.600000381469728,17.520000457763672,,
3710,9.18000030517578,15.760000228881836,10.020000457763672,17.540000915527344,,
3711,9.15999984741211,15.800000190734863,10.300000190734863,17.600000381469727,,
3712,9.220000267028809,15.68000030517578,10.800000190734863,17.639999389648438,,
3713,9.279999732971191,15.699999809265137,10.979999542236328,17.700000762939453,,
3714,9.31999969482422,15.68000030517578,11.31999969482422,17.84000015258789,,
3715,9.199999809265137,15.699999809265137,10.520000457763672,17.959999084472656,,
3716,9.220000267028809,15.699999809265137,10.479999542236328,17.6200008392334,,
3717,9.31999969482422,16.0,10.760000228881836,17.579999923706055,,
3718,9.380000114440918,15.84000015258789,11.100000381469728,17.65999984741211,,
3719,9.359999656677246,15.81999969482422,,17.860000610351562,,
3720,9.399999618530272,15.899999618530272,10.5,17.739999771118164,,
3721,9.359999656677246,15.779999732971191,10.65999984741211,17.68000030517578,,
3722,9.31999969482422,15.84000015258789,10.699999809265137,17.719999313354492,,
3723,9.31999969482422,15.960000038146973,10.640000343322754,18.020000457763672,,
3724,9.399999618530272,15.859999656677246,,19.36000061035156,,
3725,9.300000190734863,15.960000038146973,,19.440000534057617,,
3726,9.359999656677246,15.760000228881836,,19.559999465942383,,
3727,9.31999969482422,15.640000343322754,,19.559999465942383,,
3728,9.300000190734863,15.619999885559082,10.720000267028809,,,
3729,9.359999656677246,15.619999885559082,10.739999771118164,,,
3730,9.15999984741211,15.65999984741211,10.899999618530272,19.559999465942383,,
3731,9.380000114440918,15.68000030517578,10.699999809265137,,,
3732,9.4399995803833,15.720000267028809,10.65999984741211,17.579999923706055,,
3733,9.34000015258789,15.760000228881836,10.699999809265137,17.520000457763672,,
3734,9.31999969482422,15.720000267028809,10.739999771118164,17.479999542236328,,
3735,9.31999969482422,15.699999809265137,10.460000038146973,17.639999389648438,,
3736,9.279999732971191,15.960000038146973,10.119999885559082,17.6200008392334,,
3737,9.31999969482422,15.84000015258789,10.079999923706056,18.020000457763672,,
3738,9.199999809265137,15.84000015258789,10.479999542236328,17.8799991607666,,
3739,9.18000030517578,15.81999969482422,10.359999656677246,17.639999389648438,,
3740,9.399999618530272,15.979999542236328,10.460000038146973,17.540000915527344,,
3741,9.34000015258789,15.859999656677246,10.199999809265137,17.520000457763672,,
3742,9.380000114440918,15.859999656677246,10.420000076293944,17.579999923706055,,
3743,9.359999656677246,15.84000015258789,10.31999969482422,17.579999923706055,,
3744,9.199999809265137,15.880000114440918,10.100000381469728,17.5,,
3745,9.4399995803833,15.81999969482422,10.15999984741211,17.540000915527344,,
3746,9.260000228881836,15.9399995803833,10.279999732971191,17.420000076293945,,
3747,9.260000228881836,15.920000076293944,10.380000114440918,17.459999084472656,,
3748,9.399999618530272,15.880000114440918,10.300000190734863,17.440000534057617,,
3749,9.5600004196167,15.760000228881836,10.359999656677246,17.520000457763672,,
3750,9.479999542236328,15.779999732971191,10.260000228881836,17.600000381469727,,
3751,9.520000457763672,16.18000030517578,10.300000190734863,17.68000030517578,,
3752,9.539999961853027,15.760000228881836,10.300000190734863,17.940000534057617,,
3753,9.520000457763672,15.720000267028809,10.15999984741211,17.920000076293945,,
3754,9.399999618530272,15.699999809265137,10.140000343322754,17.780000686645508,,
3755,9.380000114440918,15.68000030517578,10.0600004196167,17.700000762939453,,
3756,9.479999542236328,15.619999885559082,10.15999984741211,17.719999313354492,,
3757,9.520000457763672,15.720000267028809,10.15999984741211,17.760000228881836,,
3758,9.399999618530272,15.880000114440918,10.140000343322754,17.760000228881836,,
3759,9.479999542236328,15.81999969482422,10.199999809265137,17.68000030517578,,
3760,9.399999618530272,15.760000228881836,10.260000228881836,17.639999389648438,,
3761,9.420000076293944,15.760000228881836,10.359999656677246,17.600000381469727,,
3762,9.420000076293944,15.640000343322754,10.239999771118164,17.600000381469727,,
3763,9.399999618530272,15.619999885559082,10.279999732971191,17.739999771118164,,
3764,9.380000114440918,15.65999984741211,10.239999771118164,17.84000015258789,,
3765,9.359999656677246,15.720000267028809,10.380000114440918,17.700000762939453,,
3766,9.31999969482422,15.81999969482422,10.260000228881836,17.700000762939453,,
3767,9.359999656677246,15.640000343322754,10.260000228881836,17.68000030517578,,
3768,9.420000076293944,15.720000267028809,10.279999732971191,17.899999618530273,,
3769,9.380000114440918,15.739999771118164,10.479999542236328,17.700000762939453,,
3770,9.420000076293944,15.779999732971191,10.300000190734863,17.860000610351562,,
3771,9.420000076293944,15.800000190734863,10.520000457763672,17.860000610351562,,
3772,9.399999618530272,15.779999732971191,10.479999542236328,17.739999771118164,,
3773,9.399999618530272,15.739999771118164,10.65999984741211,17.520000457763672,,
3774,9.359999656677246,15.779999732971191,10.380000114440918,17.579999923706055,,
3775,9.380000114440918,15.699999809265137,10.420000076293944,17.520000457763672,,
3776,9.239999771118164,15.800000190734863,10.539999961853027,17.520000457763672,,
3777,9.359999656677246,15.739999771118164,10.520000457763672,17.579999923706055,,
3778,9.359999656677246,15.619999885559082,10.699999809265137,17.5,,
3779,9.399999618530272,15.640000343322754,10.760000228881836,17.5,,
3780,9.380000114440918,15.760000228881836,10.739999771118164,17.579999923706055,,
3781,9.380000114440918,15.640000343322754,10.260000228881836,17.579999923706055,,
3782,9.420000076293944,15.619999885559082,10.140000343322754,17.520000457763672,,
3783,9.380000114440918,15.619999885559082,10.31999969482422,17.479999542236328,,
3784,9.31999969482422,15.720000267028809,10.460000038146973,17.399999618530273,,
3785,9.31999969482422,15.68000030517578,10.800000190734863,17.420000076293945,,
3786,9.4399995803833,15.640000343322754,10.760000228881836,17.360000610351562,,
3787,9.460000038146973,15.699999809265137,10.81999969482422,17.479999542236328,,
3788,9.460000038146973,15.779999732971191,10.31999969482422,17.399999618530273,,
3789,9.399999618530272,15.68000030517578,10.420000076293944,17.479999542236328,,
3790,9.460000038146973,15.640000343322754,10.359999656677246,17.68000030517578,,
3791,9.5,15.619999885559082,10.220000267028809,17.3799991607666,,
3792,9.31999969482422,15.640000343322754,10.579999923706056,17.34000015258789,,
3793,9.380000114440918,15.579999923706056,10.460000038146973,17.260000228881836,,
3794,9.380000114440918,15.619999885559082,10.5,17.31999969482422,,
3795,9.399999618530272,15.619999885559082,10.399999618530272,17.200000762939453,,
3796,9.399999618530272,15.68000030517578,10.479999542236328,17.360000610351562,,
3797,9.31999969482422,15.720000267028809,10.31999969482422,17.200000762939453,,
3798,9.420000076293944,15.779999732971191,10.31999969482422,17.280000686645508,,
3799,9.479999542236328,15.760000228881836,10.359999656677246,17.15999984741211,,
3800,9.479999542236328,15.779999732971191,10.279999732971191,17.280000686645508,,
3801,9.520000457763672,15.779999732971191,10.5,17.360000610351562,,
3802,9.539999961853027,15.800000190734863,10.359999656677246,17.239999771118164,,
3803,9.520000457763672,15.65999984741211,10.31999969482422,17.520000457763672,,
3804,9.479999542236328,15.68000030517578,10.380000114440918,17.31999969482422,,
3805,9.5,15.699999809265137,10.420000076293944,17.299999237060547,,
3806,9.460000038146973,15.739999771118164,10.420000076293944,17.299999237060547,,
3807,9.420000076293944,15.760000228881836,10.420000076293944,17.239999771118164,,
3808,9.460000038146973,15.760000228881836,10.359999656677246,17.040000915527344,,
3809,9.399999618530272,15.800000190734863,10.18000030517578,17.31999969482422,,
3810,9.420000076293944,15.899999618530272,10.260000228881836,17.31999969482422,,
3811,9.4399995803833,16.0,10.399999618530272,17.219999313354492,,
3812,9.420000076293944,16.059999465942383,10.239999771118164,17.399999618530273,,
3813,9.300000190734863,15.859999656677246,10.18000030517578,17.0,,
3814,9.34000015258789,15.81999969482422,10.199999809265137,17.260000228881836,,
3815,9.359999656677246,15.84000015258789,10.199999809265137,17.34000015258789,,
3816,9.399999618530272,15.81999969482422,10.18000030517578,17.31999969482422,,
3817,9.31999969482422,15.760000228881836,10.199999809265137,17.299999237060547,,
3818,9.31999969482422,15.779999732971191,10.31999969482422,17.479999542236328,,
3819,9.380000114440918,15.899999618530272,10.020000457763672,17.479999542236328,,
3820,9.359999656677246,15.920000076293944,10.18000030517578,17.280000686645508,,
3821,9.399999618530272,15.899999618530272,10.359999656677246,17.260000228881836,,
3822,9.399999618530272,15.960000038146973,10.15999984741211,17.3799991607666,,
3823,9.420000076293944,15.84000015258789,10.520000457763672,17.5,,
3824,9.520000457763672,15.84000015258789,10.420000076293944,17.479999542236328,,
3825,9.460000038146973,15.899999618530272,10.359999656677246,17.540000915527344,,
3826,9.4399995803833,15.960000038146973,10.279999732971191,17.600000381469727,,
3827,9.399999618530272,15.979999542236328,10.15999984741211,17.6200008392334,,
3828,9.399999618530272,15.979999542236328,10.279999732971191,17.600000381469727,,
3829,9.359999656677246,15.920000076293944,10.18000030517578,17.5,,
3830,9.420000076293944,15.920000076293944,10.579999923706056,17.559999465942383,,
3831,9.31999969482422,15.920000076293944,10.119999885559082,17.579999923706055,,
3832,9.479999542236328,16.040000915527344,10.31999969482422,17.520000457763672,,
3833,9.579999923706056,16.040000915527344,10.520000457763672,17.520000457763672,,
3834,9.539999961853027,15.920000076293944,10.380000114440918,17.31999969482422,,
3835,9.579999923706056,15.899999618530272,10.380000114440918,17.399999618530273,,
3836,9.600000381469728,15.9399995803833,10.479999542236328,17.420000076293945,,
3837,9.5600004196167,16.059999465942383,10.640000343322754,17.34000015258789,,
3838,9.5,16.0,10.34000015258789,17.459999084472656,,
3839,9.199999809265137,15.920000076293944,10.239999771118164,17.5,,
3840,9.199999809265137,15.84000015258789,10.399999618530272,17.5,,
3841,9.4399995803833,15.81999969482422,10.4399995803833,17.5,,
3842,9.420000076293944,15.9399995803833,10.479999542236328,17.3799991607666,,
3843,9.420000076293944,15.880000114440918,10.600000381469728,17.5,,
3844,9.420000076293944,15.81999969482422,10.539999961853027,17.520000457763672,,
3845,9.380000114440918,15.739999771118164,10.5,17.459999084472656,,
3846,9.31999969482422,15.899999618530272,10.31999969482422,17.479999542236328,,
3847,9.34000015258789,15.979999542236328,10.5,17.420000076293945,,
3848,9.399999618530272,16.479999542236328,10.600000381469728,17.579999923706055,,
3849,9.31999969482422,16.520000457763672,10.5,17.639999389648438,,
3850,9.239999771118164,16.5,10.31999969482422,17.68000030517578,,
3851,9.5,16.559999465942383,10.079999923706056,17.600000381469727,,
3852,9.15999984741211,16.280000686645508,10.199999809265137,17.34000015258789,,
3853,9.31999969482422,15.920000076293944,9.859999656677246,17.200000762939453,,
3854,9.420000076293944,15.9399995803833,10.4399995803833,17.260000228881836,,
3855,9.380000114440918,16.059999465942383,10.399999618530272,17.360000610351562,,
3856,9.34000015258789,16.059999465942383,10.460000038146973,17.280000686645508,,
3857,9.300000190734863,16.059999465942383,10.31999969482422,17.399999618530273,,
3858,9.4399995803833,15.9399995803833,10.539999961853027,17.559999465942383,,
3859,9.460000038146973,15.859999656677246,10.300000190734863,17.280000686645508,,
3860,9.359999656677246,16.219999313354492,10.300000190734863,17.360000610351562,,
3861,9.520000457763672,16.1200008392334,10.520000457763672,17.440000534057617,,
3862,9.5600004196167,16.239999771118164,10.220000267028809,17.399999618530273,,
3863,9.5600004196167,16.0,10.420000076293944,17.420000076293945,,
3864,9.5,16.079999923706055,10.640000343322754,17.540000915527344,,
3865,9.539999961853027,16.020000457763672,10.579999923706056,17.479999542236328,,
3866,9.600000381469728,16.15999984741211,10.420000076293944,17.520000457763672,,
3867,9.5600004196167,16.139999389648438,10.579999923706056,17.559999465942383,,
3868,9.31999969482422,16.100000381469727,10.359999656677246,17.6200008392334,,
3869,9.34000015258789,15.9399995803833,10.300000190734863,17.420000076293945,,
3870,9.260000228881836,15.899999618530272,10.579999923706056,17.420000076293945,,
3871,9.359999656677246,15.9399995803833,10.579999923706056,17.420000076293945,,
3872,9.260000228881836,15.779999732971191,10.420000076293944,17.559999465942383,,
3873,9.140000343322754,15.720000267028809,10.640000343322754,17.739999771118164,,
3874,9.380000114440918,15.84000015258789,10.619999885559082,17.700000762939453,,
3875,9.5,15.739999771118164,10.31999969482422,17.639999389648438,,
3876,9.5,15.699999809265137,10.239999771118164,17.639999389648438,,
3877,9.5,15.739999771118164,10.359999656677246,17.5,,
3878,9.199999809265137,15.979999542236328,10.119999885559082,17.559999465942383,,
3879,9.399999618530272,16.219999313354492,10.359999656677246,17.6200008392334,,
3880,9.239999771118164,16.260000228881836,10.539999961853027,17.719999313354492,,
3881,9.4399995803833,16.3799991607666,10.4399995803833,17.579999923706055,,
3882,9.140000343322754,16.600000381469727,10.31999969482422,17.459999084472656,,
3883,9.15999984741211,16.520000457763672,10.31999969482422,17.420000076293945,,
3884,9.239999771118164,16.020000457763672,10.899999618530272,17.479999542236328,,
3885,9.380000114440918,16.0,10.279999732971191,17.459999084472656,,
3886,9.079999923706056,15.920000076293944,10.220000267028809,17.479999542236328,,
3887,9.15999984741211,15.979999542236328,10.220000267028809,17.520000457763672,,
3888,9.420000076293944,15.979999542236328,10.079999923706056,17.6200008392334,,
3889,9.199999809265137,15.960000038146973,10.300000190734863,17.440000534057617,,
3890,9.359999656677246,16.100000381469727,10.220000267028809,17.540000915527344,,
3891,9.380000114440918,15.9399995803833,10.260000228881836,17.5,,
3892,9.399999618530272,15.920000076293944,10.34000015258789,17.440000534057617,,
3893,9.119999885559082,15.9399995803833,10.239999771118164,17.639999389648438,,
3894,9.199999809265137,15.899999618530272,10.239999771118164,17.6200008392334,,
3895,9.300000190734863,16.059999465942383,10.380000114440918,17.760000228881836,,
3896,9.460000038146973,15.779999732971191,10.300000190734863,17.639999389648438,,
3897,9.460000038146973,15.880000114440918,10.399999618530272,17.520000457763672,,
3898,9.15999984741211,15.899999618530272,10.739999771118164,17.68000030517578,,
3899,9.15999984741211,15.68000030517578,10.460000038146973,17.639999389648438,,
3900,9.5600004196167,15.720000267028809,10.359999656677246,17.600000381469727,,
3901,9.199999809265137,15.739999771118164,10.81999969482422,17.600000381469727,,
3902,9.119999885559082,15.84000015258789,10.140000343322754,17.68000030517578,,
3903,9.34000015258789,15.960000038146973,10.479999542236328,17.639999389648438,,
3904,9.15999984741211,16.100000381469727,10.539999961853027,17.579999923706055,,
3905,9.34000015258789,15.880000114440918,10.079999923706056,17.540000915527344,,
3906,9.5600004196167,15.84000015258789,10.4399995803833,17.5,,
3907,9.5,15.84000015258789,10.640000343322754,17.700000762939453,,
3908,9.140000343322754,15.9399995803833,10.5600004196167,17.719999313354492,,
3909,9.039999961853027,16.040000915527344,10.420000076293944,17.6200008392334,,
3910,9.479999542236328,15.979999542236328,10.399999618530272,17.459999084472656,,
3911,9.4399995803833,16.059999465942383,10.359999656677246,17.5,,
3912,9.359999656677246,15.81999969482422,10.279999732971191,17.700000762939453,,
3913,9.399999618530272,15.84000015258789,10.5600004196167,17.68000030517578,,
3914,9.4399995803833,15.880000114440918,10.260000228881836,17.579999923706055,,
3915,9.520000457763672,16.079999923706055,10.199999809265137,17.65999984741211,,
3916,9.539999961853027,16.079999923706055,,17.799999237060547,,
3917,9.420000076293944,16.1200008392334,10.539999961853027,17.559999465942383,,
3918,9.399999618530272,16.079999923706055,10.359999656677246,17.360000610351562,,
3919,9.399999618530272,16.299999237060547,10.539999961853027,17.520000457763672,,
3920,9.460000038146973,16.299999237060547,10.31999969482422,17.540000915527344,,
3921,9.520000457763672,16.6200008392334,10.68000030517578,17.280000686645508,,
3922,9.520000457763672,15.880000114440918,10.699999809265137,17.600000381469727,,
3923,9.4399995803833,15.979999542236328,10.619999885559082,17.299999237060547,,
3924,9.34000015258789,16.059999465942383,10.359999656677246,17.600000381469727,,
3925,9.31999969482422,16.100000381469727,10.34000015258789,17.65999984741211,,
3926,9.399999618530272,16.079999923706055,10.5,17.299999237060547,,
3927,9.420000076293944,16.059999465942383,10.460000038146973,17.600000381469727,,
3928,9.18000030517578,16.079999923706055,10.4399995803833,17.6200008392334,,
3929,9.380000114440918,16.15999984741211,10.300000190734863,17.34000015258789,,
3930,9.460000038146973,16.299999237060547,10.260000228881836,17.68000030517578,,
3931,9.199999809265137,16.299999237060547,10.279999732971191,17.899999618530273,,
3932,9.239999771118164,16.059999465942383,10.34000015258789,17.559999465942383,,
3933,9.539999961853027,16.139999389648438,10.380000114440918,17.520000457763672,,
3934,9.520000457763672,16.100000381469727,10.31999969482422,17.780000686645508,,
3935,9.5600004196167,16.219999313354492,10.4399995803833,17.700000762939453,,
3936,9.539999961853027,16.360000610351562,10.479999542236328,17.760000228881836,,
3937,9.15999984741211,16.360000610351562,10.68000030517578,17.719999313354492,,
3938,9.15999984741211,16.260000228881836,10.600000381469728,17.760000228881836,,
3939,9.140000343322754,16.299999237060547,10.579999923706056,17.719999313354492,,
3940,9.239999771118164,16.239999771118164,10.420000076293944,17.700000762939453,,
3941,9.239999771118164,16.280000686645508,10.739999771118164,17.84000015258789,,
3942,9.18000030517578,16.239999771118164,10.699999809265137,17.780000686645508,,
3943,9.460000038146973,16.459999084472656,10.779999732971191,17.760000228881836,,
3944,9.420000076293944,16.079999923706055,10.65999984741211,17.739999771118164,,
3945,9.460000038146973,16.100000381469727,10.579999923706056,17.700000762939453,,
3946,9.479999542236328,16.100000381469727,10.699999809265137,17.600000381469727,,
3947,9.380000114440918,15.920000076293944,10.9399995803833,17.559999465942383,,
3948,9.5600004196167,15.81999969482422,10.760000228881836,17.559999465942383,,
3949,9.539999961853027,15.880000114440918,10.520000457763672,17.639999389648438,,
3950,9.600000381469728,15.880000114440918,10.579999923706056,17.579999923706055,,
3951,9.520000457763672,15.880000114440918,10.420000076293944,17.579999923706055,,
3952,9.520000457763672,15.960000038146973,10.800000190734863,17.600000381469727,,
3953,9.5,15.899999618530272,10.859999656677246,17.639999389648438,,
3954,9.479999542236328,16.15999984741211,11.100000381469728,17.639999389648438,,
3955,9.520000457763672,16.040000915527344,11.18000030517578,17.6200008392334,,
3956,9.460000038146973,16.0,10.800000190734863,17.600000381469727,,
3957,9.479999542236328,16.079999923706055,10.720000267028809,17.579999923706055,,
3958,9.460000038146973,16.139999389648438,10.640000343322754,17.65999984741211,,
3959,9.479999542236328,16.059999465942383,10.359999656677246,17.579999923706055,,
3960,9.460000038146973,15.960000038146973,10.31999969482422,17.440000534057617,,
3961,9.479999542236328,16.079999923706055,10.579999923706056,17.81999969482422,,
3962,9.399999618530272,16.139999389648438,10.220000267028809,17.68000030517578,,
3963,9.399999618530272,16.139999389648438,10.720000267028809,17.68000030517578,,
3964,9.34000015258789,16.079999923706055,10.399999618530272,17.459999084472656,,
3965,9.460000038146973,16.040000915527344,10.5,17.579999923706055,,
3966,9.5,16.059999465942383,10.979999542236328,17.559999465942383,,
3967,9.479999542236328,16.1200008392334,10.800000190734863,17.639999389648438,,
3968,9.140000343322754,16.040000915527344,10.899999618530272,17.579999923706055,,
3969,9.34000015258789,15.979999542236328,10.859999656677246,17.559999465942383,,
3970,9.479999542236328,16.040000915527344,10.739999771118164,17.520000457763672,,
3971,9.31999969482422,16.15999984741211,10.859999656677246,17.299999237060547,,
3972,9.279999732971191,16.15999984741211,10.800000190734863,17.360000610351562,,
3973,9.31999969482422,16.1200008392334,10.65999984741211,17.520000457763672,,
3974,9.460000038146973,16.059999465942383,10.600000381469728,17.579999923706055,,
3975,9.279999732971191,15.9399995803833,10.199999809265137,17.520000457763672,,
3976,9.420000076293944,15.880000114440918,10.739999771118164,17.559999465942383,,
3977,9.399999618530272,15.920000076293944,10.760000228881836,17.479999542236328,,
3978,9.479999542236328,15.859999656677246,10.899999618530272,17.520000457763672,,
3979,9.460000038146973,15.81999969482422,10.539999961853027,17.440000534057617,,
3980,9.34000015258789,16.020000457763672,10.81999969482422,17.360000610351562,,
3981,9.399999618530272,16.040000915527344,10.960000038146973,17.65999984741211,,
3982,9.479999542236328,15.920000076293944,10.68000030517578,17.65999984741211,,
3983,9.15999984741211,15.979999542236328,10.800000190734863,17.459999084472656,,
3984,9.15999984741211,16.040000915527344,10.65999984741211,17.559999465942383,,
3985,9.15999984741211,16.0,10.34000015258789,17.5,,
3986,9.18000030517578,16.059999465942383,10.760000228881836,17.31999969482422,,
3987,9.18000030517578,16.31999969482422,10.739999771118164,17.5,,
3988,9.119999885559082,16.219999313354492,10.100000381469728,17.420000076293945,,
3989,9.18000030517578,16.139999389648438,10.65999984741211,17.68000030517578,,
3990,9.260000228881836,16.040000915527344,10.739999771118164,17.65999984741211,,
3991,9.220000267028809,16.200000762939453,10.539999961853027,17.520000457763672,,
3992,9.0,16.18000030517578,10.699999809265137,17.600000381469727,,
3993,9.0,16.059999465942383,10.5,17.68000030517578,,
3994,9.0,16.18000030517578,10.619999885559082,17.639999389648438,,
3995,8.979999542236328,16.139999389648438,10.300000190734863,17.6200008392334,,
3996,9.039999961853027,16.139999389648438,10.640000343322754,17.600000381469727,,
3997,9.079999923706056,15.979999542236328,10.68000030517578,17.700000762939453,,
3998,9.15999984741211,16.1200008392334,10.640000343322754,17.639999389648438,,
3999,9.100000381469728,16.059999465942383,10.65999984741211,17.579999923706055,,
4000,9.079999923706056,16.059999465942383,10.760000228881836,17.540000915527344,,
4001,9.199999809265137,16.260000228881836,10.65999984741211,17.520000457763672,,
4002,9.5600004196167,16.280000686645508,10.720000267028809,17.579999923706055,,
4003,9.5,16.219999313354492,10.479999542236328,17.360000610351562,,
4004,9.539999961853027,16.139999389648438,10.640000343322754,17.639999389648438,,
4005,9.34000015258789,16.040000915527344,10.800000190734863,17.799999237060547,,
4006,9.579999923706056,16.139999389648438,10.800000190734863,17.520000457763672,,
4007,9.31999969482422,16.280000686645508,10.579999923706056,17.600000381469727,,
4008,9.539999961853027,16.3799991607666,10.84000015258789,17.639999389648438,,
4009,9.539999961853027,16.459999084472656,11.0,17.600000381469727,,
4010,9.520000457763672,16.139999389648438,10.859999656677246,17.6200008392334,,
4011,9.260000228881836,16.239999771118164,10.920000076293944,17.719999313354492,,
4012,9.600000381469728,16.440000534057617,11.020000457763672,17.780000686645508,,
4013,9.18000030517578,16.31999969482422,10.920000076293944,17.68000030517578,,
4014,9.199999809265137,16.15999984741211,11.0600004196167,17.799999237060547,,
4015,9.239999771118164,16.200000762939453,11.119999885559082,17.8799991607666,,
4016,9.359999656677246,16.239999771118164,10.65999984741211,17.8799991607666,,
4017,9.34000015258789,16.360000610351562,11.0600004196167,17.860000610351562,,
4018,9.300000190734863,16.18000030517578,10.300000190734863,17.600000381469727,,
4019,9.0,16.100000381469727,10.359999656677246,17.780000686645508,,
4020,8.920000076293945,16.020000457763672,10.359999656677246,17.81999969482422,,
4021,9.199999809265137,16.139999389648438,11.15999984741211,17.760000228881836,,
4022,9.0,16.040000915527344,11.199999809265137,17.84000015258789,,
4023,9.119999885559082,16.1200008392334,11.220000267028809,17.799999237060547,,
4024,9.119999885559082,16.100000381469727,11.300000190734863,17.799999237060547,,
4025,9.0,16.18000030517578,11.039999961853027,17.65999984741211,,
4026,9.199999809265137,16.239999771118164,11.039999961853027,17.639999389648438,,
4027,9.239999771118164,16.260000228881836,10.81999969482422,17.559999465942383,,
4028,9.5,16.139999389648438,10.880000114440918,17.68000030517578,,
4029,9.199999809265137,16.079999923706055,10.880000114440918,17.65999984741211,,
4030,9.300000190734863,16.15999984741211,10.84000015258789,17.68000030517578,,
4031,9.239999771118164,16.299999237060547,11.079999923706056,17.799999237060547,,
4032,9.31999969482422,16.360000610351562,10.979999542236328,17.81999969482422,,
4033,,16.579999923706055,11.079999923706056,17.700000762939453,,
4034,,16.219999313354492,10.699999809265137,17.65999984741211,,
4035,9.039999961853027,16.280000686645508,10.640000343322754,17.760000228881836,,
4036,8.880000114440918,16.700000762939453,10.720000267028809,17.760000228881836,,
4037,8.800000190734863,17.360000610351562,10.739999771118164,17.65999984741211,,
4038,8.960000038146973,16.420000076293945,11.0600004196167,17.65999984741211,,
4039,8.960000038146973,16.299999237060547,11.15999984741211,17.739999771118164,,
4040,9.039999961853027,16.18000030517578,11.0600004196167,17.700000762939453,,
4041,9.220000267028809,16.040000915527344,11.100000381469728,17.81999969482422,,
4042,9.199999809265137,16.139999389648438,10.399999618530272,17.899999618530273,,
4043,9.380000114440918,16.18000030517578,11.420000076293944,17.700000762939453,,
4044,9.420000076293944,16.280000686645508,11.0600004196167,17.84000015258789,,
4045,9.5600004196167,15.979999542236328,10.760000228881836,17.940000534057617,,
4046,9.399999618530272,15.979999542236328,,17.81999969482422,,
4047,9.5,16.139999389648438,,17.780000686645508,,
4048,9.65999984741211,16.079999923706055,,17.8799991607666,,
4049,9.579999923706056,16.15999984741211,,17.8799991607666,,
4050,9.600000381469728,16.239999771118164,10.380000114440918,17.959999084472656,,
4051,9.699999809265137,16.100000381469727,10.68000030517578,17.920000076293945,,
4052,9.640000343322754,16.079999923706055,9.800000190734863,17.84000015258789,,
4053,9.479999542236328,16.079999923706055,10.5,17.65999984741211,,
4054,9.479999542236328,16.139999389648438,10.5,17.719999313354492,,
4055,,16.200000762939453,10.579999923706056,17.639999389648438,,
4056,9.5600004196167,16.18000030517578,10.859999656677246,17.81999969482422,,
4057,9.479999542236328,16.1200008392334,10.640000343322754,17.920000076293945,,
4058,9.65999984741211,16.280000686645508,10.65999984741211,17.68000030517578,,
4059,9.600000381469728,16.139999389648438,11.079999923706056,17.84000015258789,,
4060,9.479999542236328,16.079999923706055,11.0600004196167,17.68000030517578,,
4061,9.520000457763672,16.079999923706055,11.18000030517578,17.799999237060547,,
4062,9.420000076293944,16.139999389648438,11.100000381469728,17.84000015258789,,
4063,9.279999732971191,16.139999389648438,11.140000343322754,17.700000762939453,,
4064,9.399999618530272,16.18000030517578,11.359999656677246,17.600000381469727,,
4065,9.31999969482422,16.299999237060547,10.979999542236328,17.520000457763672,,
4066,9.420000076293944,16.219999313354492,11.5600004196167,17.899999618530273,,
4067,9.600000381469728,16.18000030517578,10.699999809265137,17.899999618530273,,
4068,9.5600004196167,16.079999923706055,11.279999732971191,17.639999389648438,,
4069,9.279999732971191,16.059999465942383,11.300000190734863,17.6200008392334,,
4070,,16.020000457763672,10.84000015258789,17.600000381469727,,
4071,,16.100000381469727,10.760000228881836,17.760000228881836,,
4072,,16.1200008392334,10.81999969482422,17.860000610351562,,
4073,,,11.300000190734863,17.899999618530273,,
4074,,,10.739999771118164,17.81999969482422,,
4075,,16.1200008392334,11.300000190734863,17.739999771118164,,
4076,9.5600004196167,15.979999542236328,11.300000190734863,17.719999313354492,,
4077,9.65999984741211,15.979999542236328,11.0600004196167,17.760000228881836,,
4078,9.579999923706056,16.040000915527344,11.15999984741211,17.760000228881836,,
4079,9.619999885559082,16.0,11.399999618530272,17.81999969482422,,
4080,9.5600004196167,16.059999465942383,11.5,17.84000015258789,,
4081,9.600000381469728,16.139999389648438,11.34000015258789,17.8799991607666,,
4082,,16.100000381469727,11.279999732971191,17.860000610351562,,
4083,,16.100000381469727,11.220000267028809,17.84000015258789,,
4084,,16.100000381469727,11.119999885559082,17.84000015258789,,
4085,,,11.140000343322754,17.860000610351562,,
4086,9.539999961853027,16.020000457763672,11.220000267028809,17.860000610351562,,
4087,9.68000030517578,16.139999389648438,11.539999961853027,17.920000076293945,,
4088,9.520000457763672,16.020000457763672,10.640000343322754,17.899999618530273,,
4089,9.779999732971191,16.040000915527344,10.779999732971191,17.8799991607666,,
4090,,,11.600000381469728,18.020000457763672,,
4091,,,11.0,17.920000076293945,,
4092,9.619999885559082,16.0,11.100000381469728,17.84000015258789,,
4093,9.520000457763672,16.100000381469727,10.859999656677246,17.979999542236328,,
4094,9.84000015258789,16.100000381469727,11.4399995803833,17.84000015258789,,
4095,9.520000457763672,16.219999313354492,11.039999961853027,17.860000610351562,,
4096,9.65999984741211,16.100000381469727,11.220000267028809,17.799999237060547,,
4097,9.600000381469728,16.059999465942383,11.279999732971191,17.899999618530273,,
4098,,16.219999313354492,11.279999732971191,17.81999969482422,,
4099,9.460000038146973,15.9399995803833,11.239999771118164,17.81999969482422,,
4100,9.5600004196167,16.1200008392334,11.199999809265137,17.899999618530273,,
4101,9.520000457763672,15.9399995803833,10.65999984741211,17.920000076293945,,
4102,,,,17.959999084472656,,
4103,9.239999771118164,16.139999389648438,11.31999969482422,18.07999992370605,,
4104,9.239999771118164,16.0,11.15999984741211,18.0,,
4105,9.260000228881836,15.960000038146973,10.899999618530272,17.899999618530273,,
4106,9.079999923706056,16.1200008392334,,17.920000076293945,,
4107,9.239999771118164,16.15999984741211,11.539999961853027,17.799999237060547,,
4108,9.15999984741211,16.200000762939453,11.479999542236328,17.84000015258789,,
4109,9.079999923706056,16.219999313354492,,17.84000015258789,,
4110,9.420000076293944,16.059999465942383,11.68000030517578,17.899999618530273,,
4111,9.420000076293944,15.9399995803833,11.68000030517578,17.920000076293945,,
4112,9.260000228881836,15.920000076293944,,17.959999084472656,,
4113,9.539999961853027,15.81999969482422,11.300000190734863,18.0,,
4114,9.4399995803833,15.960000038146973,10.960000038146973,17.899999618530273,,
4115,9.220000267028809,16.0,11.520000457763672,17.719999313354492,,
4116,9.479999542236328,16.059999465942383,11.68000030517578,17.81999969482422,,
4117,9.279999732971191,15.84000015258789,11.399999618530272,17.760000228881836,,
4118,9.65999984741211,15.960000038146973,11.18000030517578,17.920000076293945,,
4119,9.600000381469728,16.0,11.539999961853027,17.899999618530273,,
4120,9.279999732971191,16.139999389648438,11.380000114440918,17.860000610351562,,
4121,9.239999771118164,16.200000762939453,,17.81999969482422,,
4122,9.15999984741211,16.18000030517578,,17.799999237060547,,
4123,9.15999984741211,16.139999389648438,11.140000343322754,17.81999969482422,,
4124,9.15999984741211,16.100000381469727,11.140000343322754,17.799999237060547,,
4125,9.479999542236328,16.139999389648438,11.5600004196167,17.799999237060547,,
4126,9.119999885559082,16.15999984741211,11.380000114440918,17.799999237060547,,
4127,9.460000038146973,16.200000762939453,10.579999923706056,17.760000228881836,,
4128,9.220000267028809,15.979999542236328,10.420000076293944,17.760000228881836,,
4129,9.5600004196167,16.0,11.100000381469728,17.81999969482422,,
4130,9.460000038146973,16.040000915527344,11.18000030517578,17.81999969482422,,
4131,9.34000015258789,16.18000030517578,10.460000038146973,17.780000686645508,,
4132,9.399999618530272,16.079999923706055,,17.860000610351562,,
4133,9.359999656677246,16.059999465942383,11.420000076293944,17.899999618530273,,
4134,9.420000076293944,16.239999771118164,10.9399995803833,17.8799991607666,,
4135,9.520000457763672,16.139999389648438,11.31999969482422,17.860000610351562,,
4136,9.5,16.18000030517578,11.079999923706056,17.84000015258789,,
4137,9.539999961853027,16.1200008392334,11.359999656677246,17.860000610351562,,
4138,9.479999542236328,16.040000915527344,,17.8799991607666,,
4139,9.399999618530272,15.9399995803833,11.0600004196167,17.940000534057617,,
4140,9.239999771118164,16.0,11.100000381469728,17.760000228881836,,
4141,9.18000030517578,15.979999542236328,11.300000190734863,17.600000381469727,,
4142,9.460000038146973,16.1200008392334,11.239999771118164,17.860000610351562,,
4143,9.520000457763672,16.15999984741211,11.100000381469728,17.899999618530273,,
4144,9.460000038146973,16.280000686645508,11.31999969482422,17.920000076293945,,
4145,9.420000076293944,16.200000762939453,11.579999923706056,17.920000076293945,,
4146,9.520000457763672,16.18000030517578,,17.959999084472656,,
4147,9.5,16.139999389648438,,17.959999084472656,,
4148,9.460000038146973,16.15999984741211,11.380000114440918,17.940000534057617,,
4149,9.4399995803833,16.040000915527344,11.279999732971191,17.920000076293945,,
4150,9.4399995803833,16.15999984741211,11.220000267028809,17.860000610351562,,
4151,9.5,16.139999389648438,11.260000228881836,17.860000610351562,,
4152,9.460000038146973,16.280000686645508,11.079999923706056,17.920000076293945,,
4153,9.359999656677246,16.3799991607666,11.359999656677246,17.780000686645508,,
4154,9.34000015258789,16.18000030517578,11.15999984741211,17.84000015258789,,
4155,9.359999656677246,16.139999389648438,10.18000030517578,17.860000610351562,,
4156,9.619999885559082,16.18000030517578,11.34000015258789,17.920000076293945,,
4157,9.4399995803833,16.15999984741211,10.220000267028809,17.920000076293945,,
4158,9.520000457763672,16.260000228881836,11.020000457763672,17.8799991607666,,
4159,9.479999542236328,15.979999542236328,10.739999771118164,17.760000228881836,,
4160,9.420000076293944,16.1200008392334,10.859999656677246,17.84000015258789,,
4161,9.420000076293944,16.15999984741211,11.119999885559082,17.8799991607666,,
4162,9.479999542236328,16.1200008392334,11.5,17.940000534057617,,
4163,9.4399995803833,16.059999465942383,11.34000015258789,17.899999618530273,,
4164,9.4399995803833,16.100000381469727,11.479999542236328,18.1200008392334,,
4165,9.460000038146973,16.139999389648438,11.4399995803833,18.100000381469727,,
4166,9.520000457763672,16.1200008392334,11.619999885559082,18.020000457763672,,
4167,9.600000381469728,16.219999313354492,11.5,17.84000015258789,,
4168,9.640000343322754,16.020000457763672,11.359999656677246,17.81999969482422,,
4169,9.479999542236328,16.18000030517578,11.31999969482422,17.860000610351562,,
4170,9.520000457763672,16.280000686645508,11.359999656677246,17.860000610351562,,
4171,9.5600004196167,16.0,11.34000015258789,17.860000610351562,,
4172,9.5,16.059999465942383,,17.920000076293945,,
4173,9.5,16.459999084472656,,17.860000610351562,,
4174,9.479999542236328,16.399999618530273,11.34000015258789,17.899999618530273,,
4175,9.4399995803833,16.15999984741211,11.31999969482422,17.920000076293945,,
4176,9.68000030517578,16.139999389648438,11.600000381469728,17.8799991607666,,
4177,9.5,16.360000610351562,10.920000076293944,17.84000015258789,,
4178,9.479999542236328,16.0,11.0600004196167,18.0,,
4179,9.399999618530272,16.059999465942383,10.84000015258789,17.920000076293945,,
4180,9.520000457763672,16.34000015258789,11.100000381469728,18.0,,
4181,9.520000457763672,16.31999969482422,11.739999771118164,18.07999992370605,,
4182,9.5600004196167,16.3799991607666,11.699999809265137,18.07999992370605,,
4183,9.460000038146973,16.299999237060547,11.380000114440918,18.059999465942383,,
4184,9.539999961853027,16.239999771118164,,18.059999465942383,,
4185,9.520000457763672,16.299999237060547,11.300000190734863,18.040000915527344,,
4186,9.460000038146973,16.219999313354492,11.34000015258789,18.020000457763672,,
4187,9.520000457763672,16.18000030517578,11.520000457763672,17.920000076293945,,
4188,9.640000343322754,16.219999313354492,11.34000015258789,18.21999931335449,,
4189,9.720000267028809,16.200000762939453,11.720000267028809,18.0,,
4190,9.579999923706056,16.219999313354492,11.460000038146973,18.020000457763672,,
4191,9.4399995803833,16.260000228881836,11.380000114440918,18.020000457763672,,
4192,9.520000457763672,16.200000762939453,11.699999809265137,18.020000457763672,,
4193,9.359999656677246,16.219999313354492,11.140000343322754,17.899999618530273,,
4194,9.420000076293944,16.260000228881836,11.460000038146973,18.0,,
4195,9.399999618530272,16.200000762939453,11.539999961853027,18.26000022888184,,
4196,9.4399995803833,16.299999237060547,11.68000030517578,18.07999992370605,,
4197,9.539999961853027,16.200000762939453,11.220000267028809,18.0,,
4198,9.579999923706056,16.219999313354492,11.260000228881836,18.020000457763672,,
4199,9.579999923706056,16.15999984741211,11.68000030517578,18.020000457763672,,
4200,9.520000457763672,16.100000381469727,11.380000114440918,17.8799991607666,,
4201,9.399999618530272,16.059999465942383,11.619999885559082,18.0,,
4202,9.4399995803833,16.079999923706055,11.539999961853027,18.0,,
4203,9.380000114440918,16.260000228881836,11.5,17.959999084472656,,
4204,9.479999542236328,16.15999984741211,,17.979999542236328,,
4205,9.420000076293944,16.15999984741211,11.739999771118164,17.959999084472656,,
4206,9.34000015258789,16.100000381469727,11.600000381469728,18.07999992370605,,
4207,9.619999885559082,16.200000762939453,11.5,18.18000030517578,,
4208,9.520000457763672,16.18000030517578,11.380000114440918,18.059999465942383,,
4209,9.479999542236328,16.079999923706055,11.039999961853027,18.0,,
4210,9.5600004196167,16.0,11.5600004196167,18.13999938964844,,
4211,9.31999969482422,15.979999542236328,11.579999923706056,18.07999992370605,,
4212,9.479999542236328,16.020000457763672,11.68000030517578,18.059999465942383,,
4213,9.520000457763672,16.260000228881836,,18.239999771118164,,
4214,9.479999542236328,16.260000228881836,11.640000343322754,18.15999984741211,,
4215,9.539999961853027,16.239999771118164,11.420000076293944,18.200000762939453,,
4216,9.399999618530272,16.100000381469727,11.0600004196167,18.07999992370605,,
4217,9.460000038146973,16.079999923706055,11.5600004196167,18.18000030517578,,
4218,9.420000076293944,16.059999465942383,11.600000381469728,18.13999938964844,,
4219,9.479999542236328,16.1200008392334,11.640000343322754,18.1200008392334,,
4220,9.619999885559082,16.139999389648438,,18.18000030517578,,
4221,9.520000457763672,16.1200008392334,11.34000015258789,18.13999938964844,,
4222,9.579999923706056,16.139999389648438,11.31999969482422,18.100000381469727,,
4223,9.5600004196167,16.079999923706055,11.0600004196167,18.0,,
4224,9.4399995803833,16.040000915527344,10.859999656677246,18.020000457763672,,
4225,9.479999542236328,16.200000762939453,11.300000190734863,18.13999938964844,,
4226,9.420000076293944,16.219999313354492,11.300000190734863,18.059999465942383,,
4227,9.479999542236328,16.219999313354492,10.739999771118164,18.059999465942383,,
4228,9.31999969482422,16.200000762939453,,18.059999465942383,,
4229,9.380000114440918,16.200000762939453,10.84000015258789,18.15999984741211,,
4230,9.4399995803833,16.299999237060547,9.9399995803833,18.07999992370605,,
4231,9.460000038146973,16.299999237060547,,18.100000381469727,,
4232,9.420000076293944,16.260000228881836,,18.13999938964844,,
4233,9.5,16.079999923706055,11.779999732971191,18.100000381469727,,
4234,9.420000076293944,16.1200008392334,11.220000267028809,18.059999465942383,,
4235,9.399999618530272,16.100000381469727,11.539999961853027,18.1200008392334,,
4236,9.359999656677246,16.040000915527344,,18.059999465942383,,
4237,9.260000228881836,16.100000381469727,11.779999732971191,18.040000915527344,,
4238,9.4399995803833,16.020000457763672,11.779999732971191,18.0,,
4239,9.5600004196167,16.100000381469727,10.739999771118164,17.8799991607666,,
4240,9.579999923706056,16.040000915527344,11.760000228881836,18.059999465942383,,
4241,9.579999923706056,16.100000381469727,10.5,18.13999938964844,,
4242,9.4399995803833,16.18000030517578,11.4399995803833,18.059999465942383,,
4243,9.420000076293944,16.200000762939453,10.920000076293944,18.13999938964844,,
4244,9.380000114440918,16.139999389648438,11.199999809265137,18.1200008392334,,
4245,9.18000030517578,16.1200008392334,11.279999732971191,18.13999938964844,,
4246,9.279999732971191,15.960000038146973,11.300000190734863,18.1200008392334,,
4247,9.460000038146973,16.059999465942383,11.380000114440918,18.1200008392334,,
4248,9.420000076293944,16.15999984741211,11.65999984741211,18.059999465942383,,
4249,9.479999542236328,16.299999237060547,11.020000457763672,18.059999465942383,,
4250,9.520000457763672,16.260000228881836,10.739999771118164,18.020000457763672,,
4251,9.65999984741211,16.260000228881836,11.380000114440918,18.059999465942383,,
4252,9.5600004196167,16.15999984741211,11.020000457763672,18.040000915527344,,
4253,9.539999961853027,16.200000762939453,11.220000267028809,17.959999084472656,,
4254,9.5,16.239999771118164,10.260000228881836,17.920000076293945,,
4255,9.600000381469728,16.219999313354492,10.260000228881836,17.940000534057617,,
4256,9.520000457763672,16.200000762939453,10.15999984741211,18.07999992370605,,
4257,9.520000457763672,16.280000686645508,10.739999771118164,18.3799991607666,,
4258,9.579999923706056,16.219999313354492,10.260000228881836,18.15999984741211,,
4259,9.600000381469728,16.200000762939453,10.84000015258789,18.100000381469727,,
4260,9.600000381469728,16.15999984741211,10.760000228881836,18.0,,
4261,9.539999961853027,16.18000030517578,10.81999969482422,18.13999938964844,,
4262,9.479999542236328,16.15999984741211,11.140000343322754,18.15999984741211,,
4263,9.460000038146973,16.1200008392334,11.300000190734863,18.100000381469727,,
4264,9.520000457763672,16.200000762939453,11.359999656677246,18.020000457763672,,
4265,9.520000457763672,16.200000762939453,11.239999771118164,18.0,,
4266,9.5,16.200000762939453,11.619999885559082,18.0,,
4267,9.460000038146973,16.100000381469727,11.399999618530272,17.940000534057617,,
4268,9.520000457763672,16.280000686645508,10.920000076293944,17.940000534057617,,
4269,9.399999618530272,16.280000686645508,11.18000030517578,17.979999542236328,,
4270,9.460000038146973,16.239999771118164,11.119999885559082,17.81999969482422,,
4271,9.460000038146973,16.1200008392334,11.140000343322754,18.020000457763672,,
4272,9.380000114440918,15.979999542236328,11.31999969482422,17.899999618530273,,
4273,9.539999961853027,16.040000915527344,10.0,17.799999237060547,,
4274,9.5,16.020000457763672,10.18000030517578,17.760000228881836,,
4275,9.15999984741211,15.979999542236328,10.460000038146973,17.84000015258789,,
4276,9.420000076293944,16.15999984741211,10.0600004196167,17.84000015258789,,
4277,9.420000076293944,16.139999389648438,11.0600004196167,18.020000457763672,,
4278,9.4399995803833,16.059999465942383,11.15999984741211,17.959999084472656,,
4279,9.479999542236328,16.020000457763672,10.920000076293944,17.959999084472656,,
4280,9.479999542236328,16.040000915527344,11.020000457763672,17.959999084472656,,
4281,9.600000381469728,16.040000915527344,11.239999771118164,17.899999618530273,,
4282,9.520000457763672,16.200000762939453,11.31999969482422,17.959999084472656,,
4283,9.479999542236328,16.200000762939453,10.81999969482422,17.899999618530273,,
4284,9.520000457763672,16.079999923706055,11.199999809265137,17.920000076293945,,
4285,9.479999542236328,16.280000686645508,11.720000267028809,17.959999084472656,,
4286,9.5,16.31999969482422,11.859999656677246,17.920000076293945,,
4287,9.579999923706056,16.260000228881836,11.68000030517578,17.959999084472656,,
4288,9.420000076293944,16.299999237060547,11.359999656677246,18.020000457763672,,
4289,9.5600004196167,16.280000686645508,11.0600004196167,18.0,,
4290,9.5600004196167,16.239999771118164,10.640000343322754,18.020000457763672,,
4291,9.579999923706056,15.979999542236328,11.140000343322754,17.979999542236328,,
4292,9.619999885559082,16.059999465942383,11.039999961853027,18.1200008392334,,
4293,9.5600004196167,16.079999923706055,10.979999542236328,18.13999938964844,,
4294,9.579999923706056,16.260000228881836,11.260000228881836,18.200000762939453,,
4295,9.579999923706056,16.34000015258789,11.140000343322754,18.1200008392334,,
4296,9.579999923706056,16.299999237060547,11.399999618530272,18.13999938964844,,
4297,9.600000381469728,16.420000076293945,10.260000228881836,18.13999938964844,,
4298,9.520000457763672,16.239999771118164,10.68000030517578,18.059999465942383,,
4299,9.5600004196167,16.1200008392334,10.420000076293944,18.059999465942383,,
4300,9.460000038146973,16.059999465942383,10.68000030517578,18.020000457763672,,
4301,9.520000457763672,16.18000030517578,10.720000267028809,18.059999465942383,,
4302,9.520000457763672,16.200000762939453,10.619999885559082,17.899999618530273,,
4303,9.579999923706056,16.31999969482422,10.800000190734863,17.899999618530273,,
4304,9.5,16.200000762939453,11.020000457763672,17.899999618530273,,
4305,9.460000038146973,16.260000228881836,10.720000267028809,17.979999542236328,,
4306,9.539999961853027,16.34000015258789,11.380000114440918,18.100000381469727,,
4307,9.479999542236328,16.239999771118164,11.239999771118164,17.959999084472656,,
4308,9.479999542236328,16.34000015258789,,18.07999992370605,,
4309,9.520000457763672,16.299999237060547,11.199999809265137,18.100000381469727,,
4310,9.4399995803833,16.31999969482422,11.18000030517578,18.21999931335449,,
4311,9.460000038146973,16.34000015258789,11.079999923706056,18.31999969482422,,
4312,9.399999618530272,16.31999969482422,11.600000381469728,18.520000457763672,,
4313,9.479999542236328,16.219999313354492,11.140000343322754,18.36000061035156,,
4314,9.460000038146973,16.18000030517578,10.760000228881836,18.39999961853028,,
4315,9.420000076293944,16.059999465942383,11.800000190734863,18.26000022888184,,
4316,9.239999771118164,16.040000915527344,10.84000015258789,18.34000015258789,,
4317,9.539999961853027,16.1200008392334,10.720000267028809,18.07999992370605,,
4318,9.520000457763672,16.15999984741211,11.039999961853027,18.020000457763672,,
4319,9.539999961853027,16.219999313354492,11.079999923706056,18.1200008392334,,
4320,9.520000457763672,16.200000762939453,11.520000457763672,18.1200008392334,,
4321,9.5600004196167,16.200000762939453,11.140000343322754,18.1200008392334,,
4322,9.460000038146973,16.200000762939453,10.9399995803833,18.1200008392334,,
4323,9.5,16.219999313354492,10.899999618530272,18.239999771118164,,
4324,9.520000457763672,16.15999984741211,10.880000114440918,18.21999931335449,,
4325,9.479999542236328,16.200000762939453,11.0600004196167,18.18000030517578,,
4326,9.5,16.1200008392334,10.880000114440918,18.15999984741211,,
4327,9.619999885559082,16.219999313354492,11.039999961853027,18.31999969482422,,
4328,9.619999885559082,16.219999313354492,11.039999961853027,18.280000686645508,,
4329,9.699999809265137,16.18000030517578,10.920000076293944,18.18000030517578,,
4330,9.68000030517578,16.1200008392334,10.960000038146973,18.15999984741211,,
4331,9.460000038146973,16.100000381469727,11.300000190734863,17.700000762939453,,
4332,9.460000038146973,16.1200008392334,11.0,18.200000762939453,,
4333,9.5,16.139999389648438,11.31999969482422,18.18000030517578,,
4334,9.579999923706056,16.200000762939453,11.0,18.059999465942383,,
4335,9.539999961853027,16.299999237060547,11.079999923706056,18.1200008392334,,
4336,9.479999542236328,16.299999237060547,11.079999923706056,17.979999542236328,,
4337,9.460000038146973,16.34000015258789,10.84000015258789,18.34000015258789,,
4338,9.640000343322754,16.31999969482422,10.5,17.920000076293945,,
4339,9.359999656677246,16.31999969482422,11.140000343322754,18.020000457763672,,
4340,9.5600004196167,16.360000610351562,11.18000030517578,18.13999938964844,,
4341,9.479999542236328,16.280000686645508,11.140000343322754,18.07999992370605,,
4342,9.539999961853027,16.299999237060547,11.239999771118164,18.18000030517578,,
4343,9.600000381469728,16.299999237060547,11.15999984741211,18.059999465942383,,
4344,9.5600004196167,16.18000030517578,11.039999961853027,18.100000381469727,,
4345,9.520000457763672,16.200000762939453,10.979999542236328,18.13999938964844,,
4346,9.520000457763672,16.139999389648438,11.0,18.18000030517578,,
4347,9.5600004196167,16.059999465942383,11.359999656677246,18.21999931335449,,
4348,9.479999542236328,16.079999923706055,10.920000076293944,18.1200008392334,,
4349,9.479999542236328,16.139999389648438,11.380000114440918,17.920000076293945,,
4350,9.460000038146973,16.200000762939453,11.279999732971191,18.100000381469727,,
4351,9.460000038146973,16.15999984741211,11.079999923706056,18.26000022888184,,
4352,9.619999885559082,16.139999389648438,10.899999618530272,18.239999771118164,,
4353,9.539999961853027,16.079999923706055,,18.239999771118164,,
4354,9.619999885559082,16.100000381469727,11.079999923706056,18.31999969482422,,
4355,9.539999961853027,16.100000381469727,11.020000457763672,18.21999931335449,,
4356,9.539999961853027,16.1200008392334,10.739999771118164,18.059999465942383,,
4357,9.579999923706056,16.1200008392334,11.039999961853027,18.07999992370605,,
4358,9.65999984741211,16.079999923706055,10.979999542236328,18.059999465942383,,
4359,9.479999542236328,16.18000030517578,10.84000015258789,17.799999237060547,,
4360,9.520000457763672,16.200000762939453,10.859999656677246,18.1200008392334,,
4361,9.539999961853027,16.219999313354492,10.4399995803833,18.100000381469727,,
4362,9.5600004196167,16.219999313354492,10.84000015258789,18.34000015258789,,
4363,9.539999961853027,16.200000762939453,10.960000038146973,18.21999931335449,,
4364,9.5600004196167,16.280000686645508,10.979999542236328,18.299999237060547,,
4365,9.5,16.31999969482422,10.779999732971191,18.36000061035156,,
4366,9.5600004196167,16.15999984741211,11.0,18.34000015258789,,
4367,9.5600004196167,16.31999969482422,10.859999656677246,18.280000686645508,,
4368,9.65999984741211,16.200000762939453,10.760000228881836,18.280000686645508,,
4369,9.5,16.18000030517578,10.800000190734863,18.21999931335449,,
4370,9.520000457763672,16.15999984741211,10.739999771118164,18.1200008392334,,
4371,9.5600004196167,16.260000228881836,10.760000228881836,18.18000030517578,,
4372,9.619999885559082,16.200000762939453,10.979999542236328,18.18000030517578,,
4373,9.520000457763672,16.31999969482422,10.920000076293944,18.15999984741211,,
4374,9.520000457763672,16.239999771118164,10.880000114440918,18.040000915527344,,
4375,9.479999542236328,16.280000686645508,11.140000343322754,17.979999542236328,,
4376,9.520000457763672,16.239999771118164,11.199999809265137,18.1200008392334,,
4377,9.5,16.239999771118164,10.84000015258789,18.1200008392334,,
4378,9.539999961853027,16.239999771118164,11.0600004196167,18.200000762939453,,
4379,9.520000457763672,16.200000762939453,11.140000343322754,18.07999992370605,,
4380,9.479999542236328,16.139999389648438,11.199999809265137,18.18000030517578,,
4381,9.520000457763672,16.280000686645508,11.239999771118164,18.200000762939453,,
4382,9.600000381469728,16.239999771118164,11.34000015258789,18.15999984741211,,
4383,9.5600004196167,16.219999313354492,11.300000190734863,18.059999465942383,,
4384,9.5600004196167,16.280000686645508,11.279999732971191,18.100000381469727,,
4385,9.600000381469728,16.280000686645508,10.960000038146973,18.15999984741211,,
4386,9.5600004196167,16.280000686645508,11.0600004196167,18.13999938964844,,
4387,9.5,16.299999237060547,11.079999923706056,18.100000381469727,,
4388,9.5600004196167,16.31999969482422,11.34000015258789,18.13999938964844,,
4389,9.5,16.31999969482422,11.399999618530272,18.059999465942383,,
4390,9.479999542236328,16.360000610351562,11.880000114440918,18.07999992370605,,
4391,9.520000457763672,16.31999969482422,11.15999984741211,18.15999984741211,,
4392,9.619999885559082,16.31999969482422,10.880000114440918,18.18000030517578,,
4393,9.68000030517578,16.360000610351562,10.960000038146973,18.200000762939453,,
4394,9.579999923706056,16.31999969482422,11.039999961853027,18.13999938964844,,
4395,9.539999961853027,16.31999969482422,11.15999984741211,18.239999771118164,,
4396,9.460000038146973,16.219999313354492,11.140000343322754,18.280000686645508,,
4397,9.539999961853027,16.239999771118164,11.0600004196167,18.239999771118164,,
4398,9.5,16.239999771118164,10.9399995803833,18.239999771118164,,
4399,9.380000114440918,16.200000762939453,10.979999542236328,18.200000762939453,,
4400,9.600000381469728,16.239999771118164,10.479999542236328,18.1200008392334,,
4401,9.699999809265137,16.219999313354492,11.460000038146973,18.18000030517578,,
4402,9.640000343322754,16.040000915527344,,18.13999938964844,,
4403,9.579999923706056,16.31999969482422,11.4399995803833,18.239999771118164,,
4404,9.65999984741211,16.280000686645508,11.039999961853027,18.299999237060547,,
4405,9.65999984741211,16.299999237060547,11.119999885559082,18.34000015258789,,
4406,9.68000030517578,16.139999389648438,10.81999969482422,18.280000686645508,,
4407,9.619999885559082,16.219999313354492,10.81999969482422,18.280000686645508,,
4408,9.5600004196167,16.280000686645508,11.079999923706056,18.280000686645508,,
4409,9.619999885559082,16.299999237060547,11.0,18.15999984741211,,
4410,9.65999984741211,16.299999237060547,10.960000038146973,18.21999931335449,,
4411,9.68000030517578,16.18000030517578,11.119999885559082,18.31999969482422,,
4412,9.65999984741211,16.139999389648438,10.699999809265137,18.280000686645508,,
4413,9.619999885559082,16.15999984741211,10.699999809265137,18.200000762939453,,
4414,9.640000343322754,16.059999465942383,10.979999542236328,18.31999969482422,,
4415,9.600000381469728,16.139999389648438,10.920000076293944,18.420000076293945,,
4416,9.640000343322754,16.200000762939453,11.0600004196167,18.440000534057617,,
4417,9.65999984741211,16.280000686645508,11.239999771118164,18.31999969482422,,
4418,9.579999923706056,16.280000686645508,10.520000457763672,18.21999931335449,,
4419,9.539999961853027,16.260000228881836,10.65999984741211,18.299999237060547,,
4420,9.539999961853027,16.239999771118164,10.9399995803833,18.18000030517578,,
4421,9.5600004196167,16.280000686645508,11.31999969482422,18.21999931335449,,
4422,9.5600004196167,16.280000686645508,11.140000343322754,18.239999771118164,,
4423,9.579999923706056,16.299999237060547,11.140000343322754,18.280000686645508,,
4424,9.600000381469728,16.299999237060547,11.020000457763672,18.31999969482422,,
4425,9.68000030517578,16.3799991607666,11.0,18.34000015258789,,
4426,9.600000381469728,16.31999969482422,11.079999923706056,18.26000022888184,,
4427,9.68000030517578,16.31999969482422,11.100000381469728,18.26000022888184,,
4428,9.640000343322754,16.360000610351562,11.199999809265137,18.13999938964844,,
4429,9.520000457763672,16.399999618530273,11.359999656677246,18.21999931335449,,
4430,9.5600004196167,16.399999618530273,11.260000228881836,17.940000534057617,,
4431,9.579999923706056,16.360000610351562,11.079999923706056,18.1200008392334,,
4432,9.65999984741211,16.440000534057617,11.239999771118164,18.100000381469727,,
4433,9.600000381469728,16.3799991607666,11.479999542236328,18.13999938964844,,
4434,9.640000343322754,16.420000076293945,11.239999771118164,18.21999931335449,,
4435,9.65999984741211,16.440000534057617,11.0600004196167,18.31999969482422,,
4436,9.640000343322754,16.399999618530273,11.100000381469728,18.200000762939453,,
4437,9.619999885559082,16.31999969482422,11.460000038146973,18.31999969482422,,
4438,9.68000030517578,16.479999542236328,11.34000015258789,18.34000015258789,,
4439,9.600000381469728,16.360000610351562,11.260000228881836,18.239999771118164,,
4440,9.5,16.31999969482422,11.31999969482422,18.21999931335449,,
4441,9.5600004196167,16.3799991607666,,18.200000762939453,,
4442,9.300000190734863,16.31999969482422,10.960000038146973,18.13999938964844,,
4443,9.5600004196167,16.31999969482422,11.140000343322754,18.299999237060547,,
4444,9.579999923706056,16.360000610351562,11.119999885559082,18.31999969482422,,
4445,9.600000381469728,16.31999969482422,10.84000015258789,18.31999969482422,,
4446,9.68000030517578,16.3799991607666,11.199999809265137,18.280000686645508,,
4447,9.68000030517578,16.280000686645508,10.960000038146973,18.31999969482422,,
4448,9.5600004196167,16.260000228881836,10.579999923706056,18.280000686645508,,
4449,9.699999809265137,16.260000228881836,11.079999923706056,18.280000686645508,,
4450,9.720000267028809,16.239999771118164,10.979999542236328,18.39999961853028,,
4451,9.720000267028809,16.31999969482422,10.960000038146973,18.31999969482422,,
4452,9.640000343322754,16.31999969482422,11.079999923706056,18.34000015258789,,
4453,9.479999542236328,16.440000534057617,11.279999732971191,18.31999969482422,,
4454,9.619999885559082,16.479999542236328,11.239999771118164,18.21999931335449,,
4455,9.579999923706056,16.3799991607666,11.100000381469728,18.479999542236328,,
4456,9.5600004196167,16.31999969482422,10.640000343322754,18.479999542236328,,
4457,9.539999961853027,16.31999969482422,11.0600004196167,18.540000915527344,,
4458,9.600000381469728,16.360000610351562,10.899999618530272,18.440000534057617,,
4459,9.579999923706056,16.219999313354492,10.859999656677246,18.440000534057617,,
4460,9.65999984741211,16.219999313354492,10.920000076293944,18.280000686645508,,
4461,9.640000343322754,16.280000686645508,10.920000076293944,18.239999771118164,,
4462,9.619999885559082,16.34000015258789,10.899999618530272,18.059999465942383,,
4463,9.640000343322754,16.31999969482422,10.859999656677246,17.899999618530273,,
4464,9.640000343322754,16.540000915527344,10.979999542236328,18.0,,
4465,9.640000343322754,16.420000076293945,10.899999618530272,18.26000022888184,,
4466,9.640000343322754,16.399999618530273,10.84000015258789,18.31999969482422,,
4467,9.600000381469728,16.479999542236328,10.9399995803833,18.26000022888184,,
4468,9.619999885559082,16.360000610351562,10.9399995803833,18.280000686645508,,
4469,9.640000343322754,16.31999969482422,11.199999809265137,18.440000534057617,,
4470,9.579999923706056,16.280000686645508,11.079999923706056,18.520000457763672,,
4471,9.579999923706056,16.31999969482422,10.800000190734863,18.540000915527344,,
4472,9.600000381469728,16.31999969482422,10.84000015258789,18.6200008392334,,
4473,9.68000030517578,16.299999237060547,10.699999809265137,18.600000381469727,,
4474,9.65999984741211,16.34000015258789,10.920000076293944,18.559999465942383,,
4475,9.579999923706056,16.299999237060547,11.0600004196167,18.63999938964844,,
4476,9.619999885559082,16.34000015258789,11.260000228881836,18.559999465942383,,
4477,9.579999923706056,16.299999237060547,11.18000030517578,18.459999084472656,,
4478,9.5600004196167,16.200000762939453,11.0,18.459999084472656,,
4479,9.600000381469728,16.31999969482422,11.0600004196167,18.559999465942383,,
4480,9.640000343322754,16.31999969482422,11.079999923706056,18.479999542236328,,
4481,9.579999923706056,16.360000610351562,11.020000457763672,18.440000534057617,,
4482,9.619999885559082,16.360000610351562,11.119999885559082,18.479999542236328,,
4483,9.619999885559082,16.420000076293945,11.18000030517578,18.57999992370605,,
4484,9.600000381469728,16.5,11.079999923706056,18.520000457763672,,
4485,9.579999923706056,16.280000686645508,11.199999809265137,18.520000457763672,,
4486,9.579999923706056,16.219999313354492,11.31999969482422,18.440000534057617,,
4487,9.68000030517578,16.280000686645508,11.0,18.440000534057617,,
4488,9.579999923706056,16.280000686645508,11.079999923706056,18.3799991607666,,
4489,9.640000343322754,16.299999237060547,10.960000038146973,18.3799991607666,,
4490,9.68000030517578,16.3799991607666,10.779999732971191,18.39999961853028,,
4491,9.720000267028809,16.360000610351562,11.300000190734863,18.520000457763672,,
4492,9.65999984741211,16.34000015258789,11.380000114440918,18.440000534057617,,
4493,9.760000228881836,16.360000610351562,11.239999771118164,18.440000534057617,,
4494,9.640000343322754,16.31999969482422,11.359999656677246,18.39999961853028,,
4495,9.520000457763672,16.31999969482422,11.220000267028809,18.39999961853028,,
4496,9.68000030517578,16.3799991607666,11.239999771118164,18.459999084472656,,
4497,9.640000343322754,16.360000610351562,11.260000228881836,18.440000534057617,,
4498,9.640000343322754,16.31999969482422,11.260000228881836,18.440000534057617,,
4499,9.739999771118164,16.459999084472656,11.619999885559082,18.459999084472656,,
4500,9.760000228881836,16.360000610351562,11.359999656677246,18.559999465942383,,
4501,9.65999984741211,16.34000015258789,11.31999969482422,18.440000534057617,,
4502,9.640000343322754,16.260000228881836,11.119999885559082,18.3799991607666,,
4503,9.5600004196167,16.299999237060547,11.239999771118164,18.299999237060547,,
4504,9.65999984741211,16.280000686645508,11.300000190734863,18.280000686645508,,
4505,9.68000030517578,16.459999084472656,11.119999885559082,18.420000076293945,,
4506,9.699999809265137,16.579999923706055,11.34000015258789,18.5,,
4507,9.579999923706056,16.5,11.220000267028809,18.559999465942383,,
4508,9.619999885559082,16.420000076293945,11.279999732971191,18.440000534057617,,
4509,9.619999885559082,16.459999084472656,11.420000076293944,18.3799991607666,,
4510,9.579999923706056,16.440000534057617,11.140000343322754,18.3799991607666,,
4511,9.579999923706056,16.31999969482422,11.260000228881836,18.280000686645508,,
4512,9.579999923706056,16.399999618530273,,18.31999969482422,,
4513,9.600000381469728,16.399999618530273,11.359999656677246,18.34000015258789,,
4514,9.5600004196167,16.360000610351562,11.239999771118164,18.34000015258789,,
4515,9.600000381469728,16.399999618530273,11.18000030517578,18.34000015258789,,
4516,9.619999885559082,16.399999618530273,11.239999771118164,18.34000015258789,,
4517,9.68000030517578,16.3799991607666,11.119999885559082,18.39999961853028,,
4518,9.5600004196167,16.420000076293945,11.260000228881836,18.39999961853028,,
4519,9.68000030517578,16.3799991607666,11.460000038146973,18.34000015258789,,
4520,9.619999885559082,16.420000076293945,11.579999923706056,18.299999237060547,,
4521,9.640000343322754,16.520000457763672,11.239999771118164,18.39999961853028,,
4522,9.600000381469728,16.459999084472656,11.020000457763672,18.3799991607666,,
4523,9.539999961853027,16.440000534057617,11.079999923706056,18.3799991607666,,
4524,9.68000030517578,16.399999618530273,11.140000343322754,18.36000061035156,,
4525,9.699999809265137,16.520000457763672,11.140000343322754,18.39999961853028,,
4526,9.699999809265137,16.520000457763672,11.15999984741211,18.34000015258789,,
4527,9.65999984741211,16.639999389648438,11.420000076293944,18.3799991607666,,
4528,9.619999885559082,16.479999542236328,11.5,18.3799991607666,,
4529,9.640000343322754,16.459999084472656,11.239999771118164,18.36000061035156,,
4530,9.579999923706056,16.420000076293945,11.220000267028809,18.3799991607666,,
4531,9.600000381469728,16.479999542236328,10.68000030517578,18.39999961853028,,
4532,9.640000343322754,16.459999084472656,11.140000343322754,18.34000015258789,,
4533,9.600000381469728,16.399999618530273,11.039999961853027,18.3799991607666,,
4534,9.640000343322754,16.479999542236328,10.81999969482422,18.3799991607666,,
4535,9.65999984741211,16.459999084472656,10.880000114440918,18.39999961853028,,
4536,9.699999809265137,16.459999084472656,11.119999885559082,18.39999961853028,,
4537,9.699999809265137,16.559999465942383,11.399999618530272,18.39999961853028,,
4538,9.65999984741211,16.420000076293945,11.0,18.3799991607666,,
4539,9.739999771118164,16.399999618530273,11.039999961853027,18.440000534057617,,
4540,9.720000267028809,16.420000076293945,11.0600004196167,18.3799991607666,,
4541,9.739999771118164,16.559999465942383,11.199999809265137,18.3799991607666,,
4542,9.640000343322754,16.459999084472656,11.359999656677246,18.440000534057617,,
4543,9.539999961853027,16.360000610351562,11.380000114440918,18.36000061035156,,
4544,9.579999923706056,16.3799991607666,11.420000076293944,18.440000534057617,,
4545,9.65999984741211,16.360000610351562,11.539999961853027,18.3799991607666,,
4546,9.699999809265137,16.420000076293945,11.279999732971191,18.36000061035156,,
4547,9.640000343322754,16.3799991607666,11.279999732971191,18.39999961853028,,
4548,9.68000030517578,16.459999084472656,11.31999969482422,18.3799991607666,,
4549,9.720000267028809,16.520000457763672,11.520000457763672,18.440000534057617,,
4550,9.600000381469728,16.420000076293945,11.520000457763672,18.39999961853028,,
4551,9.600000381469728,16.360000610351562,12.039999961853027,18.440000534057617,,
4552,9.539999961853027,16.440000534057617,11.4399995803833,18.34000015258789,,
4553,9.619999885559082,16.479999542236328,11.619999885559082,18.3799991607666,,
4554,9.640000343322754,16.520000457763672,11.460000038146973,18.3799991607666,,
4555,9.65999984741211,16.520000457763672,11.31999969482422,18.440000534057617,,
4556,9.65999984741211,16.3799991607666,11.539999961853027,18.3799991607666,,
4557,9.65999984741211,16.3799991607666,11.5600004196167,18.3799991607666,,
4558,9.640000343322754,16.479999542236328,11.479999542236328,18.39999961853028,,
4559,9.640000343322754,16.420000076293945,11.760000228881836,18.280000686645508,,
4560,9.68000030517578,16.459999084472656,11.279999732971191,18.3799991607666,,
4561,9.65999984741211,16.420000076293945,11.279999732971191,18.3799991607666,,
4562,9.68000030517578,16.520000457763672,10.65999984741211,18.31999969482422,,
4563,9.640000343322754,16.780000686645508,,18.34000015258789,,
4564,9.65999984741211,16.540000915527344,11.640000343322754,18.39999961853028,,
4565,9.68000030517578,16.420000076293945,11.4399995803833,18.34000015258789,,
4566,9.68000030517578,16.440000534057617,11.779999732971191,18.3799991607666,,
4567,9.699999809265137,16.559999465942383,11.539999961853027,18.479999542236328,,
4568,9.600000381469728,16.479999542236328,11.600000381469728,18.3799991607666,,
4569,9.640000343322754,16.459999084472656,11.5600004196167,18.3799991607666,,
4570,9.600000381469728,16.700000762939453,11.859999656677246,18.36000061035156,,
4571,9.619999885559082,16.559999465942383,11.4399995803833,18.559999465942383,,
4572,9.619999885559082,16.479999542236328,,18.57999992370605,,
4573,9.619999885559082,16.559999465942383,11.34000015258789,18.600000381469727,,
4574,9.619999885559082,16.579999923706055,11.68000030517578,18.459999084472656,,
4575,9.68000030517578,16.520000457763672,11.460000038146973,18.3799991607666,,
4576,9.65999984741211,16.479999542236328,11.720000267028809,18.479999542236328,,
4577,9.640000343322754,16.579999923706055,11.460000038146973,18.3799991607666,,
4578,9.640000343322754,16.540000915527344,11.640000343322754,18.459999084472656,,
4579,9.68000030517578,16.520000457763672,11.859999656677246,18.3799991607666,,
4580,9.760000228881836,16.520000457763672,11.34000015258789,18.440000534057617,,
4581,9.68000030517578,16.6200008392334,11.720000267028809,18.559999465942383,,
4582,9.760000228881836,16.600000381469727,11.960000038146973,18.600000381469727,,
4583,9.65999984741211,16.65999984741211,11.5600004196167,18.63999938964844,,
4584,9.640000343322754,16.68000030517578,11.359999656677246,18.559999465942383,,
4585,9.640000343322754,16.639999389648438,11.220000267028809,18.520000457763672,,
4586,9.699999809265137,16.540000915527344,11.0,18.440000534057617,,
4587,9.640000343322754,16.479999542236328,11.34000015258789,18.39999961853028,,
4588,9.68000030517578,16.479999542236328,10.260000228881836,18.34000015258789,,
4589,9.65999984741211,16.540000915527344,11.239999771118164,18.34000015258789,,
4590,9.65999984741211,16.559999465942383,11.220000267028809,18.299999237060547,,
4591,9.5,16.600000381469727,11.0600004196167,18.280000686645508,,
4592,9.600000381469728,16.479999542236328,11.859999656677246,18.5,,
4593,9.739999771118164,16.68000030517578,11.0600004196167,18.3799991607666,,
4594,9.65999984741211,16.459999084472656,11.5,18.440000534057617,,
4595,9.699999809265137,16.420000076293945,10.760000228881836,18.440000534057617,,
4596,9.720000267028809,16.440000534057617,11.420000076293944,18.34000015258789,,
4597,9.65999984741211,16.579999923706055,11.300000190734863,18.34000015258789,,
4598,9.619999885559082,16.579999923706055,,18.299999237060547,,
4599,9.600000381469728,16.520000457763672,11.699999809265137,18.31999969482422,,
4600,9.619999885559082,16.579999923706055,11.380000114440918,18.39999961853028,,
4601,9.65999984741211,16.399999618530273,11.260000228881836,18.479999542236328,,
4602,9.640000343322754,16.360000610351562,11.5,18.5,,
4603,9.68000030517578,16.520000457763672,11.479999542236328,18.559999465942383,,
4604,9.65999984741211,16.3799991607666,11.81999969482422,18.559999465942383,,
4605,9.65999984741211,16.420000076293945,11.539999961853027,18.6200008392334,,
4606,9.65999984741211,16.399999618530273,11.359999656677246,18.700000762939453,,
4607,9.739999771118164,16.3799991607666,11.720000267028809,18.559999465942383,,
4608,9.699999809265137,16.420000076293945,,18.600000381469727,,
4609,9.800000190734863,16.3799991607666,12.039999961853027,18.559999465942383,,
4610,9.739999771118164,16.3799991607666,11.779999732971191,18.65999984741211,,
4611,9.81999969482422,16.399999618530273,11.9399995803833,18.57999992370605,,
4612,9.760000228881836,16.440000534057617,11.979999542236328,18.600000381469727,,
4613,9.800000190734863,16.479999542236328,12.0600004196167,18.540000915527344,,
4614,9.800000190734863,16.479999542236328,12.0,18.540000915527344,,
4615,9.619999885559082,16.540000915527344,11.899999618530272,18.5,,
4616,9.81999969482422,16.579999923706055,12.100000381469728,18.420000076293945,,
4617,9.800000190734863,16.540000915527344,,18.600000381469727,,
4618,9.699999809265137,16.479999542236328,11.880000114440918,18.63999938964844,,
4619,9.84000015258789,16.479999542236328,11.65999984741211,18.600000381469727,,
4620,9.699999809265137,16.360000610351562,11.720000267028809,18.440000534057617,,
4621,9.859999656677246,16.579999923706055,11.960000038146973,18.520000457763672,,
4622,10.100000381469728,16.360000610351562,11.84000015258789,18.700000762939453,,
4623,9.619999885559082,16.520000457763672,10.619999885559082,18.479999542236328,,
4624,9.65999984741211,16.360000610351562,11.619999885559082,18.39999961853028,,
4625,9.579999923706056,16.360000610351562,11.579999923706056,18.3799991607666,,
4626,9.899999618530272,16.360000610351562,11.899999618530272,18.34000015258789,,
4627,9.779999732971191,16.3799991607666,11.619999885559082,18.31999969482422,,
4628,9.640000343322754,16.540000915527344,11.300000190734863,18.479999542236328,,
4629,9.619999885559082,16.559999465942383,11.5600004196167,18.440000534057617,,
4630,9.65999984741211,16.520000457763672,11.739999771118164,18.459999084472656,,
4631,9.640000343322754,16.479999542236328,11.65999984741211,18.600000381469727,,
4632,9.800000190734863,16.3799991607666,11.359999656677246,18.71999931335449,,
4633,9.81999969482422,16.420000076293945,11.81999969482422,18.6200008392334,,
4634,9.699999809265137,16.3799991607666,11.960000038146973,18.68000030517578,,
4635,9.699999809265137,16.360000610351562,11.859999656677246,18.5,,
4636,9.699999809265137,16.399999618530273,11.239999771118164,18.600000381469727,,
4637,9.600000381469728,16.520000457763672,11.539999961853027,18.520000457763672,,
4638,9.520000457763672,16.399999618530273,11.4399995803833,18.600000381469727,,
4639,9.699999809265137,16.360000610351562,11.380000114440918,18.559999465942383,,
4640,9.65999984741211,16.459999084472656,11.539999961853027,18.440000534057617,,
4641,9.720000267028809,16.399999618530273,11.479999542236328,18.479999542236328,,
4642,9.68000030517578,16.559999465942383,11.880000114440918,18.459999084472656,,
4643,9.640000343322754,16.579999923706055,11.84000015258789,18.459999084472656,,
4644,9.84000015258789,16.479999542236328,11.760000228881836,18.68000030517578,,
4645,9.640000343322754,16.559999465942383,11.399999618530272,18.799999237060547,,
4646,9.68000030517578,16.639999389648438,12.039999961853027,18.739999771118164,,
4647,9.640000343322754,16.579999923706055,,18.459999084472656,,
4648,9.640000343322754,16.479999542236328,11.760000228881836,18.71999931335449,,
4649,9.65999984741211,16.399999618530273,,18.420000076293945,,
4650,9.65999984741211,16.360000610351562,12.079999923706056,18.700000762939453,,
4651,9.65999984741211,16.459999084472656,11.84000015258789,18.479999542236328,,
4652,9.68000030517578,16.360000610351562,10.779999732971191,18.479999542236328,,
4653,9.68000030517578,16.399999618530273,11.720000267028809,18.420000076293945,,
4654,9.699999809265137,16.399999618530273,11.800000190734863,18.63999938964844,,
4655,9.640000343322754,16.579999923706055,11.4399995803833,18.3799991607666,,
4656,9.68000030517578,16.3799991607666,11.699999809265137,18.420000076293945,,
4657,9.739999771118164,16.479999542236328,11.420000076293944,18.520000457763672,,
4658,9.68000030517578,16.520000457763672,11.619999885559082,18.89999961853028,,
4659,9.760000228881836,16.3799991607666,11.68000030517578,18.3799991607666,,
4660,9.720000267028809,16.399999618530273,11.880000114440918,18.34000015258789,,
4661,9.760000228881836,16.3799991607666,,18.420000076293945,,
4662,9.68000030517578,16.520000457763672,11.699999809265137,18.540000915527344,,
4663,9.619999885559082,16.68000030517578,11.800000190734863,18.6200008392334,,
4664,9.65999984741211,16.68000030517578,11.5,18.6200008392334,,
4665,9.65999984741211,16.579999923706055,12.039999961853027,18.3799991607666,,
4666,9.68000030517578,16.3799991607666,11.699999809265137,18.3799991607666,,
4667,9.640000343322754,16.3799991607666,11.720000267028809,18.600000381469727,,
4668,9.600000381469728,16.420000076293945,11.699999809265137,18.6200008392334,,
4669,9.68000030517578,16.579999923706055,11.739999771118164,18.600000381469727,,
4670,9.579999923706056,16.3799991607666,11.699999809265137,18.3799991607666,,
4671,9.68000030517578,16.459999084472656,11.68000030517578,18.31999969482422,,
4672,9.640000343322754,16.540000915527344,11.699999809265137,18.36000061035156,,
4673,9.640000343322754,16.520000457763672,11.720000267028809,18.420000076293945,,
4674,9.640000343322754,16.600000381469727,11.880000114440918,18.39999961853028,,
4675,9.65999984741211,16.6200008392334,11.300000190734863,18.34000015258789,,
4676,9.619999885559082,16.579999923706055,11.600000381469728,18.5,,
4677,9.600000381469728,16.520000457763672,11.34000015258789,18.479999542236328,,
4678,9.640000343322754,16.399999618530273,11.399999618530272,18.3799991607666,,
4679,9.5600004196167,16.420000076293945,11.479999542236328,18.479999542236328,,
4680,9.800000190734863,16.479999542236328,11.5,18.3799991607666,,
4681,9.600000381469728,16.65999984741211,11.520000457763672,18.3799991607666,,
4682,9.720000267028809,16.540000915527344,11.619999885559082,18.34000015258789,,
4683,9.68000030517578,16.5,11.699999809265137,18.280000686645508,,
4684,9.640000343322754,16.520000457763672,11.65999984741211,18.440000534057617,,
4685,9.68000030517578,16.579999923706055,,18.299999237060547,,
4686,9.779999732971191,16.5,11.359999656677246,18.3799991607666,,
4687,9.68000030517578,16.5,11.399999618530272,18.18000030517578,,
4688,9.640000343322754,16.579999923706055,11.300000190734863,18.26000022888184,,
4689,9.65999984741211,16.520000457763672,11.380000114440918,18.18000030517578,,
4690,9.68000030517578,16.479999542236328,11.359999656677246,18.21999931335449,,
4691,9.760000228881836,16.3799991607666,11.31999969482422,18.200000762939453,,
4692,9.779999732971191,16.479999542236328,11.15999984741211,18.1200008392334,,
4693,9.760000228881836,16.520000457763672,11.199999809265137,18.100000381469727,,
4694,9.899999618530272,16.520000457763672,11.220000267028809,18.059999465942383,,
4695,9.81999969482422,16.479999542236328,11.420000076293944,18.059999465942383,,
4696,9.84000015258789,16.34000015258789,10.979999542236328,18.040000915527344,,
4697,9.579999923706056,16.520000457763672,11.039999961853027,18.0,,
4698,9.5600004196167,16.520000457763672,11.199999809265137,18.21999931335449,,
4699,9.65999984741211,16.5,11.0600004196167,18.31999969482422,,
4700,9.760000228881836,16.459999084472656,11.300000190734863,18.31999969482422,,
4701,9.65999984741211,16.3799991607666,11.300000190734863,18.780000686645508,,
4702,9.699999809265137,16.360000610351562,11.140000343322754,18.76000022888184,,
4703,9.760000228881836,16.360000610351562,11.18000030517578,18.540000915527344,,
4704,9.760000228881836,16.420000076293945,11.399999618530272,18.440000534057617,,
4705,9.84000015258789,16.459999084472656,11.380000114440918,18.89999961853028,,
4706,9.81999969482422,16.459999084472656,11.300000190734863,18.76000022888184,,
4707,9.800000190734863,16.459999084472656,11.420000076293944,18.39999961853028,,
4708,9.739999771118164,16.479999542236328,11.34000015258789,18.920000076293945,,
4709,9.720000267028809,16.5,11.239999771118164,18.21999931335449,,
4710,9.84000015258789,16.579999923706055,11.359999656677246,18.31999969482422,,
4711,9.880000114440918,16.579999923706055,11.380000114440918,18.280000686645508,,
4712,9.9399995803833,16.540000915527344,11.399999618530272,18.39999961853028,,
4713,9.880000114440918,16.520000457763672,11.520000457763672,17.959999084472656,,
4714,9.84000015258789,16.559999465942383,11.460000038146973,18.26000022888184,,
4715,9.68000030517578,16.559999465942383,11.380000114440918,18.36000061035156,,
4716,9.779999732971191,16.559999465942383,11.640000343322754,18.26000022888184,,
4717,9.779999732971191,16.479999542236328,11.31999969482422,18.13999938964844,,
4718,10.020000457763672,16.520000457763672,11.380000114440918,18.26000022888184,,
4719,9.779999732971191,16.420000076293945,11.34000015258789,18.34000015258789,,
4720,9.760000228881836,16.479999542236328,11.199999809265137,18.459999084472656,,
4721,9.779999732971191,16.520000457763672,11.279999732971191,18.21999931335449,,
4722,9.880000114440918,16.540000915527344,11.279999732971191,18.420000076293945,,
4723,9.779999732971191,16.6200008392334,11.359999656677246,18.36000061035156,,
4724,9.779999732971191,16.6200008392334,11.4399995803833,18.34000015258789,,
4725,9.81999969482422,16.600000381469727,11.260000228881836,18.479999542236328,,
4726,9.739999771118164,16.600000381469727,11.359999656677246,18.559999465942383,,
4727,9.739999771118164,16.559999465942383,11.4399995803833,18.6200008392334,,
4728,9.579999923706056,16.579999923706055,11.539999961853027,18.5,,
4729,9.800000190734863,16.600000381469727,11.84000015258789,18.84000015258789,,
4730,9.899999618530272,16.579999923706055,11.739999771118164,18.540000915527344,,
4731,9.920000076293944,16.639999389648438,11.600000381469728,18.39999961853028,,
4732,9.880000114440918,16.68000030517578,11.4399995803833,18.479999542236328,,
4733,9.800000190734863,16.479999542236328,11.65999984741211,18.940000534057617,,
4734,9.739999771118164,16.399999618530273,11.720000267028809,18.920000076293945,,
4735,9.68000030517578,16.540000915527344,11.979999542236328,18.71999931335449,,
4736,9.760000228881836,16.68000030517578,11.84000015258789,18.600000381469727,,
4737,9.699999809265137,16.639999389648438,11.579999923706056,18.420000076293945,,
4738,9.81999969482422,16.6200008392334,11.640000343322754,18.559999465942383,,
4739,9.859999656677246,16.540000915527344,11.260000228881836,18.68000030517578,,
4740,9.979999542236328,16.479999542236328,11.260000228881836,18.68000030517578,,
4741,9.800000190734863,16.459999084472656,11.300000190734863,18.700000762939453,,
4742,9.720000267028809,16.5,11.15999984741211,18.57999992370605,,
4743,9.699999809265137,16.459999084472656,11.34000015258789,18.68000030517578,,
4744,8.9399995803833,16.559999465942383,11.31999969482422,18.63999938964844,,
4745,9.5,16.5,11.65999984741211,18.780000686645508,,
4746,9.65999984741211,16.6200008392334,11.300000190734863,18.81999969482422,,
4747,9.720000267028809,17.0,11.399999618530272,18.8799991607666,,
4748,9.81999969482422,16.959999084472656,11.420000076293944,19.07999992370605,,
4749,9.760000228881836,16.6200008392334,11.460000038146973,18.84000015258789,,
4750,9.739999771118164,16.5,11.539999961853027,18.799999237060547,,
4751,9.880000114440918,16.520000457763672,11.640000343322754,18.700000762939453,,
4752,9.84000015258789,16.5,11.399999618530272,18.86000061035156,,
4753,9.899999618530272,16.600000381469727,11.420000076293944,18.81999969482422,,
4754,9.520000457763672,16.3799991607666,11.739999771118164,18.81999969482422,,
4755,9.760000228881836,16.420000076293945,11.380000114440918,18.739999771118164,,
4756,9.68000030517578,16.440000534057617,11.239999771118164,18.81999969482422,,
4757,10.0,16.5,11.5,18.739999771118164,,
4758,9.779999732971191,16.440000534057617,11.65999984741211,18.84000015258789,,
4759,10.020000457763672,16.3799991607666,10.920000076293944,18.559999465942383,,
4760,9.720000267028809,16.3799991607666,11.739999771118164,18.559999465942383,,
4761,9.760000228881836,16.399999618530273,11.619999885559082,18.65999984741211,,
4762,9.880000114440918,16.459999084472656,11.699999809265137,18.600000381469727,,
4763,9.779999732971191,16.459999084472656,11.520000457763672,18.700000762939453,,
4764,9.859999656677246,16.459999084472656,11.579999923706056,18.65999984741211,,
4765,9.699999809265137,16.479999542236328,11.4399995803833,18.81999969482422,,
4766,9.779999732971191,16.399999618530273,11.380000114440918,18.799999237060547,,
4767,9.720000267028809,16.459999084472656,11.520000457763672,18.84000015258789,,
4768,9.68000030517578,16.479999542236328,11.600000381469728,18.86000061035156,,
4769,9.640000343322754,16.3799991607666,11.68000030517578,18.86000061035156,,
4770,9.84000015258789,16.459999084472656,11.5,18.81999969482422,,
4771,9.81999969482422,16.459999084472656,10.899999618530272,18.65999984741211,,
4772,9.720000267028809,16.3799991607666,11.18000030517578,18.540000915527344,,
4773,9.760000228881836,16.5,11.460000038146973,18.520000457763672,,
4774,9.720000267028809,16.559999465942383,11.039999961853027,18.780000686645508,,
4775,9.760000228881836,16.420000076293945,11.460000038146973,18.739999771118164,,
4776,9.720000267028809,16.459999084472656,10.5600004196167,18.780000686645508,,
4777,9.84000015258789,16.479999542236328,11.539999961853027,18.86000061035156,,
4778,9.760000228881836,16.520000457763672,11.239999771118164,18.86000061035156,,
4779,9.859999656677246,16.639999389648438,11.18000030517578,18.799999237060547,,
4780,9.9399995803833,16.68000030517578,10.880000114440918,18.76000022888184,,
4781,9.84000015258789,16.6200008392334,11.140000343322754,18.700000762939453,,
4782,9.68000030517578,16.540000915527344,10.619999885559082,18.81999969482422,,
4783,9.800000190734863,16.479999542236328,11.399999618530272,18.8799991607666,,
4784,9.779999732971191,16.600000381469727,10.979999542236328,18.86000061035156,,
4785,9.880000114440918,16.3799991607666,,18.71999931335449,,
4786,9.899999618530272,16.420000076293945,11.5600004196167,18.739999771118164,,
4787,9.880000114440918,16.3799991607666,12.18000030517578,18.700000762939453,,
4788,9.84000015258789,16.31999969482422,11.5600004196167,18.76000022888184,,
4789,9.920000076293944,16.440000534057617,11.4399995803833,18.540000915527344,,
4790,9.84000015258789,16.280000686645508,11.31999969482422,18.559999465942383,,
4791,9.739999771118164,16.260000228881836,11.31999969482422,18.76000022888184,,
4792,9.800000190734863,16.5,11.300000190734863,18.86000061035156,,
4793,9.899999618530272,16.31999969482422,11.460000038146973,18.81999969482422,,
4794,10.220000267028809,16.479999542236328,11.31999969482422,18.76000022888184,,
4795,9.9399995803833,16.540000915527344,11.300000190734863,18.8799991607666,,
4796,10.119999885559082,16.540000915527344,11.279999732971191,18.89999961853028,,
4797,9.920000076293944,16.520000457763672,11.15999984741211,19.040000915527344,,
4798,9.779999732971191,16.5,11.399999618530272,18.920000076293945,,
4799,9.920000076293944,16.479999542236328,11.5600004196167,19.020000457763672,,
4800,9.880000114440918,16.440000534057617,11.479999542236328,19.020000457763672,,
4801,9.84000015258789,16.440000534057617,11.760000228881836,18.799999237060547,,
4802,9.960000038146973,16.360000610351562,11.420000076293944,18.86000061035156,,
4803,10.140000343322754,16.459999084472656,11.619999885559082,19.040000915527344,,
4804,9.899999618530272,16.559999465942383,11.600000381469728,19.059999465942383,,
4805,9.960000038146973,16.600000381469727,11.31999969482422,18.84000015258789,,
4806,9.81999969482422,16.459999084472656,11.5600004196167,18.920000076293945,,
4807,9.739999771118164,16.420000076293945,11.520000457763672,19.07999992370605,,
4808,9.760000228881836,16.3799991607666,11.579999923706056,19.040000915527344,,
4809,9.859999656677246,16.280000686645508,11.520000457763672,18.86000061035156,,
4810,9.960000038146973,16.479999542236328,11.5600004196167,19.100000381469727,,
4811,10.119999885559082,16.420000076293945,11.619999885559082,18.940000534057617,,
4812,10.380000114440918,16.420000076293945,11.65999984741211,19.15999984741211,,
4813,9.979999542236328,16.31999969482422,11.739999771118164,18.89999961853028,,
4814,9.920000076293944,16.520000457763672,11.720000267028809,19.07999992370605,,
4815,9.68000030517578,16.559999465942383,11.600000381469728,19.18000030517578,,
4816,9.800000190734863,16.360000610351562,11.699999809265137,19.15999984741211,,
4817,10.079999923706056,16.600000381469727,11.539999961853027,18.89999961853028,,
4818,9.800000190734863,16.479999542236328,11.619999885559082,18.57999992370605,,
4819,9.640000343322754,16.700000762939453,11.399999618530272,18.76000022888184,,
4820,9.739999771118164,16.639999389648438,11.420000076293944,18.8799991607666,,
4821,9.760000228881836,16.479999542236328,11.359999656677246,18.81999969482422,,
4822,9.760000228881836,16.3799991607666,11.520000457763672,19.040000915527344,,
4823,9.640000343322754,16.479999542236328,11.640000343322754,18.799999237060547,,
4824,9.800000190734863,16.5,11.460000038146973,18.8799991607666,,
4825,9.68000030517578,16.420000076293945,11.5,18.780000686645508,,
4826,9.760000228881836,16.360000610351562,11.31999969482422,18.780000686645508,,
4827,9.68000030517578,16.6200008392334,11.359999656677246,18.84000015258789,,
4828,9.739999771118164,16.6200008392334,11.100000381469728,18.86000061035156,,
4829,9.760000228881836,16.579999923706055,11.600000381469728,18.89999961853028,,
4830,9.65999984741211,16.68000030517578,11.420000076293944,18.76000022888184,,
4831,9.68000030517578,16.6200008392334,11.31999969482422,18.799999237060547,,
4832,9.739999771118164,16.579999923706055,11.4399995803833,18.86000061035156,,
4833,9.720000267028809,16.559999465942383,11.300000190734863,18.86000061035156,,
4834,9.800000190734863,16.700000762939453,11.5,18.940000534057617,,
4835,9.68000030517578,16.719999313354492,11.079999923706056,18.920000076293945,,
4836,9.640000343322754,16.65999984741211,11.239999771118164,18.86000061035156,,
4837,9.81999969482422,16.65999984741211,11.31999969482422,18.8799991607666,,
4838,9.920000076293944,16.65999984741211,11.300000190734863,18.8799991607666,,
4839,9.800000190734863,16.559999465942383,11.640000343322754,18.920000076293945,,
4840,9.699999809265137,16.479999542236328,12.039999961853027,19.100000381469727,,
4841,9.920000076293944,16.459999084472656,11.600000381469728,18.959999084472656,,
4842,9.720000267028809,16.34000015258789,11.460000038146973,18.89999961853028,,
4843,9.65999984741211,16.280000686645508,11.300000190734863,18.86000061035156,,
4844,9.81999969482422,16.399999618530273,11.279999732971191,18.920000076293945,,
4845,9.84000015258789,16.540000915527344,11.460000038146973,18.940000534057617,,
4846,9.920000076293944,16.260000228881836,11.600000381469728,18.89999961853028,,
4847,9.84000015258789,16.3799991607666,11.720000267028809,18.86000061035156,,
4848,9.84000015258789,16.360000610351562,11.81999969482422,18.8799991607666,,
4849,9.800000190734863,16.360000610351562,11.300000190734863,18.81999969482422,,
4850,9.760000228881836,16.299999237060547,11.300000190734863,19.100000381469727,,
4851,9.760000228881836,16.399999618530273,11.18000030517578,18.920000076293945,,
4852,10.199999809265137,16.399999618530273,11.539999961853027,18.799999237060547,,
4853,9.779999732971191,16.5,11.479999542236328,18.780000686645508,,
4854,9.800000190734863,16.520000457763672,11.479999542236328,18.76000022888184,,
4855,9.640000343322754,16.299999237060547,11.84000015258789,18.81999969482422,,
4856,9.640000343322754,16.3799991607666,11.479999542236328,18.84000015258789,,
4857,9.739999771118164,16.459999084472656,11.15999984741211,18.799999237060547,,
4858,9.520000457763672,16.399999618530273,11.520000457763672,18.799999237060547,,
4859,9.880000114440918,16.639999389648438,11.600000381469728,18.780000686645508,,
4860,9.640000343322754,16.540000915527344,11.460000038146973,18.84000015258789,,
4861,9.81999969482422,16.540000915527344,11.619999885559082,18.86000061035156,,
4862,9.699999809265137,16.34000015258789,12.039999961853027,18.739999771118164,,
4863,9.739999771118164,16.639999389648438,11.880000114440918,18.780000686645508,,
4864,9.720000267028809,16.639999389648438,11.619999885559082,18.81999969482422,,
4865,9.760000228881836,16.360000610351562,11.479999542236328,19.0,,
4866,9.800000190734863,16.34000015258789,11.68000030517578,18.959999084472656,,
4867,9.859999656677246,16.280000686645508,11.600000381469728,18.959999084472656,,
4868,9.760000228881836,16.34000015258789,11.68000030517578,18.959999084472656,,
4869,9.800000190734863,16.299999237060547,11.640000343322754,19.100000381469727,,
4870,9.720000267028809,16.34000015258789,11.5600004196167,19.100000381469727,,
4871,9.699999809265137,16.459999084472656,11.220000267028809,18.940000534057617,,
4872,9.5,16.399999618530273,11.600000381469728,18.8799991607666,,
4873,9.899999618530272,16.5,11.600000381469728,18.84000015258789,,
4874,9.739999771118164,16.420000076293945,11.619999885559082,18.86000061035156,,
4875,9.9399995803833,16.799999237060547,11.460000038146973,18.81999969482422,,
4876,10.020000457763672,16.700000762939453,11.359999656677246,18.780000686645508,,
4877,9.9399995803833,16.540000915527344,11.479999542236328,18.799999237060547,,
4878,9.979999542236328,16.520000457763672,11.479999542236328,18.86000061035156,,
4879,9.859999656677246,16.639999389648438,11.359999656677246,18.84000015258789,,
4880,9.81999969482422,16.700000762939453,11.619999885559082,18.89999961853028,,
4881,9.779999732971191,16.459999084472656,11.260000228881836,18.940000534057617,,
4882,9.760000228881836,16.479999542236328,11.34000015258789,19.100000381469727,,
4883,9.65999984741211,16.5,11.31999969482422,18.71999931335449,,
4884,9.760000228881836,16.579999923706055,11.34000015258789,18.959999084472656,,
4885,9.859999656677246,16.520000457763672,11.31999969482422,19.07999992370605,,
4886,10.0,16.600000381469727,11.380000114440918,19.07999992370605,,
4887,9.84000015258789,16.459999084472656,11.279999732971191,18.76000022888184,,
4888,9.880000114440918,16.6200008392334,11.079999923706056,18.86000061035156,,
4889,9.739999771118164,16.65999984741211,11.359999656677246,18.86000061035156,,
4890,9.81999969482422,16.700000762939453,11.079999923706056,18.89999961853028,,
4891,9.720000267028809,16.520000457763672,11.539999961853027,18.739999771118164,,
4892,9.81999969482422,16.420000076293945,11.460000038146973,18.780000686645508,,
4893,9.779999732971191,16.520000457763672,11.579999923706056,18.86000061035156,,
4894,9.760000228881836,16.600000381469727,11.520000457763672,18.780000686645508,,
4895,9.899999618530272,16.600000381469727,11.579999923706056,18.84000015258789,,
4896,9.920000076293944,16.559999465942383,11.5,18.920000076293945,,
4897,9.859999656677246,16.559999465942383,11.420000076293944,18.8799991607666,,
4898,9.859999656677246,16.540000915527344,11.460000038146973,18.799999237060547,,
4899,9.920000076293944,16.540000915527344,11.279999732971191,18.86000061035156,,
4900,9.800000190734863,16.540000915527344,11.359999656677246,18.89999961853028,,
4901,9.579999923706056,16.579999923706055,11.34000015258789,18.799999237060547,,
4902,9.859999656677246,16.559999465942383,11.4399995803833,18.799999237060547,,
4903,9.760000228881836,16.420000076293945,11.31999969482422,18.81999969482422,,
4904,9.760000228881836,16.420000076293945,11.359999656677246,18.76000022888184,,
4905,9.720000267028809,16.299999237060547,11.34000015258789,18.8799991607666,,
4906,9.800000190734863,16.440000534057617,11.260000228881836,18.780000686645508,,
4907,9.65999984741211,16.479999542236328,11.4399995803833,18.739999771118164,,
4908,9.720000267028809,16.3799991607666,11.4399995803833,18.71999931335449,,
4909,9.65999984741211,16.360000610351562,11.260000228881836,18.57999992370605,,
4910,9.300000190734863,16.440000534057617,11.359999656677246,18.76000022888184,,
4911,9.68000030517578,16.459999084472656,11.399999618530272,18.799999237060547,,
4912,9.699999809265137,16.520000457763672,11.399999618530272,18.84000015258789,,
4913,9.619999885559082,16.479999542236328,11.4399995803833,18.68000030517578,,
4914,9.68000030517578,16.3799991607666,11.34000015258789,18.76000022888184,,
4915,9.619999885559082,16.399999618530273,11.300000190734863,18.920000076293945,,
4916,9.579999923706056,16.360000610351562,11.279999732971191,18.780000686645508,,
4917,9.720000267028809,16.440000534057617,11.420000076293944,18.739999771118164,,
4918,9.079999923706056,16.440000534057617,11.31999969482422,18.71999931335449,,
4919,9.699999809265137,16.299999237060547,11.34000015258789,18.799999237060547,,
4920,9.720000267028809,16.5,11.260000228881836,18.8799991607666,,
4921,9.65999984741211,16.459999084472656,11.460000038146973,18.920000076293945,,
4922,9.699999809265137,16.700000762939453,11.479999542236328,18.76000022888184,,
4923,9.65999984741211,16.739999771118164,11.600000381469728,18.780000686645508,,
4924,9.640000343322754,16.34000015258789,11.479999542236328,19.1200008392334,,
4925,9.600000381469728,16.360000610351562,11.5600004196167,19.100000381469727,,
4926,9.640000343322754,16.31999969482422,11.800000190734863,18.940000534057617,,
4927,9.699999809265137,16.440000534057617,11.920000076293944,19.0,,
4928,9.5600004196167,16.479999542236328,11.600000381469728,18.89999961853028,,
4929,9.619999885559082,16.540000915527344,11.420000076293944,18.940000534057617,,
4930,9.68000030517578,16.5,11.640000343322754,19.059999465942383,,
4931,9.699999809265137,16.459999084472656,11.520000457763672,18.940000534057617,,
4932,9.81999969482422,16.479999542236328,11.65999984741211,18.89999961853028,,
4933,9.739999771118164,16.479999542236328,12.18000030517578,18.84000015258789,,
4934,9.68000030517578,16.520000457763672,11.9399995803833,19.0,,
4935,9.779999732971191,16.559999465942383,11.859999656677246,18.8799991607666,,
4936,9.739999771118164,16.559999465942383,11.520000457763672,18.920000076293945,,
4937,9.899999618530272,16.420000076293945,11.579999923706056,19.26000022888184,,
4938,9.81999969482422,16.5,11.399999618530272,18.799999237060547,,
4939,9.84000015258789,16.579999923706055,11.420000076293944,18.81999969482422,,
4940,9.979999542236328,16.579999923706055,11.399999618530272,18.920000076293945,,
4941,9.199999809265137,16.540000915527344,11.640000343322754,18.89999961853028,,
4942,9.479999542236328,16.520000457763672,11.380000114440918,18.89999961853028,,
4943,9.239999771118164,16.520000457763672,11.800000190734863,18.780000686645508,,
4944,9.619999885559082,16.520000457763672,11.800000190734863,18.86000061035156,,
4945,9.720000267028809,16.6200008392334,11.859999656677246,18.799999237060547,,
4946,9.81999969482422,16.6200008392334,11.699999809265137,18.8799991607666,,
4947,9.739999771118164,16.639999389648438,11.34000015258789,18.959999084472656,,
4948,9.760000228881836,16.459999084472656,11.359999656677246,19.040000915527344,,
4949,9.81999969482422,16.6200008392334,11.640000343322754,19.18000030517578,,
4950,9.859999656677246,16.579999923706055,11.300000190734863,19.31999969482422,,
4951,9.84000015258789,16.479999542236328,11.460000038146973,19.13999938964844,,
4952,9.760000228881836,16.559999465942383,11.619999885559082,19.100000381469727,,
4953,9.81999969482422,16.600000381469727,11.0600004196167,19.100000381469727,,
4954,9.800000190734863,16.559999465942383,11.5,19.040000915527344,,
4955,9.920000076293944,16.600000381469727,11.300000190734863,18.8799991607666,,
4956,9.9399995803833,16.6200008392334,11.520000457763672,19.059999465942383,,
4957,10.0,16.459999084472656,12.199999809265137,18.86000061035156,,
4958,9.800000190734863,16.440000534057617,11.579999923706056,18.89999961853028,,
4959,9.880000114440918,16.520000457763672,11.880000114440918,19.1200008392334,,
4960,8.319999694824219,16.540000915527344,11.760000228881836,19.059999465942383,,
4961,9.859999656677246,16.420000076293945,11.720000267028809,18.86000061035156,,
4962,9.65999984741211,16.520000457763672,11.619999885559082,18.700000762939453,,
4963,9.720000267028809,16.559999465942383,11.640000343322754,18.540000915527344,,
4964,9.65999984741211,16.579999923706055,11.460000038146973,18.420000076293945,,
4965,9.920000076293944,16.5,11.739999771118164,18.479999542236328,,
4966,9.720000267028809,16.479999542236328,11.5600004196167,18.71999931335449,,
4967,9.720000267028809,16.459999084472656,11.5600004196167,18.780000686645508,,
4968,9.9399995803833,16.479999542236328,11.5600004196167,18.780000686645508,,
4969,9.920000076293944,16.479999542236328,11.600000381469728,18.780000686645508,,
4970,9.920000076293944,16.479999542236328,11.31999969482422,18.739999771118164,,
4971,9.779999732971191,16.360000610351562,11.34000015258789,18.68000030517578,,
4972,9.84000015258789,16.420000076293945,11.199999809265137,18.84000015258789,,
4973,10.039999961853027,16.6200008392334,11.760000228881836,18.76000022888184,,
4974,10.039999961853027,16.6200008392334,11.68000030517578,18.799999237060547,,
4975,9.880000114440918,16.600000381469727,12.220000267028809,18.979999542236328,,
4976,10.100000381469728,16.68000030517578,12.399999618530272,19.040000915527344,,
4977,9.739999771118164,16.5,11.359999656677246,18.920000076293945,,
4978,9.81999969482422,16.600000381469727,11.600000381469728,18.86000061035156,,
4979,9.899999618530272,16.6200008392334,11.520000457763672,18.89999961853028,,
4980,9.68000030517578,16.600000381469727,11.579999923706056,18.81999969482422,,
4981,9.739999771118164,16.579999923706055,11.5600004196167,18.940000534057617,,
4982,9.920000076293944,16.520000457763672,11.479999542236328,18.81999969482422,,
4983,9.760000228881836,16.520000457763672,11.579999923706056,18.780000686645508,,
4984,9.640000343322754,16.520000457763672,11.460000038146973,18.81999969482422,,
4985,9.68000030517578,16.579999923706055,11.31999969482422,18.68000030517578,,
4986,9.880000114440918,16.600000381469727,11.619999885559082,18.799999237060547,,
4987,9.739999771118164,16.479999542236328,11.739999771118164,18.81999969482422,,
4988,9.760000228881836,16.579999923706055,11.779999732971191,18.739999771118164,,
4989,9.84000015258789,16.579999923706055,11.899999618530272,18.8799991607666,,
4990,9.68000030517578,16.360000610351562,11.9399995803833,18.84000015258789,,
4991,9.800000190734863,16.639999389648438,11.31999969482422,18.86000061035156,,
4992,9.779999732971191,16.68000030517578,11.479999542236328,18.799999237060547,,
4993,9.800000190734863,16.700000762939453,11.4399995803833,18.799999237060547,,
4994,9.979999542236328,16.68000030517578,11.34000015258789,18.739999771118164,,
4995,9.81999969482422,16.540000915527344,11.15999984741211,18.65999984741211,,
4996,9.520000457763672,16.540000915527344,11.380000114440918,18.700000762939453,,
4997,9.800000190734863,16.6200008392334,11.579999923706056,18.739999771118164,,
4998,9.9399995803833,16.68000030517578,11.460000038146973,18.68000030517578,,
4999,9.760000228881836,16.68000030517578,11.380000114440918,18.89999961853028,,
5000,9.65999984741211,16.639999389648438,11.279999732971191,18.86000061035156,,
5001,9.460000038146973,16.639999389648438,11.4399995803833,18.8799991607666,,
5002,9.739999771118164,16.65999984741211,11.5,18.76000022888184,,
5003,9.81999969482422,16.639999389648438,11.420000076293944,18.540000915527344,,
5004,9.899999618530272,16.600000381469727,11.619999885559082,18.920000076293945,,
5005,9.979999542236328,16.639999389648438,11.720000267028809,19.15999984741211,,
5006,9.81999969482422,16.65999984741211,10.979999542236328,18.780000686645508,,
5007,9.720000267028809,16.719999313354492,11.68000030517578,19.200000762939453,,
5008,9.600000381469728,16.719999313354492,11.420000076293944,19.100000381469727,,
5009,9.720000267028809,16.719999313354492,11.640000343322754,19.059999465942383,,
5010,9.760000228881836,16.6200008392334,11.600000381469728,19.1200008392334,,
5011,9.84000015258789,16.68000030517578,11.300000190734863,18.86000061035156,,
5012,9.880000114440918,16.739999771118164,,18.86000061035156,,
5013,10.079999923706056,16.719999313354492,,19.13999938964844,,
5014,9.399999618530272,16.719999313354492,11.539999961853027,19.200000762939453,,
5015,10.15999984741211,16.700000762939453,11.399999618530272,18.940000534057617,,
5016,9.699999809265137,16.739999771118164,11.539999961853027,19.0,,
5017,9.779999732971191,16.780000686645508,11.520000457763672,19.26000022888184,,
5018,9.640000343322754,16.68000030517578,11.4399995803833,19.020000457763672,,
5019,9.739999771118164,16.68000030517578,11.5600004196167,18.959999084472656,,
5020,9.760000228881836,16.600000381469727,11.520000457763672,19.18000030517578,,
5021,9.760000228881836,16.719999313354492,11.640000343322754,19.239999771118164,,
5022,9.9399995803833,16.760000228881836,11.68000030517578,19.1200008392334,,
5023,9.65999984741211,16.700000762939453,12.020000457763672,19.07999992370605,,
5024,9.800000190734863,16.639999389648438,11.460000038146973,18.940000534057617,,
5025,9.800000190734863,16.65999984741211,11.699999809265137,19.18000030517578,,
5026,9.920000076293944,16.68000030517578,11.760000228881836,19.1200008392334,,
5027,10.100000381469728,16.739999771118164,11.460000038146973,19.07999992370605,,
5028,10.140000343322754,16.739999771118164,10.979999542236328,19.07999992370605,,
5029,10.020000457763672,16.84000015258789,11.199999809265137,19.07999992370605,,
5030,9.9399995803833,16.860000610351562,,19.07999992370605,,
5031,9.699999809265137,16.700000762939453,,19.15999984741211,,
5032,9.760000228881836,16.719999313354492,,19.040000915527344,,
5033,9.859999656677246,16.719999313354492,,18.940000534057617,,
5034,9.760000228881836,16.780000686645508,,19.040000915527344,,
5035,9.699999809265137,16.780000686645508,,19.21999931335449,,
5036,10.0,16.700000762939453,,18.920000076293945,,
5037,9.65999984741211,16.639999389648438,11.359999656677246,19.020000457763672,,
5038,9.800000190734863,16.579999923706055,11.279999732971191,18.940000534057617,,
5039,9.720000267028809,16.600000381469727,11.5600004196167,18.68000030517578,,
5040,9.779999732971191,16.639999389648438,11.359999656677246,18.780000686645508,,
5041,9.880000114440918,16.559999465942383,11.399999618530272,18.940000534057617,,
5042,9.65999984741211,16.579999923706055,11.640000343322754,18.979999542236328,,
5043,9.739999771118164,16.579999923706055,11.779999732971191,19.020000457763672,,
5044,9.640000343322754,16.68000030517578,11.5,18.84000015258789,,
5045,9.859999656677246,16.68000030517578,11.4399995803833,18.86000061035156,,
5046,9.81999969482422,16.600000381469727,11.220000267028809,18.959999084472656,,
5047,9.800000190734863,16.600000381469727,11.220000267028809,18.940000534057617,,
5048,9.720000267028809,16.6200008392334,11.479999542236328,19.07999992370605,,
5049,9.699999809265137,16.639999389648438,11.520000457763672,19.18000030517578,,
5050,9.739999771118164,16.68000030517578,11.539999961853027,19.21999931335449,,
5051,9.739999771118164,16.639999389648438,11.260000228881836,19.18000030517578,,
5052,9.859999656677246,16.579999923706055,11.399999618530272,19.21999931335449,,
5053,9.699999809265137,16.639999389648438,11.34000015258789,19.200000762939453,,
5054,9.760000228881836,16.6200008392334,11.579999923706056,19.13999938964844,,
5055,9.899999618530272,16.6200008392334,11.65999984741211,18.89999961853028,,
5056,9.899999618530272,16.6200008392334,11.739999771118164,18.86000061035156,,
5057,9.68000030517578,16.559999465942383,11.579999923706056,18.959999084472656,,
5058,10.020000457763672,16.6200008392334,12.140000343322754,19.100000381469727,,
5059,9.800000190734863,16.639999389648438,11.600000381469728,19.18000030517578,,
5060,9.539999961853027,16.600000381469727,11.4399995803833,19.1200008392334,,
5061,9.84000015258789,16.6200008392334,11.859999656677246,18.89999961853028,,
5062,9.859999656677246,16.68000030517578,11.640000343322754,19.15999984741211,,
5063,9.720000267028809,16.600000381469727,11.859999656677246,18.940000534057617,,
5064,9.720000267028809,16.68000030517578,11.359999656677246,18.8799991607666,,
5065,9.720000267028809,16.65999984741211,11.479999542236328,19.1200008392334,,
5066,10.079999923706056,16.6200008392334,11.5,19.15999984741211,,
5067,9.920000076293944,16.559999465942383,11.399999618530272,19.1200008392334,,
5068,9.960000038146973,16.639999389648438,11.739999771118164,19.21999931335449,,
5069,10.079999923706056,16.639999389648438,11.31999969482422,19.239999771118164,,
5070,10.0,16.600000381469727,11.300000190734863,19.31999969482422,,
5071,9.880000114440918,16.579999923706055,11.739999771118164,19.39999961853028,,
5072,9.81999969482422,16.639999389648438,12.239999771118164,19.559999465942383,,
5073,9.899999618530272,16.700000762939453,,19.63999938964844,,
5074,9.81999969482422,16.8799991607666,11.300000190734863,19.559999465942383,,
5075,10.079999923706056,16.799999237060547,11.539999961853027,19.5,,
5076,9.880000114440918,16.739999771118164,,19.3799991607666,,
5077,9.760000228881836,16.719999313354492,,19.520000457763672,,
5078,9.800000190734863,16.81999969482422,,19.479999542236328,,
5079,9.720000267028809,16.700000762939453,,19.479999542236328,,
5080,9.779999732971191,16.719999313354492,,19.540000915527344,,
5081,9.380000114440918,16.719999313354492,,19.57999992370605,,
5082,9.720000267028809,16.65999984741211,,19.31999969482422,,
5083,9.9399995803833,16.65999984741211,,19.479999542236328,,
5084,10.020000457763672,16.65999984741211,,19.459999084472656,,
5085,10.0,16.739999771118164,,19.34000015258789,,
5086,10.100000381469728,16.68000030517578,,19.459999084472656,,
5087,10.0,16.68000030517578,11.779999732971191,19.3799991607666,,
5088,9.9399995803833,16.68000030517578,11.699999809265137,19.299999237060547,,
5089,9.399999618530272,16.68000030517578,11.460000038146973,19.31999969482422,,
5090,10.140000343322754,16.68000030517578,11.359999656677246,19.479999542236328,,
5091,9.920000076293944,16.700000762939453,11.859999656677246,19.36000061035156,,
5092,9.960000038146973,16.68000030517578,11.579999923706056,19.34000015258789,,
5093,9.859999656677246,16.68000030517578,11.479999542236328,18.979999542236328,,
5094,9.960000038146973,16.579999923706055,11.779999732971191,19.040000915527344,,
5095,8.760000228881836,16.719999313354492,11.760000228881836,19.0,,
5096,9.359999656677246,16.739999771118164,11.880000114440918,19.1200008392334,,
5097,9.920000076293944,16.700000762939453,12.460000038146973,19.100000381469727,,
5098,8.880000114440918,16.780000686645508,11.699999809265137,19.1200008392334,,
5099,9.199999809265137,16.84000015258789,12.140000343322754,19.100000381469727,,
5100,9.039999961853027,16.799999237060547,11.220000267028809,19.13999938964844,,
5101,10.100000381469728,16.81999969482422,11.460000038146973,19.21999931335449,,
5102,10.260000228881836,16.81999969482422,11.579999923706056,19.15999984741211,,
5103,10.220000267028809,16.799999237060547,12.34000015258789,19.100000381469727,,
5104,10.199999809265137,16.81999969482422,,19.3799991607666,,
5105,10.079999923706056,16.81999969482422,,18.479999542236328,,
5106,10.0600004196167,16.899999618530273,,,,
5107,9.960000038146973,16.81999969482422,,,,
5108,9.920000076293944,16.799999237060547,,18.940000534057617,,
5109,10.239999771118164,16.780000686645508,,18.86000061035156,,
5110,10.15999984741211,16.81999969482422,,19.020000457763672,,
5111,10.0600004196167,16.8799991607666,,18.920000076293945,,
5112,10.079999923706056,16.860000610351562,,18.86000061035156,,
5113,10.420000076293944,16.860000610351562,,18.920000076293945,,
5114,10.4399995803833,16.799999237060547,,18.89999961853028,,
5115,10.220000267028809,16.799999237060547,,19.18000030517578,,
5116,10.039999961853027,16.760000228881836,,19.239999771118164,,
5117,10.079999923706056,16.81999969482422,11.539999961853027,19.36000061035156,,
5118,10.039999961853027,16.8799991607666,11.0600004196167,19.459999084472656,,
5119,10.199999809265137,16.899999618530273,11.539999961853027,19.420000076293945,,
5120,10.039999961853027,16.899999618530273,,19.239999771118164,,
5121,9.0600004196167,16.8799991607666,11.5,19.420000076293945,,
5122,10.140000343322754,16.84000015258789,11.0600004196167,19.31999969482422,,
5123,9.34000015258789,16.8799991607666,11.619999885559082,19.36000061035156,,
5124,10.0600004196167,16.940000534057617,,19.440000534057617,,
5125,9.880000114440918,16.979999542236328,10.979999542236328,19.39999961853028,,
5126,9.920000076293944,16.940000534057617,11.539999961853027,19.18000030517578,,
5127,9.640000343322754,16.860000610351562,11.699999809265137,19.100000381469727,,
5128,9.9399995803833,16.860000610351562,11.359999656677246,19.100000381469727,,
5129,9.720000267028809,16.8799991607666,11.279999732971191,19.100000381469727,,
5130,10.4399995803833,16.860000610351562,11.420000076293944,19.13999938964844,,
5131,10.199999809265137,16.920000076293945,11.399999618530272,19.059999465942383,,
5132,10.220000267028809,16.940000534057617,11.539999961853027,19.39999961853028,,
5133,10.539999961853027,16.959999084472656,,19.520000457763672,,
5134,10.399999618530272,16.940000534057617,,19.559999465942383,,
5135,10.220000267028809,16.899999618530273,,19.26000022888184,,
5136,10.260000228881836,16.860000610351562,,19.07999992370605,,
5137,10.18000030517578,16.700000762939453,,19.299999237060547,,
5138,10.119999885559082,16.639999389648438,,19.100000381469727,,
5139,10.199999809265137,16.799999237060547,,19.34000015258789,,
5140,10.399999618530272,16.860000610351562,11.460000038146973,19.5,,
5141,10.479999542236328,16.860000610351562,11.460000038146973,19.39999961853028,,
5142,9.9399995803833,16.739999771118164,11.18000030517578,19.57999992370605,,
5143,10.0600004196167,16.719999313354492,11.0,19.5,,
5144,10.039999961853027,16.799999237060547,11.260000228881836,19.57999992370605,,
5145,10.0,16.81999969482422,11.760000228881836,19.420000076293945,,
5146,10.039999961853027,16.84000015258789,11.34000015258789,19.39999961853028,,
5147,10.079999923706056,16.84000015258789,,19.39999961853028,,
5148,10.119999885559082,16.8799991607666,11.65999984741211,19.459999084472656,,
5149,10.119999885559082,16.940000534057617,11.779999732971191,19.34000015258789,,
5150,10.0600004196167,16.959999084472656,11.699999809265137,19.459999084472656,,
5151,10.0600004196167,16.860000610351562,11.5,19.5,,
5152,10.0600004196167,16.940000534057617,,19.440000534057617,,
5153,9.920000076293944,16.899999618530273,11.779999732971191,19.39999961853028,,
5154,9.779999732971191,16.940000534057617,11.539999961853027,19.71999931335449,,
5155,10.020000457763672,16.860000610351562,11.699999809265137,19.63999938964844,,
5156,10.100000381469728,16.84000015258789,11.779999732971191,19.65999984741211,,
5157,10.140000343322754,16.780000686645508,11.020000457763672,19.420000076293945,,
5158,10.239999771118164,16.799999237060547,,19.459999084472656,,
5159,10.100000381469728,16.8799991607666,,19.18000030517578,,
5160,9.960000038146973,16.84000015258789,,18.700000762939453,,
5161,10.079999923706056,16.81999969482422,,19.020000457763672,,
5162,10.119999885559082,16.799999237060547,,19.100000381469727,,
5163,10.0600004196167,16.799999237060547,,19.18000030517578,,
5164,10.140000343322754,16.84000015258789,,19.18000030517578,,
5165,10.0600004196167,16.84000015258789,,19.600000381469727,,
5166,9.979999542236328,16.860000610351562,,19.6200008392334,,
5167,10.220000267028809,16.8799991607666,,19.739999771118164,,
5168,10.0600004196167,16.860000610351562,,19.920000076293945,,
5169,10.279999732971191,16.899999618530273,,20.239999771118164,,
5170,10.199999809265137,16.940000534057617,,19.6200008392334,,
5171,9.960000038146973,16.860000610351562,,19.799999237060547,,
5172,9.960000038146973,16.780000686645508,,19.780000686645508,,
5173,10.420000076293944,16.860000610351562,,19.700000762939453,,
5174,10.100000381469728,16.84000015258789,11.119999885559082,19.21999931335449,,
5175,10.119999885559082,16.959999084472656,11.460000038146973,19.020000457763672,,
5176,9.960000038146973,16.959999084472656,12.220000267028809,19.21999931335449,,
5177,9.960000038146973,16.84000015258789,,19.26000022888184,,
5178,10.0600004196167,16.84000015258789,,19.13999938964844,,
5179,10.0,16.81999969482422,,19.34000015258789,,
5180,10.119999885559082,16.84000015258789,,19.299999237060547,,
5181,10.380000114440918,16.899999618530273,,19.15999984741211,,
5182,10.100000381469728,16.84000015258789,,19.059999465942383,,
5183,10.260000228881836,16.81999969482422,,19.3799991607666,,
5184,10.079999923706056,16.84000015258789,,19.100000381469727,,
5185,10.039999961853027,16.84000015258789,,19.21999931335449,,
5186,10.140000343322754,16.920000076293945,,19.13999938964844,,
5187,9.960000038146973,16.920000076293945,11.84000015258789,19.36000061035156,,
5188,10.199999809265137,16.940000534057617,11.31999969482422,19.0,,
5189,9.84000015258789,16.920000076293945,11.220000267028809,19.299999237060547,,
5190,10.260000228881836,16.860000610351562,11.5600004196167,19.200000762939453,,
5191,10.119999885559082,16.860000610351562,11.619999885559082,19.21999931335449,,
5192,10.18000030517578,16.899999618530273,10.920000076293944,19.13999938964844,,
5193,9.899999618530272,17.040000915527344,11.859999656677246,19.18000030517578,,
5194,9.520000457763672,17.059999465942383,11.880000114440918,19.18000030517578,,
5195,10.5,17.040000915527344,12.4399995803833,19.059999465942383,,
5196,10.4399995803833,16.940000534057617,11.84000015258789,19.040000915527344,,
5197,10.399999618530272,16.780000686645508,11.859999656677246,19.1200008392334,,
5198,10.279999732971191,16.780000686645508,12.100000381469728,19.18000030517578,,
5199,10.300000190734863,16.84000015258789,11.739999771118164,19.36000061035156,,
5200,10.640000343322754,17.0,12.039999961853027,19.36000061035156,,
5201,10.140000343322754,16.81999969482422,12.119999885559082,19.34000015258789,,
5202,10.020000457763672,16.799999237060547,11.699999809265137,19.21999931335449,,
5203,9.960000038146973,16.799999237060547,12.239999771118164,19.26000022888184,,
5204,10.300000190734863,16.799999237060547,10.779999732971191,19.3799991607666,,
5205,9.0600004196167,16.719999313354492,12.18000030517578,19.3799991607666,,
5206,10.34000015258789,16.700000762939453,11.979999542236328,19.520000457763672,,
5207,9.15999984741211,16.6200008392334,11.84000015258789,19.26000022888184,,
5208,10.119999885559082,16.780000686645508,11.800000190734863,19.36000061035156,,
5209,10.18000030517578,16.719999313354492,12.359999656677246,19.239999771118164,,
5210,10.380000114440918,16.920000076293945,10.84000015258789,19.26000022888184,,
5211,10.079999923706056,16.8799991607666,12.119999885559082,19.21999931335449,,
5212,10.5,16.860000610351562,,19.200000762939453,,
5213,10.199999809265137,16.84000015258789,12.239999771118164,19.34000015258789,,
5214,10.300000190734863,16.860000610351562,12.300000190734863,19.200000762939453,,
5215,10.34000015258789,16.860000610351562,11.979999542236328,18.8799991607666,,
5216,9.859999656677246,16.940000534057617,11.960000038146973,19.299999237060547,,
5217,10.0600004196167,16.84000015258789,11.739999771118164,19.440000534057617,,
5218,10.220000267028809,16.799999237060547,12.34000015258789,19.07999992370605,,
5219,10.0,16.84000015258789,11.880000114440918,19.21999931335449,,
5220,10.0600004196167,16.84000015258789,11.720000267028809,19.059999465942383,,
5221,9.739999771118164,16.8799991607666,12.5,19.0,,
5222,10.239999771118164,16.860000610351562,12.640000343322754,18.89999961853028,,
5223,10.020000457763672,16.84000015258789,12.420000076293944,18.920000076293945,,
5224,8.420000076293945,16.84000015258789,12.5,18.979999542236328,,
5225,9.479999542236328,16.799999237060547,11.81999969482422,19.100000381469727,,
5226,10.68000030517578,16.860000610351562,11.920000076293944,19.239999771118164,,
5227,11.039999961853027,16.8799991607666,11.960000038146973,19.299999237060547,,
5228,11.079999923706056,16.920000076293945,11.9399995803833,19.280000686645508,,
5229,11.34000015258789,16.860000610351562,,19.39999961853028,,
5230,10.5600004196167,16.860000610351562,11.960000038146973,19.280000686645508,,
5231,10.600000381469728,16.84000015258789,11.699999809265137,19.34000015258789,,
5232,8.520000457763672,16.84000015258789,11.34000015258789,19.239999771118164,,
5233,10.84000015258789,16.84000015258789,12.220000267028809,19.18000030517578,,
5234,10.18000030517578,16.860000610351562,11.279999732971191,19.13999938964844,,
5235,10.600000381469728,16.8799991607666,12.119999885559082,19.200000762939453,,
5236,9.920000076293944,16.84000015258789,,19.280000686645508,,
5237,10.199999809265137,16.860000610351562,,19.18000030517578,,
5238,10.119999885559082,16.84000015258789,,19.34000015258789,,
5239,10.020000457763672,16.899999618530273,12.65999984741211,19.34000015258789,,
5240,9.960000038146973,16.860000610351562,,19.200000762939453,,
5241,10.140000343322754,16.8799991607666,12.079999923706056,19.280000686645508,,
5242,10.5,16.940000534057617,11.81999969482422,19.21999931335449,,
5243,10.0,16.940000534057617,11.979999542236328,19.239999771118164,,
5244,10.220000267028809,16.920000076293945,12.279999732971191,19.36000061035156,,
5245,10.720000267028809,16.959999084472656,12.579999923706056,19.440000534057617,,
5246,10.5600004196167,17.0,10.899999618530272,19.34000015258789,,
5247,10.479999542236328,16.959999084472656,11.779999732971191,19.36000061035156,,
5248,10.15999984741211,17.059999465942383,11.960000038146973,19.520000457763672,,
5249,10.5,17.040000915527344,11.420000076293944,19.559999465942383,,
5250,10.640000343322754,16.979999542236328,11.699999809265137,19.299999237060547,,
5251,10.260000228881836,17.0,,19.36000061035156,,
5252,10.539999961853027,17.020000457763672,12.199999809265137,19.200000762939453,,
5253,10.760000228881836,16.8799991607666,12.600000381469728,19.34000015258789,,
5254,10.399999618530272,16.959999084472656,11.899999618530272,19.299999237060547,,
5255,10.31999969482422,16.940000534057617,,19.559999465942383,,
5256,10.220000267028809,17.0,11.539999961853027,19.39999961853028,,
5257,9.520000457763672,17.18000030517578,11.699999809265137,19.520000457763672,,
5258,10.260000228881836,17.020000457763672,12.65999984741211,19.68000030517578,,
5259,10.359999656677246,16.860000610351562,12.579999923706056,19.959999084472656,,
5260,10.520000457763672,16.8799991607666,,19.3799991607666,,
5261,10.420000076293944,16.860000610351562,,19.420000076293945,,
5262,10.34000015258789,16.84000015258789,12.68000030517578,19.34000015258789,,
5263,10.520000457763672,16.799999237060547,11.640000343322754,19.39999961853028,,
5264,10.479999542236328,16.8799991607666,10.81999969482422,19.059999465942383,,
5265,10.68000030517578,16.959999084472656,11.039999961853027,19.39999961853028,,
5266,10.15999984741211,16.959999084472656,11.65999984741211,19.36000061035156,,
5267,10.600000381469728,16.81999969482422,11.479999542236328,19.520000457763672,,
5268,10.539999961853027,16.8799991607666,11.4399995803833,19.239999771118164,,
5269,10.34000015258789,16.700000762939453,12.18000030517578,19.100000381469727,,
5270,10.380000114440918,16.760000228881836,11.699999809265137,19.21999931335449,,
5271,10.399999618530272,16.799999237060547,10.800000190734863,19.700000762939453,,
5272,10.359999656677246,16.8799991607666,12.020000457763672,19.34000015258789,,
5273,10.100000381469728,16.8799991607666,11.68000030517578,19.26000022888184,,
5274,10.300000190734863,16.84000015258789,12.68000030517578,19.31999969482422,,
5275,10.039999961853027,16.8799991607666,,19.5,,
5276,10.34000015258789,16.860000610351562,12.539999961853027,19.239999771118164,,
5277,10.140000343322754,17.0,,19.6200008392334,,
5278,10.760000228881836,16.860000610351562,12.260000228881836,19.520000457763672,,
5279,10.68000030517578,16.959999084472656,,19.6200008392334,,
5280,10.5600004196167,16.8799991607666,,19.71999931335449,,
5281,10.760000228881836,16.8799991607666,12.359999656677246,19.520000457763672,,
5282,10.579999923706056,16.860000610351562,,19.799999237060547,,
5283,10.600000381469728,16.84000015258789,11.920000076293944,19.559999465942383,,
5284,10.420000076293944,16.860000610351562,11.9399995803833,19.21999931335449,,
5285,10.4399995803833,16.8799991607666,11.960000038146973,19.459999084472656,,
5286,10.380000114440918,16.84000015258789,11.779999732971191,19.600000381469727,,
5287,9.539999961853027,16.860000610351562,12.420000076293944,19.459999084472656,,
5288,10.199999809265137,16.8799991607666,12.579999923706056,19.559999465942383,,
5289,10.220000267028809,16.81999969482422,12.34000015258789,19.34000015258789,,
5290,10.34000015258789,16.959999084472656,12.68000030517578,19.559999465942383,,
5291,10.34000015258789,16.899999618530273,11.380000114440918,19.700000762939453,,
5292,10.420000076293944,16.860000610351562,12.18000030517578,19.71999931335449,,
5293,10.18000030517578,16.84000015258789,12.18000030517578,19.6200008392334,,
5294,10.140000343322754,17.0,12.220000267028809,19.71999931335449,,
5295,10.0600004196167,16.899999618530273,12.380000114440918,19.700000762939453,,
5296,10.699999809265137,16.940000534057617,11.0600004196167,20.0,,
5297,10.140000343322754,16.8799991607666,12.199999809265137,19.700000762939453,,
5298,10.039999961853027,16.860000610351562,12.119999885559082,19.700000762939453,,
5299,10.140000343322754,16.940000534057617,11.920000076293944,19.600000381469727,,
5300,9.979999542236328,16.860000610351562,12.0,19.700000762939453,,
5301,10.479999542236328,16.959999084472656,11.979999542236328,19.63999938964844,,
5302,10.31999969482422,16.860000610351562,12.300000190734863,19.76000022888184,,
5303,10.079999923706056,16.920000076293945,12.520000457763672,19.739999771118164,,
5304,9.760000228881836,17.0,12.100000381469728,19.540000915527344,,
5305,9.260000228881836,17.059999465942383,12.18000030517578,19.6200008392334,,
5306,10.100000381469728,16.940000534057617,12.18000030517578,19.559999465942383,,
5307,10.079999923706056,16.860000610351562,,19.520000457763672,,
5308,9.699999809265137,16.84000015258789,12.079999923706056,19.5,,
5309,10.100000381469728,16.860000610351562,,19.520000457763672,,
5310,10.520000457763672,16.8799991607666,12.260000228881836,19.81999969482422,,
5311,10.100000381469728,16.8799991607666,11.0600004196167,19.63999938964844,,
5312,10.199999809265137,16.899999618530273,12.18000030517578,19.65999984741211,,
5313,9.84000015258789,16.940000534057617,12.020000457763672,19.739999771118164,,
5314,10.020000457763672,16.920000076293945,11.960000038146973,19.57999992370605,,
5315,9.600000381469728,16.959999084472656,,19.5,,
5316,10.119999885559082,17.020000457763672,12.199999809265137,19.440000534057617,,
5317,10.039999961853027,16.959999084472656,11.800000190734863,19.420000076293945,,
5318,9.880000114440918,17.040000915527344,,19.420000076293945,,
5319,10.100000381469728,17.040000915527344,12.039999961853027,19.3799991607666,,
5320,10.5,16.8799991607666,11.399999618530272,19.26000022888184,,
5321,10.279999732971191,16.8799991607666,11.720000267028809,19.34000015258789,,
5322,10.31999969482422,16.860000610351562,11.720000267028809,19.34000015258789,,
5323,9.81999969482422,16.979999542236328,11.34000015258789,19.200000762939453,,
5324,9.920000076293944,16.979999542236328,,19.200000762939453,,
5325,10.140000343322754,16.959999084472656,,19.059999465942383,,
5326,9.960000038146973,17.0,,19.239999771118164,,
5327,10.0600004196167,17.100000381469727,,18.440000534057617,,
5328,10.84000015258789,17.0,,18.920000076293945,,
5329,10.359999656677246,17.059999465942383,12.020000457763672,19.280000686645508,,
5330,8.619999885559082,16.940000534057617,10.760000228881836,19.200000762939453,,
5331,10.119999885559082,16.8799991607666,12.039999961853027,19.200000762939453,,
5332,9.0600004196167,17.059999465942383,11.68000030517578,19.299999237060547,,
5333,10.31999969482422,17.020000457763672,12.300000190734863,19.1200008392334,,
5334,10.260000228881836,17.020000457763672,11.760000228881836,19.1200008392334,,
5335,9.65999984741211,16.940000534057617,12.039999961853027,19.26000022888184,,
5336,10.380000114440918,16.860000610351562,11.960000038146973,19.15999984741211,,
5337,10.199999809265137,16.940000534057617,11.399999618530272,19.21999931335449,,
5338,10.239999771118164,16.920000076293945,11.640000343322754,18.959999084472656,,
5339,10.300000190734863,16.8799991607666,11.539999961853027,18.65999984741211,,
5340,10.399999618530272,16.8799991607666,12.020000457763672,18.63999938964844,,
5341,10.4399995803833,16.8799991607666,12.18000030517578,18.559999465942383,,
5342,10.4399995803833,17.0,12.220000267028809,18.700000762939453,,
5343,10.520000457763672,17.020000457763672,12.300000190734863,19.239999771118164,,
5344,10.220000267028809,16.959999084472656,11.960000038146973,19.239999771118164,,
5345,10.119999885559082,16.899999618530273,11.899999618530272,19.36000061035156,,
5346,10.15999984741211,17.0,11.760000228881836,19.39999961853028,,
5347,10.539999961853027,17.020000457763672,11.579999923706056,19.459999084472656,,
5348,10.199999809265137,17.100000381469727,12.359999656677246,19.39999961853028,,
5349,10.220000267028809,17.100000381469727,11.380000114440918,19.459999084472656,,
5350,10.479999542236328,17.15999984741211,11.899999618530272,19.26000022888184,,
5351,10.380000114440918,17.040000915527344,11.880000114440918,19.520000457763672,,
5352,10.420000076293944,17.059999465942383,12.140000343322754,19.520000457763672,,
5353,11.020000457763672,17.059999465942383,12.260000228881836,19.559999465942383,,
5354,10.539999961853027,17.0,12.039999961853027,19.36000061035156,,
5355,10.880000114440918,17.020000457763672,,19.39999961853028,,
5356,10.359999656677246,17.200000762939453,,19.239999771118164,,
5357,,17.200000762939453,12.0,19.200000762939453,,
5358,10.020000457763672,17.059999465942383,,19.26000022888184,,
5359,10.359999656677246,17.020000457763672,11.65999984741211,19.280000686645508,,
5360,10.15999984741211,17.0,12.300000190734863,19.39999961853028,,
5361,10.399999618530272,17.040000915527344,12.15999984741211,19.39999961853028,,
5362,10.380000114440918,17.079999923706055,11.420000076293944,19.420000076293945,,
5363,10.65999984741211,17.020000457763672,11.81999969482422,19.34000015258789,,
5364,8.899999618530273,16.959999084472656,12.380000114440918,19.440000534057617,,
5365,10.260000228881836,17.100000381469727,12.31999969482422,19.440000534057617,,
5366,10.619999885559082,17.079999923706055,12.34000015258789,19.39999961853028,,
5367,10.4399995803833,17.040000915527344,12.239999771118164,19.31999969482422,,
5368,10.640000343322754,17.100000381469727,12.039999961853027,19.559999465942383,,
5369,10.18000030517578,17.059999465942383,12.0,19.39999961853028,,
5370,10.579999923706056,17.020000457763672,12.140000343322754,19.39999961853028,,
5371,10.399999618530272,17.139999389648438,12.539999961853027,19.420000076293945,,
5372,10.359999656677246,17.100000381469727,12.100000381469728,19.5,,
5373,10.380000114440918,17.15999984741211,12.0600004196167,19.440000534057617,,
5374,10.739999771118164,17.079999923706055,12.600000381469728,19.479999542236328,,
5375,10.960000038146973,17.040000915527344,12.020000457763672,19.440000534057617,,
5376,10.920000076293944,17.040000915527344,12.479999542236328,19.520000457763672,,
5377,10.84000015258789,17.079999923706055,12.18000030517578,19.520000457763672,,
5378,10.739999771118164,17.239999771118164,11.68000030517578,19.57999992370605,,
5379,10.720000267028809,17.0,11.920000076293944,19.479999542236328,,
5380,10.479999542236328,17.100000381469727,12.220000267028809,19.540000915527344,,
5381,11.119999885559082,17.1200008392334,11.920000076293944,19.39999961853028,,
5382,11.31999969482422,17.18000030517578,,19.440000534057617,,
5383,11.0600004196167,17.020000457763672,11.880000114440918,19.57999992370605,,
5384,11.239999771118164,17.139999389648438,,19.1200008392334,,
5385,10.880000114440918,17.100000381469727,11.640000343322754,18.979999542236328,,
5386,10.640000343322754,17.020000457763672,12.279999732971191,19.13999938964844,,
5387,10.960000038146973,16.899999618530273,12.0,19.21999931335449,,
5388,10.760000228881836,16.940000534057617,12.15999984741211,19.13999938964844,,
5389,10.68000030517578,16.940000534057617,12.4399995803833,19.39999961853028,,
5390,10.199999809265137,17.079999923706055,12.220000267028809,19.5,,
5391,10.300000190734863,17.1200008392334,11.5600004196167,19.39999961853028,,
5392,10.380000114440918,17.139999389648438,12.31999969482422,19.420000076293945,,
5393,10.720000267028809,17.100000381469727,12.380000114440918,19.520000457763672,,
5394,10.5600004196167,17.1200008392334,11.920000076293944,19.6200008392334,,
5395,10.68000030517578,17.079999923706055,11.979999542236328,19.13999938964844,,
5396,10.520000457763672,17.079999923706055,12.18000030517578,19.479999542236328,,
5397,10.68000030517578,17.0,,19.200000762939453,,
5398,10.479999542236328,16.959999084472656,11.479999542236328,19.280000686645508,,
5399,10.9399995803833,17.020000457763672,11.699999809265137,19.239999771118164,,
5400,10.699999809265137,17.020000457763672,,19.26000022888184,,
5401,10.520000457763672,17.020000457763672,11.81999969482422,19.18000030517578,,
5402,10.579999923706056,17.0,11.779999732971191,19.18000030517578,,
5403,11.119999885559082,17.020000457763672,11.380000114440918,19.31999969482422,,
5404,10.81999969482422,16.8799991607666,12.260000228881836,19.559999465942383,,
5405,10.84000015258789,17.020000457763672,12.68000030517578,19.299999237060547,,
5406,10.979999542236328,17.0,12.100000381469728,19.26000022888184,,
5407,10.300000190734863,17.0,,19.3799991607666,,
5408,10.720000267028809,17.139999389648438,,19.34000015258789,,
5409,10.760000228881836,17.079999923706055,,19.600000381469727,,
5410,10.039999961853027,17.299999237060547,,19.559999465942383,,
5411,10.100000381469728,17.200000762939453,12.420000076293944,19.559999465942383,,
5412,10.720000267028809,17.100000381469727,12.079999923706056,19.559999465942383,,
5413,10.380000114440918,17.079999923706055,12.039999961853027,19.459999084472656,,
5414,11.699999809265137,17.18000030517578,11.760000228881836,19.559999465942383,,
5415,10.0600004196167,17.079999923706055,11.5,19.57999992370605,,
5416,10.720000267028809,17.1200008392334,11.699999809265137,19.57999992370605,,
5417,10.880000114440918,17.040000915527344,12.15999984741211,19.540000915527344,,
5418,11.020000457763672,17.1200008392334,10.960000038146973,19.600000381469727,,
5419,10.720000267028809,17.1200008392334,11.539999961853027,19.63999938964844,,
5420,11.0600004196167,17.18000030517578,12.199999809265137,19.600000381469727,,
5421,9.539999961853027,16.979999542236328,11.31999969482422,19.600000381469727,,
5422,10.359999656677246,17.079999923706055,11.960000038146973,19.57999992370605,,
5423,10.520000457763672,17.260000228881836,11.880000114440918,19.520000457763672,,
5424,10.4399995803833,17.299999237060547,11.859999656677246,19.440000534057617,,
5425,10.18000030517578,17.15999984741211,11.579999923706056,19.200000762939453,,
5426,10.199999809265137,17.040000915527344,12.84000015258789,19.21999931335449,,
5427,10.4399995803833,17.020000457763672,12.34000015258789,19.520000457763672,,
5428,10.18000030517578,17.1200008392334,11.779999732971191,19.57999992370605,,
5429,10.359999656677246,17.079999923706055,11.68000030517578,19.600000381469727,,
5430,10.18000030517578,17.1200008392334,11.9399995803833,19.559999465942383,,
5431,11.699999809265137,17.100000381469727,11.9399995803833,19.440000534057617,,
5432,8.979999542236328,17.059999465942383,11.880000114440918,19.57999992370605,,
5433,9.68000030517578,17.059999465942383,11.81999969482422,19.520000457763672,,
5434,9.779999732971191,17.020000457763672,11.800000190734863,19.559999465942383,,
5435,10.260000228881836,17.1200008392334,12.18000030517578,19.39999961853028,,
5436,10.5600004196167,17.079999923706055,12.34000015258789,19.520000457763672,,
5437,10.020000457763672,17.18000030517578,12.0600004196167,19.559999465942383,,
5438,10.880000114440918,17.139999389648438,11.720000267028809,19.57999992370605,,
5439,10.760000228881836,17.219999313354492,11.600000381469728,19.63999938964844,,
5440,10.420000076293944,17.18000030517578,11.899999618530272,19.559999465942383,,
5441,10.420000076293944,16.959999084472656,11.31999969482422,19.57999992370605,,
5442,10.18000030517578,17.040000915527344,12.420000076293944,19.520000457763672,,
5443,10.699999809265137,17.040000915527344,,19.479999542236328,,
5444,10.800000190734863,17.079999923706055,12.520000457763672,19.459999084472656,,
5445,10.600000381469728,17.139999389648438,,19.540000915527344,,
5446,10.800000190734863,17.020000457763672,12.020000457763672,19.459999084472656,,
5447,10.600000381469728,17.059999465942383,12.31999969482422,19.57999992370605,,
5448,10.739999771118164,17.1200008392334,11.699999809265137,19.6200008392334,,
5449,10.579999923706056,17.280000686645508,11.699999809265137,18.8799991607666,,
5450,10.239999771118164,17.0,11.539999961853027,19.059999465942383,,
5451,10.420000076293944,17.1200008392334,11.579999923706056,19.21999931335449,,
5452,11.100000381469728,17.100000381469727,11.920000076293944,19.39999961853028,,
5453,11.140000343322754,17.100000381469727,12.140000343322754,19.459999084472656,,
5454,10.739999771118164,17.100000381469727,11.5600004196167,19.31999969482422,,
5455,10.5,17.079999923706055,12.020000457763672,19.420000076293945,,
5456,10.34000015258789,17.040000915527344,11.539999961853027,19.63999938964844,,
5457,10.579999923706056,17.1200008392334,,19.31999969482422,,
5458,10.300000190734863,17.15999984741211,11.420000076293944,19.5,,
5459,10.119999885559082,17.100000381469727,11.34000015258789,19.559999465942383,,
5460,10.4399995803833,17.18000030517578,10.880000114440918,19.520000457763672,,
5461,10.199999809265137,17.239999771118164,11.140000343322754,19.540000915527344,,
5462,9.779999732971191,17.219999313354492,11.600000381469728,19.520000457763672,,
5463,11.079999923706056,17.219999313354492,12.81999969482422,19.540000915527344,,
5464,10.140000343322754,17.200000762939453,12.479999542236328,19.559999465942383,,
5465,,17.200000762939453,12.359999656677246,19.600000381469727,,
5466,11.859999656677246,17.15999984741211,12.31999969482422,19.780000686645508,,
5467,12.239999771118164,17.100000381469727,12.359999656677246,19.559999465942383,,
5468,,17.15999984741211,11.760000228881836,19.76000022888184,,
5469,11.039999961853027,17.239999771118164,11.399999618530272,19.6200008392334,,
5470,10.779999732971191,17.18000030517578,11.5,19.600000381469727,,
5471,10.640000343322754,17.18000030517578,11.65999984741211,19.520000457763672,,
5472,10.920000076293944,17.239999771118164,11.880000114440918,19.3799991607666,,
5473,10.479999542236328,17.200000762939453,11.739999771118164,19.1200008392334,,
5474,10.960000038146973,17.15999984741211,11.979999542236328,19.440000534057617,,
5475,10.920000076293944,17.18000030517578,11.619999885559082,19.31999969482422,,
5476,10.68000030517578,17.059999465942383,11.619999885559082,19.3799991607666,,
5477,10.399999618530272,17.040000915527344,11.760000228881836,19.520000457763672,,
5478,10.81999969482422,17.200000762939453,11.979999542236328,19.420000076293945,,
5479,10.760000228881836,17.1200008392334,,19.5,,
5480,10.800000190734863,17.040000915527344,11.699999809265137,19.559999465942383,,
5481,10.5600004196167,17.020000457763672,12.279999732971191,19.39999961853028,,
5482,10.68000030517578,17.18000030517578,11.760000228881836,19.63999938964844,,
5483,10.84000015258789,17.15999984741211,11.760000228881836,19.65999984741211,,
5484,11.140000343322754,17.239999771118164,12.4399995803833,19.559999465942383,,
5485,11.079999923706056,17.020000457763672,11.800000190734863,19.5,,
5486,11.460000038146973,17.18000030517578,11.539999961853027,19.31999969482422,,
5487,10.920000076293944,17.260000228881836,12.260000228881836,19.280000686645508,,
5488,11.0600004196167,17.260000228881836,11.619999885559082,19.280000686645508,,
5489,10.699999809265137,17.18000030517578,,19.440000534057617,,
5490,10.65999984741211,17.139999389648438,12.34000015258789,19.5,,
5491,10.579999923706056,17.100000381469727,11.300000190734863,19.57999992370605,,
5492,11.039999961853027,17.139999389648438,11.399999618530272,19.6200008392334,,
5493,10.81999969482422,17.15999984741211,,19.600000381469727,,
5494,10.65999984741211,17.280000686645508,11.739999771118164,19.6200008392334,,
5495,10.859999656677246,17.420000076293945,11.65999984741211,19.600000381469727,,
5496,10.260000228881836,17.200000762939453,11.859999656677246,19.520000457763672,,
5497,10.800000190734863,17.15999984741211,12.0,19.440000534057617,,
5498,10.0,17.280000686645508,11.779999732971191,19.440000534057617,,
5499,11.119999885559082,17.15999984741211,11.779999732971191,19.65999984741211,,
5500,11.420000076293944,17.15999984741211,12.020000457763672,19.559999465942383,,
5501,10.859999656677246,17.15999984741211,,19.440000534057617,,
5502,10.699999809265137,17.18000030517578,12.0,19.520000457763672,,
5503,11.5600004196167,17.239999771118164,11.880000114440918,19.5,,
5504,10.31999969482422,17.200000762939453,11.380000114440918,19.239999771118164,,
5505,9.020000457763672,17.239999771118164,12.020000457763672,19.559999465942383,,
5506,10.199999809265137,17.299999237060547,11.760000228881836,19.6200008392334,,
5507,10.600000381469728,17.440000534057617,11.739999771118164,19.31999969482422,,
5508,10.5600004196167,17.399999618530273,11.699999809265137,19.57999992370605,,
5509,10.600000381469728,17.34000015258789,11.760000228881836,19.420000076293945,,
5510,10.460000038146973,17.31999969482422,11.640000343322754,19.13999938964844,,
5511,10.520000457763672,17.31999969482422,12.239999771118164,19.13999938964844,,
5512,10.65999984741211,17.219999313354492,10.960000038146973,18.799999237060547,,
5513,10.399999618530272,17.15999984741211,11.880000114440918,19.100000381469727,,
5514,10.9399995803833,17.139999389648438,11.460000038146973,19.21999931335449,,
5515,10.579999923706056,17.100000381469727,11.65999984741211,19.280000686645508,,
5516,11.140000343322754,17.100000381469727,11.0600004196167,19.299999237060547,,
5517,10.619999885559082,17.079999923706055,,19.18000030517578,,
5518,10.9399995803833,17.479999542236328,12.15999984741211,18.780000686645508,,
5519,10.460000038146973,17.31999969482422,,19.0,,
5520,10.079999923706056,17.139999389648438,11.31999969482422,18.920000076293945,,
5521,10.300000190734863,17.260000228881836,11.600000381469728,19.100000381469727,,
5522,10.539999961853027,17.219999313354492,11.880000114440918,19.420000076293945,,
5523,10.31999969482422,17.31999969482422,11.720000267028809,19.07999992370605,,
5524,10.359999656677246,17.3799991607666,11.779999732971191,19.420000076293945,,
5525,10.920000076293944,17.34000015258789,12.020000457763672,19.600000381469727,,
5526,10.18000030517578,17.31999969482422,11.739999771118164,19.020000457763672,,
5527,11.0600004196167,17.139999389648438,12.079999923706056,19.34000015258789,,
5528,10.84000015258789,17.299999237060547,,19.299999237060547,,
5529,10.4399995803833,17.260000228881836,,19.059999465942383,,
5530,10.739999771118164,17.399999618530273,11.68000030517578,19.239999771118164,,
5531,10.260000228881836,17.34000015258789,11.859999656677246,19.239999771118164,,
5532,10.020000457763672,17.280000686645508,11.880000114440918,19.559999465942383,,
5533,10.220000267028809,17.299999237060547,12.18000030517578,19.63999938964844,,
5534,10.199999809265137,17.219999313354492,11.699999809265137,19.5,,
5535,9.859999656677246,17.239999771118164,11.579999923706056,19.559999465942383,,
5536,10.899999618530272,17.219999313354492,11.600000381469728,19.36000061035156,,
5537,10.899999618530272,17.219999313354492,11.979999542236328,19.239999771118164,,
5538,11.140000343322754,17.280000686645508,11.65999984741211,19.540000915527344,,
5539,10.899999618530272,17.260000228881836,11.880000114440918,19.3799991607666,,
5540,11.0,17.219999313354492,11.81999969482422,19.39999961853028,,
5541,10.760000228881836,17.3799991607666,11.779999732971191,19.5,,
5542,10.880000114440918,17.399999618530273,11.920000076293944,19.3799991607666,,
5543,10.880000114440918,17.280000686645508,11.979999542236328,19.559999465942383,,
5544,10.600000381469728,17.3799991607666,11.779999732971191,19.31999969482422,,
5545,10.760000228881836,17.31999969482422,11.65999984741211,19.26000022888184,,
5546,11.119999885559082,17.459999084472656,11.960000038146973,19.21999931335449,,
5547,11.0600004196167,17.459999084472656,11.779999732971191,19.21999931335449,,
5548,11.300000190734863,17.5,12.119999885559082,19.3799991607666,,
5549,10.9399995803833,17.780000686645508,12.0600004196167,19.520000457763672,,
5550,11.0600004196167,17.600000381469727,,19.440000534057617,,
5551,10.979999542236328,17.540000915527344,11.859999656677246,19.71999931335449,,
5552,10.68000030517578,17.520000457763672,12.31999969482422,19.799999237060547,,
5553,10.81999969482422,17.6200008392334,11.859999656677246,19.81999969482422,,
5554,11.260000228881836,17.520000457763672,12.220000267028809,19.520000457763672,,
5555,10.579999923706056,17.479999542236328,12.119999885559082,19.31999969482422,,
5556,11.100000381469728,17.260000228881836,11.739999771118164,19.440000534057617,,
5557,10.600000381469728,17.15999984741211,11.880000114440918,19.65999984741211,,
5558,11.399999618530272,17.18000030517578,11.81999969482422,19.600000381469727,,
5559,10.140000343322754,17.18000030517578,11.220000267028809,19.63999938964844,,
5560,10.859999656677246,17.219999313354492,11.65999984741211,19.26000022888184,,
5561,10.880000114440918,17.200000762939453,11.84000015258789,19.6200008392334,,
5562,10.279999732971191,17.360000610351562,12.020000457763672,19.520000457763672,,
5563,10.520000457763672,17.440000534057617,12.520000457763672,19.600000381469727,,
5564,10.720000267028809,17.479999542236328,12.100000381469728,19.479999542236328,,
5565,10.579999923706056,17.420000076293945,11.140000343322754,19.420000076293945,,
5566,11.300000190734863,17.3799991607666,12.239999771118164,19.36000061035156,,
5567,11.31999969482422,17.399999618530273,11.760000228881836,19.239999771118164,,
5568,11.279999732971191,17.31999969482422,11.899999618530272,19.479999542236328,,
5569,10.119999885559082,17.18000030517578,11.899999618530272,19.540000915527344,,
5570,10.68000030517578,17.280000686645508,11.880000114440918,19.600000381469727,,
5571,10.81999969482422,17.31999969482422,12.399999618530272,19.600000381469727,,
5572,10.640000343322754,17.280000686645508,,19.600000381469727,,
5573,10.720000267028809,17.299999237060547,12.31999969482422,19.520000457763672,,
5574,11.140000343322754,17.280000686645508,,19.5,,
5575,11.359999656677246,17.31999969482422,12.279999732971191,19.559999465942383,,
5576,10.779999732971191,17.260000228881836,11.800000190734863,19.559999465942383,,
5577,10.960000038146973,17.260000228881836,12.579999923706056,19.65999984741211,,
5578,10.5,17.31999969482422,12.079999923706056,19.71999931335449,,
5579,10.720000267028809,17.3799991607666,12.399999618530272,19.239999771118164,,
5580,10.68000030517578,17.31999969482422,,19.420000076293945,,
5581,9.720000267028809,17.280000686645508,11.84000015258789,19.440000534057617,,
5582,10.5,17.520000457763672,11.880000114440918,19.299999237060547,,
5583,10.220000267028809,17.440000534057617,11.779999732971191,19.200000762939453,,
5584,10.15999984741211,17.360000610351562,11.699999809265137,19.18000030517578,,
5585,10.779999732971191,17.299999237060547,12.039999961853027,19.520000457763672,,
5586,11.220000267028809,17.299999237060547,11.779999732971191,19.600000381469727,,
5587,11.34000015258789,17.280000686645508,,19.520000457763672,,
5588,11.279999732971191,17.219999313354492,12.15999984741211,19.479999542236328,,
5589,10.300000190734863,17.200000762939453,,19.540000915527344,,
5590,11.0600004196167,17.31999969482422,11.9399995803833,19.65999984741211,,
5591,10.619999885559082,17.399999618530273,,19.86000061035156,,
5592,10.5,17.459999084472656,12.18000030517578,19.600000381469727,,
5593,10.600000381469728,17.520000457763672,,19.63999938964844,,
5594,10.760000228881836,17.559999465942383,12.020000457763672,19.780000686645508,,
5595,10.359999656677246,17.479999542236328,11.84000015258789,19.799999237060547,,
5596,10.539999961853027,17.239999771118164,12.0,19.71999931335449,,
5597,10.399999618530272,17.31999969482422,11.81999969482422,19.700000762939453,,
5598,11.220000267028809,17.18000030517578,11.68000030517578,19.34000015258789,,
5599,11.100000381469728,17.0,11.739999771118164,19.34000015258789,,
5600,10.84000015258789,17.239999771118164,,19.3799991607666,,
5601,11.020000457763672,17.31999969482422,,19.81999969482422,,
5602,10.779999732971191,17.440000534057617,11.380000114440918,19.81999969482422,,
5603,10.68000030517578,17.280000686645508,12.720000267028809,18.8799991607666,,
5604,10.4399995803833,17.280000686645508,11.640000343322754,19.21999931335449,,
5605,10.359999656677246,17.360000610351562,12.18000030517578,19.540000915527344,,
5606,10.520000457763672,17.31999969482422,,19.3799991607666,,
5607,9.9399995803833,17.31999969482422,,19.799999237060547,,
5608,9.520000457763672,17.360000610351562,12.020000457763672,19.540000915527344,,
5609,8.15999984741211,17.360000610351562,,19.76000022888184,,
5610,8.479999542236328,17.520000457763672,11.699999809265137,19.76000022888184,,
5611,9.84000015258789,17.459999084472656,11.81999969482422,19.799999237060547,,
5612,8.5,17.360000610351562,,19.6200008392334,,
5613,10.15999984741211,17.360000610351562,11.65999984741211,19.780000686645508,,
5614,10.380000114440918,17.260000228881836,12.239999771118164,19.420000076293945,,
5615,10.18000030517578,17.360000610351562,,19.81999969482422,,
5616,10.640000343322754,17.5,12.65999984741211,19.979999542236328,,
5617,10.65999984741211,17.5,,19.780000686645508,,
5618,10.100000381469728,17.420000076293945,11.9399995803833,19.6200008392334,,
5619,10.800000190734863,17.31999969482422,12.380000114440918,20.020000457763672,,
5620,11.119999885559082,17.280000686645508,12.260000228881836,19.84000015258789,,
5621,10.65999984741211,17.280000686645508,12.579999923706056,19.979999542236328,,
5622,10.5,17.31999969482422,12.619999885559082,19.940000534057617,,
5623,10.380000114440918,17.5,12.859999656677246,19.6200008392334,,
5624,10.5,17.600000381469727,,19.700000762939453,,
5625,10.760000228881836,17.639999389648438,12.68000030517578,19.6200008392334,,
5626,10.279999732971191,17.399999618530273,13.020000457763672,19.700000762939453,,
5627,10.539999961853027,17.34000015258789,,19.559999465942383,,
5628,10.5,17.34000015258789,11.960000038146973,19.739999771118164,,
5629,10.579999923706056,17.639999389648438,,19.81999969482422,,
5630,11.34000015258789,17.639999389648438,12.720000267028809,19.739999771118164,,
5631,10.5,17.68000030517578,12.300000190734863,19.600000381469727,,
5632,9.880000114440918,17.540000915527344,12.199999809265137,19.65999984741211,,
5633,10.420000076293944,17.520000457763672,11.399999618530272,19.780000686645508,,
5634,10.239999771118164,17.479999542236328,12.220000267028809,19.780000686645508,,
5635,10.079999923706056,17.520000457763672,,19.65999984741211,,
5636,10.220000267028809,17.420000076293945,11.260000228881836,19.6200008392334,,
5637,10.220000267028809,17.239999771118164,12.420000076293944,19.81999969482422,,
5638,10.0600004196167,17.260000228881836,,19.780000686645508,,
5639,10.420000076293944,17.260000228881836,,19.780000686645508,,
5640,10.479999542236328,17.219999313354492,,19.76000022888184,,
5641,10.4399995803833,17.280000686645508,11.5600004196167,19.8799991607666,,
5642,11.140000343322754,17.420000076293945,11.619999885559082,19.71999931335449,,
5643,10.84000015258789,17.31999969482422,12.079999923706056,19.71999931335449,,
5644,9.68000030517578,17.299999237060547,12.279999732971191,19.700000762939453,,
5645,10.380000114440918,17.31999969482422,12.34000015258789,19.34000015258789,,
5646,10.039999961853027,17.18000030517578,11.600000381469728,19.799999237060547,,
5647,10.100000381469728,17.239999771118164,11.960000038146973,19.540000915527344,,
5648,10.520000457763672,17.200000762939453,12.479999542236328,19.8799991607666,,
5649,10.220000267028809,17.18000030517578,12.18000030517578,19.76000022888184,,
5650,11.0600004196167,17.219999313354492,12.220000267028809,19.76000022888184,,
5651,10.84000015258789,17.260000228881836,12.18000030517578,19.63999938964844,,
5652,10.84000015258789,17.200000762939453,12.15999984741211,19.559999465942383,,
5653,10.920000076293944,17.239999771118164,12.300000190734863,19.76000022888184,,
5654,11.15999984741211,17.239999771118164,12.260000228881836,19.86000061035156,,
5655,10.100000381469728,17.18000030517578,12.18000030517578,19.71999931335449,,
5656,9.34000015258789,17.420000076293945,,19.540000915527344,,
5657,10.479999542236328,17.31999969482422,12.68000030517578,19.76000022888184,,
5658,10.359999656677246,17.18000030517578,11.960000038146973,19.3799991607666,,
5659,10.4399995803833,17.15999984741211,12.920000076293944,19.420000076293945,,
5660,11.699999809265137,17.34000015258789,11.979999542236328,19.68000030517578,,
5661,10.279999732971191,17.360000610351562,,19.780000686645508,,
5662,10.279999732971191,17.280000686645508,12.899999618530272,19.700000762939453,,
5663,10.5,17.280000686645508,11.619999885559082,19.76000022888184,,
5664,10.859999656677246,17.3799991607666,12.279999732971191,19.540000915527344,,
5665,11.31999969482422,17.420000076293945,11.420000076293944,19.739999771118164,,
5666,11.020000457763672,17.520000457763672,12.579999923706056,19.780000686645508,,
5667,10.199999809265137,17.520000457763672,12.5600004196167,19.81999969482422,,
5668,10.619999885559082,17.31999969482422,12.359999656677246,19.700000762939453,,
5669,10.220000267028809,17.520000457763672,12.34000015258789,19.65999984741211,,
5670,10.15999984741211,17.34000015258789,12.420000076293944,19.81999969482422,,
5671,10.579999923706056,17.479999542236328,12.4399995803833,19.6200008392334,,
5672,10.640000343322754,17.479999542236328,,19.76000022888184,,
5673,10.100000381469728,17.280000686645508,12.779999732971191,19.71999931335449,,
5674,10.81999969482422,17.280000686645508,11.960000038146973,19.459999084472656,,
5675,10.300000190734863,17.31999969482422,12.399999618530272,19.71999931335449,,
5676,10.15999984741211,17.520000457763672,,19.68000030517578,,
5677,10.760000228881836,17.440000534057617,11.960000038146973,19.71999931335449,,
5678,10.5600004196167,17.420000076293945,12.0600004196167,19.76000022888184,,
5679,10.31999969482422,17.139999389648438,,19.8799991607666,,
5680,10.619999885559082,17.299999237060547,12.260000228881836,19.81999969482422,,
5681,10.739999771118164,17.360000610351562,,19.700000762939453,,
5682,9.640000343322754,17.399999618530273,12.5,19.71999931335449,,
5683,10.119999885559082,17.399999618530273,11.84000015258789,19.76000022888184,,
5684,9.720000267028809,17.31999969482422,12.420000076293944,19.5,,
5685,10.31999969482422,17.139999389648438,12.18000030517578,19.81999969482422,,
5686,9.960000038146973,17.219999313354492,11.880000114440918,19.780000686645508,,
5687,11.720000267028809,17.31999969482422,,19.89999961853028,,
5688,10.800000190734863,17.280000686645508,12.460000038146973,19.76000022888184,,
5689,10.359999656677246,17.31999969482422,,19.780000686645508,,
5690,11.0600004196167,17.420000076293945,11.979999542236328,19.700000762939453,,
5691,10.600000381469728,17.3799991607666,12.0600004196167,19.8799991607666,,
5692,10.5600004196167,17.280000686645508,12.18000030517578,19.799999237060547,,
5693,10.34000015258789,17.31999969482422,11.9399995803833,19.84000015258789,,
5694,10.399999618530272,17.260000228881836,12.0,19.739999771118164,,
5695,10.65999984741211,17.200000762939453,12.380000114440918,19.559999465942383,,
5696,10.539999961853027,17.200000762939453,12.380000114440918,19.459999084472656,,
5697,10.720000267028809,17.299999237060547,12.300000190734863,19.540000915527344,,
5698,10.539999961853027,17.360000610351562,12.5,19.799999237060547,,
5699,10.520000457763672,17.34000015258789,12.899999618530272,19.940000534057617,,
5700,10.380000114440918,17.18000030517578,12.0600004196167,19.81999969482422,,
5701,10.739999771118164,17.219999313354492,12.31999969482422,19.63999938964844,,
5702,10.4399995803833,17.219999313354492,12.300000190734863,19.700000762939453,,
5703,10.520000457763672,17.260000228881836,12.140000343322754,19.600000381469727,,
5704,10.739999771118164,17.219999313354492,12.0600004196167,19.600000381469727,,
5705,10.4399995803833,17.219999313354492,12.039999961853027,19.6200008392334,,
5706,10.4399995803833,17.139999389648438,12.119999885559082,19.780000686645508,,
5707,10.460000038146973,17.15999984741211,12.18000030517578,19.799999237060547,,
5708,10.68000030517578,17.31999969482422,12.5,19.86000061035156,,
5709,10.779999732971191,17.3799991607666,12.520000457763672,19.68000030517578,,
5710,10.979999542236328,17.5,12.34000015258789,19.780000686645508,,
5711,10.520000457763672,17.559999465942383,12.399999618530272,19.81999969482422,,
5712,10.460000038146973,17.280000686645508,12.239999771118164,19.799999237060547,,
5713,10.34000015258789,17.299999237060547,12.020000457763672,19.63999938964844,,
5714,10.199999809265137,17.31999969482422,12.15999984741211,19.700000762939453,,
5715,10.699999809265137,17.440000534057617,12.279999732971191,19.559999465942383,,
5716,10.5,17.360000610351562,11.9399995803833,19.520000457763672,,
5717,10.020000457763672,17.420000076293945,12.18000030517578,19.700000762939453,,
5718,10.380000114440918,17.6200008392334,11.859999656677246,19.700000762939453,,
5719,11.460000038146973,17.31999969482422,12.579999923706056,19.780000686645508,,
5720,10.699999809265137,17.34000015258789,11.739999771118164,19.940000534057617,,
5721,9.579999923706056,17.479999542236328,11.479999542236328,19.940000534057617,,
5722,10.619999885559082,17.5,11.720000267028809,19.84000015258789,,
5723,10.420000076293944,17.420000076293945,11.68000030517578,19.86000061035156,,
5724,9.300000190734863,17.31999969482422,,19.89999961853028,,
5725,10.699999809265137,17.200000762939453,12.100000381469728,19.940000534057617,,
5726,10.079999923706056,17.219999313354492,12.220000267028809,19.940000534057617,,
5727,11.15999984741211,17.280000686645508,11.699999809265137,19.959999084472656,,
5728,10.739999771118164,17.280000686645508,11.979999542236328,19.920000076293945,,
5729,11.0600004196167,17.399999618530273,11.960000038146973,20.07999992370605,,
5730,10.520000457763672,17.260000228881836,12.34000015258789,19.86000061035156,,
5731,10.520000457763672,17.260000228881836,11.9399995803833,19.84000015258789,,
5732,10.84000015258789,17.219999313354492,12.079999923706056,19.86000061035156,,
5733,11.140000343322754,17.219999313354492,12.199999809265137,19.920000076293945,,
5734,11.079999923706056,17.18000030517578,12.079999923706056,19.86000061035156,,
5735,10.520000457763672,17.31999969482422,12.119999885559082,19.86000061035156,,
5736,10.81999969482422,17.579999923706055,,20.07999992370605,,
5737,10.720000267028809,17.579999923706055,12.300000190734863,20.1200008392334,,
5738,10.600000381469728,17.5,12.380000114440918,20.0,,
5739,10.5600004196167,17.34000015258789,12.18000030517578,19.979999542236328,,
5740,10.359999656677246,17.200000762939453,12.380000114440918,19.940000534057617,,
5741,10.380000114440918,17.31999969482422,12.0,19.8799991607666,,
5742,10.460000038146973,17.31999969482422,11.539999961853027,20.040000915527344,,
5743,10.31999969482422,17.280000686645508,12.359999656677246,20.059999465942383,,
5744,10.380000114440918,17.360000610351562,11.760000228881836,19.920000076293945,,
5745,10.579999923706056,17.559999465942383,11.84000015258789,19.8799991607666,,
5746,10.380000114440918,17.520000457763672,11.779999732971191,19.520000457763672,,
5747,10.5600004196167,17.5,11.960000038146973,19.8799991607666,,
5748,10.460000038146973,17.34000015258789,11.979999542236328,20.040000915527344,,
5749,10.399999618530272,17.559999465942383,12.65999984741211,19.8799991607666,,
5750,10.699999809265137,17.65999984741211,12.0,20.059999465942383,,
5751,10.520000457763672,17.440000534057617,12.0600004196167,19.8799991607666,,
5752,9.859999656677246,17.34000015258789,12.0,19.799999237060547,,
5753,10.479999542236328,17.479999542236328,11.5600004196167,19.71999931335449,,
5754,10.600000381469728,17.3799991607666,11.699999809265137,19.57999992370605,,
5755,10.079999923706056,17.440000534057617,12.5,19.65999984741211,,
5756,10.520000457763672,17.459999084472656,11.65999984741211,19.540000915527344,,
5757,10.079999923706056,17.540000915527344,11.800000190734863,19.86000061035156,,
5758,10.399999618530272,17.479999542236328,12.18000030517578,20.020000457763672,,
5759,10.5,17.420000076293945,11.699999809265137,20.020000457763672,,
5760,10.5600004196167,17.360000610351562,12.140000343322754,20.0,,
5761,10.479999542236328,17.360000610351562,11.760000228881836,20.07999992370605,,
5762,10.100000381469728,17.360000610351562,12.079999923706056,20.100000381469727,,
5763,10.600000381469728,17.34000015258789,11.979999542236328,20.040000915527344,,
5764,10.18000030517578,17.420000076293945,11.720000267028809,20.07999992370605,,
5765,10.68000030517578,17.579999923706055,11.68000030517578,20.059999465942383,,
5766,10.600000381469728,17.34000015258789,11.9399995803833,19.959999084472656,,
5767,10.420000076293944,17.31999969482422,12.020000457763672,19.8799991607666,,
5768,10.539999961853027,17.34000015258789,11.979999542236328,19.8799991607666,,
5769,10.34000015258789,17.34000015258789,12.020000457763672,19.979999542236328,,
5770,10.359999656677246,17.420000076293945,11.800000190734863,19.920000076293945,,
5771,10.5600004196167,17.540000915527344,12.239999771118164,19.920000076293945,,
5772,10.619999885559082,17.5,12.34000015258789,19.979999542236328,,
5773,10.479999542236328,17.479999542236328,12.359999656677246,19.920000076293945,,
5774,11.119999885559082,17.3799991607666,,19.959999084472656,,
5775,10.800000190734863,17.34000015258789,11.84000015258789,19.84000015258789,,
5776,11.0600004196167,17.3799991607666,,20.0,,
5777,10.84000015258789,17.5,11.859999656677246,19.81999969482422,,
5778,10.81999969482422,17.520000457763672,11.859999656677246,19.81999969482422,,
5779,10.68000030517578,17.540000915527344,11.779999732971191,19.84000015258789,,
5780,10.600000381469728,17.459999084472656,12.119999885559082,19.920000076293945,,
5781,10.460000038146973,17.3799991607666,12.239999771118164,19.959999084472656,,
5782,10.4399995803833,17.360000610351562,12.300000190734863,19.8799991607666,,
5783,10.600000381469728,17.360000610351562,,19.8799991607666,,
5784,10.34000015258789,17.440000534057617,12.81999969482422,19.89999961853028,,
5785,10.399999618530272,17.3799991607666,,20.020000457763672,,
5786,10.0600004196167,17.440000534057617,12.699999809265137,19.65999984741211,,
5787,10.100000381469728,17.479999542236328,12.5,20.040000915527344,,
5788,10.979999542236328,17.579999923706055,12.260000228881836,19.239999771118164,,
5789,10.399999618530272,17.520000457763672,12.119999885559082,19.84000015258789,,
5790,10.520000457763672,17.520000457763672,12.18000030517578,19.520000457763672,,
5791,10.479999542236328,17.3799991607666,12.079999923706056,19.84000015258789,,
5792,10.140000343322754,17.440000534057617,12.039999961853027,19.780000686645508,,
5793,10.18000030517578,17.440000534057617,11.899999618530272,19.600000381469727,,
5794,10.0600004196167,17.780000686645508,11.920000076293944,19.3799991607666,,
5795,10.399999618530272,17.5,11.920000076293944,19.979999542236328,,
5796,10.15999984741211,17.420000076293945,11.84000015258789,19.86000061035156,,
5797,10.279999732971191,17.579999923706055,12.039999961853027,20.059999465942383,,
5798,8.579999923706055,17.579999923706055,11.920000076293944,20.100000381469727,,
5799,10.279999732971191,17.639999389648438,11.420000076293944,20.0,,
5800,10.100000381469728,17.600000381469727,12.579999923706056,20.1200008392334,,
5801,10.260000228881836,17.520000457763672,11.359999656677246,19.959999084472656,,
5802,10.119999885559082,17.520000457763672,11.5600004196167,20.15999984741211,,
5803,10.119999885559082,17.68000030517578,12.300000190734863,19.940000534057617,,
5804,10.380000114440918,17.68000030517578,,20.100000381469727,,
5805,10.380000114440918,17.780000686645508,,20.34000015258789,,
5806,10.300000190734863,17.420000076293945,,20.239999771118164,,
5807,10.140000343322754,17.399999618530273,12.18000030517578,20.07999992370605,,
5808,10.640000343322754,17.3799991607666,12.579999923706056,19.81999969482422,,
5809,10.460000038146973,17.540000915527344,12.18000030517578,19.780000686645508,,
5810,10.460000038146973,17.479999542236328,11.800000190734863,19.940000534057617,,
5811,10.4399995803833,17.540000915527344,11.31999969482422,19.440000534057617,,
5812,10.460000038146973,17.639999389648438,12.34000015258789,19.799999237060547,,
5813,10.260000228881836,17.700000762939453,12.380000114440918,20.299999237060547,,
5814,10.260000228881836,17.600000381469727,11.460000038146973,19.780000686645508,,
5815,8.960000038146973,17.6200008392334,12.960000038146973,19.81999969482422,,
5816,9.960000038146973,17.639999389648438,12.140000343322754,19.81999969482422,,
5817,11.140000343322754,17.559999465942383,12.039999961853027,19.8799991607666,,
5818,11.100000381469728,17.479999542236328,11.739999771118164,19.959999084472656,,
5819,10.600000381469728,17.440000534057617,11.699999809265137,19.979999542236328,,
5820,9.0600004196167,17.540000915527344,12.100000381469728,19.959999084472656,,
5821,10.140000343322754,17.719999313354492,12.279999732971191,19.940000534057617,,
5822,10.359999656677246,17.459999084472656,12.18000030517578,19.76000022888184,,
5823,10.239999771118164,17.420000076293945,12.0600004196167,20.040000915527344,,
5824,10.399999618530272,17.3799991607666,12.460000038146973,20.020000457763672,,
5825,10.720000267028809,17.520000457763672,12.119999885559082,19.940000534057617,,
5826,10.5600004196167,17.799999237060547,,20.040000915527344,,
5827,10.239999771118164,17.68000030517578,11.760000228881836,19.89999961853028,,
5828,10.640000343322754,17.639999389648438,12.760000228881836,19.8799991607666,,
5829,11.479999542236328,17.780000686645508,12.15999984741211,19.920000076293945,,
5830,10.460000038146973,17.520000457763672,12.859999656677246,19.940000534057617,,
5831,10.800000190734863,17.559999465942383,,19.940000534057617,,
5832,10.420000076293944,17.760000228881836,12.84000015258789,20.1200008392334,,
5833,10.539999961853027,17.65999984741211,,19.76000022888184,,
5834,10.640000343322754,17.6200008392334,,19.940000534057617,,
5835,10.640000343322754,17.479999542236328,12.300000190734863,19.780000686645508,,
5836,10.5600004196167,17.520000457763672,,19.780000686645508,,
5837,10.899999618530272,17.700000762939453,12.65999984741211,19.780000686645508,,
5838,10.960000038146973,17.920000076293945,12.039999961853027,19.700000762939453,,
5839,11.039999961853027,17.920000076293945,12.65999984741211,19.700000762939453,,
5840,10.619999885559082,18.1200008392334,,20.07999992370605,,
5841,10.5,17.81999969482422,,19.84000015258789,,
5842,10.380000114440918,17.959999084472656,11.899999618530272,19.540000915527344,,
5843,10.68000030517578,17.739999771118164,11.960000038146973,19.71999931335449,,
5844,10.65999984741211,17.700000762939453,,19.8799991607666,,
5845,10.5600004196167,17.959999084472656,12.079999923706056,19.940000534057617,,
5846,10.68000030517578,17.760000228881836,,19.21999931335449,,
5847,10.31999969482422,17.639999389648438,12.34000015258789,19.8799991607666,,
5848,10.760000228881836,17.579999923706055,,19.739999771118164,,
5849,11.15999984741211,17.479999542236328,,19.8799991607666,,
5850,10.760000228881836,17.540000915527344,,19.739999771118164,,
5851,11.31999969482422,17.600000381469727,11.9399995803833,19.8799991607666,,
5852,11.100000381469728,17.639999389648438,,19.920000076293945,,
5853,10.720000267028809,17.739999771118164,12.0600004196167,19.600000381469727,,
5854,12.119999885559082,17.799999237060547,11.880000114440918,19.84000015258789,,
5855,10.300000190734863,17.520000457763672,,19.739999771118164,,
5856,10.84000015258789,17.719999313354492,,19.68000030517578,,
5857,10.84000015258789,18.1200008392334,,19.68000030517578,,
5858,10.640000343322754,17.860000610351562,,19.440000534057617,,
5859,10.479999542236328,17.579999923706055,12.960000038146973,19.440000534057617,,
5860,10.65999984741211,17.579999923706055,12.260000228881836,19.600000381469727,,
5861,10.699999809265137,17.6200008392334,12.779999732971191,19.86000061035156,,
5862,10.84000015258789,17.68000030517578,,20.059999465942383,,
5863,10.68000030517578,17.520000457763672,12.020000457763672,20.07999992370605,,
5864,10.68000030517578,17.600000381469727,12.600000381469728,20.059999465942383,,
5865,10.760000228881836,17.479999542236328,,20.07999992370605,,
5866,10.4399995803833,17.600000381469727,12.15999984741211,20.21999931335449,,
5867,10.65999984741211,17.600000381469727,12.260000228881836,20.21999931335449,,
5868,10.859999656677246,17.739999771118164,11.960000038146973,20.26000022888184,,
5869,11.020000457763672,17.920000076293945,12.18000030517578,20.18000030517578,,
5870,10.65999984741211,17.68000030517578,12.0,20.13999938964844,,
5871,11.199999809265137,17.600000381469727,11.960000038146973,20.13999938964844,,
5872,9.720000267028809,17.6200008392334,12.720000267028809,20.13999938964844,,
5873,10.699999809265137,17.34000015258789,12.039999961853027,20.299999237060547,,
5874,10.5600004196167,17.600000381469727,11.880000114440918,20.07999992370605,,
5875,9.119999885559082,17.440000534057617,12.539999961853027,20.13999938964844,,
5876,10.920000076293944,17.479999542236328,12.380000114440918,20.040000915527344,,
5877,10.779999732971191,17.600000381469727,13.0,19.86000061035156,,
5878,10.960000038146973,17.639999389648438,13.0,20.299999237060547,,
5879,10.420000076293944,17.65999984741211,11.9399995803833,20.21999931335449,,
5880,10.4399995803833,17.34000015258789,11.960000038146973,20.1200008392334,,
5881,10.699999809265137,17.639999389648438,11.9399995803833,20.200000762939453,,
5882,11.079999923706056,17.639999389648438,12.619999885559082,20.239999771118164,,
5883,11.539999961853027,17.6200008392334,11.640000343322754,20.239999771118164,,
5884,10.920000076293944,17.579999923706055,12.359999656677246,20.3799991607666,,
5885,10.9399995803833,17.559999465942383,12.420000076293944,20.559999465942383,,
5886,10.640000343322754,17.600000381469727,,20.959999084472656,,
5887,11.380000114440918,17.65999984741211,12.84000015258789,20.76000022888184,,
5888,10.760000228881836,17.65999984741211,12.520000457763672,20.6200008392334,,
5889,10.4399995803833,17.540000915527344,12.359999656677246,20.520000457763672,,
5890,10.5600004196167,17.540000915527344,11.779999732971191,19.920000076293945,,
5891,10.420000076293944,17.520000457763672,12.34000015258789,20.420000076293945,,
5892,10.539999961853027,17.579999923706055,12.579999923706056,20.65999984741211,,
5893,11.0,17.68000030517578,12.880000114440918,20.15999984741211,,
5894,10.539999961853027,17.6200008392334,12.920000076293944,20.07999992370605,,
5895,10.079999923706056,17.600000381469727,12.579999923706056,20.200000762939453,,
5896,9.979999542236328,17.719999313354492,12.399999618530272,20.13999938964844,,
5897,10.239999771118164,17.760000228881836,12.5,20.1200008392334,,
5898,9.859999656677246,17.739999771118164,12.600000381469728,20.07999992370605,,
5899,10.0,17.68000030517578,12.279999732971191,20.299999237060547,,
5900,10.020000457763672,17.68000030517578,11.699999809265137,20.479999542236328,,
5901,10.81999969482422,17.65999984741211,,20.15999984741211,,
5902,10.239999771118164,17.739999771118164,12.100000381469728,20.13999938964844,,
5903,10.15999984741211,17.639999389648438,,20.5,,
5904,10.359999656677246,17.639999389648438,11.960000038146973,20.420000076293945,,
5905,10.920000076293944,17.68000030517578,12.140000343322754,20.15999984741211,,
5906,10.739999771118164,17.81999969482422,12.760000228881836,20.18000030517578,,
5907,11.880000114440918,17.81999969482422,12.5600004196167,20.459999084472656,,
5908,10.720000267028809,17.920000076293945,12.420000076293944,20.420000076293945,,
5909,10.779999732971191,17.68000030517578,12.65999984741211,20.39999961853028,,
5910,10.479999542236328,17.959999084472656,12.260000228881836,20.459999084472656,,
5911,11.0,17.84000015258789,,20.459999084472656,,
5912,12.15999984741211,17.68000030517578,11.960000038146973,20.299999237060547,,
5913,10.5600004196167,17.8799991607666,12.760000228881836,20.239999771118164,,
5914,10.359999656677246,17.760000228881836,11.380000114440918,20.21999931335449,,
5915,8.539999961853027,17.540000915527344,12.15999984741211,20.15999984741211,,
5916,10.020000457763672,17.479999542236328,12.079999923706056,20.07999992370605,,
5917,10.579999923706056,17.479999542236328,,20.200000762939453,,
5918,10.600000381469728,17.739999771118164,,20.21999931335449,,
5919,10.399999618530272,17.760000228881836,11.359999656677246,20.15999984741211,,
5920,11.15999984741211,17.700000762939453,13.119999885559082,20.15999984741211,,
5921,11.18000030517578,17.899999618530273,11.640000343322754,20.239999771118164,,
5922,10.779999732971191,17.65999984741211,12.380000114440918,20.1200008392334,,
5923,10.4399995803833,17.639999389648438,12.479999542236328,20.239999771118164,,
5924,10.359999656677246,17.700000762939453,12.600000381469728,20.239999771118164,,
5925,10.380000114440918,17.579999923706055,12.5,20.3799991607666,,
5926,11.0,17.639999389648438,12.300000190734863,19.8799991607666,,
5927,11.0,17.600000381469727,12.220000267028809,20.520000457763672,,
5928,10.920000076293944,17.579999923706055,12.300000190734863,20.57999992370605,,
5929,10.800000190734863,17.6200008392334,12.600000381469728,20.200000762939453,,
5930,10.68000030517578,17.559999465942383,12.399999618530272,20.440000534057617,,
5931,10.899999618530272,17.459999084472656,12.34000015258789,20.21999931335449,,
5932,10.760000228881836,17.559999465942383,12.4399995803833,20.26000022888184,,
5933,10.739999771118164,17.540000915527344,12.34000015258789,20.200000762939453,,
5934,10.699999809265137,17.600000381469727,12.0600004196167,20.299999237060547,,
5935,10.899999618530272,17.5,13.140000343322754,20.57999992370605,,
5936,10.640000343322754,17.479999542236328,,20.86000061035156,,
5937,10.9399995803833,17.540000915527344,12.65999984741211,20.520000457763672,,
5938,10.68000030517578,17.459999084472656,11.979999542236328,20.559999465942383,,
5939,10.579999923706056,17.540000915527344,12.5,20.34000015258789,,
5940,10.65999984741211,17.420000076293945,12.880000114440918,20.520000457763672,,
5941,10.520000457763672,17.360000610351562,,20.520000457763672,,
5942,10.520000457763672,17.520000457763672,12.859999656677246,20.5,,
5943,10.359999656677246,17.639999389648438,12.380000114440918,19.979999542236328,,
5944,10.460000038146973,17.600000381469727,12.220000267028809,20.34000015258789,,
5945,10.260000228881836,17.399999618530273,13.100000381469728,20.020000457763672,,
5946,10.15999984741211,17.5,12.979999542236328,19.920000076293945,,
5947,9.779999732971191,17.34000015258789,12.800000190734863,20.020000457763672,,
5948,10.34000015258789,17.260000228881836,12.81999969482422,20.200000762939453,,
5949,,17.479999542236328,12.760000228881836,20.040000915527344,,
5950,10.640000343322754,17.3799991607666,12.020000457763672,20.07999992370605,,
5951,10.739999771118164,17.360000610351562,12.460000038146973,20.15999984741211,,
5952,10.65999984741211,17.5,12.039999961853027,20.200000762939453,,
5953,10.579999923706056,17.540000915527344,12.18000030517578,20.600000381469727,,
5954,10.5600004196167,17.420000076293945,12.279999732971191,20.34000015258789,,
5955,10.600000381469728,17.420000076293945,12.220000267028809,19.700000762939453,,
5956,10.760000228881836,17.479999542236328,12.640000343322754,20.200000762939453,,
5957,10.479999542236328,17.420000076293945,12.420000076293944,20.420000076293945,,
5958,11.300000190734863,17.540000915527344,12.579999923706056,20.07999992370605,,
5959,9.260000228881836,17.65999984741211,12.5600004196167,19.68000030517578,,
5960,9.880000114440918,17.739999771118164,12.380000114440918,19.959999084472656,,
5961,11.100000381469728,17.700000762939453,12.34000015258789,20.36000061035156,,
5962,9.199999809265137,17.760000228881836,12.31999969482422,19.6200008392334,,
5963,9.119999885559082,17.68000030517578,12.279999732971191,19.6200008392334,,
5964,10.65999984741211,17.399999618530273,12.4399995803833,19.5,,
5965,10.4399995803833,17.31999969482422,12.300000190734863,19.940000534057617,,
5966,10.479999542236328,17.639999389648438,12.399999618530272,20.459999084472656,,
5967,10.619999885559082,17.719999313354492,12.81999969482422,20.540000915527344,,
5968,10.260000228881836,18.020000457763672,12.880000114440918,20.479999542236328,,
5969,10.640000343322754,17.5,12.720000267028809,20.959999084472656,,
5970,10.460000038146973,17.600000381469727,12.34000015258789,20.71999931335449,,
5971,10.020000457763672,17.600000381469727,12.81999969482422,20.31999969482422,,
5972,10.720000267028809,17.5,12.880000114440918,20.57999992370605,,
5973,10.65999984741211,17.5,12.5600004196167,20.559999465942383,,
5974,10.800000190734863,17.600000381469727,12.420000076293944,20.5,,
5975,10.81999969482422,17.68000030517578,12.279999732971191,20.540000915527344,,
5976,10.739999771118164,17.440000534057617,13.140000343322754,20.459999084472656,,
5977,10.579999923706056,17.68000030517578,12.31999969482422,20.479999542236328,,
5978,10.260000228881836,17.600000381469727,12.600000381469728,20.07999992370605,,
5979,11.260000228881836,17.5,12.760000228881836,20.26000022888184,,
5980,11.0600004196167,17.600000381469727,13.300000190734863,20.34000015258789,,
5981,10.920000076293944,17.6200008392334,12.859999656677246,20.520000457763672,,
5982,10.84000015258789,17.520000457763672,12.399999618530272,20.57999992370605,,
5983,10.960000038146973,17.440000534057617,12.84000015258789,20.239999771118164,,
5984,9.979999542236328,17.540000915527344,12.65999984741211,20.13999938964844,,
5985,10.260000228881836,17.540000915527344,12.199999809265137,20.739999771118164,,
5986,10.699999809265137,17.420000076293945,12.899999618530272,20.280000686645508,,
5987,10.760000228881836,17.360000610351562,12.699999809265137,20.5,,
5988,10.600000381469728,17.31999969482422,12.899999618530272,20.280000686645508,,
5989,10.84000015258789,17.600000381469727,13.0600004196167,20.299999237060547,,
5990,,17.6200008392334,12.520000457763672,20.520000457763672,,
5991,10.479999542236328,17.360000610351562,12.579999923706056,20.459999084472656,,
5992,10.199999809265137,17.459999084472656,12.640000343322754,20.31999969482422,,
5993,11.640000343322754,17.520000457763672,12.34000015258789,20.26000022888184,,
5994,11.4399995803833,17.600000381469727,12.4399995803833,20.479999542236328,,
5995,11.199999809265137,17.68000030517578,12.460000038146973,20.39999961853028,,
5996,11.239999771118164,17.799999237060547,12.460000038146973,20.26000022888184,,
5997,11.140000343322754,17.520000457763672,12.479999542236328,20.26000022888184,,
5998,,17.31999969482422,12.479999542236328,19.739999771118164,,
5999,10.720000267028809,17.579999923706055,12.479999542236328,19.89999961853028,,
6000,,17.68000030517578,12.460000038146973,20.200000762939453,,
6001,10.520000457763672,17.5,12.420000076293944,20.200000762939453,,
6002,10.239999771118164,17.420000076293945,12.720000267028809,20.459999084472656,,
6003,10.300000190734863,17.5,12.539999961853027,20.5,,
6004,10.5,17.600000381469727,12.600000381469728,20.739999771118164,,
6005,10.539999961853027,17.65999984741211,12.199999809265137,20.26000022888184,,
6006,10.520000457763672,17.600000381469727,12.220000267028809,20.31999969482422,,
6007,10.31999969482422,17.520000457763672,12.18000030517578,20.420000076293945,,
6008,10.380000114440918,17.420000076293945,12.18000030517578,20.520000457763672,,
6009,10.68000030517578,17.399999618530273,11.84000015258789,20.57999992370605,,
6010,10.920000076293944,17.399999618530273,12.239999771118164,20.459999084472656,,
6011,11.140000343322754,17.639999389648438,12.220000267028809,20.68000030517578,,
6012,10.479999542236328,17.65999984741211,12.15999984741211,20.68000030517578,,
6013,9.699999809265137,17.440000534057617,11.720000267028809,20.6200008392334,,
6014,10.239999771118164,17.479999542236328,12.18000030517578,20.5,,
6015,10.520000457763672,17.34000015258789,11.68000030517578,20.81999969482422,,
6016,10.5600004196167,17.459999084472656,12.380000114440918,21.15999984741211,,
6017,10.68000030517578,17.739999771118164,12.039999961853027,20.65999984741211,,
6018,10.5600004196167,17.700000762939453,12.420000076293944,20.84000015258789,,
6019,11.739999771118164,17.739999771118164,12.5,20.600000381469727,,
6020,10.699999809265137,17.68000030517578,12.460000038146973,20.940000534057617,,
6021,10.859999656677246,17.700000762939453,12.15999984741211,20.920000076293945,,
6022,10.760000228881836,17.959999084472656,12.34000015258789,21.18000030517578,,
6023,10.699999809265137,17.899999618530273,12.18000030517578,21.18000030517578,,
6024,10.800000190734863,17.899999618530273,12.119999885559082,21.31999969482422,,
6025,10.720000267028809,17.579999923706055,12.140000343322754,21.239999771118164,,
6026,10.359999656677246,17.579999923706055,12.239999771118164,21.059999465942383,,
6027,10.65999984741211,17.559999465942383,12.5600004196167,20.76000022888184,,
6028,10.640000343322754,17.520000457763672,12.800000190734863,20.65999984741211,,
6029,10.020000457763672,17.3799991607666,11.699999809265137,20.540000915527344,,
6030,10.18000030517578,17.440000534057617,12.779999732971191,20.420000076293945,,
6031,10.5,17.579999923706055,,20.57999992370605,,
6032,10.079999923706056,17.5,12.239999771118164,20.540000915527344,,
6033,10.640000343322754,17.540000915527344,12.420000076293944,20.68000030517578,,
6034,10.600000381469728,17.399999618530273,12.380000114440918,20.3799991607666,,
6035,10.359999656677246,17.420000076293945,12.31999969482422,20.6200008392334,,
6036,10.520000457763672,17.799999237060547,12.5,20.739999771118164,,
6037,10.380000114440918,17.65999984741211,12.579999923706056,20.739999771118164,,
6038,10.220000267028809,17.540000915527344,12.579999923706056,20.739999771118164,,
6039,10.800000190734863,17.8799991607666,12.460000038146973,20.6200008392334,,
6040,10.720000267028809,17.760000228881836,12.140000343322754,20.76000022888184,,
6041,10.760000228881836,17.68000030517578,12.520000457763672,20.540000915527344,,
6042,10.479999542236328,17.639999389648438,12.520000457763672,20.459999084472656,,
6043,10.600000381469728,17.520000457763672,12.34000015258789,20.520000457763672,,
6044,10.720000267028809,17.559999465942383,11.960000038146973,20.6200008392334,,
6045,10.68000030517578,17.760000228881836,12.619999885559082,20.21999931335449,,
6046,10.460000038146973,17.81999969482422,,20.479999542236328,,
6047,10.699999809265137,17.920000076293945,12.239999771118164,20.34000015258789,,
6048,10.420000076293944,17.899999618530273,12.18000030517578,20.200000762939453,,
6049,10.399999618530272,17.8799991607666,12.520000457763672,20.21999931335449,,
6050,10.15999984741211,17.84000015258789,12.600000381469728,20.36000061035156,,
6051,10.600000381469728,17.799999237060547,12.279999732971191,20.540000915527344,,
6052,10.800000190734863,18.020000457763672,12.460000038146973,20.520000457763672,,
6053,10.68000030517578,17.920000076293945,12.420000076293944,20.479999542236328,,
6054,10.640000343322754,17.84000015258789,12.199999809265137,20.520000457763672,,
6055,11.020000457763672,17.65999984741211,12.399999618530272,20.57999992370605,,
6056,10.899999618530272,17.6200008392334,12.15999984741211,20.540000915527344,,
6057,10.520000457763672,17.600000381469727,12.279999732971191,20.26000022888184,,
6058,10.640000343322754,17.579999923706055,12.0600004196167,20.299999237060547,,
6059,10.520000457763672,17.68000030517578,12.300000190734863,20.57999992370605,,
6060,9.800000190734863,17.739999771118164,12.300000190734863,20.57999992370605,,
6061,10.800000190734863,17.979999542236328,12.5600004196167,20.520000457763672,,
6062,10.84000015258789,17.860000610351562,12.420000076293944,20.440000534057617,,
6063,10.279999732971191,17.799999237060547,12.539999961853027,20.420000076293945,,
6064,10.640000343322754,17.8799991607666,11.720000267028809,20.479999542236328,,
6065,10.600000381469728,17.81999969482422,12.880000114440918,20.520000457763672,,
6066,10.279999732971191,17.8799991607666,12.420000076293944,20.420000076293945,,
6067,10.539999961853027,17.899999618530273,12.359999656677246,20.420000076293945,,
6068,10.619999885559082,17.940000534057617,12.460000038146973,20.520000457763672,,
6069,10.84000015258789,18.07999992370605,12.31999969482422,20.3799991607666,,
6070,10.380000114440918,17.81999969482422,12.4399995803833,20.299999237060547,,
6071,10.68000030517578,17.65999984741211,12.039999961853027,20.3799991607666,,
6072,10.020000457763672,17.600000381469727,12.18000030517578,20.31999969482422,,
6073,9.9399995803833,17.579999923706055,12.880000114440918,20.13999938964844,,
6074,10.739999771118164,17.579999923706055,12.279999732971191,20.100000381469727,,
6075,11.100000381469728,17.540000915527344,12.579999923706056,20.31999969482422,,
6076,11.260000228881836,17.520000457763672,11.960000038146973,20.39999961853028,,
6077,10.699999809265137,17.5,12.579999923706056,20.36000061035156,,
6078,10.539999961853027,17.559999465942383,12.079999923706056,20.420000076293945,,
6079,10.84000015258789,17.600000381469727,12.420000076293944,20.459999084472656,,
6080,11.140000343322754,17.799999237060547,12.600000381469728,20.420000076293945,,
6081,10.300000190734863,17.639999389648438,12.520000457763672,20.5,,
6082,10.5600004196167,17.639999389648438,,20.3799991607666,,
6083,10.640000343322754,17.399999618530273,11.640000343322754,20.26000022888184,,
6084,10.65999984741211,17.6200008392334,11.800000190734863,20.520000457763672,,
6085,10.5,17.65999984741211,12.460000038146973,20.479999542236328,,
6086,10.579999923706056,17.700000762939453,11.779999732971191,20.36000061035156,,
6087,11.399999618530272,17.639999389648438,12.15999984741211,20.459999084472656,,
6088,10.81999969482422,17.559999465942383,12.300000190734863,20.239999771118164,,
6089,10.979999542236328,17.68000030517578,12.020000457763672,20.31999969482422,,
6090,10.699999809265137,17.579999923706055,12.619999885559082,20.26000022888184,,
6091,10.859999656677246,17.739999771118164,12.31999969482422,20.3799991607666,,
6092,10.640000343322754,17.600000381469727,12.5,20.479999542236328,,
6093,10.079999923706056,17.6200008392334,12.34000015258789,20.280000686645508,,
6094,10.0600004196167,17.34000015258789,12.15999984741211,20.57999992370605,,
6095,10.260000228881836,17.540000915527344,12.720000267028809,20.39999961853028,,
6096,9.9399995803833,17.139999389648438,12.18000030517578,20.280000686645508,,
6097,10.68000030517578,17.579999923706055,12.279999732971191,19.959999084472656,,
6098,10.920000076293944,17.600000381469727,12.31999969482422,20.15999984741211,,
6099,10.800000190734863,17.700000762939453,12.199999809265137,20.420000076293945,,
6100,10.5600004196167,17.600000381469727,12.220000267028809,20.5,,
6101,11.140000343322754,17.600000381469727,12.359999656677246,20.39999961853028,,
6102,10.84000015258789,17.6200008392334,12.079999923706056,20.420000076293945,,
6103,10.9399995803833,17.600000381469727,12.279999732971191,20.15999984741211,,
6104,10.300000190734863,17.639999389648438,12.420000076293944,20.34000015258789,,
6105,10.5,17.68000030517578,12.739999771118164,20.68000030517578,,
6106,10.5600004196167,17.6200008392334,12.5,20.68000030517578,,
6107,10.84000015258789,17.65999984741211,12.5600004196167,20.5,,
6108,10.539999961853027,17.700000762939453,12.34000015258789,20.559999465942383,,
6109,10.81999969482422,17.700000762939453,12.260000228881836,20.71999931335449,,
6110,10.880000114440918,17.540000915527344,12.34000015258789,20.739999771118164,,
6111,10.899999618530272,17.520000457763672,12.0,20.5,,
6112,10.81999969482422,17.440000534057617,12.260000228881836,20.5,,
6113,10.579999923706056,17.540000915527344,12.460000038146973,20.479999542236328,,
6114,10.5600004196167,17.579999923706055,12.020000457763672,20.5,,
6115,10.479999542236328,17.639999389648438,12.279999732971191,20.239999771118164,,
6116,10.84000015258789,17.600000381469727,12.260000228881836,20.420000076293945,,
6117,10.399999618530272,17.739999771118164,12.720000267028809,20.520000457763672,,
6118,10.600000381469728,17.700000762939453,13.020000457763672,20.459999084472656,,
6119,10.460000038146973,17.579999923706055,12.81999969482422,20.479999542236328,,
6120,10.399999618530272,17.6200008392334,12.779999732971191,20.459999084472656,,
6121,10.4399995803833,17.639999389648438,12.720000267028809,20.57999992370605,,
6122,10.220000267028809,17.639999389648438,12.979999542236328,20.5,,
6123,10.920000076293944,17.600000381469727,12.119999885559082,20.34000015258789,,
6124,11.18000030517578,17.579999923706055,12.199999809265137,20.3799991607666,,
6125,11.220000267028809,17.540000915527344,12.220000267028809,20.479999542236328,,
6126,10.5,17.520000457763672,12.199999809265137,20.39999961853028,,
6127,10.779999732971191,17.579999923706055,12.15999984741211,20.3799991607666,,
6128,10.640000343322754,17.639999389648438,12.239999771118164,20.39999961853028,,
6129,10.699999809265137,17.65999984741211,12.260000228881836,20.440000534057617,,
6130,10.979999542236328,17.65999984741211,12.260000228881836,20.34000015258789,,
6131,10.68000030517578,17.6200008392334,12.380000114440918,20.700000762939453,,
6132,10.539999961853027,17.579999923706055,12.220000267028809,20.57999992370605,,
6133,10.800000190734863,17.68000030517578,12.460000038146973,20.3799991607666,,
6134,10.800000190734863,17.559999465942383,12.199999809265137,20.540000915527344,,
6135,10.600000381469728,17.760000228881836,12.039999961853027,20.26000022888184,,
6136,10.699999809265137,17.399999618530273,11.68000030517578,20.39999961853028,,
6137,10.84000015258789,17.459999084472656,12.420000076293944,20.479999542236328,,
6138,10.880000114440918,17.559999465942383,11.65999984741211,20.65999984741211,,
6139,10.859999656677246,17.579999923706055,12.239999771118164,20.65999984741211,,
6140,10.859999656677246,17.600000381469727,12.31999969482422,20.3799991607666,,
6141,10.380000114440918,17.579999923706055,,20.5,,
6142,10.520000457763672,17.700000762939453,,20.559999465942383,,
6143,10.600000381469728,17.68000030517578,,20.479999542236328,,
6144,10.81999969482422,17.579999923706055,11.520000457763672,20.5,,
6145,10.720000267028809,17.6200008392334,12.31999969482422,20.479999542236328,,
6146,10.5600004196167,17.459999084472656,12.220000267028809,20.540000915527344,,
6147,10.880000114440918,17.68000030517578,12.300000190734863,20.21999931335449,,
6148,10.739999771118164,17.780000686645508,12.420000076293944,20.39999961853028,,
6149,10.880000114440918,17.959999084472656,12.199999809265137,20.5,,
6150,10.65999984741211,17.799999237060547,12.539999961853027,20.020000457763672,,
6151,10.539999961853027,17.780000686645508,12.079999923706056,20.15999984741211,,
6152,9.520000457763672,17.739999771118164,12.279999732971191,20.26000022888184,,
6153,10.920000076293944,17.559999465942383,12.479999542236328,20.21999931335449,,
6154,10.65999984741211,17.600000381469727,12.239999771118164,20.100000381469727,,
6155,10.699999809265137,17.600000381469727,12.119999885559082,20.34000015258789,,
6156,10.779999732971191,17.799999237060547,12.119999885559082,20.5,,
6157,10.65999984741211,17.700000762939453,12.140000343322754,20.739999771118164,,
6158,10.600000381469728,17.600000381469727,12.399999618530272,19.979999542236328,,
6159,10.600000381469728,17.6200008392334,11.859999656677246,20.3799991607666,,
6160,10.479999542236328,17.65999984741211,12.4399995803833,20.76000022888184,,
6161,10.520000457763672,17.68000030517578,12.420000076293944,20.68000030517578,,
6162,10.619999885559082,17.639999389648438,12.600000381469728,20.63999938964844,,
6163,10.579999923706056,17.68000030517578,12.880000114440918,20.739999771118164,,
6164,11.739999771118164,17.81999969482422,11.699999809265137,20.540000915527344,,
6165,10.84000015258789,17.799999237060547,12.539999961853027,20.71999931335449,,
6166,10.960000038146973,17.68000030517578,,20.68000030517578,,
6167,10.739999771118164,17.68000030517578,12.760000228881836,20.799999237060547,,
6168,11.359999656677246,17.760000228881836,12.720000267028809,20.76000022888184,,
6169,10.619999885559082,17.84000015258789,12.520000457763672,20.780000686645508,,
6170,10.800000190734863,17.700000762939453,12.300000190734863,20.780000686645508,,
6171,10.65999984741211,17.780000686645508,12.380000114440918,21.0,,
6172,10.539999961853027,17.5,12.220000267028809,20.700000762939453,,
6173,10.5600004196167,17.65999984741211,13.0600004196167,20.540000915527344,,
6174,10.920000076293944,17.739999771118164,12.119999885559082,20.559999465942383,,
6175,10.380000114440918,17.600000381469727,12.5,20.780000686645508,,
6176,10.520000457763672,17.639999389648438,12.399999618530272,20.600000381469727,,
6177,10.399999618530272,17.639999389648438,12.359999656677246,20.520000457763672,,
6178,11.079999923706056,17.700000762939453,12.5,20.57999992370605,,
6179,11.420000076293944,17.760000228881836,12.920000076293944,20.57999992370605,,
6180,10.84000015258789,17.860000610351562,12.359999656677246,20.76000022888184,,
6181,10.84000015258789,17.860000610351562,12.5,20.520000457763672,,
6182,10.600000381469728,17.899999618530273,12.720000267028809,20.65999984741211,,
6183,10.779999732971191,17.579999923706055,13.100000381469728,20.600000381469727,,
6184,10.720000267028809,17.65999984741211,12.899999618530272,20.6200008392334,,
6185,10.600000381469728,17.81999969482422,12.699999809265137,20.57999992370605,,
6186,10.800000190734863,17.799999237060547,12.5600004196167,20.520000457763672,,
6187,10.65999984741211,17.739999771118164,,20.65999984741211,,
6188,10.399999618530272,17.8799991607666,12.020000457763672,20.799999237060547,,
6189,10.539999961853027,17.760000228881836,,20.68000030517578,,
6190,10.720000267028809,17.639999389648438,13.079999923706056,20.6200008392334,,
6191,10.420000076293944,17.579999923706055,11.720000267028809,20.780000686645508,,
6192,10.539999961853027,17.68000030517578,,20.84000015258789,,
6193,10.579999923706056,17.600000381469727,,20.68000030517578,,
6194,10.579999923706056,17.600000381469727,11.699999809265137,20.6200008392334,,
6195,10.579999923706056,17.719999313354492,,20.57999992370605,,
6196,10.520000457763672,17.600000381469727,12.34000015258789,20.84000015258789,,
6197,10.640000343322754,17.639999389648438,12.220000267028809,20.8799991607666,,
6198,10.699999809265137,17.68000030517578,12.31999969482422,20.81999969482422,,
6199,10.5600004196167,17.579999923706055,12.640000343322754,20.799999237060547,,
6200,11.720000267028809,17.760000228881836,,20.84000015258789,,
6201,10.579999923706056,17.65999984741211,12.600000381469728,20.8799991607666,,
6202,10.4399995803833,17.739999771118164,13.380000114440918,20.63999938964844,,
6203,12.039999961853027,17.68000030517578,13.140000343322754,20.700000762939453,,
6204,10.899999618530272,17.719999313354492,12.579999923706056,20.780000686645508,,
6205,10.899999618530272,17.700000762939453,12.420000076293944,20.63999938964844,,
6206,10.920000076293944,17.799999237060547,12.359999656677246,20.559999465942383,,
6207,10.84000015258789,17.860000610351562,12.4399995803833,20.239999771118164,,
6208,11.0,17.81999969482422,12.460000038146973,20.440000534057617,,
6209,10.699999809265137,17.84000015258789,12.279999732971191,20.6200008392334,,
6210,10.640000343322754,17.84000015258789,12.5,20.299999237060547,,
6211,10.760000228881836,17.739999771118164,12.5600004196167,20.020000457763672,,
6212,10.199999809265137,17.760000228881836,12.4399995803833,20.739999771118164,,
6213,10.600000381469728,17.799999237060547,12.4399995803833,20.739999771118164,,
6214,10.600000381469728,18.059999465942383,12.920000076293944,20.559999465942383,,
6215,11.18000030517578,17.899999618530273,12.84000015258789,20.71999931335449,,
6216,11.039999961853027,17.799999237060547,12.640000343322754,20.86000061035156,,
6217,10.899999618530272,17.65999984741211,12.779999732971191,20.86000061035156,,
6218,10.800000190734863,17.639999389648438,12.5600004196167,20.57999992370605,,
6219,10.739999771118164,17.65999984741211,12.9399995803833,20.68000030517578,,
6220,10.720000267028809,17.739999771118164,12.920000076293944,20.780000686645508,,
6221,10.68000030517578,17.81999969482422,13.020000457763672,20.799999237060547,,
6222,10.760000228881836,17.760000228881836,12.65999984741211,20.739999771118164,,
6223,11.4399995803833,17.81999969482422,12.579999923706056,20.81999969482422,,
6224,10.920000076293944,18.0,12.619999885559082,20.84000015258789,,
6225,10.65999984741211,17.959999084472656,13.0600004196167,20.71999931335449,,
6226,10.68000030517578,17.81999969482422,13.199999809265137,20.739999771118164,,
6227,10.779999732971191,17.84000015258789,,20.89999961853028,,
6228,10.81999969482422,17.979999542236328,12.65999984741211,21.13999938964844,,
6229,10.279999732971191,17.979999542236328,12.739999771118164,20.780000686645508,,
6230,10.699999809265137,17.84000015258789,12.420000076293944,20.89999961853028,,
6231,9.84000015258789,18.020000457763672,11.859999656677246,20.89999961853028,,
6232,10.579999923706056,18.07999992370605,12.81999969482422,20.76000022888184,,
6233,12.34000015258789,17.940000534057617,12.720000267028809,20.780000686645508,,
6234,11.720000267028809,17.860000610351562,12.579999923706056,20.71999931335449,,
6235,10.739999771118164,17.860000610351562,12.920000076293944,20.780000686645508,,
6236,12.460000038146973,17.899999618530273,12.5600004196167,20.6200008392334,,
6237,10.65999984741211,18.0,,20.600000381469727,,
6238,10.800000190734863,17.959999084472656,12.640000343322754,20.89999961853028,,
6239,11.119999885559082,17.799999237060547,12.579999923706056,20.8799991607666,,
6240,10.65999984741211,17.760000228881836,12.779999732971191,20.780000686645508,,
6241,10.420000076293944,17.719999313354492,12.619999885559082,20.76000022888184,,
6242,10.479999542236328,17.68000030517578,12.619999885559082,20.68000030517578,,
6243,10.979999542236328,17.639999389648438,12.899999618530272,20.780000686645508,,
6244,10.5,17.700000762939453,12.9399995803833,20.780000686645508,,
6245,10.479999542236328,17.739999771118164,12.380000114440918,20.799999237060547,,
6246,10.779999732971191,17.799999237060547,12.539999961853027,20.8799991607666,,
6247,10.800000190734863,18.020000457763672,12.640000343322754,20.600000381469727,,
6248,11.239999771118164,18.0,12.65999984741211,20.700000762939453,,
6249,9.100000381469728,17.899999618530273,12.760000228881836,20.07999992370605,,
6250,10.800000190734863,17.860000610351562,12.65999984741211,20.520000457763672,,
6251,10.979999542236328,17.81999969482422,13.34000015258789,20.520000457763672,,
6252,10.039999961853027,17.81999969482422,12.720000267028809,20.600000381469727,,
6253,11.119999885559082,17.959999084472656,13.31999969482422,20.71999931335449,,
6254,10.600000381469728,17.81999969482422,11.720000267028809,20.799999237060547,,
6255,11.0600004196167,17.899999618530273,11.9399995803833,20.84000015258789,,
6256,10.779999732971191,17.719999313354492,11.699999809265137,20.76000022888184,,
6257,11.420000076293944,17.760000228881836,12.380000114440918,20.8799991607666,,
6258,11.0,17.700000762939453,12.079999923706056,20.799999237060547,,
6259,9.9399995803833,17.760000228881836,12.899999618530272,20.780000686645508,,
6260,10.65999984741211,17.899999618530273,12.15999984741211,20.76000022888184,,
6261,12.220000267028809,17.780000686645508,12.739999771118164,20.81999969482422,,
6262,11.0600004196167,17.799999237060547,12.739999771118164,20.81999969482422,,
6263,10.579999923706056,17.8799991607666,12.579999923706056,20.84000015258789,,
6264,10.619999885559082,17.860000610351562,12.739999771118164,20.780000686645508,,
6265,11.239999771118164,17.739999771118164,12.119999885559082,20.420000076293945,,
6266,11.100000381469728,17.940000534057617,13.100000381469728,20.89999961853028,,
6267,10.68000030517578,17.959999084472656,12.5600004196167,20.63999938964844,,
6268,10.979999542236328,17.899999618530273,12.619999885559082,20.5,,
6269,11.34000015258789,17.81999969482422,12.739999771118164,20.780000686645508,,
6270,11.100000381469728,17.8799991607666,13.18000030517578,20.239999771118164,,
6271,10.899999618530272,17.860000610351562,12.65999984741211,20.459999084472656,,
6272,10.720000267028809,17.899999618530273,,20.280000686645508,,
6273,10.5600004196167,17.760000228881836,12.68000030517578,20.5,,
6274,10.699999809265137,17.84000015258789,12.579999923706056,20.559999465942383,,
6275,10.720000267028809,17.81999969482422,12.579999923706056,20.239999771118164,,
6276,10.779999732971191,17.68000030517578,12.880000114440918,20.280000686645508,,
6277,10.739999771118164,17.65999984741211,12.81999969482422,20.239999771118164,,
6278,10.640000343322754,17.760000228881836,12.899999618530272,20.26000022888184,,
6279,10.399999618530272,17.979999542236328,13.119999885559082,20.420000076293945,,
6280,10.479999542236328,17.899999618530273,13.4399995803833,20.81999969482422,,
6281,10.279999732971191,17.8799991607666,13.119999885559082,20.780000686645508,,
6282,10.65999984741211,17.959999084472656,13.18000030517578,20.940000534057617,,
6283,11.18000030517578,17.940000534057617,12.520000457763672,20.979999542236328,,
6284,10.699999809265137,17.799999237060547,12.579999923706056,20.739999771118164,,
6285,10.9399995803833,17.639999389648438,13.140000343322754,21.1200008392334,,
6286,10.880000114440918,17.579999923706055,13.34000015258789,21.0,,
6287,11.0600004196167,17.700000762939453,13.4399995803833,21.15999984741211,,
6288,10.699999809265137,17.780000686645508,12.220000267028809,21.059999465942383,,
6289,10.579999923706056,17.860000610351562,12.199999809265137,20.739999771118164,,
6290,10.460000038146973,18.059999465942383,13.15999984741211,20.979999542236328,,
6291,10.699999809265137,18.059999465942383,12.800000190734863,21.100000381469727,,
6292,10.779999732971191,18.020000457763672,12.619999885559082,21.100000381469727,,
6293,10.760000228881836,18.21999931335449,12.880000114440918,21.020000457763672,,
6294,10.600000381469728,18.100000381469727,12.739999771118164,21.440000534057617,,
6295,10.800000190734863,17.899999618530273,13.300000190734863,21.31999969482422,,
6296,10.579999923706056,18.040000915527344,12.960000038146973,21.26000022888184,,
6297,10.979999542236328,18.100000381469727,13.359999656677246,21.059999465942383,,
6298,10.100000381469728,18.15999984741211,13.300000190734863,20.86000061035156,,
6299,11.18000030517578,17.959999084472656,13.119999885559082,20.86000061035156,,
6300,10.039999961853027,17.979999542236328,13.619999885559082,20.780000686645508,,
6301,11.380000114440918,17.639999389648438,12.800000190734863,20.780000686645508,,
6302,10.479999542236328,17.600000381469727,12.979999542236328,20.07999992370605,,
6303,11.600000381469728,17.799999237060547,12.720000267028809,20.459999084472656,,
6304,10.960000038146973,17.920000076293945,12.84000015258789,20.36000061035156,,
6305,10.899999618530272,18.26000022888184,12.579999923706056,20.68000030517578,,
6306,10.81999969482422,18.15999984741211,,20.780000686645508,,
6307,10.960000038146973,18.1200008392334,13.15999984741211,20.780000686645508,,
6308,10.699999809265137,18.13999938964844,13.079999923706056,20.81999969482422,,
6309,10.579999923706056,18.07999992370605,13.699999809265137,21.18000030517578,,
6310,10.420000076293944,18.0,13.380000114440918,20.8799991607666,,
6311,10.65999984741211,18.020000457763672,13.239999771118164,20.65999984741211,,
6312,10.699999809265137,17.899999618530273,12.859999656677246,20.84000015258789,,
6313,10.739999771118164,17.940000534057617,12.68000030517578,20.84000015258789,,
6314,10.699999809265137,18.1200008392334,12.81999969482422,20.780000686645508,,
6315,10.579999923706056,17.979999542236328,12.460000038146973,20.780000686645508,,
6316,10.5600004196167,17.739999771118164,12.81999969482422,21.100000381469727,,
6317,10.220000267028809,17.700000762939453,12.81999969482422,21.040000915527344,,
6318,8.5,17.700000762939453,,20.8799991607666,,
6319,10.899999618530272,17.760000228881836,,20.8799991607666,,
6320,10.079999923706056,17.700000762939453,12.720000267028809,20.89999961853028,,
6321,10.859999656677246,17.860000610351562,12.81999969482422,21.0,,
6322,9.520000457763672,18.18000030517578,12.34000015258789,20.84000015258789,,
6323,10.4399995803833,18.200000762939453,11.859999656677246,20.959999084472656,,
6324,10.399999618530272,17.84000015258789,12.65999984741211,21.280000686645508,,
6325,10.15999984741211,17.780000686645508,12.34000015258789,21.020000457763672,,
6326,13.520000457763672,17.920000076293945,,20.89999961853028,,
6327,,17.780000686645508,13.100000381469728,21.3799991607666,,
6328,9.420000076293944,17.860000610351562,12.779999732971191,21.15999984741211,,
6329,11.220000267028809,17.799999237060547,12.079999923706056,21.15999984741211,,
6330,9.859999656677246,17.81999969482422,,21.13999938964844,,
6331,11.0600004196167,17.899999618530273,13.420000076293944,21.21999931335449,,
6332,11.220000267028809,17.959999084472656,12.65999984741211,21.07999992370605,,
6333,11.34000015258789,18.1200008392334,13.5600004196167,21.200000762939453,,
6334,10.979999542236328,18.15999984741211,12.81999969482422,21.239999771118164,,
6335,10.5,18.059999465942383,12.460000038146973,21.21999931335449,,
6336,11.34000015258789,18.0,12.539999961853027,21.299999237060547,,
6337,11.460000038146973,18.100000381469727,,21.239999771118164,,
6338,11.579999923706056,17.899999618530273,12.5600004196167,21.21999931335449,,
6339,11.619999885559082,17.860000610351562,13.140000343322754,21.059999465942383,,
6340,11.65999984741211,17.899999618530273,12.739999771118164,21.040000915527344,,
6341,11.619999885559082,17.860000610351562,13.079999923706056,21.26000022888184,,
6342,11.0600004196167,17.940000534057617,12.920000076293944,21.200000762939453,,
6343,10.600000381469728,18.299999237060547,13.039999961853027,21.020000457763672,,
6344,12.18000030517578,19.0,12.65999984741211,21.07999992370605,,
6345,8.779999732971191,18.34000015258789,12.520000457763672,21.0,,
6346,11.100000381469728,17.899999618530273,12.399999618530272,20.89999961853028,,
6347,11.079999923706056,18.13999938964844,11.779999732971191,20.68000030517578,,
6348,9.68000030517578,18.100000381469727,12.520000457763672,20.739999771118164,,
6349,9.899999618530272,18.239999771118164,,20.739999771118164,,
6350,10.359999656677246,18.18000030517578,12.380000114440918,20.81999969482422,,
6351,9.84000015258789,18.1200008392334,12.399999618530272,20.76000022888184,,
6352,10.0,18.059999465942383,,20.799999237060547,,
6353,10.760000228881836,18.020000457763672,12.739999771118164,21.1200008392334,,
6354,10.699999809265137,17.979999542236328,12.279999732971191,20.84000015258789,,
6355,9.81999969482422,18.020000457763672,12.399999618530272,20.65999984741211,,
6356,10.739999771118164,17.84000015258789,12.31999969482422,20.65999984741211,,
6357,11.039999961853027,17.940000534057617,12.4399995803833,20.700000762939453,,
6358,10.579999923706056,18.040000915527344,12.579999923706056,20.89999961853028,,
6359,10.619999885559082,18.1200008392334,13.039999961853027,21.100000381469727,,
6360,11.140000343322754,18.1200008392334,13.220000267028809,21.07999992370605,,
6361,10.479999542236328,18.020000457763672,12.779999732971191,21.020000457763672,,
6362,11.300000190734863,17.579999923706055,12.039999961853027,20.89999961853028,,
6363,10.960000038146973,17.799999237060547,12.9399995803833,21.299999237060547,,
6364,10.920000076293944,17.780000686645508,,20.940000534057617,,
6365,11.4399995803833,17.639999389648438,12.81999969482422,21.26000022888184,,
6366,10.899999618530272,17.860000610351562,12.420000076293944,21.239999771118164,,
6367,10.779999732971191,17.739999771118164,12.260000228881836,21.299999237060547,,
6368,10.760000228881836,17.700000762939453,12.600000381469728,21.21999931335449,,
6369,10.5,17.65999984741211,12.65999984741211,21.239999771118164,,
6370,10.65999984741211,17.700000762939453,13.300000190734863,21.07999992370605,,
6371,11.020000457763672,17.760000228881836,12.579999923706056,20.84000015258789,,
6372,9.539999961853027,18.15999984741211,11.9399995803833,21.07999992370605,,
6373,10.420000076293944,18.059999465942383,,21.059999465942383,,
6374,10.0,18.040000915527344,13.260000228881836,21.479999542236328,,
6375,11.520000457763672,18.07999992370605,13.4399995803833,21.479999542236328,,
6376,10.619999885559082,18.020000457763672,13.619999885559082,20.940000534057617,,
6377,10.4399995803833,17.920000076293945,12.460000038146973,20.920000076293945,,
6378,11.0,17.860000610351562,13.460000038146973,20.940000534057617,,
6379,11.119999885559082,17.81999969482422,12.739999771118164,21.1200008392334,,
6380,10.9399995803833,17.81999969482422,12.65999984741211,20.920000076293945,,
6381,11.140000343322754,17.979999542236328,11.920000076293944,20.940000534057617,,
6382,11.0,18.07999992370605,12.199999809265137,20.940000534057617,,
6383,10.979999542236328,18.059999465942383,12.579999923706056,20.600000381469727,,
6384,10.899999618530272,17.920000076293945,12.100000381469728,21.059999465942383,,
6385,,17.899999618530273,,20.559999465942383,,
6386,,17.979999542236328,12.65999984741211,20.799999237060547,,
6387,10.4399995803833,17.899999618530273,,21.479999542236328,,
6388,10.800000190734863,17.959999084472656,,22.1200008392334,,
6389,10.739999771118164,18.0,12.5,21.959999084472656,,
6390,10.640000343322754,18.0,,21.84000015258789,,
6391,10.81999969482422,17.959999084472656,12.619999885559082,21.459999084472656,,
6392,10.899999618530272,17.979999542236328,12.600000381469728,21.76000022888184,,
6393,10.5,18.059999465942383,13.0,21.5,,
6394,11.079999923706056,18.100000381469727,12.300000190734863,21.479999542236328,,
6395,10.760000228881836,18.040000915527344,12.579999923706056,21.18000030517578,,
6396,11.079999923706056,17.780000686645508,12.460000038146973,21.479999542236328,,
6397,9.9399995803833,18.57999992370605,12.579999923706056,22.1200008392334,,
6398,9.140000343322754,17.520000457763672,,21.86000061035156,,
6399,10.579999923706056,17.520000457763672,12.260000228881836,21.18000030517578,,
6400,,17.700000762939453,12.979999542236328,21.15999984741211,,
6401,10.800000190734863,17.959999084472656,12.960000038146973,21.479999542236328,,
6402,10.720000267028809,17.799999237060547,13.020000457763672,21.420000076293945,,
6403,10.640000343322754,17.799999237060547,13.619999885559082,21.63999938964844,,
6404,10.600000381469728,17.700000762939453,13.619999885559082,21.780000686645508,,
6405,10.520000457763672,17.739999771118164,12.979999542236328,21.520000457763672,,
6406,10.539999961853027,17.780000686645508,,21.18000030517578,,
6407,10.720000267028809,17.84000015258789,,20.979999542236328,,
6408,10.979999542236328,17.81999969482422,12.81999969482422,21.1200008392334,,
6409,10.68000030517578,17.65999984741211,12.18000030517578,21.020000457763672,,
6410,10.5600004196167,17.700000762939453,12.460000038146973,21.100000381469727,,
6411,11.640000343322754,17.84000015258789,12.68000030517578,21.299999237060547,,
6412,10.520000457763672,17.899999618530273,13.619999885559082,21.100000381469727,,
6413,10.65999984741211,17.8799991607666,12.800000190734863,21.0,,
6414,11.359999656677246,18.059999465942383,13.260000228881836,21.07999992370605,,
6415,10.640000343322754,18.020000457763672,,21.040000915527344,,
6416,10.4399995803833,17.760000228881836,12.84000015258789,21.239999771118164,,
6417,10.720000267028809,17.81999969482422,,21.18000030517578,,
6418,10.84000015258789,17.940000534057617,12.5600004196167,21.059999465942383,,
6419,10.920000076293944,18.020000457763672,,21.21999931335449,,
6420,10.960000038146973,18.1200008392334,12.380000114440918,21.420000076293945,,
6421,10.760000228881836,18.21999931335449,12.739999771118164,21.200000762939453,,
6422,10.880000114440918,18.520000457763672,13.739999771118164,20.84000015258789,,
6423,10.760000228881836,18.100000381469727,12.920000076293944,20.76000022888184,,
6424,10.84000015258789,18.059999465942383,12.779999732971191,,,
6425,10.68000030517578,18.020000457763672,12.68000030517578,21.0,,
6426,10.920000076293944,17.84000015258789,12.84000015258789,21.739999771118164,,
6427,10.84000015258789,17.84000015258789,12.880000114440918,21.13999938964844,,
6428,10.739999771118164,17.799999237060547,,21.440000534057617,,
6429,10.760000228881836,17.799999237060547,,20.65999984741211,,
6430,10.720000267028809,17.860000610351562,,21.479999542236328,,
6431,11.020000457763672,17.899999618530273,,21.799999237060547,,
6432,10.0600004196167,17.920000076293945,12.579999923706056,21.440000534057617,,
6433,8.819999694824219,17.8799991607666,,21.239999771118164,,
6434,11.4399995803833,17.8799991607666,12.979999542236328,21.479999542236328,,
6435,10.4399995803833,17.899999618530273,12.65999984741211,21.18000030517578,,
6436,10.979999542236328,18.0,12.699999809265137,21.18000030517578,,
6437,11.0,18.07999992370605,12.699999809265137,20.920000076293945,,
6438,11.380000114440918,17.920000076293945,12.84000015258789,20.920000076293945,,
6439,10.739999771118164,17.81999969482422,12.5,21.100000381469727,,
6440,10.579999923706056,17.899999618530273,12.65999984741211,20.84000015258789,,
6441,10.600000381469728,17.81999969482422,12.579999923706056,21.059999465942383,,
6442,10.81999969482422,17.760000228881836,,20.739999771118164,,
6443,10.479999542236328,17.760000228881836,12.460000038146973,20.920000076293945,,
6444,10.84000015258789,17.719999313354492,,20.940000534057617,,
6445,10.460000038146973,17.799999237060547,12.199999809265137,20.65999984741211,,
6446,10.760000228881836,17.8799991607666,12.34000015258789,20.84000015258789,,
6447,10.699999809265137,17.920000076293945,11.9399995803833,20.739999771118164,,
6448,10.779999732971191,17.84000015258789,12.5,20.940000534057617,,
6449,10.579999923706056,17.860000610351562,13.119999885559082,20.84000015258789,,
6450,10.579999923706056,17.719999313354492,13.0600004196167,20.84000015258789,,
6451,10.65999984741211,17.860000610351562,12.779999732971191,20.8799991607666,,
6452,10.699999809265137,17.860000610351562,12.9399995803833,21.0,,
6453,9.539999961853027,17.739999771118164,,21.0,,
6454,10.460000038146973,17.760000228881836,,21.040000915527344,,
6455,10.4399995803833,17.719999313354492,,21.299999237060547,,
6456,10.479999542236328,17.860000610351562,,21.26000022888184,,
6457,10.600000381469728,17.959999084472656,11.880000114440918,21.299999237060547,,
6458,10.460000038146973,17.739999771118164,13.0600004196167,21.239999771118164,,
6459,10.520000457763672,17.760000228881836,12.859999656677246,21.13999938964844,,
6460,10.5,17.979999542236328,11.979999542236328,21.07999992370605,,
6461,10.600000381469728,17.899999618530273,,21.200000762939453,,
6462,11.100000381469728,17.899999618530273,13.300000190734863,21.200000762939453,,
6463,10.739999771118164,17.8799991607666,,21.31999969482422,,
6464,10.68000030517578,17.899999618530273,12.600000381469728,21.13999938964844,,
6465,10.539999961853027,17.940000534057617,13.619999885559082,21.1200008392334,,
6466,10.4399995803833,17.920000076293945,13.479999542236328,21.0,,
6467,10.619999885559082,18.020000457763672,12.920000076293944,21.3799991607666,,
6468,10.65999984741211,17.899999618530273,13.640000343322754,21.100000381469727,,
6469,9.300000190734863,17.739999771118164,,20.86000061035156,,
6470,10.479999542236328,17.760000228881836,12.65999984741211,21.020000457763672,,
6471,9.619999885559082,17.84000015258789,,20.89999961853028,,
6472,10.520000457763672,17.8799991607666,,20.920000076293945,,
6473,10.779999732971191,17.920000076293945,12.979999542236328,21.15999984741211,,
6474,10.699999809265137,17.920000076293945,12.899999618530272,21.059999465942383,,
6475,10.420000076293944,17.8799991607666,,21.13999938964844,,
6476,10.579999923706056,17.860000610351562,,21.18000030517578,,
6477,10.520000457763672,17.81999969482422,12.800000190734863,21.100000381469727,,
6478,10.699999809265137,17.81999969482422,12.720000267028809,21.020000457763672,,
6479,10.699999809265137,17.799999237060547,12.460000038146973,20.89999961853028,,
6480,10.279999732971191,17.739999771118164,12.380000114440918,20.84000015258789,,
6481,10.279999732971191,17.700000762939453,,20.36000061035156,,
6482,10.100000381469728,17.780000686645508,12.880000114440918,21.059999465942383,,
6483,10.279999732971191,17.940000534057617,12.300000190734863,21.059999465942383,,
6484,9.81999969482422,17.899999618530273,12.81999969482422,21.020000457763672,,
6485,10.479999542236328,17.799999237060547,12.65999984741211,21.020000457763672,,
6486,10.539999961853027,17.780000686645508,12.720000267028809,21.15999984741211,,
6487,10.220000267028809,17.719999313354492,12.640000343322754,20.81999969482422,,
6488,10.579999923706056,17.81999969482422,12.920000076293944,21.07999992370605,,
6489,10.699999809265137,18.1200008392334,12.760000228881836,20.979999542236328,,
6490,10.579999923706056,17.68000030517578,12.420000076293944,20.959999084472656,,
6491,10.619999885559082,17.700000762939453,13.0,20.76000022888184,,
6492,10.300000190734863,17.760000228881836,12.979999542236328,21.1200008392334,,
6493,10.720000267028809,17.700000762939453,12.68000030517578,21.31999969482422,,
6494,10.5,17.700000762939453,12.979999542236328,20.07999992370605,,
6495,9.81999969482422,17.780000686645508,,21.21999931335449,,
6496,10.399999618530272,18.020000457763672,,21.059999465942383,,
6497,10.9399995803833,18.020000457763672,,20.84000015258789,,
6498,11.0600004196167,17.899999618530273,,21.040000915527344,,
6499,10.5,17.8799991607666,,21.07999992370605,,
6500,10.619999885559082,17.860000610351562,,21.36000061035156,,
6501,10.739999771118164,17.920000076293945,13.0600004196167,21.15999984741211,,
6502,10.800000190734863,17.860000610351562,11.920000076293944,20.520000457763672,,
6503,10.520000457763672,17.860000610351562,12.760000228881836,20.540000915527344,,
6504,10.65999984741211,17.920000076293945,12.65999984741211,20.84000015258789,,
6505,10.5600004196167,17.959999084472656,12.859999656677246,21.36000061035156,,
6506,10.600000381469728,17.860000610351562,12.720000267028809,21.239999771118164,,
6507,10.520000457763672,17.81999969482422,12.579999923706056,21.200000762939453,,
6508,10.619999885559082,17.8799991607666,12.619999885559082,21.07999992370605,,
6509,10.699999809265137,17.700000762939453,12.34000015258789,21.040000915527344,,
6510,10.720000267028809,17.799999237060547,12.520000457763672,21.040000915527344,,
6511,10.359999656677246,17.739999771118164,12.779999732971191,20.940000534057617,,
6512,10.579999923706056,17.700000762939453,,20.81999969482422,,
6513,10.260000228881836,17.639999389648438,12.880000114440918,21.020000457763672,,
6514,10.640000343322754,17.579999923706055,12.720000267028809,20.700000762939453,,
6515,10.920000076293944,17.639999389648438,12.880000114440918,20.36000061035156,,
6516,10.380000114440918,17.780000686645508,13.15999984741211,20.68000030517578,,
6517,10.800000190734863,17.780000686645508,,20.76000022888184,,
6518,10.720000267028809,17.780000686645508,,20.8799991607666,,
6519,10.579999923706056,17.899999618530273,,20.84000015258789,,
6520,10.479999542236328,17.8799991607666,,20.84000015258789,,
6521,9.220000267028809,17.799999237060547,,20.89999961853028,,
6522,10.5600004196167,17.700000762939453,12.81999969482422,20.68000030517578,,
6523,10.039999961853027,17.81999969482422,13.220000267028809,21.1200008392334,,
6524,10.800000190734863,17.81999969482422,13.140000343322754,20.81999969482422,,
6525,10.800000190734863,17.860000610351562,12.720000267028809,21.1200008392334,,
6526,10.699999809265137,17.899999618530273,12.640000343322754,20.700000762939453,,
6527,10.68000030517578,17.8799991607666,12.479999542236328,21.1200008392334,,
6528,10.880000114440918,17.760000228881836,12.739999771118164,21.15999984741211,,
6529,10.699999809265137,17.799999237060547,,21.020000457763672,,
6530,10.760000228881836,18.1200008392334,12.760000228881836,20.979999542236328,,
6531,10.5600004196167,17.84000015258789,12.739999771118164,21.040000915527344,,
6532,10.739999771118164,17.84000015258789,,21.200000762939453,,
6533,10.720000267028809,17.65999984741211,,21.239999771118164,,
6534,10.5600004196167,17.780000686645508,,21.3799991607666,,
6535,10.760000228881836,17.65999984741211,13.140000343322754,21.239999771118164,,
6536,10.520000457763672,17.68000030517578,13.039999961853027,21.13999938964844,,
6537,9.399999618530272,17.780000686645508,13.5,21.13999938964844,,
6538,10.619999885559082,17.899999618530273,13.300000190734863,21.200000762939453,,
6539,10.720000267028809,17.799999237060547,13.079999923706056,21.1200008392334,,
6540,10.640000343322754,17.899999618530273,13.31999969482422,21.18000030517578,,
6541,9.4399995803833,17.959999084472656,13.199999809265137,20.959999084472656,,
6542,10.579999923706056,17.84000015258789,12.739999771118164,21.200000762939453,,
6543,10.739999771118164,17.760000228881836,13.100000381469728,21.020000457763672,,
6544,10.720000267028809,17.940000534057617,13.039999961853027,21.13999938964844,,
6545,10.760000228881836,17.81999969482422,12.720000267028809,21.15999984741211,,
6546,10.539999961853027,17.760000228881836,12.880000114440918,21.280000686645508,,
6547,10.579999923706056,18.07999992370605,12.859999656677246,20.920000076293945,,
6548,10.65999984741211,18.07999992370605,12.800000190734863,21.059999465942383,,
6549,9.100000381469728,17.940000534057617,13.039999961853027,21.1200008392334,,
6550,10.699999809265137,17.959999084472656,12.65999984741211,20.979999542236328,,
6551,10.31999969482422,17.739999771118164,,20.959999084472656,,
6552,10.899999618530272,17.899999618530273,12.68000030517578,20.739999771118164,,
6553,10.68000030517578,18.040000915527344,12.920000076293944,21.1200008392334,,
6554,10.619999885559082,17.860000610351562,12.0,21.6200008392334,,
6555,10.739999771118164,17.920000076293945,12.899999618530272,21.13999938964844,,
6556,10.800000190734863,17.760000228881836,12.9399995803833,21.15999984741211,,
6557,10.699999809265137,17.860000610351562,12.600000381469728,21.21999931335449,,
6558,10.579999923706056,17.81999969482422,12.800000190734863,21.18000030517578,,
6559,10.539999961853027,17.84000015258789,12.899999618530272,20.959999084472656,,
6560,10.479999542236328,17.780000686645508,12.380000114440918,21.15999984741211,,
6561,10.260000228881836,17.760000228881836,12.899999618530272,21.31999969482422,,
6562,8.979999542236328,17.68000030517578,,21.059999465942383,,
6563,10.779999732971191,17.780000686645508,12.520000457763672,21.1200008392334,,
6564,10.699999809265137,17.639999389648438,,21.13999938964844,,
6565,10.779999732971191,17.81999969482422,12.34000015258789,21.26000022888184,,
6566,11.140000343322754,17.739999771118164,12.15999984741211,21.18000030517578,,
6567,10.619999885559082,17.920000076293945,,21.26000022888184,,
6568,10.520000457763672,17.799999237060547,12.720000267028809,21.299999237060547,,
6569,9.300000190734863,17.860000610351562,12.779999732971191,21.200000762939453,,
6570,,17.84000015258789,12.640000343322754,21.1200008392334,,
6571,10.739999771118164,17.81999969482422,13.020000457763672,21.15999984741211,,
6572,9.699999809265137,17.84000015258789,12.260000228881836,21.34000015258789,,
6573,10.739999771118164,17.700000762939453,12.68000030517578,21.3799991607666,,
6574,10.739999771118164,17.780000686645508,12.81999969482422,21.479999542236328,,
6575,10.81999969482422,17.68000030517578,13.020000457763672,21.299999237060547,,
6576,10.5600004196167,17.8799991607666,13.020000457763672,21.479999542236328,,
6577,10.800000190734863,17.84000015258789,12.68000030517578,21.420000076293945,,
6578,,17.81999969482422,12.859999656677246,21.299999237060547,,
6579,9.9399995803833,17.799999237060547,12.600000381469728,21.299999237060547,,
6580,9.140000343322754,17.739999771118164,,21.420000076293945,,
6581,10.359999656677246,17.719999313354492,13.479999542236328,21.459999084472656,,
6582,10.18000030517578,17.760000228881836,12.920000076293944,21.26000022888184,,
6583,10.520000457763672,17.81999969482422,13.020000457763672,21.200000762939453,,
6584,10.420000076293944,17.780000686645508,12.859999656677246,21.07999992370605,,
6585,10.920000076293944,17.780000686645508,13.260000228881836,21.0,,
6586,10.68000030517578,17.719999313354492,13.199999809265137,21.100000381469727,,
6587,10.479999542236328,17.940000534057617,13.039999961853027,21.059999465942383,,
6588,11.18000030517578,17.920000076293945,13.079999923706056,21.34000015258789,,
6589,11.119999885559082,18.200000762939453,13.020000457763672,21.26000022888184,,
6590,10.479999542236328,18.18000030517578,13.020000457763672,21.020000457763672,,
6591,10.760000228881836,17.860000610351562,12.899999618530272,21.040000915527344,,
6592,10.920000076293944,17.799999237060547,12.81999969482422,20.959999084472656,,
6593,10.65999984741211,17.799999237060547,,20.84000015258789,,
6594,10.579999923706056,17.68000030517578,13.15999984741211,21.100000381469727,,
6595,10.81999969482422,17.68000030517578,,20.68000030517578,,
6596,10.579999923706056,17.799999237060547,,21.21999931335449,,
6597,10.359999656677246,17.65999984741211,,21.420000076293945,,
6598,10.5600004196167,17.700000762939453,,21.3799991607666,,
6599,10.579999923706056,17.6200008392334,,21.65999984741211,,
6600,10.579999923706056,17.639999389648438,,20.76000022888184,,
6601,10.539999961853027,17.719999313354492,12.020000457763672,21.18000030517578,,
6602,10.34000015258789,17.81999969482422,12.979999542236328,21.459999084472656,,
6603,10.640000343322754,18.13999938964844,,20.63999938964844,,
6604,10.739999771118164,18.15999984741211,12.81999969482422,20.940000534057617,,
6605,10.800000190734863,18.15999984741211,12.460000038146973,21.200000762939453,,
6606,10.65999984741211,18.15999984741211,12.300000190734863,21.479999542236328,,
6607,10.279999732971191,17.81999969482422,13.140000343322754,20.81999969482422,,
6608,10.579999923706056,17.799999237060547,12.960000038146973,21.3799991607666,,
6609,9.0,17.8799991607666,,21.440000534057617,,
6610,13.539999961853027,17.940000534057617,13.079999923706056,21.479999542236328,,
6611,10.979999542236328,17.84000015258789,13.100000381469728,20.920000076293945,,
6612,10.359999656677246,17.8799991607666,13.260000228881836,21.0,,
6613,10.920000076293944,17.920000076293945,12.920000076293944,21.1200008392334,,
6614,10.739999771118164,17.639999389648438,12.800000190734863,21.13999938964844,,
6615,11.100000381469728,17.899999618530273,12.5,21.36000061035156,,
6616,10.899999618530272,17.959999084472656,13.31999969482422,21.31999969482422,,
6617,,17.81999969482422,13.619999885559082,21.13999938964844,,
6618,10.81999969482422,17.860000610351562,13.0,21.18000030517578,,
6619,10.979999542236328,17.899999618530273,13.039999961853027,21.299999237060547,,
6620,10.960000038146973,17.81999969482422,12.779999732971191,21.34000015258789,,
6621,10.539999961853027,17.780000686645508,12.81999969482422,20.979999542236328,,
6622,10.579999923706056,17.899999618530273,12.899999618530272,21.36000061035156,,
6623,10.81999969482422,17.84000015258789,13.020000457763672,21.31999969482422,,
6624,10.899999618530272,17.899999618530273,13.0600004196167,21.0,,
6625,9.920000076293944,17.719999313354492,,21.100000381469727,,
6626,11.039999961853027,17.81999969482422,13.31999969482422,20.84000015258789,,
6627,9.960000038146973,17.760000228881836,13.15999984741211,20.979999542236328,,
6628,10.720000267028809,17.700000762939453,12.579999923706056,20.89999961853028,,
6629,10.0600004196167,17.940000534057617,13.020000457763672,21.040000915527344,,
6630,10.5,17.81999969482422,13.119999885559082,21.0,,
6631,9.31999969482422,17.920000076293945,12.960000038146973,21.18000030517578,,
6632,10.84000015258789,18.21999931335449,12.899999618530272,21.200000762939453,,
6633,10.84000015258789,18.13999938964844,,21.420000076293945,,
6634,10.899999618530272,18.07999992370605,,21.440000534057617,,
6635,10.699999809265137,17.920000076293945,13.579999923706056,21.26000022888184,,
6636,10.81999969482422,17.860000610351562,13.420000076293944,21.5,,
6637,10.5,17.639999389648438,12.739999771118164,21.15999984741211,,
6638,10.199999809265137,17.799999237060547,12.699999809265137,21.34000015258789,,
6639,10.65999984741211,17.84000015258789,12.979999542236328,21.200000762939453,,
6640,10.859999656677246,17.860000610351562,13.0600004196167,21.26000022888184,,
6641,10.880000114440918,17.959999084472656,,21.26000022888184,,
6642,8.979999542236328,17.979999542236328,13.199999809265137,21.1200008392334,,
6643,10.65999984741211,17.84000015258789,12.899999618530272,21.200000762939453,,
6644,10.9399995803833,17.920000076293945,13.300000190734863,21.299999237060547,,
6645,10.960000038146973,17.760000228881836,13.0600004196167,21.299999237060547,,
6646,10.920000076293944,17.700000762939453,13.15999984741211,21.479999542236328,,
6647,10.239999771118164,17.760000228881836,,21.3799991607666,,
6648,10.579999923706056,17.65999984741211,,21.34000015258789,,
6649,10.380000114440918,17.700000762939453,,21.239999771118164,,
6650,10.699999809265137,17.739999771118164,,21.020000457763672,,
6651,10.239999771118164,17.65999984741211,,21.040000915527344,,
6652,9.779999732971191,17.700000762939453,13.0,20.89999961853028,,
6653,10.84000015258789,17.739999771118164,,21.07999992370605,,
6654,10.399999618530272,17.760000228881836,,20.799999237060547,,
6655,10.65999984741211,17.84000015258789,12.779999732971191,20.89999961853028,,
6656,10.899999618530272,17.700000762939453,12.859999656677246,20.920000076293945,,
6657,11.039999961853027,17.81999969482422,13.31999969482422,20.89999961853028,,
6658,11.0600004196167,17.739999771118164,13.380000114440918,21.520000457763672,,
6659,10.579999923706056,17.600000381469727,13.460000038146973,21.459999084472656,,
6660,10.300000190734863,17.639999389648438,13.15999984741211,21.13999938964844,,
6661,10.640000343322754,17.520000457763672,12.81999969482422,21.18000030517578,,
6662,10.960000038146973,17.5,13.260000228881836,21.780000686645508,,
6663,10.859999656677246,17.639999389648438,12.739999771118164,21.920000076293945,,
6664,10.880000114440918,17.700000762939453,13.539999961853027,21.739999771118164,,
6665,10.779999732971191,17.84000015258789,12.739999771118164,21.57999992370605,,
6666,10.739999771118164,17.81999969482422,,21.15999984741211,,
6667,10.579999923706056,17.760000228881836,13.079999923706056,21.1200008392334,,
6668,10.65999984741211,17.780000686645508,12.68000030517578,21.299999237060547,,
6669,10.380000114440918,17.719999313354492,12.239999771118164,21.13999938964844,,
6670,10.579999923706056,17.639999389648438,13.0600004196167,21.280000686645508,,
6671,10.65999984741211,17.65999984741211,13.140000343322754,20.920000076293945,,
6672,10.300000190734863,17.700000762939453,13.18000030517578,21.040000915527344,,
6673,11.15999984741211,17.760000228881836,13.68000030517578,21.34000015258789,,
6674,10.899999618530272,17.760000228881836,,21.520000457763672,,
6675,11.279999732971191,17.979999542236328,13.300000190734863,21.440000534057617,,
6676,10.81999969482422,17.639999389648438,13.720000267028809,21.440000534057617,,
6677,10.81999969482422,17.68000030517578,13.279999732971191,21.420000076293945,,
6678,10.100000381469728,17.579999923706055,13.4399995803833,20.89999961853028,,
6679,9.859999656677246,17.639999389648438,13.300000190734863,21.200000762939453,,
6680,10.300000190734863,17.799999237060547,13.539999961853027,21.15999984741211,,
6681,10.380000114440918,17.700000762939453,12.399999618530272,21.540000915527344,,
6682,10.260000228881836,17.600000381469727,12.81999969482422,21.299999237060547,,
6683,10.520000457763672,17.579999923706055,12.720000267028809,21.1200008392334,,
6684,10.699999809265137,17.579999923706055,12.720000267028809,20.959999084472656,,
6685,10.34000015258789,17.559999465942383,,20.89999961853028,,
6686,10.119999885559082,17.600000381469727,12.81999969482422,20.8799991607666,,
6687,10.539999961853027,17.579999923706055,12.899999618530272,20.89999961853028,,
6688,10.65999984741211,17.68000030517578,,20.940000534057617,,
6689,10.0,17.739999771118164,13.539999961853027,21.13999938964844,,
6690,10.100000381469728,17.739999771118164,,21.299999237060547,,
6691,10.979999542236328,17.860000610351562,13.239999771118164,21.21999931335449,,
6692,11.0600004196167,17.81999969482422,12.760000228881836,21.3799991607666,,
6693,11.079999923706056,17.81999969482422,,21.34000015258789,,
6694,11.479999542236328,18.100000381469727,12.100000381469728,21.520000457763672,,
6695,11.479999542236328,17.799999237060547,13.239999771118164,21.440000534057617,,
6696,10.920000076293944,17.6200008392334,,21.459999084472656,,
6697,9.880000114440918,17.799999237060547,,21.21999931335449,,
6698,10.34000015258789,17.639999389648438,12.279999732971191,21.36000061035156,,
6699,10.31999969482422,17.760000228881836,12.079999923706056,21.3799991607666,,
6700,10.520000457763672,17.6200008392334,12.140000343322754,21.36000061035156,,
6701,10.4399995803833,17.700000762939453,12.420000076293944,21.18000030517578,,
6702,10.760000228881836,17.65999984741211,,21.799999237060547,,
6703,10.460000038146973,17.799999237060547,,22.15999984741211,,
6704,10.460000038146973,17.65999984741211,,21.68000030517578,,
6705,10.68000030517578,17.579999923706055,,21.700000762939453,,
6706,11.0,17.639999389648438,,21.81999969482422,,
6707,10.760000228881836,17.68000030517578,,21.959999084472656,,
6708,10.600000381469728,17.540000915527344,,21.700000762939453,,
6709,10.539999961853027,17.760000228881836,12.380000114440918,21.559999465942383,,
6710,10.579999923706056,17.760000228881836,13.359999656677246,21.540000915527344,,
6711,10.600000381469728,17.760000228881836,13.0600004196167,21.76000022888184,,
6712,10.31999969482422,17.700000762939453,13.31999969482422,21.479999542236328,,
6713,10.34000015258789,17.68000030517578,13.34000015258789,21.57999992370605,,
6714,10.640000343322754,17.739999771118164,13.140000343322754,21.65999984741211,,
6715,10.5600004196167,17.81999969482422,12.859999656677246,21.63999938964844,,
6716,10.65999984741211,17.65999984741211,12.979999542236328,21.540000915527344,,
6717,10.739999771118164,17.639999389648438,12.65999984741211,21.57999992370605,,
6718,10.520000457763672,17.65999984741211,13.020000457763672,21.459999084472656,,
6719,10.68000030517578,17.68000030517578,12.699999809265137,21.239999771118164,,
6720,9.979999542236328,17.65999984741211,13.31999969482422,21.0,,
6721,10.81999969482422,17.739999771118164,13.100000381469728,21.3799991607666,,
6722,8.880000114440918,17.719999313354492,13.15999984741211,21.299999237060547,,
6723,10.65999984741211,17.84000015258789,,21.520000457763672,,
6724,10.899999618530272,17.920000076293945,,21.68000030517578,,
6725,9.300000190734863,17.780000686645508,,21.5,,
6726,,17.8799991607666,,21.63999938964844,,
6727,10.960000038146973,17.760000228881836,,21.63999938964844,,
6728,10.880000114440918,17.760000228881836,,21.63999938964844,,
6729,10.960000038146973,17.760000228881836,,21.84000015258789,,
6730,10.84000015258789,17.84000015258789,13.779999732971191,21.739999771118164,,
6731,10.65999984741211,17.81999969482422,,21.540000915527344,,
6732,10.859999656677246,17.799999237060547,,21.63999938964844,,
6733,10.5600004196167,17.760000228881836,,21.86000061035156,,
6734,10.600000381469728,17.780000686645508,,21.71999931335449,,
6735,10.81999969482422,17.760000228881836,,21.63999938964844,,
6736,10.739999771118164,17.780000686645508,,21.57999992370605,,
6737,10.720000267028809,17.760000228881836,13.220000267028809,21.700000762939453,,
6738,10.520000457763672,17.760000228881836,,21.799999237060547,,
6739,10.640000343322754,17.639999389648438,12.18000030517578,21.65999984741211,,
6740,10.65999984741211,17.81999969482422,,21.700000762939453,,
6741,10.399999618530272,17.979999542236328,,21.63999938964844,,
6742,10.380000114440918,18.059999465942383,,21.63999938964844,,
6743,10.4399995803833,18.07999992370605,12.140000343322754,21.700000762939453,,
6744,10.539999961853027,17.84000015258789,13.579999923706056,21.520000457763672,,
6745,10.68000030517578,17.81999969482422,13.119999885559082,21.799999237060547,,
6746,8.680000305175781,17.860000610351562,13.0600004196167,21.520000457763672,,
6747,10.640000343322754,17.899999618530273,12.359999656677246,21.71999931335449,,
6748,10.640000343322754,17.899999618530273,12.9399995803833,21.6200008392334,,
6749,11.279999732971191,17.899999618530273,13.100000381469728,21.600000381469727,,
6750,10.800000190734863,17.8799991607666,13.359999656677246,21.479999542236328,,
6751,10.859999656677246,17.8799991607666,12.880000114440918,21.6200008392334,,
6752,10.600000381469728,17.799999237060547,13.539999961853027,21.479999542236328,,
6753,10.640000343322754,17.84000015258789,12.640000343322754,21.559999465942383,,
6754,10.4399995803833,17.899999618530273,12.359999656677246,21.739999771118164,,
6755,10.420000076293944,17.940000534057617,13.5,21.559999465942383,,
6756,10.640000343322754,18.13999938964844,12.84000015258789,21.600000381469727,,
6757,10.4399995803833,17.979999542236328,13.15999984741211,21.71999931335449,,
6758,10.640000343322754,17.899999618530273,13.239999771118164,21.600000381469727,,
6759,10.640000343322754,17.899999618530273,13.039999961853027,21.63999938964844,,
6760,10.600000381469728,17.899999618530273,13.0600004196167,21.63999938964844,,
6761,10.720000267028809,17.959999084472656,13.359999656677246,21.600000381469727,,
6762,10.359999656677246,17.81999969482422,13.220000267028809,21.739999771118164,,
6763,10.5,17.799999237060547,12.960000038146973,21.799999237060547,,
6764,10.640000343322754,17.81999969482422,13.199999809265137,21.799999237060547,,
6765,10.739999771118164,17.860000610351562,13.0600004196167,21.780000686645508,,
6766,10.760000228881836,17.81999969482422,13.039999961853027,21.84000015258789,,
6767,10.699999809265137,17.739999771118164,13.380000114440918,21.84000015258789,,
6768,10.34000015258789,17.780000686645508,13.619999885559082,21.71999931335449,,
6769,10.640000343322754,17.739999771118164,13.380000114440918,21.68000030517578,,
6770,10.119999885559082,17.68000030517578,13.460000038146973,21.68000030517578,,
6771,10.5600004196167,17.81999969482422,13.5,21.700000762939453,,
6772,10.68000030517578,17.799999237060547,13.399999618530272,21.76000022888184,,
6773,10.520000457763672,17.780000686645508,12.760000228881836,21.63999938964844,,
6774,10.520000457763672,17.799999237060547,13.300000190734863,21.63999938964844,,
6775,10.579999923706056,17.760000228881836,12.760000228881836,21.559999465942383,,
6776,10.699999809265137,17.780000686645508,13.100000381469728,21.65999984741211,,
6777,10.760000228881836,17.799999237060547,12.68000030517578,21.799999237060547,,
6778,10.800000190734863,17.81999969482422,13.81999969482422,21.89999961853028,,
6779,10.859999656677246,17.860000610351562,,21.65999984741211,,
6780,9.859999656677246,17.84000015258789,13.31999969482422,21.84000015258789,,
6781,10.640000343322754,17.860000610351562,13.0600004196167,21.920000076293945,,
6782,10.479999542236328,17.8799991607666,12.960000038146973,21.739999771118164,,
6783,11.0600004196167,17.8799991607666,12.65999984741211,21.65999984741211,,
6784,10.65999984741211,17.8799991607666,,21.559999465942383,,
6785,10.220000267028809,17.920000076293945,13.0600004196167,21.68000030517578,,
6786,10.279999732971191,17.899999618530273,13.640000343322754,21.739999771118164,,
6787,10.479999542236328,17.920000076293945,,21.200000762939453,,
6788,10.619999885559082,17.920000076293945,,21.68000030517578,,
6789,10.65999984741211,17.959999084472656,12.420000076293944,21.76000022888184,,
6790,10.5,17.899999618530273,14.100000381469728,21.799999237060547,,
6791,10.140000343322754,17.860000610351562,13.279999732971191,21.65999984741211,,
6792,10.199999809265137,17.959999084472656,13.18000030517578,21.600000381469727,,
6793,10.68000030517578,17.899999618530273,13.140000343322754,21.520000457763672,,
6794,9.5,18.13999938964844,13.15999984741211,21.299999237060547,,
6795,10.68000030517578,17.84000015258789,13.020000457763672,21.5,,
6796,10.579999923706056,17.760000228881836,13.420000076293944,21.39999961853028,,
6797,10.68000030517578,17.799999237060547,12.84000015258789,21.36000061035156,,
6798,10.699999809265137,17.780000686645508,12.84000015258789,21.459999084472656,,
6799,10.539999961853027,17.8799991607666,13.239999771118164,21.57999992370605,,
6800,10.640000343322754,17.860000610351562,13.0600004196167,21.600000381469727,,
6801,10.640000343322754,17.8799991607666,,21.63999938964844,,
6802,10.479999542236328,17.899999618530273,13.079999923706056,21.71999931335449,,
6803,10.359999656677246,17.899999618530273,13.420000076293944,21.799999237060547,,
6804,,17.8799991607666,12.859999656677246,21.920000076293945,,
6805,10.68000030517578,17.899999618530273,13.100000381469728,21.89999961853028,,
6806,10.479999542236328,17.860000610351562,,21.799999237060547,,
6807,10.399999618530272,17.899999618530273,13.140000343322754,21.76000022888184,,
6808,10.640000343322754,17.799999237060547,,21.63999938964844,,
6809,11.399999618530272,17.780000686645508,13.119999885559082,21.57999992370605,,
6810,10.579999923706056,17.780000686645508,13.619999885559082,21.65999984741211,,
6811,10.880000114440918,17.68000030517578,13.420000076293944,21.63999938964844,,
6812,10.600000381469728,17.760000228881836,12.4399995803833,21.76000022888184,,
6813,10.34000015258789,17.780000686645508,,21.799999237060547,,
6814,10.520000457763672,17.760000228881836,,21.89999961853028,,
6815,10.739999771118164,17.81999969482422,,21.799999237060547,,
6816,10.199999809265137,17.760000228881836,12.899999618530272,21.81999969482422,,
6817,,17.799999237060547,12.84000015258789,21.799999237060547,,
6818,10.81999969482422,17.860000610351562,13.359999656677246,21.89999961853028,,
6819,,17.81999969482422,13.15999984741211,21.57999992370605,,
6820,10.800000190734863,17.780000686645508,13.520000457763672,21.84000015258789,,
6821,10.779999732971191,17.760000228881836,13.100000381469728,21.84000015258789,,
6822,10.640000343322754,17.799999237060547,13.140000343322754,21.84000015258789,,
6823,10.520000457763672,17.780000686645508,,21.81999969482422,,
6824,10.65999984741211,17.799999237060547,13.260000228881836,21.540000915527344,,
6825,10.34000015258789,17.639999389648438,12.979999542236328,21.479999542236328,,
6826,,17.719999313354492,13.039999961853027,21.920000076293945,,
6827,10.960000038146973,17.579999923706055,13.15999984741211,21.76000022888184,,
6828,10.720000267028809,17.65999984741211,12.81999969482422,21.63999938964844,,
6829,9.619999885559082,17.84000015258789,12.960000038146973,21.5,,
6830,10.539999961853027,17.84000015258789,12.979999542236328,21.8799991607666,,
6831,10.68000030517578,17.84000015258789,13.5,21.739999771118164,,
6832,10.81999969482422,17.799999237060547,13.039999961853027,21.700000762939453,,
6833,10.220000267028809,17.799999237060547,13.520000457763672,21.63999938964844,,
6834,10.020000457763672,17.799999237060547,,21.520000457763672,,
6835,9.5600004196167,17.860000610351562,13.239999771118164,21.21999931335449,,
6836,,17.8799991607666,12.81999969482422,21.68000030517578,,
6837,10.579999923706056,17.719999313354492,13.380000114440918,21.540000915527344,,
6838,10.520000457763672,17.860000610351562,13.380000114440918,21.76000022888184,,
6839,10.619999885559082,17.940000534057617,13.300000190734863,21.84000015258789,,
6840,10.859999656677246,18.0,,21.8799991607666,,
6841,10.84000015258789,17.959999084472656,,21.959999084472656,,
6842,10.779999732971191,17.860000610351562,13.640000343322754,21.84000015258789,,
6843,10.779999732971191,17.920000076293945,12.5,21.84000015258789,,
6844,10.899999618530272,17.920000076293945,13.18000030517578,21.71999931335449,,
6845,10.920000076293944,17.959999084472656,13.34000015258789,21.979999542236328,,
6846,10.859999656677246,18.100000381469727,13.140000343322754,21.739999771118164,,
6847,10.979999542236328,18.15999984741211,13.15999984741211,21.799999237060547,,
6848,10.779999732971191,18.07999992370605,13.479999542236328,21.6200008392334,,
6849,10.960000038146973,18.200000762939453,13.520000457763672,21.57999992370605,,
6850,11.039999961853027,18.0,13.31999969482422,21.68000030517578,,
6851,10.920000076293944,17.979999542236328,,21.780000686645508,,
6852,10.539999961853027,17.860000610351562,13.140000343322754,21.780000686645508,,
6853,10.800000190734863,17.8799991607666,13.140000343322754,21.799999237060547,,
6854,10.81999969482422,17.84000015258789,13.399999618530272,21.799999237060547,,
6855,10.81999969482422,17.899999618530273,13.100000381469728,21.71999931335449,,
6856,10.65999984741211,17.84000015258789,13.100000381469728,21.76000022888184,,
6857,,17.899999618530273,13.600000381469728,21.799999237060547,,
6858,10.600000381469728,17.920000076293945,13.520000457763672,21.799999237060547,,
6859,10.600000381469728,17.84000015258789,13.399999618530272,21.520000457763672,,
6860,10.5600004196167,17.959999084472656,13.239999771118164,21.920000076293945,,
6861,10.579999923706056,17.860000610351562,,21.739999771118164,,
6862,10.640000343322754,17.81999969482422,12.640000343322754,22.020000457763672,,
6863,10.479999542236328,17.760000228881836,,21.700000762939453,,
6864,10.760000228881836,17.780000686645508,13.020000457763672,21.8799991607666,,
6865,10.979999542236328,17.899999618530273,13.0600004196167,21.520000457763672,,
6866,10.880000114440918,18.299999237060547,12.739999771118164,21.520000457763672,,
6867,10.739999771118164,17.81999969482422,12.4399995803833,21.76000022888184,,
6868,10.640000343322754,18.059999465942383,13.539999961853027,22.0,,
6869,10.539999961853027,17.959999084472656,13.239999771118164,21.739999771118164,,
6870,10.760000228881836,18.020000457763672,12.520000457763672,21.940000534057617,,
6871,10.880000114440918,18.21999931335449,13.460000038146973,21.5,,
6872,10.5600004196167,18.0,13.600000381469728,21.57999992370605,,
6873,10.699999809265137,17.959999084472656,13.260000228881836,21.799999237060547,,
6874,11.0,17.81999969482422,,21.89999961853028,,
6875,10.720000267028809,17.959999084472656,,21.6200008392334,,
6876,10.65999984741211,18.0,,21.700000762939453,,
6877,10.619999885559082,17.920000076293945,,21.739999771118164,,
6878,10.760000228881836,17.940000534057617,12.920000076293944,21.86000061035156,,
6879,10.479999542236328,17.8799991607666,13.460000038146973,21.84000015258789,,
6880,10.479999542236328,17.860000610351562,,21.780000686645508,,
6881,10.800000190734863,18.100000381469727,,21.940000534057617,,
6882,10.800000190734863,18.0,13.880000114440918,21.920000076293945,,
6883,9.539999961853027,18.059999465942383,13.420000076293944,21.81999969482422,,
6884,10.600000381469728,17.84000015258789,13.699999809265137,22.0,,
6885,,18.26000022888184,13.640000343322754,21.799999237060547,,
6886,10.420000076293944,18.21999931335449,13.119999885559082,21.8799991607666,,
6887,10.600000381469728,18.059999465942383,13.739999771118164,21.780000686645508,,
6888,10.779999732971191,18.0,13.279999732971191,21.780000686645508,,
6889,10.619999885559082,18.13999938964844,,21.959999084472656,,
6890,10.81999969482422,17.959999084472656,,21.920000076293945,,
6891,10.5600004196167,17.920000076293945,,21.940000534057617,,
6892,10.520000457763672,17.940000534057617,13.34000015258789,21.799999237060547,,
6893,10.460000038146973,17.8799991607666,14.020000457763672,21.959999084472656,,
6894,10.760000228881836,17.780000686645508,13.15999984741211,21.940000534057617,,
6895,10.4399995803833,17.920000076293945,13.420000076293944,21.940000534057617,,
6896,10.640000343322754,18.020000457763672,13.140000343322754,21.959999084472656,,
6897,10.699999809265137,17.979999542236328,13.65999984741211,21.799999237060547,,
6898,10.84000015258789,18.239999771118164,13.239999771118164,22.0,,
6899,10.84000015258789,18.100000381469727,13.15999984741211,21.920000076293945,,
6900,10.380000114440918,18.020000457763672,13.220000267028809,21.459999084472656,,
6901,10.479999542236328,18.020000457763672,13.460000038146973,21.89999961853028,,
6902,10.600000381469728,18.13999938964844,13.5600004196167,20.920000076293945,,
6903,10.539999961853027,18.1200008392334,13.65999984741211,21.84000015258789,,
6904,10.84000015258789,18.059999465942383,13.300000190734863,21.059999465942383,,
6905,10.880000114440918,17.979999542236328,13.079999923706056,21.68000030517578,,
6906,10.800000190734863,17.81999969482422,13.739999771118164,21.15999984741211,,
6907,10.84000015258789,18.040000915527344,,21.15999984741211,,
6908,10.859999656677246,17.940000534057617,13.020000457763672,21.21999931335449,,
6909,10.699999809265137,17.979999542236328,,21.239999771118164,,
6910,10.9399995803833,18.07999992370605,,21.6200008392334,,
6911,10.81999969482422,18.059999465942383,,21.65999984741211,,
6912,10.420000076293944,18.020000457763672,13.460000038146973,21.3799991607666,,
6913,10.68000030517578,17.959999084472656,,21.479999542236328,,
6914,8.819999694824219,17.799999237060547,,21.76000022888184,,
6915,10.239999771118164,17.979999542236328,,21.63999938964844,,
6916,10.81999969482422,17.959999084472656,13.34000015258789,21.63999938964844,,
6917,10.600000381469728,17.860000610351562,,21.71999931335449,,
6918,10.800000190734863,18.0,14.100000381469728,21.739999771118164,,
6919,10.81999969482422,18.040000915527344,14.119999885559082,21.940000534057617,,
6920,10.979999542236328,18.040000915527344,,21.739999771118164,,
6921,10.739999771118164,17.940000534057617,,21.299999237060547,,
6922,10.420000076293944,17.920000076293945,13.65999984741211,21.700000762939453,,
6923,,18.020000457763672,,21.71999931335449,,
6924,,17.940000534057617,,21.86000061035156,,
6925,10.279999732971191,18.07999992370605,12.859999656677246,21.57999992370605,,
6926,8.920000076293945,18.239999771118164,,21.559999465942383,,
6927,9.920000076293944,18.36000061035156,12.699999809265137,21.81999969482422,,
6928,10.640000343322754,17.959999084472656,13.039999961853027,21.479999542236328,,
6929,10.739999771118164,18.0,12.539999961853027,21.6200008392334,,
6930,10.68000030517578,18.020000457763672,,21.459999084472656,,
6931,10.399999618530272,17.940000534057617,,21.739999771118164,,
6932,10.699999809265137,18.100000381469727,13.140000343322754,21.520000457763672,,
6933,10.84000015258789,18.07999992370605,,21.940000534057617,,
6934,10.81999969482422,17.920000076293945,13.239999771118164,21.86000061035156,,
6935,10.800000190734863,17.920000076293945,12.81999969482422,21.86000061035156,,
6936,10.720000267028809,17.860000610351562,13.0600004196167,21.540000915527344,,
6937,,17.920000076293945,13.359999656677246,21.940000534057617,,
6938,10.4399995803833,18.0,13.4399995803833,21.940000534057617,,
6939,10.720000267028809,18.0,,21.940000534057617,,
6940,10.34000015258789,18.1200008392334,12.65999984741211,22.07999992370605,,
6941,,18.26000022888184,,21.739999771118164,,
6942,10.600000381469728,18.059999465942383,,21.700000762939453,,
6943,10.5,18.0,13.31999969482422,22.18000030517578,,
6944,10.5600004196167,18.059999465942383,13.260000228881836,21.5,,
6945,10.65999984741211,17.959999084472656,12.4399995803833,21.6200008392334,,
6946,10.800000190734863,17.899999618530273,12.699999809265137,21.979999542236328,,
6947,10.520000457763672,17.920000076293945,12.380000114440918,21.979999542236328,,
6948,10.760000228881836,17.81999969482422,,22.059999465942383,,
6949,10.300000190734863,17.84000015258789,13.460000038146973,22.0,,
6950,10.619999885559082,17.940000534057617,13.260000228881836,22.1200008392334,,
6951,10.220000267028809,17.959999084472656,,21.940000534057617,,
6952,11.720000267028809,18.020000457763672,13.380000114440918,22.1200008392334,,
6953,12.220000267028809,18.07999992370605,12.420000076293944,22.15999984741211,,
6954,11.079999923706056,18.059999465942383,13.380000114440918,22.0,,
6955,11.619999885559082,18.059999465942383,,22.059999465942383,,
6956,10.260000228881836,18.13999938964844,,22.020000457763672,,
6957,10.4399995803833,18.15999984741211,,21.739999771118164,,
6958,10.539999961853027,18.1200008392334,,21.89999961853028,,
6959,10.34000015258789,18.07999992370605,,21.979999542236328,,
6960,10.960000038146973,18.0,14.260000228881836,21.940000534057617,,
6961,10.760000228881836,18.1200008392334,,21.81999969482422,,
6962,11.0600004196167,18.059999465942383,12.579999923706056,21.959999084472656,,
6963,10.720000267028809,18.18000030517578,12.880000114440918,22.040000915527344,,
6964,,18.18000030517578,13.5,22.059999465942383,,
6965,10.380000114440918,18.18000030517578,12.65999984741211,21.8799991607666,,
6966,10.600000381469728,18.21999931335449,13.0600004196167,22.100000381469727,,
6967,10.880000114440918,18.39999961853028,13.079999923706056,21.21999931335449,,
6968,10.5600004196167,18.200000762939453,13.420000076293944,21.600000381469727,,
6969,10.15999984741211,18.239999771118164,13.300000190734863,,,
6970,10.539999961853027,18.15999984741211,13.699999809265137,21.5,,
6971,9.579999923706056,17.81999969482422,,21.299999237060547,,
6972,10.039999961853027,17.739999771118164,,22.100000381469727,,
6973,10.739999771118164,17.639999389648438,13.800000190734863,21.420000076293945,,
6974,11.0,17.860000610351562,13.31999969482422,21.959999084472656,,
6975,10.920000076293944,18.34000015258789,13.9399995803833,21.76000022888184,,
6976,10.81999969482422,17.860000610351562,13.460000038146973,21.63999938964844,,
6977,10.779999732971191,17.8799991607666,,21.420000076293945,,
6978,10.859999656677246,18.100000381469727,,21.420000076293945,,
6979,10.880000114440918,17.860000610351562,12.720000267028809,21.21999931335449,,
6980,10.880000114440918,18.040000915527344,13.399999618530272,21.299999237060547,,
6981,10.5,18.36000061035156,13.239999771118164,21.239999771118164,,
6982,10.520000457763672,17.940000534057617,13.779999732971191,21.21999931335449,,
6983,10.68000030517578,18.0,12.899999618530272,21.479999542236328,,
6984,11.15999984741211,17.979999542236328,12.899999618530272,21.31999969482422,,
6985,10.960000038146973,17.959999084472656,,21.76000022888184,,
6986,10.800000190734863,17.84000015258789,,21.89999961853028,,
6987,10.619999885559082,17.860000610351562,13.260000228881836,21.8799991607666,,
6988,10.899999618530272,17.959999084472656,13.539999961853027,22.0,,
6989,10.880000114440918,17.920000076293945,13.140000343322754,21.71999931335449,,
6990,10.739999771118164,17.940000534057617,13.220000267028809,21.8799991607666,,
6991,10.880000114440918,18.059999465942383,13.520000457763672,22.18000030517578,,
6992,10.720000267028809,18.020000457763672,13.399999618530272,21.81999969482422,,
6993,10.800000190734863,18.020000457763672,,21.299999237060547,,
6994,10.84000015258789,18.020000457763672,13.399999618530272,21.57999992370605,,
6995,10.739999771118164,17.860000610351562,,21.020000457763672,,
6996,10.800000190734863,17.920000076293945,13.539999961853027,22.26000022888184,,
6997,10.779999732971191,17.899999618530273,13.5,22.020000457763672,,
6998,10.859999656677246,17.920000076293945,,20.979999542236328,,
6999,10.899999618530272,17.959999084472656,,21.21999931335449,,
7000,9.859999656677246,17.899999618530273,12.4399995803833,21.18000030517578,,
7001,10.65999984741211,17.8799991607666,,21.15999984741211,,
7002,9.960000038146973,18.059999465942383,13.479999542236328,21.440000534057617,,
7003,10.5,17.940000534057617,,21.780000686645508,,
7004,10.5,17.959999084472656,13.039999961853027,21.57999992370605,,
7005,10.739999771118164,18.020000457763672,13.140000343322754,21.81999969482422,,
7006,10.9399995803833,18.07999992370605,13.260000228881836,22.040000915527344,,
7007,10.9399995803833,17.920000076293945,,21.979999542236328,,
7008,11.140000343322754,17.84000015258789,14.15999984741211,22.13999938964844,,
7009,,17.979999542236328,,22.239999771118164,,
7010,10.899999618530272,18.0,,22.07999992370605,,
7011,10.739999771118164,17.940000534057617,,22.15999984741211,,
7012,10.81999969482422,18.0,,22.31999969482422,,
7013,10.859999656677246,18.0,12.9399995803833,22.059999465942383,,
7014,10.859999656677246,18.020000457763672,,22.020000457763672,,
7015,10.720000267028809,18.1200008392334,,21.89999961853028,,
7016,10.899999618530272,18.100000381469727,,22.21999931335449,,
7017,10.779999732971191,18.059999465942383,13.359999656677246,22.1200008392334,,
7018,10.619999885559082,18.059999465942383,12.979999542236328,22.21999931335449,,
7019,10.899999618530272,18.040000915527344,13.9399995803833,22.18000030517578,,
7020,10.84000015258789,17.899999618530273,12.760000228881836,22.280000686645508,,
7021,10.800000190734863,17.959999084472656,,22.1200008392334,,
7022,10.739999771118164,17.940000534057617,14.100000381469728,22.21999931335449,,
7023,10.600000381469728,18.07999992370605,14.100000381469728,22.18000030517578,,
7024,11.0600004196167,18.13999938964844,14.0600004196167,22.26000022888184,,
7025,10.739999771118164,18.0,,22.280000686645508,,
7026,10.9399995803833,18.100000381469727,13.460000038146973,21.8799991607666,,
7027,10.84000015258789,18.07999992370605,,22.07999992370605,,
7028,10.960000038146973,17.959999084472656,13.140000343322754,22.020000457763672,,
7029,8.84000015258789,17.959999084472656,,21.86000061035156,,
7030,10.4399995803833,17.959999084472656,13.699999809265137,21.84000015258789,,
7031,10.640000343322754,18.020000457763672,,21.700000762939453,,
7032,10.600000381469728,18.040000915527344,14.020000457763672,22.059999465942383,,
7033,9.18000030517578,18.0,13.279999732971191,22.200000762939453,,
7034,10.619999885559082,17.959999084472656,13.720000267028809,22.26000022888184,,
7035,10.880000114440918,17.959999084472656,13.479999542236328,22.100000381469727,,
7036,9.279999732971191,17.84000015258789,13.34000015258789,22.239999771118164,,
7037,10.420000076293944,17.920000076293945,,21.739999771118164,,
7038,8.680000305175781,17.959999084472656,13.779999732971191,21.799999237060547,,
7039,9.140000343322754,18.0,,21.65999984741211,,
7040,10.68000030517578,18.020000457763672,,21.540000915527344,,
7041,9.5600004196167,18.020000457763672,13.260000228881836,21.89999961853028,,
7042,9.0600004196167,17.920000076293945,12.84000015258789,21.86000061035156,,
7043,11.100000381469728,18.21999931335449,,21.799999237060547,,
7044,10.84000015258789,17.979999542236328,,22.100000381469727,,
7045,10.84000015258789,18.1200008392334,13.380000114440918,21.86000061035156,,
7046,10.979999542236328,18.18000030517578,14.239999771118164,22.07999992370605,,
7047,10.899999618530272,18.18000030517578,,22.299999237060547,,
7048,10.720000267028809,18.07999992370605,13.979999542236328,22.13999938964844,,
7049,10.84000015258789,18.059999465942383,13.119999885559082,22.21999931335449,,
7050,10.859999656677246,18.059999465942383,,22.21999931335449,,
7051,9.699999809265137,18.07999992370605,12.859999656677246,22.18000030517578,,
7052,11.0600004196167,18.0,13.039999961853027,21.979999542236328,,
7053,9.81999969482422,18.059999465942383,13.260000228881836,21.71999931335449,,
7054,10.600000381469728,18.059999465942383,14.420000076293944,22.34000015258789,,
7055,9.640000343322754,18.059999465942383,13.260000228881836,22.420000076293945,,
7056,9.0600004196167,18.07999992370605,13.220000267028809,22.15999984741211,,
7057,10.859999656677246,18.15999984741211,,21.8799991607666,,
7058,10.5,18.15999984741211,13.699999809265137,21.89999961853028,,
7059,10.68000030517578,18.13999938964844,13.31999969482422,22.13999938964844,,
7060,10.84000015258789,18.020000457763672,13.300000190734863,22.100000381469727,,
7061,10.4399995803833,17.920000076293945,13.300000190734863,22.26000022888184,,
7062,10.81999969482422,17.959999084472656,13.9399995803833,21.940000534057617,,
7063,10.539999961853027,18.13999938964844,,22.100000381469727,,
7064,10.699999809265137,18.13999938964844,,22.280000686645508,,
7065,10.65999984741211,18.13999938964844,,22.280000686645508,,
7066,10.65999984741211,18.07999992370605,13.5600004196167,22.18000030517578,,
7067,10.760000228881836,18.059999465942383,,22.059999465942383,,
7068,10.979999542236328,18.459999084472656,,21.86000061035156,,
7069,10.699999809265137,18.3799991607666,13.539999961853027,21.920000076293945,,
7070,10.68000030517578,18.1200008392334,,22.0,,
7071,11.0,18.13999938964844,,22.100000381469727,,
7072,10.739999771118164,18.020000457763672,13.079999923706056,22.13999938964844,,
7073,10.699999809265137,18.15999984741211,12.9399995803833,22.26000022888184,,
7074,10.81999969482422,18.18000030517578,,22.31999969482422,,
7075,10.84000015258789,17.940000534057617,13.65999984741211,22.26000022888184,,
7076,10.859999656677246,17.979999542236328,13.460000038146973,22.239999771118164,,
7077,10.979999542236328,18.1200008392334,13.31999969482422,22.299999237060547,,
7078,,18.200000762939453,13.199999809265137,22.299999237060547,,
7079,11.020000457763672,18.459999084472656,13.420000076293944,22.239999771118164,,
7080,10.619999885559082,18.18000030517578,13.460000038146973,22.299999237060547,,
7081,10.220000267028809,18.21999931335449,13.539999961853027,22.31999969482422,,
7082,10.84000015258789,18.34000015258789,13.31999969482422,22.15999984741211,,
7083,10.520000457763672,18.200000762939453,13.359999656677246,22.280000686645508,,
7084,10.380000114440918,18.239999771118164,12.859999656677246,22.040000915527344,,
7085,10.800000190734863,17.940000534057617,,22.1200008392334,,
7086,9.359999656677246,18.440000534057617,14.100000381469728,22.31999969482422,,
7087,9.31999969482422,18.479999542236328,,22.1200008392334,,
7088,10.460000038146973,18.36000061035156,13.380000114440918,22.239999771118164,,
7089,10.760000228881836,18.31999969482422,12.65999984741211,22.280000686645508,,
7090,10.81999969482422,18.13999938964844,13.18000030517578,22.31999969482422,,
7091,10.5,18.020000457763672,13.380000114440918,22.21999931335449,,
7092,10.699999809265137,18.100000381469727,12.81999969482422,22.200000762939453,,
7093,10.600000381469728,18.280000686645508,,22.239999771118164,,
7094,10.81999969482422,18.239999771118164,13.859999656677246,22.13999938964844,,
7095,10.899999618530272,18.21999931335449,12.640000343322754,21.940000534057617,,
7096,10.800000190734863,18.26000022888184,13.420000076293944,22.34000015258789,,
7097,10.800000190734863,18.21999931335449,13.380000114440918,22.280000686645508,,
7098,10.81999969482422,18.1200008392334,12.520000457763672,22.280000686645508,,
7099,10.779999732971191,18.07999992370605,13.140000343322754,22.200000762939453,,
7100,10.899999618530272,18.07999992370605,13.220000267028809,22.21999931335449,,
7101,10.600000381469728,18.100000381469727,,22.36000061035156,,
7102,10.520000457763672,18.100000381469727,12.880000114440918,22.18000030517578,,
7103,,18.239999771118164,,22.36000061035156,,
7104,10.899999618530272,18.21999931335449,,22.239999771118164,,
7105,10.899999618530272,18.18000030517578,14.4399995803833,22.1200008392334,,
7106,10.779999732971191,17.979999542236328,13.619999885559082,22.299999237060547,,
7107,10.880000114440918,18.059999465942383,,22.200000762939453,,
7108,9.779999732971191,18.0,13.579999923706056,22.540000915527344,,
7109,11.039999961853027,18.020000457763672,14.0,22.420000076293945,,
7110,11.079999923706056,18.07999992370605,12.68000030517578,22.100000381469727,,
7111,10.920000076293944,18.059999465942383,13.119999885559082,22.280000686645508,,
7112,10.380000114440918,18.0,,22.21999931335449,,
7113,11.100000381469728,18.020000457763672,,22.280000686645508,,
7114,10.920000076293944,18.0,,22.280000686645508,,
7115,10.960000038146973,18.07999992370605,,22.39999961853028,,
7116,10.760000228881836,18.07999992370605,,22.239999771118164,,
7117,10.880000114440918,18.07999992370605,12.739999771118164,22.280000686645508,,
7118,10.800000190734863,18.040000915527344,13.81999969482422,22.479999542236328,,
7119,10.579999923706056,17.979999542236328,13.15999984741211,22.440000534057617,,
7120,10.84000015258789,18.0,,22.440000534057617,,
7121,10.84000015258789,18.0,13.300000190734863,22.299999237060547,,
7122,10.9399995803833,18.059999465942383,,22.31999969482422,,
7123,10.979999542236328,18.020000457763672,13.619999885559082,22.200000762939453,,
7124,11.0,17.959999084472656,13.380000114440918,22.200000762939453,,
7125,11.020000457763672,18.020000457763672,13.5600004196167,22.280000686645508,,
7126,10.800000190734863,18.0,13.859999656677246,22.13999938964844,,
7127,10.899999618530272,17.979999542236328,13.399999618530272,22.280000686645508,,
7128,10.619999885559082,18.0,13.779999732971191,22.200000762939453,,
7129,10.800000190734863,18.100000381469727,13.5600004196167,22.34000015258789,,
7130,10.880000114440918,18.059999465942383,,22.239999771118164,,
7131,11.100000381469728,18.0,12.84000015258789,22.13999938964844,,
7132,10.960000038146973,18.020000457763672,13.300000190734863,22.200000762939453,,
7133,10.859999656677246,18.239999771118164,13.9399995803833,22.34000015258789,,
7134,10.5,17.700000762939453,,22.21999931335449,,
7135,11.380000114440918,18.1200008392334,13.399999618530272,22.299999237060547,,
7136,11.300000190734863,18.39999961853028,13.479999542236328,22.1200008392334,,
7137,11.640000343322754,18.71999931335449,,22.200000762939453,,
7138,11.300000190734863,18.540000915527344,13.18000030517578,22.020000457763672,,
7139,11.119999885559082,18.57999992370605,,22.26000022888184,,
7140,11.220000267028809,18.520000457763672,14.420000076293944,22.07999992370605,,
7141,10.579999923706056,18.479999542236328,12.520000457763672,22.18000030517578,,
7142,11.079999923706056,18.6200008392334,,22.059999465942383,,
7143,10.039999961853027,18.34000015258789,13.920000076293944,22.040000915527344,,
7144,10.81999969482422,18.36000061035156,13.15999984741211,22.18000030517578,,
7145,10.859999656677246,18.57999992370605,13.420000076293944,22.34000015258789,,
7146,10.880000114440918,18.86000061035156,12.960000038146973,22.39999961853028,,
7147,11.15999984741211,18.959999084472656,,22.540000915527344,,
7148,10.920000076293944,18.559999465942383,13.140000343322754,22.479999542236328,,
7149,10.800000190734863,18.600000381469727,13.640000343322754,22.39999961853028,,
7150,11.0600004196167,18.6200008392334,13.31999969482422,22.479999542236328,,
7151,11.0,18.559999465942383,13.380000114440918,22.440000534057617,,
7152,10.84000015258789,18.600000381469727,13.359999656677246,22.479999542236328,,
7153,11.0,18.479999542236328,12.920000076293944,22.440000534057617,,
7154,10.859999656677246,18.34000015258789,13.359999656677246,22.479999542236328,,
7155,11.039999961853027,18.31999969482422,13.300000190734863,22.440000534057617,,
7156,9.979999542236328,18.84000015258789,13.140000343322754,22.540000915527344,,
7157,10.279999732971191,18.5,,22.39999961853028,,
7158,11.0600004196167,18.26000022888184,13.859999656677246,22.68000030517578,,
7159,10.960000038146973,18.63999938964844,,22.459999084472656,,
7160,11.020000457763672,18.520000457763672,13.479999542236328,22.68000030517578,,
7161,10.84000015258789,18.600000381469727,13.300000190734863,22.39999961853028,,
7162,11.239999771118164,18.700000762939453,13.300000190734863,22.5,,
7163,10.920000076293944,18.440000534057617,14.18000030517578,22.63999938964844,,
7164,10.979999542236328,18.440000534057617,13.0600004196167,22.39999961853028,,
7165,11.119999885559082,18.3799991607666,13.119999885559082,22.39999961853028,,
7166,11.119999885559082,18.57999992370605,12.920000076293944,22.540000915527344,,
7167,11.079999923706056,18.39999961853028,13.520000457763672,22.440000534057617,,
7168,11.260000228881836,18.26000022888184,13.539999961853027,22.39999961853028,,
7169,11.220000267028809,18.36000061035156,13.239999771118164,22.39999961853028,,
7170,12.31999969482422,18.34000015258789,12.960000038146973,22.440000534057617,,
7171,11.140000343322754,18.31999969482422,13.039999961853027,22.5,,
7172,,18.540000915527344,13.100000381469728,22.559999465942383,,
7173,11.420000076293944,18.780000686645508,13.68000030517578,22.559999465942383,,
7174,11.140000343322754,18.39999961853028,13.18000030517578,22.6200008392334,,
7175,,18.5,12.960000038146973,22.57999992370605,,
7176,11.100000381469728,18.21999931335449,12.800000190734863,22.39999961853028,,
7177,11.5,18.280000686645508,12.880000114440918,22.520000457763672,,
7178,,18.26000022888184,12.81999969482422,22.3799991607666,,
7179,11.199999809265137,18.34000015258789,13.600000381469728,22.299999237060547,,
7180,,18.479999542236328,13.119999885559082,22.459999084472656,,
7181,11.039999961853027,18.479999542236328,13.279999732971191,22.440000534057617,,
7182,10.920000076293944,18.459999084472656,13.520000457763672,22.280000686645508,,
7183,11.15999984741211,18.700000762939453,13.420000076293944,22.280000686645508,,
7184,10.899999618530272,18.76000022888184,13.4399995803833,22.31999969482422,,
7185,10.899999618530272,18.71999931335449,13.579999923706056,22.34000015258789,,
7186,11.279999732971191,18.65999984741211,13.380000114440918,22.39999961853028,,
7187,11.0,18.559999465942383,12.979999542236328,22.5,,
7188,11.199999809265137,18.440000534057617,13.18000030517578,22.520000457763672,,
7189,11.039999961853027,18.920000076293945,13.34000015258789,22.459999084472656,,
7190,11.020000457763672,18.89999961853028,13.479999542236328,22.6200008392334,,
7191,8.720000267028809,18.540000915527344,13.239999771118164,22.65999984741211,,
7192,11.079999923706056,18.420000076293945,13.899999618530272,22.71999931335449,,
7193,11.220000267028809,18.34000015258789,13.859999656677246,22.6200008392334,,
7194,,18.39999961853028,14.359999656677246,22.479999542236328,,
7195,11.119999885559082,18.520000457763672,13.34000015258789,22.559999465942383,,
7196,10.899999618530272,18.600000381469727,13.119999885559082,22.540000915527344,,
7197,11.640000343322754,18.600000381469727,13.460000038146973,22.479999542236328,,
7198,10.84000015258789,18.34000015258789,13.300000190734863,22.459999084472656,,
7199,11.039999961853027,18.459999084472656,13.420000076293944,22.459999084472656,,
7200,11.640000343322754,19.07999992370605,13.460000038146973,22.479999542236328,,
7201,12.0,18.86000061035156,13.539999961853027,22.540000915527344,,
7202,11.0600004196167,18.76000022888184,13.380000114440918,22.5,,
7203,11.9399995803833,18.600000381469727,13.020000457763672,22.459999084472656,,
7204,12.34000015258789,18.739999771118164,13.140000343322754,22.440000534057617,,
7205,11.460000038146973,18.520000457763672,13.399999618530272,22.459999084472656,,
7206,11.420000076293944,18.34000015258789,13.5600004196167,22.479999542236328,,
7207,11.140000343322754,18.920000076293945,13.779999732971191,22.520000457763672,,
7208,11.18000030517578,18.479999542236328,13.779999732971191,22.5,,
7209,11.0,18.540000915527344,13.5,22.520000457763672,,
7210,10.920000076293944,18.76000022888184,13.4399995803833,22.440000534057617,,
7211,11.300000190734863,18.84000015258789,13.279999732971191,22.479999542236328,,
7212,11.220000267028809,18.71999931335449,13.539999961853027,22.36000061035156,,
7213,11.140000343322754,18.84000015258789,,22.39999961853028,,
7214,10.899999618530272,19.280000686645508,13.520000457763672,22.459999084472656,,
7215,11.460000038146973,18.63999938964844,13.4399995803833,22.3799991607666,,
7216,11.0,18.76000022888184,13.079999923706056,22.520000457763672,,
7217,11.15999984741211,18.21999931335449,13.18000030517578,22.34000015258789,,
7218,11.15999984741211,18.18000030517578,13.520000457763672,22.600000381469727,,
7219,10.859999656677246,18.520000457763672,13.380000114440918,22.3799991607666,,
7220,10.779999732971191,18.280000686645508,13.4399995803833,22.459999084472656,,
7221,10.960000038146973,18.5,13.619999885559082,22.420000076293945,,
7222,11.100000381469728,18.459999084472656,13.84000015258789,22.520000457763672,,
7223,11.84000015258789,18.36000061035156,13.619999885559082,22.600000381469727,,
7224,11.739999771118164,18.559999465942383,13.5600004196167,22.600000381469727,,
7225,12.020000457763672,18.57999992370605,,22.68000030517578,,
7226,11.239999771118164,18.540000915527344,13.220000267028809,22.65999984741211,,
7227,11.420000076293944,18.700000762939453,13.119999885559082,22.700000762939453,,
7228,11.279999732971191,18.6200008392334,,22.3799991607666,,
7229,11.039999961853027,18.700000762939453,12.920000076293944,22.3799991607666,,
7230,10.279999732971191,18.65999984741211,12.899999618530272,22.040000915527344,,
7231,11.140000343322754,18.36000061035156,13.399999618530272,22.63999938964844,,
7232,11.34000015258789,18.34000015258789,13.31999969482422,22.6200008392334,,
7233,,18.479999542236328,,22.71999931335449,,
7234,11.399999618530272,18.559999465942383,13.600000381469728,22.71999931335449,,
7235,11.140000343322754,18.34000015258789,,22.26000022888184,,
7236,11.0,18.299999237060547,,22.200000762939453,,
7237,10.800000190734863,18.31999969482422,,22.26000022888184,,
7238,11.15999984741211,18.63999938964844,,22.239999771118164,,
7239,11.020000457763672,18.3799991607666,12.760000228881836,22.13999938964844,,
7240,11.34000015258789,18.440000534057617,13.119999885559082,22.299999237060547,,
7241,10.859999656677246,18.8799991607666,,22.059999465942383,,
7242,10.84000015258789,18.76000022888184,13.34000015258789,22.65999984741211,,
7243,10.979999542236328,19.07999992370605,13.539999961853027,22.200000762939453,,
7244,9.960000038146973,18.65999984741211,13.619999885559082,22.479999542236328,,
7245,10.239999771118164,18.600000381469727,13.699999809265137,22.700000762939453,,
7246,10.68000030517578,18.6200008392334,13.68000030517578,22.700000762939453,,
7247,,18.81999969482422,,22.76000022888184,,
7248,,18.700000762939453,13.300000190734863,22.6200008392334,,
7249,11.0,18.65999984741211,13.539999961853027,22.559999465942383,,
7250,,18.739999771118164,,22.3799991607666,,
7251,11.899999618530272,18.3799991607666,13.4399995803833,22.6200008392334,,
7252,11.619999885559082,18.34000015258789,12.84000015258789,22.57999992370605,,
7253,11.300000190734863,18.280000686645508,12.600000381469728,22.3799991607666,,
7254,11.0600004196167,18.18000030517578,12.9399995803833,22.420000076293945,,
7255,11.18000030517578,18.21999931335449,13.359999656677246,22.299999237060547,,
7256,10.899999618530272,18.21999931335449,13.5600004196167,22.63999938964844,,
7257,10.979999542236328,18.5,13.399999618530272,22.3799991607666,,
7258,11.81999969482422,18.6200008392334,14.020000457763672,22.559999465942383,,
7259,11.0,18.1200008392334,13.220000267028809,22.540000915527344,,
7260,10.9399995803833,18.200000762939453,14.020000457763672,22.63999938964844,,
7261,10.979999542236328,18.100000381469727,13.5600004196167,22.799999237060547,,
7262,10.4399995803833,18.21999931335449,,22.459999084472656,,
7263,10.960000038146973,18.440000534057617,13.84000015258789,22.280000686645508,,
7264,10.880000114440918,18.76000022888184,,22.36000061035156,,
7265,10.899999618530272,18.81999969482422,13.039999961853027,22.39999961853028,,
7266,10.920000076293944,18.440000534057617,13.619999885559082,22.57999992370605,,
7267,11.039999961853027,18.13999938964844,13.520000457763672,22.34000015258789,,
7268,11.0600004196167,18.26000022888184,13.220000267028809,22.5,,
7269,,18.600000381469727,13.619999885559082,22.520000457763672,,
7270,10.899999618530272,18.100000381469727,,22.65999984741211,,
7271,10.779999732971191,18.36000061035156,,22.36000061035156,,
7272,10.9399995803833,18.6200008392334,13.300000190734863,22.3799991607666,,
7273,10.960000038146973,18.5,12.84000015258789,22.76000022888184,,
7274,10.68000030517578,18.700000762939453,13.619999885559082,22.700000762939453,,
7275,10.920000076293944,18.459999084472656,13.65999984741211,22.559999465942383,,
7276,10.859999656677246,18.18000030517578,13.720000267028809,22.540000915527344,,
7277,11.140000343322754,18.239999771118164,13.859999656677246,22.600000381469727,,
7278,10.359999656677246,18.440000534057617,13.300000190734863,22.63999938964844,,
7279,11.800000190734863,18.280000686645508,13.720000267028809,22.600000381469727,,
7280,11.15999984741211,18.39999961853028,13.600000381469728,22.600000381469727,,
7281,10.18000030517578,18.420000076293945,13.859999656677246,22.63999938964844,,
7282,11.119999885559082,18.540000915527344,14.020000457763672,22.600000381469727,,
7283,10.220000267028809,18.39999961853028,13.800000190734863,22.479999542236328,,
7284,10.9399995803833,17.860000610351562,13.619999885559082,22.540000915527344,,
7285,11.239999771118164,18.39999961853028,13.31999969482422,22.71999931335449,,
7286,,19.299999237060547,13.399999618530272,22.76000022888184,,
7287,9.859999656677246,18.920000076293945,13.300000190734863,22.84000015258789,,
7288,11.199999809265137,19.07999992370605,13.220000267028809,22.920000076293945,,
7289,11.119999885559082,18.84000015258789,12.800000190734863,22.780000686645508,,
7290,11.220000267028809,18.39999961853028,,22.71999931335449,,
7291,11.239999771118164,18.36000061035156,13.34000015258789,22.68000030517578,,
7292,10.9399995803833,18.31999969482422,13.5600004196167,22.6200008392334,,
7293,11.100000381469728,18.940000534057617,13.859999656677246,22.63999938964844,,
7294,12.0,18.84000015258789,13.520000457763672,22.65999984741211,,
7295,10.84000015258789,18.84000015258789,,22.5,,
7296,11.5,18.81999969482422,14.479999542236328,22.600000381469727,,
7297,11.979999542236328,19.5,,22.63999938964844,,
7298,11.300000190734863,19.239999771118164,,22.39999961853028,,
7299,11.260000228881836,18.780000686645508,,22.31999969482422,,
7300,10.020000457763672,19.459999084472656,,22.600000381469727,,
7301,10.859999656677246,18.440000534057617,13.539999961853027,22.739999771118164,,
7302,11.399999618530272,18.8799991607666,12.579999923706056,22.780000686645508,,
7303,11.100000381469728,18.57999992370605,,22.799999237060547,,
7304,11.18000030517578,18.459999084472656,13.619999885559082,22.57999992370605,,
7305,,19.07999992370605,13.619999885559082,22.39999961853028,,
7306,11.380000114440918,18.81999969482422,,22.3799991607666,,
7307,10.460000038146973,18.799999237060547,,22.36000061035156,,
7308,11.420000076293944,18.86000061035156,,22.299999237060547,,
7309,11.199999809265137,18.65999984741211,,22.21999931335449,,
7310,11.380000114440918,18.65999984741211,,22.36000061035156,,
7311,11.300000190734863,18.440000534057617,,22.540000915527344,,
7312,11.140000343322754,18.540000915527344,13.5600004196167,22.63999938964844,,
7313,12.0600004196167,18.280000686645508,,22.6200008392334,,
7314,11.600000381469728,17.899999618530273,13.460000038146973,22.68000030517578,,
7315,12.399999618530272,17.979999542236328,13.359999656677246,22.57999992370605,,
7316,11.039999961853027,18.07999992370605,13.699999809265137,22.600000381469727,,
7317,12.020000457763672,18.200000762939453,,22.65999984741211,,
7318,11.399999618530272,18.39999961853028,13.5,22.68000030517578,,
7319,10.899999618530272,18.459999084472656,13.520000457763672,22.71999931335449,,
7320,11.380000114440918,18.6200008392334,,22.6200008392334,,
7321,10.9399995803833,19.13999938964844,,22.68000030517578,,
7322,11.199999809265137,19.18000030517578,,22.700000762939453,,
7323,11.300000190734863,19.020000457763672,12.979999542236328,22.540000915527344,,
7324,10.699999809265137,19.15999984741211,13.420000076293944,22.540000915527344,,
7325,11.619999885559082,19.34000015258789,13.9399995803833,22.86000061035156,,
7326,,18.89999961853028,13.619999885559082,22.600000381469727,,
7327,,18.65999984741211,13.300000190734863,22.739999771118164,,
7328,11.960000038146973,18.63999938964844,13.100000381469728,22.780000686645508,,
7329,10.720000267028809,18.39999961853028,12.539999961853027,22.84000015258789,,
7330,11.279999732971191,18.57999992370605,13.460000038146973,22.8799991607666,,
7331,11.239999771118164,18.700000762939453,,22.799999237060547,,
7332,11.34000015258789,18.57999992370605,,22.76000022888184,,
7333,11.899999618530272,18.700000762939453,14.039999961853027,22.84000015258789,,
7334,11.699999809265137,18.68000030517578,,22.71999931335449,,
7335,10.899999618530272,18.540000915527344,,22.76000022888184,,
7336,,18.540000915527344,14.279999732971191,22.780000686645508,,
7337,11.140000343322754,18.700000762939453,13.520000457763672,22.63999938964844,,
7338,11.479999542236328,19.239999771118164,,22.65999984741211,,
7339,11.380000114440918,20.299999237060547,13.479999542236328,22.479999542236328,,
7340,11.5,19.299999237060547,13.600000381469728,22.700000762939453,,
7341,11.859999656677246,18.520000457763672,13.65999984741211,22.600000381469727,,
7342,12.039999961853027,18.920000076293945,14.100000381469728,22.780000686645508,,
7343,12.34000015258789,18.799999237060547,,22.799999237060547,,
7344,11.220000267028809,18.520000457763672,,22.84000015258789,,
7345,11.699999809265137,18.739999771118164,,22.780000686645508,,
7346,11.760000228881836,18.57999992370605,13.420000076293944,22.799999237060547,,
7347,11.18000030517578,18.57999992370605,,22.81999969482422,,
7348,,18.6200008392334,13.619999885559082,22.6200008392334,,
7349,11.460000038146973,18.26000022888184,13.539999961853027,22.71999931335449,,
7350,11.300000190734863,18.420000076293945,,22.540000915527344,,
7351,11.699999809265137,20.200000762939453,,22.799999237060547,,
7352,11.260000228881836,20.200000762939453,12.880000114440918,22.8799991607666,,
7353,11.15999984741211,20.200000762939453,,22.84000015258789,,
7354,11.699999809265137,19.8799991607666,,22.799999237060547,,
7355,10.979999542236328,19.540000915527344,,22.799999237060547,,
7356,11.880000114440918,18.940000534057617,,22.799999237060547,,
7357,11.5600004196167,19.200000762939453,12.5600004196167,22.959999084472656,,
7358,10.520000457763672,18.8799991607666,13.140000343322754,22.920000076293945,,
7359,9.859999656677246,19.5,12.9399995803833,22.920000076293945,,
7360,11.220000267028809,19.18000030517578,12.65999984741211,22.940000534057617,,
7361,12.18000030517578,18.68000030517578,12.68000030517578,22.959999084472656,,
7362,12.260000228881836,18.89999961853028,12.859999656677246,23.040000915527344,,
7363,12.34000015258789,19.040000915527344,14.420000076293944,23.07999992370605,,
7364,,18.81999969482422,12.739999771118164,23.020000457763672,,
7365,11.81999969482422,19.39999961853028,,23.07999992370605,,
7366,11.699999809265137,18.89999961853028,13.9399995803833,23.0,,
7367,11.520000457763672,19.059999465942383,,23.020000457763672,,
7368,11.960000038146973,18.84000015258789,13.520000457763672,22.8799991607666,,
7369,11.65999984741211,18.63999938964844,,22.979999542236328,,
7370,11.720000267028809,18.780000686645508,12.640000343322754,22.940000534057617,,
7371,11.699999809265137,18.920000076293945,13.020000457763672,22.920000076293945,,
7372,11.4399995803833,18.940000534057617,,22.959999084472656,,
7373,11.619999885559082,18.8799991607666,14.34000015258789,22.979999542236328,,
7374,12.18000030517578,18.68000030517578,,22.920000076293945,,
7375,11.859999656677246,19.0,13.600000381469728,22.89999961853028,,
7376,11.68000030517578,19.299999237060547,13.81999969482422,22.86000061035156,,
7377,11.899999618530272,18.940000534057617,14.5,22.8799991607666,,
7378,11.720000267028809,18.81999969482422,14.18000030517578,22.81999969482422,,
7379,12.0,18.920000076293945,13.479999542236328,22.89999961853028,,
7380,11.420000076293944,18.799999237060547,,22.940000534057617,,
7381,11.460000038146973,18.6200008392334,,22.920000076293945,,
7382,11.239999771118164,18.520000457763672,13.399999618530272,23.020000457763672,,
7383,11.420000076293944,18.520000457763672,,22.979999542236328,,
7384,10.960000038146973,18.5,13.979999542236328,23.0,,
7385,10.979999542236328,18.440000534057617,12.520000457763672,22.940000534057617,,
7386,11.100000381469728,18.420000076293945,,22.979999542236328,,
7387,10.920000076293944,17.940000534057617,14.420000076293944,22.86000061035156,,
7388,11.859999656677246,18.68000030517578,12.68000030517578,23.020000457763672,,
7389,10.960000038146973,18.65999984741211,13.619999885559082,22.920000076293945,,
7390,11.0600004196167,18.700000762939453,13.619999885559082,22.979999542236328,,
7391,11.359999656677246,18.700000762939453,13.079999923706056,22.959999084472656,,
7392,11.460000038146973,18.479999542236328,14.039999961853027,22.959999084472656,,
7393,11.039999961853027,18.479999542236328,13.18000030517578,23.020000457763672,,
7394,11.0,18.299999237060547,,23.0,,
7395,11.020000457763672,18.239999771118164,,23.13999938964844,,
7396,11.359999656677246,18.39999961853028,13.020000457763672,22.979999542236328,,
7397,11.020000457763672,18.3799991607666,,23.13999938964844,,
7398,11.0600004196167,18.36000061035156,13.0600004196167,23.07999992370605,,
7399,11.0,18.34000015258789,,23.07999992370605,,
7400,11.359999656677246,18.34000015258789,,23.0,,
7401,10.9399995803833,18.39999961853028,,22.940000534057617,,
7402,10.920000076293944,18.36000061035156,13.359999656677246,22.979999542236328,,
7403,11.0600004196167,18.26000022888184,13.619999885559082,23.020000457763672,,
7404,10.9399995803833,18.299999237060547,13.880000114440918,23.020000457763672,,
7405,11.199999809265137,18.3799991607666,12.5,22.979999542236328,,
7406,11.079999923706056,18.34000015258789,14.100000381469728,22.940000534057617,,
7407,11.0,18.479999542236328,,22.979999542236328,,
7408,11.220000267028809,18.520000457763672,,23.020000457763672,,
7409,10.920000076293944,18.420000076293945,,22.920000076293945,,
7410,11.140000343322754,18.479999542236328,13.359999656677246,22.89999961853028,,
7411,10.84000015258789,18.31999969482422,,22.89999961853028,,
7412,11.140000343322754,18.3799991607666,,22.8799991607666,,
7413,10.760000228881836,18.63999938964844,,22.81999969482422,,
7414,10.9399995803833,18.479999542236328,,22.8799991607666,,
7415,10.979999542236328,18.440000534057617,14.199999809265137,22.920000076293945,,
7416,11.039999961853027,18.18000030517578,,23.0,,
7417,10.5600004196167,18.540000915527344,,22.959999084472656,,
7418,10.800000190734863,18.39999961853028,,22.86000061035156,,
7419,10.960000038146973,18.420000076293945,,22.8799991607666,,
7420,11.0,18.440000534057617,,22.920000076293945,,
7421,11.020000457763672,18.36000061035156,14.420000076293944,22.84000015258789,,
7422,11.0600004196167,18.5,,23.059999465942383,,
7423,11.119999885559082,18.57999992370605,,22.89999961853028,,
7424,11.100000381469728,18.459999084472656,,22.780000686645508,,
7425,10.920000076293944,18.440000534057617,14.34000015258789,22.84000015258789,,
7426,11.68000030517578,18.31999969482422,,22.86000061035156,,
7427,11.039999961853027,18.420000076293945,13.859999656677246,22.780000686645508,,
7428,11.15999984741211,18.3799991607666,14.380000114440918,22.8799991607666,,
7429,11.18000030517578,18.479999542236328,14.420000076293944,22.89999961853028,,
7430,11.020000457763672,18.34000015258789,,23.100000381469727,,
7431,10.859999656677246,18.3799991607666,14.300000190734863,23.020000457763672,,
7432,10.880000114440918,18.3799991607666,,22.940000534057617,,
7433,10.920000076293944,18.39999961853028,,22.979999542236328,,
7434,10.880000114440918,18.26000022888184,,23.280000686645508,,
7435,10.5,18.36000061035156,13.84000015258789,22.89999961853028,,
7436,10.260000228881836,18.559999465942383,13.960000038146973,23.18000030517578,,
7437,12.079999923706056,18.86000061035156,14.0600004196167,23.059999465942383,,
7438,10.979999542236328,19.1200008392334,13.9399995803833,23.239999771118164,,
7439,10.399999618530272,19.3799991607666,13.199999809265137,23.21999931335449,,
7440,11.260000228881836,18.920000076293945,14.479999542236328,23.0,,
7441,10.81999969482422,18.6200008392334,12.800000190734863,23.239999771118164,,
7442,10.920000076293944,18.600000381469727,,23.040000915527344,,
7443,11.520000457763672,18.479999542236328,,23.100000381469727,,
7444,11.0600004196167,18.76000022888184,,23.040000915527344,,
7445,11.140000343322754,18.63999938964844,,23.1200008392334,,
7446,11.899999618530272,18.71999931335449,,23.21999931335449,,
7447,11.119999885559082,18.700000762939453,,23.13999938964844,,
7448,11.0600004196167,18.540000915527344,,23.299999237060547,,
7449,11.399999618530272,18.700000762939453,,23.059999465942383,,
7450,10.979999542236328,18.780000686645508,,23.0,,
7451,10.9399995803833,18.65999984741211,13.479999542236328,22.959999084472656,,
7452,10.899999618530272,18.479999542236328,,23.0,,
7453,10.960000038146973,18.39999961853028,13.9399995803833,23.040000915527344,,
7454,11.220000267028809,18.479999542236328,,23.100000381469727,,
7455,11.300000190734863,18.26000022888184,,23.18000030517578,,
7456,11.119999885559082,18.239999771118164,14.31999969482422,23.1200008392334,,
7457,11.4399995803833,18.21999931335449,12.979999542236328,23.18000030517578,,
7458,11.260000228881836,18.5,,23.040000915527344,,
7459,11.220000267028809,18.459999084472656,,23.13999938964844,,
7460,10.979999542236328,18.21999931335449,13.539999961853027,23.21999931335449,,
7461,10.960000038146973,18.34000015258789,14.420000076293944,23.040000915527344,,
7462,10.739999771118164,18.31999969482422,14.34000015258789,23.13999938964844,,
7463,11.020000457763672,18.239999771118164,14.140000343322754,23.100000381469727,,
7464,11.68000030517578,18.39999961853028,13.65999984741211,23.07999992370605,,
7465,10.899999618530272,18.3799991607666,,23.200000762939453,,
7466,11.140000343322754,18.39999961853028,,23.100000381469727,,
7467,11.539999961853027,18.540000915527344,14.220000267028809,23.13999938964844,,
7468,12.260000228881836,18.57999992370605,,23.07999992370605,,
7469,12.140000343322754,18.76000022888184,14.220000267028809,23.13999938964844,,
7470,12.079999923706056,18.940000534057617,,23.18000030517578,,
7471,11.5,18.940000534057617,14.4399995803833,23.040000915527344,,
7472,11.260000228881836,18.6200008392334,13.720000267028809,23.13999938964844,,
7473,10.979999542236328,18.799999237060547,,23.18000030517578,,
7474,10.9399995803833,18.780000686645508,,23.07999992370605,,
7475,10.920000076293944,18.799999237060547,13.979999542236328,23.200000762939453,,
7476,11.460000038146973,18.780000686645508,13.579999923706056,23.100000381469727,,
7477,10.9399995803833,18.6200008392334,13.640000343322754,23.239999771118164,,
7478,11.579999923706056,18.6200008392334,13.760000228881836,23.18000030517578,,
7479,11.720000267028809,18.600000381469727,13.9399995803833,23.200000762939453,,
7480,11.239999771118164,18.559999465942383,,23.100000381469727,,
7481,,18.479999542236328,,23.18000030517578,,
7482,11.34000015258789,18.5,13.65999984741211,23.200000762939453,,
7483,11.220000267028809,18.39999961853028,13.420000076293944,23.26000022888184,,
7484,11.140000343322754,18.420000076293945,13.9399995803833,23.13999938964844,,
7485,11.239999771118164,18.239999771118164,13.720000267028809,23.13999938964844,,
7486,11.039999961853027,18.18000030517578,14.15999984741211,23.18000030517578,,
7487,10.979999542236328,18.31999969482422,14.079999923706056,23.18000030517578,,
7488,10.779999732971191,18.299999237060547,13.859999656677246,23.34000015258789,,
7489,10.65999984741211,18.440000534057617,13.920000076293944,23.18000030517578,,
7490,10.979999542236328,18.3799991607666,14.0600004196167,23.200000762939453,,
7491,11.239999771118164,18.39999961853028,14.0,23.18000030517578,,
7492,11.220000267028809,18.65999984741211,13.380000114440918,23.299999237060547,,
7493,,18.540000915527344,13.779999732971191,23.299999237060547,,
7494,10.960000038146973,18.3799991607666,13.420000076293944,23.459999084472656,,
7495,10.880000114440918,18.540000915527344,13.460000038146973,23.559999465942383,,
7496,10.859999656677246,18.559999465942383,14.020000457763672,23.420000076293945,,
7497,11.100000381469728,18.5,13.640000343322754,23.559999465942383,,
7498,11.079999923706056,18.3799991607666,13.619999885559082,23.31999969482422,,
7499,10.979999542236328,18.39999961853028,13.859999656677246,23.34000015258789,,
7500,10.899999618530272,18.600000381469727,13.520000457763672,23.18000030517578,,
7501,10.199999809265137,18.63999938964844,13.479999542236328,23.34000015258789,,
7502,10.960000038146973,18.520000457763672,13.859999656677246,23.34000015258789,,
7503,10.9399995803833,18.39999961853028,13.220000267028809,23.040000915527344,,
7504,10.84000015258789,18.5,13.260000228881836,23.200000762939453,,
7505,10.760000228881836,18.76000022888184,13.34000015258789,23.040000915527344,,
7506,10.979999542236328,18.71999931335449,12.699999809265137,23.020000457763672,,
7507,10.84000015258789,18.540000915527344,,23.040000915527344,,
7508,11.079999923706056,18.479999542236328,12.539999961853027,23.040000915527344,,
7509,11.079999923706056,18.34000015258789,13.100000381469728,23.020000457763672,,
7510,11.039999961853027,18.440000534057617,13.619999885559082,23.200000762939453,,
7511,10.899999618530272,18.479999542236328,13.460000038146973,22.959999084472656,,
7512,10.979999542236328,18.479999542236328,13.460000038146973,23.13999938964844,,
7513,11.140000343322754,18.479999542236328,13.699999809265137,23.459999084472656,,
7514,10.979999542236328,18.39999961853028,13.579999923706056,23.200000762939453,,
7515,10.920000076293944,18.540000915527344,13.84000015258789,23.239999771118164,,
7516,11.119999885559082,18.39999961853028,13.720000267028809,23.34000015258789,,
7517,11.020000457763672,18.239999771118164,13.520000457763672,23.31999969482422,,
7518,11.460000038146973,18.36000061035156,13.5,23.18000030517578,,
7519,11.020000457763672,18.280000686645508,12.84000015258789,23.13999938964844,,
7520,10.920000076293944,18.299999237060547,13.359999656677246,23.1200008392334,,
7521,11.0,18.239999771118164,12.960000038146973,23.07999992370605,,
7522,10.81999969482422,18.239999771118164,12.720000267028809,23.07999992370605,,
7523,12.5600004196167,18.299999237060547,13.479999542236328,23.13999938964844,,
7524,10.81999969482422,18.31999969482422,12.859999656677246,23.13999938964844,,
7525,11.079999923706056,18.5,13.68000030517578,23.239999771118164,,
7526,12.34000015258789,18.280000686645508,,23.13999938964844,,
7527,11.520000457763672,18.440000534057617,,23.13999938964844,,
7528,11.779999732971191,18.07999992370605,13.9399995803833,23.100000381469727,,
7529,11.760000228881836,18.1200008392334,13.0,23.1200008392334,,
7530,11.539999961853027,17.979999542236328,13.5600004196167,23.13999938964844,,
7531,,18.68000030517578,13.640000343322754,23.239999771118164,,
7532,11.31999969482422,18.0,14.31999969482422,23.15999984741211,,
7533,11.239999771118164,18.26000022888184,13.720000267028809,23.18000030517578,,
7534,11.420000076293944,18.200000762939453,13.880000114440918,23.13999938964844,,
7535,14.300000190734863,18.100000381469727,14.199999809265137,23.07999992370605,,
7536,9.079999923706056,18.280000686645508,,23.13999938964844,,
7537,11.0600004196167,17.979999542236328,13.979999542236328,23.13999938964844,,
7538,10.68000030517578,18.07999992370605,,23.100000381469727,,
7539,9.579999923706056,18.059999465942383,13.460000038146973,23.07999992370605,,
7540,10.760000228881836,18.26000022888184,13.699999809265137,23.100000381469727,,
7541,10.84000015258789,18.13999938964844,13.460000038146973,23.100000381469727,,
7542,10.579999923706056,18.13999938964844,13.34000015258789,23.07999992370605,,
7543,11.479999542236328,18.13999938964844,13.739999771118164,23.040000915527344,,
7544,11.100000381469728,18.15999984741211,13.279999732971191,23.040000915527344,,
7545,10.640000343322754,18.15999984741211,13.5600004196167,23.1200008392334,,
7546,10.739999771118164,18.059999465942383,13.739999771118164,23.040000915527344,,
7547,10.65999984741211,18.07999992370605,13.65999984741211,23.100000381469727,,
7548,10.760000228881836,17.84000015258789,13.539999961853027,23.07999992370605,,
7549,11.800000190734863,18.040000915527344,12.720000267028809,23.18000030517578,,
7550,11.079999923706056,18.020000457763672,,23.100000381469727,,
7551,11.140000343322754,18.059999465942383,12.68000030517578,23.040000915527344,,
7552,10.979999542236328,18.040000915527344,13.079999923706056,23.059999465942383,,
7553,10.5,18.059999465942383,12.81999969482422,23.07999992370605,,
7554,,18.059999465942383,13.31999969482422,23.040000915527344,,
7555,11.039999961853027,18.31999969482422,14.140000343322754,23.100000381469727,,
7556,10.979999542236328,18.559999465942383,13.68000030517578,23.18000030517578,,
7557,11.0,18.36000061035156,13.739999771118164,23.13999938964844,,
7558,11.5,18.39999961853028,13.619999885559082,23.239999771118164,,
7559,10.979999542236328,18.440000534057617,13.880000114440918,23.26000022888184,,
7560,10.880000114440918,18.280000686645508,13.979999542236328,23.26000022888184,,
7561,10.979999542236328,18.559999465942383,14.039999961853027,23.200000762939453,,
7562,10.960000038146973,18.459999084472656,14.119999885559082,23.239999771118164,,
7563,10.859999656677246,18.39999961853028,,23.18000030517578,,
7564,11.119999885559082,18.31999969482422,,23.13999938964844,,
7565,11.380000114440918,18.459999084472656,13.479999542236328,23.13999938964844,,
7566,10.899999618530272,18.299999237060547,14.34000015258789,23.13999938964844,,
7567,11.079999923706056,18.3799991607666,13.84000015258789,23.13999938964844,,
7568,11.279999732971191,18.559999465942383,14.520000457763672,23.200000762939453,,
7569,10.920000076293944,18.459999084472656,,23.13999938964844,,
7570,11.039999961853027,18.420000076293945,13.9399995803833,23.13999938964844,,
7571,11.140000343322754,18.920000076293945,,23.15999984741211,,
7572,11.100000381469728,18.84000015258789,,23.18000030517578,,
7573,11.18000030517578,18.780000686645508,,23.239999771118164,,
7574,11.300000190734863,18.81999969482422,13.720000267028809,23.26000022888184,,
7575,11.5,18.459999084472656,14.260000228881836,23.13999938964844,,
7576,11.18000030517578,18.6200008392334,14.100000381469728,23.200000762939453,,
7577,10.859999656677246,18.700000762939453,13.31999969482422,23.36000061035156,,
7578,12.420000076293944,19.020000457763672,14.18000030517578,23.18000030517578,,
7579,11.039999961853027,18.76000022888184,,23.1200008392334,,
7580,11.15999984741211,18.559999465942383,13.65999984741211,23.31999969482422,,
7581,10.960000038146973,18.559999465942383,14.039999961853027,23.18000030517578,,
7582,11.020000457763672,18.39999961853028,13.279999732971191,23.26000022888184,,
7583,10.9399995803833,18.5,13.880000114440918,23.459999084472656,,
7584,10.9399995803833,18.6200008392334,14.079999923706056,23.200000762939453,,
7585,10.920000076293944,18.5,13.34000015258789,23.34000015258789,,
7586,10.84000015258789,18.5,14.100000381469728,23.26000022888184,,
7587,10.979999542236328,18.299999237060547,,23.36000061035156,,
7588,11.0,18.63999938964844,,23.3799991607666,,
7589,11.720000267028809,18.6200008392334,,23.459999084472656,,
7590,10.899999618530272,18.31999969482422,,23.34000015258789,,
7591,10.920000076293944,18.280000686645508,,23.440000534057617,,
7592,10.9399995803833,18.540000915527344,13.699999809265137,23.68000030517578,,
7593,10.920000076293944,18.5,,23.280000686645508,,
7594,10.920000076293944,18.5,13.960000038146973,23.26000022888184,,
7595,11.15999984741211,18.520000457763672,14.119999885559082,23.34000015258789,,
7596,11.15999984741211,18.420000076293945,,23.299999237060547,,
7597,,,13.640000343322754,23.440000534057617,,
7598,11.739999771118164,18.31999969482422,,23.479999542236328,,
7599,10.979999542236328,18.280000686645508,14.039999961853027,23.280000686645508,,
7600,10.9399995803833,18.36000061035156,13.5600004196167,23.440000534057617,,
7601,10.920000076293944,18.420000076293945,13.859999656677246,23.34000015258789,,
7602,11.380000114440918,18.459999084472656,13.220000267028809,23.299999237060547,,
7603,11.020000457763672,18.280000686645508,,23.239999771118164,,
7604,11.0600004196167,18.36000061035156,,23.280000686645508,,
7605,11.300000190734863,18.5,14.18000030517578,23.299999237060547,,
7606,11.539999961853027,18.459999084472656,,23.13999938964844,,
7607,11.140000343322754,18.21999931335449,,23.239999771118164,,
7608,11.460000038146973,18.280000686645508,14.4399995803833,23.280000686645508,,
7609,11.779999732971191,18.440000534057617,,23.18000030517578,,
7610,11.18000030517578,18.479999542236328,14.420000076293944,23.07999992370605,,
7611,12.220000267028809,18.57999992370605,,23.26000022888184,,
7612,11.220000267028809,18.3799991607666,14.18000030517578,23.200000762939453,,
7613,11.100000381469728,18.15999984741211,13.619999885559082,23.239999771118164,,
7614,10.520000457763672,18.280000686645508,13.859999656677246,23.13999938964844,,
7615,10.960000038146973,18.18000030517578,13.760000228881836,23.07999992370605,,
7616,11.039999961853027,18.280000686645508,,23.18000030517578,,
7617,10.979999542236328,18.420000076293945,,23.34000015258789,,
7618,11.15999984741211,18.31999969482422,,23.31999969482422,,
7619,11.0600004196167,18.34000015258789,13.260000228881836,23.36000061035156,,
7620,11.300000190734863,18.440000534057617,,23.280000686645508,,
7621,11.760000228881836,18.21999931335449,,23.5,,
7622,10.880000114440918,18.479999542236328,,23.299999237060547,,
7623,10.979999542236328,18.459999084472656,,23.5,,
7624,11.0,18.31999969482422,,23.280000686645508,,
7625,10.9399995803833,18.31999969482422,14.15999984741211,23.36000061035156,,
7626,11.199999809265137,18.15999984741211,14.199999809265137,23.239999771118164,,
7627,10.84000015258789,18.21999931335449,,23.299999237060547,,
7628,10.81999969482422,18.100000381469727,,23.15999984741211,,
7629,10.880000114440918,18.059999465942383,,23.15999984741211,,
7630,10.9399995803833,18.07999992370605,,23.21999931335449,,
7631,9.279999732971191,18.13999938964844,,23.31999969482422,,
7632,10.899999618530272,18.100000381469727,12.84000015258789,23.13999938964844,,
7633,10.800000190734863,18.07999992370605,,23.13999938964844,,
7634,9.380000114440918,18.07999992370605,,23.13999938964844,,
7635,11.100000381469728,18.100000381469727,,23.31999969482422,,
7636,11.039999961853027,18.13999938964844,,23.3799991607666,,
7637,10.220000267028809,18.18000030517578,,23.26000022888184,,
7638,10.81999969482422,18.18000030517578,,23.39999961853028,,
7639,11.079999923706056,18.21999931335449,,23.31999969482422,,
7640,,18.15999984741211,,23.26000022888184,,
7641,10.979999542236328,18.21999931335449,,23.299999237060547,,
7642,10.5600004196167,18.13999938964844,,23.299999237060547,,
7643,11.15999984741211,18.239999771118164,,23.39999961853028,,
7644,11.119999885559082,18.26000022888184,,23.31999969482422,,
7645,11.079999923706056,18.31999969482422,,23.26000022888184,,
7646,11.619999885559082,18.540000915527344,,23.34000015258789,,
7647,11.579999923706056,18.739999771118164,14.31999969482422,23.3799991607666,,
7648,11.300000190734863,18.700000762939453,,23.36000061035156,,
7649,11.420000076293944,18.8799991607666,,23.299999237060547,,
7650,11.359999656677246,18.71999931335449,,23.420000076293945,,
7651,11.479999542236328,18.68000030517578,,23.280000686645508,,
7652,11.34000015258789,18.71999931335449,,23.36000061035156,,
7653,11.220000267028809,18.63999938964844,12.979999542236328,23.36000061035156,,
7654,11.65999984741211,19.1200008392334,13.460000038146973,23.34000015258789,,
7655,11.399999618530272,18.86000061035156,,23.36000061035156,,
7656,11.399999618530272,19.0,,23.31999969482422,,
7657,11.300000190734863,19.059999465942383,,23.34000015258789,,
7658,11.239999771118164,18.940000534057617,14.520000457763672,23.31999969482422,,
7659,11.34000015258789,18.8799991607666,,23.26000022888184,,
7660,11.800000190734863,18.920000076293945,13.880000114440918,23.34000015258789,,
7661,11.359999656677246,18.959999084472656,,23.3799991607666,,
7662,11.0600004196167,18.920000076293945,,23.520000457763672,,
7663,10.899999618530272,18.739999771118164,13.279999732971191,23.440000534057617,,
7664,10.9399995803833,18.5,13.380000114440918,23.479999542236328,,
7665,10.380000114440918,18.479999542236328,14.260000228881836,23.3799991607666,,
7666,11.359999656677246,18.600000381469727,12.899999618530272,23.39999961853028,,
7667,11.100000381469728,18.600000381469727,13.640000343322754,23.420000076293945,,
7668,11.18000030517578,18.479999542236328,14.100000381469728,23.39999961853028,,
7669,11.0600004196167,18.5,,23.39999961853028,,
7670,10.800000190734863,18.540000915527344,14.260000228881836,23.18000030517578,,
7671,11.760000228881836,18.479999542236328,,23.100000381469727,,
7672,11.079999923706056,18.540000915527344,,23.280000686645508,,
7673,10.640000343322754,18.5,12.739999771118164,23.34000015258789,,
7674,10.520000457763672,18.520000457763672,12.760000228881836,23.18000030517578,,
7675,10.100000381469728,18.780000686645508,,23.34000015258789,,
7676,10.899999618530272,18.540000915527344,,23.57999992370605,,
7677,11.720000267028809,18.799999237060547,13.460000038146973,23.440000534057617,,
7678,11.119999885559082,18.71999931335449,,23.36000061035156,,
7679,11.359999656677246,18.63999938964844,,23.280000686645508,,
7680,11.18000030517578,18.5,,23.299999237060547,,
7681,11.0600004196167,18.559999465942383,13.300000190734863,23.540000915527344,,
7682,11.640000343322754,18.63999938964844,,23.299999237060547,,
7683,10.619999885559082,18.559999465942383,,23.36000061035156,,
7684,10.880000114440918,18.520000457763672,14.100000381469728,23.21999931335449,,
7685,12.18000030517578,18.6200008392334,,23.459999084472656,,
7686,12.4399995803833,18.81999969482422,,23.020000457763672,,
7687,11.279999732971191,18.780000686645508,13.9399995803833,22.89999961853028,,
7688,11.5,18.780000686645508,,23.07999992370605,,
7689,10.920000076293944,18.63999938964844,13.15999984741211,23.36000061035156,,
7690,11.399999618530272,18.63999938964844,,23.31999969482422,,
7691,11.34000015258789,18.780000686645508,,23.3799991607666,,
7692,11.779999732971191,18.63999938964844,,23.36000061035156,,
7693,11.720000267028809,18.76000022888184,,23.36000061035156,,
7694,11.039999961853027,18.540000915527344,,23.36000061035156,,
7695,11.18000030517578,18.81999969482422,,23.540000915527344,,
7696,11.039999961853027,18.76000022888184,,23.36000061035156,,
7697,11.079999923706056,18.780000686645508,,23.420000076293945,,
7698,11.140000343322754,18.799999237060547,,23.36000061035156,,
7699,11.300000190734863,18.739999771118164,,23.3799991607666,,
7700,12.34000015258789,18.940000534057617,,23.3799991607666,,
7701,11.220000267028809,19.13999938964844,,23.459999084472656,,
7702,10.960000038146973,19.020000457763672,,23.5,,
7703,12.100000381469728,19.020000457763672,,23.479999542236328,,
7704,12.420000076293944,18.959999084472656,,23.65999984741211,,
7705,11.619999885559082,18.86000061035156,,23.65999984741211,,
7706,11.420000076293944,19.0,,23.479999542236328,,
7707,11.380000114440918,18.940000534057617,,23.440000534057617,,
7708,11.359999656677246,19.100000381469727,,23.440000534057617,,
7709,11.100000381469728,18.959999084472656,,23.65999984741211,,
7710,11.4399995803833,18.979999542236328,,23.420000076293945,,
7711,11.300000190734863,18.780000686645508,,23.540000915527344,,
7712,11.65999984741211,18.739999771118164,,23.299999237060547,,
7713,10.859999656677246,18.700000762939453,,23.440000534057617,,
7714,10.979999542236328,18.57999992370605,,23.059999465942383,,
7715,10.859999656677246,18.63999938964844,,23.440000534057617,,
7716,10.979999542236328,18.76000022888184,,23.39999961853028,,
7717,11.5600004196167,18.559999465942383,13.640000343322754,23.459999084472656,,
7718,11.380000114440918,18.63999938964844,,23.479999542236328,,
7719,10.600000381469728,18.739999771118164,,23.540000915527344,,
7720,10.760000228881836,18.780000686645508,12.760000228881836,23.3799991607666,,
7721,11.020000457763672,18.86000061035156,13.300000190734863,23.459999084472656,,
7722,9.9399995803833,19.100000381469727,,23.520000457763672,,
7723,10.520000457763672,19.040000915527344,,23.700000762939453,,
7724,11.140000343322754,19.200000762939453,,23.31999969482422,,
7725,11.0600004196167,18.89999961853028,,23.39999961853028,,
7726,10.619999885559082,18.57999992370605,,23.18000030517578,,
7727,11.140000343322754,18.8799991607666,,23.479999542236328,,
7728,11.079999923706056,18.39999961853028,,23.3799991607666,,
7729,11.119999885559082,18.780000686645508,14.260000228881836,23.31999969482422,,
7730,11.18000030517578,18.8799991607666,,23.34000015258789,,
7731,11.15999984741211,18.700000762939453,,23.39999961853028,,
7732,11.020000457763672,18.71999931335449,,23.26000022888184,,
7733,11.140000343322754,18.3799991607666,13.699999809265137,23.31999969482422,,
7734,10.779999732971191,18.459999084472656,,23.459999084472656,,
7735,10.84000015258789,18.6200008392334,13.65999984741211,23.440000534057617,,
7736,10.84000015258789,19.420000076293945,,23.39999961853028,,
7737,11.199999809265137,19.5,,23.420000076293945,,
7738,11.199999809265137,19.76000022888184,12.68000030517578,23.39999961853028,,
7739,12.199999809265137,19.31999969482422,,23.280000686645508,,
7740,11.460000038146973,19.799999237060547,,23.36000061035156,,
7741,11.420000076293944,19.81999969482422,,23.21999931335449,,
7742,11.600000381469728,19.600000381469727,,23.440000534057617,,
7743,11.619999885559082,19.520000457763672,,23.040000915527344,,
7744,10.739999771118164,19.600000381469727,,23.26000022888184,,
7745,11.739999771118164,19.31999969482422,,23.020000457763672,,
7746,10.079999923706056,19.100000381469727,,23.3799991607666,,
7747,11.279999732971191,19.020000457763672,,23.520000457763672,,
7748,11.0,19.059999465942383,,23.600000381469727,,
7749,11.34000015258789,19.3799991607666,,23.57999992370605,,
7750,11.0,19.26000022888184,,23.540000915527344,,
7751,11.18000030517578,19.39999961853028,,23.68000030517578,,
7752,9.739999771118164,19.1200008392334,13.720000267028809,23.36000061035156,,
7753,11.359999656677246,19.26000022888184,,23.459999084472656,,
7754,11.359999656677246,19.299999237060547,13.699999809265137,23.280000686645508,,
7755,10.18000030517578,19.18000030517578,,23.299999237060547,,
7756,11.020000457763672,19.1200008392334,,23.459999084472656,,
7757,11.199999809265137,19.5,,23.239999771118164,,
7758,11.199999809265137,19.280000686645508,,23.21999931335449,,
7759,11.31999969482422,19.280000686645508,,23.5,,
7760,11.34000015258789,19.239999771118164,,23.13999938964844,,
7761,11.199999809265137,19.299999237060547,14.140000343322754,23.34000015258789,,
7762,11.4399995803833,19.18000030517578,,23.299999237060547,,
7763,11.9399995803833,19.100000381469727,,23.200000762939453,,
7764,11.579999923706056,18.940000534057617,,23.21999931335449,,
7765,12.0,18.89999961853028,,23.5,,
7766,11.619999885559082,18.68000030517578,,23.31999969482422,,
7767,12.800000190734863,18.8799991607666,12.5600004196167,23.63999938964844,,
7768,11.760000228881836,18.940000534057617,,23.36000061035156,,
7769,13.31999969482422,18.71999931335449,,23.739999771118164,,
7770,13.279999732971191,19.07999992370605,,23.26000022888184,,
7771,11.81999969482422,19.100000381469727,,23.040000915527344,,
7772,11.65999984741211,19.239999771118164,,22.8799991607666,,
7773,13.199999809265137,19.07999992370605,,23.059999465942383,,
7774,11.899999618530272,19.39999961853028,,23.0,,
7775,11.539999961853027,19.280000686645508,14.199999809265137,22.459999084472656,,
7776,11.779999732971191,19.63999938964844,,23.459999084472656,,
7777,11.0600004196167,19.8799991607666,,23.63999938964844,,
7778,11.380000114440918,20.780000686645508,,23.5,,
7779,11.420000076293944,19.8799991607666,,23.3799991607666,,
7780,11.600000381469728,20.18000030517578,,23.280000686645508,,
7781,11.640000343322754,19.81999969482422,,22.979999542236328,,
7782,11.600000381469728,19.299999237060547,,23.13999938964844,,
7783,11.600000381469728,19.31999969482422,,23.059999465942383,,
7784,11.4399995803833,19.84000015258789,,23.21999931335449,,
7785,11.140000343322754,19.39999961853028,,23.1200008392334,,
7786,11.119999885559082,19.39999961853028,,23.239999771118164,,
7787,12.720000267028809,20.18000030517578,,22.89999961853028,,
7788,11.420000076293944,19.959999084472656,,23.13999938964844,,
7789,11.600000381469728,19.6200008392334,,23.15999984741211,,
7790,12.380000114440918,19.86000061035156,,23.34000015258789,,
7791,13.81999969482422,19.57999992370605,,23.200000762939453,,
7792,11.880000114440918,19.600000381469727,,23.63999938964844,,
7793,13.960000038146973,19.739999771118164,,23.3799991607666,,
7794,13.239999771118164,19.81999969482422,,23.600000381469727,,
7795,12.68000030517578,19.76000022888184,,23.18000030517578,,
7796,13.9399995803833,19.8799991607666,,23.15999984741211,,
7797,11.220000267028809,19.940000534057617,13.739999771118164,23.15999984741211,,
7798,12.579999923706056,20.15999984741211,,22.8799991607666,,
7799,11.239999771118164,19.8799991607666,,23.81999969482422,,
7800,10.579999923706056,19.84000015258789,,23.059999465942383,,
7801,11.880000114440918,20.68000030517578,,23.18000030517578,,
7802,11.380000114440918,20.520000457763672,,22.8799991607666,,
7803,12.760000228881836,19.959999084472656,12.979999542236328,23.040000915527344,,
7804,11.84000015258789,19.979999542236328,12.520000457763672,23.280000686645508,,
7805,10.760000228881836,19.71999931335449,13.079999923706056,23.5,,
7806,11.0600004196167,19.81999969482422,,23.63999938964844,,
7807,11.399999618530272,19.780000686645508,,23.600000381469727,,
7808,11.31999969482422,19.780000686645508,,23.34000015258789,,
7809,10.81999969482422,19.65999984741211,,23.520000457763672,,
7810,13.399999618530272,19.6200008392334,,23.6200008392334,,
7811,11.779999732971191,19.57999992370605,,23.57999992370605,,
7812,12.579999923706056,19.559999465942383,,23.559999465942383,,
7813,12.34000015258789,19.280000686645508,,23.600000381469727,,
7814,12.020000457763672,19.13999938964844,,23.6200008392334,,
7815,12.68000030517578,19.059999465942383,,23.3799991607666,,
7816,,19.540000915527344,,23.559999465942383,,
7817,10.81999969482422,19.420000076293945,,23.520000457763672,,
7818,11.34000015258789,19.39999961853028,,23.86000061035156,,
7819,13.5600004196167,19.280000686645508,,23.479999542236328,,
7820,12.520000457763672,19.420000076293945,,23.39999961853028,,
7821,12.420000076293944,19.459999084472656,,23.299999237060547,,
7822,11.579999923706056,19.31999969482422,14.260000228881836,23.57999992370605,,
7823,12.31999969482422,19.15999984741211,12.760000228881836,23.280000686645508,,
7824,11.199999809265137,19.440000534057617,,23.3799991607666,,
7825,11.65999984741211,19.71999931335449,,23.26000022888184,,
7826,11.0600004196167,19.5,,23.3799991607666,,
7827,11.579999923706056,19.36000061035156,,23.63999938964844,,
7828,11.800000190734863,19.200000762939453,,23.39999961853028,,
7829,,18.68000030517578,,23.68000030517578,,
7830,12.039999961853027,18.940000534057617,13.979999542236328,23.420000076293945,,
7831,11.760000228881836,18.940000534057617,,23.34000015258789,,
7832,,19.1200008392334,14.100000381469728,23.3799991607666,,
7833,11.460000038146973,18.8799991607666,,23.459999084472656,,
7834,12.020000457763672,18.86000061035156,14.420000076293944,23.420000076293945,,
7835,12.460000038146973,19.059999465942383,14.399999618530272,23.63999938964844,,
7836,11.800000190734863,19.059999465942383,,23.420000076293945,,
7837,11.779999732971191,19.059999465942383,14.119999885559082,23.459999084472656,,
7838,11.520000457763672,19.13999938964844,,23.200000762939453,,
7839,11.31999969482422,19.299999237060547,,23.479999542236328,,
7840,11.9399995803833,19.15999984741211,,23.420000076293945,,
7841,10.640000343322754,19.18000030517578,,23.5,,
7842,11.899999618530272,18.940000534057617,,23.239999771118164,,
7843,11.979999542236328,19.059999465942383,,23.39999961853028,,
7844,10.640000343322754,19.239999771118164,,23.299999237060547,,
7845,11.5600004196167,19.26000022888184,,23.26000022888184,,
7846,12.0600004196167,19.239999771118164,13.300000190734863,23.3799991607666,,
7847,12.100000381469728,19.299999237060547,,23.420000076293945,,
7848,11.720000267028809,18.959999084472656,14.0600004196167,23.18000030517578,,
7849,11.140000343322754,19.07999992370605,12.979999542236328,23.76000022888184,,
7850,11.800000190734863,19.1200008392334,14.279999732971191,23.63999938964844,,
7851,11.539999961853027,19.559999465942383,12.81999969482422,23.15999984741211,,
7852,10.479999542236328,19.5,13.5600004196167,23.020000457763672,,
7853,12.420000076293944,20.040000915527344,,23.1200008392334,,
7854,11.739999771118164,19.8799991607666,13.5600004196167,22.979999542236328,,
7855,12.68000030517578,19.540000915527344,13.619999885559082,23.15999984741211,,
7856,12.920000076293944,19.239999771118164,,23.15999984741211,,
7857,10.739999771118164,19.299999237060547,14.420000076293944,23.26000022888184,,
7858,10.81999969482422,19.68000030517578,,23.280000686645508,,
7859,10.899999618530272,19.940000534057617,,23.059999465942383,,
7860,10.699999809265137,19.57999992370605,,23.3799991607666,,
7861,11.239999771118164,19.71999931335449,,23.34000015258789,,
7862,13.640000343322754,19.36000061035156,,23.34000015258789,,
7863,11.640000343322754,19.299999237060547,,23.420000076293945,,
7864,11.859999656677246,19.39999961853028,,23.34000015258789,,
7865,10.979999542236328,19.3799991607666,,23.540000915527344,,
7866,13.359999656677246,19.31999969482422,,23.63999938964844,,
7867,12.460000038146973,19.280000686645508,,23.479999542236328,,
7868,12.600000381469728,19.36000061035156,,23.540000915527344,,
7869,12.5,19.34000015258789,,23.100000381469727,,
7870,12.100000381469728,19.81999969482422,,23.540000915527344,,
7871,11.760000228881836,19.440000534057617,,23.39999961853028,,
7872,11.539999961853027,19.36000061035156,,23.059999465942383,,
7873,12.300000190734863,19.200000762939453,,23.540000915527344,,
7874,12.380000114440918,19.040000915527344,,23.39999961853028,,
7875,11.760000228881836,18.89999961853028,,23.299999237060547,,
7876,13.399999618530272,19.040000915527344,,23.299999237060547,,
7877,11.640000343322754,18.89999961853028,,23.21999931335449,,
7878,13.020000457763672,18.89999961853028,,23.31999969482422,,
7879,11.399999618530272,19.059999465942383,,23.15999984741211,,
7880,12.5600004196167,18.940000534057617,,23.459999084472656,,
7881,13.0,18.799999237060547,,23.559999465942383,,
7882,13.380000114440918,18.979999542236328,,23.84000015258789,,
7883,13.100000381469728,18.86000061035156,,23.86000061035156,,
7884,13.100000381469728,18.68000030517578,,23.36000061035156,,
7885,11.859999656677246,18.84000015258789,,23.700000762939453,,
7886,11.18000030517578,18.63999938964844,,23.559999465942383,,
7887,11.119999885559082,18.700000762939453,14.100000381469728,23.39999961853028,,
7888,11.300000190734863,18.71999931335449,14.520000457763672,23.65999984741211,,
7889,10.81999969482422,18.65999984741211,,23.39999961853028,,
7890,11.380000114440918,18.71999931335449,14.239999771118164,23.479999542236328,,
7891,11.859999656677246,18.84000015258789,13.699999809265137,23.65999984741211,,
7892,13.359999656677246,18.600000381469727,,23.799999237060547,,
7893,11.420000076293944,18.57999992370605,13.81999969482422,23.84000015258789,,
7894,11.140000343322754,18.780000686645508,,23.739999771118164,,
7895,11.539999961853027,18.68000030517578,,23.780000686645508,,
7896,13.520000457763672,18.799999237060547,,23.65999984741211,,
7897,11.119999885559082,18.700000762939453,,23.700000762939453,,
7898,11.699999809265137,18.71999931335449,14.0600004196167,23.71999931335449,,
7899,11.880000114440918,18.71999931335449,,23.739999771118164,,
7900,11.020000457763672,18.84000015258789,,23.86000061035156,,
7901,13.15999984741211,18.71999931335449,,23.71999931335449,,
7902,11.579999923706056,18.81999969482422,,23.89999961853028,,
7903,13.640000343322754,19.200000762939453,,23.76000022888184,,
7904,,19.059999465942383,,23.920000076293945,,
7905,13.15999984741211,19.239999771118164,,23.700000762939453,,
7906,10.520000457763672,18.920000076293945,,23.780000686645508,,
7907,11.260000228881836,18.959999084472656,,23.739999771118164,,
7908,12.4399995803833,19.07999992370605,,23.700000762939453,,
7909,,18.65999984741211,13.140000343322754,23.799999237060547,,
7910,12.020000457763672,18.84000015258789,,23.86000061035156,,
7911,12.600000381469728,18.84000015258789,,23.71999931335449,,
7912,11.260000228881836,19.100000381469727,13.380000114440918,23.81999969482422,,
7913,11.800000190734863,19.059999465942383,,23.65999984741211,,
7914,11.5,19.040000915527344,,23.65999984741211,,
7915,11.619999885559082,19.0,13.699999809265137,23.65999984741211,,
7916,12.0600004196167,19.200000762939453,,23.86000061035156,,
7917,11.579999923706056,19.13999938964844,13.079999923706056,23.780000686645508,,
7918,11.600000381469728,19.26000022888184,,23.71999931335449,,
7919,12.260000228881836,19.39999961853028,13.199999809265137,23.65999984741211,,
7920,11.579999923706056,19.65999984741211,,23.739999771118164,,
7921,11.699999809265137,19.34000015258789,,23.81999969482422,,
7922,11.699999809265137,19.34000015258789,,23.76000022888184,,
7923,11.5600004196167,19.420000076293945,,23.76000022888184,,
7924,11.5,19.31999969482422,,23.940000534057617,,
7925,11.68000030517578,19.5,,24.0,,
7926,11.300000190734863,19.459999084472656,,23.799999237060547,,
7927,11.640000343322754,19.5,,23.57999992370605,,
7928,13.779999732971191,19.520000457763672,,23.459999084472656,,
7929,13.539999961853027,19.39999961853028,,23.84000015258789,,
7930,13.600000381469728,19.26000022888184,,23.739999771118164,,
7931,11.779999732971191,19.31999969482422,,23.68000030517578,,
7932,12.760000228881836,19.3799991607666,12.65999984741211,23.68000030517578,,
7933,13.739999771118164,19.280000686645508,,23.86000061035156,,
7934,12.100000381469728,19.13999938964844,,23.57999992370605,,
7935,12.699999809265137,19.07999992370605,14.100000381469728,23.5,,
7936,11.800000190734863,19.21999931335449,,23.799999237060547,,
7937,11.859999656677246,19.3799991607666,,23.540000915527344,,
7938,12.199999809265137,19.15999984741211,,23.700000762939453,,
7939,,19.36000061035156,,23.780000686645508,,
7940,12.199999809265137,19.1200008392334,,23.799999237060547,,
7941,12.960000038146973,19.07999992370605,,23.86000061035156,,
7942,13.420000076293944,19.239999771118164,12.699999809265137,23.799999237060547,,
7943,13.5,19.239999771118164,,23.780000686645508,,
7944,14.020000457763672,19.36000061035156,,23.540000915527344,,
7945,11.420000076293944,19.1200008392334,,23.3799991607666,,
7946,12.68000030517578,19.1200008392334,,23.479999542236328,,
7947,12.4399995803833,19.440000534057617,,23.63999938964844,,
7948,11.600000381469728,19.3799991607666,,23.68000030517578,,
7949,12.300000190734863,19.5,,23.86000061035156,,
7950,11.699999809265137,19.39999961853028,,23.71999931335449,,
7951,11.239999771118164,19.3799991607666,,23.86000061035156,,
7952,,18.799999237060547,,23.799999237060547,,
7953,11.739999771118164,19.36000061035156,14.260000228881836,23.739999771118164,,
7954,13.880000114440918,19.540000915527344,,23.89999961853028,,
7955,12.779999732971191,19.299999237060547,14.079999923706056,23.8799991607666,,
7956,9.539999961853027,19.280000686645508,,23.86000061035156,,
7957,12.739999771118164,19.479999542236328,,23.71999931335449,,
7958,,19.15999984741211,,23.89999961853028,,
7959,,19.21999931335449,14.5,23.8799991607666,,
7960,12.960000038146973,19.15999984741211,,23.86000061035156,,
7961,12.739999771118164,18.979999542236328,,23.81999969482422,,
7962,13.239999771118164,18.89999961853028,13.100000381469728,23.86000061035156,,
7963,11.9399995803833,19.13999938964844,13.020000457763672,23.84000015258789,,
7964,11.359999656677246,19.700000762939453,,23.84000015258789,,
7965,11.84000015258789,19.84000015258789,13.640000343322754,23.8799991607666,,
7966,11.779999732971191,19.559999465942383,,23.940000534057617,,
7967,11.579999923706056,19.57999992370605,,23.71999931335449,,
7968,11.859999656677246,20.63999938964844,,24.1200008392334,,
7969,,20.65999984741211,,23.700000762939453,,
7970,12.15999984741211,19.57999992370605,,23.84000015258789,,
7971,12.84000015258789,19.15999984741211,,23.739999771118164,,
7972,12.5,18.940000534057617,,23.86000061035156,,
7973,10.920000076293944,19.059999465942383,,23.86000061035156,,
7974,12.460000038146973,19.1200008392334,,23.65999984741211,,
7975,12.84000015258789,19.100000381469727,,23.940000534057617,,
7976,10.119999885559082,19.040000915527344,,24.100000381469727,,
7977,11.039999961853027,19.100000381469727,,24.13999938964844,,
7978,10.960000038146973,19.020000457763672,,23.8799991607666,,
7979,10.020000457763672,19.540000915527344,,23.89999961853028,,
7980,11.699999809265137,19.600000381469727,,23.89999961853028,,
7981,10.81999969482422,19.36000061035156,,24.020000457763672,,
7982,11.699999809265137,19.13999938964844,,24.100000381469727,,
7983,13.399999618530272,19.3799991607666,,24.0,,
7984,13.34000015258789,19.299999237060547,,24.0,,
7985,12.100000381469728,19.18000030517578,,23.940000534057617,,
7986,12.699999809265137,19.07999992370605,,24.020000457763672,,
7987,12.760000228881836,19.420000076293945,,23.89999961853028,,
7988,12.84000015258789,19.6200008392334,13.619999885559082,23.81999969482422,,
7989,13.460000038146973,19.559999465942383,,23.8799991607666,,
7990,13.359999656677246,20.18000030517578,13.880000114440918,23.8799991607666,,
7991,,,13.640000343322754,23.8799991607666,,
7992,11.779999732971191,19.57999992370605,,24.100000381469727,,
7993,13.300000190734863,19.15999984741211,13.300000190734863,23.89999961853028,,
7994,13.140000343322754,19.540000915527344,14.100000381469728,24.0,,
7995,13.119999885559082,19.239999771118164,14.100000381469728,23.979999542236328,,
7996,,,14.199999809265137,23.81999969482422,,
7997,11.279999732971191,18.979999542236328,14.359999656677246,24.100000381469727,,
7998,13.140000343322754,18.940000534057617,,23.81999969482422,,
7999,,18.959999084472656,,24.020000457763672,,
8000,12.9399995803833,18.979999542236328,,23.799999237060547,,
8001,,18.940000534057617,,24.020000457763672,,
8002,,18.8799991607666,14.260000228881836,24.07999992370605,,
8003,12.119999885559082,19.100000381469727,,23.84000015258789,,
8004,,19.18000030517578,13.800000190734863,24.0,,
8005,12.380000114440918,19.0,13.619999885559082,23.68000030517578,,
8006,12.279999732971191,19.3799991607666,14.380000114440918,24.100000381469727,,
8007,,19.299999237060547,,23.86000061035156,,
8008,12.399999618530272,19.36000061035156,,24.020000457763672,,
8009,12.15999984741211,19.299999237060547,,23.920000076293945,,
8010,12.5,19.34000015258789,,23.86000061035156,,
8011,12.420000076293944,18.420000076293945,,23.76000022888184,,
8012,,,,24.0,,
8013,12.619999885559082,19.200000762939453,14.420000076293944,23.57999992370605,,
8014,12.479999542236328,19.26000022888184,14.260000228881836,23.979999542236328,,
8015,,19.799999237060547,,23.979999542236328,,
8016,12.9399995803833,19.100000381469727,,24.020000457763672,,
8017,11.880000114440918,18.979999542236328,14.380000114440918,23.940000534057617,,
8018,12.9399995803833,18.89999961853028,,24.020000457763672,,
8019,12.460000038146973,19.31999969482422,,24.040000915527344,,
8020,10.699999809265137,19.600000381469727,,23.780000686645508,,
8021,11.600000381469728,19.1200008392334,13.520000457763672,24.15999984741211,,
8022,11.399999618530272,19.0,,23.86000061035156,,
8023,12.279999732971191,18.799999237060547,13.15999984741211,23.940000534057617,,
8024,11.640000343322754,19.07999992370605,,24.26000022888184,,
8025,12.520000457763672,19.520000457763672,,24.020000457763672,,
8026,10.739999771118164,18.799999237060547,,24.020000457763672,,
8027,10.84000015258789,21.07999992370605,14.260000228881836,23.89999961853028,,
8028,14.520000457763672,19.700000762939453,14.300000190734863,24.100000381469727,,
8029,14.0600004196167,20.700000762939453,,23.940000534057617,,
8030,13.020000457763672,20.39999961853028,14.239999771118164,23.81999969482422,,
8031,12.279999732971191,19.520000457763672,14.34000015258789,24.040000915527344,,
8032,13.899999618530272,19.520000457763672,13.979999542236328,23.780000686645508,,
8033,12.260000228881836,20.040000915527344,14.5,23.86000061035156,,
8034,12.079999923706056,19.440000534057617,14.479999542236328,23.86000061035156,,
8035,,19.520000457763672,13.84000015258789,23.86000061035156,,
8036,11.81999969482422,19.600000381469727,,24.020000457763672,,
8037,11.739999771118164,19.18000030517578,,23.459999084472656,,
8038,11.960000038146973,19.239999771118164,,24.18000030517578,,
8039,10.720000267028809,19.540000915527344,,23.979999542236328,,
8040,10.779999732971191,19.86000061035156,,23.920000076293945,,
8041,10.600000381469728,19.959999084472656,,23.81999969482422,,
8042,11.300000190734863,20.0,,23.68000030517578,,
8043,,18.86000061035156,,23.71999931335449,,
8044,12.18000030517578,19.780000686645508,,24.040000915527344,,
8045,,19.520000457763672,,23.86000061035156,,
8046,14.640000343322754,19.76000022888184,,23.71999931335449,,
8047,11.539999961853027,19.540000915527344,,23.979999542236328,,
8048,,19.979999542236328,,23.700000762939453,,
8049,13.640000343322754,19.739999771118164,13.239999771118164,23.89999961853028,,
8050,13.699999809265137,20.479999542236328,,24.239999771118164,,
8051,14.300000190734863,19.559999465942383,13.779999732971191,24.239999771118164,,
8052,12.739999771118164,19.18000030517578,14.199999809265137,24.040000915527344,,
8053,11.899999618530272,19.520000457763672,14.020000457763672,24.239999771118164,,
8054,11.739999771118164,19.420000076293945,,23.940000534057617,,
8055,12.279999732971191,19.559999465942383,,23.8799991607666,,
8056,13.579999923706056,19.76000022888184,,23.940000534057617,,
8057,12.079999923706056,19.13999938964844,,24.280000686645508,,
8058,13.300000190734863,19.6200008392334,13.9399995803833,23.600000381469727,,
8059,,19.26000022888184,,23.979999542236328,,
8060,,,,23.920000076293945,,
8061,,18.739999771118164,,23.739999771118164,,
8062,,,,24.020000457763672,,
8063,,,,24.21999931335449,,
8064,11.479999542236328,19.26000022888184,,24.200000762939453,,
8065,10.260000228881836,19.040000915527344,,24.059999465942383,,
8066,12.0,20.0,,24.040000915527344,,
8067,12.479999542236328,19.65999984741211,,24.100000381469727,,
8068,11.920000076293944,19.440000534057617,13.779999732971191,23.86000061035156,,
8069,11.600000381469728,19.540000915527344,,23.81999969482422,,
8070,,19.559999465942383,,23.71999931335449,,
8071,,19.059999465942383,,24.299999237060547,,
8072,12.100000381469728,19.700000762939453,,23.920000076293945,,
8073,,20.100000381469727,,24.059999465942383,,
8074,11.880000114440918,19.89999961853028,,23.739999771118164,,
8075,12.5600004196167,19.440000534057617,,23.940000534057617,,
8076,,19.559999465942383,,24.18000030517578,,
8077,,19.6200008392334,,24.18000030517578,,
8078,,19.420000076293945,,24.21999931335449,,
8079,,19.5,,24.18000030517578,,
8080,,19.26000022888184,,24.540000915527344,,
8081,,19.600000381469727,,23.959999084472656,,
8082,12.4399995803833,19.18000030517578,,24.280000686645508,,
8083,13.619999885559082,19.280000686645508,,23.86000061035156,,
8084,13.960000038146973,19.36000061035156,,23.959999084472656,,
8085,10.359999656677246,19.31999969482422,,23.739999771118164,,
8086,,,,24.18000030517578,,
8087,,,,23.8799991607666,,
8088,,19.299999237060547,,23.65999984741211,,
8089,,19.200000762939453,13.220000267028809,23.76000022888184,,
8090,13.5,19.39999961853028,13.140000343322754,23.700000762939453,,
8091,,19.780000686645508,13.300000190734863,23.68000030517578,,
8092,13.260000228881836,19.5,13.0,23.700000762939453,,
8093,,19.3799991607666,,23.86000061035156,,
8094,,19.780000686645508,,23.71999931335449,,
8095,,19.13999938964844,,23.559999465942383,,
8096,12.420000076293944,19.18000030517578,,23.63999938964844,,
8097,13.039999961853027,19.459999084472656,,23.420000076293945,,
8098,12.140000343322754,19.18000030517578,,23.26000022888184,,
8099,12.0,19.18000030517578,,23.420000076293945,,
8100,12.600000381469728,19.040000915527344,,24.040000915527344,,
8101,12.239999771118164,19.3799991607666,,24.040000915527344,,
8102,11.380000114440918,19.34000015258789,,23.89999961853028,,
8103,11.800000190734863,19.86000061035156,,23.479999542236328,,
8104,12.279999732971191,19.459999084472656,,23.600000381469727,,
8105,11.760000228881836,19.5,,23.81999969482422,,
8106,11.720000267028809,19.200000762939453,,23.6200008392334,,
8107,13.800000190734863,19.71999931335449,,23.520000457763672,,
8108,11.65999984741211,19.520000457763672,,24.0,,
8109,11.979999542236328,19.940000534057617,,23.739999771118164,,
8110,10.579999923706056,19.559999465942383,,23.65999984741211,,
8111,13.220000267028809,19.559999465942383,,23.65999984741211,,
8112,12.260000228881836,19.420000076293945,,23.71999931335449,,
8113,10.81999969482422,18.86000061035156,,23.600000381469727,,
8114,11.880000114440918,19.100000381469727,,23.700000762939453,,
8115,11.899999618530272,19.040000915527344,,23.18000030517578,,
8116,12.0600004196167,19.040000915527344,13.140000343322754,23.76000022888184,,
8117,11.640000343322754,19.15999984741211,14.34000015258789,24.479999542236328,,
8118,12.920000076293944,19.100000381469727,,24.13999938964844,,
8119,,19.18000030517578,,24.07999992370605,,
8120,,19.020000457763672,,24.13999938964844,,
8121,12.520000457763672,19.479999542236328,,23.8799991607666,,
8122,,19.559999465942383,,24.440000534057617,,
8123,11.979999542236328,19.299999237060547,,24.299999237060547,,
8124,12.220000267028809,19.559999465942383,,24.299999237060547,,
8125,9.399999618530272,19.459999084472656,,24.34000015258789,,
8126,12.199999809265137,19.07999992370605,,24.07999992370605,,
8127,10.260000228881836,19.200000762939453,,24.200000762939453,,
8128,,19.020000457763672,,24.239999771118164,,
8129,9.779999732971191,18.89999961853028,,23.959999084472656,,
8130,11.380000114440918,18.86000061035156,14.479999542236328,24.13999938964844,,
8131,,18.959999084472656,,23.63999938964844,,
8132,11.779999732971191,18.89999961853028,,24.57999992370605,,
8133,12.34000015258789,19.100000381469727,,23.540000915527344,,
8134,,19.1200008392334,,24.07999992370605,,
8135,12.84000015258789,19.540000915527344,13.0600004196167,23.979999542236328,,
8136,,19.3799991607666,,24.420000076293945,,
8137,12.4399995803833,19.1200008392334,13.140000343322754,23.89999961853028,,
8138,11.0600004196167,19.299999237060547,,24.07999992370605,,
8139,12.079999923706056,19.040000915527344,13.300000190734863,24.26000022888184,,
8140,12.479999542236328,19.26000022888184,,24.100000381469727,,
8141,13.279999732971191,19.13999938964844,,24.34000015258789,,
8142,12.960000038146973,19.15999984741211,,24.18000030517578,,
8143,9.779999732971191,19.459999084472656,14.300000190734863,24.34000015258789,,
8144,9.479999542236328,19.68000030517578,,24.36000061035156,,
8145,13.119999885559082,19.8799991607666,,24.520000457763672,,
8146,11.039999961853027,19.81999969482422,,24.36000061035156,,
8147,12.899999618530272,19.940000534057617,,24.34000015258789,,
8148,10.239999771118164,20.3799991607666,,24.239999771118164,,
8149,10.0600004196167,20.0,,24.13999938964844,,
8150,12.5600004196167,20.1200008392334,12.920000076293944,23.959999084472656,,
8151,10.31999969482422,19.739999771118164,,23.739999771118164,,
8152,12.34000015258789,19.540000915527344,,24.020000457763672,,
8153,12.119999885559082,19.459999084472656,,24.18000030517578,,
8154,11.9399995803833,20.280000686645508,,24.31999969482422,,
8155,12.31999969482422,20.459999084472656,,24.39999961853028,,
8156,12.260000228881836,20.5,,24.36000061035156,,
8157,13.0600004196167,,,24.420000076293945,,
8158,11.600000381469728,19.799999237060547,,24.100000381469727,,
8159,12.899999618530272,20.200000762939453,,24.36000061035156,,
8160,11.640000343322754,,,24.100000381469727,,
8161,,,,24.100000381469727,,
8162,11.18000030517578,19.3799991607666,,24.479999542236328,,
8163,,18.940000534057617,,24.299999237060547,,
8164,,19.940000534057617,,24.059999465942383,,
8165,,,,24.36000061035156,,
8166,,19.57999992370605,,24.15999984741211,,
8167,14.420000076293944,19.5,14.199999809265137,24.299999237060547,,
8168,13.619999885559082,19.440000534057617,,23.81999969482422,,
8169,,19.200000762939453,,24.13999938964844,,
8170,,19.3799991607666,,24.07999992370605,,
8171,,19.200000762939453,,24.479999542236328,,
8172,12.779999732971191,19.100000381469727,,24.040000915527344,,
8173,,,,24.31999969482422,,
8174,13.260000228881836,21.420000076293945,,24.540000915527344,,
8175,12.579999923706056,,,24.440000534057617,,
8176,,,,24.31999969482422,,
8177,13.979999542236328,19.8799991607666,,24.18000030517578,,
8178,,,13.960000038146973,24.100000381469727,,
8179,,20.020000457763672,,24.39999961853028,,
8180,12.5600004196167,19.6200008392334,,24.39999961853028,,
8181,12.81999969482422,19.799999237060547,,24.600000381469727,,
8182,12.220000267028809,19.71999931335449,,24.31999969482422,,
8183,12.199999809265137,20.15999984741211,,24.540000915527344,,
8184,9.619999885559082,20.39999961853028,,24.3799991607666,,
8185,11.960000038146973,20.36000061035156,,24.39999961853028,,
8186,10.81999969482422,20.280000686645508,,24.31999969482422,,
8187,,20.040000915527344,13.380000114440918,24.65999984741211,,
8188,,21.86000061035156,,24.5,,
8189,,21.21999931335449,,24.280000686645508,,
8190,,,,24.5,,
8191,12.619999885559082,19.440000534057617,,24.3799991607666,,
8192,,19.86000061035156,,24.559999465942383,,
8193,12.699999809265137,20.07999992370605,,24.420000076293945,,
8194,11.920000076293944,19.559999465942383,,24.21999931335449,,
8195,12.020000457763672,19.39999961853028,,24.440000534057617,,
8196,12.359999656677246,19.420000076293945,,24.420000076293945,,
8197,13.479999542236328,19.559999465942383,,24.520000457763672,,
8198,,19.18000030517578,,24.559999465942383,,
8199,12.260000228881836,19.34000015258789,,24.440000534057617,,
8200,11.960000038146973,19.71999931335449,,24.520000457763672,,
8201,,,,24.600000381469727,,
8202,13.359999656677246,19.65999984741211,,24.15999984741211,,
8203,,18.979999542236328,,24.34000015258789,,
8204,13.779999732971191,19.479999542236328,,24.31999969482422,,
8205,,19.6200008392334,,24.39999961853028,,
8206,,,,24.200000762939453,,
8207,12.0,19.57999992370605,,24.34000015258789,,
8208,11.239999771118164,19.479999542236328,,24.26000022888184,,
8209,,19.81999969482422,,24.31999969482422,,
8210,11.239999771118164,19.3799991607666,,24.18000030517578,,
8211,10.899999618530272,19.520000457763672,,24.15999984741211,,
8212,,19.959999084472656,,24.0,,
8213,,19.600000381469727,,24.299999237060547,,
8214,,20.100000381469727,,24.479999542236328,,
8215,12.579999923706056,20.18000030517578,,24.34000015258789,,
8216,14.34000015258789,20.479999542236328,13.81999969482422,23.700000762939453,,
8217,14.0,20.18000030517578,,24.36000061035156,,
8218,11.640000343322754,20.459999084472656,13.239999771118164,23.57999992370605,,
8219,11.800000190734863,20.440000534057617,,24.31999969482422,,
8220,13.199999809265137,20.36000061035156,,24.239999771118164,,
8221,12.420000076293944,20.200000762939453,13.739999771118164,24.36000061035156,,
8222,,19.81999969482422,,23.21999931335449,,
8223,13.479999542236328,19.440000534057617,13.619999885559082,24.5,,
8224,,20.040000915527344,,23.799999237060547,,
8225,12.739999771118164,19.71999931335449,,24.63999938964844,,
8226,13.34000015258789,19.63999938964844,13.100000381469728,24.520000457763672,,
8227,,19.86000061035156,,24.520000457763672,,
8228,12.18000030517578,19.39999961853028,,24.459999084472656,,
8229,11.720000267028809,19.479999542236328,,24.700000762939453,,
8230,11.920000076293944,19.3799991607666,,24.68000030517578,,
8231,13.619999885559082,19.26000022888184,,24.520000457763672,,
8232,12.239999771118164,19.280000686645508,,24.63999938964844,,
8233,13.460000038146973,19.76000022888184,,,,
8234,14.420000076293944,19.26000022888184,14.260000228881836,24.700000762939453,,
8235,12.220000267028809,19.780000686645508,,24.059999465942383,,
8236,12.100000381469728,19.63999938964844,,23.8799991607666,,
8237,12.460000038146973,,,24.34000015258789,,
8238,13.079999923706056,19.21999931335449,,23.979999542236328,,
8239,11.9399995803833,19.71999931335449,,24.520000457763672,,
8240,12.279999732971191,20.739999771118164,,24.059999465942383,,
8241,12.380000114440918,20.020000457763672,,24.280000686645508,,
8242,11.720000267028809,19.520000457763672,,24.5,,
8243,13.859999656677246,19.979999542236328,,24.479999542236328,,
8244,,19.26000022888184,,24.57999992370605,,
8245,,19.57999992370605,,24.81999969482422,,
8246,13.600000381469728,19.559999465942383,,24.34000015258789,,
8247,13.399999618530272,19.780000686645508,,24.63999938964844,,
8248,,20.059999465942383,,24.39999961853028,,
8249,,19.71999931335449,,24.600000381469727,,
8250,12.260000228881836,19.780000686645508,,24.57999992370605,,
8251,,19.920000076293945,,24.420000076293945,,
8252,13.579999923706056,19.81999969482422,,24.65999984741211,,
8253,13.539999961853027,19.440000534057617,,24.600000381469727,,
8254,13.800000190734863,19.68000030517578,,24.63999938964844,,
8255,12.859999656677246,19.8799991607666,12.579999923706056,24.57999992370605,,
8256,13.84000015258789,19.440000534057617,,24.780000686645508,,
8257,13.460000038146973,19.89999961853028,,24.780000686645508,,
8258,12.420000076293944,19.940000534057617,,24.86000061035156,,
8259,11.779999732971191,19.979999542236328,,24.739999771118164,,
8260,13.140000343322754,20.040000915527344,,24.420000076293945,,
8261,12.899999618530272,20.13999938964844,,24.739999771118164,,
8262,13.380000114440918,20.059999465942383,,24.299999237060547,,
8263,13.720000267028809,20.07999992370605,,24.84000015258789,,
8264,13.779999732971191,20.059999465942383,,24.739999771118164,,
8265,,19.8799991607666,,24.81999969482422,,
8266,12.739999771118164,,,24.81999969482422,,
8267,,19.8799991607666,,24.76000022888184,,
8268,13.140000343322754,20.0,,24.86000061035156,,
8269,12.899999618530272,20.020000457763672,,24.81999969482422,,
8270,12.81999969482422,19.81999969482422,,,,
8271,12.5600004196167,19.6200008392334,,24.940000534057617,,
8272,12.079999923706056,19.71999931335449,,24.76000022888184,,
8273,,19.65999984741211,,24.84000015258789,,
8274,13.0600004196167,19.440000534057617,,24.65999984741211,,
8275,12.880000114440918,18.89999961853028,,24.81999969482422,,
8276,12.460000038146973,19.36000061035156,,,,
8277,12.079999923706056,19.280000686645508,,24.84000015258789,,
8278,15.100000381469728,19.600000381469727,,24.979999542236328,,
8279,9.699999809265137,19.520000457763672,14.119999885559082,24.959999084472656,,
8280,13.039999961853027,19.6200008392334,,24.68000030517578,,
8281,,19.739999771118164,,24.81999969482422,,
8282,9.859999656677246,19.71999931335449,,24.700000762939453,,
8283,12.880000114440918,19.700000762939453,,24.68000030517578,,
8284,13.220000267028809,20.059999465942383,,24.65999984741211,,
8285,12.859999656677246,19.700000762939453,,24.71999931335449,,
8286,13.539999961853027,20.020000457763672,,24.780000686645508,,
8287,11.380000114440918,20.26000022888184,,24.81999969482422,,
8288,12.460000038146973,19.76000022888184,,24.799999237060547,,
8289,13.100000381469728,19.299999237060547,,,,
8290,11.899999618530272,19.81999969482422,,,,
8291,11.520000457763672,19.700000762939453,,,,
8292,12.420000076293944,19.780000686645508,,,,
8293,12.359999656677246,19.780000686645508,,24.940000534057617,,
8294,10.979999542236328,19.780000686645508,,24.89999961853028,,
8295,13.65999984741211,19.979999542236328,,,,
8296,11.239999771118164,19.71999931335449,14.279999732971191,,,
8297,13.619999885559082,19.239999771118164,,,,
8298,12.0600004196167,20.780000686645508,,,,
8299,,,,,,
8300,,19.940000534057617,13.420000076293944,,,
8301,13.420000076293944,19.940000534057617,,,,
8302,11.5,19.780000686645508,,,,
8303,12.0600004196167,19.559999465942383,,,,
8304,,19.459999084472656,,,,
8305,11.68000030517578,19.540000915527344,,,,
8306,,19.86000061035156,,,,
8307,13.520000457763672,19.600000381469727,,,,
8308,12.760000228881836,19.600000381469727,,,,
8309,10.359999656677246,19.780000686645508,,,,
8310,13.460000038146973,20.18000030517578,,24.63999938964844,,
8311,13.520000457763672,,,,,
8312,13.380000114440918,,14.359999656677246,24.68000030517578,,
8313,13.239999771118164,19.739999771118164,,24.780000686645508,,
8314,,19.13999938964844,,24.540000915527344,,
8315,13.199999809265137,19.68000030517578,,24.71999931335449,,
8316,13.859999656677246,19.8799991607666,,24.76000022888184,,
8317,14.119999885559082,20.65999984741211,,24.700000762939453,,
8318,12.399999618530272,19.89999961853028,,,,
8319,12.960000038146973,19.520000457763672,,,,
8320,13.020000457763672,19.8799991607666,,24.39999961853028,,
8321,12.920000076293944,19.6200008392334,,24.520000457763672,,
8322,12.859999656677246,19.780000686645508,,,,
8323,12.399999618530272,19.440000534057617,14.260000228881836,,,
8324,12.920000076293944,19.420000076293945,,24.540000915527344,,
8325,12.859999656677246,19.959999084472656,,,,
8326,13.579999923706056,20.420000076293945,,23.479999542236328,,
8327,13.739999771118164,19.8799991607666,,,,
8328,14.260000228881836,20.100000381469727,,,,
8329,13.920000076293944,19.6200008392334,,,,
8330,,19.700000762939453,,23.239999771118164,,
8331,,19.780000686645508,,,,
8332,,19.559999465942383,,23.040000915527344,,
8333,12.119999885559082,19.6200008392334,,,,
8334,,19.63999938964844,,,,
8335,,19.86000061035156,,,,
8336,10.619999885559082,19.739999771118164,,,,
8337,,19.959999084472656,13.300000190734863,,,
8338,10.380000114440918,19.780000686645508,,,,
8339,,19.979999542236328,,,,
8340,,19.6200008392334,,,,
8341,,19.459999084472656,,24.18000030517578,,
8342,,,,,,
8343,13.5,19.68000030517578,,,,
8344,13.260000228881836,19.600000381469727,,23.940000534057617,,
8345,12.4399995803833,19.479999542236328,,,,
8346,14.100000381469728,19.3799991607666,,24.100000381469727,,
8347,11.859999656677246,19.6200008392334,,24.780000686645508,,
8348,,19.739999771118164,13.619999885559082,24.68000030517578,,
8349,11.81999969482422,19.459999084472656,14.020000457763672,24.739999771118164,,
8350,11.960000038146973,19.21999931335449,,,,
8351,12.239999771118164,,,,,
8352,12.699999809265137,21.63999938964844,,,,
8353,12.34000015258789,19.920000076293945,,,,
8354,12.859999656677246,19.57999992370605,,24.18000030517578,,
8355,13.520000457763672,19.71999931335449,,,,
8356,14.039999961853027,19.600000381469727,,,,
8357,13.0,20.020000457763672,,24.979999542236328,,
8358,14.84000015258789,21.3799991607666,,24.3799991607666,,
8359,,20.0,12.779999732971191,23.940000534057617,,
8360,13.300000190734863,20.57999992370605,13.31999969482422,24.31999969482422,,
8361,12.199999809265137,19.68000030517578,,24.520000457763672,,
8362,13.31999969482422,20.13999938964844,,24.200000762939453,,
8363,12.119999885559082,20.040000915527344,,24.540000915527344,,
8364,11.859999656677246,20.040000915527344,,24.57999992370605,,
8365,12.5,19.280000686645508,,24.739999771118164,,
8366,12.760000228881836,20.1200008392334,,24.84000015258789,,
8367,13.300000190734863,19.979999542236328,,23.39999961853028,,
8368,11.84000015258789,20.0,,24.8799991607666,,
8369,11.760000228881836,20.21999931335449,,22.440000534057617,,
8370,11.479999542236328,19.979999542236328,,,,
8371,12.100000381469728,19.84000015258789,,,,
8372,,20.15999984741211,,,,
8373,14.34000015258789,19.71999931335449,,,,
8374,15.199999809265137,19.71999931335449,,,,
8375,13.84000015258789,19.420000076293945,,,,
8376,13.0600004196167,20.15999984741211,,,,
8377,12.380000114440918,19.65999984741211,,,,
8378,11.739999771118164,19.8799991607666,,,,
8379,13.15999984741211,20.200000762939453,,,,
8380,10.880000114440918,19.76000022888184,,24.799999237060547,,
8381,12.239999771118164,19.8799991607666,,25.020000457763672,,
8382,11.699999809265137,19.940000534057617,,,,
8383,9.880000114440918,19.76000022888184,,24.940000534057617,,
8384,12.920000076293944,20.020000457763672,,24.68000030517578,,
8385,12.199999809265137,20.040000915527344,,24.600000381469727,,
8386,9.859999656677246,19.89999961853028,,,,
8387,11.81999969482422,19.63999938964844,,,,
8388,11.979999542236328,19.280000686645508,,,,
8389,12.039999961853027,19.700000762939453,,,,
8390,13.619999885559082,19.71999931335449,,,,
8391,11.420000076293944,20.520000457763672,,,,
8392,11.4399995803833,20.420000076293945,,,,
8393,12.399999618530272,20.100000381469727,,,,
8394,11.520000457763672,19.6200008392334,,,,
8395,12.9399995803833,20.63999938964844,,24.979999542236328,,
8396,12.140000343322754,19.76000022888184,,,,
8397,13.420000076293944,20.040000915527344,,,,
8398,12.65999984741211,20.3799991607666,,,,
8399,11.760000228881836,20.3799991607666,,,,
8400,11.65999984741211,20.459999084472656,,,,
8401,12.539999961853027,20.5,,,,
8402,11.979999542236328,20.100000381469727,,24.700000762939453,,
8403,12.260000228881836,20.18000030517578,,24.89999961853028,,
8404,12.100000381469728,20.100000381469727,,,,
8405,11.779999732971191,21.059999465942383,,,,
8406,12.0,20.1200008392334,,,,
8407,12.199999809265137,19.799999237060547,,,,
8408,11.9399995803833,19.86000061035156,,24.739999771118164,,
8409,11.739999771118164,19.940000534057617,,,,
8410,12.0,20.020000457763672,,,,
8411,12.34000015258789,19.86000061035156,,,,
8412,12.34000015258789,19.979999542236328,,,,
8413,11.68000030517578,20.63999938964844,,,,
8414,14.720000267028809,19.700000762939453,,24.84000015258789,,
8415,9.979999542236328,20.100000381469727,,,,
8416,,20.86000061035156,,24.84000015258789,,
8417,,,,23.959999084472656,,
8418,,18.200000762939453,,24.76000022888184,,
8419,13.15999984741211,19.65999984741211,,23.979999542236328,,
8420,11.15999984741211,20.059999465942383,,,,
8421,,20.21999931335449,,24.0,,
8422,,20.020000457763672,,23.86000061035156,,
8423,10.539999961853027,20.1200008392334,,24.07999992370605,,
8424,10.859999656677246,,,24.3799991607666,,
8425,,19.65999984741211,,24.299999237060547,,
8426,,20.540000915527344,,24.1200008392334,,
8427,,19.739999771118164,,24.76000022888184,,
8428,,19.6200008392334,,24.21999931335449,,
8429,13.220000267028809,19.57999992370605,,24.84000015258789,,
8430,13.260000228881836,19.65999984741211,,24.5,,
8431,12.34000015258789,19.71999931335449,,24.479999542236328,,
8432,13.279999732971191,20.76000022888184,,24.440000534057617,,
8433,,21.5,,24.36000061035156,,
8434,,20.5,,24.76000022888184,,
8435,11.9399995803833,,,24.13999938964844,,
8436,,,,23.71999931335449,,
8437,12.479999542236328,,,23.81999969482422,,
8438,,18.89999961853028,,23.57999992370605,,
8439,,,,23.799999237060547,,
8440,13.220000267028809,21.5,13.260000228881836,23.739999771118164,,
8441,13.739999771118164,21.89999961853028,,23.940000534057617,,
8442,13.140000343322754,20.100000381469727,,23.940000534057617,,
8443,12.880000114440918,19.86000061035156,,24.21999931335449,,
8444,12.140000343322754,19.31999969482422,,24.020000457763672,,
8445,12.359999656677246,19.780000686645508,,24.21999931335449,,
8446,12.420000076293944,20.059999465942383,,24.13999938964844,,
8447,14.18000030517578,20.940000534057617,,24.059999465942383,,
8448,15.239999771118164,21.18000030517578,,24.100000381469727,,
8449,13.920000076293944,21.459999084472656,,24.440000534057617,,
8450,13.5,20.81999969482422,,24.63999938964844,,
8451,14.279999732971191,20.780000686645508,,24.68000030517578,,
8452,13.0600004196167,19.84000015258789,,24.21999931335449,,
8453,12.199999809265137,20.71999931335449,,24.739999771118164,,
8454,,20.21999931335449,,24.5,,
8455,11.0,19.780000686645508,,24.86000061035156,,
8456,,19.57999992370605,,24.76000022888184,,
8457,11.100000381469728,19.559999465942383,,24.81999969482422,,
8458,12.18000030517578,19.84000015258789,,24.81999969482422,,
8459,12.079999923706056,19.520000457763672,,24.100000381469727,,
8460,,19.26000022888184,,24.5,,
8461,14.68000030517578,19.739999771118164,,25.020000457763672,,
8462,13.31999969482422,19.39999961853028,,24.86000061035156,,
8463,11.859999656677246,19.6200008392334,,24.6200008392334,,
8464,12.479999542236328,19.6200008392334,,24.63999938964844,,
8465,9.539999961853027,19.799999237060547,,24.6200008392334,,
8466,,20.020000457763672,,23.979999542236328,,
8467,,19.700000762939453,,24.1200008392334,,
8468,14.65999984741211,,,24.100000381469727,,
8469,9.760000228881836,19.34000015258789,,23.940000534057617,,
8470,,19.3799991607666,,23.6200008392334,,
8471,14.0600004196167,19.57999992370605,,22.920000076293945,,
8472,12.0600004196167,19.68000030517578,,23.13999938964844,,
8473,11.600000381469728,19.65999984741211,,23.020000457763672,,
8474,,19.6200008392334,,24.200000762939453,,
8475,12.140000343322754,19.559999465942383,,24.18000030517578,,
8476,,19.65999984741211,,23.540000915527344,,
8477,,19.780000686645508,,24.21999931335449,,
8478,11.9399995803833,20.18000030517578,,24.100000381469727,,
8479,11.260000228881836,19.780000686645508,,23.459999084472656,,
8480,,19.65999984741211,,,,
8481,12.0,19.559999465942383,,,,
8482,12.68000030517578,19.559999465942383,,23.280000686645508,,
8483,11.279999732971191,19.5,,24.059999465942383,,
8484,11.739999771118164,19.540000915527344,,23.31999969482422,,
8485,11.779999732971191,19.559999465942383,14.300000190734863,23.84000015258789,,
8486,12.199999809265137,19.6200008392334,,23.68000030517578,,
8487,,19.6200008392334,,23.299999237060547,,
8488,11.239999771118164,19.540000915527344,,24.459999084472656,,
8489,,19.07999992370605,,24.059999465942383,,
8490,12.279999732971191,19.700000762939453,,24.65999984741211,,
8491,9.760000228881836,19.479999542236328,,23.299999237060547,,
8492,12.779999732971191,19.65999984741211,,22.739999771118164,,
8493,11.859999656677246,19.700000762939453,,,,
8494,12.34000015258789,19.89999961853028,,,,
8495,15.020000457763672,20.18000030517578,,23.559999465942383,,
8496,13.539999961853027,19.68000030517578,,,,
8497,13.140000343322754,19.600000381469727,,24.34000015258789,,
8498,12.579999923706056,19.71999931335449,,23.520000457763672,,
8499,,19.68000030517578,,23.8799991607666,,
8500,12.239999771118164,19.5,,25.020000457763672,,
8501,10.960000038146973,19.420000076293945,,,,
8502,11.859999656677246,19.6200008392334,,,,
8503,12.300000190734863,19.76000022888184,,,,
8504,11.84000015258789,19.559999465942383,,,,
8505,12.15999984741211,19.68000030517578,,,,
8506,12.18000030517578,19.81999969482422,,,,
8507,12.619999885559082,19.5,,,,
8508,12.199999809265137,19.700000762939453,,,,
8509,11.699999809265137,19.700000762939453,,,,
8510,11.899999618530272,19.57999992370605,,,,
8511,12.579999923706056,19.520000457763672,,24.84000015258789,,
8512,11.539999961853027,19.739999771118164,,,,
8513,12.0,19.57999992370605,,,,
8514,13.199999809265137,20.059999465942383,,,,
8515,12.100000381469728,19.520000457763672,14.31999969482422,,,
8516,14.15999984741211,19.600000381469727,,,,
8517,12.779999732971191,19.86000061035156,14.420000076293944,,,
8518,12.380000114440918,19.700000762939453,,,,
8519,12.380000114440918,19.6200008392334,,,,
8520,11.84000015258789,19.700000762939453,,,,
8521,12.520000457763672,19.71999931335449,,,,
8522,12.520000457763672,19.63999938964844,,,,
8523,12.359999656677246,19.84000015258789,,,,
8524,12.359999656677246,19.799999237060547,,,,
8525,11.960000038146973,19.959999084472656,,,,
8526,11.720000267028809,19.76000022888184,,,,
8527,11.920000076293944,19.540000915527344,,,,
8528,12.15999984741211,19.700000762939453,,,,
8529,,,,,,
