p_pick_sec,s_pick_sec,denoised_channels
9.859999656677246,15.979999542236328,0.0
9.520000457763672,15.84000015258789,1.0
9.260000228881836,15.920000076293944,2.0
9.520000457763672,15.84000015258789,3.0
7.21999979019165,15.220000267028809,4.0
9.479999542236328,15.720000267028809,5.0
9.31999969482422,15.859999656677246,6.0
9.260000228881836,15.880000114440918,7.0
9.260000228881836,15.760000228881836,8.0
9.359999656677246,15.800000190734863,9.0
9.300000190734863,15.920000076293944,10.0
9.5,15.84000015258789,11.0
9.399999618530272,15.84000015258789,12.0
9.600000381469728,15.960000038146973,13.0
9.5,15.880000114440918,14.0
9.34000015258789,15.68000030517578,15.0
9.359999656677246,15.699999809265137,16.0
9.31999969482422,15.699999809265137,17.0
9.15999984741211,15.68000030517578,18.0
9.18000030517578,15.859999656677246,19.0
9.260000228881836,15.779999732971191,20.0
9.18000030517578,15.84000015258789,21.0
9.359999656677246,15.739999771118164,22.0
9.31999969482422,15.800000190734863,23.0
9.300000190734863,15.739999771118164,24.0
9.239999771118164,15.760000228881836,25.0
9.220000267028809,15.81999969482422,26.0
9.220000267028809,15.760000228881836,27.0
9.220000267028809,15.760000228881836,28.0
9.119999885559082,15.81999969482422,29.0
9.119999885559082,15.779999732971191,30.0
9.420000076293944,15.640000343322754,31.0
9.18000030517578,15.760000228881836,32.0
9.100000381469728,15.739999771118164,33.0
9.239999771118164,15.65999984741211,34.0
9.380000114440918,15.699999809265137,35.0
9.020000457763672,15.800000190734863,36.0
9.100000381469728,15.81999969482422,37.0
9.15999984741211,15.81999969482422,38.0
9.220000267028809,15.960000038146973,39.0
9.260000228881836,15.81999969482422,40.0
9.220000267028809,15.619999885559082,41.0
9.260000228881836,15.619999885559082,42.0
9.220000267028809,15.779999732971191,43.0
9.140000343322754,15.81999969482422,44.0
8.960000038146973,15.720000267028809,45.0
9.300000190734863,15.68000030517578,46.0
9.300000190734863,15.15999984741211,47.0
9.239999771118164,15.399999618530272,48.0
9.359999656677246,15.359999656677246,49.0
9.279999732971191,15.720000267028809,50.0
9.220000267028809,15.779999732971191,51.0
9.18000030517578,15.619999885559082,52.0
9.079999923706056,15.84000015258789,53.0
9.079999923706056,15.880000114440918,54.0
9.039999961853027,15.779999732971191,55.0
9.100000381469728,15.720000267028809,56.0
9.31999969482422,15.779999732971191,57.0
9.279999732971191,15.699999809265137,58.0
9.34000015258789,15.68000030517578,59.0
9.15999984741211,15.800000190734863,60.0
9.039999961853027,15.619999885559082,61.0
9.34000015258789,15.579999923706056,62.0
9.31999969482422,15.720000267028809,63.0
9.119999885559082,15.779999732971191,64.0
8.880000114440918,15.779999732971191,65.0
9.020000457763672,15.720000267028809,66.0
8.960000038146973,15.81999969482422,67.0
9.039999961853027,15.720000267028809,68.0
9.079999923706056,15.720000267028809,69.0
9.399999618530272,15.880000114440918,70.0
9.239999771118164,15.520000457763672,71.0
9.220000267028809,15.720000267028809,72.0
9.140000343322754,15.65999984741211,73.0
9.220000267028809,15.84000015258789,74.0
9.399999618530272,15.859999656677246,75.0
9.380000114440918,15.760000228881836,76.0
9.239999771118164,15.81999969482422,77.0
9.31999969482422,15.920000076293944,78.0
9.15999984741211,15.5,79.0
9.300000190734863,15.199999809265137,80.0
9.359999656677246,15.460000038146973,81.0
9.039999961853027,15.5,82.0
9.140000343322754,15.619999885559082,83.0
9.239999771118164,15.619999885559082,84.0
9.18000030517578,15.720000267028809,85.0
9.31999969482422,15.619999885559082,86.0
9.300000190734863,15.65999984741211,87.0
9.18000030517578,15.579999923706056,88.0
9.34000015258789,15.600000381469728,89.0
9.15999984741211,15.520000457763672,90.0
9.359999656677246,16.059999465942383,91.0
9.100000381469728,15.739999771118164,92.0
9.039999961853027,15.579999923706056,93.0
9.079999923706056,15.539999961853027,94.0
9.279999732971191,15.84000015258789,95.0
9.199999809265137,16.0,96.0
9.039999961853027,15.899999618530272,97.0
9.199999809265137,15.81999969482422,98.0
9.100000381469728,15.619999885559082,99.0
9.18000030517578,16.0,100.0
9.15999984741211,15.859999656677246,101.0
9.18000030517578,15.859999656677246,102.0
9.100000381469728,15.960000038146973,103.0
9.15999984741211,15.9399995803833,104.0
9.199999809265137,15.899999618530272,105.0
9.199999809265137,15.779999732971191,106.0
9.0600004196167,15.760000228881836,107.0
9.0600004196167,15.84000015258789,108.0
9.239999771118164,15.899999618530272,109.0
9.199999809265137,15.880000114440918,110.0
9.220000267028809,15.640000343322754,111.0
9.300000190734863,15.81999969482422,112.0
9.34000015258789,15.760000228881836,113.0
9.34000015258789,15.81999969482422,114.0
9.199999809265137,15.960000038146973,115.0
9.18000030517578,15.899999618530272,116.0
9.300000190734863,15.699999809265137,117.0
9.31999969482422,15.760000228881836,118.0
9.239999771118164,15.880000114440918,119.0
9.34000015258789,15.859999656677246,120.0
9.140000343322754,15.779999732971191,121.0
9.039999961853027,15.779999732971191,122.0
9.15999984741211,15.699999809265137,123.0
9.199999809265137,15.68000030517578,124.0
8.9399995803833,15.81999969482422,125.0
9.15999984741211,15.619999885559082,126.0
9.359999656677246,15.640000343322754,127.0
9.31999969482422,15.800000190734863,128.0
9.4399995803833,15.720000267028809,129.0
9.420000076293944,15.84000015258789,130.0
9.020000457763672,15.84000015258789,131.0
9.020000457763672,15.899999618530272,132.0
8.979999542236328,15.899999618530272,133.0
9.0,15.800000190734863,134.0
9.119999885559082,15.9399995803833,135.0
8.880000114440918,15.520000457763672,136.0
9.239999771118164,15.800000190734863,137.0
9.199999809265137,15.84000015258789,138.0
9.18000030517578,15.979999542236328,139.0
9.0600004196167,16.020000457763672,140.0
8.979999542236328,15.81999969482422,141.0
9.18000030517578,15.81999969482422,142.0
9.140000343322754,15.81999969482422,143.0
9.15999984741211,15.800000190734863,144.0
9.119999885559082,15.800000190734863,145.0
9.079999923706056,15.779999732971191,146.0
9.220000267028809,15.720000267028809,147.0
9.140000343322754,15.760000228881836,148.0
9.119999885559082,15.81999969482422,149.0
9.18000030517578,15.800000190734863,150.0
9.380000114440918,15.68000030517578,151.0
9.380000114440918,15.619999885559082,152.0
9.239999771118164,15.579999923706056,153.0
9.399999618530272,15.520000457763672,154.0
9.279999732971191,15.720000267028809,155.0
9.220000267028809,15.899999618530272,156.0
9.239999771118164,16.040000915527344,157.0
9.279999732971191,16.040000915527344,158.0
9.18000030517578,15.65999984741211,159.0
9.260000228881836,15.600000381469728,160.0
9.279999732971191,15.5600004196167,161.0
9.31999969482422,15.5600004196167,162.0
9.199999809265137,15.520000457763672,163.0
9.31999969482422,15.5,164.0
9.18000030517578,15.600000381469728,165.0
9.220000267028809,15.640000343322754,166.0
9.039999961853027,15.81999969482422,167.0
9.039999961853027,15.779999732971191,168.0
8.979999542236328,15.579999923706056,169.0
9.220000267028809,15.520000457763672,170.0
9.699999809265137,15.5,171.0
9.380000114440918,15.68000030517578,172.0
9.31999969482422,15.619999885559082,173.0
9.380000114440918,15.720000267028809,174.0
9.359999656677246,15.65999984741211,175.0
9.279999732971191,15.739999771118164,176.0
9.5,15.600000381469728,177.0
9.5,15.600000381469728,178.0
9.380000114440918,15.600000381469728,179.0
9.140000343322754,15.539999961853027,180.0
9.399999618530272,15.34000015258789,181.0
9.359999656677246,15.460000038146973,182.0
9.4399995803833,15.65999984741211,183.0
9.020000457763672,15.68000030517578,184.0
9.420000076293944,15.619999885559082,185.0
9.239999771118164,15.479999542236328,186.0
9.260000228881836,15.65999984741211,187.0
9.300000190734863,15.300000190734863,188.0
9.460000038146973,15.619999885559082,189.0
9.420000076293944,15.68000030517578,190.0
9.220000267028809,15.65999984741211,191.0
9.279999732971191,15.600000381469728,192.0
9.260000228881836,15.460000038146973,193.0
9.31999969482422,15.279999732971191,194.0
9.18000030517578,15.359999656677246,195.0
9.300000190734863,15.5600004196167,196.0
9.119999885559082,15.68000030517578,197.0
9.199999809265137,15.68000030517578,198.0
9.479999542236328,15.640000343322754,199.0
9.300000190734863,15.34000015258789,200.0
9.300000190734863,15.239999771118164,201.0
9.279999732971191,15.199999809265137,202.0
9.399999618530272,15.5600004196167,203.0
9.460000038146973,15.539999961853027,204.0
9.460000038146973,15.65999984741211,205.0
9.279999732971191,15.65999984741211,206.0
9.399999618530272,15.68000030517578,207.0
9.279999732971191,15.65999984741211,208.0
9.420000076293944,15.68000030517578,209.0
9.18000030517578,15.779999732971191,210.0
9.18000030517578,15.65999984741211,211.0
9.359999656677246,15.4399995803833,212.0
9.260000228881836,15.300000190734863,213.0
9.039999961853027,15.34000015258789,214.0
9.420000076293944,15.65999984741211,215.0
9.15999984741211,15.68000030517578,216.0
9.199999809265137,15.65999984741211,217.0
9.300000190734863,15.81999969482422,218.0
9.420000076293944,15.739999771118164,219.0
9.199999809265137,15.84000015258789,220.0
9.15999984741211,15.84000015258789,221.0
9.199999809265137,15.619999885559082,222.0
9.140000343322754,15.399999618530272,223.0
9.279999732971191,15.31999969482422,224.0
9.31999969482422,15.34000015258789,225.0
9.0600004196167,15.520000457763672,226.0
9.119999885559082,15.5600004196167,227.0
9.199999809265137,15.4399995803833,228.0
9.199999809265137,15.279999732971191,229.0
9.600000381469728,15.5,230.0
9.260000228881836,15.81999969482422,231.0
9.300000190734863,15.68000030517578,232.0
9.31999969482422,15.619999885559082,233.0
9.31999969482422,15.65999984741211,234.0
9.100000381469728,15.140000343322754,235.0
9.199999809265137,15.239999771118164,236.0
9.279999732971191,15.619999885559082,237.0
9.31999969482422,15.619999885559082,238.0
9.199999809265137,15.380000114440918,239.0
9.31999969482422,15.460000038146973,240.0
9.119999885559082,15.5,241.0
9.220000267028809,15.619999885559082,242.0
9.34000015258789,15.760000228881836,243.0
9.239999771118164,15.699999809265137,244.0
9.119999885559082,15.68000030517578,245.0
9.34000015258789,15.5600004196167,246.0
9.220000267028809,15.68000030517578,247.0
9.260000228881836,15.600000381469728,248.0
9.239999771118164,15.619999885559082,249.0
9.279999732971191,15.65999984741211,250.0
9.380000114440918,15.68000030517578,251.0
9.15999984741211,15.739999771118164,252.0
9.15999984741211,15.640000343322754,253.0
9.199999809265137,15.68000030517578,254.0
9.300000190734863,15.460000038146973,255.0
9.140000343322754,15.520000457763672,256.0
9.220000267028809,15.800000190734863,257.0
9.15999984741211,15.779999732971191,258.0
9.34000015258789,15.640000343322754,259.0
9.039999961853027,15.68000030517578,260.0
9.199999809265137,15.880000114440918,261.0
9.140000343322754,15.81999969482422,262.0
9.380000114440918,15.9399995803833,263.0
9.399999618530272,15.920000076293944,264.0
9.420000076293944,16.079999923706055,265.0
9.359999656677246,15.81999969482422,266.0
9.34000015258789,16.0,267.0
9.079999923706056,15.960000038146973,268.0
9.34000015258789,15.760000228881836,269.0
9.380000114440918,15.84000015258789,270.0
9.31999969482422,15.760000228881836,271.0
9.4399995803833,16.059999465942383,272.0
9.420000076293944,15.920000076293944,273.0
9.4399995803833,15.68000030517578,274.0
9.300000190734863,15.779999732971191,275.0
9.34000015258789,15.979999542236328,276.0
9.140000343322754,15.9399995803833,277.0
9.18000030517578,16.0,278.0
8.960000038146973,15.760000228881836,279.0
9.279999732971191,15.760000228881836,280.0
9.279999732971191,15.859999656677246,281.0
9.0,15.81999969482422,282.0
9.119999885559082,16.0,283.0
9.279999732971191,15.920000076293944,284.0
9.119999885559082,15.899999618530272,285.0
9.199999809265137,15.720000267028809,286.0
9.100000381469728,15.81999969482422,287.0
9.34000015258789,16.040000915527344,288.0
9.199999809265137,15.739999771118164,289.0
9.15999984741211,15.539999961853027,290.0
9.18000030517578,15.65999984741211,291.0
9.18000030517578,15.920000076293944,292.0
9.0600004196167,15.800000190734863,293.0
9.279999732971191,15.5,294.0
9.239999771118164,15.479999542236328,295.0
9.31999969482422,15.5600004196167,296.0
9.15999984741211,15.600000381469728,297.0
9.15999984741211,15.5600004196167,298.0
9.34000015258789,15.699999809265137,299.0
9.15999984741211,15.619999885559082,300.0
9.0600004196167,15.619999885559082,301.0
9.279999732971191,15.420000076293944,302.0
9.31999969482422,15.5,303.0
9.359999656677246,15.579999923706056,304.0
9.34000015258789,15.539999961853027,305.0
9.15999984741211,15.640000343322754,306.0
9.119999885559082,15.5600004196167,307.0
9.079999923706056,15.5,308.0
9.020000457763672,15.520000457763672,309.0
9.140000343322754,15.739999771118164,310.0
9.15999984741211,15.5,311.0
9.119999885559082,15.380000114440918,312.0
9.100000381469728,15.460000038146973,313.0
8.960000038146973,15.300000190734863,314.0
9.15999984741211,15.520000457763672,315.0
9.140000343322754,15.520000457763672,316.0
9.079999923706056,15.5600004196167,317.0
9.18000030517578,15.5,318.0
9.100000381469728,15.619999885559082,319.0
9.039999961853027,15.5600004196167,320.0
9.100000381469728,15.600000381469728,321.0
8.960000038146973,15.460000038146973,322.0
8.960000038146973,15.399999618530272,323.0
9.0,15.420000076293944,324.0
8.920000076293945,15.68000030517578,325.0
8.9399995803833,15.65999984741211,326.0
8.920000076293945,15.5,327.0
9.15999984741211,15.579999923706056,328.0
8.960000038146973,15.65999984741211,329.0
8.960000038146973,15.720000267028809,330.0
8.960000038146973,15.800000190734863,331.0
8.9399995803833,15.65999984741211,332.0
9.020000457763672,15.579999923706056,333.0
8.920000076293945,15.619999885559082,334.0
9.0,15.579999923706056,335.0
8.9399995803833,15.460000038146973,336.0
9.119999885559082,15.5600004196167,337.0
9.020000457763672,15.619999885559082,338.0
9.020000457763672,15.520000457763672,339.0
8.960000038146973,15.579999923706056,340.0
9.020000457763672,15.5600004196167,341.0
9.0,15.640000343322754,342.0
9.0,15.619999885559082,343.0
9.020000457763672,15.739999771118164,344.0
9.079999923706056,15.720000267028809,345.0
8.9399995803833,15.5,346.0
8.979999542236328,15.619999885559082,347.0
9.0,15.699999809265137,348.0
8.979999542236328,16.1200008392334,349.0
8.960000038146973,15.81999969482422,350.0
9.020000457763672,15.760000228881836,351.0
9.020000457763672,15.65999984741211,352.0
9.0600004196167,15.34000015258789,353.0
8.979999542236328,15.300000190734863,354.0
9.119999885559082,15.619999885559082,355.0
9.079999923706056,15.720000267028809,356.0
9.039999961853027,15.5600004196167,357.0
9.020000457763672,15.779999732971191,358.0
9.100000381469728,15.859999656677246,359.0
9.0600004196167,15.600000381469728,360.0
9.039999961853027,15.5,361.0
9.039999961853027,15.65999984741211,362.0
8.920000076293945,15.699999809265137,363.0
9.039999961853027,15.5,364.0
9.140000343322754,15.399999618530272,365.0
9.119999885559082,15.539999961853027,366.0
9.34000015258789,15.720000267028809,367.0
9.260000228881836,15.640000343322754,368.0
9.140000343322754,15.579999923706056,369.0
8.899999618530273,15.619999885559082,370.0
9.119999885559082,15.65999984741211,371.0
9.119999885559082,15.619999885559082,372.0
9.079999923706056,15.65999984741211,373.0
9.0600004196167,15.579999923706056,374.0
9.15999984741211,15.579999923706056,375.0
9.119999885559082,15.600000381469728,376.0
9.119999885559082,15.65999984741211,377.0
9.100000381469728,15.5600004196167,378.0
9.079999923706056,15.65999984741211,379.0
9.079999923706056,15.779999732971191,380.0
9.079999923706056,15.619999885559082,381.0
9.079999923706056,15.5,382.0
9.15999984741211,15.65999984741211,383.0
9.239999771118164,15.68000030517578,384.0
9.31999969482422,15.920000076293944,385.0
9.0600004196167,15.899999618530272,386.0
9.100000381469728,15.619999885559082,387.0
9.220000267028809,15.5600004196167,388.0
8.979999542236328,15.5600004196167,389.0
9.0,15.739999771118164,390.0
9.0600004196167,15.720000267028809,391.0
9.18000030517578,15.5,392.0
9.020000457763672,15.460000038146973,393.0
8.899999618530273,15.5,394.0
9.079999923706056,15.640000343322754,395.0
9.15999984741211,15.5600004196167,396.0
9.239999771118164,15.65999984741211,397.0
9.039999961853027,15.600000381469728,398.0
9.020000457763672,15.460000038146973,399.0
9.079999923706056,15.65999984741211,400.0
9.239999771118164,15.619999885559082,401.0
9.220000267028809,15.779999732971191,402.0
9.020000457763672,15.699999809265137,403.0
9.15999984741211,15.399999618530272,404.0
9.34000015258789,15.579999923706056,405.0
9.119999885559082,15.5600004196167,406.0
9.0,15.399999618530272,407.0
8.960000038146973,15.539999961853027,408.0
9.119999885559082,15.539999961853027,409.0
9.020000457763672,15.739999771118164,410.0
9.15999984741211,15.800000190734863,411.0
9.359999656677246,15.640000343322754,412.0
9.260000228881836,15.619999885559082,413.0
9.260000228881836,15.520000457763672,414.0
9.079999923706056,15.420000076293944,415.0
9.239999771118164,15.380000114440918,416.0
9.239999771118164,15.100000381469728,417.0
9.199999809265137,15.34000015258789,418.0
9.359999656677246,15.380000114440918,419.0
9.15999984741211,15.020000457763672,420.0
9.0600004196167,15.119999885559082,421.0
9.100000381469728,15.399999618530272,422.0
9.260000228881836,15.34000015258789,423.0
9.119999885559082,15.5,424.0
9.15999984741211,15.18000030517578,425.0
9.119999885559082,15.420000076293944,426.0
9.0,15.399999618530272,427.0
8.960000038146973,15.31999969482422,428.0
8.960000038146973,15.039999961853027,429.0
8.979999542236328,15.300000190734863,430.0
9.020000457763672,15.140000343322754,431.0
9.039999961853027,14.84000015258789,432.0
9.079999923706056,14.84000015258789,433.0
9.0,14.899999618530272,434.0
9.0600004196167,14.859999656677246,435.0
9.0,15.380000114440918,436.0
8.960000038146973,14.079999923706056,437.0
8.779999732971191,14.5,438.0
9.0,14.420000076293944,439.0
9.020000457763672,15.420000076293944,440.0
8.960000038146973,14.600000381469728,441.0
9.0600004196167,14.68000030517578,442.0
8.960000038146973,14.920000076293944,443.0
9.119999885559082,14.9399995803833,444.0
9.199999809265137,15.020000457763672,445.0
9.039999961853027,15.079999923706056,446.0
8.84000015258789,15.220000267028809,447.0
8.920000076293945,15.199999809265137,448.0
8.979999542236328,15.0,449.0
8.979999542236328,14.68000030517578,450.0
8.960000038146973,14.84000015258789,451.0
9.079999923706056,14.899999618530272,452.0
9.119999885559082,15.079999923706056,453.0
9.020000457763672,15.15999984741211,454.0
9.0,15.31999969482422,455.0
9.199999809265137,15.260000228881836,456.0
8.9399995803833,15.65999984741211,457.0
9.020000457763672,15.5600004196167,458.0
9.039999961853027,15.720000267028809,459.0
9.15999984741211,15.84000015258789,460.0
9.0600004196167,15.739999771118164,461.0
8.960000038146973,15.300000190734863,462.0
9.020000457763672,15.039999961853027,463.0
9.079999923706056,15.199999809265137,464.0
8.979999542236328,14.800000190734863,465.0
9.020000457763672,14.760000228881836,466.0
8.979999542236328,14.920000076293944,467.0
8.9399995803833,15.0,468.0
8.899999618530273,15.079999923706056,469.0
8.819999694824219,15.300000190734863,470.0
8.979999542236328,15.81999969482422,471.0
9.020000457763672,15.65999984741211,472.0
9.100000381469728,15.65999984741211,473.0
9.0600004196167,15.779999732971191,474.0
9.020000457763672,15.68000030517578,475.0
9.079999923706056,15.539999961853027,476.0
9.079999923706056,15.100000381469728,477.0
9.18000030517578,16.040000915527344,478.0
9.079999923706056,15.479999542236328,479.0
9.039999961853027,15.34000015258789,480.0
9.079999923706056,15.239999771118164,481.0
9.039999961853027,15.220000267028809,482.0
9.220000267028809,15.399999618530272,483.0
9.0,15.399999618530272,484.0
9.020000457763672,15.18000030517578,485.0
9.100000381469728,14.699999809265137,486.0
9.039999961853027,15.0600004196167,487.0
9.100000381469728,15.079999923706056,488.0
8.960000038146973,14.760000228881836,489.0
8.979999542236328,14.600000381469728,490.0
9.020000457763672,14.65999984741211,491.0
8.979999542236328,14.920000076293944,492.0
9.119999885559082,14.979999542236328,493.0
9.119999885559082,15.039999961853027,494.0
9.0600004196167,14.5600004196167,495.0
9.199999809265137,14.640000343322754,496.0
9.079999923706056,15.119999885559082,497.0
9.140000343322754,15.18000030517578,498.0
9.0600004196167,14.979999542236328,499.0
9.100000381469728,15.34000015258789,500.0
9.100000381469728,15.199999809265137,501.0
9.140000343322754,14.779999732971191,502.0
9.0,14.81999969482422,503.0
9.100000381469728,15.4399995803833,504.0
9.0600004196167,15.079999923706056,505.0
9.0,14.760000228881836,506.0
9.020000457763672,14.960000038146973,507.0
8.9399995803833,14.880000114440918,508.0
8.9399995803833,14.739999771118164,509.0
9.039999961853027,14.880000114440918,510.0
9.039999961853027,14.65999984741211,511.0
9.079999923706056,15.0600004196167,512.0
8.960000038146973,14.920000076293944,513.0
9.079999923706056,14.899999618530272,514.0
9.079999923706056,15.220000267028809,515.0
9.079999923706056,14.720000267028809,516.0
9.079999923706056,14.920000076293944,517.0
9.119999885559082,15.300000190734863,518.0
9.119999885559082,15.199999809265137,519.0
9.140000343322754,15.460000038146973,520.0
9.079999923706056,15.31999969482422,521.0
9.0600004196167,15.020000457763672,522.0
9.0,15.119999885559082,523.0
8.960000038146973,15.460000038146973,524.0
8.960000038146973,15.600000381469728,525.0
8.960000038146973,15.460000038146973,526.0
9.0,15.260000228881836,527.0
9.039999961853027,15.359999656677246,528.0
9.079999923706056,15.300000190734863,529.0
9.039999961853027,15.399999618530272,530.0
9.0,15.460000038146973,531.0
9.0,15.600000381469728,532.0
9.100000381469728,15.640000343322754,533.0
9.140000343322754,15.34000015258789,534.0
9.039999961853027,15.34000015258789,535.0
8.960000038146973,15.279999732971191,536.0
8.979999542236328,15.359999656677246,537.0
8.960000038146973,15.300000190734863,538.0
9.15999984741211,15.399999618530272,539.0
8.960000038146973,14.899999618530272,540.0
9.039999961853027,14.380000114440918,541.0
9.039999961853027,15.279999732971191,542.0
9.199999809265137,15.380000114440918,543.0
8.9399995803833,15.5,544.0
8.920000076293945,15.380000114440918,545.0
9.0,15.479999542236328,546.0
9.0,15.520000457763672,547.0
8.960000038146973,15.600000381469728,548.0
9.0,15.539999961853027,549.0
9.140000343322754,15.119999885559082,550.0
9.119999885559082,14.699999809265137,551.0
9.140000343322754,15.279999732971191,552.0
9.0600004196167,14.960000038146973,553.0
9.039999961853027,15.539999961853027,554.0
9.119999885559082,15.18000030517578,555.0
9.0600004196167,15.199999809265137,556.0
8.979999542236328,15.260000228881836,557.0
9.079999923706056,15.279999732971191,558.0
9.039999961853027,15.020000457763672,559.0
9.079999923706056,15.039999961853027,560.0
9.0600004196167,15.15999984741211,561.0
9.039999961853027,15.300000190734863,562.0
8.979999542236328,15.399999618530272,563.0
9.0600004196167,15.100000381469728,564.0
9.039999961853027,15.18000030517578,565.0
9.0,15.260000228881836,566.0
8.880000114440918,15.260000228881836,567.0
8.819999694824219,15.479999542236328,568.0
8.84000015258789,14.84000015258789,569.0
8.920000076293945,14.859999656677246,570.0
8.760000228881836,14.81999969482422,571.0
8.800000190734863,15.140000343322754,572.0
9.239999771118164,15.260000228881836,573.0
8.899999618530273,15.34000015258789,574.0
8.979999542236328,15.34000015258789,575.0
9.020000457763672,15.100000381469728,576.0
8.9399995803833,14.9399995803833,577.0
8.960000038146973,15.100000381469728,578.0
8.960000038146973,15.220000267028809,579.0
9.039999961853027,15.119999885559082,580.0
9.079999923706056,15.100000381469728,581.0
8.920000076293945,15.020000457763672,582.0
9.0,15.31999969482422,583.0
9.079999923706056,15.15999984741211,584.0
9.0600004196167,15.15999984741211,585.0
9.020000457763672,15.0600004196167,586.0
9.079999923706056,14.899999618530272,587.0
9.039999961853027,15.18000030517578,588.0
8.920000076293945,15.18000030517578,589.0
8.880000114440918,15.34000015258789,590.0
8.920000076293945,15.199999809265137,591.0
8.9399995803833,15.279999732971191,592.0
8.920000076293945,15.300000190734863,593.0
8.960000038146973,15.199999809265137,594.0
8.9399995803833,15.380000114440918,595.0
8.960000038146973,15.260000228881836,596.0
8.960000038146973,15.239999771118164,597.0
8.960000038146973,14.880000114440918,598.0
8.880000114440918,15.239999771118164,599.0
8.960000038146973,15.359999656677246,600.0
9.220000267028809,15.140000343322754,601.0
9.020000457763672,15.300000190734863,602.0
9.039999961853027,15.34000015258789,603.0
9.039999961853027,15.399999618530272,604.0
9.0,15.119999885559082,605.0
8.979999542236328,14.81999969482422,606.0
9.020000457763672,14.84000015258789,607.0
8.920000076293945,15.220000267028809,608.0
8.960000038146973,15.279999732971191,609.0
9.0,15.380000114440918,610.0
9.039999961853027,15.079999923706056,611.0
9.0600004196167,15.0600004196167,612.0
8.960000038146973,14.920000076293944,613.0
9.020000457763672,14.9399995803833,614.0
9.079999923706056,14.920000076293944,615.0
9.079999923706056,15.140000343322754,616.0
9.0,15.140000343322754,617.0
8.9399995803833,15.100000381469728,618.0
8.960000038146973,15.34000015258789,619.0
8.960000038146973,15.300000190734863,620.0
9.0,15.300000190734863,621.0
9.0,15.18000030517578,622.0
9.0,15.34000015258789,623.0
9.0,15.300000190734863,624.0
8.859999656677246,15.0,625.0
8.960000038146973,15.279999732971191,626.0
8.880000114440918,15.300000190734863,627.0
8.880000114440918,15.199999809265137,628.0
9.0,15.260000228881836,629.0
9.079999923706056,15.020000457763672,630.0
8.920000076293945,14.859999656677246,631.0
9.039999961853027,14.920000076293944,632.0
9.039999961853027,15.18000030517578,633.0
9.0,14.640000343322754,634.0
9.0,14.960000038146973,635.0
8.960000038146973,15.300000190734863,636.0
9.039999961853027,15.5,637.0
9.020000457763672,15.600000381469728,638.0
8.920000076293945,14.579999923706056,639.0
8.920000076293945,14.5600004196167,640.0
8.920000076293945,14.68000030517578,641.0
8.920000076293945,14.739999771118164,642.0
8.899999618530273,14.9399995803833,643.0
8.880000114440918,14.619999885559082,644.0
8.960000038146973,15.079999923706056,645.0
8.9399995803833,15.300000190734863,646.0
8.960000038146973,15.239999771118164,647.0
9.0,14.960000038146973,648.0
8.859999656677246,14.899999618530272,649.0
8.9399995803833,14.779999732971191,650.0
9.079999923706056,14.920000076293944,651.0
9.039999961853027,14.920000076293944,652.0
9.0600004196167,15.119999885559082,653.0
8.880000114440918,15.300000190734863,654.0
8.920000076293945,15.34000015258789,655.0
8.859999656677246,15.380000114440918,656.0
8.819999694824219,15.460000038146973,657.0
9.020000457763672,15.260000228881836,658.0
9.039999961853027,15.079999923706056,659.0
8.9399995803833,15.020000457763672,660.0
8.899999618530273,15.119999885559082,661.0
8.899999618530273,15.079999923706056,662.0
9.0,15.199999809265137,663.0
9.15999984741211,15.260000228881836,664.0
8.84000015258789,15.18000030517578,665.0
9.0600004196167,14.960000038146973,666.0
9.119999885559082,15.34000015258789,667.0
9.039999961853027,15.34000015258789,668.0
9.020000457763672,15.4399995803833,669.0
9.0,15.460000038146973,670.0
9.0,15.5,671.0
8.979999542236328,15.5,672.0
8.920000076293945,15.359999656677246,673.0
8.84000015258789,15.300000190734863,674.0
9.100000381469728,15.539999961853027,675.0
9.0,15.479999542236328,676.0
9.0,15.34000015258789,677.0
9.0,15.279999732971191,678.0
9.0,15.039999961853027,679.0
9.0,15.100000381469728,680.0
8.920000076293945,15.34000015258789,681.0
8.9399995803833,15.359999656677246,682.0
9.0,15.34000015258789,683.0
9.039999961853027,15.199999809265137,684.0
9.020000457763672,15.18000030517578,685.0
8.920000076293945,15.300000190734863,686.0
8.920000076293945,15.279999732971191,687.0
8.979999542236328,15.359999656677246,688.0
8.960000038146973,15.239999771118164,689.0
8.960000038146973,15.399999618530272,690.0
8.920000076293945,15.0600004196167,691.0
9.0600004196167,15.079999923706056,692.0
9.0600004196167,15.119999885559082,693.0
9.020000457763672,15.260000228881836,694.0
9.079999923706056,15.199999809265137,695.0
9.0600004196167,15.359999656677246,696.0
9.0,15.479999542236328,697.0
8.979999542236328,15.300000190734863,698.0
8.979999542236328,15.5,699.0
9.100000381469728,15.5600004196167,700.0
9.100000381469728,15.5,701.0
9.0,15.4399995803833,702.0
8.800000190734863,15.260000228881836,703.0
8.979999542236328,15.260000228881836,704.0
8.960000038146973,15.239999771118164,705.0
8.979999542236328,15.18000030517578,706.0
8.9399995803833,15.079999923706056,707.0
8.979999542236328,15.119999885559082,708.0
8.979999542236328,15.420000076293944,709.0
8.960000038146973,15.600000381469728,710.0
8.9399995803833,15.460000038146973,711.0
8.880000114440918,15.399999618530272,712.0
8.9399995803833,15.420000076293944,713.0
8.9399995803833,15.0600004196167,714.0
8.899999618530273,14.920000076293944,715.0
8.9399995803833,15.199999809265137,716.0
8.920000076293945,15.300000190734863,717.0
8.920000076293945,15.199999809265137,718.0
8.880000114440918,14.960000038146973,719.0
9.039999961853027,15.31999969482422,720.0
8.859999656677246,15.380000114440918,721.0
8.899999618530273,15.359999656677246,722.0
9.020000457763672,15.199999809265137,723.0
9.079999923706056,15.0,724.0
9.039999961853027,15.0,725.0
9.0600004196167,14.960000038146973,726.0
9.119999885559082,15.039999961853027,727.0
9.079999923706056,15.039999961853027,728.0
9.020000457763672,15.0,729.0
9.039999961853027,15.100000381469728,730.0
9.079999923706056,15.18000030517578,731.0
9.0,15.079999923706056,732.0
8.800000190734863,15.100000381469728,733.0
9.020000457763672,15.239999771118164,734.0
9.039999961853027,15.199999809265137,735.0
9.079999923706056,15.220000267028809,736.0
8.979999542236328,15.260000228881836,737.0
8.960000038146973,15.399999618530272,738.0
8.920000076293945,15.460000038146973,739.0
8.920000076293945,15.300000190734863,740.0
8.920000076293945,15.31999969482422,741.0
8.979999542236328,15.31999969482422,742.0
9.0,15.300000190734863,743.0
8.899999618530273,15.279999732971191,744.0
8.84000015258789,15.239999771118164,745.0
8.920000076293945,15.199999809265137,746.0
9.020000457763672,14.920000076293944,747.0
9.039999961853027,14.880000114440918,748.0
9.140000343322754,15.15999984741211,749.0
9.119999885559082,15.260000228881836,750.0
8.800000190734863,15.15999984741211,751.0
9.079999923706056,15.039999961853027,752.0
8.859999656677246,14.619999885559082,753.0
8.899999618530273,14.4399995803833,754.0
8.9399995803833,14.899999618530272,755.0
9.140000343322754,14.84000015258789,756.0
8.960000038146973,15.220000267028809,757.0
9.0,15.460000038146973,758.0
9.0,15.18000030517578,759.0
9.039999961853027,14.640000343322754,760.0
9.020000457763672,14.739999771118164,761.0
9.039999961853027,15.039999961853027,762.0
8.960000038146973,15.220000267028809,763.0
9.0,15.239999771118164,764.0
9.020000457763672,14.760000228881836,765.0
9.039999961853027,14.479999542236328,766.0
8.960000038146973,15.800000190734863,767.0
8.979999542236328,15.140000343322754,768.0
9.140000343322754,14.779999732971191,769.0
8.84000015258789,14.920000076293944,770.0
8.880000114440918,15.119999885559082,771.0
9.039999961853027,15.239999771118164,772.0
9.079999923706056,15.079999923706056,773.0
9.100000381469728,15.119999885559082,774.0
9.0600004196167,14.920000076293944,775.0
8.9399995803833,14.899999618530272,776.0
9.020000457763672,15.520000457763672,777.0
8.899999618530273,15.5600004196167,778.0
8.9399995803833,15.279999732971191,779.0
8.960000038146973,15.479999542236328,780.0
9.0,15.140000343322754,781.0
9.079999923706056,15.4399995803833,782.0
9.119999885559082,14.920000076293944,783.0
9.0600004196167,15.399999618530272,784.0
9.140000343322754,15.300000190734863,785.0
9.039999961853027,15.0600004196167,786.0
8.979999542236328,15.239999771118164,787.0
9.020000457763672,15.239999771118164,788.0
8.960000038146973,15.34000015258789,789.0
9.0,15.5,790.0
9.020000457763672,15.18000030517578,791.0
9.020000457763672,15.140000343322754,792.0
9.020000457763672,15.220000267028809,793.0
8.800000190734863,15.300000190734863,794.0
8.9399995803833,15.359999656677246,795.0
9.0,15.520000457763672,796.0
9.100000381469728,15.220000267028809,797.0
8.9399995803833,15.0600004196167,798.0
8.979999542236328,15.359999656677246,799.0
8.960000038146973,15.520000457763672,800.0
8.880000114440918,15.380000114440918,801.0
9.0,15.479999542236328,802.0
8.800000190734863,15.119999885559082,803.0
8.760000228881836,15.239999771118164,804.0
8.920000076293945,15.380000114440918,805.0
8.960000038146973,15.479999542236328,806.0
8.960000038146973,15.300000190734863,807.0
8.920000076293945,15.760000228881836,808.0
8.859999656677246,15.380000114440918,809.0
8.859999656677246,15.359999656677246,810.0
8.899999618530273,15.4399995803833,811.0
8.84000015258789,15.65999984741211,812.0
8.819999694824219,15.18000030517578,813.0
8.880000114440918,15.199999809265137,814.0
8.859999656677246,15.140000343322754,815.0
8.9399995803833,15.239999771118164,816.0
8.920000076293945,15.220000267028809,817.0
9.020000457763672,15.140000343322754,818.0
8.979999542236328,15.0600004196167,819.0
8.760000228881836,15.119999885559082,820.0
8.960000038146973,15.460000038146973,821.0
8.819999694824219,15.220000267028809,822.0
9.020000457763672,14.899999618530272,823.0
8.960000038146973,15.31999969482422,824.0
8.920000076293945,15.380000114440918,825.0
8.920000076293945,14.920000076293944,826.0
8.920000076293945,14.880000114440918,827.0
8.9399995803833,15.079999923706056,828.0
8.9399995803833,15.199999809265137,829.0
9.0,15.199999809265137,830.0
9.039999961853027,15.18000030517578,831.0
8.9399995803833,15.140000343322754,832.0
9.039999961853027,15.220000267028809,833.0
8.979999542236328,15.239999771118164,834.0
9.0,15.260000228881836,835.0
8.880000114440918,15.140000343322754,836.0
8.960000038146973,15.220000267028809,837.0
8.9399995803833,15.15999984741211,838.0
9.0,15.119999885559082,839.0
8.920000076293945,14.800000190734863,840.0
8.84000015258789,14.699999809265137,841.0
8.9399995803833,15.079999923706056,842.0
8.920000076293945,14.960000038146973,843.0
8.880000114440918,15.199999809265137,844.0
8.920000076293945,15.260000228881836,845.0
8.9399995803833,15.199999809265137,846.0
8.899999618530273,15.039999961853027,847.0
8.899999618530273,14.420000076293944,848.0
8.899999618530273,14.979999542236328,849.0
8.880000114440918,14.739999771118164,850.0
8.880000114440918,14.720000267028809,851.0
9.0,14.9399995803833,852.0
8.960000038146973,16.299999237060547,853.0
8.920000076293945,15.140000343322754,854.0
8.84000015258789,14.81999969482422,855.0
8.84000015258789,14.899999618530272,856.0
8.859999656677246,14.859999656677246,857.0
8.960000038146973,15.039999961853027,858.0
8.920000076293945,15.279999732971191,859.0
9.0,15.399999618530272,860.0
9.039999961853027,15.0,861.0
9.0,14.899999618530272,862.0
9.0,15.140000343322754,863.0
9.039999961853027,15.279999732971191,864.0
9.020000457763672,15.539999961853027,865.0
9.039999961853027,15.600000381469728,866.0
8.979999542236328,15.619999885559082,867.0
8.9399995803833,15.81999969482422,868.0
8.979999542236328,15.739999771118164,869.0
8.979999542236328,15.579999923706056,870.0
8.979999542236328,15.420000076293944,871.0
9.039999961853027,15.479999542236328,872.0
9.0,15.579999923706056,873.0
8.979999542236328,15.539999961853027,874.0
8.979999542236328,15.34000015258789,875.0
8.960000038146973,15.18000030517578,876.0
9.0,14.960000038146973,877.0
8.9399995803833,15.720000267028809,878.0
8.960000038146973,15.380000114440918,879.0
8.960000038146973,15.140000343322754,880.0
8.9399995803833,15.15999984741211,881.0
9.0600004196167,15.119999885559082,882.0
8.920000076293945,15.260000228881836,883.0
8.920000076293945,15.359999656677246,884.0
8.9399995803833,15.399999618530272,885.0
9.0,15.399999618530272,886.0
8.960000038146973,15.479999542236328,887.0
9.039999961853027,15.81999969482422,888.0
8.9399995803833,15.65999984741211,889.0
8.979999542236328,15.720000267028809,890.0
8.979999542236328,15.81999969482422,891.0
8.920000076293945,nan,892.0
8.880000114440918,15.399999618530272,893.0
9.0,15.380000114440918,894.0
8.84000015258789,14.81999969482422,895.0
8.819999694824219,15.079999923706056,896.0
8.880000114440918,15.079999923706056,897.0
8.859999656677246,15.5,898.0
8.920000076293945,15.4399995803833,899.0
8.979999542236328,15.600000381469728,900.0
8.920000076293945,15.619999885559082,901.0
8.920000076293945,15.5600004196167,902.0
8.859999656677246,15.239999771118164,903.0
8.779999732971191,14.739999771118164,904.0
8.880000114440918,14.920000076293944,905.0
9.079999923706056,nan,906.0
9.0,14.81999969482422,907.0
8.920000076293945,15.039999961853027,908.0
9.0,15.579999923706056,909.0
9.079999923706056,15.380000114440918,910.0
9.119999885559082,15.539999961853027,911.0
9.0600004196167,15.579999923706056,912.0
9.079999923706056,16.100000381469727,913.0
9.079999923706056,15.539999961853027,914.0
8.960000038146973,15.079999923706056,915.0
9.15999984741211,15.140000343322754,916.0
8.9399995803833,15.020000457763672,917.0
8.9399995803833,15.079999923706056,918.0
9.0,15.5600004196167,919.0
8.979999542236328,15.0600004196167,920.0
9.079999923706056,15.640000343322754,921.0
9.079999923706056,15.720000267028809,922.0
8.960000038146973,15.68000030517578,923.0
8.9399995803833,15.600000381469728,924.0
8.920000076293945,15.619999885559082,925.0
8.9399995803833,15.460000038146973,926.0
9.0,15.4399995803833,927.0
8.960000038146973,15.359999656677246,928.0
9.0,15.31999969482422,929.0
9.020000457763672,15.31999969482422,930.0
9.0,15.039999961853027,931.0
9.0,14.739999771118164,932.0
9.0,15.119999885559082,933.0
9.039999961853027,15.279999732971191,934.0
9.020000457763672,15.460000038146973,935.0
9.0,15.279999732971191,936.0
8.960000038146973,15.4399995803833,937.0
8.960000038146973,15.4399995803833,938.0
9.079999923706056,14.600000381469728,939.0
8.960000038146973,14.239999771118164,940.0
8.960000038146973,14.460000038146973,941.0
8.920000076293945,15.220000267028809,942.0
8.920000076293945,14.800000190734863,943.0
8.960000038146973,14.760000228881836,944.0
8.920000076293945,14.859999656677246,945.0
8.960000038146973,14.800000190734863,946.0
9.079999923706056,14.800000190734863,947.0
9.020000457763672,14.880000114440918,948.0
9.079999923706056,14.920000076293944,949.0
9.020000457763672,15.039999961853027,950.0
8.920000076293945,15.18000030517578,951.0
8.960000038146973,15.039999961853027,952.0
9.0,15.079999923706056,953.0
8.800000190734863,15.239999771118164,954.0
8.84000015258789,15.199999809265137,955.0
8.899999618530273,15.239999771118164,956.0
8.899999618530273,15.260000228881836,957.0
8.880000114440918,15.220000267028809,958.0
8.9399995803833,15.140000343322754,959.0
8.960000038146973,15.199999809265137,960.0
9.039999961853027,15.359999656677246,961.0
9.020000457763672,15.220000267028809,962.0
9.0,15.260000228881836,963.0
8.979999542236328,15.380000114440918,964.0
9.0,15.100000381469728,965.0
9.0,15.020000457763672,966.0
9.0,15.079999923706056,967.0
9.0,15.18000030517578,968.0
8.9399995803833,15.140000343322754,969.0
9.0600004196167,15.18000030517578,970.0
8.9399995803833,15.239999771118164,971.0
9.0,15.079999923706056,972.0
9.020000457763672,15.119999885559082,973.0
9.020000457763672,15.199999809265137,974.0
9.0,14.859999656677246,975.0
8.920000076293945,14.739999771118164,976.0
8.84000015258789,15.239999771118164,977.0
8.779999732971191,15.140000343322754,978.0
9.0,15.239999771118164,979.0
8.979999542236328,15.18000030517578,980.0
9.0,15.18000030517578,981.0
9.039999961853027,15.079999923706056,982.0
9.0,15.119999885559082,983.0
9.0,15.100000381469728,984.0
9.079999923706056,15.34000015258789,985.0
9.020000457763672,15.300000190734863,986.0
9.0600004196167,15.199999809265137,987.0
8.9399995803833,14.800000190734863,988.0
9.0,14.739999771118164,989.0
9.020000457763672,15.0600004196167,990.0
9.039999961853027,15.119999885559082,991.0
9.0,15.239999771118164,992.0
9.079999923706056,15.119999885559082,993.0
9.079999923706056,15.300000190734863,994.0
9.100000381469728,15.31999969482422,995.0
9.079999923706056,15.640000343322754,996.0
9.0,15.300000190734863,997.0
8.960000038146973,15.260000228881836,998.0
8.880000114440918,15.520000457763672,999.0
8.859999656677246,15.859999656677246,1000.0
8.899999618530273,15.4399995803833,1001.0
9.0,15.279999732971191,1002.0
8.979999542236328,14.960000038146973,1003.0
9.0600004196167,14.5600004196167,1004.0
9.020000457763672,15.0,1005.0
9.0,15.100000381469728,1006.0
8.960000038146973,15.079999923706056,1007.0
9.039999961853027,14.960000038146973,1008.0
9.0,15.079999923706056,1009.0
9.020000457763672,15.4399995803833,1010.0
9.0,15.279999732971191,1011.0
8.899999618530273,15.420000076293944,1012.0
8.880000114440918,14.739999771118164,1013.0
8.859999656677246,14.720000267028809,1014.0
8.880000114440918,14.600000381469728,1015.0
8.84000015258789,14.34000015258789,1016.0
9.0,14.65999984741211,1017.0
8.979999542236328,15.0600004196167,1018.0
8.899999618530273,14.920000076293944,1019.0
8.920000076293945,15.100000381469728,1020.0
8.920000076293945,14.859999656677246,1021.0
8.819999694824219,15.199999809265137,1022.0
8.859999656677246,15.18000030517578,1023.0
8.84000015258789,15.31999969482422,1024.0
8.880000114440918,15.140000343322754,1025.0
8.899999618530273,15.119999885559082,1026.0
8.859999656677246,15.760000228881836,1027.0
8.920000076293945,15.260000228881836,1028.0
8.920000076293945,15.220000267028809,1029.0
8.960000038146973,15.34000015258789,1030.0
8.960000038146973,15.34000015258789,1031.0
8.920000076293945,15.199999809265137,1032.0
8.920000076293945,15.15999984741211,1033.0
8.9399995803833,15.119999885559082,1034.0
8.960000038146973,15.18000030517578,1035.0
8.9399995803833,15.0600004196167,1036.0
8.920000076293945,15.0600004196167,1037.0
8.920000076293945,15.0,1038.0
8.859999656677246,15.5600004196167,1039.0
8.899999618530273,14.84000015258789,1040.0
8.84000015258789,15.020000457763672,1041.0
8.819999694824219,15.039999961853027,1042.0
8.84000015258789,14.899999618530272,1043.0
8.760000228881836,14.800000190734863,1044.0
8.779999732971191,14.640000343322754,1045.0
8.739999771118164,14.880000114440918,1046.0
8.760000228881836,14.579999923706056,1047.0
8.84000015258789,15.199999809265137,1048.0
8.859999656677246,15.199999809265137,1049.0
8.760000228881836,15.100000381469728,1050.0
8.760000228881836,15.079999923706056,1051.0
8.800000190734863,14.960000038146973,1052.0
8.859999656677246,15.0,1053.0
8.84000015258789,14.960000038146973,1054.0
8.859999656677246,15.039999961853027,1055.0
8.84000015258789,15.020000457763672,1056.0
8.84000015258789,15.039999961853027,1057.0
8.899999618530273,15.300000190734863,1058.0
8.859999656677246,15.31999969482422,1059.0
8.920000076293945,15.380000114440918,1060.0
8.920000076293945,15.18000030517578,1061.0
9.140000343322754,15.079999923706056,1062.0
8.779999732971191,14.920000076293944,1063.0
8.819999694824219,15.260000228881836,1064.0
8.880000114440918,15.239999771118164,1065.0
8.9399995803833,15.140000343322754,1066.0
8.880000114440918,15.079999923706056,1067.0
8.880000114440918,15.279999732971191,1068.0
8.859999656677246,15.380000114440918,1069.0
8.899999618530273,15.460000038146973,1070.0
8.9399995803833,15.0,1071.0
9.0,15.199999809265137,1072.0
8.859999656677246,15.199999809265137,1073.0
8.880000114440918,15.279999732971191,1074.0
8.880000114440918,15.119999885559082,1075.0
8.84000015258789,15.119999885559082,1076.0
8.859999656677246,15.140000343322754,1077.0
8.899999618530273,15.18000030517578,1078.0
8.9399995803833,15.18000030517578,1079.0
8.960000038146973,15.18000030517578,1080.0
8.859999656677246,15.239999771118164,1081.0
8.819999694824219,15.31999969482422,1082.0
8.9399995803833,15.020000457763672,1083.0
8.880000114440918,15.0,1084.0
8.880000114440918,15.079999923706056,1085.0
8.920000076293945,15.079999923706056,1086.0
8.960000038146973,15.15999984741211,1087.0
8.899999618530273,15.18000030517578,1088.0
8.9399995803833,15.399999618530272,1089.0
8.880000114440918,15.18000030517578,1090.0
8.859999656677246,15.18000030517578,1091.0
8.899999618530273,14.859999656677246,1092.0
8.84000015258789,15.039999961853027,1093.0
8.960000038146973,15.300000190734863,1094.0
9.0,15.15999984741211,1095.0
9.0,15.100000381469728,1096.0
8.9399995803833,15.0,1097.0
8.960000038146973,15.079999923706056,1098.0
9.0,15.079999923706056,1099.0
8.9399995803833,15.079999923706056,1100.0
8.960000038146973,15.039999961853027,1101.0
8.859999656677246,15.020000457763672,1102.0
8.920000076293945,15.579999923706056,1103.0
8.899999618530273,15.199999809265137,1104.0
8.84000015258789,15.079999923706056,1105.0
8.880000114440918,14.960000038146973,1106.0
8.920000076293945,14.899999618530272,1107.0
8.960000038146973,14.960000038146973,1108.0
8.960000038146973,15.220000267028809,1109.0
8.800000190734863,15.239999771118164,1110.0
8.819999694824219,15.15999984741211,1111.0
8.960000038146973,15.079999923706056,1112.0
8.920000076293945,15.079999923706056,1113.0
8.9399995803833,15.0600004196167,1114.0
8.920000076293945,15.020000457763672,1115.0
8.899999618530273,15.039999961853027,1116.0
8.859999656677246,14.9399995803833,1117.0
8.859999656677246,14.960000038146973,1118.0
8.960000038146973,14.920000076293944,1119.0
8.819999694824219,14.859999656677246,1120.0
8.859999656677246,14.760000228881836,1121.0
8.859999656677246,14.760000228881836,1122.0
8.819999694824219,14.779999732971191,1123.0
8.899999618530273,14.920000076293944,1124.0
8.880000114440918,14.9399995803833,1125.0
8.880000114440918,14.9399995803833,1126.0
8.920000076293945,15.020000457763672,1127.0
8.880000114440918,15.0,1128.0
8.920000076293945,14.899999618530272,1129.0
8.960000038146973,15.239999771118164,1130.0
8.960000038146973,15.15999984741211,1131.0
8.960000038146973,15.140000343322754,1132.0
8.920000076293945,15.100000381469728,1133.0
8.979999542236328,14.979999542236328,1134.0
8.880000114440918,14.960000038146973,1135.0
8.920000076293945,14.979999542236328,1136.0
8.920000076293945,15.0,1137.0
8.880000114440918,15.0,1138.0
8.84000015258789,15.15999984741211,1139.0
8.819999694824219,15.0600004196167,1140.0
8.800000190734863,15.020000457763672,1141.0
8.84000015258789,15.140000343322754,1142.0
8.880000114440918,15.18000030517578,1143.0
8.899999618530273,15.34000015258789,1144.0
8.84000015258789,15.260000228881836,1145.0
8.859999656677246,14.81999969482422,1146.0
8.920000076293945,15.039999961853027,1147.0
9.079999923706056,14.960000038146973,1148.0
9.199999809265137,15.0600004196167,1149.0
8.960000038146973,15.039999961853027,1150.0
9.0,15.0600004196167,1151.0
8.899999618530273,14.979999542236328,1152.0
8.899999618530273,15.079999923706056,1153.0
8.880000114440918,15.100000381469728,1154.0
9.300000190734863,15.020000457763672,1155.0
9.31999969482422,14.880000114440918,1156.0
8.960000038146973,15.15999984741211,1157.0
8.880000114440918,14.84000015258789,1158.0
9.100000381469728,14.859999656677246,1159.0
8.880000114440918,14.399999618530272,1160.0
8.680000305175781,14.119999885559082,1161.0
8.84000015258789,13.0,1162.0
8.779999732971191,14.9399995803833,1163.0
8.819999694824219,14.9399995803833,1164.0
8.84000015258789,14.460000038146973,1165.0
8.84000015258789,14.739999771118164,1166.0
8.899999618530273,14.960000038146973,1167.0
8.880000114440918,14.899999618530272,1168.0
8.819999694824219,15.0600004196167,1169.0
8.779999732971191,14.880000114440918,1170.0
8.84000015258789,15.119999885559082,1171.0
8.84000015258789,15.119999885559082,1172.0
8.800000190734863,15.239999771118164,1173.0
8.84000015258789,15.199999809265137,1174.0
8.800000190734863,14.979999542236328,1175.0
8.84000015258789,15.100000381469728,1176.0
8.819999694824219,15.020000457763672,1177.0
8.819999694824219,15.039999961853027,1178.0
8.800000190734863,15.100000381469728,1179.0
8.819999694824219,15.220000267028809,1180.0
8.84000015258789,15.020000457763672,1181.0
8.800000190734863,14.68000030517578,1182.0
8.859999656677246,14.84000015258789,1183.0
8.819999694824219,15.0600004196167,1184.0
8.880000114440918,15.5600004196167,1185.0
8.9399995803833,15.65999984741211,1186.0
8.920000076293945,15.359999656677246,1187.0
8.899999618530273,15.399999618530272,1188.0
8.819999694824219,15.279999732971191,1189.0
8.84000015258789,15.199999809265137,1190.0
8.859999656677246,14.960000038146973,1191.0
9.0,15.199999809265137,1192.0
8.880000114440918,15.079999923706056,1193.0
8.819999694824219,15.020000457763672,1194.0
8.779999732971191,15.0,1195.0
8.760000228881836,14.960000038146973,1196.0
8.680000305175781,14.640000343322754,1197.0
8.65999984741211,14.920000076293944,1198.0
8.699999809265137,14.859999656677246,1199.0
8.760000228881836,14.920000076293944,1200.0
8.859999656677246,14.960000038146973,1201.0
8.720000267028809,14.9399995803833,1202.0
8.720000267028809,15.079999923706056,1203.0
8.760000228881836,15.239999771118164,1204.0
8.760000228881836,15.0600004196167,1205.0
8.800000190734863,15.020000457763672,1206.0
8.880000114440918,15.199999809265137,1207.0
8.899999618530273,15.300000190734863,1208.0
8.720000267028809,15.300000190734863,1209.0
8.739999771118164,15.239999771118164,1210.0
8.84000015258789,15.020000457763672,1211.0
8.899999618530273,15.079999923706056,1212.0
9.0,15.0,1213.0
8.899999618530273,14.9399995803833,1214.0
8.880000114440918,14.84000015258789,1215.0
8.779999732971191,14.800000190734863,1216.0
8.899999618530273,14.760000228881836,1217.0
8.920000076293945,15.039999961853027,1218.0
8.920000076293945,14.800000190734863,1219.0
8.899999618530273,14.84000015258789,1220.0
8.800000190734863,15.119999885559082,1221.0
8.800000190734863,14.920000076293944,1222.0
8.779999732971191,15.020000457763672,1223.0
8.720000267028809,14.68000030517578,1224.0
8.899999618530273,14.859999656677246,1225.0
8.880000114440918,15.020000457763672,1226.0
8.859999656677246,14.880000114440918,1227.0
8.84000015258789,15.220000267028809,1228.0
8.819999694824219,15.460000038146973,1229.0
8.739999771118164,15.5,1230.0
8.739999771118164,15.279999732971191,1231.0
8.800000190734863,15.619999885559082,1232.0
8.84000015258789,15.0,1233.0
8.800000190734863,15.020000457763672,1234.0
8.84000015258789,15.359999656677246,1235.0
8.859999656677246,15.140000343322754,1236.0
8.859999656677246,14.960000038146973,1237.0
8.84000015258789,14.899999618530272,1238.0
8.899999618530273,14.800000190734863,1239.0
8.859999656677246,14.880000114440918,1240.0
8.84000015258789,14.9399995803833,1241.0
8.920000076293945,15.100000381469728,1242.0
8.859999656677246,15.18000030517578,1243.0
8.880000114440918,15.0600004196167,1244.0
8.899999618530273,14.880000114440918,1245.0
8.899999618530273,15.020000457763672,1246.0
8.9399995803833,15.18000030517578,1247.0
8.920000076293945,15.079999923706056,1248.0
8.9399995803833,15.100000381469728,1249.0
8.720000267028809,15.779999732971191,1250.0
8.800000190734863,16.0,1251.0
8.819999694824219,15.979999542236328,1252.0
8.84000015258789,16.020000457763672,1253.0
8.819999694824219,15.140000343322754,1254.0
8.800000190734863,15.100000381469728,1255.0
8.84000015258789,15.119999885559082,1256.0
8.800000190734863,14.899999618530272,1257.0
8.779999732971191,15.0,1258.0
8.859999656677246,15.119999885559082,1259.0
8.800000190734863,15.039999961853027,1260.0
8.859999656677246,15.18000030517578,1261.0
8.880000114440918,15.079999923706056,1262.0
8.800000190734863,15.140000343322754,1263.0
8.84000015258789,15.31999969482422,1264.0
8.9399995803833,15.100000381469728,1265.0
9.0,15.4399995803833,1266.0
9.0,15.539999961853027,1267.0
8.880000114440918,15.380000114440918,1268.0
8.899999618530273,15.100000381469728,1269.0
8.920000076293945,15.020000457763672,1270.0
8.880000114440918,14.880000114440918,1271.0
8.9399995803833,14.800000190734863,1272.0
8.899999618530273,14.81999969482422,1273.0
8.84000015258789,14.899999618530272,1274.0
9.020000457763672,14.899999618530272,1275.0
8.800000190734863,14.15999984741211,1276.0
8.819999694824219,14.359999656677246,1277.0
8.960000038146973,14.65999984741211,1278.0
8.859999656677246,15.039999961853027,1279.0
8.899999618530273,15.18000030517578,1280.0
9.020000457763672,15.140000343322754,1281.0
8.9399995803833,15.300000190734863,1282.0
8.920000076293945,15.260000228881836,1283.0
8.880000114440918,15.300000190734863,1284.0
8.84000015258789,15.239999771118164,1285.0
8.84000015258789,15.18000030517578,1286.0
8.779999732971191,15.100000381469728,1287.0
8.800000190734863,15.079999923706056,1288.0
8.800000190734863,15.260000228881836,1289.0
8.739999771118164,15.359999656677246,1290.0
8.760000228881836,15.34000015258789,1291.0
8.779999732971191,15.260000228881836,1292.0
9.039999961853027,15.239999771118164,1293.0
8.779999732971191,15.239999771118164,1294.0
8.720000267028809,14.979999542236328,1295.0
8.800000190734863,14.979999542236328,1296.0
8.84000015258789,15.0,1297.0
8.800000190734863,15.359999656677246,1298.0
8.84000015258789,15.399999618530272,1299.0
8.859999656677246,15.279999732971191,1300.0
8.84000015258789,15.260000228881836,1301.0
8.800000190734863,15.260000228881836,1302.0
8.859999656677246,15.18000030517578,1303.0
9.100000381469728,15.15999984741211,1304.0
8.859999656677246,15.119999885559082,1305.0
8.920000076293945,14.960000038146973,1306.0
8.9399995803833,14.979999542236328,1307.0
8.880000114440918,14.9399995803833,1308.0
8.880000114440918,14.9399995803833,1309.0
8.9399995803833,15.0600004196167,1310.0
8.899999618530273,15.039999961853027,1311.0
8.899999618530273,15.079999923706056,1312.0
8.899999618530273,15.100000381469728,1313.0
8.899999618530273,15.079999923706056,1314.0
8.920000076293945,15.079999923706056,1315.0
8.920000076293945,15.15999984741211,1316.0
8.920000076293945,15.220000267028809,1317.0
8.920000076293945,15.619999885559082,1318.0
8.9399995803833,15.5,1319.0
8.920000076293945,15.15999984741211,1320.0
8.960000038146973,15.199999809265137,1321.0
8.960000038146973,15.359999656677246,1322.0
8.9399995803833,15.600000381469728,1323.0
8.9399995803833,15.0,1324.0
8.880000114440918,15.0600004196167,1325.0
8.880000114440918,15.079999923706056,1326.0
8.899999618530273,15.239999771118164,1327.0
8.920000076293945,15.140000343322754,1328.0
8.920000076293945,15.239999771118164,1329.0
8.899999618530273,15.0600004196167,1330.0
8.880000114440918,15.020000457763672,1331.0
8.859999656677246,15.020000457763672,1332.0
8.859999656677246,15.020000457763672,1333.0
8.84000015258789,15.140000343322754,1334.0
8.84000015258789,15.600000381469728,1335.0
8.920000076293945,15.18000030517578,1336.0
8.9399995803833,14.81999969482422,1337.0
8.960000038146973,14.760000228881836,1338.0
8.9399995803833,14.859999656677246,1339.0
8.920000076293945,14.65999984741211,1340.0
8.899999618530273,14.81999969482422,1341.0
8.859999656677246,14.65999984741211,1342.0
8.859999656677246,14.81999969482422,1343.0
8.880000114440918,14.779999732971191,1344.0
8.880000114440918,14.800000190734863,1345.0
8.880000114440918,14.800000190734863,1346.0
8.880000114440918,14.739999771118164,1347.0
8.859999656677246,14.800000190734863,1348.0
8.920000076293945,14.720000267028809,1349.0
8.899999618530273,14.859999656677246,1350.0
8.9399995803833,14.81999969482422,1351.0
8.880000114440918,14.84000015258789,1352.0
8.84000015258789,14.920000076293944,1353.0
8.920000076293945,14.960000038146973,1354.0
8.960000038146973,14.920000076293944,1355.0
9.0,14.960000038146973,1356.0
8.920000076293945,14.880000114440918,1357.0
8.880000114440918,14.880000114440918,1358.0
8.84000015258789,14.880000114440918,1359.0
8.800000190734863,14.899999618530272,1360.0
8.779999732971191,14.920000076293944,1361.0
8.84000015258789,14.859999656677246,1362.0
8.819999694824219,14.899999618530272,1363.0
8.739999771118164,14.880000114440918,1364.0
8.699999809265137,14.800000190734863,1365.0
8.800000190734863,14.720000267028809,1366.0
8.800000190734863,14.779999732971191,1367.0
8.84000015258789,14.859999656677246,1368.0
8.920000076293945,14.779999732971191,1369.0
8.9399995803833,14.899999618530272,1370.0
8.920000076293945,14.800000190734863,1371.0
8.920000076293945,14.720000267028809,1372.0
8.960000038146973,14.800000190734863,1373.0
8.979999542236328,15.020000457763672,1374.0
9.020000457763672,15.100000381469728,1375.0
9.020000457763672,14.960000038146973,1376.0
8.9399995803833,14.760000228881836,1377.0
8.9399995803833,14.760000228881836,1378.0
8.960000038146973,14.84000015258789,1379.0
8.920000076293945,14.81999969482422,1380.0
8.9399995803833,14.739999771118164,1381.0
8.920000076293945,14.720000267028809,1382.0
8.9399995803833,14.720000267028809,1383.0
8.9399995803833,14.859999656677246,1384.0
8.920000076293945,15.020000457763672,1385.0
8.920000076293945,15.260000228881836,1386.0
8.9399995803833,15.18000030517578,1387.0
8.979999542236328,15.020000457763672,1388.0
8.960000038146973,14.920000076293944,1389.0
8.979999542236328,14.920000076293944,1390.0
8.9399995803833,14.859999656677246,1391.0
8.920000076293945,14.800000190734863,1392.0
8.880000114440918,14.880000114440918,1393.0
8.899999618530273,14.920000076293944,1394.0
8.9399995803833,14.880000114440918,1395.0
8.9399995803833,14.859999656677246,1396.0
8.979999542236328,14.800000190734863,1397.0
8.979999542236328,14.81999969482422,1398.0
8.920000076293945,14.739999771118164,1399.0
8.920000076293945,14.979999542236328,1400.0
8.880000114440918,14.979999542236328,1401.0
9.020000457763672,15.039999961853027,1402.0
9.020000457763672,15.039999961853027,1403.0
9.0600004196167,14.979999542236328,1404.0
9.239999771118164,14.9399995803833,1405.0
8.899999618530273,15.0,1406.0
8.9399995803833,15.0,1407.0
8.9399995803833,14.960000038146973,1408.0
8.9399995803833,15.0,1409.0
9.0,14.960000038146973,1410.0
8.979999542236328,15.5,1411.0
8.960000038146973,15.539999961853027,1412.0
8.859999656677246,nan,1413.0
8.84000015258789,15.619999885559082,1414.0
8.880000114440918,15.779999732971191,1415.0
8.779999732971191,15.239999771118164,1416.0
8.739999771118164,15.119999885559082,1417.0
8.779999732971191,15.039999961853027,1418.0
8.880000114440918,15.079999923706056,1419.0
8.859999656677246,14.9399995803833,1420.0
8.899999618530273,15.0600004196167,1421.0
8.800000190734863,15.18000030517578,1422.0
8.84000015258789,15.239999771118164,1423.0
8.84000015258789,15.18000030517578,1424.0
8.800000190734863,15.220000267028809,1425.0
8.800000190734863,15.119999885559082,1426.0
8.859999656677246,14.800000190734863,1427.0
8.800000190734863,14.81999969482422,1428.0
8.760000228881836,15.020000457763672,1429.0
8.760000228881836,14.899999618530272,1430.0
8.760000228881836,15.020000457763672,1431.0
8.460000038146973,15.079999923706056,1432.0
8.460000038146973,15.859999656677246,1433.0
8.539999961853027,16.1200008392334,1434.0
8.699999809265137,16.15999984741211,1435.0
8.84000015258789,16.079999923706055,1436.0
8.859999656677246,15.619999885559082,1437.0
8.779999732971191,16.020000457763672,1438.0
8.800000190734863,14.880000114440918,1439.0
8.880000114440918,14.760000228881836,1440.0
8.9399995803833,15.079999923706056,1441.0
8.859999656677246,15.399999618530272,1442.0
8.800000190734863,15.420000076293944,1443.0
8.760000228881836,15.380000114440918,1444.0
8.920000076293945,15.31999969482422,1445.0
8.960000038146973,15.399999618530272,1446.0
8.960000038146973,15.239999771118164,1447.0
8.859999656677246,15.18000030517578,1448.0
8.9399995803833,15.079999923706056,1449.0
8.9399995803833,15.699999809265137,1450.0
8.960000038146973,14.859999656677246,1451.0
9.039999961853027,14.5,1452.0
9.039999961853027,14.5,1453.0
9.079999923706056,14.600000381469728,1454.0
8.9399995803833,14.739999771118164,1455.0
8.899999618530273,15.079999923706056,1456.0
8.9399995803833,15.0,1457.0
8.920000076293945,15.140000343322754,1458.0
8.84000015258789,15.100000381469728,1459.0
8.5600004196167,15.399999618530272,1460.0
8.779999732971191,15.100000381469728,1461.0
8.739999771118164,14.979999542236328,1462.0
8.899999618530273,15.0600004196167,1463.0
8.920000076293945,15.0600004196167,1464.0
8.819999694824219,14.800000190734863,1465.0
8.880000114440918,14.880000114440918,1466.0
8.9399995803833,14.81999969482422,1467.0
8.920000076293945,14.760000228881836,1468.0
8.880000114440918,14.859999656677246,1469.0
8.960000038146973,14.960000038146973,1470.0
9.039999961853027,14.960000038146973,1471.0
8.84000015258789,14.979999542236328,1472.0
8.859999656677246,14.800000190734863,1473.0
8.84000015258789,14.65999984741211,1474.0
8.859999656677246,15.18000030517578,1475.0
8.880000114440918,16.299999237060547,1476.0
8.899999618530273,nan,1477.0
8.899999618530273,14.84000015258789,1478.0
8.880000114440918,15.260000228881836,1479.0
9.119999885559082,15.31999969482422,1480.0
8.859999656677246,15.279999732971191,1481.0
8.880000114440918,15.239999771118164,1482.0
9.199999809265137,14.859999656677246,1483.0
8.819999694824219,14.800000190734863,1484.0
8.819999694824219,15.119999885559082,1485.0
8.819999694824219,15.380000114440918,1486.0
8.65999984741211,15.220000267028809,1487.0
8.65999984741211,15.4399995803833,1488.0
8.779999732971191,15.300000190734863,1489.0
8.65999984741211,15.31999969482422,1490.0
8.699999809265137,15.220000267028809,1491.0
8.65999984741211,15.279999732971191,1492.0
8.739999771118164,15.359999656677246,1493.0
8.760000228881836,15.100000381469728,1494.0
8.880000114440918,14.800000190734863,1495.0
8.800000190734863,14.760000228881836,1496.0
8.84000015258789,14.760000228881836,1497.0
8.779999732971191,14.81999969482422,1498.0
8.680000305175781,14.800000190734863,1499.0
8.800000190734863,14.84000015258789,1500.0
8.84000015258789,14.859999656677246,1501.0
8.819999694824219,14.800000190734863,1502.0
8.84000015258789,14.619999885559082,1503.0
8.800000190734863,14.640000343322754,1504.0
8.819999694824219,14.800000190734863,1505.0
8.859999656677246,14.760000228881836,1506.0
8.800000190734863,14.720000267028809,1507.0
8.779999732971191,14.760000228881836,1508.0
8.720000267028809,14.079999923706056,1509.0
8.760000228881836,14.84000015258789,1510.0
8.880000114440918,13.079999923706056,1511.0
8.880000114440918,15.18000030517578,1512.0
8.880000114440918,15.0600004196167,1513.0
8.9399995803833,14.9399995803833,1514.0
8.859999656677246,15.199999809265137,1515.0
8.920000076293945,15.0600004196167,1516.0
8.800000190734863,14.81999969482422,1517.0
8.760000228881836,14.84000015258789,1518.0
8.760000228881836,14.920000076293944,1519.0
8.800000190734863,14.920000076293944,1520.0
8.819999694824219,14.720000267028809,1521.0
8.84000015258789,14.600000381469728,1522.0
8.859999656677246,14.699999809265137,1523.0
8.84000015258789,14.720000267028809,1524.0
8.84000015258789,14.81999969482422,1525.0
8.819999694824219,14.859999656677246,1526.0
8.800000190734863,14.800000190734863,1527.0
8.800000190734863,14.579999923706056,1528.0
8.760000228881836,14.4399995803833,1529.0
8.760000228881836,14.600000381469728,1530.0
8.84000015258789,14.140000343322754,1531.0
8.84000015258789,14.199999809265137,1532.0
8.800000190734863,14.279999732971191,1533.0
9.020000457763672,14.520000457763672,1534.0
9.020000457763672,14.300000190734863,1535.0
9.0,14.5600004196167,1536.0
8.979999542236328,14.699999809265137,1537.0
9.0,15.039999961853027,1538.0
8.899999618530273,15.260000228881836,1539.0
8.920000076293945,15.300000190734863,1540.0
8.760000228881836,15.239999771118164,1541.0
8.760000228881836,15.220000267028809,1542.0
8.4399995803833,15.220000267028809,1543.0
8.300000190734863,15.15999984741211,1544.0
8.5600004196167,15.640000343322754,1545.0
8.720000267028809,16.520000457763672,1546.0
8.880000114440918,15.140000343322754,1547.0
8.920000076293945,15.039999961853027,1548.0
8.920000076293945,14.9399995803833,1549.0
9.0,14.68000030517578,1550.0
8.979999542236328,14.760000228881836,1551.0
9.020000457763672,15.079999923706056,1552.0
8.819999694824219,15.140000343322754,1553.0
8.739999771118164,15.0600004196167,1554.0
8.699999809265137,14.880000114440918,1555.0
8.600000381469727,14.920000076293944,1556.0
8.739999771118164,14.68000030517578,1557.0
8.880000114440918,14.960000038146973,1558.0
8.760000228881836,15.140000343322754,1559.0
8.739999771118164,15.539999961853027,1560.0
8.699999809265137,15.5600004196167,1561.0
8.819999694824219,15.81999969482422,1562.0
8.699999809265137,15.859999656677246,1563.0
8.680000305175781,14.960000038146973,1564.0
8.84000015258789,14.800000190734863,1565.0
8.760000228881836,14.760000228881836,1566.0
8.760000228881836,14.68000030517578,1567.0
9.0600004196167,14.5600004196167,1568.0
8.880000114440918,14.579999923706056,1569.0
8.880000114440918,14.739999771118164,1570.0
8.84000015258789,14.739999771118164,1571.0
8.84000015258789,14.739999771118164,1572.0
8.880000114440918,14.739999771118164,1573.0
8.800000190734863,nan,1574.0
8.800000190734863,nan,1575.0
8.800000190734863,15.31999969482422,1576.0
8.760000228881836,nan,1577.0
8.739999771118164,nan,1578.0
8.800000190734863,nan,1579.0
8.899999618530273,14.739999771118164,1580.0
8.9399995803833,14.720000267028809,1581.0
8.979999542236328,14.84000015258789,1582.0
8.9399995803833,14.800000190734863,1583.0
8.859999656677246,14.800000190734863,1584.0
8.960000038146973,15.020000457763672,1585.0
9.039999961853027,15.15999984741211,1586.0
9.0600004196167,15.15999984741211,1587.0
9.020000457763672,15.220000267028809,1588.0
8.979999542236328,14.960000038146973,1589.0
9.0,14.899999618530272,1590.0
8.9399995803833,15.140000343322754,1591.0
9.039999961853027,15.140000343322754,1592.0
8.899999618530273,15.220000267028809,1593.0
8.859999656677246,15.300000190734863,1594.0
8.720000267028809,15.300000190734863,1595.0
8.760000228881836,15.220000267028809,1596.0
8.65999984741211,15.640000343322754,1597.0
8.760000228881836,16.219999313354492,1598.0
8.859999656677246,15.68000030517578,1599.0
8.960000038146973,14.880000114440918,1600.0
8.880000114440918,15.0600004196167,1601.0
8.819999694824219,14.859999656677246,1602.0
8.760000228881836,15.539999961853027,1603.0
8.819999694824219,15.699999809265137,1604.0
8.619999885559082,14.699999809265137,1605.0
8.640000343322754,14.68000030517578,1606.0
8.539999961853027,14.640000343322754,1607.0
8.9399995803833,14.800000190734863,1608.0
8.899999618530273,14.81999969482422,1609.0
8.9399995803833,14.800000190734863,1610.0
8.960000038146973,14.65999984741211,1611.0
9.020000457763672,14.600000381469728,1612.0
9.039999961853027,14.420000076293944,1613.0
9.079999923706056,14.5600004196167,1614.0
9.039999961853027,14.68000030517578,1615.0
8.739999771118164,14.539999961853027,1616.0
8.65999984741211,13.859999656677246,1617.0
8.680000305175781,14.479999542236328,1618.0
8.699999809265137,13.65999984741211,1619.0
8.899999618530273,14.15999984741211,1620.0
8.880000114440918,14.140000343322754,1621.0
8.819999694824219,13.859999656677246,1622.0
8.859999656677246,14.600000381469728,1623.0
8.84000015258789,14.720000267028809,1624.0
8.800000190734863,15.0600004196167,1625.0
8.800000190734863,14.739999771118164,1626.0
8.9399995803833,13.800000190734863,1627.0
8.84000015258789,14.720000267028809,1628.0
8.880000114440918,14.5600004196167,1629.0
8.84000015258789,15.140000343322754,1630.0
8.699999809265137,15.34000015258789,1631.0
8.760000228881836,14.859999656677246,1632.0
8.800000190734863,14.859999656677246,1633.0
8.84000015258789,14.800000190734863,1634.0
8.880000114440918,14.739999771118164,1635.0
8.800000190734863,14.579999923706056,1636.0
8.760000228881836,14.479999542236328,1637.0
8.720000267028809,14.720000267028809,1638.0
8.84000015258789,14.739999771118164,1639.0
8.859999656677246,15.119999885559082,1640.0
8.819999694824219,15.0600004196167,1641.0
8.84000015258789,14.739999771118164,1642.0
8.880000114440918,14.579999923706056,1643.0
8.779999732971191,14.619999885559082,1644.0
8.920000076293945,13.84000015258789,1645.0
8.640000343322754,13.65999984741211,1646.0
8.760000228881836,15.0600004196167,1647.0
8.859999656677246,15.300000190734863,1648.0
8.760000228881836,15.039999961853027,1649.0
8.5600004196167,14.880000114440918,1650.0
8.699999809265137,14.920000076293944,1651.0
8.760000228881836,14.979999542236328,1652.0
8.84000015258789,15.119999885559082,1653.0
8.84000015258789,15.239999771118164,1654.0
8.84000015258789,15.18000030517578,1655.0
8.84000015258789,14.960000038146973,1656.0
8.899999618530273,14.859999656677246,1657.0
8.899999618530273,14.760000228881836,1658.0
8.800000190734863,14.720000267028809,1659.0
8.800000190734863,14.760000228881836,1660.0
8.779999732971191,14.760000228881836,1661.0
8.800000190734863,14.81999969482422,1662.0
8.800000190734863,14.859999656677246,1663.0
8.680000305175781,14.760000228881836,1664.0
8.880000114440918,15.859999656677246,1665.0
8.960000038146973,15.739999771118164,1666.0
8.880000114440918,15.140000343322754,1667.0
8.84000015258789,14.260000228881836,1668.0
8.779999732971191,14.600000381469728,1669.0
8.84000015258789,14.5,1670.0
8.800000190734863,14.880000114440918,1671.0
8.779999732971191,15.920000076293944,1672.0
8.800000190734863,15.079999923706056,1673.0
8.680000305175781,15.140000343322754,1674.0
8.720000267028809,14.960000038146973,1675.0
8.65999984741211,14.9399995803833,1676.0
8.720000267028809,15.18000030517578,1677.0
8.979999542236328,15.31999969482422,1678.0
8.9399995803833,15.34000015258789,1679.0
8.880000114440918,15.539999961853027,1680.0
8.979999542236328,15.5,1681.0
8.960000038146973,15.199999809265137,1682.0
9.140000343322754,15.0,1683.0
8.899999618530273,14.760000228881836,1684.0
8.779999732971191,15.0,1685.0
8.859999656677246,15.140000343322754,1686.0
8.779999732971191,15.5,1687.0
8.84000015258789,15.31999969482422,1688.0
8.739999771118164,15.15999984741211,1689.0
8.699999809265137,15.300000190734863,1690.0
8.699999809265137,15.220000267028809,1691.0
8.720000267028809,15.220000267028809,1692.0
8.699999809265137,15.119999885559082,1693.0
8.640000343322754,15.359999656677246,1694.0
8.720000267028809,15.0600004196167,1695.0
8.539999961853027,15.15999984741211,1696.0
8.739999771118164,15.15999984741211,1697.0
8.880000114440918,15.220000267028809,1698.0
8.920000076293945,15.199999809265137,1699.0
8.819999694824219,15.199999809265137,1700.0
8.699999809265137,15.119999885559082,1701.0
8.779999732971191,14.979999542236328,1702.0
8.800000190734863,15.399999618530272,1703.0
8.859999656677246,15.15999984741211,1704.0
8.779999732971191,14.979999542236328,1705.0
8.760000228881836,15.0600004196167,1706.0
8.640000343322754,15.039999961853027,1707.0
8.800000190734863,14.920000076293944,1708.0
8.720000267028809,14.899999618530272,1709.0
8.680000305175781,14.880000114440918,1710.0
8.699999809265137,14.9399995803833,1711.0
8.760000228881836,14.739999771118164,1712.0
8.819999694824219,14.81999969482422,1713.0
8.800000190734863,14.760000228881836,1714.0
8.819999694824219,14.739999771118164,1715.0
8.84000015258789,14.779999732971191,1716.0
8.899999618530273,14.81999969482422,1717.0
8.819999694824219,14.979999542236328,1718.0
8.859999656677246,15.020000457763672,1719.0
8.859999656677246,15.020000457763672,1720.0
8.84000015258789,15.0,1721.0
8.880000114440918,15.140000343322754,1722.0
8.800000190734863,15.020000457763672,1723.0
8.9399995803833,14.859999656677246,1724.0
8.920000076293945,14.81999969482422,1725.0
8.880000114440918,14.800000190734863,1726.0
9.0,15.279999732971191,1727.0
9.020000457763672,15.34000015258789,1728.0
8.979999542236328,15.399999618530272,1729.0
9.0,15.100000381469728,1730.0
8.920000076293945,15.039999961853027,1731.0
8.9399995803833,15.279999732971191,1732.0
8.899999618530273,15.220000267028809,1733.0
8.899999618530273,15.65999984741211,1734.0
8.920000076293945,15.4399995803833,1735.0
9.0600004196167,14.979999542236328,1736.0
8.880000114440918,15.460000038146973,1737.0
8.920000076293945,15.739999771118164,1738.0
8.9399995803833,15.31999969482422,1739.0
8.899999618530273,15.260000228881836,1740.0
8.84000015258789,15.199999809265137,1741.0
8.920000076293945,14.899999618530272,1742.0
8.880000114440918,14.899999618530272,1743.0
8.960000038146973,14.84000015258789,1744.0
8.739999771118164,14.4399995803833,1745.0
8.739999771118164,14.420000076293944,1746.0
8.760000228881836,15.020000457763672,1747.0
8.920000076293945,15.0,1748.0
8.859999656677246,14.960000038146973,1749.0
8.84000015258789,14.880000114440918,1750.0
8.920000076293945,15.079999923706056,1751.0
8.960000038146973,14.859999656677246,1752.0
8.880000114440918,15.0600004196167,1753.0
8.819999694824219,15.15999984741211,1754.0
8.800000190734863,14.800000190734863,1755.0
8.800000190734863,14.640000343322754,1756.0
8.84000015258789,14.68000030517578,1757.0
8.859999656677246,15.279999732971191,1758.0
8.859999656677246,14.880000114440918,1759.0
8.739999771118164,14.640000343322754,1760.0
8.720000267028809,14.760000228881836,1761.0
8.720000267028809,14.68000030517578,1762.0
8.84000015258789,14.880000114440918,1763.0
8.800000190734863,14.81999969482422,1764.0
9.0600004196167,14.899999618530272,1765.0
9.0600004196167,15.18000030517578,1766.0
8.880000114440918,15.239999771118164,1767.0
8.800000190734863,15.020000457763672,1768.0
8.84000015258789,14.859999656677246,1769.0
8.800000190734863,14.899999618530272,1770.0
8.760000228881836,14.979999542236328,1771.0
8.899999618530273,15.079999923706056,1772.0
9.0,16.31999969482422,1773.0
8.880000114440918,nan,1774.0
9.0,15.199999809265137,1775.0
8.979999542236328,15.119999885559082,1776.0
9.039999961853027,15.079999923706056,1777.0
9.079999923706056,15.079999923706056,1778.0
9.020000457763672,14.880000114440918,1779.0
9.119999885559082,15.119999885559082,1780.0
9.100000381469728,14.479999542236328,1781.0
9.220000267028809,14.68000030517578,1782.0
9.220000267028809,14.640000343322754,1783.0
9.15999984741211,14.859999656677246,1784.0
8.800000190734863,14.979999542236328,1785.0
8.819999694824219,15.0,1786.0
9.100000381469728,14.979999542236328,1787.0
8.920000076293945,14.9399995803833,1788.0
9.0,14.920000076293944,1789.0
8.920000076293945,14.979999542236328,1790.0
8.899999618530273,14.9399995803833,1791.0
8.859999656677246,14.800000190734863,1792.0
8.979999542236328,14.880000114440918,1793.0
8.819999694824219,14.899999618530272,1794.0
8.880000114440918,14.9399995803833,1795.0
9.0600004196167,14.920000076293944,1796.0
8.960000038146973,15.079999923706056,1797.0
8.84000015258789,14.920000076293944,1798.0
8.699999809265137,15.079999923706056,1799.0
8.720000267028809,15.039999961853027,1800.0
8.739999771118164,15.039999961853027,1801.0
8.760000228881836,14.760000228881836,1802.0
8.699999809265137,14.920000076293944,1803.0
8.779999732971191,15.0,1804.0
8.859999656677246,14.9399995803833,1805.0
8.84000015258789,15.039999961853027,1806.0
8.920000076293945,14.960000038146973,1807.0
8.920000076293945,14.979999542236328,1808.0
8.920000076293945,15.020000457763672,1809.0
8.880000114440918,15.15999984741211,1810.0
8.84000015258789,15.140000343322754,1811.0
8.899999618530273,15.15999984741211,1812.0
8.84000015258789,15.119999885559082,1813.0
8.859999656677246,14.880000114440918,1814.0
8.899999618530273,15.020000457763672,1815.0
8.899999618530273,15.119999885559082,1816.0
8.880000114440918,15.0600004196167,1817.0
8.84000015258789,15.119999885559082,1818.0
8.859999656677246,15.239999771118164,1819.0
8.880000114440918,15.220000267028809,1820.0
8.84000015258789,15.0600004196167,1821.0
8.859999656677246,15.119999885559082,1822.0
8.899999618530273,15.18000030517578,1823.0
8.859999656677246,15.15999984741211,1824.0
8.920000076293945,15.18000030517578,1825.0
8.960000038146973,15.260000228881836,1826.0
8.880000114440918,15.079999923706056,1827.0
8.84000015258789,15.119999885559082,1828.0
8.800000190734863,15.039999961853027,1829.0
8.800000190734863,14.979999542236328,1830.0
8.859999656677246,14.960000038146973,1831.0
8.859999656677246,15.239999771118164,1832.0
8.920000076293945,15.359999656677246,1833.0
8.800000190734863,14.800000190734863,1834.0
8.84000015258789,15.119999885559082,1835.0
8.859999656677246,15.199999809265137,1836.0
8.859999656677246,15.720000267028809,1837.0
9.199999809265137,16.6200008392334,1838.0
9.0,15.460000038146973,1839.0
9.020000457763672,15.399999618530272,1840.0
8.899999618530273,15.079999923706056,1841.0
8.84000015258789,14.9399995803833,1842.0
8.760000228881836,14.899999618530272,1843.0
8.760000228881836,14.65999984741211,1844.0
8.779999732971191,14.720000267028809,1845.0
8.680000305175781,14.960000038146973,1846.0
8.65999984741211,15.220000267028809,1847.0
8.720000267028809,15.15999984741211,1848.0
8.5600004196167,15.31999969482422,1849.0
8.5600004196167,15.140000343322754,1850.0
8.779999732971191,15.300000190734863,1851.0
8.9399995803833,15.279999732971191,1852.0
8.819999694824219,15.279999732971191,1853.0
8.84000015258789,14.81999969482422,1854.0
8.880000114440918,14.859999656677246,1855.0
8.859999656677246,14.84000015258789,1856.0
8.84000015258789,14.979999542236328,1857.0
8.859999656677246,14.640000343322754,1858.0
8.819999694824219,14.81999969482422,1859.0
8.819999694824219,14.84000015258789,1860.0
8.84000015258789,14.920000076293944,1861.0
8.899999618530273,14.880000114440918,1862.0
8.899999618530273,14.920000076293944,1863.0
8.880000114440918,14.9399995803833,1864.0
8.979999542236328,14.800000190734863,1865.0
9.020000457763672,14.720000267028809,1866.0
9.0,14.460000038146973,1867.0
9.0,14.68000030517578,1868.0
8.979999542236328,14.600000381469728,1869.0
8.920000076293945,15.220000267028809,1870.0
8.920000076293945,15.020000457763672,1871.0
8.920000076293945,15.020000457763672,1872.0
8.880000114440918,15.220000267028809,1873.0
8.859999656677246,15.079999923706056,1874.0
8.899999618530273,14.739999771118164,1875.0
8.899999618530273,14.760000228881836,1876.0
8.960000038146973,14.619999885559082,1877.0
9.039999961853027,14.979999542236328,1878.0
9.020000457763672,14.880000114440918,1879.0
8.960000038146973,14.9399995803833,1880.0
8.920000076293945,14.9399995803833,1881.0
8.9399995803833,15.0,1882.0
8.9399995803833,14.9399995803833,1883.0
8.880000114440918,14.9399995803833,1884.0
8.65999984741211,15.039999961853027,1885.0
8.699999809265137,14.920000076293944,1886.0
8.65999984741211,15.0,1887.0
8.760000228881836,15.100000381469728,1888.0
8.739999771118164,15.140000343322754,1889.0
8.699999809265137,15.039999961853027,1890.0
8.779999732971191,14.979999542236328,1891.0
8.800000190734863,14.760000228881836,1892.0
8.819999694824219,14.779999732971191,1893.0
8.880000114440918,14.800000190734863,1894.0
8.920000076293945,14.720000267028809,1895.0
8.899999618530273,14.720000267028809,1896.0
8.9399995803833,14.880000114440918,1897.0
9.020000457763672,14.920000076293944,1898.0
9.039999961853027,14.880000114440918,1899.0
8.880000114440918,14.800000190734863,1900.0
8.819999694824219,15.380000114440918,1901.0
8.800000190734863,15.539999961853027,1902.0
8.680000305175781,15.34000015258789,1903.0
8.760000228881836,15.800000190734863,1904.0
8.760000228881836,nan,1905.0
8.819999694824219,15.68000030517578,1906.0
8.880000114440918,15.239999771118164,1907.0
8.920000076293945,14.68000030517578,1908.0
8.979999542236328,15.220000267028809,1909.0
8.960000038146973,15.859999656677246,1910.0
9.220000267028809,15.65999984741211,1911.0
8.779999732971191,15.420000076293944,1912.0
8.699999809265137,15.140000343322754,1913.0
8.699999809265137,14.9399995803833,1914.0
8.680000305175781,14.720000267028809,1915.0
8.680000305175781,14.920000076293944,1916.0
8.65999984741211,15.119999885559082,1917.0
8.699999809265137,15.15999984741211,1918.0
8.65999984741211,15.020000457763672,1919.0
8.699999809265137,14.960000038146973,1920.0
8.819999694824219,14.979999542236328,1921.0
8.819999694824219,15.140000343322754,1922.0
8.920000076293945,15.31999969482422,1923.0
8.880000114440918,15.579999923706056,1924.0
8.920000076293945,15.279999732971191,1925.0
8.84000015258789,15.5,1926.0
8.800000190734863,15.300000190734863,1927.0
8.920000076293945,14.979999542236328,1928.0
8.920000076293945,14.920000076293944,1929.0
8.84000015258789,14.5,1930.0
8.779999732971191,14.5,1931.0
8.859999656677246,14.739999771118164,1932.0
8.920000076293945,14.9399995803833,1933.0
8.9399995803833,15.020000457763672,1934.0
8.899999618530273,14.920000076293944,1935.0
8.880000114440918,14.920000076293944,1936.0
8.9399995803833,14.800000190734863,1937.0
8.920000076293945,14.899999618530272,1938.0
8.920000076293945,15.039999961853027,1939.0
9.0,15.119999885559082,1940.0
8.960000038146973,15.140000343322754,1941.0
8.760000228881836,14.960000038146973,1942.0
8.819999694824219,15.739999771118164,1943.0
8.920000076293945,15.9399995803833,1944.0
8.880000114440918,15.34000015258789,1945.0
9.039999961853027,15.399999618530272,1946.0
8.9399995803833,15.31999969482422,1947.0
8.859999656677246,15.34000015258789,1948.0
8.9399995803833,15.359999656677246,1949.0
9.020000457763672,15.380000114440918,1950.0
9.0,14.760000228881836,1951.0
8.979999542236328,14.920000076293944,1952.0
8.979999542236328,14.600000381469728,1953.0
9.239999771118164,15.460000038146973,1954.0
9.0,14.920000076293944,1955.0
9.079999923706056,14.899999618530272,1956.0
8.84000015258789,14.920000076293944,1957.0
8.819999694824219,15.0600004196167,1958.0
8.920000076293945,15.020000457763672,1959.0
8.880000114440918,15.079999923706056,1960.0
8.699999809265137,15.239999771118164,1961.0
8.899999618530273,14.81999969482422,1962.0
8.920000076293945,14.880000114440918,1963.0
8.9399995803833,14.920000076293944,1964.0
8.880000114440918,14.84000015258789,1965.0
8.9399995803833,15.140000343322754,1966.0
8.960000038146973,14.9399995803833,1967.0
9.140000343322754,15.65999984741211,1968.0
9.18000030517578,15.779999732971191,1969.0
9.039999961853027,15.760000228881836,1970.0
8.960000038146973,15.300000190734863,1971.0
8.920000076293945,15.300000190734863,1972.0
8.960000038146973,15.880000114440918,1973.0
8.9399995803833,16.020000457763672,1974.0
9.15999984741211,nan,1975.0
8.880000114440918,15.220000267028809,1976.0
8.960000038146973,15.079999923706056,1977.0
8.920000076293945,15.039999961853027,1978.0
8.979999542236328,15.220000267028809,1979.0
8.899999618530273,14.920000076293944,1980.0
8.760000228881836,14.960000038146973,1981.0
8.84000015258789,14.920000076293944,1982.0
8.819999694824219,15.260000228881836,1983.0
8.819999694824219,14.699999809265137,1984.0
8.760000228881836,14.739999771118164,1985.0
8.800000190734863,14.81999969482422,1986.0
8.800000190734863,14.800000190734863,1987.0
8.880000114440918,14.880000114440918,1988.0
8.779999732971191,14.920000076293944,1989.0
8.699999809265137,14.760000228881836,1990.0
8.800000190734863,14.81999969482422,1991.0
8.779999732971191,14.859999656677246,1992.0
8.800000190734863,14.9399995803833,1993.0
8.819999694824219,14.979999542236328,1994.0
8.899999618530273,15.0,1995.0
8.859999656677246,14.880000114440918,1996.0
8.84000015258789,14.9399995803833,1997.0
8.84000015258789,15.15999984741211,1998.0
8.800000190734863,14.960000038146973,1999.0
8.819999694824219,14.81999969482422,2000.0
8.819999694824219,14.84000015258789,2001.0
8.819999694824219,14.920000076293944,2002.0
8.779999732971191,14.880000114440918,2003.0
8.800000190734863,14.859999656677246,2004.0
8.819999694824219,14.979999542236328,2005.0
8.880000114440918,15.119999885559082,2006.0
8.800000190734863,15.079999923706056,2007.0
8.859999656677246,15.140000343322754,2008.0
8.819999694824219,14.81999969482422,2009.0
8.880000114440918,14.859999656677246,2010.0
8.899999618530273,14.920000076293944,2011.0
8.880000114440918,15.079999923706056,2012.0
8.819999694824219,15.039999961853027,2013.0
8.800000190734863,15.119999885559082,2014.0
9.119999885559082,15.079999923706056,2015.0
8.859999656677246,14.84000015258789,2016.0
8.880000114440918,15.039999961853027,2017.0
8.84000015258789,15.140000343322754,2018.0
8.779999732971191,15.039999961853027,2019.0
8.800000190734863,14.979999542236328,2020.0
8.760000228881836,14.81999969482422,2021.0
8.739999771118164,14.68000030517578,2022.0
8.84000015258789,14.880000114440918,2023.0
8.899999618530273,14.9399995803833,2024.0
8.9399995803833,14.9399995803833,2025.0
8.859999656677246,15.0,2026.0
8.699999809265137,15.100000381469728,2027.0
8.699999809265137,15.020000457763672,2028.0
8.899999618530273,15.039999961853027,2029.0
8.899999618530273,15.100000381469728,2030.0
8.880000114440918,15.079999923706056,2031.0
8.920000076293945,14.979999542236328,2032.0
9.079999923706056,14.899999618530272,2033.0
9.15999984741211,14.9399995803833,2034.0
9.100000381469728,15.0600004196167,2035.0
9.079999923706056,15.199999809265137,2036.0
9.039999961853027,15.119999885559082,2037.0
8.920000076293945,14.720000267028809,2038.0
8.880000114440918,14.9399995803833,2039.0
8.859999656677246,15.199999809265137,2040.0
8.880000114440918,15.0,2041.0
8.979999542236328,14.960000038146973,2042.0
8.979999542236328,15.039999961853027,2043.0
8.960000038146973,14.960000038146973,2044.0
8.720000267028809,15.220000267028809,2045.0
8.720000267028809,15.239999771118164,2046.0
9.0600004196167,15.15999984741211,2047.0
8.84000015258789,15.300000190734863,2048.0
9.100000381469728,15.520000457763672,2049.0
9.15999984741211,15.420000076293944,2050.0
8.9399995803833,15.760000228881836,2051.0
8.899999618530273,15.68000030517578,2052.0
9.020000457763672,15.5,2053.0
8.920000076293945,15.399999618530272,2054.0
8.859999656677246,15.140000343322754,2055.0
8.699999809265137,14.899999618530272,2056.0
8.9399995803833,15.079999923706056,2057.0
8.979999542236328,15.199999809265137,2058.0
8.9399995803833,15.34000015258789,2059.0
8.960000038146973,15.279999732971191,2060.0
8.9399995803833,15.239999771118164,2061.0
8.84000015258789,15.020000457763672,2062.0
8.920000076293945,14.979999542236328,2063.0
9.0600004196167,14.9399995803833,2064.0
9.100000381469728,14.920000076293944,2065.0
9.119999885559082,14.760000228881836,2066.0
9.0,14.720000267028809,2067.0
8.979999542236328,14.4399995803833,2068.0
8.979999542236328,14.640000343322754,2069.0
9.079999923706056,14.899999618530272,2070.0
8.9399995803833,15.119999885559082,2071.0
8.880000114440918,15.5600004196167,2072.0
8.800000190734863,15.079999923706056,2073.0
8.84000015258789,14.960000038146973,2074.0
8.859999656677246,14.9399995803833,2075.0
9.0,14.859999656677246,2076.0
9.0,14.720000267028809,2077.0
9.140000343322754,14.779999732971191,2078.0
8.9399995803833,14.739999771118164,2079.0
8.9399995803833,14.720000267028809,2080.0
8.9399995803833,14.760000228881836,2081.0
8.880000114440918,14.760000228881836,2082.0
8.899999618530273,14.859999656677246,2083.0
8.899999618530273,14.859999656677246,2084.0
9.0,14.859999656677246,2085.0
8.960000038146973,14.920000076293944,2086.0
8.84000015258789,14.84000015258789,2087.0
8.84000015258789,14.84000015258789,2088.0
8.84000015258789,14.760000228881836,2089.0
8.760000228881836,14.739999771118164,2090.0
8.619999885559082,14.760000228881836,2091.0
8.779999732971191,14.699999809265137,2092.0
8.640000343322754,14.640000343322754,2093.0
8.760000228881836,15.100000381469728,2094.0
8.760000228881836,15.020000457763672,2095.0
8.720000267028809,14.739999771118164,2096.0
8.760000228881836,14.5600004196167,2097.0
8.800000190734863,14.579999923706056,2098.0
8.800000190734863,14.81999969482422,2099.0
8.819999694824219,14.779999732971191,2100.0
8.859999656677246,14.920000076293944,2101.0
8.84000015258789,15.0600004196167,2102.0
8.84000015258789,15.0600004196167,2103.0
8.920000076293945,15.0,2104.0
8.920000076293945,14.81999969482422,2105.0
8.640000343322754,14.859999656677246,2106.0
8.640000343322754,14.779999732971191,2107.0
8.84000015258789,14.899999618530272,2108.0
8.699999809265137,14.81999969482422,2109.0
8.640000343322754,14.920000076293944,2110.0
8.739999771118164,14.880000114440918,2111.0
8.720000267028809,15.100000381469728,2112.0
8.760000228881836,nan,2113.0
9.020000457763672,15.260000228881836,2114.0
8.779999732971191,15.34000015258789,2115.0
8.760000228881836,15.300000190734863,2116.0
8.739999771118164,15.0600004196167,2117.0
8.9399995803833,14.899999618530272,2118.0
8.899999618530273,14.979999542236328,2119.0
8.859999656677246,15.039999961853027,2120.0
8.84000015258789,16.399999618530273,2121.0
9.0600004196167,16.219999313354492,2122.0
9.119999885559082,16.579999923706055,2123.0
8.979999542236328,15.279999732971191,2124.0
8.899999618530273,15.220000267028809,2125.0
9.140000343322754,15.34000015258789,2126.0
9.300000190734863,15.279999732971191,2127.0
9.140000343322754,15.0,2128.0
9.140000343322754,15.0,2129.0
9.039999961853027,14.899999618530272,2130.0
9.100000381469728,15.720000267028809,2131.0
9.18000030517578,15.779999732971191,2132.0
9.15999984741211,15.539999961853027,2133.0
9.399999618530272,16.079999923706055,2134.0
9.15999984741211,16.18000030517578,2135.0
9.399999618530272,16.18000030517578,2136.0
9.34000015258789,16.079999923706055,2137.0
8.9399995803833,15.15999984741211,2138.0
8.880000114440918,15.119999885559082,2139.0
9.239999771118164,15.020000457763672,2140.0
9.359999656677246,15.079999923706056,2141.0
9.420000076293944,15.140000343322754,2142.0
9.399999618530272,15.239999771118164,2143.0
9.119999885559082,15.5,2144.0
9.380000114440918,15.399999618530272,2145.0
9.420000076293944,15.460000038146973,2146.0
9.140000343322754,15.119999885559082,2147.0
9.239999771118164,15.18000030517578,2148.0
9.15999984741211,14.979999542236328,2149.0
9.15999984741211,14.9399995803833,2150.0
9.199999809265137,15.039999961853027,2151.0
9.100000381469728,15.279999732971191,2152.0
9.460000038146973,15.31999969482422,2153.0
9.220000267028809,15.300000190734863,2154.0
8.979999542236328,15.039999961853027,2155.0
8.899999618530273,15.039999961853027,2156.0
8.779999732971191,15.020000457763672,2157.0
9.0600004196167,15.0600004196167,2158.0
8.720000267028809,14.9399995803833,2159.0
8.720000267028809,14.880000114440918,2160.0
8.920000076293945,14.960000038146973,2161.0
8.960000038146973,15.0,2162.0
9.260000228881836,15.079999923706056,2163.0
9.100000381469728,14.9399995803833,2164.0
9.039999961853027,14.880000114440918,2165.0
9.020000457763672,14.859999656677246,2166.0
9.020000457763672,15.020000457763672,2167.0
9.0,15.239999771118164,2168.0
8.960000038146973,15.399999618530272,2169.0
8.960000038146973,15.359999656677246,2170.0
8.859999656677246,14.960000038146973,2171.0
9.039999961853027,15.020000457763672,2172.0
8.880000114440918,15.479999542236328,2173.0
8.859999656677246,15.279999732971191,2174.0
9.100000381469728,15.079999923706056,2175.0
9.18000030517578,14.960000038146973,2176.0
9.119999885559082,15.020000457763672,2177.0
9.119999885559082,14.920000076293944,2178.0
8.899999618530273,14.81999969482422,2179.0
8.899999618530273,14.979999542236328,2180.0
9.039999961853027,14.9399995803833,2181.0
9.0,14.979999542236328,2182.0
8.979999542236328,15.0600004196167,2183.0
8.899999618530273,15.220000267028809,2184.0
8.899999618530273,15.220000267028809,2185.0
9.18000030517578,15.359999656677246,2186.0
8.9399995803833,15.18000030517578,2187.0
9.220000267028809,15.260000228881836,2188.0
9.140000343322754,15.239999771118164,2189.0
9.119999885559082,15.460000038146973,2190.0
8.800000190734863,15.4399995803833,2191.0
8.640000343322754,15.399999618530272,2192.0
8.65999984741211,15.359999656677246,2193.0
8.579999923706055,15.460000038146973,2194.0
8.699999809265137,15.359999656677246,2195.0
8.680000305175781,15.300000190734863,2196.0
8.84000015258789,15.140000343322754,2197.0
8.960000038146973,15.079999923706056,2198.0
9.020000457763672,15.100000381469728,2199.0
8.739999771118164,15.140000343322754,2200.0
8.800000190734863,15.079999923706056,2201.0
9.079999923706056,14.9399995803833,2202.0
9.039999961853027,14.800000190734863,2203.0
8.819999694824219,14.699999809265137,2204.0
8.760000228881836,14.68000030517578,2205.0
8.800000190734863,14.899999618530272,2206.0
8.619999885559082,14.9399995803833,2207.0
8.520000457763672,14.979999542236328,2208.0
8.479999542236328,14.9399995803833,2209.0
8.460000038146973,15.079999923706056,2210.0
8.479999542236328,15.199999809265137,2211.0
8.460000038146973,14.699999809265137,2212.0
8.680000305175781,14.640000343322754,2213.0
8.619999885559082,14.600000381469728,2214.0
8.699999809265137,14.699999809265137,2215.0
8.84000015258789,14.880000114440918,2216.0
8.779999732971191,14.9399995803833,2217.0
8.859999656677246,15.039999961853027,2218.0
8.920000076293945,14.9399995803833,2219.0
8.819999694824219,14.81999969482422,2220.0
8.84000015258789,14.880000114440918,2221.0
8.880000114440918,14.9399995803833,2222.0
8.920000076293945,15.100000381469728,2223.0
8.920000076293945,15.100000381469728,2224.0
9.079999923706056,15.020000457763672,2225.0
8.800000190734863,14.960000038146973,2226.0
8.960000038146973,15.039999961853027,2227.0
9.100000381469728,15.300000190734863,2228.0
8.880000114440918,15.239999771118164,2229.0
8.800000190734863,15.0,2230.0
8.9399995803833,14.880000114440918,2231.0
8.819999694824219,15.140000343322754,2232.0
8.800000190734863,14.899999618530272,2233.0
8.800000190734863,14.800000190734863,2234.0
8.800000190734863,14.800000190734863,2235.0
8.859999656677246,14.9399995803833,2236.0
8.779999732971191,14.880000114440918,2237.0
9.039999961853027,14.859999656677246,2238.0
8.84000015258789,14.859999656677246,2239.0
8.859999656677246,14.9399995803833,2240.0
8.899999618530273,15.140000343322754,2241.0
8.84000015258789,15.020000457763672,2242.0
8.84000015258789,14.920000076293944,2243.0
8.819999694824219,14.9399995803833,2244.0
8.899999618530273,15.0,2245.0
8.880000114440918,14.859999656677246,2246.0
8.800000190734863,14.899999618530272,2247.0
8.920000076293945,14.920000076293944,2248.0
8.920000076293945,14.81999969482422,2249.0
8.880000114440918,14.9399995803833,2250.0
8.880000114440918,14.880000114440918,2251.0
8.880000114440918,14.880000114440918,2252.0
8.920000076293945,14.859999656677246,2253.0
8.920000076293945,15.100000381469728,2254.0
8.920000076293945,14.899999618530272,2255.0
8.960000038146973,14.760000228881836,2256.0
8.880000114440918,14.859999656677246,2257.0
8.880000114440918,14.920000076293944,2258.0
8.880000114440918,14.960000038146973,2259.0
8.800000190734863,14.9399995803833,2260.0
8.899999618530273,14.899999618530272,2261.0
8.800000190734863,14.899999618530272,2262.0
8.800000190734863,14.9399995803833,2263.0
8.800000190734863,14.979999542236328,2264.0
8.84000015258789,14.960000038146973,2265.0
8.899999618530273,15.0,2266.0
8.920000076293945,14.899999618530272,2267.0
8.739999771118164,15.18000030517578,2268.0
8.880000114440918,15.100000381469728,2269.0
8.760000228881836,15.020000457763672,2270.0
8.739999771118164,15.020000457763672,2271.0
8.819999694824219,15.359999656677246,2272.0
8.800000190734863,15.18000030517578,2273.0
8.819999694824219,14.880000114440918,2274.0
8.899999618530273,14.65999984741211,2275.0
8.739999771118164,15.020000457763672,2276.0
8.880000114440918,15.020000457763672,2277.0
8.9399995803833,15.100000381469728,2278.0
8.84000015258789,15.119999885559082,2279.0
8.880000114440918,15.020000457763672,2280.0
8.960000038146973,15.0,2281.0
9.079999923706056,15.0,2282.0
9.079999923706056,15.0600004196167,2283.0
9.039999961853027,15.0,2284.0
8.960000038146973,15.0,2285.0
8.859999656677246,15.020000457763672,2286.0
8.920000076293945,14.920000076293944,2287.0
8.920000076293945,14.859999656677246,2288.0
8.920000076293945,14.9399995803833,2289.0
8.800000190734863,15.020000457763672,2290.0
8.859999656677246,15.119999885559082,2291.0
8.960000038146973,14.979999542236328,2292.0
8.800000190734863,14.859999656677246,2293.0
8.760000228881836,15.420000076293944,2294.0
8.859999656677246,14.859999656677246,2295.0
8.819999694824219,14.880000114440918,2296.0
8.779999732971191,14.84000015258789,2297.0
8.760000228881836,15.020000457763672,2298.0
8.539999961853027,15.199999809265137,2299.0
8.760000228881836,15.100000381469728,2300.0
8.779999732971191,14.800000190734863,2301.0
8.760000228881836,14.920000076293944,2302.0
8.720000267028809,14.920000076293944,2303.0
8.819999694824219,15.039999961853027,2304.0
9.0,15.399999618530272,2305.0
8.859999656677246,15.359999656677246,2306.0
8.899999618530273,15.020000457763672,2307.0
8.920000076293945,14.960000038146973,2308.0
8.9399995803833,15.18000030517578,2309.0
8.960000038146973,15.199999809265137,2310.0
8.9399995803833,15.039999961853027,2311.0
9.020000457763672,15.039999961853027,2312.0
8.9399995803833,15.119999885559082,2313.0
8.899999618530273,15.140000343322754,2314.0
8.9399995803833,14.81999969482422,2315.0
8.960000038146973,14.960000038146973,2316.0
8.9399995803833,15.18000030517578,2317.0
8.960000038146973,15.079999923706056,2318.0
8.9399995803833,15.0,2319.0
8.960000038146973,15.020000457763672,2320.0
9.079999923706056,15.18000030517578,2321.0
9.0600004196167,15.399999618530272,2322.0
8.920000076293945,16.0,2323.0
8.880000114440918,15.81999969482422,2324.0
8.899999618530273,15.920000076293944,2325.0
8.859999656677246,15.9399995803833,2326.0
8.819999694824219,16.040000915527344,2327.0
8.9399995803833,16.219999313354492,2328.0
8.979999542236328,15.300000190734863,2329.0
8.859999656677246,15.359999656677246,2330.0
8.800000190734863,15.079999923706056,2331.0
8.720000267028809,15.119999885559082,2332.0
8.699999809265137,15.31999969482422,2333.0
8.619999885559082,15.5600004196167,2334.0
8.720000267028809,15.739999771118164,2335.0
8.819999694824219,15.539999961853027,2336.0
8.739999771118164,15.800000190734863,2337.0
8.779999732971191,15.68000030517578,2338.0
8.699999809265137,15.140000343322754,2339.0
8.720000267028809,14.899999618530272,2340.0
8.800000190734863,15.420000076293944,2341.0
8.9399995803833,15.380000114440918,2342.0
8.960000038146973,15.5,2343.0
9.020000457763672,15.420000076293944,2344.0
9.020000457763672,15.399999618530272,2345.0
9.199999809265137,15.0600004196167,2346.0
8.920000076293945,15.34000015258789,2347.0
8.920000076293945,14.960000038146973,2348.0
8.880000114440918,14.880000114440918,2349.0
8.920000076293945,14.859999656677246,2350.0
8.899999618530273,14.859999656677246,2351.0
9.0,15.039999961853027,2352.0
8.960000038146973,15.220000267028809,2353.0
8.9399995803833,nan,2354.0
9.15999984741211,nan,2355.0
9.119999885559082,nan,2356.0
9.100000381469728,15.0600004196167,2357.0
8.84000015258789,15.039999961853027,2358.0
8.859999656677246,15.0600004196167,2359.0
8.920000076293945,14.960000038146973,2360.0
8.880000114440918,14.84000015258789,2361.0
8.880000114440918,15.199999809265137,2362.0
8.899999618530273,15.34000015258789,2363.0
9.020000457763672,15.619999885559082,2364.0
8.760000228881836,15.699999809265137,2365.0
8.800000190734863,15.300000190734863,2366.0
8.84000015258789,15.15999984741211,2367.0
8.880000114440918,14.9399995803833,2368.0
8.9399995803833,14.84000015258789,2369.0
8.979999542236328,14.84000015258789,2370.0
8.979999542236328,14.899999618530272,2371.0
9.020000457763672,15.239999771118164,2372.0
9.0,15.100000381469728,2373.0
8.979999542236328,15.020000457763672,2374.0
8.960000038146973,15.18000030517578,2375.0
8.9399995803833,14.979999542236328,2376.0
8.979999542236328,14.5600004196167,2377.0
9.0,14.600000381469728,2378.0
8.9399995803833,14.84000015258789,2379.0
8.960000038146973,14.880000114440918,2380.0
8.960000038146973,14.859999656677246,2381.0
9.020000457763672,14.899999618530272,2382.0
9.0,15.0,2383.0
9.0,14.960000038146973,2384.0
9.039999961853027,15.0600004196167,2385.0
9.039999961853027,15.0600004196167,2386.0
8.960000038146973,14.979999542236328,2387.0
8.9399995803833,14.899999618530272,2388.0
8.9399995803833,15.020000457763672,2389.0
8.920000076293945,15.079999923706056,2390.0
8.920000076293945,15.0600004196167,2391.0
8.760000228881836,15.18000030517578,2392.0
8.680000305175781,15.020000457763672,2393.0
8.800000190734863,15.020000457763672,2394.0
8.84000015258789,14.960000038146973,2395.0
8.899999618530273,14.960000038146973,2396.0
8.960000038146973,15.0,2397.0
8.960000038146973,15.359999656677246,2398.0
9.0,15.520000457763672,2399.0
9.020000457763672,15.880000114440918,2400.0
9.020000457763672,15.039999961853027,2401.0
9.0600004196167,15.119999885559082,2402.0
9.039999961853027,15.380000114440918,2403.0
9.0,15.5,2404.0
8.960000038146973,15.31999969482422,2405.0
8.920000076293945,15.359999656677246,2406.0
8.979999542236328,14.960000038146973,2407.0
8.960000038146973,15.239999771118164,2408.0
8.9399995803833,14.739999771118164,2409.0
8.880000114440918,15.720000267028809,2410.0
8.859999656677246,15.699999809265137,2411.0
8.84000015258789,15.600000381469728,2412.0
8.84000015258789,15.68000030517578,2413.0
8.899999618530273,15.380000114440918,2414.0
8.9399995803833,15.399999618530272,2415.0
8.920000076293945,15.220000267028809,2416.0
8.920000076293945,15.31999969482422,2417.0
8.960000038146973,15.220000267028809,2418.0
8.800000190734863,15.9399995803833,2419.0
8.899999618530273,15.899999618530272,2420.0
8.9399995803833,15.720000267028809,2421.0
8.880000114440918,15.739999771118164,2422.0
8.779999732971191,15.68000030517578,2423.0
8.800000190734863,15.84000015258789,2424.0
8.899999618530273,15.699999809265137,2425.0
9.100000381469728,15.779999732971191,2426.0
9.100000381469728,15.920000076293944,2427.0
9.0,15.760000228881836,2428.0
8.899999618530273,15.4399995803833,2429.0
8.84000015258789,15.0600004196167,2430.0
8.880000114440918,15.0600004196167,2431.0
9.100000381469728,15.600000381469728,2432.0
8.880000114440918,15.5600004196167,2433.0
8.859999656677246,15.65999984741211,2434.0
8.880000114440918,15.4399995803833,2435.0
8.920000076293945,16.360000610351562,2436.0
8.920000076293945,16.299999237060547,2437.0
8.920000076293945,15.619999885559082,2438.0
8.880000114440918,15.34000015258789,2439.0
8.979999542236328,15.640000343322754,2440.0
8.899999618530273,15.31999969482422,2441.0
8.9399995803833,15.079999923706056,2442.0
8.9399995803833,15.420000076293944,2443.0
8.819999694824219,15.800000190734863,2444.0
8.819999694824219,15.300000190734863,2445.0
8.880000114440918,15.31999969482422,2446.0
9.140000343322754,15.479999542236328,2447.0
8.9399995803833,15.68000030517578,2448.0
8.9399995803833,15.640000343322754,2449.0
8.979999542236328,15.520000457763672,2450.0
9.18000030517578,15.279999732971191,2451.0
8.979999542236328,15.380000114440918,2452.0
8.859999656677246,15.079999923706056,2453.0
8.680000305175781,15.220000267028809,2454.0
8.479999542236328,15.579999923706056,2455.0
8.680000305175781,15.199999809265137,2456.0
8.359999656677246,15.220000267028809,2457.0
8.819999694824219,15.31999969482422,2458.0
8.960000038146973,15.0600004196167,2459.0
8.880000114440918,15.460000038146973,2460.0
8.859999656677246,15.31999969482422,2461.0
8.819999694824219,15.579999923706056,2462.0
8.859999656677246,15.399999618530272,2463.0
8.880000114440918,15.020000457763672,2464.0
9.039999961853027,14.81999969482422,2465.0
9.300000190734863,15.4399995803833,2466.0
9.18000030517578,15.479999542236328,2467.0
9.100000381469728,14.979999542236328,2468.0
9.020000457763672,14.760000228881836,2469.0
9.079999923706056,15.079999923706056,2470.0
8.9399995803833,15.34000015258789,2471.0
9.020000457763672,15.239999771118164,2472.0
9.100000381469728,15.199999809265137,2473.0
9.100000381469728,15.020000457763672,2474.0
8.979999542236328,15.079999923706056,2475.0
8.859999656677246,15.0,2476.0
8.9399995803833,14.9399995803833,2477.0
8.880000114440918,14.880000114440918,2478.0
8.899999618530273,14.859999656677246,2479.0
8.899999618530273,14.859999656677246,2480.0
8.979999542236328,14.84000015258789,2481.0
8.9399995803833,14.9399995803833,2482.0
8.960000038146973,14.960000038146973,2483.0
8.899999618530273,14.9399995803833,2484.0
8.960000038146973,14.920000076293944,2485.0
8.699999809265137,14.859999656677246,2486.0
8.479999542236328,14.920000076293944,2487.0
8.779999732971191,14.880000114440918,2488.0
9.18000030517578,14.960000038146973,2489.0
9.119999885559082,14.960000038146973,2490.0
8.920000076293945,14.960000038146973,2491.0
8.819999694824219,14.960000038146973,2492.0
8.880000114440918,14.979999542236328,2493.0
8.819999694824219,14.920000076293944,2494.0
8.739999771118164,14.859999656677246,2495.0
8.920000076293945,14.920000076293944,2496.0
8.880000114440918,14.920000076293944,2497.0
8.920000076293945,14.920000076293944,2498.0
8.979999542236328,14.960000038146973,2499.0
8.859999656677246,15.0,2500.0
8.880000114440918,14.859999656677246,2501.0
nan,14.960000038146973,2502.0
8.979999542236328,14.960000038146973,2503.0
9.119999885559082,14.899999618530272,2504.0
9.100000381469728,14.880000114440918,2505.0
9.039999961853027,14.920000076293944,2506.0
9.020000457763672,14.880000114440918,2507.0
9.140000343322754,14.880000114440918,2508.0
9.020000457763672,14.899999618530272,2509.0
nan,14.9399995803833,2510.0
9.119999885559082,14.9399995803833,2511.0
9.039999961853027,14.979999542236328,2512.0
8.9399995803833,15.0,2513.0
8.979999542236328,15.039999961853027,2514.0
9.100000381469728,15.100000381469728,2515.0
9.100000381469728,15.119999885559082,2516.0
9.039999961853027,15.0,2517.0
8.979999542236328,15.0,2518.0
9.18000030517578,15.079999923706056,2519.0
9.199999809265137,15.079999923706056,2520.0
8.859999656677246,15.039999961853027,2521.0
8.800000190734863,15.020000457763672,2522.0
8.9399995803833,15.18000030517578,2523.0
8.960000038146973,15.079999923706056,2524.0
8.859999656677246,15.18000030517578,2525.0
8.819999694824219,14.960000038146973,2526.0
9.079999923706056,15.079999923706056,2527.0
9.100000381469728,15.18000030517578,2528.0
9.100000381469728,15.239999771118164,2529.0
9.079999923706056,15.020000457763672,2530.0
8.920000076293945,14.960000038146973,2531.0
8.979999542236328,14.979999542236328,2532.0
8.960000038146973,15.0600004196167,2533.0
8.9399995803833,15.239999771118164,2534.0
9.079999923706056,14.920000076293944,2535.0
9.039999961853027,14.960000038146973,2536.0
9.079999923706056,14.9399995803833,2537.0
9.18000030517578,14.979999542236328,2538.0
9.199999809265137,15.0600004196167,2539.0
9.0600004196167,15.119999885559082,2540.0
9.039999961853027,15.15999984741211,2541.0
8.880000114440918,15.140000343322754,2542.0
9.199999809265137,14.9399995803833,2543.0
8.9399995803833,15.020000457763672,2544.0
8.880000114440918,15.079999923706056,2545.0
8.880000114440918,15.18000030517578,2546.0
8.9399995803833,15.220000267028809,2547.0
8.960000038146973,15.079999923706056,2548.0
8.960000038146973,15.18000030517578,2549.0
8.920000076293945,15.359999656677246,2550.0
9.039999961853027,15.68000030517578,2551.0
8.899999618530273,15.300000190734863,2552.0
8.880000114440918,15.220000267028809,2553.0
8.960000038146973,15.31999969482422,2554.0
8.920000076293945,15.140000343322754,2555.0
8.960000038146973,15.140000343322754,2556.0
8.920000076293945,15.039999961853027,2557.0
9.020000457763672,15.020000457763672,2558.0
9.039999961853027,15.079999923706056,2559.0
8.979999542236328,15.380000114440918,2560.0
9.0,15.300000190734863,2561.0
9.020000457763672,15.4399995803833,2562.0
9.039999961853027,15.140000343322754,2563.0
8.960000038146973,15.079999923706056,2564.0
8.960000038146973,15.119999885559082,2565.0
9.0,15.079999923706056,2566.0
8.9399995803833,15.0,2567.0
8.9399995803833,15.020000457763672,2568.0
8.880000114440918,15.0600004196167,2569.0
8.859999656677246,15.039999961853027,2570.0
8.880000114440918,15.020000457763672,2571.0
9.0600004196167,15.020000457763672,2572.0
8.84000015258789,15.15999984741211,2573.0
8.819999694824219,15.279999732971191,2574.0
9.100000381469728,15.220000267028809,2575.0
8.9399995803833,15.300000190734863,2576.0
8.899999618530273,15.220000267028809,2577.0
9.079999923706056,15.119999885559082,2578.0
8.979999542236328,15.079999923706056,2579.0
9.079999923706056,15.100000381469728,2580.0
8.979999542236328,15.079999923706056,2581.0
8.899999618530273,15.0600004196167,2582.0
8.979999542236328,15.18000030517578,2583.0
9.140000343322754,15.18000030517578,2584.0
9.18000030517578,15.18000030517578,2585.0
9.260000228881836,15.420000076293944,2586.0
9.18000030517578,15.460000038146973,2587.0
9.239999771118164,15.420000076293944,2588.0
9.100000381469728,16.280000686645508,2589.0
9.100000381469728,15.18000030517578,2590.0
9.039999961853027,15.119999885559082,2591.0
9.079999923706056,15.18000030517578,2592.0
9.140000343322754,15.18000030517578,2593.0
9.199999809265137,15.279999732971191,2594.0
9.0600004196167,15.359999656677246,2595.0
9.020000457763672,15.399999618530272,2596.0
8.960000038146973,15.359999656677246,2597.0
9.0,15.359999656677246,2598.0
9.039999961853027,15.300000190734863,2599.0
9.0600004196167,15.18000030517578,2600.0
9.140000343322754,15.079999923706056,2601.0
9.119999885559082,15.0,2602.0
9.100000381469728,15.140000343322754,2603.0
9.0,15.420000076293944,2604.0
8.859999656677246,15.399999618530272,2605.0
9.039999961853027,15.68000030517578,2606.0
8.800000190734863,15.0600004196167,2607.0
8.800000190734863,15.359999656677246,2608.0
8.84000015258789,15.34000015258789,2609.0
8.880000114440918,15.199999809265137,2610.0
9.100000381469728,15.119999885559082,2611.0
8.960000038146973,15.039999961853027,2612.0
9.140000343322754,15.18000030517578,2613.0
9.140000343322754,15.140000343322754,2614.0
9.119999885559082,15.260000228881836,2615.0
9.0,15.260000228881836,2616.0
8.979999542236328,15.18000030517578,2617.0
8.9399995803833,15.18000030517578,2618.0
9.020000457763672,15.100000381469728,2619.0
8.899999618530273,15.039999961853027,2620.0
8.920000076293945,15.199999809265137,2621.0
8.9399995803833,15.18000030517578,2622.0
9.039999961853027,15.220000267028809,2623.0
8.960000038146973,15.18000030517578,2624.0
9.0,15.119999885559082,2625.0
9.0,15.100000381469728,2626.0
9.039999961853027,15.140000343322754,2627.0
9.020000457763672,15.140000343322754,2628.0
8.960000038146973,15.220000267028809,2629.0
9.039999961853027,15.119999885559082,2630.0
9.0,15.18000030517578,2631.0
8.979999542236328,15.239999771118164,2632.0
8.960000038146973,15.300000190734863,2633.0
9.119999885559082,15.34000015258789,2634.0
9.0600004196167,15.380000114440918,2635.0
9.020000457763672,15.31999969482422,2636.0
8.880000114440918,15.220000267028809,2637.0
9.039999961853027,15.140000343322754,2638.0
8.960000038146973,15.100000381469728,2639.0
9.079999923706056,15.18000030517578,2640.0
9.15999984741211,15.220000267028809,2641.0
9.100000381469728,15.119999885559082,2642.0
8.9399995803833,15.100000381469728,2643.0
8.920000076293945,15.260000228881836,2644.0
8.960000038146973,15.18000030517578,2645.0
8.779999732971191,14.920000076293944,2646.0
8.800000190734863,15.079999923706056,2647.0
8.800000190734863,14.899999618530272,2648.0
8.859999656677246,15.020000457763672,2649.0
8.800000190734863,14.960000038146973,2650.0
8.84000015258789,14.899999618530272,2651.0
9.140000343322754,14.720000267028809,2652.0
8.960000038146973,14.579999923706056,2653.0
8.979999542236328,14.68000030517578,2654.0
8.960000038146973,14.960000038146973,2655.0
8.9399995803833,14.859999656677246,2656.0
8.9399995803833,14.960000038146973,2657.0
8.979999542236328,15.220000267028809,2658.0
9.020000457763672,15.119999885559082,2659.0
9.0,15.140000343322754,2660.0
8.9399995803833,15.140000343322754,2661.0
9.039999961853027,15.18000030517578,2662.0
9.0,15.18000030517578,2663.0
9.039999961853027,15.039999961853027,2664.0
9.260000228881836,15.260000228881836,2665.0
9.140000343322754,15.31999969482422,2666.0
9.100000381469728,15.18000030517578,2667.0
9.18000030517578,15.079999923706056,2668.0
9.100000381469728,15.079999923706056,2669.0
9.140000343322754,15.039999961853027,2670.0
9.220000267028809,14.859999656677246,2671.0
9.100000381469728,15.119999885559082,2672.0
9.119999885559082,15.020000457763672,2673.0
9.079999923706056,14.960000038146973,2674.0
8.979999542236328,14.859999656677246,2675.0
9.020000457763672,15.079999923706056,2676.0
8.960000038146973,15.220000267028809,2677.0
8.819999694824219,16.15999984741211,2678.0
8.859999656677246,15.140000343322754,2679.0
8.880000114440918,14.9399995803833,2680.0
8.9399995803833,15.079999923706056,2681.0
8.859999656677246,15.5,2682.0
9.039999961853027,15.380000114440918,2683.0
8.9399995803833,15.199999809265137,2684.0
8.960000038146973,15.220000267028809,2685.0
8.880000114440918,15.380000114440918,2686.0
8.920000076293945,15.140000343322754,2687.0
8.920000076293945,15.260000228881836,2688.0
8.960000038146973,15.579999923706056,2689.0
8.920000076293945,15.68000030517578,2690.0
8.9399995803833,15.520000457763672,2691.0
9.079999923706056,15.68000030517578,2692.0
9.020000457763672,15.119999885559082,2693.0
9.0,15.079999923706056,2694.0
8.960000038146973,15.0600004196167,2695.0
8.84000015258789,15.15999984741211,2696.0
8.9399995803833,15.079999923706056,2697.0
8.920000076293945,15.039999961853027,2698.0
8.9399995803833,15.039999961853027,2699.0
8.880000114440918,15.039999961853027,2700.0
8.880000114440918,15.020000457763672,2701.0
8.920000076293945,15.020000457763672,2702.0
9.079999923706056,14.960000038146973,2703.0
8.979999542236328,14.920000076293944,2704.0
8.920000076293945,15.34000015258789,2705.0
8.920000076293945,15.31999969482422,2706.0
8.920000076293945,15.220000267028809,2707.0
8.880000114440918,15.0600004196167,2708.0
8.9399995803833,15.039999961853027,2709.0
8.9399995803833,15.0,2710.0
8.9399995803833,15.020000457763672,2711.0
9.119999885559082,15.18000030517578,2712.0
8.9399995803833,15.199999809265137,2713.0
9.020000457763672,15.039999961853027,2714.0
8.880000114440918,15.0,2715.0
8.920000076293945,15.039999961853027,2716.0
8.979999542236328,15.15999984741211,2717.0
8.960000038146973,15.18000030517578,2718.0
8.899999618530273,15.140000343322754,2719.0
9.0,15.260000228881836,2720.0
8.739999771118164,15.31999969482422,2721.0
8.699999809265137,15.279999732971191,2722.0
8.819999694824219,15.18000030517578,2723.0
8.819999694824219,15.18000030517578,2724.0
8.819999694824219,15.399999618530272,2725.0
8.9399995803833,15.640000343322754,2726.0
8.800000190734863,15.699999809265137,2727.0
8.9399995803833,15.68000030517578,2728.0
8.899999618530273,15.640000343322754,2729.0
8.920000076293945,15.779999732971191,2730.0
9.0,15.65999984741211,2731.0
8.9399995803833,15.5600004196167,2732.0
9.0,15.600000381469728,2733.0
8.899999618530273,15.520000457763672,2734.0
8.819999694824219,15.399999618530272,2735.0
9.0600004196167,15.4399995803833,2736.0
8.84000015258789,15.460000038146973,2737.0
9.020000457763672,15.460000038146973,2738.0
8.920000076293945,15.460000038146973,2739.0
8.779999732971191,15.34000015258789,2740.0
8.9399995803833,15.079999923706056,2741.0
8.880000114440918,15.279999732971191,2742.0
8.880000114440918,15.800000190734863,2743.0
8.979999542236328,15.479999542236328,2744.0
9.199999809265137,15.34000015258789,2745.0
9.220000267028809,15.34000015258789,2746.0
8.979999542236328,15.640000343322754,2747.0
8.9399995803833,15.420000076293944,2748.0
8.800000190734863,15.359999656677246,2749.0
8.800000190734863,15.359999656677246,2750.0
8.9399995803833,15.359999656677246,2751.0
8.800000190734863,15.479999542236328,2752.0
8.800000190734863,15.15999984741211,2753.0
8.880000114440918,15.239999771118164,2754.0
8.9399995803833,15.15999984741211,2755.0
9.100000381469728,15.119999885559082,2756.0
9.18000030517578,15.399999618530272,2757.0
9.15999984741211,15.260000228881836,2758.0
9.119999885559082,15.260000228881836,2759.0
9.119999885559082,15.34000015258789,2760.0
9.100000381469728,15.300000190734863,2761.0
9.15999984741211,15.199999809265137,2762.0
8.899999618530273,15.279999732971191,2763.0
9.119999885559082,15.140000343322754,2764.0
8.880000114440918,15.199999809265137,2765.0
8.859999656677246,15.039999961853027,2766.0
8.9399995803833,15.079999923706056,2767.0
9.020000457763672,15.079999923706056,2768.0
9.039999961853027,15.039999961853027,2769.0
9.039999961853027,15.18000030517578,2770.0
9.039999961853027,15.119999885559082,2771.0
9.0600004196167,15.300000190734863,2772.0
9.140000343322754,15.15999984741211,2773.0
8.880000114440918,15.239999771118164,2774.0
8.739999771118164,15.079999923706056,2775.0
8.779999732971191,15.199999809265137,2776.0
8.859999656677246,15.199999809265137,2777.0
8.720000267028809,15.199999809265137,2778.0
8.579999923706055,15.239999771118164,2779.0
8.300000190734863,15.34000015258789,2780.0
8.4399995803833,15.220000267028809,2781.0
8.699999809265137,15.220000267028809,2782.0
8.65999984741211,15.199999809265137,2783.0
8.65999984741211,15.100000381469728,2784.0
9.039999961853027,15.100000381469728,2785.0
9.0600004196167,15.199999809265137,2786.0
9.020000457763672,15.199999809265137,2787.0
8.960000038146973,15.260000228881836,2788.0
8.859999656677246,15.15999984741211,2789.0
9.0600004196167,15.199999809265137,2790.0
9.020000457763672,15.199999809265137,2791.0
8.760000228881836,15.239999771118164,2792.0
8.680000305175781,15.140000343322754,2793.0
8.779999732971191,15.239999771118164,2794.0
8.880000114440918,15.15999984741211,2795.0
8.800000190734863,15.260000228881836,2796.0
8.819999694824219,15.140000343322754,2797.0
8.899999618530273,15.15999984741211,2798.0
8.920000076293945,15.279999732971191,2799.0
9.0,15.260000228881836,2800.0
8.84000015258789,15.199999809265137,2801.0
8.640000343322754,15.199999809265137,2802.0
8.84000015258789,15.220000267028809,2803.0
8.880000114440918,14.979999542236328,2804.0
8.899999618530273,15.0,2805.0
8.9399995803833,15.18000030517578,2806.0
8.960000038146973,15.079999923706056,2807.0
8.760000228881836,15.100000381469728,2808.0
8.720000267028809,15.020000457763672,2809.0
8.84000015258789,15.020000457763672,2810.0
8.859999656677246,14.920000076293944,2811.0
8.720000267028809,14.899999618530272,2812.0
8.859999656677246,14.920000076293944,2813.0
8.819999694824219,15.079999923706056,2814.0
8.760000228881836,15.0600004196167,2815.0
8.800000190734863,15.020000457763672,2816.0
8.699999809265137,15.079999923706056,2817.0
8.779999732971191,14.9399995803833,2818.0
8.779999732971191,14.979999542236328,2819.0
8.760000228881836,14.9399995803833,2820.0
8.819999694824219,14.960000038146973,2821.0
8.680000305175781,15.020000457763672,2822.0
8.699999809265137,15.020000457763672,2823.0
8.920000076293945,15.020000457763672,2824.0
8.920000076293945,14.979999542236328,2825.0
8.720000267028809,15.039999961853027,2826.0
8.779999732971191,15.079999923706056,2827.0
8.760000228881836,15.079999923706056,2828.0
8.760000228881836,15.079999923706056,2829.0
8.819999694824219,15.220000267028809,2830.0
8.819999694824219,15.18000030517578,2831.0
8.920000076293945,15.119999885559082,2832.0
8.920000076293945,15.140000343322754,2833.0
8.899999618530273,15.34000015258789,2834.0
8.960000038146973,15.5,2835.0
8.739999771118164,15.279999732971191,2836.0
8.859999656677246,15.079999923706056,2837.0
8.880000114440918,15.039999961853027,2838.0
8.9399995803833,15.039999961853027,2839.0
8.899999618530273,15.079999923706056,2840.0
8.920000076293945,15.039999961853027,2841.0
8.880000114440918,14.960000038146973,2842.0
9.020000457763672,15.0,2843.0
8.880000114440918,14.899999618530272,2844.0
8.899999618530273,15.0600004196167,2845.0
9.039999961853027,15.0600004196167,2846.0
9.100000381469728,15.079999923706056,2847.0
8.960000038146973,15.079999923706056,2848.0
8.960000038146973,15.15999984741211,2849.0
9.0600004196167,15.34000015258789,2850.0
9.039999961853027,15.18000030517578,2851.0
9.300000190734863,15.18000030517578,2852.0
8.920000076293945,15.18000030517578,2853.0
8.880000114440918,15.039999961853027,2854.0
8.800000190734863,14.880000114440918,2855.0
8.760000228881836,15.079999923706056,2856.0
8.699999809265137,15.300000190734863,2857.0
8.859999656677246,15.220000267028809,2858.0
8.739999771118164,15.34000015258789,2859.0
8.699999809265137,15.399999618530272,2860.0
8.739999771118164,15.15999984741211,2861.0
8.760000228881836,15.100000381469728,2862.0
8.899999618530273,15.039999961853027,2863.0
8.859999656677246,15.020000457763672,2864.0
8.920000076293945,15.020000457763672,2865.0
8.920000076293945,15.079999923706056,2866.0
8.960000038146973,15.0600004196167,2867.0
8.9399995803833,15.100000381469728,2868.0
8.960000038146973,15.140000343322754,2869.0
8.920000076293945,15.100000381469728,2870.0
8.960000038146973,15.100000381469728,2871.0
9.15999984741211,15.119999885559082,2872.0
9.100000381469728,15.079999923706056,2873.0
9.079999923706056,15.119999885559082,2874.0
9.0,15.100000381469728,2875.0
8.899999618530273,15.119999885559082,2876.0
9.239999771118164,15.119999885559082,2877.0
8.920000076293945,15.15999984741211,2878.0
8.920000076293945,15.15999984741211,2879.0
8.899999618530273,15.100000381469728,2880.0
8.920000076293945,15.199999809265137,2881.0
8.899999618530273,15.0600004196167,2882.0
8.979999542236328,15.079999923706056,2883.0
8.9399995803833,15.18000030517578,2884.0
8.979999542236328,15.239999771118164,2885.0
9.039999961853027,15.079999923706056,2886.0
8.880000114440918,15.079999923706056,2887.0
8.920000076293945,15.039999961853027,2888.0
8.859999656677246,15.18000030517578,2889.0
8.920000076293945,15.199999809265137,2890.0
8.880000114440918,15.31999969482422,2891.0
8.899999618530273,15.359999656677246,2892.0
8.920000076293945,15.079999923706056,2893.0
8.859999656677246,15.100000381469728,2894.0
8.800000190734863,15.039999961853027,2895.0
8.880000114440918,15.0,2896.0
9.100000381469728,15.0600004196167,2897.0
8.84000015258789,15.039999961853027,2898.0
8.880000114440918,15.140000343322754,2899.0
8.9399995803833,15.039999961853027,2900.0
9.0600004196167,15.380000114440918,2901.0
9.0600004196167,15.399999618530272,2902.0
8.899999618530273,14.859999656677246,2903.0
8.84000015258789,14.68000030517578,2904.0
8.859999656677246,14.68000030517578,2905.0
8.880000114440918,15.279999732971191,2906.0
9.0,15.100000381469728,2907.0
9.020000457763672,15.15999984741211,2908.0
9.039999961853027,15.18000030517578,2909.0
9.079999923706056,15.300000190734863,2910.0
8.899999618530273,14.68000030517578,2911.0
8.84000015258789,14.859999656677246,2912.0
8.960000038146973,15.020000457763672,2913.0
9.079999923706056,14.960000038146973,2914.0
9.119999885559082,14.9399995803833,2915.0
9.020000457763672,14.979999542236328,2916.0
8.920000076293945,15.359999656677246,2917.0
8.819999694824219,15.359999656677246,2918.0
8.880000114440918,15.359999656677246,2919.0
8.920000076293945,15.079999923706056,2920.0
8.880000114440918,15.18000030517578,2921.0
8.779999732971191,15.199999809265137,2922.0
8.859999656677246,15.260000228881836,2923.0
8.979999542236328,15.199999809265137,2924.0
9.18000030517578,15.260000228881836,2925.0
8.979999542236328,15.119999885559082,2926.0
8.979999542236328,15.119999885559082,2927.0
8.960000038146973,15.039999961853027,2928.0
8.960000038146973,15.119999885559082,2929.0
8.859999656677246,15.239999771118164,2930.0
8.819999694824219,15.199999809265137,2931.0
8.84000015258789,15.119999885559082,2932.0
9.119999885559082,15.079999923706056,2933.0
9.119999885559082,15.039999961853027,2934.0
8.960000038146973,15.0,2935.0
8.920000076293945,15.020000457763672,2936.0
9.0,15.079999923706056,2937.0
8.979999542236328,15.399999618530272,2938.0
8.960000038146973,15.399999618530272,2939.0
8.960000038146973,15.260000228881836,2940.0
8.960000038146973,15.15999984741211,2941.0
8.960000038146973,15.15999984741211,2942.0
8.920000076293945,15.34000015258789,2943.0
8.920000076293945,15.34000015258789,2944.0
9.0600004196167,15.239999771118164,2945.0
8.84000015258789,15.34000015258789,2946.0
8.920000076293945,15.300000190734863,2947.0
8.760000228881836,15.31999969482422,2948.0
8.720000267028809,15.260000228881836,2949.0
8.739999771118164,15.079999923706056,2950.0
8.680000305175781,15.119999885559082,2951.0
8.9399995803833,15.140000343322754,2952.0
8.84000015258789,15.279999732971191,2953.0
8.859999656677246,15.18000030517578,2954.0
8.920000076293945,15.260000228881836,2955.0
8.979999542236328,15.079999923706056,2956.0
9.0,15.220000267028809,2957.0
9.020000457763672,15.020000457763672,2958.0
8.979999542236328,15.140000343322754,2959.0
8.960000038146973,15.279999732971191,2960.0
8.920000076293945,15.520000457763672,2961.0
8.84000015258789,15.479999542236328,2962.0
8.859999656677246,15.5,2963.0
8.920000076293945,15.420000076293944,2964.0
9.039999961853027,15.4399995803833,2965.0
8.960000038146973,15.300000190734863,2966.0
8.960000038146973,15.300000190734863,2967.0
8.899999618530273,15.18000030517578,2968.0
8.859999656677246,15.220000267028809,2969.0
9.039999961853027,15.420000076293944,2970.0
9.0,15.479999542236328,2971.0
8.9399995803833,15.760000228881836,2972.0
8.859999656677246,15.4399995803833,2973.0
8.920000076293945,15.5600004196167,2974.0
8.9399995803833,15.5600004196167,2975.0
8.819999694824219,15.520000457763672,2976.0
8.720000267028809,15.5,2977.0
8.699999809265137,15.4399995803833,2978.0
9.020000457763672,15.300000190734863,2979.0
9.039999961853027,15.140000343322754,2980.0
8.9399995803833,15.199999809265137,2981.0
9.0600004196167,15.15999984741211,2982.0
8.960000038146973,15.079999923706056,2983.0
8.979999542236328,15.039999961853027,2984.0
8.84000015258789,15.300000190734863,2985.0
8.880000114440918,15.460000038146973,2986.0
9.020000457763672,15.34000015258789,2987.0
8.920000076293945,14.960000038146973,2988.0
8.920000076293945,15.079999923706056,2989.0
8.84000015258789,14.979999542236328,2990.0
8.880000114440918,15.100000381469728,2991.0
8.880000114440918,15.220000267028809,2992.0
8.880000114440918,15.279999732971191,2993.0
8.960000038146973,15.279999732971191,2994.0
9.039999961853027,15.18000030517578,2995.0
9.079999923706056,15.359999656677246,2996.0
8.859999656677246,15.399999618530272,2997.0
8.920000076293945,15.31999969482422,2998.0
9.0,15.4399995803833,2999.0
8.920000076293945,15.460000038146973,3000.0
8.920000076293945,15.140000343322754,3001.0
8.9399995803833,14.979999542236328,3002.0
9.0600004196167,14.859999656677246,3003.0
8.960000038146973,14.920000076293944,3004.0
8.859999656677246,15.420000076293944,3005.0
9.079999923706056,15.359999656677246,3006.0
9.15999984741211,15.279999732971191,3007.0
9.15999984741211,15.380000114440918,3008.0
9.31999969482422,15.34000015258789,3009.0
9.100000381469728,15.239999771118164,3010.0
9.260000228881836,15.34000015258789,3011.0
9.100000381469728,15.34000015258789,3012.0
8.960000038146973,15.31999969482422,3013.0
8.859999656677246,15.34000015258789,3014.0
8.779999732971191,15.539999961853027,3015.0
8.800000190734863,15.260000228881836,3016.0
8.819999694824219,15.199999809265137,3017.0
8.84000015258789,15.260000228881836,3018.0
8.800000190734863,15.239999771118164,3019.0
9.0,15.0600004196167,3020.0
8.84000015258789,15.18000030517578,3021.0
8.859999656677246,15.0600004196167,3022.0
8.859999656677246,15.079999923706056,3023.0
8.920000076293945,15.119999885559082,3024.0
9.020000457763672,15.239999771118164,3025.0
9.279999732971191,15.239999771118164,3026.0
9.199999809265137,15.140000343322754,3027.0
8.960000038146973,14.960000038146973,3028.0
9.300000190734863,14.880000114440918,3029.0
9.079999923706056,15.079999923706056,3030.0
9.31999969482422,15.0600004196167,3031.0
9.300000190734863,15.079999923706056,3032.0
9.279999732971191,15.279999732971191,3033.0
9.039999961853027,15.0600004196167,3034.0
8.9399995803833,15.020000457763672,3035.0
9.279999732971191,15.5600004196167,3036.0
9.079999923706056,15.279999732971191,3037.0
9.119999885559082,15.039999961853027,3038.0
9.15999984741211,15.020000457763672,3039.0
9.0600004196167,14.800000190734863,3040.0
8.84000015258789,14.68000030517578,3041.0
9.100000381469728,14.920000076293944,3042.0
8.899999618530273,14.899999618530272,3043.0
9.039999961853027,14.84000015258789,3044.0
9.039999961853027,15.0,3045.0
8.960000038146973,15.039999961853027,3046.0
8.859999656677246,14.960000038146973,3047.0
8.9399995803833,14.979999542236328,3048.0
9.039999961853027,15.140000343322754,3049.0
nan,15.220000267028809,3050.0
9.260000228881836,15.0600004196167,3051.0
9.260000228881836,15.18000030517578,3052.0
9.31999969482422,15.399999618530272,3053.0
9.119999885559082,15.420000076293944,3054.0
9.119999885559082,15.579999923706056,3055.0
9.239999771118164,15.220000267028809,3056.0
9.140000343322754,15.220000267028809,3057.0
9.119999885559082,15.18000030517578,3058.0
9.100000381469728,15.119999885559082,3059.0
9.279999732971191,15.18000030517578,3060.0
9.239999771118164,15.34000015258789,3061.0
9.279999732971191,15.5600004196167,3062.0
9.239999771118164,15.5600004196167,3063.0
9.260000228881836,15.600000381469728,3064.0
9.199999809265137,15.239999771118164,3065.0
8.960000038146973,15.140000343322754,3066.0
8.960000038146973,15.18000030517578,3067.0
8.960000038146973,15.0600004196167,3068.0
8.979999542236328,15.119999885559082,3069.0
8.859999656677246,15.0600004196167,3070.0
9.020000457763672,15.020000457763672,3071.0
9.079999923706056,15.020000457763672,3072.0
9.100000381469728,15.31999969482422,3073.0
9.140000343322754,15.100000381469728,3074.0
9.199999809265137,15.239999771118164,3075.0
9.020000457763672,15.18000030517578,3076.0
8.920000076293945,15.15999984741211,3077.0
9.18000030517578,15.220000267028809,3078.0
9.279999732971191,15.300000190734863,3079.0
9.31999969482422,15.31999969482422,3080.0
9.31999969482422,15.479999542236328,3081.0
9.239999771118164,15.600000381469728,3082.0
8.960000038146973,15.779999732971191,3083.0
8.960000038146973,15.380000114440918,3084.0
9.0600004196167,15.100000381469728,3085.0
9.220000267028809,15.079999923706056,3086.0
9.199999809265137,15.079999923706056,3087.0
8.800000190734863,15.079999923706056,3088.0
8.819999694824219,15.279999732971191,3089.0
8.84000015258789,15.359999656677246,3090.0
8.9399995803833,15.34000015258789,3091.0
8.760000228881836,15.18000030517578,3092.0
9.020000457763672,15.100000381469728,3093.0
8.800000190734863,15.140000343322754,3094.0
8.84000015258789,15.34000015258789,3095.0
8.84000015258789,15.15999984741211,3096.0
8.800000190734863,15.119999885559082,3097.0
8.880000114440918,15.0600004196167,3098.0
9.039999961853027,15.079999923706056,3099.0
9.039999961853027,15.220000267028809,3100.0
8.84000015258789,15.199999809265137,3101.0
8.800000190734863,15.239999771118164,3102.0
8.779999732971191,15.18000030517578,3103.0
8.760000228881836,15.079999923706056,3104.0
8.739999771118164,15.039999961853027,3105.0
8.960000038146973,15.140000343322754,3106.0
9.359999656677246,15.039999961853027,3107.0
9.039999961853027,15.039999961853027,3108.0
9.0600004196167,15.079999923706056,3109.0
9.119999885559082,15.079999923706056,3110.0
9.119999885559082,15.140000343322754,3111.0
9.119999885559082,15.079999923706056,3112.0
9.199999809265137,15.220000267028809,3113.0
8.880000114440918,15.18000030517578,3114.0
8.859999656677246,15.279999732971191,3115.0
8.899999618530273,15.300000190734863,3116.0
8.859999656677246,15.239999771118164,3117.0
8.859999656677246,15.239999771118164,3118.0
8.859999656677246,15.220000267028809,3119.0
8.859999656677246,15.140000343322754,3120.0
9.119999885559082,15.140000343322754,3121.0
9.119999885559082,15.31999969482422,3122.0
8.9399995803833,15.18000030517578,3123.0
9.15999984741211,15.140000343322754,3124.0
8.920000076293945,15.079999923706056,3125.0
8.84000015258789,15.039999961853027,3126.0
8.960000038146973,15.0600004196167,3127.0
8.920000076293945,15.0,3128.0
9.079999923706056,15.039999961853027,3129.0
9.140000343322754,15.239999771118164,3130.0
8.859999656677246,15.260000228881836,3131.0
8.979999542236328,15.199999809265137,3132.0
9.15999984741211,15.199999809265137,3133.0
9.140000343322754,15.239999771118164,3134.0
9.18000030517578,15.279999732971191,3135.0
9.119999885559082,15.18000030517578,3136.0
9.119999885559082,15.300000190734863,3137.0
8.920000076293945,15.300000190734863,3138.0
8.880000114440918,15.34000015258789,3139.0
8.9399995803833,15.34000015258789,3140.0
8.899999618530273,15.140000343322754,3141.0
8.800000190734863,15.18000030517578,3142.0
8.920000076293945,15.220000267028809,3143.0
8.859999656677246,15.239999771118164,3144.0
8.819999694824219,15.239999771118164,3145.0
8.84000015258789,15.260000228881836,3146.0
8.960000038146973,15.220000267028809,3147.0
8.960000038146973,15.220000267028809,3148.0
8.84000015258789,15.260000228881836,3149.0
8.899999618530273,15.199999809265137,3150.0
8.960000038146973,15.100000381469728,3151.0
8.880000114440918,15.119999885559082,3152.0
8.779999732971191,15.079999923706056,3153.0
8.779999732971191,15.15999984741211,3154.0
8.800000190734863,15.380000114440918,3155.0
8.819999694824219,15.359999656677246,3156.0
8.800000190734863,15.300000190734863,3157.0
8.800000190734863,15.34000015258789,3158.0
8.800000190734863,15.520000457763672,3159.0
8.800000190734863,15.800000190734863,3160.0
8.859999656677246,15.520000457763672,3161.0
8.84000015258789,15.359999656677246,3162.0
8.84000015258789,15.34000015258789,3163.0
8.859999656677246,15.34000015258789,3164.0
8.880000114440918,15.300000190734863,3165.0
8.880000114440918,15.279999732971191,3166.0
8.819999694824219,15.18000030517578,3167.0
8.800000190734863,15.079999923706056,3168.0
9.039999961853027,15.079999923706056,3169.0
8.880000114440918,15.100000381469728,3170.0
8.960000038146973,15.239999771118164,3171.0
9.0600004196167,15.34000015258789,3172.0
9.039999961853027,15.34000015258789,3173.0
9.119999885559082,15.380000114440918,3174.0
9.0,15.420000076293944,3175.0
9.0,15.34000015258789,3176.0
8.979999542236328,15.359999656677246,3177.0
8.960000038146973,15.359999656677246,3178.0
8.979999542236328,15.359999656677246,3179.0
9.0,15.380000114440918,3180.0
9.020000457763672,15.300000190734863,3181.0
9.0600004196167,15.31999969482422,3182.0
9.0,15.300000190734863,3183.0
9.039999961853027,15.31999969482422,3184.0
8.9399995803833,15.31999969482422,3185.0
8.9399995803833,15.34000015258789,3186.0
8.880000114440918,15.34000015258789,3187.0
8.880000114440918,15.199999809265137,3188.0
8.84000015258789,15.18000030517578,3189.0
8.9399995803833,15.260000228881836,3190.0
8.84000015258789,15.279999732971191,3191.0
8.9399995803833,15.260000228881836,3192.0
9.039999961853027,15.359999656677246,3193.0
9.020000457763672,15.300000190734863,3194.0
8.960000038146973,15.300000190734863,3195.0
8.9399995803833,15.18000030517578,3196.0
8.960000038146973,15.18000030517578,3197.0
8.979999542236328,15.300000190734863,3198.0
8.859999656677246,15.34000015258789,3199.0
8.880000114440918,15.260000228881836,3200.0
8.859999656677246,15.300000190734863,3201.0
8.800000190734863,15.420000076293944,3202.0
8.920000076293945,15.31999969482422,3203.0
8.960000038146973,15.300000190734863,3204.0
8.859999656677246,15.239999771118164,3205.0
8.699999809265137,15.300000190734863,3206.0
8.819999694824219,15.300000190734863,3207.0
8.819999694824219,15.300000190734863,3208.0
8.84000015258789,15.31999969482422,3209.0
8.960000038146973,15.18000030517578,3210.0
8.880000114440918,15.140000343322754,3211.0
8.880000114440918,15.18000030517578,3212.0
8.920000076293945,15.5,3213.0
8.9399995803833,15.119999885559082,3214.0
8.920000076293945,15.220000267028809,3215.0
8.960000038146973,15.279999732971191,3216.0
8.920000076293945,15.239999771118164,3217.0
8.9399995803833,15.260000228881836,3218.0
9.0,15.359999656677246,3219.0
9.020000457763672,15.300000190734863,3220.0
8.859999656677246,15.239999771118164,3221.0
8.84000015258789,15.18000030517578,3222.0
8.979999542236328,15.140000343322754,3223.0
8.960000038146973,15.100000381469728,3224.0
8.979999542236328,15.18000030517578,3225.0
8.920000076293945,15.140000343322754,3226.0
8.880000114440918,15.300000190734863,3227.0
8.880000114440918,15.399999618530272,3228.0
9.079999923706056,15.220000267028809,3229.0
9.079999923706056,15.239999771118164,3230.0
9.039999961853027,15.199999809265137,3231.0
9.199999809265137,15.220000267028809,3232.0
9.100000381469728,15.260000228881836,3233.0
9.039999961853027,15.119999885559082,3234.0
9.119999885559082,15.239999771118164,3235.0
8.960000038146973,15.239999771118164,3236.0
8.920000076293945,15.199999809265137,3237.0
8.920000076293945,15.18000030517578,3238.0
8.920000076293945,15.239999771118164,3239.0
8.9399995803833,15.18000030517578,3240.0
9.079999923706056,15.18000030517578,3241.0
9.100000381469728,15.279999732971191,3242.0
8.979999542236328,15.300000190734863,3243.0
8.960000038146973,15.239999771118164,3244.0
8.920000076293945,15.239999771118164,3245.0
9.020000457763672,15.239999771118164,3246.0
8.899999618530273,15.18000030517578,3247.0
9.0600004196167,15.140000343322754,3248.0
8.9399995803833,15.199999809265137,3249.0
8.859999656677246,15.199999809265137,3250.0
8.899999618530273,15.199999809265137,3251.0
8.880000114440918,15.300000190734863,3252.0
8.880000114440918,15.199999809265137,3253.0
8.960000038146973,15.239999771118164,3254.0
8.699999809265137,15.239999771118164,3255.0
8.819999694824219,15.119999885559082,3256.0
8.859999656677246,15.199999809265137,3257.0
8.880000114440918,15.18000030517578,3258.0
8.880000114440918,15.199999809265137,3259.0
8.960000038146973,15.220000267028809,3260.0
8.859999656677246,15.199999809265137,3261.0
9.039999961853027,15.300000190734863,3262.0
9.039999961853027,15.260000228881836,3263.0
8.899999618530273,15.220000267028809,3264.0
8.960000038146973,15.260000228881836,3265.0
8.9399995803833,15.300000190734863,3266.0
9.0,15.380000114440918,3267.0
8.979999542236328,15.380000114440918,3268.0
8.979999542236328,15.260000228881836,3269.0
8.979999542236328,15.300000190734863,3270.0
9.119999885559082,15.239999771118164,3271.0
9.239999771118164,15.18000030517578,3272.0
9.260000228881836,15.300000190734863,3273.0
8.920000076293945,15.239999771118164,3274.0
8.859999656677246,15.199999809265137,3275.0
8.9399995803833,15.039999961853027,3276.0
9.039999961853027,15.18000030517578,3277.0
8.859999656677246,15.15999984741211,3278.0
8.979999542236328,15.34000015258789,3279.0
9.0,15.380000114440918,3280.0
8.9399995803833,15.399999618530272,3281.0
8.960000038146973,15.460000038146973,3282.0
8.9399995803833,15.359999656677246,3283.0
9.079999923706056,15.479999542236328,3284.0
8.920000076293945,15.4399995803833,3285.0
8.9399995803833,15.399999618530272,3286.0
8.9399995803833,15.539999961853027,3287.0
8.979999542236328,15.68000030517578,3288.0
9.020000457763672,15.460000038146973,3289.0
9.020000457763672,15.399999618530272,3290.0
9.039999961853027,15.460000038146973,3291.0
8.920000076293945,15.34000015258789,3292.0
8.9399995803833,15.359999656677246,3293.0
9.100000381469728,15.359999656677246,3294.0
9.140000343322754,15.359999656677246,3295.0
9.100000381469728,15.399999618530272,3296.0
9.100000381469728,15.380000114440918,3297.0
8.979999542236328,15.380000114440918,3298.0
9.119999885559082,15.34000015258789,3299.0
9.100000381469728,15.300000190734863,3300.0
9.199999809265137,15.199999809265137,3301.0
9.020000457763672,15.380000114440918,3302.0
9.039999961853027,15.479999542236328,3303.0
9.0,15.460000038146973,3304.0
9.0,15.460000038146973,3305.0
9.0,15.300000190734863,3306.0
9.039999961853027,15.279999732971191,3307.0
9.0600004196167,15.420000076293944,3308.0
8.960000038146973,15.4399995803833,3309.0
8.920000076293945,15.479999542236328,3310.0
9.039999961853027,15.460000038146973,3311.0
8.960000038146973,15.399999618530272,3312.0
9.079999923706056,15.479999542236328,3313.0
9.140000343322754,15.399999618530272,3314.0
9.100000381469728,15.399999618530272,3315.0
9.15999984741211,15.420000076293944,3316.0
9.0600004196167,15.359999656677246,3317.0
8.960000038146973,15.380000114440918,3318.0
8.84000015258789,15.279999732971191,3319.0
9.0,15.279999732971191,3320.0
9.020000457763672,15.279999732971191,3321.0
8.880000114440918,15.279999732971191,3322.0
8.880000114440918,15.279999732971191,3323.0
8.920000076293945,15.260000228881836,3324.0
9.119999885559082,15.239999771118164,3325.0
8.899999618530273,15.260000228881836,3326.0
9.039999961853027,15.260000228881836,3327.0
9.039999961853027,15.31999969482422,3328.0
9.020000457763672,15.31999969482422,3329.0
9.079999923706056,15.31999969482422,3330.0
9.039999961853027,15.359999656677246,3331.0
8.979999542236328,15.4399995803833,3332.0
9.039999961853027,15.4399995803833,3333.0
8.920000076293945,15.4399995803833,3334.0
8.920000076293945,15.31999969482422,3335.0
8.9399995803833,15.359999656677246,3336.0
8.9399995803833,15.5600004196167,3337.0
9.020000457763672,15.640000343322754,3338.0
9.020000457763672,15.68000030517578,3339.0
9.0,15.5600004196167,3340.0
8.979999542236328,15.460000038146973,3341.0
9.15999984741211,15.5,3342.0
9.140000343322754,15.5600004196167,3343.0
9.0,15.65999984741211,3344.0
9.0600004196167,15.65999984741211,3345.0
9.079999923706056,15.699999809265137,3346.0
9.119999885559082,15.779999732971191,3347.0
9.0600004196167,15.760000228881836,3348.0
9.100000381469728,15.880000114440918,3349.0
9.0,15.920000076293944,3350.0
8.859999656677246,15.739999771118164,3351.0
8.84000015258789,15.800000190734863,3352.0
8.960000038146973,15.68000030517578,3353.0
9.119999885559082,15.479999542236328,3354.0
9.140000343322754,15.5,3355.0
9.399999618530272,15.5,3356.0
9.119999885559082,15.600000381469728,3357.0
9.020000457763672,15.520000457763672,3358.0
9.079999923706056,15.68000030517578,3359.0
9.220000267028809,15.5600004196167,3360.0
9.239999771118164,15.579999923706056,3361.0
9.31999969482422,15.5600004196167,3362.0
9.020000457763672,15.359999656677246,3363.0
8.979999542236328,15.380000114440918,3364.0
9.079999923706056,15.359999656677246,3365.0
9.239999771118164,15.359999656677246,3366.0
9.020000457763672,15.4399995803833,3367.0
9.020000457763672,15.5,3368.0
9.119999885559082,15.640000343322754,3369.0
9.199999809265137,15.68000030517578,3370.0
9.18000030517578,15.739999771118164,3371.0
9.119999885559082,15.65999984741211,3372.0
9.100000381469728,15.640000343322754,3373.0
9.100000381469728,15.65999984741211,3374.0
9.199999809265137,15.520000457763672,3375.0
9.18000030517578,15.619999885559082,3376.0
9.079999923706056,15.640000343322754,3377.0
9.079999923706056,15.739999771118164,3378.0
9.279999732971191,15.760000228881836,3379.0
9.0,15.539999961853027,3380.0
8.979999542236328,15.460000038146973,3381.0
9.020000457763672,15.359999656677246,3382.0
8.979999542236328,15.420000076293944,3383.0
8.920000076293945,15.520000457763672,3384.0
8.9399995803833,15.520000457763672,3385.0
9.100000381469728,15.399999618530272,3386.0
9.079999923706056,15.479999542236328,3387.0
9.020000457763672,15.600000381469728,3388.0
9.119999885559082,15.640000343322754,3389.0
9.0,15.68000030517578,3390.0
8.979999542236328,15.579999923706056,3391.0
9.020000457763672,15.520000457763672,3392.0
9.119999885559082,15.460000038146973,3393.0
9.399999618530272,15.460000038146973,3394.0
9.399999618530272,15.600000381469728,3395.0
9.079999923706056,15.68000030517578,3396.0
8.960000038146973,15.619999885559082,3397.0
9.0,15.65999984741211,3398.0
9.0600004196167,15.619999885559082,3399.0
9.119999885559082,15.539999961853027,3400.0
9.15999984741211,15.5600004196167,3401.0
9.0,15.539999961853027,3402.0
8.920000076293945,15.460000038146973,3403.0
9.260000228881836,15.359999656677246,3404.0
9.239999771118164,15.399999618530272,3405.0
9.279999732971191,15.420000076293944,3406.0
9.380000114440918,15.460000038146973,3407.0
9.4399995803833,15.460000038146973,3408.0
9.279999732971191,15.359999656677246,3409.0
9.279999732971191,15.479999542236328,3410.0
9.0,15.399999618530272,3411.0
9.0,15.31999969482422,3412.0
8.880000114440918,15.300000190734863,3413.0
9.239999771118164,15.359999656677246,3414.0
9.279999732971191,15.460000038146973,3415.0
9.020000457763672,15.479999542236328,3416.0
9.140000343322754,15.420000076293944,3417.0
9.239999771118164,15.5600004196167,3418.0
9.300000190734863,15.5,3419.0
9.359999656677246,15.4399995803833,3420.0
9.380000114440918,15.5,3421.0
9.359999656677246,15.619999885559082,3422.0
9.039999961853027,15.600000381469728,3423.0
9.359999656677246,15.460000038146973,3424.0
9.34000015258789,15.520000457763672,3425.0
9.359999656677246,15.520000457763672,3426.0
9.34000015258789,15.5,3427.0
9.31999969482422,15.479999542236328,3428.0
9.34000015258789,15.5600004196167,3429.0
9.420000076293944,15.420000076293944,3430.0
9.34000015258789,15.380000114440918,3431.0
9.300000190734863,15.380000114440918,3432.0
9.31999969482422,15.34000015258789,3433.0
9.31999969482422,15.380000114440918,3434.0
9.34000015258789,15.420000076293944,3435.0
9.31999969482422,15.460000038146973,3436.0
9.100000381469728,15.31999969482422,3437.0
9.020000457763672,15.279999732971191,3438.0
9.079999923706056,15.359999656677246,3439.0
9.15999984741211,15.380000114440918,3440.0
9.15999984741211,15.4399995803833,3441.0
9.140000343322754,15.420000076293944,3442.0
9.34000015258789,15.420000076293944,3443.0
9.279999732971191,15.4399995803833,3444.0
9.260000228881836,15.460000038146973,3445.0
9.300000190734863,15.5,3446.0
9.260000228881836,15.5,3447.0
9.18000030517578,15.4399995803833,3448.0
9.100000381469728,15.420000076293944,3449.0
9.279999732971191,15.420000076293944,3450.0
9.31999969482422,15.420000076293944,3451.0
9.31999969482422,15.460000038146973,3452.0
9.220000267028809,15.520000457763672,3453.0
9.279999732971191,15.619999885559082,3454.0
9.079999923706056,15.5,3455.0
9.260000228881836,15.539999961853027,3456.0
9.140000343322754,15.68000030517578,3457.0
9.300000190734863,15.640000343322754,3458.0
9.100000381469728,15.579999923706056,3459.0
9.079999923706056,15.539999961853027,3460.0
9.140000343322754,15.5,3461.0
9.039999961853027,15.539999961853027,3462.0
9.140000343322754,15.619999885559082,3463.0
9.020000457763672,15.539999961853027,3464.0
9.0600004196167,15.520000457763672,3465.0
9.260000228881836,15.34000015258789,3466.0
9.279999732971191,15.359999656677246,3467.0
9.119999885559082,15.31999969482422,3468.0
9.380000114440918,15.399999618530272,3469.0
9.140000343322754,15.399999618530272,3470.0
9.15999984741211,15.399999618530272,3471.0
9.15999984741211,15.420000076293944,3472.0
9.140000343322754,15.4399995803833,3473.0
9.079999923706056,15.460000038146973,3474.0
9.239999771118164,15.479999542236328,3475.0
9.34000015258789,15.460000038146973,3476.0
9.199999809265137,15.479999542236328,3477.0
9.15999984741211,15.460000038146973,3478.0
9.140000343322754,15.5,3479.0
9.31999969482422,15.5,3480.0
9.239999771118164,15.460000038146973,3481.0
9.300000190734863,15.460000038146973,3482.0
9.15999984741211,15.460000038146973,3483.0
9.260000228881836,15.5,3484.0
9.279999732971191,15.5,3485.0
9.300000190734863,15.520000457763672,3486.0
9.34000015258789,15.520000457763672,3487.0
9.34000015258789,15.479999542236328,3488.0
9.18000030517578,15.5600004196167,3489.0
9.18000030517578,15.5600004196167,3490.0
9.15999984741211,15.539999961853027,3491.0
9.15999984741211,15.579999923706056,3492.0
9.34000015258789,15.5600004196167,3493.0
9.380000114440918,15.600000381469728,3494.0
9.34000015258789,15.539999961853027,3495.0
9.300000190734863,15.579999923706056,3496.0
9.260000228881836,15.600000381469728,3497.0
9.260000228881836,15.600000381469728,3498.0
9.260000228881836,15.5600004196167,3499.0
9.279999732971191,15.539999961853027,3500.0
9.279999732971191,15.520000457763672,3501.0
9.239999771118164,15.739999771118164,3502.0
9.34000015258789,15.579999923706056,3503.0
9.359999656677246,15.520000457763672,3504.0
9.31999969482422,15.520000457763672,3505.0
9.260000228881836,15.539999961853027,3506.0
9.079999923706056,15.520000457763672,3507.0
9.140000343322754,15.520000457763672,3508.0
9.239999771118164,15.520000457763672,3509.0
9.199999809265137,15.619999885559082,3510.0
9.260000228881836,15.5600004196167,3511.0
9.199999809265137,15.5600004196167,3512.0
9.15999984741211,15.619999885559082,3513.0
9.199999809265137,15.579999923706056,3514.0
9.34000015258789,15.699999809265137,3515.0
9.220000267028809,15.579999923706056,3516.0
9.31999969482422,15.5600004196167,3517.0
9.31999969482422,15.539999961853027,3518.0
9.199999809265137,15.600000381469728,3519.0
9.239999771118164,15.640000343322754,3520.0
9.279999732971191,15.65999984741211,3521.0
9.239999771118164,15.5600004196167,3522.0
9.239999771118164,15.640000343322754,3523.0
9.380000114440918,15.720000267028809,3524.0
9.199999809265137,15.640000343322754,3525.0
9.119999885559082,15.760000228881836,3526.0
9.119999885559082,15.760000228881836,3527.0
9.18000030517578,15.68000030517578,3528.0
9.18000030517578,15.5600004196167,3529.0
9.199999809265137,15.520000457763672,3530.0
9.199999809265137,15.579999923706056,3531.0
9.140000343322754,15.600000381469728,3532.0
9.199999809265137,15.619999885559082,3533.0
9.15999984741211,15.619999885559082,3534.0
9.15999984741211,15.579999923706056,3535.0
9.239999771118164,15.5,3536.0
9.31999969482422,15.539999961853027,3537.0
9.300000190734863,15.539999961853027,3538.0
9.18000030517578,15.640000343322754,3539.0
9.15999984741211,15.600000381469728,3540.0
9.15999984741211,15.520000457763672,3541.0
9.119999885559082,15.5,3542.0
9.199999809265137,15.399999618530272,3543.0
9.199999809265137,15.460000038146973,3544.0
9.34000015258789,15.539999961853027,3545.0
9.199999809265137,15.579999923706056,3546.0
9.15999984741211,15.800000190734863,3547.0
9.079999923706056,15.5600004196167,3548.0
9.119999885559082,15.640000343322754,3549.0
9.279999732971191,15.739999771118164,3550.0
9.279999732971191,15.640000343322754,3551.0
9.279999732971191,15.619999885559082,3552.0
9.300000190734863,15.65999984741211,3553.0
9.220000267028809,15.640000343322754,3554.0
9.199999809265137,15.68000030517578,3555.0
9.31999969482422,15.640000343322754,3556.0
9.239999771118164,15.81999969482422,3557.0
9.34000015258789,15.899999618530272,3558.0
9.399999618530272,16.1200008392334,3559.0
9.359999656677246,15.81999969482422,3560.0
9.300000190734863,15.699999809265137,3561.0
9.119999885559082,15.65999984741211,3562.0
9.140000343322754,15.760000228881836,3563.0
9.0600004196167,15.739999771118164,3564.0
9.15999984741211,15.779999732971191,3565.0
9.119999885559082,15.779999732971191,3566.0
9.15999984741211,15.739999771118164,3567.0
9.119999885559082,15.65999984741211,3568.0
9.0,15.760000228881836,3569.0
9.079999923706056,15.720000267028809,3570.0
9.100000381469728,15.68000030517578,3571.0
9.18000030517578,15.760000228881836,3572.0
9.140000343322754,15.84000015258789,3573.0
9.199999809265137,15.739999771118164,3574.0
9.199999809265137,15.720000267028809,3575.0
9.15999984741211,15.699999809265137,3576.0
9.260000228881836,15.859999656677246,3577.0
9.199999809265137,15.9399995803833,3578.0
9.220000267028809,15.739999771118164,3579.0
9.31999969482422,15.68000030517578,3580.0
9.260000228881836,15.81999969482422,3581.0
9.31999969482422,15.699999809265137,3582.0
9.31999969482422,15.720000267028809,3583.0
9.359999656677246,15.739999771118164,3584.0
9.34000015258789,15.84000015258789,3585.0
9.359999656677246,15.779999732971191,3586.0
9.260000228881836,15.899999618530272,3587.0
9.31999969482422,15.800000190734863,3588.0
9.279999732971191,15.760000228881836,3589.0
9.15999984741211,15.739999771118164,3590.0
9.140000343322754,15.720000267028809,3591.0
9.239999771118164,15.68000030517578,3592.0
9.119999885559082,15.68000030517578,3593.0
9.359999656677246,15.68000030517578,3594.0
9.34000015258789,15.68000030517578,3595.0
9.380000114440918,15.720000267028809,3596.0
9.31999969482422,15.720000267028809,3597.0
9.300000190734863,15.720000267028809,3598.0
9.18000030517578,15.65999984741211,3599.0
9.300000190734863,15.760000228881836,3600.0
9.31999969482422,15.720000267028809,3601.0
9.359999656677246,15.68000030517578,3602.0
9.380000114440918,15.68000030517578,3603.0
9.239999771118164,15.68000030517578,3604.0
9.239999771118164,15.640000343322754,3605.0
9.199999809265137,15.619999885559082,3606.0
9.239999771118164,15.579999923706056,3607.0
9.300000190734863,15.520000457763672,3608.0
9.31999969482422,15.520000457763672,3609.0
9.300000190734863,15.5,3610.0
9.399999618530272,15.4399995803833,3611.0
9.380000114440918,15.359999656677246,3612.0
9.34000015258789,15.520000457763672,3613.0
9.279999732971191,15.5,3614.0
9.199999809265137,15.460000038146973,3615.0
9.31999969482422,15.399999618530272,3616.0
9.31999969482422,15.4399995803833,3617.0
9.119999885559082,15.520000457763672,3618.0
9.100000381469728,15.520000457763672,3619.0
9.100000381469728,15.5,3620.0
9.300000190734863,15.4399995803833,3621.0
9.140000343322754,15.5,3622.0
9.15999984741211,15.520000457763672,3623.0
9.100000381469728,15.520000457763672,3624.0
9.119999885559082,15.5,3625.0
9.279999732971191,15.520000457763672,3626.0
9.239999771118164,15.5600004196167,3627.0
9.18000030517578,15.539999961853027,3628.0
9.260000228881836,15.640000343322754,3629.0
9.220000267028809,15.65999984741211,3630.0
9.220000267028809,15.619999885559082,3631.0
9.239999771118164,15.640000343322754,3632.0
9.31999969482422,15.739999771118164,3633.0
9.239999771118164,15.619999885559082,3634.0
9.239999771118164,15.5600004196167,3635.0
9.220000267028809,15.600000381469728,3636.0
9.199999809265137,15.579999923706056,3637.0
9.279999732971191,15.699999809265137,3638.0
9.300000190734863,15.720000267028809,3639.0
9.31999969482422,15.800000190734863,3640.0
9.34000015258789,15.779999732971191,3641.0
9.279999732971191,15.640000343322754,3642.0
9.18000030517578,15.68000030517578,3643.0
9.359999656677246,15.600000381469728,3644.0
9.279999732971191,15.720000267028809,3645.0
9.300000190734863,15.84000015258789,3646.0
9.31999969482422,15.720000267028809,3647.0
9.460000038146973,15.65999984741211,3648.0
9.399999618530272,15.640000343322754,3649.0
9.399999618530272,15.84000015258789,3650.0
9.31999969482422,15.760000228881836,3651.0
9.220000267028809,15.779999732971191,3652.0
9.300000190734863,15.9399995803833,3653.0
9.34000015258789,15.920000076293944,3654.0
9.4399995803833,15.880000114440918,3655.0
9.460000038146973,15.859999656677246,3656.0
9.4399995803833,16.040000915527344,3657.0
9.380000114440918,16.18000030517578,3658.0
9.4399995803833,16.139999389648438,3659.0
9.420000076293944,16.1200008392334,3660.0
9.399999618530272,15.859999656677246,3661.0
9.359999656677246,15.760000228881836,3662.0
9.380000114440918,15.699999809265137,3663.0
9.31999969482422,15.619999885559082,3664.0
9.31999969482422,15.720000267028809,3665.0
9.260000228881836,15.65999984741211,3666.0
9.279999732971191,15.5600004196167,3667.0
9.279999732971191,15.579999923706056,3668.0
9.199999809265137,15.579999923706056,3669.0
9.260000228881836,15.579999923706056,3670.0
9.300000190734863,15.5600004196167,3671.0
9.359999656677246,15.5600004196167,3672.0
8.539999961853027,15.619999885559082,3673.0
9.380000114440918,15.699999809265137,3674.0
9.380000114440918,15.68000030517578,3675.0
9.300000190734863,15.699999809265137,3676.0
9.4399995803833,15.5600004196167,3677.0
9.31999969482422,15.479999542236328,3678.0
9.380000114440918,15.5,3679.0
9.399999618530272,15.520000457763672,3680.0
9.4399995803833,15.619999885559082,3681.0
9.359999656677246,15.520000457763672,3682.0
9.4399995803833,15.5600004196167,3683.0
9.4399995803833,15.619999885559082,3684.0
9.399999618530272,15.619999885559082,3685.0
9.279999732971191,15.640000343322754,3686.0
9.199999809265137,15.65999984741211,3687.0
9.399999618530272,15.619999885559082,3688.0
9.380000114440918,15.800000190734863,3689.0
9.18000030517578,15.65999984741211,3690.0
9.260000228881836,15.699999809265137,3691.0
9.119999885559082,15.720000267028809,3692.0
9.279999732971191,15.81999969482422,3693.0
9.300000190734863,15.720000267028809,3694.0
9.18000030517578,15.739999771118164,3695.0
9.199999809265137,15.65999984741211,3696.0
9.199999809265137,15.68000030517578,3697.0
9.199999809265137,15.619999885559082,3698.0
9.199999809265137,15.739999771118164,3699.0
9.15999984741211,15.800000190734863,3700.0
9.15999984741211,15.800000190734863,3701.0
9.239999771118164,15.779999732971191,3702.0
9.279999732971191,15.779999732971191,3703.0
9.18000030517578,15.760000228881836,3704.0
9.239999771118164,15.68000030517578,3705.0
9.220000267028809,15.68000030517578,3706.0
9.239999771118164,15.68000030517578,3707.0
9.34000015258789,15.65999984741211,3708.0
9.279999732971191,15.640000343322754,3709.0
9.18000030517578,15.760000228881836,3710.0
9.15999984741211,15.800000190734863,3711.0
9.220000267028809,15.68000030517578,3712.0
9.279999732971191,15.699999809265137,3713.0
9.31999969482422,15.68000030517578,3714.0
9.199999809265137,15.699999809265137,3715.0
9.220000267028809,15.699999809265137,3716.0
9.31999969482422,16.0,3717.0
9.380000114440918,15.84000015258789,3718.0
9.359999656677246,15.81999969482422,3719.0
9.399999618530272,15.899999618530272,3720.0
9.359999656677246,15.779999732971191,3721.0
9.31999969482422,15.84000015258789,3722.0
9.31999969482422,15.960000038146973,3723.0
9.399999618530272,15.859999656677246,3724.0
9.300000190734863,15.960000038146973,3725.0
9.359999656677246,15.760000228881836,3726.0
9.31999969482422,15.640000343322754,3727.0
9.300000190734863,15.619999885559082,3728.0
9.359999656677246,15.619999885559082,3729.0
9.15999984741211,15.65999984741211,3730.0
9.380000114440918,15.68000030517578,3731.0
9.4399995803833,15.720000267028809,3732.0
9.34000015258789,15.760000228881836,3733.0
9.31999969482422,15.720000267028809,3734.0
9.31999969482422,15.699999809265137,3735.0
9.279999732971191,15.960000038146973,3736.0
9.31999969482422,15.84000015258789,3737.0
9.199999809265137,15.84000015258789,3738.0
9.18000030517578,15.81999969482422,3739.0
9.399999618530272,15.979999542236328,3740.0
9.34000015258789,15.859999656677246,3741.0
9.380000114440918,15.859999656677246,3742.0
9.359999656677246,15.84000015258789,3743.0
9.199999809265137,15.880000114440918,3744.0
9.4399995803833,15.81999969482422,3745.0
9.260000228881836,15.9399995803833,3746.0
9.260000228881836,15.920000076293944,3747.0
9.399999618530272,15.880000114440918,3748.0
9.5600004196167,15.760000228881836,3749.0
9.479999542236328,15.779999732971191,3750.0
9.520000457763672,16.18000030517578,3751.0
9.539999961853027,15.760000228881836,3752.0
9.520000457763672,15.720000267028809,3753.0
9.399999618530272,15.699999809265137,3754.0
9.380000114440918,15.68000030517578,3755.0
9.479999542236328,15.619999885559082,3756.0
9.520000457763672,15.720000267028809,3757.0
9.399999618530272,15.880000114440918,3758.0
9.479999542236328,15.81999969482422,3759.0
9.399999618530272,15.760000228881836,3760.0
9.420000076293944,15.760000228881836,3761.0
9.420000076293944,15.640000343322754,3762.0
9.399999618530272,15.619999885559082,3763.0
9.380000114440918,15.65999984741211,3764.0
9.359999656677246,15.720000267028809,3765.0
9.31999969482422,15.81999969482422,3766.0
9.359999656677246,15.640000343322754,3767.0
9.420000076293944,15.720000267028809,3768.0
9.380000114440918,15.739999771118164,3769.0
9.420000076293944,15.779999732971191,3770.0
9.420000076293944,15.800000190734863,3771.0
9.399999618530272,15.779999732971191,3772.0
9.399999618530272,15.739999771118164,3773.0
9.359999656677246,15.779999732971191,3774.0
9.380000114440918,15.699999809265137,3775.0
9.239999771118164,15.800000190734863,3776.0
9.359999656677246,15.739999771118164,3777.0
9.359999656677246,15.619999885559082,3778.0
9.399999618530272,15.640000343322754,3779.0
9.380000114440918,15.760000228881836,3780.0
9.380000114440918,15.640000343322754,3781.0
9.420000076293944,15.619999885559082,3782.0
9.380000114440918,15.619999885559082,3783.0
9.31999969482422,15.720000267028809,3784.0
9.31999969482422,15.68000030517578,3785.0
9.4399995803833,15.640000343322754,3786.0
9.460000038146973,15.699999809265137,3787.0
9.460000038146973,15.779999732971191,3788.0
9.399999618530272,15.68000030517578,3789.0
9.460000038146973,15.640000343322754,3790.0
9.5,15.619999885559082,3791.0
9.31999969482422,15.640000343322754,3792.0
9.380000114440918,15.579999923706056,3793.0
9.380000114440918,15.619999885559082,3794.0
9.399999618530272,15.619999885559082,3795.0
9.399999618530272,15.68000030517578,3796.0
9.31999969482422,15.720000267028809,3797.0
9.420000076293944,15.779999732971191,3798.0
9.479999542236328,15.760000228881836,3799.0
9.479999542236328,15.779999732971191,3800.0
9.520000457763672,15.779999732971191,3801.0
9.539999961853027,15.800000190734863,3802.0
9.520000457763672,15.65999984741211,3803.0
9.479999542236328,15.68000030517578,3804.0
9.5,15.699999809265137,3805.0
9.460000038146973,15.739999771118164,3806.0
9.420000076293944,15.760000228881836,3807.0
9.460000038146973,15.760000228881836,3808.0
9.399999618530272,15.800000190734863,3809.0
9.420000076293944,15.899999618530272,3810.0
9.4399995803833,16.0,3811.0
9.420000076293944,16.059999465942383,3812.0
9.300000190734863,15.859999656677246,3813.0
9.34000015258789,15.81999969482422,3814.0
9.359999656677246,15.84000015258789,3815.0
9.399999618530272,15.81999969482422,3816.0
9.31999969482422,15.760000228881836,3817.0
9.31999969482422,15.779999732971191,3818.0
9.380000114440918,15.899999618530272,3819.0
9.359999656677246,15.920000076293944,3820.0
9.399999618530272,15.899999618530272,3821.0
9.399999618530272,15.960000038146973,3822.0
9.420000076293944,15.84000015258789,3823.0
9.520000457763672,15.84000015258789,3824.0
9.460000038146973,15.899999618530272,3825.0
9.4399995803833,15.960000038146973,3826.0
9.399999618530272,15.979999542236328,3827.0
9.399999618530272,15.979999542236328,3828.0
9.359999656677246,15.920000076293944,3829.0
9.420000076293944,15.920000076293944,3830.0
9.31999969482422,15.920000076293944,3831.0
9.479999542236328,16.040000915527344,3832.0
9.579999923706056,16.040000915527344,3833.0
9.539999961853027,15.920000076293944,3834.0
9.579999923706056,15.899999618530272,3835.0
9.600000381469728,15.9399995803833,3836.0
9.5600004196167,16.059999465942383,3837.0
9.5,16.0,3838.0
9.199999809265137,15.920000076293944,3839.0
9.199999809265137,15.84000015258789,3840.0
9.4399995803833,15.81999969482422,3841.0
9.420000076293944,15.9399995803833,3842.0
9.420000076293944,15.880000114440918,3843.0
9.420000076293944,15.81999969482422,3844.0
9.380000114440918,15.739999771118164,3845.0
9.31999969482422,15.899999618530272,3846.0
9.34000015258789,15.979999542236328,3847.0
9.399999618530272,16.479999542236328,3848.0
9.31999969482422,16.520000457763672,3849.0
9.239999771118164,16.5,3850.0
9.5,16.559999465942383,3851.0
9.15999984741211,16.280000686645508,3852.0
9.31999969482422,15.920000076293944,3853.0
9.420000076293944,15.9399995803833,3854.0
9.380000114440918,16.059999465942383,3855.0
9.34000015258789,16.059999465942383,3856.0
9.300000190734863,16.059999465942383,3857.0
9.4399995803833,15.9399995803833,3858.0
9.460000038146973,15.859999656677246,3859.0
9.359999656677246,16.219999313354492,3860.0
9.520000457763672,16.1200008392334,3861.0
9.5600004196167,16.239999771118164,3862.0
9.5600004196167,16.0,3863.0
9.5,16.079999923706055,3864.0
9.539999961853027,16.020000457763672,3865.0
9.600000381469728,16.15999984741211,3866.0
9.5600004196167,16.139999389648438,3867.0
9.31999969482422,16.100000381469727,3868.0
9.34000015258789,15.9399995803833,3869.0
9.260000228881836,15.899999618530272,3870.0
9.359999656677246,15.9399995803833,3871.0
9.260000228881836,15.779999732971191,3872.0
9.140000343322754,15.720000267028809,3873.0
9.380000114440918,15.84000015258789,3874.0
9.5,15.739999771118164,3875.0
9.5,15.699999809265137,3876.0
9.5,15.739999771118164,3877.0
9.199999809265137,15.979999542236328,3878.0
9.399999618530272,16.219999313354492,3879.0
9.239999771118164,16.260000228881836,3880.0
9.4399995803833,16.3799991607666,3881.0
9.140000343322754,16.600000381469727,3882.0
9.15999984741211,16.520000457763672,3883.0
9.239999771118164,16.020000457763672,3884.0
9.380000114440918,16.0,3885.0
9.079999923706056,15.920000076293944,3886.0
9.15999984741211,15.979999542236328,3887.0
9.420000076293944,15.979999542236328,3888.0
9.199999809265137,15.960000038146973,3889.0
9.359999656677246,16.100000381469727,3890.0
9.380000114440918,15.9399995803833,3891.0
9.399999618530272,15.920000076293944,3892.0
9.119999885559082,15.9399995803833,3893.0
9.199999809265137,15.899999618530272,3894.0
9.300000190734863,16.059999465942383,3895.0
9.460000038146973,15.779999732971191,3896.0
9.460000038146973,15.880000114440918,3897.0
9.15999984741211,15.899999618530272,3898.0
9.15999984741211,15.68000030517578,3899.0
9.5600004196167,15.720000267028809,3900.0
9.199999809265137,15.739999771118164,3901.0
9.119999885559082,15.84000015258789,3902.0
9.34000015258789,15.960000038146973,3903.0
9.15999984741211,16.100000381469727,3904.0
9.34000015258789,15.880000114440918,3905.0
9.5600004196167,15.84000015258789,3906.0
9.5,15.84000015258789,3907.0
9.140000343322754,15.9399995803833,3908.0
9.039999961853027,16.040000915527344,3909.0
9.479999542236328,15.979999542236328,3910.0
9.4399995803833,16.059999465942383,3911.0
9.359999656677246,15.81999969482422,3912.0
9.399999618530272,15.84000015258789,3913.0
9.4399995803833,15.880000114440918,3914.0
9.520000457763672,16.079999923706055,3915.0
9.539999961853027,16.079999923706055,3916.0
9.420000076293944,16.1200008392334,3917.0
9.399999618530272,16.079999923706055,3918.0
9.399999618530272,16.299999237060547,3919.0
9.460000038146973,16.299999237060547,3920.0
9.520000457763672,16.6200008392334,3921.0
9.520000457763672,15.880000114440918,3922.0
9.4399995803833,15.979999542236328,3923.0
9.34000015258789,16.059999465942383,3924.0
9.31999969482422,16.100000381469727,3925.0
9.399999618530272,16.079999923706055,3926.0
9.420000076293944,16.059999465942383,3927.0
9.18000030517578,16.079999923706055,3928.0
9.380000114440918,16.15999984741211,3929.0
9.460000038146973,16.299999237060547,3930.0
9.199999809265137,16.299999237060547,3931.0
9.239999771118164,16.059999465942383,3932.0
9.539999961853027,16.139999389648438,3933.0
9.520000457763672,16.100000381469727,3934.0
9.5600004196167,16.219999313354492,3935.0
9.539999961853027,16.360000610351562,3936.0
9.15999984741211,16.360000610351562,3937.0
9.15999984741211,16.260000228881836,3938.0
9.140000343322754,16.299999237060547,3939.0
9.239999771118164,16.239999771118164,3940.0
9.239999771118164,16.280000686645508,3941.0
9.18000030517578,16.239999771118164,3942.0
9.460000038146973,16.459999084472656,3943.0
9.420000076293944,16.079999923706055,3944.0
9.460000038146973,16.100000381469727,3945.0
9.479999542236328,16.100000381469727,3946.0
9.380000114440918,15.920000076293944,3947.0
9.5600004196167,15.81999969482422,3948.0
9.539999961853027,15.880000114440918,3949.0
9.600000381469728,15.880000114440918,3950.0
9.520000457763672,15.880000114440918,3951.0
9.520000457763672,15.960000038146973,3952.0
9.5,15.899999618530272,3953.0
9.479999542236328,16.15999984741211,3954.0
9.520000457763672,16.040000915527344,3955.0
9.460000038146973,16.0,3956.0
9.479999542236328,16.079999923706055,3957.0
9.460000038146973,16.139999389648438,3958.0
9.479999542236328,16.059999465942383,3959.0
9.460000038146973,15.960000038146973,3960.0
9.479999542236328,16.079999923706055,3961.0
9.399999618530272,16.139999389648438,3962.0
9.399999618530272,16.139999389648438,3963.0
9.34000015258789,16.079999923706055,3964.0
9.460000038146973,16.040000915527344,3965.0
9.5,16.059999465942383,3966.0
9.479999542236328,16.1200008392334,3967.0
9.140000343322754,16.040000915527344,3968.0
9.34000015258789,15.979999542236328,3969.0
9.479999542236328,16.040000915527344,3970.0
9.31999969482422,16.15999984741211,3971.0
9.279999732971191,16.15999984741211,3972.0
9.31999969482422,16.1200008392334,3973.0
9.460000038146973,16.059999465942383,3974.0
9.279999732971191,15.9399995803833,3975.0
9.420000076293944,15.880000114440918,3976.0
9.399999618530272,15.920000076293944,3977.0
9.479999542236328,15.859999656677246,3978.0
9.460000038146973,15.81999969482422,3979.0
9.34000015258789,16.020000457763672,3980.0
9.399999618530272,16.040000915527344,3981.0
9.479999542236328,15.920000076293944,3982.0
9.15999984741211,15.979999542236328,3983.0
9.15999984741211,16.040000915527344,3984.0
9.15999984741211,16.0,3985.0
9.18000030517578,16.059999465942383,3986.0
9.18000030517578,16.31999969482422,3987.0
9.119999885559082,16.219999313354492,3988.0
9.18000030517578,16.139999389648438,3989.0
9.260000228881836,16.040000915527344,3990.0
9.220000267028809,16.200000762939453,3991.0
9.0,16.18000030517578,3992.0
9.0,16.059999465942383,3993.0
9.0,16.18000030517578,3994.0
8.979999542236328,16.139999389648438,3995.0
9.039999961853027,16.139999389648438,3996.0
9.079999923706056,15.979999542236328,3997.0
9.15999984741211,16.1200008392334,3998.0
9.100000381469728,16.059999465942383,3999.0
9.079999923706056,16.059999465942383,4000.0
9.199999809265137,16.260000228881836,4001.0
9.5600004196167,16.280000686645508,4002.0
9.5,16.219999313354492,4003.0
9.539999961853027,16.139999389648438,4004.0
9.34000015258789,16.040000915527344,4005.0
9.579999923706056,16.139999389648438,4006.0
9.31999969482422,16.280000686645508,4007.0
9.539999961853027,16.3799991607666,4008.0
9.539999961853027,16.459999084472656,4009.0
9.520000457763672,16.139999389648438,4010.0
9.260000228881836,16.239999771118164,4011.0
9.600000381469728,16.440000534057617,4012.0
9.18000030517578,16.31999969482422,4013.0
9.199999809265137,16.15999984741211,4014.0
9.239999771118164,16.200000762939453,4015.0
9.359999656677246,16.239999771118164,4016.0
9.34000015258789,16.360000610351562,4017.0
9.300000190734863,16.18000030517578,4018.0
9.0,16.100000381469727,4019.0
8.920000076293945,16.020000457763672,4020.0
9.199999809265137,16.139999389648438,4021.0
9.0,16.040000915527344,4022.0
9.119999885559082,16.1200008392334,4023.0
9.119999885559082,16.100000381469727,4024.0
9.0,16.18000030517578,4025.0
9.199999809265137,16.239999771118164,4026.0
9.239999771118164,16.260000228881836,4027.0
9.5,16.139999389648438,4028.0
9.199999809265137,16.079999923706055,4029.0
9.300000190734863,16.15999984741211,4030.0
9.239999771118164,16.299999237060547,4031.0
9.31999969482422,16.360000610351562,4032.0
nan,16.579999923706055,4033.0
nan,16.219999313354492,4034.0
9.039999961853027,16.280000686645508,4035.0
8.880000114440918,16.700000762939453,4036.0
8.800000190734863,17.360000610351562,4037.0
8.960000038146973,16.420000076293945,4038.0
8.960000038146973,16.299999237060547,4039.0
9.039999961853027,16.18000030517578,4040.0
9.220000267028809,16.040000915527344,4041.0
9.199999809265137,16.139999389648438,4042.0
9.380000114440918,16.18000030517578,4043.0
9.420000076293944,16.280000686645508,4044.0
9.5600004196167,15.979999542236328,4045.0
9.399999618530272,15.979999542236328,4046.0
9.5,16.139999389648438,4047.0
9.65999984741211,16.079999923706055,4048.0
9.579999923706056,16.15999984741211,4049.0
9.600000381469728,16.239999771118164,4050.0
9.699999809265137,16.100000381469727,4051.0
9.640000343322754,16.079999923706055,4052.0
9.479999542236328,16.079999923706055,4053.0
9.479999542236328,16.139999389648438,4054.0
nan,16.200000762939453,4055.0
9.5600004196167,16.18000030517578,4056.0
9.479999542236328,16.1200008392334,4057.0
9.65999984741211,16.280000686645508,4058.0
9.600000381469728,16.139999389648438,4059.0
9.479999542236328,16.079999923706055,4060.0
9.520000457763672,16.079999923706055,4061.0
9.420000076293944,16.139999389648438,4062.0
9.279999732971191,16.139999389648438,4063.0
9.399999618530272,16.18000030517578,4064.0
9.31999969482422,16.299999237060547,4065.0
9.420000076293944,16.219999313354492,4066.0
9.600000381469728,16.18000030517578,4067.0
9.5600004196167,16.079999923706055,4068.0
9.279999732971191,16.059999465942383,4069.0
nan,16.020000457763672,4070.0
nan,16.100000381469727,4071.0
nan,16.1200008392334,4072.0
nan,nan,4073.0
nan,nan,4074.0
nan,16.1200008392334,4075.0
9.5600004196167,15.979999542236328,4076.0
9.65999984741211,15.979999542236328,4077.0
9.579999923706056,16.040000915527344,4078.0
9.619999885559082,16.0,4079.0
9.5600004196167,16.059999465942383,4080.0
9.600000381469728,16.139999389648438,4081.0
nan,16.100000381469727,4082.0
nan,16.100000381469727,4083.0
nan,16.100000381469727,4084.0
nan,nan,4085.0
9.539999961853027,16.020000457763672,4086.0
9.68000030517578,16.139999389648438,4087.0
9.520000457763672,16.020000457763672,4088.0
9.779999732971191,16.040000915527344,4089.0
nan,nan,4090.0
nan,nan,4091.0
9.619999885559082,16.0,4092.0
9.520000457763672,16.100000381469727,4093.0
9.84000015258789,16.100000381469727,4094.0
9.520000457763672,16.219999313354492,4095.0
9.65999984741211,16.100000381469727,4096.0
9.600000381469728,16.059999465942383,4097.0
nan,16.219999313354492,4098.0
9.460000038146973,15.9399995803833,4099.0
9.5600004196167,16.1200008392334,4100.0
9.520000457763672,15.9399995803833,4101.0
nan,nan,4102.0
9.239999771118164,16.139999389648438,4103.0
9.239999771118164,16.0,4104.0
9.260000228881836,15.960000038146973,4105.0
9.079999923706056,16.1200008392334,4106.0
9.239999771118164,16.15999984741211,4107.0
9.15999984741211,16.200000762939453,4108.0
9.079999923706056,16.219999313354492,4109.0
9.420000076293944,16.059999465942383,4110.0
9.420000076293944,15.9399995803833,4111.0
9.260000228881836,15.920000076293944,4112.0
9.539999961853027,15.81999969482422,4113.0
9.4399995803833,15.960000038146973,4114.0
9.220000267028809,16.0,4115.0
9.479999542236328,16.059999465942383,4116.0
9.279999732971191,15.84000015258789,4117.0
9.65999984741211,15.960000038146973,4118.0
9.600000381469728,16.0,4119.0
9.279999732971191,16.139999389648438,4120.0
9.239999771118164,16.200000762939453,4121.0
9.15999984741211,16.18000030517578,4122.0
9.15999984741211,16.139999389648438,4123.0
9.15999984741211,16.100000381469727,4124.0
9.479999542236328,16.139999389648438,4125.0
9.119999885559082,16.15999984741211,4126.0
9.460000038146973,16.200000762939453,4127.0
9.220000267028809,15.979999542236328,4128.0
9.5600004196167,16.0,4129.0
9.460000038146973,16.040000915527344,4130.0
9.34000015258789,16.18000030517578,4131.0
9.399999618530272,16.079999923706055,4132.0
9.359999656677246,16.059999465942383,4133.0
9.420000076293944,16.239999771118164,4134.0
9.520000457763672,16.139999389648438,4135.0
9.5,16.18000030517578,4136.0
9.539999961853027,16.1200008392334,4137.0
9.479999542236328,16.040000915527344,4138.0
9.399999618530272,15.9399995803833,4139.0
9.239999771118164,16.0,4140.0
9.18000030517578,15.979999542236328,4141.0
9.460000038146973,16.1200008392334,4142.0
9.520000457763672,16.15999984741211,4143.0
9.460000038146973,16.280000686645508,4144.0
9.420000076293944,16.200000762939453,4145.0
9.520000457763672,16.18000030517578,4146.0
9.5,16.139999389648438,4147.0
9.460000038146973,16.15999984741211,4148.0
9.4399995803833,16.040000915527344,4149.0
9.4399995803833,16.15999984741211,4150.0
9.5,16.139999389648438,4151.0
9.460000038146973,16.280000686645508,4152.0
9.359999656677246,16.3799991607666,4153.0
9.34000015258789,16.18000030517578,4154.0
9.359999656677246,16.139999389648438,4155.0
9.619999885559082,16.18000030517578,4156.0
9.4399995803833,16.15999984741211,4157.0
9.520000457763672,16.260000228881836,4158.0
9.479999542236328,15.979999542236328,4159.0
9.420000076293944,16.1200008392334,4160.0
9.420000076293944,16.15999984741211,4161.0
9.479999542236328,16.1200008392334,4162.0
9.4399995803833,16.059999465942383,4163.0
9.4399995803833,16.100000381469727,4164.0
9.460000038146973,16.139999389648438,4165.0
9.520000457763672,16.1200008392334,4166.0
9.600000381469728,16.219999313354492,4167.0
9.640000343322754,16.020000457763672,4168.0
9.479999542236328,16.18000030517578,4169.0
9.520000457763672,16.280000686645508,4170.0
9.5600004196167,16.0,4171.0
9.5,16.059999465942383,4172.0
9.5,16.459999084472656,4173.0
9.479999542236328,16.399999618530273,4174.0
9.4399995803833,16.15999984741211,4175.0
9.68000030517578,16.139999389648438,4176.0
9.5,16.360000610351562,4177.0
9.479999542236328,16.0,4178.0
9.399999618530272,16.059999465942383,4179.0
9.520000457763672,16.34000015258789,4180.0
9.520000457763672,16.31999969482422,4181.0
9.5600004196167,16.3799991607666,4182.0
9.460000038146973,16.299999237060547,4183.0
9.539999961853027,16.239999771118164,4184.0
9.520000457763672,16.299999237060547,4185.0
9.460000038146973,16.219999313354492,4186.0
9.520000457763672,16.18000030517578,4187.0
9.640000343322754,16.219999313354492,4188.0
9.720000267028809,16.200000762939453,4189.0
9.579999923706056,16.219999313354492,4190.0
9.4399995803833,16.260000228881836,4191.0
9.520000457763672,16.200000762939453,4192.0
9.359999656677246,16.219999313354492,4193.0
9.420000076293944,16.260000228881836,4194.0
9.399999618530272,16.200000762939453,4195.0
9.4399995803833,16.299999237060547,4196.0
9.539999961853027,16.200000762939453,4197.0
9.579999923706056,16.219999313354492,4198.0
9.579999923706056,16.15999984741211,4199.0
9.520000457763672,16.100000381469727,4200.0
9.399999618530272,16.059999465942383,4201.0
9.4399995803833,16.079999923706055,4202.0
9.380000114440918,16.260000228881836,4203.0
9.479999542236328,16.15999984741211,4204.0
9.420000076293944,16.15999984741211,4205.0
9.34000015258789,16.100000381469727,4206.0
9.619999885559082,16.200000762939453,4207.0
9.520000457763672,16.18000030517578,4208.0
9.479999542236328,16.079999923706055,4209.0
9.5600004196167,16.0,4210.0
9.31999969482422,15.979999542236328,4211.0
9.479999542236328,16.020000457763672,4212.0
9.520000457763672,16.260000228881836,4213.0
9.479999542236328,16.260000228881836,4214.0
9.539999961853027,16.239999771118164,4215.0
9.399999618530272,16.100000381469727,4216.0
9.460000038146973,16.079999923706055,4217.0
9.420000076293944,16.059999465942383,4218.0
9.479999542236328,16.1200008392334,4219.0
9.619999885559082,16.139999389648438,4220.0
9.520000457763672,16.1200008392334,4221.0
9.579999923706056,16.139999389648438,4222.0
9.5600004196167,16.079999923706055,4223.0
9.4399995803833,16.040000915527344,4224.0
9.479999542236328,16.200000762939453,4225.0
9.420000076293944,16.219999313354492,4226.0
9.479999542236328,16.219999313354492,4227.0
9.31999969482422,16.200000762939453,4228.0
9.380000114440918,16.200000762939453,4229.0
9.4399995803833,16.299999237060547,4230.0
9.460000038146973,16.299999237060547,4231.0
9.420000076293944,16.260000228881836,4232.0
9.5,16.079999923706055,4233.0
9.420000076293944,16.1200008392334,4234.0
9.399999618530272,16.100000381469727,4235.0
9.359999656677246,16.040000915527344,4236.0
9.260000228881836,16.100000381469727,4237.0
9.4399995803833,16.020000457763672,4238.0
9.5600004196167,16.100000381469727,4239.0
9.579999923706056,16.040000915527344,4240.0
9.579999923706056,16.100000381469727,4241.0
9.4399995803833,16.18000030517578,4242.0
9.420000076293944,16.200000762939453,4243.0
9.380000114440918,16.139999389648438,4244.0
9.18000030517578,16.1200008392334,4245.0
9.279999732971191,15.960000038146973,4246.0
9.460000038146973,16.059999465942383,4247.0
9.420000076293944,16.15999984741211,4248.0
9.479999542236328,16.299999237060547,4249.0
9.520000457763672,16.260000228881836,4250.0
9.65999984741211,16.260000228881836,4251.0
9.5600004196167,16.15999984741211,4252.0
9.539999961853027,16.200000762939453,4253.0
9.5,16.239999771118164,4254.0
9.600000381469728,16.219999313354492,4255.0
9.520000457763672,16.200000762939453,4256.0
9.520000457763672,16.280000686645508,4257.0
9.579999923706056,16.219999313354492,4258.0
9.600000381469728,16.200000762939453,4259.0
9.600000381469728,16.15999984741211,4260.0
9.539999961853027,16.18000030517578,4261.0
9.479999542236328,16.15999984741211,4262.0
9.460000038146973,16.1200008392334,4263.0
9.520000457763672,16.200000762939453,4264.0
9.520000457763672,16.200000762939453,4265.0
9.5,16.200000762939453,4266.0
9.460000038146973,16.100000381469727,4267.0
9.520000457763672,16.280000686645508,4268.0
9.399999618530272,16.280000686645508,4269.0
9.460000038146973,16.239999771118164,4270.0
9.460000038146973,16.1200008392334,4271.0
9.380000114440918,15.979999542236328,4272.0
9.539999961853027,16.040000915527344,4273.0
9.5,16.020000457763672,4274.0
9.15999984741211,15.979999542236328,4275.0
9.420000076293944,16.15999984741211,4276.0
9.420000076293944,16.139999389648438,4277.0
9.4399995803833,16.059999465942383,4278.0
9.479999542236328,16.020000457763672,4279.0
9.479999542236328,16.040000915527344,4280.0
9.600000381469728,16.040000915527344,4281.0
9.520000457763672,16.200000762939453,4282.0
9.479999542236328,16.200000762939453,4283.0
9.520000457763672,16.079999923706055,4284.0
9.479999542236328,16.280000686645508,4285.0
9.5,16.31999969482422,4286.0
9.579999923706056,16.260000228881836,4287.0
9.420000076293944,16.299999237060547,4288.0
9.5600004196167,16.280000686645508,4289.0
9.5600004196167,16.239999771118164,4290.0
9.579999923706056,15.979999542236328,4291.0
9.619999885559082,16.059999465942383,4292.0
9.5600004196167,16.079999923706055,4293.0
9.579999923706056,16.260000228881836,4294.0
9.579999923706056,16.34000015258789,4295.0
9.579999923706056,16.299999237060547,4296.0
9.600000381469728,16.420000076293945,4297.0
9.520000457763672,16.239999771118164,4298.0
9.5600004196167,16.1200008392334,4299.0
9.460000038146973,16.059999465942383,4300.0
9.520000457763672,16.18000030517578,4301.0
9.520000457763672,16.200000762939453,4302.0
9.579999923706056,16.31999969482422,4303.0
9.5,16.200000762939453,4304.0
9.460000038146973,16.260000228881836,4305.0
9.539999961853027,16.34000015258789,4306.0
9.479999542236328,16.239999771118164,4307.0
9.479999542236328,16.34000015258789,4308.0
9.520000457763672,16.299999237060547,4309.0
9.4399995803833,16.31999969482422,4310.0
9.460000038146973,16.34000015258789,4311.0
9.399999618530272,16.31999969482422,4312.0
9.479999542236328,16.219999313354492,4313.0
9.460000038146973,16.18000030517578,4314.0
9.420000076293944,16.059999465942383,4315.0
9.239999771118164,16.040000915527344,4316.0
9.539999961853027,16.1200008392334,4317.0
9.520000457763672,16.15999984741211,4318.0
9.539999961853027,16.219999313354492,4319.0
9.520000457763672,16.200000762939453,4320.0
9.5600004196167,16.200000762939453,4321.0
9.460000038146973,16.200000762939453,4322.0
9.5,16.219999313354492,4323.0
9.520000457763672,16.15999984741211,4324.0
9.479999542236328,16.200000762939453,4325.0
9.5,16.1200008392334,4326.0
9.619999885559082,16.219999313354492,4327.0
9.619999885559082,16.219999313354492,4328.0
9.699999809265137,16.18000030517578,4329.0
9.68000030517578,16.1200008392334,4330.0
9.460000038146973,16.100000381469727,4331.0
9.460000038146973,16.1200008392334,4332.0
9.5,16.139999389648438,4333.0
9.579999923706056,16.200000762939453,4334.0
9.539999961853027,16.299999237060547,4335.0
9.479999542236328,16.299999237060547,4336.0
9.460000038146973,16.34000015258789,4337.0
9.640000343322754,16.31999969482422,4338.0
9.359999656677246,16.31999969482422,4339.0
9.5600004196167,16.360000610351562,4340.0
9.479999542236328,16.280000686645508,4341.0
9.539999961853027,16.299999237060547,4342.0
9.600000381469728,16.299999237060547,4343.0
9.5600004196167,16.18000030517578,4344.0
9.520000457763672,16.200000762939453,4345.0
9.520000457763672,16.139999389648438,4346.0
9.5600004196167,16.059999465942383,4347.0
9.479999542236328,16.079999923706055,4348.0
9.479999542236328,16.139999389648438,4349.0
9.460000038146973,16.200000762939453,4350.0
9.460000038146973,16.15999984741211,4351.0
9.619999885559082,16.139999389648438,4352.0
9.539999961853027,16.079999923706055,4353.0
9.619999885559082,16.100000381469727,4354.0
9.539999961853027,16.100000381469727,4355.0
9.539999961853027,16.1200008392334,4356.0
9.579999923706056,16.1200008392334,4357.0
9.65999984741211,16.079999923706055,4358.0
9.479999542236328,16.18000030517578,4359.0
9.520000457763672,16.200000762939453,4360.0
9.539999961853027,16.219999313354492,4361.0
9.5600004196167,16.219999313354492,4362.0
9.539999961853027,16.200000762939453,4363.0
9.5600004196167,16.280000686645508,4364.0
9.5,16.31999969482422,4365.0
9.5600004196167,16.15999984741211,4366.0
9.5600004196167,16.31999969482422,4367.0
9.65999984741211,16.200000762939453,4368.0
9.5,16.18000030517578,4369.0
9.520000457763672,16.15999984741211,4370.0
9.5600004196167,16.260000228881836,4371.0
9.619999885559082,16.200000762939453,4372.0
9.520000457763672,16.31999969482422,4373.0
9.520000457763672,16.239999771118164,4374.0
9.479999542236328,16.280000686645508,4375.0
9.520000457763672,16.239999771118164,4376.0
9.5,16.239999771118164,4377.0
9.539999961853027,16.239999771118164,4378.0
9.520000457763672,16.200000762939453,4379.0
9.479999542236328,16.139999389648438,4380.0
9.520000457763672,16.280000686645508,4381.0
9.600000381469728,16.239999771118164,4382.0
9.5600004196167,16.219999313354492,4383.0
9.5600004196167,16.280000686645508,4384.0
9.600000381469728,16.280000686645508,4385.0
9.5600004196167,16.280000686645508,4386.0
9.5,16.299999237060547,4387.0
9.5600004196167,16.31999969482422,4388.0
9.5,16.31999969482422,4389.0
9.479999542236328,16.360000610351562,4390.0
9.520000457763672,16.31999969482422,4391.0
9.619999885559082,16.31999969482422,4392.0
9.68000030517578,16.360000610351562,4393.0
9.579999923706056,16.31999969482422,4394.0
9.539999961853027,16.31999969482422,4395.0
9.460000038146973,16.219999313354492,4396.0
9.539999961853027,16.239999771118164,4397.0
9.5,16.239999771118164,4398.0
9.380000114440918,16.200000762939453,4399.0
9.600000381469728,16.239999771118164,4400.0
9.699999809265137,16.219999313354492,4401.0
9.640000343322754,16.040000915527344,4402.0
9.579999923706056,16.31999969482422,4403.0
9.65999984741211,16.280000686645508,4404.0
9.65999984741211,16.299999237060547,4405.0
9.68000030517578,16.139999389648438,4406.0
9.619999885559082,16.219999313354492,4407.0
9.5600004196167,16.280000686645508,4408.0
9.619999885559082,16.299999237060547,4409.0
9.65999984741211,16.299999237060547,4410.0
9.68000030517578,16.18000030517578,4411.0
9.65999984741211,16.139999389648438,4412.0
9.619999885559082,16.15999984741211,4413.0
9.640000343322754,16.059999465942383,4414.0
9.600000381469728,16.139999389648438,4415.0
9.640000343322754,16.200000762939453,4416.0
9.65999984741211,16.280000686645508,4417.0
9.579999923706056,16.280000686645508,4418.0
9.539999961853027,16.260000228881836,4419.0
9.539999961853027,16.239999771118164,4420.0
9.5600004196167,16.280000686645508,4421.0
9.5600004196167,16.280000686645508,4422.0
9.579999923706056,16.299999237060547,4423.0
9.600000381469728,16.299999237060547,4424.0
9.68000030517578,16.3799991607666,4425.0
9.600000381469728,16.31999969482422,4426.0
9.68000030517578,16.31999969482422,4427.0
9.640000343322754,16.360000610351562,4428.0
9.520000457763672,16.399999618530273,4429.0
9.5600004196167,16.399999618530273,4430.0
9.579999923706056,16.360000610351562,4431.0
9.65999984741211,16.440000534057617,4432.0
9.600000381469728,16.3799991607666,4433.0
9.640000343322754,16.420000076293945,4434.0
9.65999984741211,16.440000534057617,4435.0
9.640000343322754,16.399999618530273,4436.0
9.619999885559082,16.31999969482422,4437.0
9.68000030517578,16.479999542236328,4438.0
9.600000381469728,16.360000610351562,4439.0
9.5,16.31999969482422,4440.0
9.5600004196167,16.3799991607666,4441.0
9.300000190734863,16.31999969482422,4442.0
9.5600004196167,16.31999969482422,4443.0
9.579999923706056,16.360000610351562,4444.0
9.600000381469728,16.31999969482422,4445.0
9.68000030517578,16.3799991607666,4446.0
9.68000030517578,16.280000686645508,4447.0
9.5600004196167,16.260000228881836,4448.0
9.699999809265137,16.260000228881836,4449.0
9.720000267028809,16.239999771118164,4450.0
9.720000267028809,16.31999969482422,4451.0
9.640000343322754,16.31999969482422,4452.0
9.479999542236328,16.440000534057617,4453.0
9.619999885559082,16.479999542236328,4454.0
9.579999923706056,16.3799991607666,4455.0
9.5600004196167,16.31999969482422,4456.0
9.539999961853027,16.31999969482422,4457.0
9.600000381469728,16.360000610351562,4458.0
9.579999923706056,16.219999313354492,4459.0
9.65999984741211,16.219999313354492,4460.0
9.640000343322754,16.280000686645508,4461.0
9.619999885559082,16.34000015258789,4462.0
9.640000343322754,16.31999969482422,4463.0
9.640000343322754,16.540000915527344,4464.0
9.640000343322754,16.420000076293945,4465.0
9.640000343322754,16.399999618530273,4466.0
9.600000381469728,16.479999542236328,4467.0
9.619999885559082,16.360000610351562,4468.0
9.640000343322754,16.31999969482422,4469.0
9.579999923706056,16.280000686645508,4470.0
9.579999923706056,16.31999969482422,4471.0
9.600000381469728,16.31999969482422,4472.0
9.68000030517578,16.299999237060547,4473.0
9.65999984741211,16.34000015258789,4474.0
9.579999923706056,16.299999237060547,4475.0
9.619999885559082,16.34000015258789,4476.0
9.579999923706056,16.299999237060547,4477.0
9.5600004196167,16.200000762939453,4478.0
9.600000381469728,16.31999969482422,4479.0
9.640000343322754,16.31999969482422,4480.0
9.579999923706056,16.360000610351562,4481.0
9.619999885559082,16.360000610351562,4482.0
9.619999885559082,16.420000076293945,4483.0
9.600000381469728,16.5,4484.0
9.579999923706056,16.280000686645508,4485.0
9.579999923706056,16.219999313354492,4486.0
9.68000030517578,16.280000686645508,4487.0
9.579999923706056,16.280000686645508,4488.0
9.640000343322754,16.299999237060547,4489.0
9.68000030517578,16.3799991607666,4490.0
9.720000267028809,16.360000610351562,4491.0
9.65999984741211,16.34000015258789,4492.0
9.760000228881836,16.360000610351562,4493.0
9.640000343322754,16.31999969482422,4494.0
9.520000457763672,16.31999969482422,4495.0
9.68000030517578,16.3799991607666,4496.0
9.640000343322754,16.360000610351562,4497.0
9.640000343322754,16.31999969482422,4498.0
9.739999771118164,16.459999084472656,4499.0
9.760000228881836,16.360000610351562,4500.0
9.65999984741211,16.34000015258789,4501.0
9.640000343322754,16.260000228881836,4502.0
9.5600004196167,16.299999237060547,4503.0
9.65999984741211,16.280000686645508,4504.0
9.68000030517578,16.459999084472656,4505.0
9.699999809265137,16.579999923706055,4506.0
9.579999923706056,16.5,4507.0
9.619999885559082,16.420000076293945,4508.0
9.619999885559082,16.459999084472656,4509.0
9.579999923706056,16.440000534057617,4510.0
9.579999923706056,16.31999969482422,4511.0
9.579999923706056,16.399999618530273,4512.0
9.600000381469728,16.399999618530273,4513.0
9.5600004196167,16.360000610351562,4514.0
9.600000381469728,16.399999618530273,4515.0
9.619999885559082,16.399999618530273,4516.0
9.68000030517578,16.3799991607666,4517.0
9.5600004196167,16.420000076293945,4518.0
9.68000030517578,16.3799991607666,4519.0
9.619999885559082,16.420000076293945,4520.0
9.640000343322754,16.520000457763672,4521.0
9.600000381469728,16.459999084472656,4522.0
9.539999961853027,16.440000534057617,4523.0
9.68000030517578,16.399999618530273,4524.0
9.699999809265137,16.520000457763672,4525.0
9.699999809265137,16.520000457763672,4526.0
9.65999984741211,16.639999389648438,4527.0
9.619999885559082,16.479999542236328,4528.0
9.640000343322754,16.459999084472656,4529.0
9.579999923706056,16.420000076293945,4530.0
9.600000381469728,16.479999542236328,4531.0
9.640000343322754,16.459999084472656,4532.0
9.600000381469728,16.399999618530273,4533.0
9.640000343322754,16.479999542236328,4534.0
9.65999984741211,16.459999084472656,4535.0
9.699999809265137,16.459999084472656,4536.0
9.699999809265137,16.559999465942383,4537.0
9.65999984741211,16.420000076293945,4538.0
9.739999771118164,16.399999618530273,4539.0
9.720000267028809,16.420000076293945,4540.0
9.739999771118164,16.559999465942383,4541.0
9.640000343322754,16.459999084472656,4542.0
9.539999961853027,16.360000610351562,4543.0
9.579999923706056,16.3799991607666,4544.0
9.65999984741211,16.360000610351562,4545.0
9.699999809265137,16.420000076293945,4546.0
9.640000343322754,16.3799991607666,4547.0
9.68000030517578,16.459999084472656,4548.0
9.720000267028809,16.520000457763672,4549.0
9.600000381469728,16.420000076293945,4550.0
9.600000381469728,16.360000610351562,4551.0
9.539999961853027,16.440000534057617,4552.0
9.619999885559082,16.479999542236328,4553.0
9.640000343322754,16.520000457763672,4554.0
9.65999984741211,16.520000457763672,4555.0
9.65999984741211,16.3799991607666,4556.0
9.65999984741211,16.3799991607666,4557.0
9.640000343322754,16.479999542236328,4558.0
9.640000343322754,16.420000076293945,4559.0
9.68000030517578,16.459999084472656,4560.0
9.65999984741211,16.420000076293945,4561.0
9.68000030517578,16.520000457763672,4562.0
9.640000343322754,16.780000686645508,4563.0
9.65999984741211,16.540000915527344,4564.0
9.68000030517578,16.420000076293945,4565.0
9.68000030517578,16.440000534057617,4566.0
9.699999809265137,16.559999465942383,4567.0
9.600000381469728,16.479999542236328,4568.0
9.640000343322754,16.459999084472656,4569.0
9.600000381469728,16.700000762939453,4570.0
9.619999885559082,16.559999465942383,4571.0
9.619999885559082,16.479999542236328,4572.0
9.619999885559082,16.559999465942383,4573.0
9.619999885559082,16.579999923706055,4574.0
9.68000030517578,16.520000457763672,4575.0
9.65999984741211,16.479999542236328,4576.0
9.640000343322754,16.579999923706055,4577.0
9.640000343322754,16.540000915527344,4578.0
9.68000030517578,16.520000457763672,4579.0
9.760000228881836,16.520000457763672,4580.0
9.68000030517578,16.6200008392334,4581.0
9.760000228881836,16.600000381469727,4582.0
9.65999984741211,16.65999984741211,4583.0
9.640000343322754,16.68000030517578,4584.0
9.640000343322754,16.639999389648438,4585.0
9.699999809265137,16.540000915527344,4586.0
9.640000343322754,16.479999542236328,4587.0
9.68000030517578,16.479999542236328,4588.0
9.65999984741211,16.540000915527344,4589.0
9.65999984741211,16.559999465942383,4590.0
9.5,16.600000381469727,4591.0
9.600000381469728,16.479999542236328,4592.0
9.739999771118164,16.68000030517578,4593.0
9.65999984741211,16.459999084472656,4594.0
9.699999809265137,16.420000076293945,4595.0
9.720000267028809,16.440000534057617,4596.0
9.65999984741211,16.579999923706055,4597.0
9.619999885559082,16.579999923706055,4598.0
9.600000381469728,16.520000457763672,4599.0
9.619999885559082,16.579999923706055,4600.0
9.65999984741211,16.399999618530273,4601.0
9.640000343322754,16.360000610351562,4602.0
9.68000030517578,16.520000457763672,4603.0
9.65999984741211,16.3799991607666,4604.0
9.65999984741211,16.420000076293945,4605.0
9.65999984741211,16.399999618530273,4606.0
9.739999771118164,16.3799991607666,4607.0
9.699999809265137,16.420000076293945,4608.0
9.800000190734863,16.3799991607666,4609.0
9.739999771118164,16.3799991607666,4610.0
9.81999969482422,16.399999618530273,4611.0
9.760000228881836,16.440000534057617,4612.0
9.800000190734863,16.479999542236328,4613.0
9.800000190734863,16.479999542236328,4614.0
9.619999885559082,16.540000915527344,4615.0
9.81999969482422,16.579999923706055,4616.0
9.800000190734863,16.540000915527344,4617.0
9.699999809265137,16.479999542236328,4618.0
9.84000015258789,16.479999542236328,4619.0
9.699999809265137,16.360000610351562,4620.0
9.859999656677246,16.579999923706055,4621.0
10.100000381469728,16.360000610351562,4622.0
9.619999885559082,16.520000457763672,4623.0
9.65999984741211,16.360000610351562,4624.0
9.579999923706056,16.360000610351562,4625.0
9.899999618530272,16.360000610351562,4626.0
9.779999732971191,16.3799991607666,4627.0
9.640000343322754,16.540000915527344,4628.0
9.619999885559082,16.559999465942383,4629.0
9.65999984741211,16.520000457763672,4630.0
9.640000343322754,16.479999542236328,4631.0
9.800000190734863,16.3799991607666,4632.0
9.81999969482422,16.420000076293945,4633.0
9.699999809265137,16.3799991607666,4634.0
9.699999809265137,16.360000610351562,4635.0
9.699999809265137,16.399999618530273,4636.0
9.600000381469728,16.520000457763672,4637.0
9.520000457763672,16.399999618530273,4638.0
9.699999809265137,16.360000610351562,4639.0
9.65999984741211,16.459999084472656,4640.0
9.720000267028809,16.399999618530273,4641.0
9.68000030517578,16.559999465942383,4642.0
9.640000343322754,16.579999923706055,4643.0
9.84000015258789,16.479999542236328,4644.0
9.640000343322754,16.559999465942383,4645.0
9.68000030517578,16.639999389648438,4646.0
9.640000343322754,16.579999923706055,4647.0
9.640000343322754,16.479999542236328,4648.0
9.65999984741211,16.399999618530273,4649.0
9.65999984741211,16.360000610351562,4650.0
9.65999984741211,16.459999084472656,4651.0
9.68000030517578,16.360000610351562,4652.0
9.68000030517578,16.399999618530273,4653.0
9.699999809265137,16.399999618530273,4654.0
9.640000343322754,16.579999923706055,4655.0
9.68000030517578,16.3799991607666,4656.0
9.739999771118164,16.479999542236328,4657.0
9.68000030517578,16.520000457763672,4658.0
9.760000228881836,16.3799991607666,4659.0
9.720000267028809,16.399999618530273,4660.0
9.760000228881836,16.3799991607666,4661.0
9.68000030517578,16.520000457763672,4662.0
9.619999885559082,16.68000030517578,4663.0
9.65999984741211,16.68000030517578,4664.0
9.65999984741211,16.579999923706055,4665.0
9.68000030517578,16.3799991607666,4666.0
9.640000343322754,16.3799991607666,4667.0
9.600000381469728,16.420000076293945,4668.0
9.68000030517578,16.579999923706055,4669.0
9.579999923706056,16.3799991607666,4670.0
9.68000030517578,16.459999084472656,4671.0
9.640000343322754,16.540000915527344,4672.0
9.640000343322754,16.520000457763672,4673.0
9.640000343322754,16.600000381469727,4674.0
9.65999984741211,16.6200008392334,4675.0
9.619999885559082,16.579999923706055,4676.0
9.600000381469728,16.520000457763672,4677.0
9.640000343322754,16.399999618530273,4678.0
9.5600004196167,16.420000076293945,4679.0
9.800000190734863,16.479999542236328,4680.0
9.600000381469728,16.65999984741211,4681.0
9.720000267028809,16.540000915527344,4682.0
9.68000030517578,16.5,4683.0
9.640000343322754,16.520000457763672,4684.0
9.68000030517578,16.579999923706055,4685.0
9.779999732971191,16.5,4686.0
9.68000030517578,16.5,4687.0
9.640000343322754,16.579999923706055,4688.0
9.65999984741211,16.520000457763672,4689.0
9.68000030517578,16.479999542236328,4690.0
9.760000228881836,16.3799991607666,4691.0
9.779999732971191,16.479999542236328,4692.0
9.760000228881836,16.520000457763672,4693.0
9.899999618530272,16.520000457763672,4694.0
9.81999969482422,16.479999542236328,4695.0
9.84000015258789,16.34000015258789,4696.0
9.579999923706056,16.520000457763672,4697.0
9.5600004196167,16.520000457763672,4698.0
9.65999984741211,16.5,4699.0
9.760000228881836,16.459999084472656,4700.0
9.65999984741211,16.3799991607666,4701.0
9.699999809265137,16.360000610351562,4702.0
9.760000228881836,16.360000610351562,4703.0
9.760000228881836,16.420000076293945,4704.0
9.84000015258789,16.459999084472656,4705.0
9.81999969482422,16.459999084472656,4706.0
9.800000190734863,16.459999084472656,4707.0
9.739999771118164,16.479999542236328,4708.0
9.720000267028809,16.5,4709.0
9.84000015258789,16.579999923706055,4710.0
9.880000114440918,16.579999923706055,4711.0
9.9399995803833,16.540000915527344,4712.0
9.880000114440918,16.520000457763672,4713.0
9.84000015258789,16.559999465942383,4714.0
9.68000030517578,16.559999465942383,4715.0
9.779999732971191,16.559999465942383,4716.0
9.779999732971191,16.479999542236328,4717.0
10.020000457763672,16.520000457763672,4718.0
9.779999732971191,16.420000076293945,4719.0
9.760000228881836,16.479999542236328,4720.0
9.779999732971191,16.520000457763672,4721.0
9.880000114440918,16.540000915527344,4722.0
9.779999732971191,16.6200008392334,4723.0
9.779999732971191,16.6200008392334,4724.0
9.81999969482422,16.600000381469727,4725.0
9.739999771118164,16.600000381469727,4726.0
9.739999771118164,16.559999465942383,4727.0
9.579999923706056,16.579999923706055,4728.0
9.800000190734863,16.600000381469727,4729.0
9.899999618530272,16.579999923706055,4730.0
9.920000076293944,16.639999389648438,4731.0
9.880000114440918,16.68000030517578,4732.0
9.800000190734863,16.479999542236328,4733.0
9.739999771118164,16.399999618530273,4734.0
9.68000030517578,16.540000915527344,4735.0
9.760000228881836,16.68000030517578,4736.0
9.699999809265137,16.639999389648438,4737.0
9.81999969482422,16.6200008392334,4738.0
9.859999656677246,16.540000915527344,4739.0
9.979999542236328,16.479999542236328,4740.0
9.800000190734863,16.459999084472656,4741.0
9.720000267028809,16.5,4742.0
9.699999809265137,16.459999084472656,4743.0
8.9399995803833,16.559999465942383,4744.0
9.5,16.5,4745.0
9.65999984741211,16.6200008392334,4746.0
9.720000267028809,17.0,4747.0
9.81999969482422,16.959999084472656,4748.0
9.760000228881836,16.6200008392334,4749.0
9.739999771118164,16.5,4750.0
9.880000114440918,16.520000457763672,4751.0
9.84000015258789,16.5,4752.0
9.899999618530272,16.600000381469727,4753.0
9.520000457763672,16.3799991607666,4754.0
9.760000228881836,16.420000076293945,4755.0
9.68000030517578,16.440000534057617,4756.0
10.0,16.5,4757.0
9.779999732971191,16.440000534057617,4758.0
10.020000457763672,16.3799991607666,4759.0
9.720000267028809,16.3799991607666,4760.0
9.760000228881836,16.399999618530273,4761.0
9.880000114440918,16.459999084472656,4762.0
9.779999732971191,16.459999084472656,4763.0
9.859999656677246,16.459999084472656,4764.0
9.699999809265137,16.479999542236328,4765.0
9.779999732971191,16.399999618530273,4766.0
9.720000267028809,16.459999084472656,4767.0
9.68000030517578,16.479999542236328,4768.0
9.640000343322754,16.3799991607666,4769.0
9.84000015258789,16.459999084472656,4770.0
9.81999969482422,16.459999084472656,4771.0
9.720000267028809,16.3799991607666,4772.0
9.760000228881836,16.5,4773.0
9.720000267028809,16.559999465942383,4774.0
9.760000228881836,16.420000076293945,4775.0
9.720000267028809,16.459999084472656,4776.0
9.84000015258789,16.479999542236328,4777.0
9.760000228881836,16.520000457763672,4778.0
9.859999656677246,16.639999389648438,4779.0
9.9399995803833,16.68000030517578,4780.0
9.84000015258789,16.6200008392334,4781.0
9.68000030517578,16.540000915527344,4782.0
9.800000190734863,16.479999542236328,4783.0
9.779999732971191,16.600000381469727,4784.0
9.880000114440918,16.3799991607666,4785.0
9.899999618530272,16.420000076293945,4786.0
9.880000114440918,16.3799991607666,4787.0
9.84000015258789,16.31999969482422,4788.0
9.920000076293944,16.440000534057617,4789.0
9.84000015258789,16.280000686645508,4790.0
9.739999771118164,16.260000228881836,4791.0
9.800000190734863,16.5,4792.0
9.899999618530272,16.31999969482422,4793.0
10.220000267028809,16.479999542236328,4794.0
9.9399995803833,16.540000915527344,4795.0
10.119999885559082,16.540000915527344,4796.0
9.920000076293944,16.520000457763672,4797.0
9.779999732971191,16.5,4798.0
9.920000076293944,16.479999542236328,4799.0
9.880000114440918,16.440000534057617,4800.0
9.84000015258789,16.440000534057617,4801.0
9.960000038146973,16.360000610351562,4802.0
10.140000343322754,16.459999084472656,4803.0
9.899999618530272,16.559999465942383,4804.0
9.960000038146973,16.600000381469727,4805.0
9.81999969482422,16.459999084472656,4806.0
9.739999771118164,16.420000076293945,4807.0
9.760000228881836,16.3799991607666,4808.0
9.859999656677246,16.280000686645508,4809.0
9.960000038146973,16.479999542236328,4810.0
10.119999885559082,16.420000076293945,4811.0
10.380000114440918,16.420000076293945,4812.0
9.979999542236328,16.31999969482422,4813.0
9.920000076293944,16.520000457763672,4814.0
9.68000030517578,16.559999465942383,4815.0
9.800000190734863,16.360000610351562,4816.0
10.079999923706056,16.600000381469727,4817.0
9.800000190734863,16.479999542236328,4818.0
9.640000343322754,16.700000762939453,4819.0
9.739999771118164,16.639999389648438,4820.0
9.760000228881836,16.479999542236328,4821.0
9.760000228881836,16.3799991607666,4822.0
9.640000343322754,16.479999542236328,4823.0
9.800000190734863,16.5,4824.0
9.68000030517578,16.420000076293945,4825.0
9.760000228881836,16.360000610351562,4826.0
9.68000030517578,16.6200008392334,4827.0
9.739999771118164,16.6200008392334,4828.0
9.760000228881836,16.579999923706055,4829.0
9.65999984741211,16.68000030517578,4830.0
9.68000030517578,16.6200008392334,4831.0
9.739999771118164,16.579999923706055,4832.0
9.720000267028809,16.559999465942383,4833.0
9.800000190734863,16.700000762939453,4834.0
9.68000030517578,16.719999313354492,4835.0
9.640000343322754,16.65999984741211,4836.0
9.81999969482422,16.65999984741211,4837.0
9.920000076293944,16.65999984741211,4838.0
9.800000190734863,16.559999465942383,4839.0
9.699999809265137,16.479999542236328,4840.0
9.920000076293944,16.459999084472656,4841.0
9.720000267028809,16.34000015258789,4842.0
9.65999984741211,16.280000686645508,4843.0
9.81999969482422,16.399999618530273,4844.0
9.84000015258789,16.540000915527344,4845.0
9.920000076293944,16.260000228881836,4846.0
9.84000015258789,16.3799991607666,4847.0
9.84000015258789,16.360000610351562,4848.0
9.800000190734863,16.360000610351562,4849.0
9.760000228881836,16.299999237060547,4850.0
9.760000228881836,16.399999618530273,4851.0
10.199999809265137,16.399999618530273,4852.0
9.779999732971191,16.5,4853.0
9.800000190734863,16.520000457763672,4854.0
9.640000343322754,16.299999237060547,4855.0
9.640000343322754,16.3799991607666,4856.0
9.739999771118164,16.459999084472656,4857.0
9.520000457763672,16.399999618530273,4858.0
9.880000114440918,16.639999389648438,4859.0
9.640000343322754,16.540000915527344,4860.0
9.81999969482422,16.540000915527344,4861.0
9.699999809265137,16.34000015258789,4862.0
9.739999771118164,16.639999389648438,4863.0
9.720000267028809,16.639999389648438,4864.0
9.760000228881836,16.360000610351562,4865.0
9.800000190734863,16.34000015258789,4866.0
9.859999656677246,16.280000686645508,4867.0
9.760000228881836,16.34000015258789,4868.0
9.800000190734863,16.299999237060547,4869.0
9.720000267028809,16.34000015258789,4870.0
9.699999809265137,16.459999084472656,4871.0
9.5,16.399999618530273,4872.0
9.899999618530272,16.5,4873.0
9.739999771118164,16.420000076293945,4874.0
9.9399995803833,16.799999237060547,4875.0
10.020000457763672,16.700000762939453,4876.0
9.9399995803833,16.540000915527344,4877.0
9.979999542236328,16.520000457763672,4878.0
9.859999656677246,16.639999389648438,4879.0
9.81999969482422,16.700000762939453,4880.0
9.779999732971191,16.459999084472656,4881.0
9.760000228881836,16.479999542236328,4882.0
9.65999984741211,16.5,4883.0
9.760000228881836,16.579999923706055,4884.0
9.859999656677246,16.520000457763672,4885.0
10.0,16.600000381469727,4886.0
9.84000015258789,16.459999084472656,4887.0
9.880000114440918,16.6200008392334,4888.0
9.739999771118164,16.65999984741211,4889.0
9.81999969482422,16.700000762939453,4890.0
9.720000267028809,16.520000457763672,4891.0
9.81999969482422,16.420000076293945,4892.0
9.779999732971191,16.520000457763672,4893.0
9.760000228881836,16.600000381469727,4894.0
9.899999618530272,16.600000381469727,4895.0
9.920000076293944,16.559999465942383,4896.0
9.859999656677246,16.559999465942383,4897.0
9.859999656677246,16.540000915527344,4898.0
9.920000076293944,16.540000915527344,4899.0
9.800000190734863,16.540000915527344,4900.0
9.579999923706056,16.579999923706055,4901.0
9.859999656677246,16.559999465942383,4902.0
9.760000228881836,16.420000076293945,4903.0
9.760000228881836,16.420000076293945,4904.0
9.720000267028809,16.299999237060547,4905.0
9.800000190734863,16.440000534057617,4906.0
9.65999984741211,16.479999542236328,4907.0
9.720000267028809,16.3799991607666,4908.0
9.65999984741211,16.360000610351562,4909.0
9.300000190734863,16.440000534057617,4910.0
9.68000030517578,16.459999084472656,4911.0
9.699999809265137,16.520000457763672,4912.0
9.619999885559082,16.479999542236328,4913.0
9.68000030517578,16.3799991607666,4914.0
9.619999885559082,16.399999618530273,4915.0
9.579999923706056,16.360000610351562,4916.0
9.720000267028809,16.440000534057617,4917.0
9.079999923706056,16.440000534057617,4918.0
9.699999809265137,16.299999237060547,4919.0
9.720000267028809,16.5,4920.0
9.65999984741211,16.459999084472656,4921.0
9.699999809265137,16.700000762939453,4922.0
9.65999984741211,16.739999771118164,4923.0
9.640000343322754,16.34000015258789,4924.0
9.600000381469728,16.360000610351562,4925.0
9.640000343322754,16.31999969482422,4926.0
9.699999809265137,16.440000534057617,4927.0
9.5600004196167,16.479999542236328,4928.0
9.619999885559082,16.540000915527344,4929.0
9.68000030517578,16.5,4930.0
9.699999809265137,16.459999084472656,4931.0
9.81999969482422,16.479999542236328,4932.0
9.739999771118164,16.479999542236328,4933.0
9.68000030517578,16.520000457763672,4934.0
9.779999732971191,16.559999465942383,4935.0
9.739999771118164,16.559999465942383,4936.0
9.899999618530272,16.420000076293945,4937.0
9.81999969482422,16.5,4938.0
9.84000015258789,16.579999923706055,4939.0
9.979999542236328,16.579999923706055,4940.0
9.199999809265137,16.540000915527344,4941.0
9.479999542236328,16.520000457763672,4942.0
9.239999771118164,16.520000457763672,4943.0
9.619999885559082,16.520000457763672,4944.0
9.720000267028809,16.6200008392334,4945.0
9.81999969482422,16.6200008392334,4946.0
9.739999771118164,16.639999389648438,4947.0
9.760000228881836,16.459999084472656,4948.0
9.81999969482422,16.6200008392334,4949.0
9.859999656677246,16.579999923706055,4950.0
9.84000015258789,16.479999542236328,4951.0
9.760000228881836,16.559999465942383,4952.0
9.81999969482422,16.600000381469727,4953.0
9.800000190734863,16.559999465942383,4954.0
9.920000076293944,16.600000381469727,4955.0
9.9399995803833,16.6200008392334,4956.0
10.0,16.459999084472656,4957.0
9.800000190734863,16.440000534057617,4958.0
9.880000114440918,16.520000457763672,4959.0
8.319999694824219,16.540000915527344,4960.0
9.859999656677246,16.420000076293945,4961.0
9.65999984741211,16.520000457763672,4962.0
9.720000267028809,16.559999465942383,4963.0
9.65999984741211,16.579999923706055,4964.0
9.920000076293944,16.5,4965.0
9.720000267028809,16.479999542236328,4966.0
9.720000267028809,16.459999084472656,4967.0
9.9399995803833,16.479999542236328,4968.0
9.920000076293944,16.479999542236328,4969.0
9.920000076293944,16.479999542236328,4970.0
9.779999732971191,16.360000610351562,4971.0
9.84000015258789,16.420000076293945,4972.0
10.039999961853027,16.6200008392334,4973.0
10.039999961853027,16.6200008392334,4974.0
9.880000114440918,16.600000381469727,4975.0
10.100000381469728,16.68000030517578,4976.0
9.739999771118164,16.5,4977.0
9.81999969482422,16.600000381469727,4978.0
9.899999618530272,16.6200008392334,4979.0
9.68000030517578,16.600000381469727,4980.0
9.739999771118164,16.579999923706055,4981.0
9.920000076293944,16.520000457763672,4982.0
9.760000228881836,16.520000457763672,4983.0
9.640000343322754,16.520000457763672,4984.0
9.68000030517578,16.579999923706055,4985.0
9.880000114440918,16.600000381469727,4986.0
9.739999771118164,16.479999542236328,4987.0
9.760000228881836,16.579999923706055,4988.0
9.84000015258789,16.579999923706055,4989.0
9.68000030517578,16.360000610351562,4990.0
9.800000190734863,16.639999389648438,4991.0
9.779999732971191,16.68000030517578,4992.0
9.800000190734863,16.700000762939453,4993.0
9.979999542236328,16.68000030517578,4994.0
9.81999969482422,16.540000915527344,4995.0
9.520000457763672,16.540000915527344,4996.0
9.800000190734863,16.6200008392334,4997.0
9.9399995803833,16.68000030517578,4998.0
9.760000228881836,16.68000030517578,4999.0
9.65999984741211,16.639999389648438,5000.0
9.460000038146973,16.639999389648438,5001.0
9.739999771118164,16.65999984741211,5002.0
9.81999969482422,16.639999389648438,5003.0
9.899999618530272,16.600000381469727,5004.0
9.979999542236328,16.639999389648438,5005.0
9.81999969482422,16.65999984741211,5006.0
9.720000267028809,16.719999313354492,5007.0
9.600000381469728,16.719999313354492,5008.0
9.720000267028809,16.719999313354492,5009.0
9.760000228881836,16.6200008392334,5010.0
9.84000015258789,16.68000030517578,5011.0
9.880000114440918,16.739999771118164,5012.0
10.079999923706056,16.719999313354492,5013.0
9.399999618530272,16.719999313354492,5014.0
10.15999984741211,16.700000762939453,5015.0
9.699999809265137,16.739999771118164,5016.0
9.779999732971191,16.780000686645508,5017.0
9.640000343322754,16.68000030517578,5018.0
9.739999771118164,16.68000030517578,5019.0
9.760000228881836,16.600000381469727,5020.0
9.760000228881836,16.719999313354492,5021.0
9.9399995803833,16.760000228881836,5022.0
9.65999984741211,16.700000762939453,5023.0
9.800000190734863,16.639999389648438,5024.0
9.800000190734863,16.65999984741211,5025.0
9.920000076293944,16.68000030517578,5026.0
10.100000381469728,16.739999771118164,5027.0
10.140000343322754,16.739999771118164,5028.0
10.020000457763672,16.84000015258789,5029.0
9.9399995803833,16.860000610351562,5030.0
9.699999809265137,16.700000762939453,5031.0
9.760000228881836,16.719999313354492,5032.0
9.859999656677246,16.719999313354492,5033.0
9.760000228881836,16.780000686645508,5034.0
9.699999809265137,16.780000686645508,5035.0
10.0,16.700000762939453,5036.0
9.65999984741211,16.639999389648438,5037.0
9.800000190734863,16.579999923706055,5038.0
9.720000267028809,16.600000381469727,5039.0
9.779999732971191,16.639999389648438,5040.0
9.880000114440918,16.559999465942383,5041.0
9.65999984741211,16.579999923706055,5042.0
9.739999771118164,16.579999923706055,5043.0
9.640000343322754,16.68000030517578,5044.0
9.859999656677246,16.68000030517578,5045.0
9.81999969482422,16.600000381469727,5046.0
9.800000190734863,16.600000381469727,5047.0
9.720000267028809,16.6200008392334,5048.0
9.699999809265137,16.639999389648438,5049.0
9.739999771118164,16.68000030517578,5050.0
9.739999771118164,16.639999389648438,5051.0
9.859999656677246,16.579999923706055,5052.0
9.699999809265137,16.639999389648438,5053.0
9.760000228881836,16.6200008392334,5054.0
9.899999618530272,16.6200008392334,5055.0
9.899999618530272,16.6200008392334,5056.0
9.68000030517578,16.559999465942383,5057.0
10.020000457763672,16.6200008392334,5058.0
9.800000190734863,16.639999389648438,5059.0
9.539999961853027,16.600000381469727,5060.0
9.84000015258789,16.6200008392334,5061.0
9.859999656677246,16.68000030517578,5062.0
9.720000267028809,16.600000381469727,5063.0
9.720000267028809,16.68000030517578,5064.0
9.720000267028809,16.65999984741211,5065.0
10.079999923706056,16.6200008392334,5066.0
9.920000076293944,16.559999465942383,5067.0
9.960000038146973,16.639999389648438,5068.0
10.079999923706056,16.639999389648438,5069.0
10.0,16.600000381469727,5070.0
9.880000114440918,16.579999923706055,5071.0
9.81999969482422,16.639999389648438,5072.0
9.899999618530272,16.700000762939453,5073.0
9.81999969482422,16.8799991607666,5074.0
10.079999923706056,16.799999237060547,5075.0
9.880000114440918,16.739999771118164,5076.0
9.760000228881836,16.719999313354492,5077.0
9.800000190734863,16.81999969482422,5078.0
9.720000267028809,16.700000762939453,5079.0
9.779999732971191,16.719999313354492,5080.0
9.380000114440918,16.719999313354492,5081.0
9.720000267028809,16.65999984741211,5082.0
9.9399995803833,16.65999984741211,5083.0
10.020000457763672,16.65999984741211,5084.0
10.0,16.739999771118164,5085.0
10.100000381469728,16.68000030517578,5086.0
10.0,16.68000030517578,5087.0
9.9399995803833,16.68000030517578,5088.0
9.399999618530272,16.68000030517578,5089.0
10.140000343322754,16.68000030517578,5090.0
9.920000076293944,16.700000762939453,5091.0
9.960000038146973,16.68000030517578,5092.0
9.859999656677246,16.68000030517578,5093.0
9.960000038146973,16.579999923706055,5094.0
8.760000228881836,16.719999313354492,5095.0
9.359999656677246,16.739999771118164,5096.0
9.920000076293944,16.700000762939453,5097.0
8.880000114440918,16.780000686645508,5098.0
9.199999809265137,16.84000015258789,5099.0
9.039999961853027,16.799999237060547,5100.0
10.100000381469728,16.81999969482422,5101.0
10.260000228881836,16.81999969482422,5102.0
10.220000267028809,16.799999237060547,5103.0
10.199999809265137,16.81999969482422,5104.0
10.079999923706056,16.81999969482422,5105.0
10.0600004196167,16.899999618530273,5106.0
9.960000038146973,16.81999969482422,5107.0
9.920000076293944,16.799999237060547,5108.0
10.239999771118164,16.780000686645508,5109.0
10.15999984741211,16.81999969482422,5110.0
10.0600004196167,16.8799991607666,5111.0
10.079999923706056,16.860000610351562,5112.0
10.420000076293944,16.860000610351562,5113.0
10.4399995803833,16.799999237060547,5114.0
10.220000267028809,16.799999237060547,5115.0
10.039999961853027,16.760000228881836,5116.0
10.079999923706056,16.81999969482422,5117.0
10.039999961853027,16.8799991607666,5118.0
10.199999809265137,16.899999618530273,5119.0
10.039999961853027,16.899999618530273,5120.0
9.0600004196167,16.8799991607666,5121.0
10.140000343322754,16.84000015258789,5122.0
9.34000015258789,16.8799991607666,5123.0
10.0600004196167,16.940000534057617,5124.0
9.880000114440918,16.979999542236328,5125.0
9.920000076293944,16.940000534057617,5126.0
9.640000343322754,16.860000610351562,5127.0
9.9399995803833,16.860000610351562,5128.0
9.720000267028809,16.8799991607666,5129.0
10.4399995803833,16.860000610351562,5130.0
10.199999809265137,16.920000076293945,5131.0
10.220000267028809,16.940000534057617,5132.0
10.539999961853027,16.959999084472656,5133.0
10.399999618530272,16.940000534057617,5134.0
10.220000267028809,16.899999618530273,5135.0
10.260000228881836,16.860000610351562,5136.0
10.18000030517578,16.700000762939453,5137.0
10.119999885559082,16.639999389648438,5138.0
10.199999809265137,16.799999237060547,5139.0
10.399999618530272,16.860000610351562,5140.0
10.479999542236328,16.860000610351562,5141.0
9.9399995803833,16.739999771118164,5142.0
10.0600004196167,16.719999313354492,5143.0
10.039999961853027,16.799999237060547,5144.0
10.0,16.81999969482422,5145.0
10.039999961853027,16.84000015258789,5146.0
10.079999923706056,16.84000015258789,5147.0
10.119999885559082,16.8799991607666,5148.0
10.119999885559082,16.940000534057617,5149.0
10.0600004196167,16.959999084472656,5150.0
10.0600004196167,16.860000610351562,5151.0
10.0600004196167,16.940000534057617,5152.0
9.920000076293944,16.899999618530273,5153.0
9.779999732971191,16.940000534057617,5154.0
10.020000457763672,16.860000610351562,5155.0
10.100000381469728,16.84000015258789,5156.0
10.140000343322754,16.780000686645508,5157.0
10.239999771118164,16.799999237060547,5158.0
10.100000381469728,16.8799991607666,5159.0
9.960000038146973,16.84000015258789,5160.0
10.079999923706056,16.81999969482422,5161.0
10.119999885559082,16.799999237060547,5162.0
10.0600004196167,16.799999237060547,5163.0
10.140000343322754,16.84000015258789,5164.0
10.0600004196167,16.84000015258789,5165.0
9.979999542236328,16.860000610351562,5166.0
10.220000267028809,16.8799991607666,5167.0
10.0600004196167,16.860000610351562,5168.0
10.279999732971191,16.899999618530273,5169.0
10.199999809265137,16.940000534057617,5170.0
9.960000038146973,16.860000610351562,5171.0
9.960000038146973,16.780000686645508,5172.0
10.420000076293944,16.860000610351562,5173.0
10.100000381469728,16.84000015258789,5174.0
10.119999885559082,16.959999084472656,5175.0
9.960000038146973,16.959999084472656,5176.0
9.960000038146973,16.84000015258789,5177.0
10.0600004196167,16.84000015258789,5178.0
10.0,16.81999969482422,5179.0
10.119999885559082,16.84000015258789,5180.0
10.380000114440918,16.899999618530273,5181.0
10.100000381469728,16.84000015258789,5182.0
10.260000228881836,16.81999969482422,5183.0
10.079999923706056,16.84000015258789,5184.0
10.039999961853027,16.84000015258789,5185.0
10.140000343322754,16.920000076293945,5186.0
9.960000038146973,16.920000076293945,5187.0
10.199999809265137,16.940000534057617,5188.0
9.84000015258789,16.920000076293945,5189.0
10.260000228881836,16.860000610351562,5190.0
10.119999885559082,16.860000610351562,5191.0
10.18000030517578,16.899999618530273,5192.0
9.899999618530272,17.040000915527344,5193.0
9.520000457763672,17.059999465942383,5194.0
10.5,17.040000915527344,5195.0
10.4399995803833,16.940000534057617,5196.0
10.399999618530272,16.780000686645508,5197.0
10.279999732971191,16.780000686645508,5198.0
10.300000190734863,16.84000015258789,5199.0
10.640000343322754,17.0,5200.0
10.140000343322754,16.81999969482422,5201.0
10.020000457763672,16.799999237060547,5202.0
9.960000038146973,16.799999237060547,5203.0
10.300000190734863,16.799999237060547,5204.0
9.0600004196167,16.719999313354492,5205.0
10.34000015258789,16.700000762939453,5206.0
9.15999984741211,16.6200008392334,5207.0
10.119999885559082,16.780000686645508,5208.0
10.18000030517578,16.719999313354492,5209.0
10.380000114440918,16.920000076293945,5210.0
10.079999923706056,16.8799991607666,5211.0
10.5,16.860000610351562,5212.0
10.199999809265137,16.84000015258789,5213.0
10.300000190734863,16.860000610351562,5214.0
10.34000015258789,16.860000610351562,5215.0
9.859999656677246,16.940000534057617,5216.0
10.0600004196167,16.84000015258789,5217.0
10.220000267028809,16.799999237060547,5218.0
10.0,16.84000015258789,5219.0
10.0600004196167,16.84000015258789,5220.0
9.739999771118164,16.8799991607666,5221.0
10.239999771118164,16.860000610351562,5222.0
10.020000457763672,16.84000015258789,5223.0
8.420000076293945,16.84000015258789,5224.0
9.479999542236328,16.799999237060547,5225.0
10.68000030517578,16.860000610351562,5226.0
11.039999961853027,16.8799991607666,5227.0
11.079999923706056,16.920000076293945,5228.0
11.34000015258789,16.860000610351562,5229.0
10.5600004196167,16.860000610351562,5230.0
10.600000381469728,16.84000015258789,5231.0
8.520000457763672,16.84000015258789,5232.0
10.84000015258789,16.84000015258789,5233.0
10.18000030517578,16.860000610351562,5234.0
10.600000381469728,16.8799991607666,5235.0
9.920000076293944,16.84000015258789,5236.0
10.199999809265137,16.860000610351562,5237.0
10.119999885559082,16.84000015258789,5238.0
10.020000457763672,16.899999618530273,5239.0
9.960000038146973,16.860000610351562,5240.0
10.140000343322754,16.8799991607666,5241.0
10.5,16.940000534057617,5242.0
10.0,16.940000534057617,5243.0
10.220000267028809,16.920000076293945,5244.0
10.720000267028809,16.959999084472656,5245.0
10.5600004196167,17.0,5246.0
10.479999542236328,16.959999084472656,5247.0
10.15999984741211,17.059999465942383,5248.0
10.5,17.040000915527344,5249.0
10.640000343322754,16.979999542236328,5250.0
10.260000228881836,17.0,5251.0
10.539999961853027,17.020000457763672,5252.0
10.760000228881836,16.8799991607666,5253.0
10.399999618530272,16.959999084472656,5254.0
10.31999969482422,16.940000534057617,5255.0
10.220000267028809,17.0,5256.0
9.520000457763672,17.18000030517578,5257.0
10.260000228881836,17.020000457763672,5258.0
10.359999656677246,16.860000610351562,5259.0
10.520000457763672,16.8799991607666,5260.0
10.420000076293944,16.860000610351562,5261.0
10.34000015258789,16.84000015258789,5262.0
10.520000457763672,16.799999237060547,5263.0
10.479999542236328,16.8799991607666,5264.0
10.68000030517578,16.959999084472656,5265.0
10.15999984741211,16.959999084472656,5266.0
10.600000381469728,16.81999969482422,5267.0
10.539999961853027,16.8799991607666,5268.0
10.34000015258789,16.700000762939453,5269.0
10.380000114440918,16.760000228881836,5270.0
10.399999618530272,16.799999237060547,5271.0
10.359999656677246,16.8799991607666,5272.0
10.100000381469728,16.8799991607666,5273.0
10.300000190734863,16.84000015258789,5274.0
10.039999961853027,16.8799991607666,5275.0
10.34000015258789,16.860000610351562,5276.0
10.140000343322754,17.0,5277.0
10.760000228881836,16.860000610351562,5278.0
10.68000030517578,16.959999084472656,5279.0
10.5600004196167,16.8799991607666,5280.0
10.760000228881836,16.8799991607666,5281.0
10.579999923706056,16.860000610351562,5282.0
10.600000381469728,16.84000015258789,5283.0
10.420000076293944,16.860000610351562,5284.0
10.4399995803833,16.8799991607666,5285.0
10.380000114440918,16.84000015258789,5286.0
9.539999961853027,16.860000610351562,5287.0
10.199999809265137,16.8799991607666,5288.0
10.220000267028809,16.81999969482422,5289.0
10.34000015258789,16.959999084472656,5290.0
10.34000015258789,16.899999618530273,5291.0
10.420000076293944,16.860000610351562,5292.0
10.18000030517578,16.84000015258789,5293.0
10.140000343322754,17.0,5294.0
10.0600004196167,16.899999618530273,5295.0
10.699999809265137,16.940000534057617,5296.0
10.140000343322754,16.8799991607666,5297.0
10.039999961853027,16.860000610351562,5298.0
10.140000343322754,16.940000534057617,5299.0
9.979999542236328,16.860000610351562,5300.0
10.479999542236328,16.959999084472656,5301.0
10.31999969482422,16.860000610351562,5302.0
10.079999923706056,16.920000076293945,5303.0
9.760000228881836,17.0,5304.0
9.260000228881836,17.059999465942383,5305.0
10.100000381469728,16.940000534057617,5306.0
10.079999923706056,16.860000610351562,5307.0
9.699999809265137,16.84000015258789,5308.0
10.100000381469728,16.860000610351562,5309.0
10.520000457763672,16.8799991607666,5310.0
10.100000381469728,16.8799991607666,5311.0
10.199999809265137,16.899999618530273,5312.0
9.84000015258789,16.940000534057617,5313.0
10.020000457763672,16.920000076293945,5314.0
9.600000381469728,16.959999084472656,5315.0
10.119999885559082,17.020000457763672,5316.0
10.039999961853027,16.959999084472656,5317.0
9.880000114440918,17.040000915527344,5318.0
10.100000381469728,17.040000915527344,5319.0
10.5,16.8799991607666,5320.0
10.279999732971191,16.8799991607666,5321.0
10.31999969482422,16.860000610351562,5322.0
9.81999969482422,16.979999542236328,5323.0
9.920000076293944,16.979999542236328,5324.0
10.140000343322754,16.959999084472656,5325.0
9.960000038146973,17.0,5326.0
10.0600004196167,17.100000381469727,5327.0
10.84000015258789,17.0,5328.0
10.359999656677246,17.059999465942383,5329.0
8.619999885559082,16.940000534057617,5330.0
10.119999885559082,16.8799991607666,5331.0
9.0600004196167,17.059999465942383,5332.0
10.31999969482422,17.020000457763672,5333.0
10.260000228881836,17.020000457763672,5334.0
9.65999984741211,16.940000534057617,5335.0
10.380000114440918,16.860000610351562,5336.0
10.199999809265137,16.940000534057617,5337.0
10.239999771118164,16.920000076293945,5338.0
10.300000190734863,16.8799991607666,5339.0
10.399999618530272,16.8799991607666,5340.0
10.4399995803833,16.8799991607666,5341.0
10.4399995803833,17.0,5342.0
10.520000457763672,17.020000457763672,5343.0
10.220000267028809,16.959999084472656,5344.0
10.119999885559082,16.899999618530273,5345.0
10.15999984741211,17.0,5346.0
10.539999961853027,17.020000457763672,5347.0
10.199999809265137,17.100000381469727,5348.0
10.220000267028809,17.100000381469727,5349.0
10.479999542236328,17.15999984741211,5350.0
10.380000114440918,17.040000915527344,5351.0
10.420000076293944,17.059999465942383,5352.0
11.020000457763672,17.059999465942383,5353.0
10.539999961853027,17.0,5354.0
10.880000114440918,17.020000457763672,5355.0
10.359999656677246,17.200000762939453,5356.0
nan,17.200000762939453,5357.0
10.020000457763672,17.059999465942383,5358.0
10.359999656677246,17.020000457763672,5359.0
10.15999984741211,17.0,5360.0
10.399999618530272,17.040000915527344,5361.0
10.380000114440918,17.079999923706055,5362.0
10.65999984741211,17.020000457763672,5363.0
8.899999618530273,16.959999084472656,5364.0
10.260000228881836,17.100000381469727,5365.0
10.619999885559082,17.079999923706055,5366.0
10.4399995803833,17.040000915527344,5367.0
10.640000343322754,17.100000381469727,5368.0
10.18000030517578,17.059999465942383,5369.0
10.579999923706056,17.020000457763672,5370.0
10.399999618530272,17.139999389648438,5371.0
10.359999656677246,17.100000381469727,5372.0
10.380000114440918,17.15999984741211,5373.0
10.739999771118164,17.079999923706055,5374.0
10.960000038146973,17.040000915527344,5375.0
10.920000076293944,17.040000915527344,5376.0
10.84000015258789,17.079999923706055,5377.0
10.739999771118164,17.239999771118164,5378.0
10.720000267028809,17.0,5379.0
10.479999542236328,17.100000381469727,5380.0
11.119999885559082,17.1200008392334,5381.0
11.31999969482422,17.18000030517578,5382.0
11.0600004196167,17.020000457763672,5383.0
11.239999771118164,17.139999389648438,5384.0
10.880000114440918,17.100000381469727,5385.0
10.640000343322754,17.020000457763672,5386.0
10.960000038146973,16.899999618530273,5387.0
10.760000228881836,16.940000534057617,5388.0
10.68000030517578,16.940000534057617,5389.0
10.199999809265137,17.079999923706055,5390.0
10.300000190734863,17.1200008392334,5391.0
10.380000114440918,17.139999389648438,5392.0
10.720000267028809,17.100000381469727,5393.0
10.5600004196167,17.1200008392334,5394.0
10.68000030517578,17.079999923706055,5395.0
10.520000457763672,17.079999923706055,5396.0
10.68000030517578,17.0,5397.0
10.479999542236328,16.959999084472656,5398.0
10.9399995803833,17.020000457763672,5399.0
10.699999809265137,17.020000457763672,5400.0
10.520000457763672,17.020000457763672,5401.0
10.579999923706056,17.0,5402.0
11.119999885559082,17.020000457763672,5403.0
10.81999969482422,16.8799991607666,5404.0
10.84000015258789,17.020000457763672,5405.0
10.979999542236328,17.0,5406.0
10.300000190734863,17.0,5407.0
10.720000267028809,17.139999389648438,5408.0
10.760000228881836,17.079999923706055,5409.0
10.039999961853027,17.299999237060547,5410.0
10.100000381469728,17.200000762939453,5411.0
10.720000267028809,17.100000381469727,5412.0
10.380000114440918,17.079999923706055,5413.0
11.699999809265137,17.18000030517578,5414.0
10.0600004196167,17.079999923706055,5415.0
10.720000267028809,17.1200008392334,5416.0
10.880000114440918,17.040000915527344,5417.0
11.020000457763672,17.1200008392334,5418.0
10.720000267028809,17.1200008392334,5419.0
11.0600004196167,17.18000030517578,5420.0
9.539999961853027,16.979999542236328,5421.0
10.359999656677246,17.079999923706055,5422.0
10.520000457763672,17.260000228881836,5423.0
10.4399995803833,17.299999237060547,5424.0
10.18000030517578,17.15999984741211,5425.0
10.199999809265137,17.040000915527344,5426.0
10.4399995803833,17.020000457763672,5427.0
10.18000030517578,17.1200008392334,5428.0
10.359999656677246,17.079999923706055,5429.0
10.18000030517578,17.1200008392334,5430.0
11.699999809265137,17.100000381469727,5431.0
8.979999542236328,17.059999465942383,5432.0
9.68000030517578,17.059999465942383,5433.0
9.779999732971191,17.020000457763672,5434.0
10.260000228881836,17.1200008392334,5435.0
10.5600004196167,17.079999923706055,5436.0
10.020000457763672,17.18000030517578,5437.0
10.880000114440918,17.139999389648438,5438.0
10.760000228881836,17.219999313354492,5439.0
10.420000076293944,17.18000030517578,5440.0
10.420000076293944,16.959999084472656,5441.0
10.18000030517578,17.040000915527344,5442.0
10.699999809265137,17.040000915527344,5443.0
10.800000190734863,17.079999923706055,5444.0
10.600000381469728,17.139999389648438,5445.0
10.800000190734863,17.020000457763672,5446.0
10.600000381469728,17.059999465942383,5447.0
10.739999771118164,17.1200008392334,5448.0
10.579999923706056,17.280000686645508,5449.0
10.239999771118164,17.0,5450.0
10.420000076293944,17.1200008392334,5451.0
11.100000381469728,17.100000381469727,5452.0
11.140000343322754,17.100000381469727,5453.0
10.739999771118164,17.100000381469727,5454.0
10.5,17.079999923706055,5455.0
10.34000015258789,17.040000915527344,5456.0
10.579999923706056,17.1200008392334,5457.0
10.300000190734863,17.15999984741211,5458.0
10.119999885559082,17.100000381469727,5459.0
10.4399995803833,17.18000030517578,5460.0
10.199999809265137,17.239999771118164,5461.0
9.779999732971191,17.219999313354492,5462.0
11.079999923706056,17.219999313354492,5463.0
10.140000343322754,17.200000762939453,5464.0
nan,17.200000762939453,5465.0
11.859999656677246,17.15999984741211,5466.0
12.239999771118164,17.100000381469727,5467.0
nan,17.15999984741211,5468.0
11.039999961853027,17.239999771118164,5469.0
10.779999732971191,17.18000030517578,5470.0
10.640000343322754,17.18000030517578,5471.0
10.920000076293944,17.239999771118164,5472.0
10.479999542236328,17.200000762939453,5473.0
10.960000038146973,17.15999984741211,5474.0
10.920000076293944,17.18000030517578,5475.0
10.68000030517578,17.059999465942383,5476.0
10.399999618530272,17.040000915527344,5477.0
10.81999969482422,17.200000762939453,5478.0
10.760000228881836,17.1200008392334,5479.0
10.800000190734863,17.040000915527344,5480.0
10.5600004196167,17.020000457763672,5481.0
10.68000030517578,17.18000030517578,5482.0
10.84000015258789,17.15999984741211,5483.0
11.140000343322754,17.239999771118164,5484.0
11.079999923706056,17.020000457763672,5485.0
11.460000038146973,17.18000030517578,5486.0
10.920000076293944,17.260000228881836,5487.0
11.0600004196167,17.260000228881836,5488.0
10.699999809265137,17.18000030517578,5489.0
10.65999984741211,17.139999389648438,5490.0
10.579999923706056,17.100000381469727,5491.0
11.039999961853027,17.139999389648438,5492.0
10.81999969482422,17.15999984741211,5493.0
10.65999984741211,17.280000686645508,5494.0
10.859999656677246,17.420000076293945,5495.0
10.260000228881836,17.200000762939453,5496.0
10.800000190734863,17.15999984741211,5497.0
10.0,17.280000686645508,5498.0
11.119999885559082,17.15999984741211,5499.0
11.420000076293944,17.15999984741211,5500.0
10.859999656677246,17.15999984741211,5501.0
10.699999809265137,17.18000030517578,5502.0
11.5600004196167,17.239999771118164,5503.0
10.31999969482422,17.200000762939453,5504.0
9.020000457763672,17.239999771118164,5505.0
10.199999809265137,17.299999237060547,5506.0
10.600000381469728,17.440000534057617,5507.0
10.5600004196167,17.399999618530273,5508.0
10.600000381469728,17.34000015258789,5509.0
10.460000038146973,17.31999969482422,5510.0
10.520000457763672,17.31999969482422,5511.0
10.65999984741211,17.219999313354492,5512.0
10.399999618530272,17.15999984741211,5513.0
10.9399995803833,17.139999389648438,5514.0
10.579999923706056,17.100000381469727,5515.0
11.140000343322754,17.100000381469727,5516.0
10.619999885559082,17.079999923706055,5517.0
10.9399995803833,17.479999542236328,5518.0
10.460000038146973,17.31999969482422,5519.0
10.079999923706056,17.139999389648438,5520.0
10.300000190734863,17.260000228881836,5521.0
10.539999961853027,17.219999313354492,5522.0
10.31999969482422,17.31999969482422,5523.0
10.359999656677246,17.3799991607666,5524.0
10.920000076293944,17.34000015258789,5525.0
10.18000030517578,17.31999969482422,5526.0
11.0600004196167,17.139999389648438,5527.0
10.84000015258789,17.299999237060547,5528.0
10.4399995803833,17.260000228881836,5529.0
10.739999771118164,17.399999618530273,5530.0
10.260000228881836,17.34000015258789,5531.0
10.020000457763672,17.280000686645508,5532.0
10.220000267028809,17.299999237060547,5533.0
10.199999809265137,17.219999313354492,5534.0
9.859999656677246,17.239999771118164,5535.0
10.899999618530272,17.219999313354492,5536.0
10.899999618530272,17.219999313354492,5537.0
11.140000343322754,17.280000686645508,5538.0
10.899999618530272,17.260000228881836,5539.0
11.0,17.219999313354492,5540.0
10.760000228881836,17.3799991607666,5541.0
10.880000114440918,17.399999618530273,5542.0
10.880000114440918,17.280000686645508,5543.0
10.600000381469728,17.3799991607666,5544.0
10.760000228881836,17.31999969482422,5545.0
11.119999885559082,17.459999084472656,5546.0
11.0600004196167,17.459999084472656,5547.0
11.300000190734863,17.5,5548.0
10.9399995803833,17.780000686645508,5549.0
11.0600004196167,17.600000381469727,5550.0
10.979999542236328,17.540000915527344,5551.0
10.68000030517578,17.520000457763672,5552.0
10.81999969482422,17.6200008392334,5553.0
11.260000228881836,17.520000457763672,5554.0
10.579999923706056,17.479999542236328,5555.0
11.100000381469728,17.260000228881836,5556.0
10.600000381469728,17.15999984741211,5557.0
11.399999618530272,17.18000030517578,5558.0
10.140000343322754,17.18000030517578,5559.0
10.859999656677246,17.219999313354492,5560.0
10.880000114440918,17.200000762939453,5561.0
10.279999732971191,17.360000610351562,5562.0
10.520000457763672,17.440000534057617,5563.0
10.720000267028809,17.479999542236328,5564.0
10.579999923706056,17.420000076293945,5565.0
11.300000190734863,17.3799991607666,5566.0
11.31999969482422,17.399999618530273,5567.0
11.279999732971191,17.31999969482422,5568.0
10.119999885559082,17.18000030517578,5569.0
10.68000030517578,17.280000686645508,5570.0
10.81999969482422,17.31999969482422,5571.0
10.640000343322754,17.280000686645508,5572.0
10.720000267028809,17.299999237060547,5573.0
11.140000343322754,17.280000686645508,5574.0
11.359999656677246,17.31999969482422,5575.0
10.779999732971191,17.260000228881836,5576.0
10.960000038146973,17.260000228881836,5577.0
10.5,17.31999969482422,5578.0
10.720000267028809,17.3799991607666,5579.0
10.68000030517578,17.31999969482422,5580.0
9.720000267028809,17.280000686645508,5581.0
10.5,17.520000457763672,5582.0
10.220000267028809,17.440000534057617,5583.0
10.15999984741211,17.360000610351562,5584.0
10.779999732971191,17.299999237060547,5585.0
11.220000267028809,17.299999237060547,5586.0
11.34000015258789,17.280000686645508,5587.0
11.279999732971191,17.219999313354492,5588.0
10.300000190734863,17.200000762939453,5589.0
11.0600004196167,17.31999969482422,5590.0
10.619999885559082,17.399999618530273,5591.0
10.5,17.459999084472656,5592.0
10.600000381469728,17.520000457763672,5593.0
10.760000228881836,17.559999465942383,5594.0
10.359999656677246,17.479999542236328,5595.0
10.539999961853027,17.239999771118164,5596.0
10.399999618530272,17.31999969482422,5597.0
11.220000267028809,17.18000030517578,5598.0
11.100000381469728,17.0,5599.0
10.84000015258789,17.239999771118164,5600.0
11.020000457763672,17.31999969482422,5601.0
10.779999732971191,17.440000534057617,5602.0
10.68000030517578,17.280000686645508,5603.0
10.4399995803833,17.280000686645508,5604.0
10.359999656677246,17.360000610351562,5605.0
10.520000457763672,17.31999969482422,5606.0
9.9399995803833,17.31999969482422,5607.0
9.520000457763672,17.360000610351562,5608.0
8.15999984741211,17.360000610351562,5609.0
8.479999542236328,17.520000457763672,5610.0
9.84000015258789,17.459999084472656,5611.0
8.5,17.360000610351562,5612.0
10.15999984741211,17.360000610351562,5613.0
10.380000114440918,17.260000228881836,5614.0
10.18000030517578,17.360000610351562,5615.0
10.640000343322754,17.5,5616.0
10.65999984741211,17.5,5617.0
10.100000381469728,17.420000076293945,5618.0
10.800000190734863,17.31999969482422,5619.0
11.119999885559082,17.280000686645508,5620.0
10.65999984741211,17.280000686645508,5621.0
10.5,17.31999969482422,5622.0
10.380000114440918,17.5,5623.0
10.5,17.600000381469727,5624.0
10.760000228881836,17.639999389648438,5625.0
10.279999732971191,17.399999618530273,5626.0
10.539999961853027,17.34000015258789,5627.0
10.5,17.34000015258789,5628.0
10.579999923706056,17.639999389648438,5629.0
11.34000015258789,17.639999389648438,5630.0
10.5,17.68000030517578,5631.0
9.880000114440918,17.540000915527344,5632.0
10.420000076293944,17.520000457763672,5633.0
10.239999771118164,17.479999542236328,5634.0
10.079999923706056,17.520000457763672,5635.0
10.220000267028809,17.420000076293945,5636.0
10.220000267028809,17.239999771118164,5637.0
10.0600004196167,17.260000228881836,5638.0
10.420000076293944,17.260000228881836,5639.0
10.479999542236328,17.219999313354492,5640.0
10.4399995803833,17.280000686645508,5641.0
11.140000343322754,17.420000076293945,5642.0
10.84000015258789,17.31999969482422,5643.0
9.68000030517578,17.299999237060547,5644.0
10.380000114440918,17.31999969482422,5645.0
10.039999961853027,17.18000030517578,5646.0
10.100000381469728,17.239999771118164,5647.0
10.520000457763672,17.200000762939453,5648.0
10.220000267028809,17.18000030517578,5649.0
11.0600004196167,17.219999313354492,5650.0
10.84000015258789,17.260000228881836,5651.0
10.84000015258789,17.200000762939453,5652.0
10.920000076293944,17.239999771118164,5653.0
11.15999984741211,17.239999771118164,5654.0
10.100000381469728,17.18000030517578,5655.0
9.34000015258789,17.420000076293945,5656.0
10.479999542236328,17.31999969482422,5657.0
10.359999656677246,17.18000030517578,5658.0
10.4399995803833,17.15999984741211,5659.0
11.699999809265137,17.34000015258789,5660.0
10.279999732971191,17.360000610351562,5661.0
10.279999732971191,17.280000686645508,5662.0
10.5,17.280000686645508,5663.0
10.859999656677246,17.3799991607666,5664.0
11.31999969482422,17.420000076293945,5665.0
11.020000457763672,17.520000457763672,5666.0
10.199999809265137,17.520000457763672,5667.0
10.619999885559082,17.31999969482422,5668.0
10.220000267028809,17.520000457763672,5669.0
10.15999984741211,17.34000015258789,5670.0
10.579999923706056,17.479999542236328,5671.0
10.640000343322754,17.479999542236328,5672.0
10.100000381469728,17.280000686645508,5673.0
10.81999969482422,17.280000686645508,5674.0
10.300000190734863,17.31999969482422,5675.0
10.15999984741211,17.520000457763672,5676.0
10.760000228881836,17.440000534057617,5677.0
10.5600004196167,17.420000076293945,5678.0
10.31999969482422,17.139999389648438,5679.0
10.619999885559082,17.299999237060547,5680.0
10.739999771118164,17.360000610351562,5681.0
9.640000343322754,17.399999618530273,5682.0
10.119999885559082,17.399999618530273,5683.0
9.720000267028809,17.31999969482422,5684.0
10.31999969482422,17.139999389648438,5685.0
9.960000038146973,17.219999313354492,5686.0
11.720000267028809,17.31999969482422,5687.0
10.800000190734863,17.280000686645508,5688.0
10.359999656677246,17.31999969482422,5689.0
11.0600004196167,17.420000076293945,5690.0
10.600000381469728,17.3799991607666,5691.0
10.5600004196167,17.280000686645508,5692.0
10.34000015258789,17.31999969482422,5693.0
10.399999618530272,17.260000228881836,5694.0
10.65999984741211,17.200000762939453,5695.0
10.539999961853027,17.200000762939453,5696.0
10.720000267028809,17.299999237060547,5697.0
10.539999961853027,17.360000610351562,5698.0
10.520000457763672,17.34000015258789,5699.0
10.380000114440918,17.18000030517578,5700.0
10.739999771118164,17.219999313354492,5701.0
10.4399995803833,17.219999313354492,5702.0
10.520000457763672,17.260000228881836,5703.0
10.739999771118164,17.219999313354492,5704.0
10.4399995803833,17.219999313354492,5705.0
10.4399995803833,17.139999389648438,5706.0
10.460000038146973,17.15999984741211,5707.0
10.68000030517578,17.31999969482422,5708.0
10.779999732971191,17.3799991607666,5709.0
10.979999542236328,17.5,5710.0
10.520000457763672,17.559999465942383,5711.0
10.460000038146973,17.280000686645508,5712.0
10.34000015258789,17.299999237060547,5713.0
10.199999809265137,17.31999969482422,5714.0
10.699999809265137,17.440000534057617,5715.0
10.5,17.360000610351562,5716.0
10.020000457763672,17.420000076293945,5717.0
10.380000114440918,17.6200008392334,5718.0
11.460000038146973,17.31999969482422,5719.0
10.699999809265137,17.34000015258789,5720.0
9.579999923706056,17.479999542236328,5721.0
10.619999885559082,17.5,5722.0
10.420000076293944,17.420000076293945,5723.0
9.300000190734863,17.31999969482422,5724.0
10.699999809265137,17.200000762939453,5725.0
10.079999923706056,17.219999313354492,5726.0
11.15999984741211,17.280000686645508,5727.0
10.739999771118164,17.280000686645508,5728.0
11.0600004196167,17.399999618530273,5729.0
10.520000457763672,17.260000228881836,5730.0
10.520000457763672,17.260000228881836,5731.0
10.84000015258789,17.219999313354492,5732.0
11.140000343322754,17.219999313354492,5733.0
11.079999923706056,17.18000030517578,5734.0
10.520000457763672,17.31999969482422,5735.0
10.81999969482422,17.579999923706055,5736.0
10.720000267028809,17.579999923706055,5737.0
10.600000381469728,17.5,5738.0
10.5600004196167,17.34000015258789,5739.0
10.359999656677246,17.200000762939453,5740.0
10.380000114440918,17.31999969482422,5741.0
10.460000038146973,17.31999969482422,5742.0
10.31999969482422,17.280000686645508,5743.0
10.380000114440918,17.360000610351562,5744.0
10.579999923706056,17.559999465942383,5745.0
10.380000114440918,17.520000457763672,5746.0
10.5600004196167,17.5,5747.0
10.460000038146973,17.34000015258789,5748.0
10.399999618530272,17.559999465942383,5749.0
10.699999809265137,17.65999984741211,5750.0
10.520000457763672,17.440000534057617,5751.0
9.859999656677246,17.34000015258789,5752.0
10.479999542236328,17.479999542236328,5753.0
10.600000381469728,17.3799991607666,5754.0
10.079999923706056,17.440000534057617,5755.0
10.520000457763672,17.459999084472656,5756.0
10.079999923706056,17.540000915527344,5757.0
10.399999618530272,17.479999542236328,5758.0
10.5,17.420000076293945,5759.0
10.5600004196167,17.360000610351562,5760.0
10.479999542236328,17.360000610351562,5761.0
10.100000381469728,17.360000610351562,5762.0
10.600000381469728,17.34000015258789,5763.0
10.18000030517578,17.420000076293945,5764.0
10.68000030517578,17.579999923706055,5765.0
10.600000381469728,17.34000015258789,5766.0
10.420000076293944,17.31999969482422,5767.0
10.539999961853027,17.34000015258789,5768.0
10.34000015258789,17.34000015258789,5769.0
10.359999656677246,17.420000076293945,5770.0
10.5600004196167,17.540000915527344,5771.0
10.619999885559082,17.5,5772.0
10.479999542236328,17.479999542236328,5773.0
11.119999885559082,17.3799991607666,5774.0
10.800000190734863,17.34000015258789,5775.0
11.0600004196167,17.3799991607666,5776.0
10.84000015258789,17.5,5777.0
10.81999969482422,17.520000457763672,5778.0
10.68000030517578,17.540000915527344,5779.0
10.600000381469728,17.459999084472656,5780.0
10.460000038146973,17.3799991607666,5781.0
10.4399995803833,17.360000610351562,5782.0
10.600000381469728,17.360000610351562,5783.0
10.34000015258789,17.440000534057617,5784.0
10.399999618530272,17.3799991607666,5785.0
10.0600004196167,17.440000534057617,5786.0
10.100000381469728,17.479999542236328,5787.0
10.979999542236328,17.579999923706055,5788.0
10.399999618530272,17.520000457763672,5789.0
10.520000457763672,17.520000457763672,5790.0
10.479999542236328,17.3799991607666,5791.0
10.140000343322754,17.440000534057617,5792.0
10.18000030517578,17.440000534057617,5793.0
10.0600004196167,17.780000686645508,5794.0
10.399999618530272,17.5,5795.0
10.15999984741211,17.420000076293945,5796.0
10.279999732971191,17.579999923706055,5797.0
8.579999923706055,17.579999923706055,5798.0
10.279999732971191,17.639999389648438,5799.0
10.100000381469728,17.600000381469727,5800.0
10.260000228881836,17.520000457763672,5801.0
10.119999885559082,17.520000457763672,5802.0
10.119999885559082,17.68000030517578,5803.0
10.380000114440918,17.68000030517578,5804.0
10.380000114440918,17.780000686645508,5805.0
10.300000190734863,17.420000076293945,5806.0
10.140000343322754,17.399999618530273,5807.0
10.640000343322754,17.3799991607666,5808.0
10.460000038146973,17.540000915527344,5809.0
10.460000038146973,17.479999542236328,5810.0
10.4399995803833,17.540000915527344,5811.0
10.460000038146973,17.639999389648438,5812.0
10.260000228881836,17.700000762939453,5813.0
10.260000228881836,17.600000381469727,5814.0
8.960000038146973,17.6200008392334,5815.0
9.960000038146973,17.639999389648438,5816.0
11.140000343322754,17.559999465942383,5817.0
11.100000381469728,17.479999542236328,5818.0
10.600000381469728,17.440000534057617,5819.0
9.0600004196167,17.540000915527344,5820.0
10.140000343322754,17.719999313354492,5821.0
10.359999656677246,17.459999084472656,5822.0
10.239999771118164,17.420000076293945,5823.0
10.399999618530272,17.3799991607666,5824.0
10.720000267028809,17.520000457763672,5825.0
10.5600004196167,17.799999237060547,5826.0
10.239999771118164,17.68000030517578,5827.0
10.640000343322754,17.639999389648438,5828.0
11.479999542236328,17.780000686645508,5829.0
10.460000038146973,17.520000457763672,5830.0
10.800000190734863,17.559999465942383,5831.0
10.420000076293944,17.760000228881836,5832.0
10.539999961853027,17.65999984741211,5833.0
10.640000343322754,17.6200008392334,5834.0
10.640000343322754,17.479999542236328,5835.0
10.5600004196167,17.520000457763672,5836.0
10.899999618530272,17.700000762939453,5837.0
10.960000038146973,17.920000076293945,5838.0
11.039999961853027,17.920000076293945,5839.0
10.619999885559082,18.1200008392334,5840.0
10.5,17.81999969482422,5841.0
10.380000114440918,17.959999084472656,5842.0
10.68000030517578,17.739999771118164,5843.0
10.65999984741211,17.700000762939453,5844.0
10.5600004196167,17.959999084472656,5845.0
10.68000030517578,17.760000228881836,5846.0
10.31999969482422,17.639999389648438,5847.0
10.760000228881836,17.579999923706055,5848.0
11.15999984741211,17.479999542236328,5849.0
10.760000228881836,17.540000915527344,5850.0
11.31999969482422,17.600000381469727,5851.0
11.100000381469728,17.639999389648438,5852.0
10.720000267028809,17.739999771118164,5853.0
12.119999885559082,17.799999237060547,5854.0
10.300000190734863,17.520000457763672,5855.0
10.84000015258789,17.719999313354492,5856.0
10.84000015258789,18.1200008392334,5857.0
10.640000343322754,17.860000610351562,5858.0
10.479999542236328,17.579999923706055,5859.0
10.65999984741211,17.579999923706055,5860.0
10.699999809265137,17.6200008392334,5861.0
10.84000015258789,17.68000030517578,5862.0
10.68000030517578,17.520000457763672,5863.0
10.68000030517578,17.600000381469727,5864.0
10.760000228881836,17.479999542236328,5865.0
10.4399995803833,17.600000381469727,5866.0
10.65999984741211,17.600000381469727,5867.0
10.859999656677246,17.739999771118164,5868.0
11.020000457763672,17.920000076293945,5869.0
10.65999984741211,17.68000030517578,5870.0
11.199999809265137,17.600000381469727,5871.0
9.720000267028809,17.6200008392334,5872.0
10.699999809265137,17.34000015258789,5873.0
10.5600004196167,17.600000381469727,5874.0
9.119999885559082,17.440000534057617,5875.0
10.920000076293944,17.479999542236328,5876.0
10.779999732971191,17.600000381469727,5877.0
10.960000038146973,17.639999389648438,5878.0
10.420000076293944,17.65999984741211,5879.0
10.4399995803833,17.34000015258789,5880.0
10.699999809265137,17.639999389648438,5881.0
11.079999923706056,17.639999389648438,5882.0
11.539999961853027,17.6200008392334,5883.0
10.920000076293944,17.579999923706055,5884.0
10.9399995803833,17.559999465942383,5885.0
10.640000343322754,17.600000381469727,5886.0
11.380000114440918,17.65999984741211,5887.0
10.760000228881836,17.65999984741211,5888.0
10.4399995803833,17.540000915527344,5889.0
10.5600004196167,17.540000915527344,5890.0
10.420000076293944,17.520000457763672,5891.0
10.539999961853027,17.579999923706055,5892.0
11.0,17.68000030517578,5893.0
10.539999961853027,17.6200008392334,5894.0
10.079999923706056,17.600000381469727,5895.0
9.979999542236328,17.719999313354492,5896.0
10.239999771118164,17.760000228881836,5897.0
9.859999656677246,17.739999771118164,5898.0
10.0,17.68000030517578,5899.0
10.020000457763672,17.68000030517578,5900.0
10.81999969482422,17.65999984741211,5901.0
10.239999771118164,17.739999771118164,5902.0
10.15999984741211,17.639999389648438,5903.0
10.359999656677246,17.639999389648438,5904.0
10.920000076293944,17.68000030517578,5905.0
10.739999771118164,17.81999969482422,5906.0
11.880000114440918,17.81999969482422,5907.0
10.720000267028809,17.920000076293945,5908.0
10.779999732971191,17.68000030517578,5909.0
10.479999542236328,17.959999084472656,5910.0
11.0,17.84000015258789,5911.0
12.15999984741211,17.68000030517578,5912.0
10.5600004196167,17.8799991607666,5913.0
10.359999656677246,17.760000228881836,5914.0
8.539999961853027,17.540000915527344,5915.0
10.020000457763672,17.479999542236328,5916.0
10.579999923706056,17.479999542236328,5917.0
10.600000381469728,17.739999771118164,5918.0
10.399999618530272,17.760000228881836,5919.0
11.15999984741211,17.700000762939453,5920.0
11.18000030517578,17.899999618530273,5921.0
10.779999732971191,17.65999984741211,5922.0
10.4399995803833,17.639999389648438,5923.0
10.359999656677246,17.700000762939453,5924.0
10.380000114440918,17.579999923706055,5925.0
11.0,17.639999389648438,5926.0
11.0,17.600000381469727,5927.0
10.920000076293944,17.579999923706055,5928.0
10.800000190734863,17.6200008392334,5929.0
10.68000030517578,17.559999465942383,5930.0
10.899999618530272,17.459999084472656,5931.0
10.760000228881836,17.559999465942383,5932.0
10.739999771118164,17.540000915527344,5933.0
10.699999809265137,17.600000381469727,5934.0
10.899999618530272,17.5,5935.0
10.640000343322754,17.479999542236328,5936.0
10.9399995803833,17.540000915527344,5937.0
10.68000030517578,17.459999084472656,5938.0
10.579999923706056,17.540000915527344,5939.0
10.65999984741211,17.420000076293945,5940.0
10.520000457763672,17.360000610351562,5941.0
10.520000457763672,17.520000457763672,5942.0
10.359999656677246,17.639999389648438,5943.0
10.460000038146973,17.600000381469727,5944.0
10.260000228881836,17.399999618530273,5945.0
10.15999984741211,17.5,5946.0
9.779999732971191,17.34000015258789,5947.0
10.34000015258789,17.260000228881836,5948.0
nan,17.479999542236328,5949.0
10.640000343322754,17.3799991607666,5950.0
10.739999771118164,17.360000610351562,5951.0
10.65999984741211,17.5,5952.0
10.579999923706056,17.540000915527344,5953.0
10.5600004196167,17.420000076293945,5954.0
10.600000381469728,17.420000076293945,5955.0
10.760000228881836,17.479999542236328,5956.0
10.479999542236328,17.420000076293945,5957.0
11.300000190734863,17.540000915527344,5958.0
9.260000228881836,17.65999984741211,5959.0
9.880000114440918,17.739999771118164,5960.0
11.100000381469728,17.700000762939453,5961.0
9.199999809265137,17.760000228881836,5962.0
9.119999885559082,17.68000030517578,5963.0
10.65999984741211,17.399999618530273,5964.0
10.4399995803833,17.31999969482422,5965.0
10.479999542236328,17.639999389648438,5966.0
10.619999885559082,17.719999313354492,5967.0
10.260000228881836,18.020000457763672,5968.0
10.640000343322754,17.5,5969.0
10.460000038146973,17.600000381469727,5970.0
10.020000457763672,17.600000381469727,5971.0
10.720000267028809,17.5,5972.0
10.65999984741211,17.5,5973.0
10.800000190734863,17.600000381469727,5974.0
10.81999969482422,17.68000030517578,5975.0
10.739999771118164,17.440000534057617,5976.0
10.579999923706056,17.68000030517578,5977.0
10.260000228881836,17.600000381469727,5978.0
11.260000228881836,17.5,5979.0
11.0600004196167,17.600000381469727,5980.0
10.920000076293944,17.6200008392334,5981.0
10.84000015258789,17.520000457763672,5982.0
10.960000038146973,17.440000534057617,5983.0
9.979999542236328,17.540000915527344,5984.0
10.260000228881836,17.540000915527344,5985.0
10.699999809265137,17.420000076293945,5986.0
10.760000228881836,17.360000610351562,5987.0
10.600000381469728,17.31999969482422,5988.0
10.84000015258789,17.600000381469727,5989.0
nan,17.6200008392334,5990.0
10.479999542236328,17.360000610351562,5991.0
10.199999809265137,17.459999084472656,5992.0
11.640000343322754,17.520000457763672,5993.0
11.4399995803833,17.600000381469727,5994.0
11.199999809265137,17.68000030517578,5995.0
11.239999771118164,17.799999237060547,5996.0
11.140000343322754,17.520000457763672,5997.0
nan,17.31999969482422,5998.0
10.720000267028809,17.579999923706055,5999.0
nan,17.68000030517578,6000.0
10.520000457763672,17.5,6001.0
10.239999771118164,17.420000076293945,6002.0
10.300000190734863,17.5,6003.0
10.5,17.600000381469727,6004.0
10.539999961853027,17.65999984741211,6005.0
10.520000457763672,17.600000381469727,6006.0
10.31999969482422,17.520000457763672,6007.0
10.380000114440918,17.420000076293945,6008.0
10.68000030517578,17.399999618530273,6009.0
10.920000076293944,17.399999618530273,6010.0
11.140000343322754,17.639999389648438,6011.0
10.479999542236328,17.65999984741211,6012.0
9.699999809265137,17.440000534057617,6013.0
10.239999771118164,17.479999542236328,6014.0
10.520000457763672,17.34000015258789,6015.0
10.5600004196167,17.459999084472656,6016.0
10.68000030517578,17.739999771118164,6017.0
10.5600004196167,17.700000762939453,6018.0
11.739999771118164,17.739999771118164,6019.0
10.699999809265137,17.68000030517578,6020.0
10.859999656677246,17.700000762939453,6021.0
10.760000228881836,17.959999084472656,6022.0
10.699999809265137,17.899999618530273,6023.0
10.800000190734863,17.899999618530273,6024.0
10.720000267028809,17.579999923706055,6025.0
10.359999656677246,17.579999923706055,6026.0
10.65999984741211,17.559999465942383,6027.0
10.640000343322754,17.520000457763672,6028.0
10.020000457763672,17.3799991607666,6029.0
10.18000030517578,17.440000534057617,6030.0
10.5,17.579999923706055,6031.0
10.079999923706056,17.5,6032.0
10.640000343322754,17.540000915527344,6033.0
10.600000381469728,17.399999618530273,6034.0
10.359999656677246,17.420000076293945,6035.0
10.520000457763672,17.799999237060547,6036.0
10.380000114440918,17.65999984741211,6037.0
10.220000267028809,17.540000915527344,6038.0
10.800000190734863,17.8799991607666,6039.0
10.720000267028809,17.760000228881836,6040.0
10.760000228881836,17.68000030517578,6041.0
10.479999542236328,17.639999389648438,6042.0
10.600000381469728,17.520000457763672,6043.0
10.720000267028809,17.559999465942383,6044.0
10.68000030517578,17.760000228881836,6045.0
10.460000038146973,17.81999969482422,6046.0
10.699999809265137,17.920000076293945,6047.0
10.420000076293944,17.899999618530273,6048.0
10.399999618530272,17.8799991607666,6049.0
10.15999984741211,17.84000015258789,6050.0
10.600000381469728,17.799999237060547,6051.0
10.800000190734863,18.020000457763672,6052.0
10.68000030517578,17.920000076293945,6053.0
10.640000343322754,17.84000015258789,6054.0
11.020000457763672,17.65999984741211,6055.0
10.899999618530272,17.6200008392334,6056.0
10.520000457763672,17.600000381469727,6057.0
10.640000343322754,17.579999923706055,6058.0
10.520000457763672,17.68000030517578,6059.0
9.800000190734863,17.739999771118164,6060.0
10.800000190734863,17.979999542236328,6061.0
10.84000015258789,17.860000610351562,6062.0
10.279999732971191,17.799999237060547,6063.0
10.640000343322754,17.8799991607666,6064.0
10.600000381469728,17.81999969482422,6065.0
10.279999732971191,17.8799991607666,6066.0
10.539999961853027,17.899999618530273,6067.0
10.619999885559082,17.940000534057617,6068.0
10.84000015258789,18.07999992370605,6069.0
10.380000114440918,17.81999969482422,6070.0
10.68000030517578,17.65999984741211,6071.0
10.020000457763672,17.600000381469727,6072.0
9.9399995803833,17.579999923706055,6073.0
10.739999771118164,17.579999923706055,6074.0
11.100000381469728,17.540000915527344,6075.0
11.260000228881836,17.520000457763672,6076.0
10.699999809265137,17.5,6077.0
10.539999961853027,17.559999465942383,6078.0
10.84000015258789,17.600000381469727,6079.0
11.140000343322754,17.799999237060547,6080.0
10.300000190734863,17.639999389648438,6081.0
10.5600004196167,17.639999389648438,6082.0
10.640000343322754,17.399999618530273,6083.0
10.65999984741211,17.6200008392334,6084.0
10.5,17.65999984741211,6085.0
10.579999923706056,17.700000762939453,6086.0
11.399999618530272,17.639999389648438,6087.0
10.81999969482422,17.559999465942383,6088.0
10.979999542236328,17.68000030517578,6089.0
10.699999809265137,17.579999923706055,6090.0
10.859999656677246,17.739999771118164,6091.0
10.640000343322754,17.600000381469727,6092.0
10.079999923706056,17.6200008392334,6093.0
10.0600004196167,17.34000015258789,6094.0
10.260000228881836,17.540000915527344,6095.0
9.9399995803833,17.139999389648438,6096.0
10.68000030517578,17.579999923706055,6097.0
10.920000076293944,17.600000381469727,6098.0
10.800000190734863,17.700000762939453,6099.0
10.5600004196167,17.600000381469727,6100.0
11.140000343322754,17.600000381469727,6101.0
10.84000015258789,17.6200008392334,6102.0
10.9399995803833,17.600000381469727,6103.0
10.300000190734863,17.639999389648438,6104.0
10.5,17.68000030517578,6105.0
10.5600004196167,17.6200008392334,6106.0
10.84000015258789,17.65999984741211,6107.0
10.539999961853027,17.700000762939453,6108.0
10.81999969482422,17.700000762939453,6109.0
10.880000114440918,17.540000915527344,6110.0
10.899999618530272,17.520000457763672,6111.0
10.81999969482422,17.440000534057617,6112.0
10.579999923706056,17.540000915527344,6113.0
10.5600004196167,17.579999923706055,6114.0
10.479999542236328,17.639999389648438,6115.0
10.84000015258789,17.600000381469727,6116.0
10.399999618530272,17.739999771118164,6117.0
10.600000381469728,17.700000762939453,6118.0
10.460000038146973,17.579999923706055,6119.0
10.399999618530272,17.6200008392334,6120.0
10.4399995803833,17.639999389648438,6121.0
10.220000267028809,17.639999389648438,6122.0
10.920000076293944,17.600000381469727,6123.0
11.18000030517578,17.579999923706055,6124.0
11.220000267028809,17.540000915527344,6125.0
10.5,17.520000457763672,6126.0
10.779999732971191,17.579999923706055,6127.0
10.640000343322754,17.639999389648438,6128.0
10.699999809265137,17.65999984741211,6129.0
10.979999542236328,17.65999984741211,6130.0
10.68000030517578,17.6200008392334,6131.0
10.539999961853027,17.579999923706055,6132.0
10.800000190734863,17.68000030517578,6133.0
10.800000190734863,17.559999465942383,6134.0
10.600000381469728,17.760000228881836,6135.0
10.699999809265137,17.399999618530273,6136.0
10.84000015258789,17.459999084472656,6137.0
10.880000114440918,17.559999465942383,6138.0
10.859999656677246,17.579999923706055,6139.0
10.859999656677246,17.600000381469727,6140.0
10.380000114440918,17.579999923706055,6141.0
10.520000457763672,17.700000762939453,6142.0
10.600000381469728,17.68000030517578,6143.0
10.81999969482422,17.579999923706055,6144.0
10.720000267028809,17.6200008392334,6145.0
10.5600004196167,17.459999084472656,6146.0
10.880000114440918,17.68000030517578,6147.0
10.739999771118164,17.780000686645508,6148.0
10.880000114440918,17.959999084472656,6149.0
10.65999984741211,17.799999237060547,6150.0
10.539999961853027,17.780000686645508,6151.0
9.520000457763672,17.739999771118164,6152.0
10.920000076293944,17.559999465942383,6153.0
10.65999984741211,17.600000381469727,6154.0
10.699999809265137,17.600000381469727,6155.0
10.779999732971191,17.799999237060547,6156.0
10.65999984741211,17.700000762939453,6157.0
10.600000381469728,17.600000381469727,6158.0
10.600000381469728,17.6200008392334,6159.0
10.479999542236328,17.65999984741211,6160.0
10.520000457763672,17.68000030517578,6161.0
10.619999885559082,17.639999389648438,6162.0
10.579999923706056,17.68000030517578,6163.0
11.739999771118164,17.81999969482422,6164.0
10.84000015258789,17.799999237060547,6165.0
10.960000038146973,17.68000030517578,6166.0
10.739999771118164,17.68000030517578,6167.0
11.359999656677246,17.760000228881836,6168.0
10.619999885559082,17.84000015258789,6169.0
10.800000190734863,17.700000762939453,6170.0
10.65999984741211,17.780000686645508,6171.0
10.539999961853027,17.5,6172.0
10.5600004196167,17.65999984741211,6173.0
10.920000076293944,17.739999771118164,6174.0
10.380000114440918,17.600000381469727,6175.0
10.520000457763672,17.639999389648438,6176.0
10.399999618530272,17.639999389648438,6177.0
11.079999923706056,17.700000762939453,6178.0
11.420000076293944,17.760000228881836,6179.0
10.84000015258789,17.860000610351562,6180.0
10.84000015258789,17.860000610351562,6181.0
10.600000381469728,17.899999618530273,6182.0
10.779999732971191,17.579999923706055,6183.0
10.720000267028809,17.65999984741211,6184.0
10.600000381469728,17.81999969482422,6185.0
10.800000190734863,17.799999237060547,6186.0
10.65999984741211,17.739999771118164,6187.0
10.399999618530272,17.8799991607666,6188.0
10.539999961853027,17.760000228881836,6189.0
10.720000267028809,17.639999389648438,6190.0
10.420000076293944,17.579999923706055,6191.0
10.539999961853027,17.68000030517578,6192.0
10.579999923706056,17.600000381469727,6193.0
10.579999923706056,17.600000381469727,6194.0
10.579999923706056,17.719999313354492,6195.0
10.520000457763672,17.600000381469727,6196.0
10.640000343322754,17.639999389648438,6197.0
10.699999809265137,17.68000030517578,6198.0
10.5600004196167,17.579999923706055,6199.0
11.720000267028809,17.760000228881836,6200.0
10.579999923706056,17.65999984741211,6201.0
10.4399995803833,17.739999771118164,6202.0
12.039999961853027,17.68000030517578,6203.0
10.899999618530272,17.719999313354492,6204.0
10.899999618530272,17.700000762939453,6205.0
10.920000076293944,17.799999237060547,6206.0
10.84000015258789,17.860000610351562,6207.0
11.0,17.81999969482422,6208.0
10.699999809265137,17.84000015258789,6209.0
10.640000343322754,17.84000015258789,6210.0
10.760000228881836,17.739999771118164,6211.0
10.199999809265137,17.760000228881836,6212.0
10.600000381469728,17.799999237060547,6213.0
10.600000381469728,18.059999465942383,6214.0
11.18000030517578,17.899999618530273,6215.0
11.039999961853027,17.799999237060547,6216.0
10.899999618530272,17.65999984741211,6217.0
10.800000190734863,17.639999389648438,6218.0
10.739999771118164,17.65999984741211,6219.0
10.720000267028809,17.739999771118164,6220.0
10.68000030517578,17.81999969482422,6221.0
10.760000228881836,17.760000228881836,6222.0
11.4399995803833,17.81999969482422,6223.0
10.920000076293944,18.0,6224.0
10.65999984741211,17.959999084472656,6225.0
10.68000030517578,17.81999969482422,6226.0
10.779999732971191,17.84000015258789,6227.0
10.81999969482422,17.979999542236328,6228.0
10.279999732971191,17.979999542236328,6229.0
10.699999809265137,17.84000015258789,6230.0
9.84000015258789,18.020000457763672,6231.0
10.579999923706056,18.07999992370605,6232.0
12.34000015258789,17.940000534057617,6233.0
11.720000267028809,17.860000610351562,6234.0
10.739999771118164,17.860000610351562,6235.0
12.460000038146973,17.899999618530273,6236.0
10.65999984741211,18.0,6237.0
10.800000190734863,17.959999084472656,6238.0
11.119999885559082,17.799999237060547,6239.0
10.65999984741211,17.760000228881836,6240.0
10.420000076293944,17.719999313354492,6241.0
10.479999542236328,17.68000030517578,6242.0
10.979999542236328,17.639999389648438,6243.0
10.5,17.700000762939453,6244.0
10.479999542236328,17.739999771118164,6245.0
10.779999732971191,17.799999237060547,6246.0
10.800000190734863,18.020000457763672,6247.0
11.239999771118164,18.0,6248.0
9.100000381469728,17.899999618530273,6249.0
10.800000190734863,17.860000610351562,6250.0
10.979999542236328,17.81999969482422,6251.0
10.039999961853027,17.81999969482422,6252.0
11.119999885559082,17.959999084472656,6253.0
10.600000381469728,17.81999969482422,6254.0
11.0600004196167,17.899999618530273,6255.0
10.779999732971191,17.719999313354492,6256.0
11.420000076293944,17.760000228881836,6257.0
11.0,17.700000762939453,6258.0
9.9399995803833,17.760000228881836,6259.0
10.65999984741211,17.899999618530273,6260.0
12.220000267028809,17.780000686645508,6261.0
11.0600004196167,17.799999237060547,6262.0
10.579999923706056,17.8799991607666,6263.0
10.619999885559082,17.860000610351562,6264.0
11.239999771118164,17.739999771118164,6265.0
11.100000381469728,17.940000534057617,6266.0
10.68000030517578,17.959999084472656,6267.0
10.979999542236328,17.899999618530273,6268.0
11.34000015258789,17.81999969482422,6269.0
11.100000381469728,17.8799991607666,6270.0
10.899999618530272,17.860000610351562,6271.0
10.720000267028809,17.899999618530273,6272.0
10.5600004196167,17.760000228881836,6273.0
10.699999809265137,17.84000015258789,6274.0
10.720000267028809,17.81999969482422,6275.0
10.779999732971191,17.68000030517578,6276.0
10.739999771118164,17.65999984741211,6277.0
10.640000343322754,17.760000228881836,6278.0
10.399999618530272,17.979999542236328,6279.0
10.479999542236328,17.899999618530273,6280.0
10.279999732971191,17.8799991607666,6281.0
10.65999984741211,17.959999084472656,6282.0
11.18000030517578,17.940000534057617,6283.0
10.699999809265137,17.799999237060547,6284.0
10.9399995803833,17.639999389648438,6285.0
10.880000114440918,17.579999923706055,6286.0
11.0600004196167,17.700000762939453,6287.0
10.699999809265137,17.780000686645508,6288.0
10.579999923706056,17.860000610351562,6289.0
10.460000038146973,18.059999465942383,6290.0
10.699999809265137,18.059999465942383,6291.0
10.779999732971191,18.020000457763672,6292.0
10.760000228881836,18.21999931335449,6293.0
10.600000381469728,18.100000381469727,6294.0
10.800000190734863,17.899999618530273,6295.0
10.579999923706056,18.040000915527344,6296.0
10.979999542236328,18.100000381469727,6297.0
10.100000381469728,18.15999984741211,6298.0
11.18000030517578,17.959999084472656,6299.0
10.039999961853027,17.979999542236328,6300.0
11.380000114440918,17.639999389648438,6301.0
10.479999542236328,17.600000381469727,6302.0
11.600000381469728,17.799999237060547,6303.0
10.960000038146973,17.920000076293945,6304.0
10.899999618530272,18.26000022888184,6305.0
10.81999969482422,18.15999984741211,6306.0
10.960000038146973,18.1200008392334,6307.0
10.699999809265137,18.13999938964844,6308.0
10.579999923706056,18.07999992370605,6309.0
10.420000076293944,18.0,6310.0
10.65999984741211,18.020000457763672,6311.0
10.699999809265137,17.899999618530273,6312.0
10.739999771118164,17.940000534057617,6313.0
10.699999809265137,18.1200008392334,6314.0
10.579999923706056,17.979999542236328,6315.0
10.5600004196167,17.739999771118164,6316.0
10.220000267028809,17.700000762939453,6317.0
8.5,17.700000762939453,6318.0
10.899999618530272,17.760000228881836,6319.0
10.079999923706056,17.700000762939453,6320.0
10.859999656677246,17.860000610351562,6321.0
9.520000457763672,18.18000030517578,6322.0
10.4399995803833,18.200000762939453,6323.0
10.399999618530272,17.84000015258789,6324.0
10.15999984741211,17.780000686645508,6325.0
13.520000457763672,17.920000076293945,6326.0
nan,17.780000686645508,6327.0
9.420000076293944,17.860000610351562,6328.0
11.220000267028809,17.799999237060547,6329.0
9.859999656677246,17.81999969482422,6330.0
11.0600004196167,17.899999618530273,6331.0
11.220000267028809,17.959999084472656,6332.0
11.34000015258789,18.1200008392334,6333.0
10.979999542236328,18.15999984741211,6334.0
10.5,18.059999465942383,6335.0
11.34000015258789,18.0,6336.0
11.460000038146973,18.100000381469727,6337.0
11.579999923706056,17.899999618530273,6338.0
11.619999885559082,17.860000610351562,6339.0
11.65999984741211,17.899999618530273,6340.0
11.619999885559082,17.860000610351562,6341.0
11.0600004196167,17.940000534057617,6342.0
10.600000381469728,18.299999237060547,6343.0
12.18000030517578,19.0,6344.0
8.779999732971191,18.34000015258789,6345.0
11.100000381469728,17.899999618530273,6346.0
11.079999923706056,18.13999938964844,6347.0
9.68000030517578,18.100000381469727,6348.0
9.899999618530272,18.239999771118164,6349.0
10.359999656677246,18.18000030517578,6350.0
9.84000015258789,18.1200008392334,6351.0
10.0,18.059999465942383,6352.0
10.760000228881836,18.020000457763672,6353.0
10.699999809265137,17.979999542236328,6354.0
9.81999969482422,18.020000457763672,6355.0
10.739999771118164,17.84000015258789,6356.0
11.039999961853027,17.940000534057617,6357.0
10.579999923706056,18.040000915527344,6358.0
10.619999885559082,18.1200008392334,6359.0
11.140000343322754,18.1200008392334,6360.0
10.479999542236328,18.020000457763672,6361.0
11.300000190734863,17.579999923706055,6362.0
10.960000038146973,17.799999237060547,6363.0
10.920000076293944,17.780000686645508,6364.0
11.4399995803833,17.639999389648438,6365.0
10.899999618530272,17.860000610351562,6366.0
10.779999732971191,17.739999771118164,6367.0
10.760000228881836,17.700000762939453,6368.0
10.5,17.65999984741211,6369.0
10.65999984741211,17.700000762939453,6370.0
11.020000457763672,17.760000228881836,6371.0
9.539999961853027,18.15999984741211,6372.0
10.420000076293944,18.059999465942383,6373.0
10.0,18.040000915527344,6374.0
11.520000457763672,18.07999992370605,6375.0
10.619999885559082,18.020000457763672,6376.0
10.4399995803833,17.920000076293945,6377.0
11.0,17.860000610351562,6378.0
11.119999885559082,17.81999969482422,6379.0
10.9399995803833,17.81999969482422,6380.0
11.140000343322754,17.979999542236328,6381.0
11.0,18.07999992370605,6382.0
10.979999542236328,18.059999465942383,6383.0
10.899999618530272,17.920000076293945,6384.0
nan,17.899999618530273,6385.0
nan,17.979999542236328,6386.0
10.4399995803833,17.899999618530273,6387.0
10.800000190734863,17.959999084472656,6388.0
10.739999771118164,18.0,6389.0
10.640000343322754,18.0,6390.0
10.81999969482422,17.959999084472656,6391.0
10.899999618530272,17.979999542236328,6392.0
10.5,18.059999465942383,6393.0
11.079999923706056,18.100000381469727,6394.0
10.760000228881836,18.040000915527344,6395.0
11.079999923706056,17.780000686645508,6396.0
9.9399995803833,18.57999992370605,6397.0
9.140000343322754,17.520000457763672,6398.0
10.579999923706056,17.520000457763672,6399.0
nan,17.700000762939453,6400.0
10.800000190734863,17.959999084472656,6401.0
10.720000267028809,17.799999237060547,6402.0
10.640000343322754,17.799999237060547,6403.0
10.600000381469728,17.700000762939453,6404.0
10.520000457763672,17.739999771118164,6405.0
10.539999961853027,17.780000686645508,6406.0
10.720000267028809,17.84000015258789,6407.0
10.979999542236328,17.81999969482422,6408.0
10.68000030517578,17.65999984741211,6409.0
10.5600004196167,17.700000762939453,6410.0
11.640000343322754,17.84000015258789,6411.0
10.520000457763672,17.899999618530273,6412.0
10.65999984741211,17.8799991607666,6413.0
11.359999656677246,18.059999465942383,6414.0
10.640000343322754,18.020000457763672,6415.0
10.4399995803833,17.760000228881836,6416.0
10.720000267028809,17.81999969482422,6417.0
10.84000015258789,17.940000534057617,6418.0
10.920000076293944,18.020000457763672,6419.0
10.960000038146973,18.1200008392334,6420.0
10.760000228881836,18.21999931335449,6421.0
10.880000114440918,18.520000457763672,6422.0
10.760000228881836,18.100000381469727,6423.0
10.84000015258789,18.059999465942383,6424.0
10.68000030517578,18.020000457763672,6425.0
10.920000076293944,17.84000015258789,6426.0
10.84000015258789,17.84000015258789,6427.0
10.739999771118164,17.799999237060547,6428.0
10.760000228881836,17.799999237060547,6429.0
10.720000267028809,17.860000610351562,6430.0
11.020000457763672,17.899999618530273,6431.0
10.0600004196167,17.920000076293945,6432.0
8.819999694824219,17.8799991607666,6433.0
11.4399995803833,17.8799991607666,6434.0
10.4399995803833,17.899999618530273,6435.0
10.979999542236328,18.0,6436.0
11.0,18.07999992370605,6437.0
11.380000114440918,17.920000076293945,6438.0
10.739999771118164,17.81999969482422,6439.0
10.579999923706056,17.899999618530273,6440.0
10.600000381469728,17.81999969482422,6441.0
10.81999969482422,17.760000228881836,6442.0
10.479999542236328,17.760000228881836,6443.0
10.84000015258789,17.719999313354492,6444.0
10.460000038146973,17.799999237060547,6445.0
10.760000228881836,17.8799991607666,6446.0
10.699999809265137,17.920000076293945,6447.0
10.779999732971191,17.84000015258789,6448.0
10.579999923706056,17.860000610351562,6449.0
10.579999923706056,17.719999313354492,6450.0
10.65999984741211,17.860000610351562,6451.0
10.699999809265137,17.860000610351562,6452.0
9.539999961853027,17.739999771118164,6453.0
10.460000038146973,17.760000228881836,6454.0
10.4399995803833,17.719999313354492,6455.0
10.479999542236328,17.860000610351562,6456.0
10.600000381469728,17.959999084472656,6457.0
10.460000038146973,17.739999771118164,6458.0
10.520000457763672,17.760000228881836,6459.0
10.5,17.979999542236328,6460.0
10.600000381469728,17.899999618530273,6461.0
11.100000381469728,17.899999618530273,6462.0
10.739999771118164,17.8799991607666,6463.0
10.68000030517578,17.899999618530273,6464.0
10.539999961853027,17.940000534057617,6465.0
10.4399995803833,17.920000076293945,6466.0
10.619999885559082,18.020000457763672,6467.0
10.65999984741211,17.899999618530273,6468.0
9.300000190734863,17.739999771118164,6469.0
10.479999542236328,17.760000228881836,6470.0
9.619999885559082,17.84000015258789,6471.0
10.520000457763672,17.8799991607666,6472.0
10.779999732971191,17.920000076293945,6473.0
10.699999809265137,17.920000076293945,6474.0
10.420000076293944,17.8799991607666,6475.0
10.579999923706056,17.860000610351562,6476.0
10.520000457763672,17.81999969482422,6477.0
10.699999809265137,17.81999969482422,6478.0
10.699999809265137,17.799999237060547,6479.0
10.279999732971191,17.739999771118164,6480.0
10.279999732971191,17.700000762939453,6481.0
10.100000381469728,17.780000686645508,6482.0
10.279999732971191,17.940000534057617,6483.0
9.81999969482422,17.899999618530273,6484.0
10.479999542236328,17.799999237060547,6485.0
10.539999961853027,17.780000686645508,6486.0
10.220000267028809,17.719999313354492,6487.0
10.579999923706056,17.81999969482422,6488.0
10.699999809265137,18.1200008392334,6489.0
10.579999923706056,17.68000030517578,6490.0
10.619999885559082,17.700000762939453,6491.0
10.300000190734863,17.760000228881836,6492.0
10.720000267028809,17.700000762939453,6493.0
10.5,17.700000762939453,6494.0
9.81999969482422,17.780000686645508,6495.0
10.399999618530272,18.020000457763672,6496.0
10.9399995803833,18.020000457763672,6497.0
11.0600004196167,17.899999618530273,6498.0
10.5,17.8799991607666,6499.0
10.619999885559082,17.860000610351562,6500.0
10.739999771118164,17.920000076293945,6501.0
10.800000190734863,17.860000610351562,6502.0
10.520000457763672,17.860000610351562,6503.0
10.65999984741211,17.920000076293945,6504.0
10.5600004196167,17.959999084472656,6505.0
10.600000381469728,17.860000610351562,6506.0
10.520000457763672,17.81999969482422,6507.0
10.619999885559082,17.8799991607666,6508.0
10.699999809265137,17.700000762939453,6509.0
10.720000267028809,17.799999237060547,6510.0
10.359999656677246,17.739999771118164,6511.0
10.579999923706056,17.700000762939453,6512.0
10.260000228881836,17.639999389648438,6513.0
10.640000343322754,17.579999923706055,6514.0
10.920000076293944,17.639999389648438,6515.0
10.380000114440918,17.780000686645508,6516.0
10.800000190734863,17.780000686645508,6517.0
10.720000267028809,17.780000686645508,6518.0
10.579999923706056,17.899999618530273,6519.0
10.479999542236328,17.8799991607666,6520.0
9.220000267028809,17.799999237060547,6521.0
10.5600004196167,17.700000762939453,6522.0
10.039999961853027,17.81999969482422,6523.0
10.800000190734863,17.81999969482422,6524.0
10.800000190734863,17.860000610351562,6525.0
10.699999809265137,17.899999618530273,6526.0
10.68000030517578,17.8799991607666,6527.0
10.880000114440918,17.760000228881836,6528.0
10.699999809265137,17.799999237060547,6529.0
10.760000228881836,18.1200008392334,6530.0
10.5600004196167,17.84000015258789,6531.0
10.739999771118164,17.84000015258789,6532.0
10.720000267028809,17.65999984741211,6533.0
10.5600004196167,17.780000686645508,6534.0
10.760000228881836,17.65999984741211,6535.0
10.520000457763672,17.68000030517578,6536.0
9.399999618530272,17.780000686645508,6537.0
10.619999885559082,17.899999618530273,6538.0
10.720000267028809,17.799999237060547,6539.0
10.640000343322754,17.899999618530273,6540.0
9.4399995803833,17.959999084472656,6541.0
10.579999923706056,17.84000015258789,6542.0
10.739999771118164,17.760000228881836,6543.0
10.720000267028809,17.940000534057617,6544.0
10.760000228881836,17.81999969482422,6545.0
10.539999961853027,17.760000228881836,6546.0
10.579999923706056,18.07999992370605,6547.0
10.65999984741211,18.07999992370605,6548.0
9.100000381469728,17.940000534057617,6549.0
10.699999809265137,17.959999084472656,6550.0
10.31999969482422,17.739999771118164,6551.0
10.899999618530272,17.899999618530273,6552.0
10.68000030517578,18.040000915527344,6553.0
10.619999885559082,17.860000610351562,6554.0
10.739999771118164,17.920000076293945,6555.0
10.800000190734863,17.760000228881836,6556.0
10.699999809265137,17.860000610351562,6557.0
10.579999923706056,17.81999969482422,6558.0
10.539999961853027,17.84000015258789,6559.0
10.479999542236328,17.780000686645508,6560.0
10.260000228881836,17.760000228881836,6561.0
8.979999542236328,17.68000030517578,6562.0
10.779999732971191,17.780000686645508,6563.0
10.699999809265137,17.639999389648438,6564.0
10.779999732971191,17.81999969482422,6565.0
11.140000343322754,17.739999771118164,6566.0
10.619999885559082,17.920000076293945,6567.0
10.520000457763672,17.799999237060547,6568.0
9.300000190734863,17.860000610351562,6569.0
nan,17.84000015258789,6570.0
10.739999771118164,17.81999969482422,6571.0
9.699999809265137,17.84000015258789,6572.0
10.739999771118164,17.700000762939453,6573.0
10.739999771118164,17.780000686645508,6574.0
10.81999969482422,17.68000030517578,6575.0
10.5600004196167,17.8799991607666,6576.0
10.800000190734863,17.84000015258789,6577.0
nan,17.81999969482422,6578.0
9.9399995803833,17.799999237060547,6579.0
9.140000343322754,17.739999771118164,6580.0
10.359999656677246,17.719999313354492,6581.0
10.18000030517578,17.760000228881836,6582.0
10.520000457763672,17.81999969482422,6583.0
10.420000076293944,17.780000686645508,6584.0
10.920000076293944,17.780000686645508,6585.0
10.68000030517578,17.719999313354492,6586.0
10.479999542236328,17.940000534057617,6587.0
11.18000030517578,17.920000076293945,6588.0
11.119999885559082,18.200000762939453,6589.0
10.479999542236328,18.18000030517578,6590.0
10.760000228881836,17.860000610351562,6591.0
10.920000076293944,17.799999237060547,6592.0
10.65999984741211,17.799999237060547,6593.0
10.579999923706056,17.68000030517578,6594.0
10.81999969482422,17.68000030517578,6595.0
10.579999923706056,17.799999237060547,6596.0
10.359999656677246,17.65999984741211,6597.0
10.5600004196167,17.700000762939453,6598.0
10.579999923706056,17.6200008392334,6599.0
10.579999923706056,17.639999389648438,6600.0
10.539999961853027,17.719999313354492,6601.0
10.34000015258789,17.81999969482422,6602.0
10.640000343322754,18.13999938964844,6603.0
10.739999771118164,18.15999984741211,6604.0
10.800000190734863,18.15999984741211,6605.0
10.65999984741211,18.15999984741211,6606.0
10.279999732971191,17.81999969482422,6607.0
10.579999923706056,17.799999237060547,6608.0
9.0,17.8799991607666,6609.0
13.539999961853027,17.940000534057617,6610.0
10.979999542236328,17.84000015258789,6611.0
10.359999656677246,17.8799991607666,6612.0
10.920000076293944,17.920000076293945,6613.0
10.739999771118164,17.639999389648438,6614.0
11.100000381469728,17.899999618530273,6615.0
10.899999618530272,17.959999084472656,6616.0
nan,17.81999969482422,6617.0
10.81999969482422,17.860000610351562,6618.0
10.979999542236328,17.899999618530273,6619.0
10.960000038146973,17.81999969482422,6620.0
10.539999961853027,17.780000686645508,6621.0
10.579999923706056,17.899999618530273,6622.0
10.81999969482422,17.84000015258789,6623.0
10.899999618530272,17.899999618530273,6624.0
9.920000076293944,17.719999313354492,6625.0
11.039999961853027,17.81999969482422,6626.0
9.960000038146973,17.760000228881836,6627.0
10.720000267028809,17.700000762939453,6628.0
10.0600004196167,17.940000534057617,6629.0
10.5,17.81999969482422,6630.0
9.31999969482422,17.920000076293945,6631.0
10.84000015258789,18.21999931335449,6632.0
10.84000015258789,18.13999938964844,6633.0
10.899999618530272,18.07999992370605,6634.0
10.699999809265137,17.920000076293945,6635.0
10.81999969482422,17.860000610351562,6636.0
10.5,17.639999389648438,6637.0
10.199999809265137,17.799999237060547,6638.0
10.65999984741211,17.84000015258789,6639.0
10.859999656677246,17.860000610351562,6640.0
10.880000114440918,17.959999084472656,6641.0
8.979999542236328,17.979999542236328,6642.0
10.65999984741211,17.84000015258789,6643.0
10.9399995803833,17.920000076293945,6644.0
10.960000038146973,17.760000228881836,6645.0
10.920000076293944,17.700000762939453,6646.0
10.239999771118164,17.760000228881836,6647.0
10.579999923706056,17.65999984741211,6648.0
10.380000114440918,17.700000762939453,6649.0
10.699999809265137,17.739999771118164,6650.0
10.239999771118164,17.65999984741211,6651.0
9.779999732971191,17.700000762939453,6652.0
10.84000015258789,17.739999771118164,6653.0
10.399999618530272,17.760000228881836,6654.0
10.65999984741211,17.84000015258789,6655.0
10.899999618530272,17.700000762939453,6656.0
11.039999961853027,17.81999969482422,6657.0
11.0600004196167,17.739999771118164,6658.0
10.579999923706056,17.600000381469727,6659.0
10.300000190734863,17.639999389648438,6660.0
10.640000343322754,17.520000457763672,6661.0
10.960000038146973,17.5,6662.0
10.859999656677246,17.639999389648438,6663.0
10.880000114440918,17.700000762939453,6664.0
10.779999732971191,17.84000015258789,6665.0
10.739999771118164,17.81999969482422,6666.0
10.579999923706056,17.760000228881836,6667.0
10.65999984741211,17.780000686645508,6668.0
10.380000114440918,17.719999313354492,6669.0
10.579999923706056,17.639999389648438,6670.0
10.65999984741211,17.65999984741211,6671.0
10.300000190734863,17.700000762939453,6672.0
11.15999984741211,17.760000228881836,6673.0
10.899999618530272,17.760000228881836,6674.0
11.279999732971191,17.979999542236328,6675.0
10.81999969482422,17.639999389648438,6676.0
10.81999969482422,17.68000030517578,6677.0
10.100000381469728,17.579999923706055,6678.0
9.859999656677246,17.639999389648438,6679.0
10.300000190734863,17.799999237060547,6680.0
10.380000114440918,17.700000762939453,6681.0
10.260000228881836,17.600000381469727,6682.0
10.520000457763672,17.579999923706055,6683.0
10.699999809265137,17.579999923706055,6684.0
10.34000015258789,17.559999465942383,6685.0
10.119999885559082,17.600000381469727,6686.0
10.539999961853027,17.579999923706055,6687.0
10.65999984741211,17.68000030517578,6688.0
10.0,17.739999771118164,6689.0
10.100000381469728,17.739999771118164,6690.0
10.979999542236328,17.860000610351562,6691.0
11.0600004196167,17.81999969482422,6692.0
11.079999923706056,17.81999969482422,6693.0
11.479999542236328,18.100000381469727,6694.0
11.479999542236328,17.799999237060547,6695.0
10.920000076293944,17.6200008392334,6696.0
9.880000114440918,17.799999237060547,6697.0
10.34000015258789,17.639999389648438,6698.0
10.31999969482422,17.760000228881836,6699.0
10.520000457763672,17.6200008392334,6700.0
10.4399995803833,17.700000762939453,6701.0
10.760000228881836,17.65999984741211,6702.0
10.460000038146973,17.799999237060547,6703.0
10.460000038146973,17.65999984741211,6704.0
10.68000030517578,17.579999923706055,6705.0
11.0,17.639999389648438,6706.0
10.760000228881836,17.68000030517578,6707.0
10.600000381469728,17.540000915527344,6708.0
10.539999961853027,17.760000228881836,6709.0
10.579999923706056,17.760000228881836,6710.0
10.600000381469728,17.760000228881836,6711.0
10.31999969482422,17.700000762939453,6712.0
10.34000015258789,17.68000030517578,6713.0
10.640000343322754,17.739999771118164,6714.0
10.5600004196167,17.81999969482422,6715.0
10.65999984741211,17.65999984741211,6716.0
10.739999771118164,17.639999389648438,6717.0
10.520000457763672,17.65999984741211,6718.0
10.68000030517578,17.68000030517578,6719.0
9.979999542236328,17.65999984741211,6720.0
10.81999969482422,17.739999771118164,6721.0
8.880000114440918,17.719999313354492,6722.0
10.65999984741211,17.84000015258789,6723.0
10.899999618530272,17.920000076293945,6724.0
9.300000190734863,17.780000686645508,6725.0
nan,17.8799991607666,6726.0
10.960000038146973,17.760000228881836,6727.0
10.880000114440918,17.760000228881836,6728.0
10.960000038146973,17.760000228881836,6729.0
10.84000015258789,17.84000015258789,6730.0
10.65999984741211,17.81999969482422,6731.0
10.859999656677246,17.799999237060547,6732.0
10.5600004196167,17.760000228881836,6733.0
10.600000381469728,17.780000686645508,6734.0
10.81999969482422,17.760000228881836,6735.0
10.739999771118164,17.780000686645508,6736.0
10.720000267028809,17.760000228881836,6737.0
10.520000457763672,17.760000228881836,6738.0
10.640000343322754,17.639999389648438,6739.0
10.65999984741211,17.81999969482422,6740.0
10.399999618530272,17.979999542236328,6741.0
10.380000114440918,18.059999465942383,6742.0
10.4399995803833,18.07999992370605,6743.0
10.539999961853027,17.84000015258789,6744.0
10.68000030517578,17.81999969482422,6745.0
8.680000305175781,17.860000610351562,6746.0
10.640000343322754,17.899999618530273,6747.0
10.640000343322754,17.899999618530273,6748.0
11.279999732971191,17.899999618530273,6749.0
10.800000190734863,17.8799991607666,6750.0
10.859999656677246,17.8799991607666,6751.0
10.600000381469728,17.799999237060547,6752.0
10.640000343322754,17.84000015258789,6753.0
10.4399995803833,17.899999618530273,6754.0
10.420000076293944,17.940000534057617,6755.0
10.640000343322754,18.13999938964844,6756.0
10.4399995803833,17.979999542236328,6757.0
10.640000343322754,17.899999618530273,6758.0
10.640000343322754,17.899999618530273,6759.0
10.600000381469728,17.899999618530273,6760.0
10.720000267028809,17.959999084472656,6761.0
10.359999656677246,17.81999969482422,6762.0
10.5,17.799999237060547,6763.0
10.640000343322754,17.81999969482422,6764.0
10.739999771118164,17.860000610351562,6765.0
10.760000228881836,17.81999969482422,6766.0
10.699999809265137,17.739999771118164,6767.0
10.34000015258789,17.780000686645508,6768.0
10.640000343322754,17.739999771118164,6769.0
10.119999885559082,17.68000030517578,6770.0
10.5600004196167,17.81999969482422,6771.0
10.68000030517578,17.799999237060547,6772.0
10.520000457763672,17.780000686645508,6773.0
10.520000457763672,17.799999237060547,6774.0
10.579999923706056,17.760000228881836,6775.0
10.699999809265137,17.780000686645508,6776.0
10.760000228881836,17.799999237060547,6777.0
10.800000190734863,17.81999969482422,6778.0
10.859999656677246,17.860000610351562,6779.0
9.859999656677246,17.84000015258789,6780.0
10.640000343322754,17.860000610351562,6781.0
10.479999542236328,17.8799991607666,6782.0
11.0600004196167,17.8799991607666,6783.0
10.65999984741211,17.8799991607666,6784.0
10.220000267028809,17.920000076293945,6785.0
10.279999732971191,17.899999618530273,6786.0
10.479999542236328,17.920000076293945,6787.0
10.619999885559082,17.920000076293945,6788.0
10.65999984741211,17.959999084472656,6789.0
10.5,17.899999618530273,6790.0
10.140000343322754,17.860000610351562,6791.0
10.199999809265137,17.959999084472656,6792.0
10.68000030517578,17.899999618530273,6793.0
9.5,18.13999938964844,6794.0
10.68000030517578,17.84000015258789,6795.0
10.579999923706056,17.760000228881836,6796.0
10.68000030517578,17.799999237060547,6797.0
10.699999809265137,17.780000686645508,6798.0
10.539999961853027,17.8799991607666,6799.0
10.640000343322754,17.860000610351562,6800.0
10.640000343322754,17.8799991607666,6801.0
10.479999542236328,17.899999618530273,6802.0
10.359999656677246,17.899999618530273,6803.0
nan,17.8799991607666,6804.0
10.68000030517578,17.899999618530273,6805.0
10.479999542236328,17.860000610351562,6806.0
10.399999618530272,17.899999618530273,6807.0
10.640000343322754,17.799999237060547,6808.0
11.399999618530272,17.780000686645508,6809.0
10.579999923706056,17.780000686645508,6810.0
10.880000114440918,17.68000030517578,6811.0
10.600000381469728,17.760000228881836,6812.0
10.34000015258789,17.780000686645508,6813.0
10.520000457763672,17.760000228881836,6814.0
10.739999771118164,17.81999969482422,6815.0
10.199999809265137,17.760000228881836,6816.0
nan,17.799999237060547,6817.0
10.81999969482422,17.860000610351562,6818.0
nan,17.81999969482422,6819.0
10.800000190734863,17.780000686645508,6820.0
10.779999732971191,17.760000228881836,6821.0
10.640000343322754,17.799999237060547,6822.0
10.520000457763672,17.780000686645508,6823.0
10.65999984741211,17.799999237060547,6824.0
10.34000015258789,17.639999389648438,6825.0
nan,17.719999313354492,6826.0
10.960000038146973,17.579999923706055,6827.0
10.720000267028809,17.65999984741211,6828.0
9.619999885559082,17.84000015258789,6829.0
10.539999961853027,17.84000015258789,6830.0
10.68000030517578,17.84000015258789,6831.0
10.81999969482422,17.799999237060547,6832.0
10.220000267028809,17.799999237060547,6833.0
10.020000457763672,17.799999237060547,6834.0
9.5600004196167,17.860000610351562,6835.0
nan,17.8799991607666,6836.0
10.579999923706056,17.719999313354492,6837.0
10.520000457763672,17.860000610351562,6838.0
10.619999885559082,17.940000534057617,6839.0
10.859999656677246,18.0,6840.0
10.84000015258789,17.959999084472656,6841.0
10.779999732971191,17.860000610351562,6842.0
10.779999732971191,17.920000076293945,6843.0
10.899999618530272,17.920000076293945,6844.0
10.920000076293944,17.959999084472656,6845.0
10.859999656677246,18.100000381469727,6846.0
10.979999542236328,18.15999984741211,6847.0
10.779999732971191,18.07999992370605,6848.0
10.960000038146973,18.200000762939453,6849.0
11.039999961853027,18.0,6850.0
10.920000076293944,17.979999542236328,6851.0
10.539999961853027,17.860000610351562,6852.0
10.800000190734863,17.8799991607666,6853.0
10.81999969482422,17.84000015258789,6854.0
10.81999969482422,17.899999618530273,6855.0
10.65999984741211,17.84000015258789,6856.0
nan,17.899999618530273,6857.0
10.600000381469728,17.920000076293945,6858.0
10.600000381469728,17.84000015258789,6859.0
10.5600004196167,17.959999084472656,6860.0
10.579999923706056,17.860000610351562,6861.0
10.640000343322754,17.81999969482422,6862.0
10.479999542236328,17.760000228881836,6863.0
10.760000228881836,17.780000686645508,6864.0
10.979999542236328,17.899999618530273,6865.0
10.880000114440918,18.299999237060547,6866.0
10.739999771118164,17.81999969482422,6867.0
10.640000343322754,18.059999465942383,6868.0
10.539999961853027,17.959999084472656,6869.0
10.760000228881836,18.020000457763672,6870.0
10.880000114440918,18.21999931335449,6871.0
10.5600004196167,18.0,6872.0
10.699999809265137,17.959999084472656,6873.0
11.0,17.81999969482422,6874.0
10.720000267028809,17.959999084472656,6875.0
10.65999984741211,18.0,6876.0
10.619999885559082,17.920000076293945,6877.0
10.760000228881836,17.940000534057617,6878.0
10.479999542236328,17.8799991607666,6879.0
10.479999542236328,17.860000610351562,6880.0
10.800000190734863,18.100000381469727,6881.0
10.800000190734863,18.0,6882.0
9.539999961853027,18.059999465942383,6883.0
10.600000381469728,17.84000015258789,6884.0
nan,18.26000022888184,6885.0
10.420000076293944,18.21999931335449,6886.0
10.600000381469728,18.059999465942383,6887.0
10.779999732971191,18.0,6888.0
10.619999885559082,18.13999938964844,6889.0
10.81999969482422,17.959999084472656,6890.0
10.5600004196167,17.920000076293945,6891.0
10.520000457763672,17.940000534057617,6892.0
10.460000038146973,17.8799991607666,6893.0
10.760000228881836,17.780000686645508,6894.0
10.4399995803833,17.920000076293945,6895.0
10.640000343322754,18.020000457763672,6896.0
10.699999809265137,17.979999542236328,6897.0
10.84000015258789,18.239999771118164,6898.0
10.84000015258789,18.100000381469727,6899.0
10.380000114440918,18.020000457763672,6900.0
10.479999542236328,18.020000457763672,6901.0
10.600000381469728,18.13999938964844,6902.0
10.539999961853027,18.1200008392334,6903.0
10.84000015258789,18.059999465942383,6904.0
10.880000114440918,17.979999542236328,6905.0
10.800000190734863,17.81999969482422,6906.0
10.84000015258789,18.040000915527344,6907.0
10.859999656677246,17.940000534057617,6908.0
10.699999809265137,17.979999542236328,6909.0
10.9399995803833,18.07999992370605,6910.0
10.81999969482422,18.059999465942383,6911.0
10.420000076293944,18.020000457763672,6912.0
10.68000030517578,17.959999084472656,6913.0
8.819999694824219,17.799999237060547,6914.0
10.239999771118164,17.979999542236328,6915.0
10.81999969482422,17.959999084472656,6916.0
10.600000381469728,17.860000610351562,6917.0
10.800000190734863,18.0,6918.0
10.81999969482422,18.040000915527344,6919.0
10.979999542236328,18.040000915527344,6920.0
10.739999771118164,17.940000534057617,6921.0
10.420000076293944,17.920000076293945,6922.0
nan,18.020000457763672,6923.0
nan,17.940000534057617,6924.0
10.279999732971191,18.07999992370605,6925.0
8.920000076293945,18.239999771118164,6926.0
9.920000076293944,18.36000061035156,6927.0
10.640000343322754,17.959999084472656,6928.0
10.739999771118164,18.0,6929.0
10.68000030517578,18.020000457763672,6930.0
10.399999618530272,17.940000534057617,6931.0
10.699999809265137,18.100000381469727,6932.0
10.84000015258789,18.07999992370605,6933.0
10.81999969482422,17.920000076293945,6934.0
10.800000190734863,17.920000076293945,6935.0
10.720000267028809,17.860000610351562,6936.0
nan,17.920000076293945,6937.0
10.4399995803833,18.0,6938.0
10.720000267028809,18.0,6939.0
10.34000015258789,18.1200008392334,6940.0
nan,18.26000022888184,6941.0
10.600000381469728,18.059999465942383,6942.0
10.5,18.0,6943.0
10.5600004196167,18.059999465942383,6944.0
10.65999984741211,17.959999084472656,6945.0
10.800000190734863,17.899999618530273,6946.0
10.520000457763672,17.920000076293945,6947.0
10.760000228881836,17.81999969482422,6948.0
10.300000190734863,17.84000015258789,6949.0
10.619999885559082,17.940000534057617,6950.0
10.220000267028809,17.959999084472656,6951.0
11.720000267028809,18.020000457763672,6952.0
12.220000267028809,18.07999992370605,6953.0
11.079999923706056,18.059999465942383,6954.0
11.619999885559082,18.059999465942383,6955.0
10.260000228881836,18.13999938964844,6956.0
10.4399995803833,18.15999984741211,6957.0
10.539999961853027,18.1200008392334,6958.0
10.34000015258789,18.07999992370605,6959.0
10.960000038146973,18.0,6960.0
10.760000228881836,18.1200008392334,6961.0
11.0600004196167,18.059999465942383,6962.0
10.720000267028809,18.18000030517578,6963.0
nan,18.18000030517578,6964.0
10.380000114440918,18.18000030517578,6965.0
10.600000381469728,18.21999931335449,6966.0
10.880000114440918,18.399999618530277,6967.0
10.5600004196167,18.200000762939453,6968.0
10.15999984741211,18.239999771118164,6969.0
10.539999961853027,18.15999984741211,6970.0
9.579999923706056,17.81999969482422,6971.0
10.039999961853027,17.739999771118164,6972.0
10.739999771118164,17.639999389648438,6973.0
11.0,17.860000610351562,6974.0
10.920000076293944,18.34000015258789,6975.0
10.81999969482422,17.860000610351562,6976.0
10.779999732971191,17.8799991607666,6977.0
10.859999656677246,18.100000381469727,6978.0
10.880000114440918,17.860000610351562,6979.0
10.880000114440918,18.040000915527344,6980.0
10.5,18.36000061035156,6981.0
10.520000457763672,17.940000534057617,6982.0
10.68000030517578,18.0,6983.0
11.15999984741211,17.979999542236328,6984.0
10.960000038146973,17.959999084472656,6985.0
10.800000190734863,17.84000015258789,6986.0
10.619999885559082,17.860000610351562,6987.0
10.899999618530272,17.959999084472656,6988.0
10.880000114440918,17.920000076293945,6989.0
10.739999771118164,17.940000534057617,6990.0
10.880000114440918,18.059999465942383,6991.0
10.720000267028809,18.020000457763672,6992.0
10.800000190734863,18.020000457763672,6993.0
10.84000015258789,18.020000457763672,6994.0
10.739999771118164,17.860000610351562,6995.0
10.800000190734863,17.920000076293945,6996.0
10.779999732971191,17.899999618530273,6997.0
10.859999656677246,17.920000076293945,6998.0
10.899999618530272,17.959999084472656,6999.0
9.859999656677246,17.899999618530273,7000.0
10.65999984741211,17.8799991607666,7001.0
9.960000038146973,18.059999465942383,7002.0
10.5,17.940000534057617,7003.0
10.5,17.959999084472656,7004.0
10.739999771118164,18.020000457763672,7005.0
10.9399995803833,18.07999992370605,7006.0
10.9399995803833,17.920000076293945,7007.0
11.140000343322754,17.84000015258789,7008.0
nan,17.979999542236328,7009.0
10.899999618530272,18.0,7010.0
10.739999771118164,17.940000534057617,7011.0
10.81999969482422,18.0,7012.0
10.859999656677246,18.0,7013.0
10.859999656677246,18.020000457763672,7014.0
10.720000267028809,18.1200008392334,7015.0
10.899999618530272,18.100000381469727,7016.0
10.779999732971191,18.059999465942383,7017.0
10.619999885559082,18.059999465942383,7018.0
10.899999618530272,18.040000915527344,7019.0
10.84000015258789,17.899999618530273,7020.0
10.800000190734863,17.959999084472656,7021.0
10.739999771118164,17.940000534057617,7022.0
10.600000381469728,18.07999992370605,7023.0
11.0600004196167,18.13999938964844,7024.0
10.739999771118164,18.0,7025.0
10.9399995803833,18.100000381469727,7026.0
10.84000015258789,18.07999992370605,7027.0
10.960000038146973,17.959999084472656,7028.0
8.84000015258789,17.959999084472656,7029.0
10.4399995803833,17.959999084472656,7030.0
10.640000343322754,18.020000457763672,7031.0
10.600000381469728,18.040000915527344,7032.0
9.18000030517578,18.0,7033.0
10.619999885559082,17.959999084472656,7034.0
10.880000114440918,17.959999084472656,7035.0
9.279999732971191,17.84000015258789,7036.0
10.420000076293944,17.920000076293945,7037.0
8.680000305175781,17.959999084472656,7038.0
9.140000343322754,18.0,7039.0
10.68000030517578,18.020000457763672,7040.0
9.5600004196167,18.020000457763672,7041.0
9.0600004196167,17.920000076293945,7042.0
11.100000381469728,18.21999931335449,7043.0
10.84000015258789,17.979999542236328,7044.0
10.84000015258789,18.1200008392334,7045.0
10.979999542236328,18.18000030517578,7046.0
10.899999618530272,18.18000030517578,7047.0
10.720000267028809,18.07999992370605,7048.0
10.84000015258789,18.059999465942383,7049.0
10.859999656677246,18.059999465942383,7050.0
9.699999809265137,18.07999992370605,7051.0
11.0600004196167,18.0,7052.0
9.81999969482422,18.059999465942383,7053.0
10.600000381469728,18.059999465942383,7054.0
9.640000343322754,18.059999465942383,7055.0
9.0600004196167,18.07999992370605,7056.0
10.859999656677246,18.15999984741211,7057.0
10.5,18.15999984741211,7058.0
10.68000030517578,18.13999938964844,7059.0
10.84000015258789,18.020000457763672,7060.0
10.4399995803833,17.920000076293945,7061.0
10.81999969482422,17.959999084472656,7062.0
10.539999961853027,18.13999938964844,7063.0
10.699999809265137,18.13999938964844,7064.0
10.65999984741211,18.13999938964844,7065.0
10.65999984741211,18.07999992370605,7066.0
10.760000228881836,18.059999465942383,7067.0
10.979999542236328,18.459999084472656,7068.0
10.699999809265137,18.3799991607666,7069.0
10.68000030517578,18.1200008392334,7070.0
11.0,18.13999938964844,7071.0
10.739999771118164,18.020000457763672,7072.0
10.699999809265137,18.15999984741211,7073.0
10.81999969482422,18.18000030517578,7074.0
10.84000015258789,17.940000534057617,7075.0
10.859999656677246,17.979999542236328,7076.0
10.979999542236328,18.1200008392334,7077.0
nan,18.200000762939453,7078.0
11.020000457763672,18.459999084472656,7079.0
10.619999885559082,18.18000030517578,7080.0
10.220000267028809,18.21999931335449,7081.0
10.84000015258789,18.34000015258789,7082.0
10.520000457763672,18.200000762939453,7083.0
10.380000114440918,18.239999771118164,7084.0
10.800000190734863,17.940000534057617,7085.0
9.359999656677246,18.440000534057617,7086.0
9.31999969482422,18.479999542236328,7087.0
10.460000038146973,18.36000061035156,7088.0
10.760000228881836,18.31999969482422,7089.0
10.81999969482422,18.13999938964844,7090.0
10.5,18.020000457763672,7091.0
10.699999809265137,18.100000381469727,7092.0
10.600000381469728,18.280000686645508,7093.0
10.81999969482422,18.239999771118164,7094.0
10.899999618530272,18.21999931335449,7095.0
10.800000190734863,18.26000022888184,7096.0
10.800000190734863,18.21999931335449,7097.0
10.81999969482422,18.1200008392334,7098.0
10.779999732971191,18.07999992370605,7099.0
10.899999618530272,18.07999992370605,7100.0
10.600000381469728,18.100000381469727,7101.0
10.520000457763672,18.100000381469727,7102.0
nan,18.239999771118164,7103.0
10.899999618530272,18.21999931335449,7104.0
10.899999618530272,18.18000030517578,7105.0
10.779999732971191,17.979999542236328,7106.0
10.880000114440918,18.059999465942383,7107.0
9.779999732971191,18.0,7108.0
11.039999961853027,18.020000457763672,7109.0
11.079999923706056,18.07999992370605,7110.0
10.920000076293944,18.059999465942383,7111.0
10.380000114440918,18.0,7112.0
11.100000381469728,18.020000457763672,7113.0
10.920000076293944,18.0,7114.0
10.960000038146973,18.07999992370605,7115.0
10.760000228881836,18.07999992370605,7116.0
10.880000114440918,18.07999992370605,7117.0
10.800000190734863,18.040000915527344,7118.0
10.579999923706056,17.979999542236328,7119.0
10.84000015258789,18.0,7120.0
10.84000015258789,18.0,7121.0
10.9399995803833,18.059999465942383,7122.0
10.979999542236328,18.020000457763672,7123.0
11.0,17.959999084472656,7124.0
11.020000457763672,18.020000457763672,7125.0
10.800000190734863,18.0,7126.0
10.899999618530272,17.979999542236328,7127.0
10.619999885559082,18.0,7128.0
10.800000190734863,18.100000381469727,7129.0
10.880000114440918,18.059999465942383,7130.0
11.100000381469728,18.0,7131.0
10.960000038146973,18.020000457763672,7132.0
10.859999656677246,18.239999771118164,7133.0
10.5,17.700000762939453,7134.0
11.380000114440918,18.1200008392334,7135.0
11.300000190734863,18.399999618530277,7136.0
11.640000343322754,18.71999931335449,7137.0
11.300000190734863,18.540000915527344,7138.0
11.119999885559082,18.57999992370605,7139.0
11.220000267028809,18.520000457763672,7140.0
10.579999923706056,18.479999542236328,7141.0
11.079999923706056,18.6200008392334,7142.0
10.039999961853027,18.34000015258789,7143.0
10.81999969482422,18.36000061035156,7144.0
10.859999656677246,18.57999992370605,7145.0
10.880000114440918,18.86000061035156,7146.0
11.15999984741211,18.959999084472656,7147.0
10.920000076293944,18.559999465942383,7148.0
10.800000190734863,18.600000381469727,7149.0
11.0600004196167,18.6200008392334,7150.0
11.0,18.559999465942383,7151.0
10.84000015258789,18.600000381469727,7152.0
11.0,18.479999542236328,7153.0
10.859999656677246,18.34000015258789,7154.0
11.039999961853027,18.31999969482422,7155.0
9.979999542236328,18.84000015258789,7156.0
10.279999732971191,18.5,7157.0
11.0600004196167,18.26000022888184,7158.0
10.960000038146973,18.63999938964844,7159.0
11.020000457763672,18.520000457763672,7160.0
10.84000015258789,18.600000381469727,7161.0
11.239999771118164,18.700000762939453,7162.0
10.920000076293944,18.440000534057617,7163.0
10.979999542236328,18.440000534057617,7164.0
11.119999885559082,18.3799991607666,7165.0
11.119999885559082,18.57999992370605,7166.0
11.079999923706056,18.399999618530277,7167.0
11.260000228881836,18.26000022888184,7168.0
11.220000267028809,18.36000061035156,7169.0
12.31999969482422,18.34000015258789,7170.0
11.140000343322754,18.31999969482422,7171.0
nan,18.540000915527344,7172.0
11.420000076293944,18.780000686645508,7173.0
11.140000343322754,18.399999618530277,7174.0
nan,18.5,7175.0
11.100000381469728,18.21999931335449,7176.0
11.5,18.280000686645508,7177.0
nan,18.26000022888184,7178.0
11.199999809265137,18.34000015258789,7179.0
nan,18.479999542236328,7180.0
11.039999961853027,18.479999542236328,7181.0
10.920000076293944,18.459999084472656,7182.0
11.15999984741211,18.700000762939453,7183.0
10.899999618530272,18.76000022888184,7184.0
10.899999618530272,18.71999931335449,7185.0
11.279999732971191,18.65999984741211,7186.0
11.0,18.559999465942383,7187.0
11.199999809265137,18.440000534057617,7188.0
11.039999961853027,18.920000076293945,7189.0
11.020000457763672,18.899999618530277,7190.0
8.720000267028809,18.540000915527344,7191.0
11.079999923706056,18.420000076293945,7192.0
11.220000267028809,18.34000015258789,7193.0
nan,18.399999618530277,7194.0
11.119999885559082,18.520000457763672,7195.0
10.899999618530272,18.600000381469727,7196.0
11.640000343322754,18.600000381469727,7197.0
10.84000015258789,18.34000015258789,7198.0
11.039999961853027,18.459999084472656,7199.0
11.640000343322754,19.07999992370605,7200.0
12.0,18.86000061035156,7201.0
11.0600004196167,18.76000022888184,7202.0
11.9399995803833,18.600000381469727,7203.0
12.34000015258789,18.739999771118164,7204.0
11.460000038146973,18.520000457763672,7205.0
11.420000076293944,18.34000015258789,7206.0
11.140000343322754,18.920000076293945,7207.0
11.18000030517578,18.479999542236328,7208.0
11.0,18.540000915527344,7209.0
10.920000076293944,18.76000022888184,7210.0
11.300000190734863,18.84000015258789,7211.0
11.220000267028809,18.71999931335449,7212.0
11.140000343322754,18.84000015258789,7213.0
10.899999618530272,19.280000686645508,7214.0
11.460000038146973,18.63999938964844,7215.0
11.0,18.76000022888184,7216.0
11.15999984741211,18.21999931335449,7217.0
11.15999984741211,18.18000030517578,7218.0
10.859999656677246,18.520000457763672,7219.0
10.779999732971191,18.280000686645508,7220.0
10.960000038146973,18.5,7221.0
11.100000381469728,18.459999084472656,7222.0
11.84000015258789,18.36000061035156,7223.0
11.739999771118164,18.559999465942383,7224.0
12.020000457763672,18.57999992370605,7225.0
11.239999771118164,18.540000915527344,7226.0
11.420000076293944,18.700000762939453,7227.0
11.279999732971191,18.6200008392334,7228.0
11.039999961853027,18.700000762939453,7229.0
10.279999732971191,18.65999984741211,7230.0
11.140000343322754,18.36000061035156,7231.0
11.34000015258789,18.34000015258789,7232.0
nan,18.479999542236328,7233.0
11.399999618530272,18.559999465942383,7234.0
11.140000343322754,18.34000015258789,7235.0
11.0,18.299999237060547,7236.0
10.800000190734863,18.31999969482422,7237.0
11.15999984741211,18.63999938964844,7238.0
11.020000457763672,18.3799991607666,7239.0
11.34000015258789,18.440000534057617,7240.0
10.859999656677246,18.8799991607666,7241.0
10.84000015258789,18.76000022888184,7242.0
10.979999542236328,19.07999992370605,7243.0
9.960000038146973,18.65999984741211,7244.0
10.239999771118164,18.600000381469727,7245.0
10.68000030517578,18.6200008392334,7246.0
nan,18.81999969482422,7247.0
nan,18.700000762939453,7248.0
11.0,18.65999984741211,7249.0
nan,18.739999771118164,7250.0
11.899999618530272,18.3799991607666,7251.0
11.619999885559082,18.34000015258789,7252.0
11.300000190734863,18.280000686645508,7253.0
11.0600004196167,18.18000030517578,7254.0
11.18000030517578,18.21999931335449,7255.0
10.899999618530272,18.21999931335449,7256.0
10.979999542236328,18.5,7257.0
11.81999969482422,18.6200008392334,7258.0
11.0,18.1200008392334,7259.0
10.9399995803833,18.200000762939453,7260.0
10.979999542236328,18.100000381469727,7261.0
10.4399995803833,18.21999931335449,7262.0
10.960000038146973,18.440000534057617,7263.0
10.880000114440918,18.76000022888184,7264.0
10.899999618530272,18.81999969482422,7265.0
10.920000076293944,18.440000534057617,7266.0
11.039999961853027,18.13999938964844,7267.0
11.0600004196167,18.26000022888184,7268.0
nan,18.600000381469727,7269.0
10.899999618530272,18.100000381469727,7270.0
10.779999732971191,18.36000061035156,7271.0
10.9399995803833,18.6200008392334,7272.0
10.960000038146973,18.5,7273.0
10.68000030517578,18.700000762939453,7274.0
10.920000076293944,18.459999084472656,7275.0
10.859999656677246,18.18000030517578,7276.0
11.140000343322754,18.239999771118164,7277.0
10.359999656677246,18.440000534057617,7278.0
11.800000190734863,18.280000686645508,7279.0
11.15999984741211,18.399999618530277,7280.0
10.18000030517578,18.420000076293945,7281.0
11.119999885559082,18.540000915527344,7282.0
10.220000267028809,18.399999618530277,7283.0
10.9399995803833,17.860000610351562,7284.0
11.239999771118164,18.399999618530277,7285.0
nan,19.299999237060547,7286.0
9.859999656677246,18.920000076293945,7287.0
11.199999809265137,19.07999992370605,7288.0
11.119999885559082,18.84000015258789,7289.0
11.220000267028809,18.399999618530277,7290.0
11.239999771118164,18.36000061035156,7291.0
10.9399995803833,18.31999969482422,7292.0
11.100000381469728,18.940000534057617,7293.0
12.0,18.84000015258789,7294.0
10.84000015258789,18.84000015258789,7295.0
11.5,18.81999969482422,7296.0
11.979999542236328,19.5,7297.0
11.300000190734863,19.239999771118164,7298.0
11.260000228881836,18.780000686645508,7299.0
10.020000457763672,19.459999084472656,7300.0
10.859999656677246,18.440000534057617,7301.0
11.399999618530272,18.8799991607666,7302.0
11.100000381469728,18.57999992370605,7303.0
11.18000030517578,18.459999084472656,7304.0
nan,19.07999992370605,7305.0
11.380000114440918,18.81999969482422,7306.0
10.460000038146973,18.799999237060547,7307.0
11.420000076293944,18.86000061035156,7308.0
11.199999809265137,18.65999984741211,7309.0
11.380000114440918,18.65999984741211,7310.0
11.300000190734863,18.440000534057617,7311.0
11.140000343322754,18.540000915527344,7312.0
12.0600004196167,18.280000686645508,7313.0
11.600000381469728,17.899999618530273,7314.0
12.399999618530272,17.979999542236328,7315.0
11.039999961853027,18.07999992370605,7316.0
12.020000457763672,18.200000762939453,7317.0
11.399999618530272,18.399999618530277,7318.0
10.899999618530272,18.459999084472656,7319.0
11.380000114440918,18.6200008392334,7320.0
10.9399995803833,19.13999938964844,7321.0
11.199999809265137,19.18000030517578,7322.0
11.300000190734863,19.020000457763672,7323.0
10.699999809265137,19.15999984741211,7324.0
11.619999885559082,19.34000015258789,7325.0
nan,18.899999618530277,7326.0
nan,18.65999984741211,7327.0
11.960000038146973,18.63999938964844,7328.0
10.720000267028809,18.399999618530277,7329.0
11.279999732971191,18.57999992370605,7330.0
11.239999771118164,18.700000762939453,7331.0
11.34000015258789,18.57999992370605,7332.0
11.899999618530272,18.700000762939453,7333.0
11.699999809265137,18.68000030517578,7334.0
10.899999618530272,18.540000915527344,7335.0
nan,18.540000915527344,7336.0
11.140000343322754,18.700000762939453,7337.0
11.479999542236328,19.239999771118164,7338.0
11.380000114440918,20.299999237060547,7339.0
11.5,19.299999237060547,7340.0
11.859999656677246,18.520000457763672,7341.0
12.039999961853027,18.920000076293945,7342.0
12.34000015258789,18.799999237060547,7343.0
11.220000267028809,18.520000457763672,7344.0
11.699999809265137,18.739999771118164,7345.0
11.760000228881836,18.57999992370605,7346.0
11.18000030517578,18.57999992370605,7347.0
nan,18.6200008392334,7348.0
11.460000038146973,18.26000022888184,7349.0
11.300000190734863,18.420000076293945,7350.0
11.699999809265137,20.200000762939453,7351.0
11.260000228881836,20.200000762939453,7352.0
11.15999984741211,20.200000762939453,7353.0
11.699999809265137,19.8799991607666,7354.0
10.979999542236328,19.540000915527344,7355.0
11.880000114440918,18.940000534057617,7356.0
11.5600004196167,19.200000762939453,7357.0
10.520000457763672,18.8799991607666,7358.0
9.859999656677246,19.5,7359.0
11.220000267028809,19.18000030517578,7360.0
12.18000030517578,18.68000030517578,7361.0
12.260000228881836,18.899999618530277,7362.0
12.34000015258789,19.040000915527344,7363.0
nan,18.81999969482422,7364.0
11.81999969482422,19.399999618530277,7365.0
11.699999809265137,18.899999618530277,7366.0
11.520000457763672,19.059999465942383,7367.0
11.960000038146973,18.84000015258789,7368.0
11.65999984741211,18.63999938964844,7369.0
11.720000267028809,18.780000686645508,7370.0
11.699999809265137,18.920000076293945,7371.0
11.4399995803833,18.940000534057617,7372.0
11.619999885559082,18.8799991607666,7373.0
12.18000030517578,18.68000030517578,7374.0
11.859999656677246,19.0,7375.0
11.68000030517578,19.299999237060547,7376.0
11.899999618530272,18.940000534057617,7377.0
11.720000267028809,18.81999969482422,7378.0
12.0,18.920000076293945,7379.0
11.420000076293944,18.799999237060547,7380.0
11.460000038146973,18.6200008392334,7381.0
11.239999771118164,18.520000457763672,7382.0
11.420000076293944,18.520000457763672,7383.0
10.960000038146973,18.5,7384.0
10.979999542236328,18.440000534057617,7385.0
11.100000381469728,18.420000076293945,7386.0
10.920000076293944,17.940000534057617,7387.0
11.859999656677246,18.68000030517578,7388.0
10.960000038146973,18.65999984741211,7389.0
11.0600004196167,18.700000762939453,7390.0
11.359999656677246,18.700000762939453,7391.0
11.460000038146973,18.479999542236328,7392.0
11.039999961853027,18.479999542236328,7393.0
11.0,18.299999237060547,7394.0
11.020000457763672,18.239999771118164,7395.0
11.359999656677246,18.399999618530277,7396.0
11.020000457763672,18.3799991607666,7397.0
11.0600004196167,18.36000061035156,7398.0
11.0,18.34000015258789,7399.0
11.359999656677246,18.34000015258789,7400.0
10.9399995803833,18.399999618530277,7401.0
10.920000076293944,18.36000061035156,7402.0
11.0600004196167,18.26000022888184,7403.0
10.9399995803833,18.299999237060547,7404.0
11.199999809265137,18.3799991607666,7405.0
11.079999923706056,18.34000015258789,7406.0
11.0,18.479999542236328,7407.0
11.220000267028809,18.520000457763672,7408.0
10.920000076293944,18.420000076293945,7409.0
11.140000343322754,18.479999542236328,7410.0
10.84000015258789,18.31999969482422,7411.0
11.140000343322754,18.3799991607666,7412.0
10.760000228881836,18.63999938964844,7413.0
10.9399995803833,18.479999542236328,7414.0
10.979999542236328,18.440000534057617,7415.0
11.039999961853027,18.18000030517578,7416.0
10.5600004196167,18.540000915527344,7417.0
10.800000190734863,18.399999618530277,7418.0
10.960000038146973,18.420000076293945,7419.0
11.0,18.440000534057617,7420.0
11.020000457763672,18.36000061035156,7421.0
11.0600004196167,18.5,7422.0
11.119999885559082,18.57999992370605,7423.0
11.100000381469728,18.459999084472656,7424.0
10.920000076293944,18.440000534057617,7425.0
11.68000030517578,18.31999969482422,7426.0
11.039999961853027,18.420000076293945,7427.0
11.15999984741211,18.3799991607666,7428.0
11.18000030517578,18.479999542236328,7429.0
11.020000457763672,18.34000015258789,7430.0
10.859999656677246,18.3799991607666,7431.0
10.880000114440918,18.3799991607666,7432.0
10.920000076293944,18.399999618530277,7433.0
10.880000114440918,18.26000022888184,7434.0
10.5,18.36000061035156,7435.0
10.260000228881836,18.559999465942383,7436.0
12.079999923706056,18.86000061035156,7437.0
10.979999542236328,19.1200008392334,7438.0
10.399999618530272,19.3799991607666,7439.0
11.260000228881836,18.920000076293945,7440.0
10.81999969482422,18.6200008392334,7441.0
10.920000076293944,18.600000381469727,7442.0
11.520000457763672,18.479999542236328,7443.0
11.0600004196167,18.76000022888184,7444.0
11.140000343322754,18.63999938964844,7445.0
11.899999618530272,18.71999931335449,7446.0
11.119999885559082,18.700000762939453,7447.0
11.0600004196167,18.540000915527344,7448.0
11.399999618530272,18.700000762939453,7449.0
10.979999542236328,18.780000686645508,7450.0
10.9399995803833,18.65999984741211,7451.0
10.899999618530272,18.479999542236328,7452.0
10.960000038146973,18.399999618530277,7453.0
11.220000267028809,18.479999542236328,7454.0
11.300000190734863,18.26000022888184,7455.0
11.119999885559082,18.239999771118164,7456.0
11.4399995803833,18.21999931335449,7457.0
11.260000228881836,18.5,7458.0
11.220000267028809,18.459999084472656,7459.0
10.979999542236328,18.21999931335449,7460.0
10.960000038146973,18.34000015258789,7461.0
10.739999771118164,18.31999969482422,7462.0
11.020000457763672,18.239999771118164,7463.0
11.68000030517578,18.399999618530277,7464.0
10.899999618530272,18.3799991607666,7465.0
11.140000343322754,18.399999618530277,7466.0
11.539999961853027,18.540000915527344,7467.0
12.260000228881836,18.57999992370605,7468.0
12.140000343322754,18.76000022888184,7469.0
12.079999923706056,18.940000534057617,7470.0
11.5,18.940000534057617,7471.0
11.260000228881836,18.6200008392334,7472.0
10.979999542236328,18.799999237060547,7473.0
10.9399995803833,18.780000686645508,7474.0
10.920000076293944,18.799999237060547,7475.0
11.460000038146973,18.780000686645508,7476.0
10.9399995803833,18.6200008392334,7477.0
11.579999923706056,18.6200008392334,7478.0
11.720000267028809,18.600000381469727,7479.0
11.239999771118164,18.559999465942383,7480.0
nan,18.479999542236328,7481.0
11.34000015258789,18.5,7482.0
11.220000267028809,18.399999618530277,7483.0
11.140000343322754,18.420000076293945,7484.0
11.239999771118164,18.239999771118164,7485.0
11.039999961853027,18.18000030517578,7486.0
10.979999542236328,18.31999969482422,7487.0
10.779999732971191,18.299999237060547,7488.0
10.65999984741211,18.440000534057617,7489.0
10.979999542236328,18.3799991607666,7490.0
11.239999771118164,18.399999618530277,7491.0
11.220000267028809,18.65999984741211,7492.0
nan,18.540000915527344,7493.0
10.960000038146973,18.3799991607666,7494.0
10.880000114440918,18.540000915527344,7495.0
10.859999656677246,18.559999465942383,7496.0
11.100000381469728,18.5,7497.0
11.079999923706056,18.3799991607666,7498.0
10.979999542236328,18.399999618530277,7499.0
10.899999618530272,18.600000381469727,7500.0
10.199999809265137,18.63999938964844,7501.0
10.960000038146973,18.520000457763672,7502.0
10.9399995803833,18.399999618530277,7503.0
10.84000015258789,18.5,7504.0
10.760000228881836,18.76000022888184,7505.0
10.979999542236328,18.71999931335449,7506.0
10.84000015258789,18.540000915527344,7507.0
11.079999923706056,18.479999542236328,7508.0
11.079999923706056,18.34000015258789,7509.0
11.039999961853027,18.440000534057617,7510.0
10.899999618530272,18.479999542236328,7511.0
10.979999542236328,18.479999542236328,7512.0
11.140000343322754,18.479999542236328,7513.0
10.979999542236328,18.399999618530277,7514.0
10.920000076293944,18.540000915527344,7515.0
11.119999885559082,18.399999618530277,7516.0
11.020000457763672,18.239999771118164,7517.0
11.460000038146973,18.36000061035156,7518.0
11.020000457763672,18.280000686645508,7519.0
10.920000076293944,18.299999237060547,7520.0
11.0,18.239999771118164,7521.0
10.81999969482422,18.239999771118164,7522.0
12.5600004196167,18.299999237060547,7523.0
10.81999969482422,18.31999969482422,7524.0
11.079999923706056,18.5,7525.0
12.34000015258789,18.280000686645508,7526.0
11.520000457763672,18.440000534057617,7527.0
11.779999732971191,18.07999992370605,7528.0
11.760000228881836,18.1200008392334,7529.0
11.539999961853027,17.979999542236328,7530.0
nan,18.68000030517578,7531.0
11.31999969482422,18.0,7532.0
11.239999771118164,18.26000022888184,7533.0
11.420000076293944,18.200000762939453,7534.0
14.300000190734863,18.100000381469727,7535.0
9.079999923706056,18.280000686645508,7536.0
11.0600004196167,17.979999542236328,7537.0
10.68000030517578,18.07999992370605,7538.0
9.579999923706056,18.059999465942383,7539.0
10.760000228881836,18.26000022888184,7540.0
10.84000015258789,18.13999938964844,7541.0
10.579999923706056,18.13999938964844,7542.0
11.479999542236328,18.13999938964844,7543.0
11.100000381469728,18.15999984741211,7544.0
10.640000343322754,18.15999984741211,7545.0
10.739999771118164,18.059999465942383,7546.0
10.65999984741211,18.07999992370605,7547.0
10.760000228881836,17.84000015258789,7548.0
11.800000190734863,18.040000915527344,7549.0
11.079999923706056,18.020000457763672,7550.0
11.140000343322754,18.059999465942383,7551.0
10.979999542236328,18.040000915527344,7552.0
10.5,18.059999465942383,7553.0
nan,18.059999465942383,7554.0
11.039999961853027,18.31999969482422,7555.0
10.979999542236328,18.559999465942383,7556.0
11.0,18.36000061035156,7557.0
11.5,18.399999618530277,7558.0
10.979999542236328,18.440000534057617,7559.0
10.880000114440918,18.280000686645508,7560.0
10.979999542236328,18.559999465942383,7561.0
10.960000038146973,18.459999084472656,7562.0
10.859999656677246,18.399999618530277,7563.0
11.119999885559082,18.31999969482422,7564.0
11.380000114440918,18.459999084472656,7565.0
10.899999618530272,18.299999237060547,7566.0
11.079999923706056,18.3799991607666,7567.0
11.279999732971191,18.559999465942383,7568.0
10.920000076293944,18.459999084472656,7569.0
11.039999961853027,18.420000076293945,7570.0
11.140000343322754,18.920000076293945,7571.0
11.100000381469728,18.84000015258789,7572.0
11.18000030517578,18.780000686645508,7573.0
11.300000190734863,18.81999969482422,7574.0
11.5,18.459999084472656,7575.0
11.18000030517578,18.6200008392334,7576.0
10.859999656677246,18.700000762939453,7577.0
12.420000076293944,19.020000457763672,7578.0
11.039999961853027,18.76000022888184,7579.0
11.15999984741211,18.559999465942383,7580.0
10.960000038146973,18.559999465942383,7581.0
11.020000457763672,18.399999618530277,7582.0
10.9399995803833,18.5,7583.0
10.9399995803833,18.6200008392334,7584.0
10.920000076293944,18.5,7585.0
10.84000015258789,18.5,7586.0
10.979999542236328,18.299999237060547,7587.0
11.0,18.63999938964844,7588.0
11.720000267028809,18.6200008392334,7589.0
10.899999618530272,18.31999969482422,7590.0
10.920000076293944,18.280000686645508,7591.0
10.9399995803833,18.540000915527344,7592.0
10.920000076293944,18.5,7593.0
10.920000076293944,18.5,7594.0
11.15999984741211,18.520000457763672,7595.0
11.15999984741211,18.420000076293945,7596.0
nan,nan,7597.0
11.739999771118164,18.31999969482422,7598.0
10.979999542236328,18.280000686645508,7599.0
10.9399995803833,18.36000061035156,7600.0
10.920000076293944,18.420000076293945,7601.0
11.380000114440918,18.459999084472656,7602.0
11.020000457763672,18.280000686645508,7603.0
11.0600004196167,18.36000061035156,7604.0
11.300000190734863,18.5,7605.0
11.539999961853027,18.459999084472656,7606.0
11.140000343322754,18.21999931335449,7607.0
11.460000038146973,18.280000686645508,7608.0
11.779999732971191,18.440000534057617,7609.0
11.18000030517578,18.479999542236328,7610.0
12.220000267028809,18.57999992370605,7611.0
11.220000267028809,18.3799991607666,7612.0
11.100000381469728,18.15999984741211,7613.0
10.520000457763672,18.280000686645508,7614.0
10.960000038146973,18.18000030517578,7615.0
11.039999961853027,18.280000686645508,7616.0
10.979999542236328,18.420000076293945,7617.0
11.15999984741211,18.31999969482422,7618.0
11.0600004196167,18.34000015258789,7619.0
11.300000190734863,18.440000534057617,7620.0
11.760000228881836,18.21999931335449,7621.0
10.880000114440918,18.479999542236328,7622.0
10.979999542236328,18.459999084472656,7623.0
11.0,18.31999969482422,7624.0
10.9399995803833,18.31999969482422,7625.0
11.199999809265137,18.15999984741211,7626.0
10.84000015258789,18.21999931335449,7627.0
10.81999969482422,18.100000381469727,7628.0
10.880000114440918,18.059999465942383,7629.0
10.9399995803833,18.07999992370605,7630.0
9.279999732971191,18.13999938964844,7631.0
10.899999618530272,18.100000381469727,7632.0
10.800000190734863,18.07999992370605,7633.0
9.380000114440918,18.07999992370605,7634.0
11.100000381469728,18.100000381469727,7635.0
11.039999961853027,18.13999938964844,7636.0
10.220000267028809,18.18000030517578,7637.0
10.81999969482422,18.18000030517578,7638.0
11.079999923706056,18.21999931335449,7639.0
nan,18.15999984741211,7640.0
10.979999542236328,18.21999931335449,7641.0
10.5600004196167,18.13999938964844,7642.0
11.15999984741211,18.239999771118164,7643.0
11.119999885559082,18.26000022888184,7644.0
11.079999923706056,18.31999969482422,7645.0
11.619999885559082,18.540000915527344,7646.0
11.579999923706056,18.739999771118164,7647.0
11.300000190734863,18.700000762939453,7648.0
11.420000076293944,18.8799991607666,7649.0
11.359999656677246,18.71999931335449,7650.0
11.479999542236328,18.68000030517578,7651.0
11.34000015258789,18.71999931335449,7652.0
11.220000267028809,18.63999938964844,7653.0
11.65999984741211,19.1200008392334,7654.0
11.399999618530272,18.86000061035156,7655.0
11.399999618530272,19.0,7656.0
11.300000190734863,19.059999465942383,7657.0
11.239999771118164,18.940000534057617,7658.0
11.34000015258789,18.8799991607666,7659.0
11.800000190734863,18.920000076293945,7660.0
11.359999656677246,18.959999084472656,7661.0
11.0600004196167,18.920000076293945,7662.0
10.899999618530272,18.739999771118164,7663.0
10.9399995803833,18.5,7664.0
10.380000114440918,18.479999542236328,7665.0
11.359999656677246,18.600000381469727,7666.0
11.100000381469728,18.600000381469727,7667.0
11.18000030517578,18.479999542236328,7668.0
11.0600004196167,18.5,7669.0
10.800000190734863,18.540000915527344,7670.0
11.760000228881836,18.479999542236328,7671.0
11.079999923706056,18.540000915527344,7672.0
10.640000343322754,18.5,7673.0
10.520000457763672,18.520000457763672,7674.0
10.100000381469728,18.780000686645508,7675.0
10.899999618530272,18.540000915527344,7676.0
11.720000267028809,18.799999237060547,7677.0
11.119999885559082,18.71999931335449,7678.0
11.359999656677246,18.63999938964844,7679.0
11.18000030517578,18.5,7680.0
11.0600004196167,18.559999465942383,7681.0
11.640000343322754,18.63999938964844,7682.0
10.619999885559082,18.559999465942383,7683.0
10.880000114440918,18.520000457763672,7684.0
12.18000030517578,18.6200008392334,7685.0
12.4399995803833,18.81999969482422,7686.0
11.279999732971191,18.780000686645508,7687.0
11.5,18.780000686645508,7688.0
10.920000076293944,18.63999938964844,7689.0
11.399999618530272,18.63999938964844,7690.0
11.34000015258789,18.780000686645508,7691.0
11.779999732971191,18.63999938964844,7692.0
11.720000267028809,18.76000022888184,7693.0
11.039999961853027,18.540000915527344,7694.0
11.18000030517578,18.81999969482422,7695.0
11.039999961853027,18.76000022888184,7696.0
11.079999923706056,18.780000686645508,7697.0
11.140000343322754,18.799999237060547,7698.0
11.300000190734863,18.739999771118164,7699.0
12.34000015258789,18.940000534057617,7700.0
11.220000267028809,19.13999938964844,7701.0
10.960000038146973,19.020000457763672,7702.0
12.100000381469728,19.020000457763672,7703.0
12.420000076293944,18.959999084472656,7704.0
11.619999885559082,18.86000061035156,7705.0
11.420000076293944,19.0,7706.0
11.380000114440918,18.940000534057617,7707.0
11.359999656677246,19.100000381469727,7708.0
11.100000381469728,18.959999084472656,7709.0
11.4399995803833,18.979999542236328,7710.0
11.300000190734863,18.780000686645508,7711.0
11.65999984741211,18.739999771118164,7712.0
10.859999656677246,18.700000762939453,7713.0
10.979999542236328,18.57999992370605,7714.0
10.859999656677246,18.63999938964844,7715.0
10.979999542236328,18.76000022888184,7716.0
11.5600004196167,18.559999465942383,7717.0
11.380000114440918,18.63999938964844,7718.0
10.600000381469728,18.739999771118164,7719.0
10.760000228881836,18.780000686645508,7720.0
11.020000457763672,18.86000061035156,7721.0
9.9399995803833,19.100000381469727,7722.0
10.520000457763672,19.040000915527344,7723.0
11.140000343322754,19.200000762939453,7724.0
11.0600004196167,18.899999618530277,7725.0
10.619999885559082,18.57999992370605,7726.0
11.140000343322754,18.8799991607666,7727.0
11.079999923706056,18.399999618530277,7728.0
11.119999885559082,18.780000686645508,7729.0
11.18000030517578,18.8799991607666,7730.0
11.15999984741211,18.700000762939453,7731.0
11.020000457763672,18.71999931335449,7732.0
11.140000343322754,18.3799991607666,7733.0
10.779999732971191,18.459999084472656,7734.0
10.84000015258789,18.6200008392334,7735.0
10.84000015258789,19.420000076293945,7736.0
11.199999809265137,19.5,7737.0
11.199999809265137,19.76000022888184,7738.0
12.199999809265137,19.31999969482422,7739.0
11.460000038146973,19.799999237060547,7740.0
11.420000076293944,19.81999969482422,7741.0
11.600000381469728,19.600000381469727,7742.0
11.619999885559082,19.520000457763672,7743.0
10.739999771118164,19.600000381469727,7744.0
11.739999771118164,19.31999969482422,7745.0
10.079999923706056,19.100000381469727,7746.0
11.279999732971191,19.020000457763672,7747.0
11.0,19.059999465942383,7748.0
11.34000015258789,19.3799991607666,7749.0
11.0,19.26000022888184,7750.0
11.18000030517578,19.399999618530277,7751.0
9.739999771118164,19.1200008392334,7752.0
11.359999656677246,19.26000022888184,7753.0
11.359999656677246,19.299999237060547,7754.0
10.18000030517578,19.18000030517578,7755.0
11.020000457763672,19.1200008392334,7756.0
11.199999809265137,19.5,7757.0
11.199999809265137,19.280000686645508,7758.0
11.31999969482422,19.280000686645508,7759.0
11.34000015258789,19.239999771118164,7760.0
11.199999809265137,19.299999237060547,7761.0
11.4399995803833,19.18000030517578,7762.0
11.9399995803833,19.100000381469727,7763.0
11.579999923706056,18.940000534057617,7764.0
12.0,18.899999618530277,7765.0
11.619999885559082,18.68000030517578,7766.0
12.800000190734863,18.8799991607666,7767.0
11.760000228881836,18.940000534057617,7768.0
13.31999969482422,18.71999931335449,7769.0
13.279999732971191,19.07999992370605,7770.0
11.81999969482422,19.100000381469727,7771.0
11.65999984741211,19.239999771118164,7772.0
13.199999809265137,19.07999992370605,7773.0
11.899999618530272,19.399999618530277,7774.0
11.539999961853027,19.280000686645508,7775.0
11.779999732971191,19.63999938964844,7776.0
11.0600004196167,19.8799991607666,7777.0
11.380000114440918,20.780000686645508,7778.0
11.420000076293944,19.8799991607666,7779.0
11.600000381469728,20.18000030517578,7780.0
11.640000343322754,19.81999969482422,7781.0
11.600000381469728,19.299999237060547,7782.0
11.600000381469728,19.31999969482422,7783.0
11.4399995803833,19.84000015258789,7784.0
11.140000343322754,19.399999618530277,7785.0
11.119999885559082,19.399999618530277,7786.0
12.720000267028809,20.18000030517578,7787.0
11.420000076293944,19.959999084472656,7788.0
11.600000381469728,19.6200008392334,7789.0
12.380000114440918,19.86000061035156,7790.0
13.81999969482422,19.57999992370605,7791.0
11.880000114440918,19.600000381469727,7792.0
13.960000038146973,19.739999771118164,7793.0
13.239999771118164,19.81999969482422,7794.0
12.68000030517578,19.76000022888184,7795.0
13.9399995803833,19.8799991607666,7796.0
11.220000267028809,19.940000534057617,7797.0
12.579999923706056,20.15999984741211,7798.0
11.239999771118164,19.8799991607666,7799.0
10.579999923706056,19.84000015258789,7800.0
11.880000114440918,20.68000030517578,7801.0
11.380000114440918,20.520000457763672,7802.0
12.760000228881836,19.959999084472656,7803.0
11.84000015258789,19.979999542236328,7804.0
10.760000228881836,19.71999931335449,7805.0
11.0600004196167,19.81999969482422,7806.0
11.399999618530272,19.780000686645508,7807.0
11.31999969482422,19.780000686645508,7808.0
10.81999969482422,19.65999984741211,7809.0
13.399999618530272,19.6200008392334,7810.0
11.779999732971191,19.57999992370605,7811.0
12.579999923706056,19.559999465942383,7812.0
12.34000015258789,19.280000686645508,7813.0
12.020000457763672,19.13999938964844,7814.0
12.68000030517578,19.059999465942383,7815.0
nan,19.540000915527344,7816.0
10.81999969482422,19.420000076293945,7817.0
11.34000015258789,19.399999618530277,7818.0
13.5600004196167,19.280000686645508,7819.0
12.520000457763672,19.420000076293945,7820.0
12.420000076293944,19.459999084472656,7821.0
11.579999923706056,19.31999969482422,7822.0
12.31999969482422,19.15999984741211,7823.0
11.199999809265137,19.440000534057617,7824.0
11.65999984741211,19.71999931335449,7825.0
11.0600004196167,19.5,7826.0
11.579999923706056,19.36000061035156,7827.0
11.800000190734863,19.200000762939453,7828.0
nan,18.68000030517578,7829.0
12.039999961853027,18.940000534057617,7830.0
11.760000228881836,18.940000534057617,7831.0
nan,19.1200008392334,7832.0
11.460000038146973,18.8799991607666,7833.0
12.020000457763672,18.86000061035156,7834.0
12.460000038146973,19.059999465942383,7835.0
11.800000190734863,19.059999465942383,7836.0
11.779999732971191,19.059999465942383,7837.0
11.520000457763672,19.13999938964844,7838.0
11.31999969482422,19.299999237060547,7839.0
11.9399995803833,19.15999984741211,7840.0
10.640000343322754,19.18000030517578,7841.0
11.899999618530272,18.940000534057617,7842.0
11.979999542236328,19.059999465942383,7843.0
10.640000343322754,19.239999771118164,7844.0
11.5600004196167,19.26000022888184,7845.0
12.0600004196167,19.239999771118164,7846.0
12.100000381469728,19.299999237060547,7847.0
11.720000267028809,18.959999084472656,7848.0
11.140000343322754,19.07999992370605,7849.0
11.800000190734863,19.1200008392334,7850.0
11.539999961853027,19.559999465942383,7851.0
10.479999542236328,19.5,7852.0
12.420000076293944,20.040000915527344,7853.0
11.739999771118164,19.8799991607666,7854.0
12.68000030517578,19.540000915527344,7855.0
12.920000076293944,19.239999771118164,7856.0
10.739999771118164,19.299999237060547,7857.0
10.81999969482422,19.68000030517578,7858.0
10.899999618530272,19.940000534057617,7859.0
10.699999809265137,19.57999992370605,7860.0
11.239999771118164,19.71999931335449,7861.0
13.640000343322754,19.36000061035156,7862.0
11.640000343322754,19.299999237060547,7863.0
11.859999656677246,19.399999618530277,7864.0
10.979999542236328,19.3799991607666,7865.0
13.359999656677246,19.31999969482422,7866.0
12.460000038146973,19.280000686645508,7867.0
12.600000381469728,19.36000061035156,7868.0
12.5,19.34000015258789,7869.0
12.100000381469728,19.81999969482422,7870.0
11.760000228881836,19.440000534057617,7871.0
11.539999961853027,19.36000061035156,7872.0
12.300000190734863,19.200000762939453,7873.0
12.380000114440918,19.040000915527344,7874.0
11.760000228881836,18.899999618530277,7875.0
13.399999618530272,19.040000915527344,7876.0
11.640000343322754,18.899999618530277,7877.0
13.020000457763672,18.899999618530277,7878.0
11.399999618530272,19.059999465942383,7879.0
12.5600004196167,18.940000534057617,7880.0
13.0,18.799999237060547,7881.0
13.380000114440918,18.979999542236328,7882.0
13.100000381469728,18.86000061035156,7883.0
13.100000381469728,18.68000030517578,7884.0
11.859999656677246,18.84000015258789,7885.0
11.18000030517578,18.63999938964844,7886.0
11.119999885559082,18.700000762939453,7887.0
11.300000190734863,18.71999931335449,7888.0
10.81999969482422,18.65999984741211,7889.0
11.380000114440918,18.71999931335449,7890.0
11.859999656677246,18.84000015258789,7891.0
13.359999656677246,18.600000381469727,7892.0
11.420000076293944,18.57999992370605,7893.0
11.140000343322754,18.780000686645508,7894.0
11.539999961853027,18.68000030517578,7895.0
13.520000457763672,18.799999237060547,7896.0
11.119999885559082,18.700000762939453,7897.0
11.699999809265137,18.71999931335449,7898.0
11.880000114440918,18.71999931335449,7899.0
11.020000457763672,18.84000015258789,7900.0
13.15999984741211,18.71999931335449,7901.0
11.579999923706056,18.81999969482422,7902.0
13.640000343322754,19.200000762939453,7903.0
nan,19.059999465942383,7904.0
13.15999984741211,19.239999771118164,7905.0
10.520000457763672,18.920000076293945,7906.0
11.260000228881836,18.959999084472656,7907.0
12.4399995803833,19.07999992370605,7908.0
nan,18.65999984741211,7909.0
12.020000457763672,18.84000015258789,7910.0
12.600000381469728,18.84000015258789,7911.0
11.260000228881836,19.100000381469727,7912.0
11.800000190734863,19.059999465942383,7913.0
11.5,19.040000915527344,7914.0
11.619999885559082,19.0,7915.0
12.0600004196167,19.200000762939453,7916.0
11.579999923706056,19.13999938964844,7917.0
11.600000381469728,19.26000022888184,7918.0
12.260000228881836,19.399999618530277,7919.0
11.579999923706056,19.65999984741211,7920.0
11.699999809265137,19.34000015258789,7921.0
11.699999809265137,19.34000015258789,7922.0
11.5600004196167,19.420000076293945,7923.0
11.5,19.31999969482422,7924.0
11.68000030517578,19.5,7925.0
11.300000190734863,19.459999084472656,7926.0
11.640000343322754,19.5,7927.0
13.779999732971191,19.520000457763672,7928.0
13.539999961853027,19.399999618530277,7929.0
13.600000381469728,19.26000022888184,7930.0
11.779999732971191,19.31999969482422,7931.0
12.760000228881836,19.3799991607666,7932.0
13.739999771118164,19.280000686645508,7933.0
12.100000381469728,19.13999938964844,7934.0
12.699999809265137,19.07999992370605,7935.0
11.800000190734863,19.21999931335449,7936.0
11.859999656677246,19.3799991607666,7937.0
12.199999809265137,19.15999984741211,7938.0
nan,19.36000061035156,7939.0
12.199999809265137,19.1200008392334,7940.0
12.960000038146973,19.07999992370605,7941.0
13.420000076293944,19.239999771118164,7942.0
13.5,19.239999771118164,7943.0
14.020000457763672,19.36000061035156,7944.0
11.420000076293944,19.1200008392334,7945.0
12.68000030517578,19.1200008392334,7946.0
12.4399995803833,19.440000534057617,7947.0
11.600000381469728,19.3799991607666,7948.0
12.300000190734863,19.5,7949.0
11.699999809265137,19.399999618530277,7950.0
11.239999771118164,19.3799991607666,7951.0
nan,18.799999237060547,7952.0
11.739999771118164,19.36000061035156,7953.0
13.880000114440918,19.540000915527344,7954.0
12.779999732971191,19.299999237060547,7955.0
9.539999961853027,19.280000686645508,7956.0
12.739999771118164,19.479999542236328,7957.0
nan,19.15999984741211,7958.0
nan,19.21999931335449,7959.0
12.960000038146973,19.15999984741211,7960.0
12.739999771118164,18.979999542236328,7961.0
13.239999771118164,18.899999618530277,7962.0
11.9399995803833,19.13999938964844,7963.0
11.359999656677246,19.700000762939453,7964.0
11.84000015258789,19.84000015258789,7965.0
11.779999732971191,19.559999465942383,7966.0
11.579999923706056,19.57999992370605,7967.0
11.859999656677246,20.63999938964844,7968.0
nan,20.65999984741211,7969.0
12.15999984741211,19.57999992370605,7970.0
12.84000015258789,19.15999984741211,7971.0
12.5,18.940000534057617,7972.0
10.920000076293944,19.059999465942383,7973.0
12.460000038146973,19.1200008392334,7974.0
12.84000015258789,19.100000381469727,7975.0
10.119999885559082,19.040000915527344,7976.0
11.039999961853027,19.100000381469727,7977.0
10.960000038146973,19.020000457763672,7978.0
10.020000457763672,19.540000915527344,7979.0
11.699999809265137,19.600000381469727,7980.0
10.81999969482422,19.36000061035156,7981.0
11.699999809265137,19.13999938964844,7982.0
13.399999618530272,19.3799991607666,7983.0
13.34000015258789,19.299999237060547,7984.0
12.100000381469728,19.18000030517578,7985.0
12.699999809265137,19.07999992370605,7986.0
12.760000228881836,19.420000076293945,7987.0
12.84000015258789,19.6200008392334,7988.0
13.460000038146973,19.559999465942383,7989.0
13.359999656677246,20.18000030517578,7990.0
nan,nan,7991.0
11.779999732971191,19.57999992370605,7992.0
13.300000190734863,19.15999984741211,7993.0
13.140000343322754,19.540000915527344,7994.0
13.119999885559082,19.239999771118164,7995.0
nan,nan,7996.0
11.279999732971191,18.979999542236328,7997.0
13.140000343322754,18.940000534057617,7998.0
nan,18.959999084472656,7999.0
12.9399995803833,18.979999542236328,8000.0
nan,18.940000534057617,8001.0
nan,18.8799991607666,8002.0
12.119999885559082,19.100000381469727,8003.0
nan,19.18000030517578,8004.0
12.380000114440918,19.0,8005.0
12.279999732971191,19.3799991607666,8006.0
nan,19.299999237060547,8007.0
12.399999618530272,19.36000061035156,8008.0
12.15999984741211,19.299999237060547,8009.0
12.5,19.34000015258789,8010.0
12.420000076293944,18.420000076293945,8011.0
nan,nan,8012.0
12.619999885559082,19.200000762939453,8013.0
12.479999542236328,19.26000022888184,8014.0
nan,19.799999237060547,8015.0
12.9399995803833,19.100000381469727,8016.0
11.880000114440918,18.979999542236328,8017.0
12.9399995803833,18.899999618530277,8018.0
12.460000038146973,19.31999969482422,8019.0
10.699999809265137,19.600000381469727,8020.0
11.600000381469728,19.1200008392334,8021.0
11.399999618530272,19.0,8022.0
12.279999732971191,18.799999237060547,8023.0
11.640000343322754,19.07999992370605,8024.0
12.520000457763672,19.520000457763672,8025.0
10.739999771118164,18.799999237060547,8026.0
10.84000015258789,21.07999992370605,8027.0
14.520000457763672,19.700000762939453,8028.0
14.0600004196167,20.700000762939453,8029.0
13.020000457763672,20.399999618530277,8030.0
12.279999732971191,19.520000457763672,8031.0
13.899999618530272,19.520000457763672,8032.0
12.260000228881836,20.040000915527344,8033.0
12.079999923706056,19.440000534057617,8034.0
nan,19.520000457763672,8035.0
11.81999969482422,19.600000381469727,8036.0
11.739999771118164,19.18000030517578,8037.0
11.960000038146973,19.239999771118164,8038.0
10.720000267028809,19.540000915527344,8039.0
10.779999732971191,19.86000061035156,8040.0
10.600000381469728,19.959999084472656,8041.0
11.300000190734863,20.0,8042.0
nan,18.86000061035156,8043.0
12.18000030517578,19.780000686645508,8044.0
nan,19.520000457763672,8045.0
14.640000343322754,19.76000022888184,8046.0
11.539999961853027,19.540000915527344,8047.0
nan,19.979999542236328,8048.0
13.640000343322754,19.739999771118164,8049.0
13.699999809265137,20.479999542236328,8050.0
14.300000190734863,19.559999465942383,8051.0
12.739999771118164,19.18000030517578,8052.0
11.899999618530272,19.520000457763672,8053.0
11.739999771118164,19.420000076293945,8054.0
12.279999732971191,19.559999465942383,8055.0
13.579999923706056,19.76000022888184,8056.0
12.079999923706056,19.13999938964844,8057.0
13.300000190734863,19.6200008392334,8058.0
nan,19.26000022888184,8059.0
nan,nan,8060.0
nan,18.739999771118164,8061.0
nan,nan,8062.0
nan,nan,8063.0
11.479999542236328,19.26000022888184,8064.0
10.260000228881836,19.040000915527344,8065.0
12.0,20.0,8066.0
12.479999542236328,19.65999984741211,8067.0
11.920000076293944,19.440000534057617,8068.0
11.600000381469728,19.540000915527344,8069.0
nan,19.559999465942383,8070.0
nan,19.059999465942383,8071.0
12.100000381469728,19.700000762939453,8072.0
nan,20.100000381469727,8073.0
11.880000114440918,19.899999618530277,8074.0
12.5600004196167,19.440000534057617,8075.0
nan,19.559999465942383,8076.0
nan,19.6200008392334,8077.0
nan,19.420000076293945,8078.0
nan,19.5,8079.0
nan,19.26000022888184,8080.0
nan,19.600000381469727,8081.0
12.4399995803833,19.18000030517578,8082.0
13.619999885559082,19.280000686645508,8083.0
13.960000038146973,19.36000061035156,8084.0
10.359999656677246,19.31999969482422,8085.0
nan,nan,8086.0
nan,nan,8087.0
nan,19.299999237060547,8088.0
nan,19.200000762939453,8089.0
13.5,19.399999618530277,8090.0
nan,19.780000686645508,8091.0
13.260000228881836,19.5,8092.0
nan,19.3799991607666,8093.0
nan,19.780000686645508,8094.0
nan,19.13999938964844,8095.0
12.420000076293944,19.18000030517578,8096.0
13.039999961853027,19.459999084472656,8097.0
12.140000343322754,19.18000030517578,8098.0
12.0,19.18000030517578,8099.0
12.600000381469728,19.040000915527344,8100.0
12.239999771118164,19.3799991607666,8101.0
11.380000114440918,19.34000015258789,8102.0
11.800000190734863,19.86000061035156,8103.0
12.279999732971191,19.459999084472656,8104.0
11.760000228881836,19.5,8105.0
11.720000267028809,19.200000762939453,8106.0
13.800000190734863,19.71999931335449,8107.0
11.65999984741211,19.520000457763672,8108.0
11.979999542236328,19.940000534057617,8109.0
10.579999923706056,19.559999465942383,8110.0
13.220000267028809,19.559999465942383,8111.0
12.260000228881836,19.420000076293945,8112.0
10.81999969482422,18.86000061035156,8113.0
11.880000114440918,19.100000381469727,8114.0
11.899999618530272,19.040000915527344,8115.0
12.0600004196167,19.040000915527344,8116.0
11.640000343322754,19.15999984741211,8117.0
12.920000076293944,19.100000381469727,8118.0
nan,19.18000030517578,8119.0
nan,19.020000457763672,8120.0
12.520000457763672,19.479999542236328,8121.0
nan,19.559999465942383,8122.0
11.979999542236328,19.299999237060547,8123.0
12.220000267028809,19.559999465942383,8124.0
9.399999618530272,19.459999084472656,8125.0
12.199999809265137,19.07999992370605,8126.0
10.260000228881836,19.200000762939453,8127.0
nan,19.020000457763672,8128.0
9.779999732971191,18.899999618530277,8129.0
11.380000114440918,18.86000061035156,8130.0
nan,18.959999084472656,8131.0
11.779999732971191,18.899999618530277,8132.0
12.34000015258789,19.100000381469727,8133.0
nan,19.1200008392334,8134.0
12.84000015258789,19.540000915527344,8135.0
nan,19.3799991607666,8136.0
12.4399995803833,19.1200008392334,8137.0
11.0600004196167,19.299999237060547,8138.0
12.079999923706056,19.040000915527344,8139.0
12.479999542236328,19.26000022888184,8140.0
13.279999732971191,19.13999938964844,8141.0
12.960000038146973,19.15999984741211,8142.0
9.779999732971191,19.459999084472656,8143.0
9.479999542236328,19.68000030517578,8144.0
13.119999885559082,19.8799991607666,8145.0
11.039999961853027,19.81999969482422,8146.0
12.899999618530272,19.940000534057617,8147.0
10.239999771118164,20.3799991607666,8148.0
10.0600004196167,20.0,8149.0
12.5600004196167,20.1200008392334,8150.0
10.31999969482422,19.739999771118164,8151.0
12.34000015258789,19.540000915527344,8152.0
12.119999885559082,19.459999084472656,8153.0
11.9399995803833,20.280000686645508,8154.0
12.31999969482422,20.459999084472656,8155.0
12.260000228881836,20.5,8156.0
13.0600004196167,nan,8157.0
11.600000381469728,19.799999237060547,8158.0
12.899999618530272,20.200000762939453,8159.0
11.640000343322754,nan,8160.0
nan,nan,8161.0
11.18000030517578,19.3799991607666,8162.0
nan,18.940000534057617,8163.0
nan,19.940000534057617,8164.0
nan,nan,8165.0
nan,19.57999992370605,8166.0
14.420000076293944,19.5,8167.0
13.619999885559082,19.440000534057617,8168.0
nan,19.200000762939453,8169.0
nan,19.3799991607666,8170.0
nan,19.200000762939453,8171.0
12.779999732971191,19.100000381469727,8172.0
nan,nan,8173.0
13.260000228881836,21.420000076293945,8174.0
12.579999923706056,nan,8175.0
nan,nan,8176.0
13.979999542236328,19.8799991607666,8177.0
nan,nan,8178.0
nan,20.020000457763672,8179.0
12.5600004196167,19.6200008392334,8180.0
12.81999969482422,19.799999237060547,8181.0
12.220000267028809,19.71999931335449,8182.0
12.199999809265137,20.15999984741211,8183.0
9.619999885559082,20.399999618530277,8184.0
11.960000038146973,20.36000061035156,8185.0
10.81999969482422,20.280000686645508,8186.0
nan,20.040000915527344,8187.0
nan,21.86000061035156,8188.0
nan,21.21999931335449,8189.0
nan,nan,8190.0
12.619999885559082,19.440000534057617,8191.0
nan,19.86000061035156,8192.0
12.699999809265137,20.07999992370605,8193.0
11.920000076293944,19.559999465942383,8194.0
12.020000457763672,19.399999618530277,8195.0
12.359999656677246,19.420000076293945,8196.0
13.479999542236328,19.559999465942383,8197.0
nan,19.18000030517578,8198.0
12.260000228881836,19.34000015258789,8199.0
11.960000038146973,19.71999931335449,8200.0
nan,nan,8201.0
13.359999656677246,19.65999984741211,8202.0
nan,18.979999542236328,8203.0
13.779999732971191,19.479999542236328,8204.0
nan,19.6200008392334,8205.0
nan,nan,8206.0
12.0,19.57999992370605,8207.0
11.239999771118164,19.479999542236328,8208.0
nan,19.81999969482422,8209.0
11.239999771118164,19.3799991607666,8210.0
10.899999618530272,19.520000457763672,8211.0
nan,19.959999084472656,8212.0
nan,19.600000381469727,8213.0
nan,20.100000381469727,8214.0
12.579999923706056,20.18000030517578,8215.0
14.34000015258789,20.479999542236328,8216.0
14.0,20.18000030517578,8217.0
11.640000343322754,20.459999084472656,8218.0
11.800000190734863,20.440000534057617,8219.0
13.199999809265137,20.36000061035156,8220.0
12.420000076293944,20.200000762939453,8221.0
nan,19.81999969482422,8222.0
13.479999542236328,19.440000534057617,8223.0
nan,20.040000915527344,8224.0
12.739999771118164,19.71999931335449,8225.0
13.34000015258789,19.63999938964844,8226.0
nan,19.86000061035156,8227.0
12.18000030517578,19.399999618530277,8228.0
11.720000267028809,19.479999542236328,8229.0
11.920000076293944,19.3799991607666,8230.0
13.619999885559082,19.26000022888184,8231.0
12.239999771118164,19.280000686645508,8232.0
13.460000038146973,19.76000022888184,8233.0
14.420000076293944,19.26000022888184,8234.0
12.220000267028809,19.780000686645508,8235.0
12.100000381469728,19.63999938964844,8236.0
12.460000038146973,nan,8237.0
13.079999923706056,19.21999931335449,8238.0
11.9399995803833,19.71999931335449,8239.0
12.279999732971191,20.739999771118164,8240.0
12.380000114440918,20.020000457763672,8241.0
11.720000267028809,19.520000457763672,8242.0
13.859999656677246,19.979999542236328,8243.0
nan,19.26000022888184,8244.0
nan,19.57999992370605,8245.0
13.600000381469728,19.559999465942383,8246.0
13.399999618530272,19.780000686645508,8247.0
nan,20.059999465942383,8248.0
nan,19.71999931335449,8249.0
12.260000228881836,19.780000686645508,8250.0
nan,19.920000076293945,8251.0
13.579999923706056,19.81999969482422,8252.0
13.539999961853027,19.440000534057617,8253.0
13.800000190734863,19.68000030517578,8254.0
12.859999656677246,19.8799991607666,8255.0
13.84000015258789,19.440000534057617,8256.0
13.460000038146973,19.899999618530277,8257.0
12.420000076293944,19.940000534057617,8258.0
11.779999732971191,19.979999542236328,8259.0
13.140000343322754,20.040000915527344,8260.0
12.899999618530272,20.13999938964844,8261.0
13.380000114440918,20.059999465942383,8262.0
13.720000267028809,20.07999992370605,8263.0
13.779999732971191,20.059999465942383,8264.0
nan,19.8799991607666,8265.0
12.739999771118164,nan,8266.0
nan,19.8799991607666,8267.0
13.140000343322754,20.0,8268.0
12.899999618530272,20.020000457763672,8269.0
12.81999969482422,19.81999969482422,8270.0
12.5600004196167,19.6200008392334,8271.0
12.079999923706056,19.71999931335449,8272.0
nan,19.65999984741211,8273.0
13.0600004196167,19.440000534057617,8274.0
12.880000114440918,18.899999618530277,8275.0
12.460000038146973,19.36000061035156,8276.0
12.079999923706056,19.280000686645508,8277.0
15.100000381469728,19.600000381469727,8278.0
9.699999809265137,19.520000457763672,8279.0
13.039999961853027,19.6200008392334,8280.0
nan,19.739999771118164,8281.0
9.859999656677246,19.71999931335449,8282.0
12.880000114440918,19.700000762939453,8283.0
13.220000267028809,20.059999465942383,8284.0
12.859999656677246,19.700000762939453,8285.0
13.539999961853027,20.020000457763672,8286.0
11.380000114440918,20.26000022888184,8287.0
12.460000038146973,19.76000022888184,8288.0
13.100000381469728,19.299999237060547,8289.0
11.899999618530272,19.81999969482422,8290.0
11.520000457763672,19.700000762939453,8291.0
12.420000076293944,19.780000686645508,8292.0
12.359999656677246,19.780000686645508,8293.0
10.979999542236328,19.780000686645508,8294.0
13.65999984741211,19.979999542236328,8295.0
11.239999771118164,19.71999931335449,8296.0
13.619999885559082,19.239999771118164,8297.0
12.0600004196167,20.780000686645508,8298.0
nan,nan,8299.0
nan,19.940000534057617,8300.0
13.420000076293944,19.940000534057617,8301.0
11.5,19.780000686645508,8302.0
12.0600004196167,19.559999465942383,8303.0
nan,19.459999084472656,8304.0
11.68000030517578,19.540000915527344,8305.0
nan,19.86000061035156,8306.0
13.520000457763672,19.600000381469727,8307.0
12.760000228881836,19.600000381469727,8308.0
10.359999656677246,19.780000686645508,8309.0
13.460000038146973,20.18000030517578,8310.0
13.520000457763672,nan,8311.0
13.380000114440918,nan,8312.0
13.239999771118164,19.739999771118164,8313.0
nan,19.13999938964844,8314.0
13.199999809265137,19.68000030517578,8315.0
13.859999656677246,19.8799991607666,8316.0
14.119999885559082,20.65999984741211,8317.0
12.399999618530272,19.899999618530277,8318.0
12.960000038146973,19.520000457763672,8319.0
13.020000457763672,19.8799991607666,8320.0
12.920000076293944,19.6200008392334,8321.0
12.859999656677246,19.780000686645508,8322.0
12.399999618530272,19.440000534057617,8323.0
12.920000076293944,19.420000076293945,8324.0
12.859999656677246,19.959999084472656,8325.0
13.579999923706056,20.420000076293945,8326.0
13.739999771118164,19.8799991607666,8327.0
14.260000228881836,20.100000381469727,8328.0
13.920000076293944,19.6200008392334,8329.0
nan,19.700000762939453,8330.0
nan,19.780000686645508,8331.0
nan,19.559999465942383,8332.0
12.119999885559082,19.6200008392334,8333.0
nan,19.63999938964844,8334.0
nan,19.86000061035156,8335.0
10.619999885559082,19.739999771118164,8336.0
nan,19.959999084472656,8337.0
10.380000114440918,19.780000686645508,8338.0
nan,19.979999542236328,8339.0
nan,19.6200008392334,8340.0
nan,19.459999084472656,8341.0
nan,nan,8342.0
13.5,19.68000030517578,8343.0
13.260000228881836,19.600000381469727,8344.0
12.4399995803833,19.479999542236328,8345.0
14.100000381469728,19.3799991607666,8346.0
11.859999656677246,19.6200008392334,8347.0
nan,19.739999771118164,8348.0
11.81999969482422,19.459999084472656,8349.0
11.960000038146973,19.21999931335449,8350.0
12.239999771118164,nan,8351.0
12.699999809265137,21.63999938964844,8352.0
12.34000015258789,19.920000076293945,8353.0
12.859999656677246,19.57999992370605,8354.0
13.520000457763672,19.71999931335449,8355.0
14.039999961853027,19.600000381469727,8356.0
13.0,20.020000457763672,8357.0
14.84000015258789,21.3799991607666,8358.0
nan,20.0,8359.0
13.300000190734863,20.57999992370605,8360.0
12.199999809265137,19.68000030517578,8361.0
13.31999969482422,20.13999938964844,8362.0
12.119999885559082,20.040000915527344,8363.0
11.859999656677246,20.040000915527344,8364.0
12.5,19.280000686645508,8365.0
12.760000228881836,20.1200008392334,8366.0
13.300000190734863,19.979999542236328,8367.0
11.84000015258789,20.0,8368.0
11.760000228881836,20.21999931335449,8369.0
11.479999542236328,19.979999542236328,8370.0
12.100000381469728,19.84000015258789,8371.0
nan,20.15999984741211,8372.0
14.34000015258789,19.71999931335449,8373.0
15.199999809265137,19.71999931335449,8374.0
13.84000015258789,19.420000076293945,8375.0
13.0600004196167,20.15999984741211,8376.0
12.380000114440918,19.65999984741211,8377.0
11.739999771118164,19.8799991607666,8378.0
13.15999984741211,20.200000762939453,8379.0
10.880000114440918,19.76000022888184,8380.0
12.239999771118164,19.8799991607666,8381.0
11.699999809265137,19.940000534057617,8382.0
9.880000114440918,19.76000022888184,8383.0
12.920000076293944,20.020000457763672,8384.0
12.199999809265137,20.040000915527344,8385.0
9.859999656677246,19.899999618530277,8386.0
11.81999969482422,19.63999938964844,8387.0
11.979999542236328,19.280000686645508,8388.0
12.039999961853027,19.700000762939453,8389.0
13.619999885559082,19.71999931335449,8390.0
11.420000076293944,20.520000457763672,8391.0
11.4399995803833,20.420000076293945,8392.0
12.399999618530272,20.100000381469727,8393.0
11.520000457763672,19.6200008392334,8394.0
12.9399995803833,20.63999938964844,8395.0
12.140000343322754,19.76000022888184,8396.0
13.420000076293944,20.040000915527344,8397.0
12.65999984741211,20.3799991607666,8398.0
11.760000228881836,20.3799991607666,8399.0
11.65999984741211,20.459999084472656,8400.0
12.539999961853027,20.5,8401.0
11.979999542236328,20.100000381469727,8402.0
12.260000228881836,20.18000030517578,8403.0
12.100000381469728,20.100000381469727,8404.0
11.779999732971191,21.059999465942383,8405.0
12.0,20.1200008392334,8406.0
12.199999809265137,19.799999237060547,8407.0
11.9399995803833,19.86000061035156,8408.0
11.739999771118164,19.940000534057617,8409.0
12.0,20.020000457763672,8410.0
12.34000015258789,19.86000061035156,8411.0
12.34000015258789,19.979999542236328,8412.0
11.68000030517578,20.63999938964844,8413.0
14.720000267028809,19.700000762939453,8414.0
9.979999542236328,20.100000381469727,8415.0
nan,20.86000061035156,8416.0
nan,nan,8417.0
nan,18.200000762939453,8418.0
13.15999984741211,19.65999984741211,8419.0
11.15999984741211,20.059999465942383,8420.0
nan,20.21999931335449,8421.0
nan,20.020000457763672,8422.0
10.539999961853027,20.1200008392334,8423.0
10.859999656677246,nan,8424.0
nan,19.65999984741211,8425.0
nan,20.540000915527344,8426.0
nan,19.739999771118164,8427.0
nan,19.6200008392334,8428.0
13.220000267028809,19.57999992370605,8429.0
13.260000228881836,19.65999984741211,8430.0
12.34000015258789,19.71999931335449,8431.0
13.279999732971191,20.76000022888184,8432.0
nan,21.5,8433.0
nan,20.5,8434.0
11.9399995803833,nan,8435.0
nan,nan,8436.0
12.479999542236328,nan,8437.0
nan,18.899999618530277,8438.0
nan,nan,8439.0
13.220000267028809,21.5,8440.0
13.739999771118164,21.899999618530277,8441.0
13.140000343322754,20.100000381469727,8442.0
12.880000114440918,19.86000061035156,8443.0
12.140000343322754,19.31999969482422,8444.0
12.359999656677246,19.780000686645508,8445.0
12.420000076293944,20.059999465942383,8446.0
14.18000030517578,20.940000534057617,8447.0
15.239999771118164,21.18000030517578,8448.0
13.920000076293944,21.459999084472656,8449.0
13.5,20.81999969482422,8450.0
14.279999732971191,20.780000686645508,8451.0
13.0600004196167,19.84000015258789,8452.0
12.199999809265137,20.71999931335449,8453.0
nan,20.21999931335449,8454.0
11.0,19.780000686645508,8455.0
nan,19.57999992370605,8456.0
11.100000381469728,19.559999465942383,8457.0
12.18000030517578,19.84000015258789,8458.0
12.079999923706056,19.520000457763672,8459.0
nan,19.26000022888184,8460.0
14.68000030517578,19.739999771118164,8461.0
13.31999969482422,19.399999618530277,8462.0
11.859999656677246,19.6200008392334,8463.0
12.479999542236328,19.6200008392334,8464.0
9.539999961853027,19.799999237060547,8465.0
nan,20.020000457763672,8466.0
nan,19.700000762939453,8467.0
14.65999984741211,nan,8468.0
9.760000228881836,19.34000015258789,8469.0
nan,19.3799991607666,8470.0
14.0600004196167,19.57999992370605,8471.0
12.0600004196167,19.68000030517578,8472.0
11.600000381469728,19.65999984741211,8473.0
nan,19.6200008392334,8474.0
12.140000343322754,19.559999465942383,8475.0
nan,19.65999984741211,8476.0
nan,19.780000686645508,8477.0
11.9399995803833,20.18000030517578,8478.0
11.260000228881836,19.780000686645508,8479.0
nan,19.65999984741211,8480.0
12.0,19.559999465942383,8481.0
12.68000030517578,19.559999465942383,8482.0
11.279999732971191,19.5,8483.0
11.739999771118164,19.540000915527344,8484.0
11.779999732971191,19.559999465942383,8485.0
12.199999809265137,19.6200008392334,8486.0
nan,19.6200008392334,8487.0
11.239999771118164,19.540000915527344,8488.0
nan,19.07999992370605,8489.0
12.279999732971191,19.700000762939453,8490.0
9.760000228881836,19.479999542236328,8491.0
12.779999732971191,19.65999984741211,8492.0
11.859999656677246,19.700000762939453,8493.0
12.34000015258789,19.899999618530277,8494.0
15.020000457763672,20.18000030517578,8495.0
13.539999961853027,19.68000030517578,8496.0
13.140000343322754,19.600000381469727,8497.0
12.579999923706056,19.71999931335449,8498.0
nan,19.68000030517578,8499.0
12.239999771118164,19.5,8500.0
10.960000038146973,19.420000076293945,8501.0
11.859999656677246,19.6200008392334,8502.0
12.300000190734863,19.76000022888184,8503.0
11.84000015258789,19.559999465942383,8504.0
12.15999984741211,19.68000030517578,8505.0
12.18000030517578,19.81999969482422,8506.0
12.619999885559082,19.5,8507.0
12.199999809265137,19.700000762939453,8508.0
11.699999809265137,19.700000762939453,8509.0
11.899999618530272,19.57999992370605,8510.0
12.579999923706056,19.520000457763672,8511.0
11.539999961853027,19.739999771118164,8512.0
12.0,19.57999992370605,8513.0
13.199999809265137,20.059999465942383,8514.0
12.100000381469728,19.520000457763672,8515.0
14.15999984741211,19.600000381469727,8516.0
12.779999732971191,19.86000061035156,8517.0
12.380000114440918,19.700000762939453,8518.0
12.380000114440918,19.6200008392334,8519.0
11.84000015258789,19.700000762939453,8520.0
12.520000457763672,19.71999931335449,8521.0
12.520000457763672,19.63999938964844,8522.0
12.359999656677246,19.84000015258789,8523.0
12.359999656677246,19.799999237060547,8524.0
11.960000038146973,19.959999084472656,8525.0
11.720000267028809,19.76000022888184,8526.0
11.920000076293944,19.540000915527344,8527.0
12.15999984741211,19.700000762939453,8528.0
nan,nan,8529.0
