p_pick_sec,s_pick_sec,denoised_channels
15.739999771118164,15.960000038146973,0.0
15.640000343322754,16.020000457763672,1.0
15.579999923706055,48.81999969482422,2.0
15.619999885559082,15.800000190734863,3.0
15.539999961853027,15.979999542236328,4.0
15.520000457763672,15.720000267028809,5.0
15.5,15.680000305175781,6.0
15.34000015258789,15.819999694824219,7.0
15.5,16.18000030517578,8.0
15.600000381469727,16.18000030517578,9.0
15.5600004196167,34.34000015258789,10.0
15.5,34.540000915527344,11.0
15.0600004196167,34.70000076293945,12.0
15.0600004196167,24.579999923706055,13.0
15.359999656677246,26.020000457763672,14.0
15.100000381469727,26.100000381469727,15.0
15.399999618530273,25.31999969482422,16.0
15.399999618530273,22.3799991607666,17.0
15.359999656677246,22.219999313354492,18.0
119.4000015258789,16.020000457763672,19.0
10.720000267028809,15.859999656677246,20.0
10.65999984741211,15.899999618530273,21.0
119.45999908447266,15.800000190734863,22.0
8.819999694824219,15.880000114440918,23.0
119.4800033569336,15.880000114440918,24.0
119.4800033569336,15.760000228881836,25.0
119.4800033569336,16.040000915527344,26.0
9.079999923706055,12.300000190734863,27.0
9.199999809265137,15.779999732971191,28.0
9.079999923706055,28.3799991607666,29.0
9.020000457763672,28.260000228881836,30.0
10.5,28.34000015258789,31.0
10.399999618530273,15.920000076293945,32.0
10.65999984741211,16.020000457763672,33.0
10.579999923706055,16.020000457763672,34.0
10.520000457763672,15.819999694824219,35.0
9.279999732971191,16.260000228881836,36.0
9.399999618530273,15.779999732971191,37.0
9.680000305175781,16.200000762939453,38.0
9.239999771118164,15.779999732971191,39.0
8.739999771118164,15.760000228881836,40.0
8.380000114440918,15.619999885559082,41.0
8.020000457763672,8.34000015258789,42.0
7.960000038146973,8.460000038146973,43.0
8.520000457763672,15.720000267028809,44.0
8.84000015258789,12.239999771118164,45.0
9.479999542236328,11.920000076293945,46.0
8.84000015258789,15.65999984741211,47.0
8.819999694824219,16.059999465942383,48.0
8.739999771118164,52.2599983215332,49.0
48.900001525878906,52.279998779296875,50.0
8.380000114440918,15.5,51.0
8.5600004196167,15.260000228881836,52.0
8.84000015258789,15.460000038146973,53.0
8.920000076293945,15.5600004196167,54.0
8.699999809265137,15.319999694824219,55.0
8.84000015258789,15.520000457763672,56.0
8.699999809265137,15.359999656677246,57.0
8.720000267028809,15.460000038146973,58.0
8.800000190734863,15.420000076293945,59.0
8.800000190734863,15.460000038146973,60.0
8.979999542236328,15.15999984741211,61.0
8.920000076293945,15.119999885559082,62.0
8.779999732971191,15.4399995803833,63.0
8.920000076293945,15.479999542236328,64.0
9.100000381469727,15.420000076293945,65.0
8.880000114440918,15.520000457763672,66.0
8.920000076293945,14.899999618530273,67.0
8.920000076293945,14.520000457763672,68.0
8.859999656677246,14.65999984741211,69.0
8.960000038146973,15.460000038146973,70.0
8.979999542236328,15.579999923706055,71.0
9.020000457763672,15.65999984741211,72.0
9.0,15.65999984741211,73.0
9.079999923706055,15.380000114440918,74.0
9.079999923706055,15.579999923706055,75.0
9.0,15.84000015258789,76.0
9.279999732971191,15.699999809265137,77.0
9.15999984741211,15.65999984741211,78.0
9.020000457763672,15.800000190734863,79.0
9.239999771118164,15.65999984741211,80.0
9.15999984741211,15.699999809265137,81.0
9.220000267028809,15.65999984741211,82.0
9.15999984741211,15.680000305175781,83.0
8.960000038146973,15.779999732971191,84.0
9.039999961853027,15.899999618530273,85.0
9.180000305175781,15.739999771118164,86.0
9.039999961853027,15.65999984741211,87.0
9.0600004196167,15.680000305175781,88.0
9.239999771118164,15.699999809265137,89.0
9.039999961853027,15.720000267028809,90.0
9.140000343322754,15.739999771118164,91.0
8.720000267028809,15.680000305175781,92.0
8.800000190734863,15.84000015258789,93.0
8.920000076293945,15.819999694824219,94.0
9.100000381469727,15.819999694824219,95.0
8.979999542236328,15.899999618530273,96.0
8.960000038146973,15.619999885559082,97.0
9.239999771118164,15.600000381469727,98.0
9.0,15.619999885559082,99.0
9.199999809265137,15.619999885559082,100.0
9.119999885559082,15.65999984741211,101.0
9.119999885559082,15.619999885559082,102.0
9.100000381469727,15.579999923706055,103.0
9.100000381469727,15.5,104.0
9.359999656677246,15.5600004196167,105.0
9.359999656677246,15.600000381469727,106.0
9.399999618530273,15.720000267028809,107.0
9.640000343322754,15.5600004196167,108.0
9.520000457763672,15.600000381469727,109.0
9.380000114440918,15.84000015258789,110.0
9.15999984741211,15.520000457763672,111.0
9.399999618530273,15.5,112.0
9.399999618530273,15.520000457763672,113.0
9.359999656677246,15.5,114.0
9.279999732971191,15.460000038146973,115.0
9.359999656677246,15.460000038146973,116.0
9.399999618530273,15.380000114440918,117.0
9.279999732971191,15.380000114440918,118.0
9.199999809265137,15.239999771118164,119.0
9.140000343322754,15.260000228881836,120.0
9.4399995803833,15.239999771118164,121.0
9.460000038146973,15.460000038146973,122.0
9.239999771118164,15.199999809265137,123.0
9.239999771118164,15.4399995803833,124.0
9.359999656677246,15.5,125.0
9.460000038146973,15.300000190734863,126.0
9.380000114440918,15.479999542236328,127.0
9.399999618530273,15.460000038146973,128.0
9.380000114440918,15.5600004196167,129.0
9.119999885559082,15.300000190734863,130.0
9.359999656677246,15.359999656677246,131.0
9.260000228881836,15.399999618530273,132.0
9.199999809265137,15.399999618530273,133.0
9.220000267028809,15.640000343322754,134.0
9.15999984741211,15.420000076293945,135.0
9.220000267028809,15.399999618530273,136.0
9.199999809265137,15.420000076293945,137.0
9.239999771118164,15.819999694824219,138.0
9.199999809265137,15.539999961853027,139.0
9.119999885559082,15.479999542236328,140.0
9.199999809265137,15.520000457763672,141.0
9.239999771118164,15.5600004196167,142.0
9.119999885559082,15.579999923706055,143.0
8.960000038146973,15.520000457763672,144.0
9.119999885559082,15.579999923706055,145.0
9.220000267028809,15.619999885559082,146.0
9.279999732971191,15.539999961853027,147.0
9.359999656677246,15.680000305175781,148.0
9.34000015258789,15.619999885559082,149.0
9.199999809265137,15.619999885559082,150.0
9.15999984741211,15.5,151.0
9.199999809265137,15.399999618530273,152.0
9.300000190734863,15.399999618530273,153.0
9.399999618530273,15.4399995803833,154.0
9.460000038146973,15.680000305175781,155.0
9.4399995803833,15.579999923706055,156.0
9.279999732971191,15.65999984741211,157.0
9.319999694824219,15.739999771118164,158.0
9.359999656677246,15.739999771118164,159.0
9.300000190734863,15.640000343322754,160.0
9.319999694824219,15.699999809265137,161.0
9.380000114440918,15.640000343322754,162.0
9.279999732971191,15.619999885559082,163.0
9.359999656677246,15.720000267028809,164.0
9.420000076293945,15.699999809265137,165.0
9.5,15.600000381469727,166.0
9.359999656677246,15.5600004196167,167.0
9.34000015258789,15.579999923706055,168.0
9.239999771118164,15.539999961853027,169.0
9.140000343322754,15.460000038146973,170.0
9.140000343322754,15.65999984741211,171.0
9.140000343322754,15.579999923706055,172.0
9.119999885559082,15.619999885559082,173.0
9.039999961853027,15.520000457763672,174.0
9.100000381469727,15.5600004196167,175.0
9.079999923706055,15.600000381469727,176.0
9.100000381469727,15.680000305175781,177.0
9.239999771118164,15.880000114440918,178.0
9.079999923706055,15.65999984741211,179.0
9.079999923706055,15.739999771118164,180.0
9.199999809265137,15.65999984741211,181.0
8.960000038146973,15.680000305175781,182.0
9.0,15.619999885559082,183.0
9.020000457763672,15.640000343322754,184.0
8.9399995803833,15.699999809265137,185.0
8.920000076293945,15.699999809265137,186.0
8.899999618530273,15.699999809265137,187.0
8.920000076293945,15.640000343322754,188.0
9.15999984741211,15.5600004196167,189.0
8.960000038146973,15.579999923706055,190.0
9.0,15.460000038146973,191.0
9.100000381469727,15.460000038146973,192.0
9.020000457763672,15.640000343322754,193.0
9.15999984741211,15.5600004196167,194.0
9.100000381469727,15.579999923706055,195.0
9.140000343322754,15.5,196.0
9.039999961853027,15.600000381469727,197.0
9.0600004196167,15.460000038146973,198.0
9.0,15.539999961853027,199.0
8.979999542236328,15.5600004196167,200.0
9.119999885559082,15.619999885559082,201.0
9.0,15.680000305175781,202.0
9.020000457763672,15.880000114440918,203.0
8.960000038146973,15.84000015258789,204.0
8.979999542236328,15.680000305175781,205.0
9.020000457763672,15.680000305175781,206.0
8.9399995803833,15.619999885559082,207.0
9.15999984741211,15.520000457763672,208.0
9.119999885559082,15.4399995803833,209.0
8.920000076293945,15.520000457763672,210.0
9.220000267028809,15.5600004196167,211.0
8.9399995803833,15.539999961853027,212.0
8.920000076293945,15.539999961853027,213.0
8.9399995803833,15.5600004196167,214.0
8.920000076293945,15.579999923706055,215.0
8.880000114440918,15.5600004196167,216.0
8.920000076293945,15.65999984741211,217.0
8.9399995803833,15.539999961853027,218.0
9.239999771118164,15.5600004196167,219.0
8.9399995803833,15.600000381469727,220.0
9.199999809265137,15.579999923706055,221.0
9.239999771118164,15.680000305175781,222.0
9.15999984741211,15.5600004196167,223.0
9.15999984741211,15.5600004196167,224.0
8.9399995803833,15.579999923706055,225.0
8.9399995803833,15.5,226.0
8.9399995803833,15.520000457763672,227.0
8.9399995803833,15.479999542236328,228.0
8.880000114440918,15.579999923706055,229.0
8.859999656677246,15.640000343322754,230.0
8.899999618530273,15.520000457763672,231.0
8.920000076293945,15.520000457763672,232.0
8.899999618530273,15.619999885559082,233.0
8.880000114440918,15.84000015258789,234.0
8.979999542236328,15.619999885559082,235.0
9.020000457763672,15.5600004196167,236.0
9.0,15.619999885559082,237.0
8.84000015258789,15.65999984741211,238.0
9.020000457763672,15.779999732971191,239.0
8.899999618530273,15.619999885559082,240.0
8.920000076293945,15.65999984741211,241.0
8.920000076293945,15.520000457763672,242.0
9.119999885559082,15.479999542236328,243.0
8.979999542236328,15.65999984741211,244.0
8.920000076293945,15.619999885559082,245.0
8.859999656677246,15.5600004196167,246.0
8.779999732971191,15.479999542236328,247.0
8.899999618530273,15.539999961853027,248.0
8.779999732971191,15.4399995803833,249.0
8.680000305175781,15.5,250.0
8.779999732971191,15.600000381469727,251.0
8.680000305175781,15.65999984741211,252.0
8.579999923706055,15.5,253.0
8.720000267028809,15.539999961853027,254.0
8.800000190734863,15.619999885559082,255.0
8.859999656677246,15.5600004196167,256.0
8.760000228881836,15.5,257.0
8.720000267028809,15.479999542236328,258.0
8.699999809265137,15.34000015258789,259.0
8.739999771118164,15.479999542236328,260.0
8.760000228881836,15.359999656677246,261.0
8.739999771118164,15.579999923706055,262.0
8.739999771118164,15.399999618530273,263.0
8.65999984741211,15.539999961853027,264.0
8.800000190734863,15.460000038146973,265.0
8.779999732971191,15.460000038146973,266.0
8.760000228881836,15.520000457763672,267.0
8.960000038146973,15.5600004196167,268.0
8.920000076293945,15.479999542236328,269.0
8.819999694824219,15.5,270.0
9.15999984741211,15.600000381469727,271.0
9.0,15.619999885559082,272.0
9.119999885559082,15.5600004196167,273.0
8.979999542236328,15.460000038146973,274.0
9.039999961853027,15.460000038146973,275.0
8.739999771118164,15.5,276.0
9.0,15.420000076293945,277.0
8.84000015258789,15.5,278.0
8.720000267028809,15.279999732971191,279.0
8.739999771118164,15.420000076293945,280.0
8.720000267028809,15.359999656677246,281.0
8.720000267028809,15.479999542236328,282.0
8.739999771118164,15.5,283.0
8.720000267028809,15.619999885559082,284.0
8.739999771118164,15.65999984741211,285.0
8.640000343322754,15.600000381469727,286.0
8.680000305175781,15.420000076293945,287.0
8.65999984741211,15.479999542236328,288.0
8.720000267028809,15.619999885559082,289.0
8.960000038146973,15.460000038146973,290.0
9.0600004196167,15.4399995803833,291.0
9.0,15.4399995803833,292.0
9.119999885559082,15.579999923706055,293.0
9.039999961853027,15.65999984741211,294.0
9.100000381469727,15.420000076293945,295.0
8.84000015258789,15.539999961853027,296.0
9.319999694824219,15.279999732971191,297.0
9.079999923706055,15.199999809265137,298.0
9.239999771118164,15.34000015258789,299.0
8.960000038146973,15.4399995803833,300.0
9.079999923706055,15.319999694824219,301.0
8.960000038146973,15.279999732971191,302.0
9.079999923706055,15.380000114440918,303.0
9.039999961853027,15.079999923706055,304.0
8.800000190734863,15.399999618530273,305.0
8.800000190734863,15.220000267028809,306.0
8.779999732971191,15.260000228881836,307.0
8.920000076293945,15.119999885559082,308.0
8.880000114440918,15.199999809265137,309.0
9.15999984741211,15.420000076293945,310.0
9.199999809265137,15.279999732971191,311.0
9.15999984741211,15.34000015258789,312.0
9.020000457763672,15.199999809265137,313.0
9.039999961853027,15.119999885559082,314.0
8.800000190734863,15.239999771118164,315.0
8.9399995803833,15.319999694824219,316.0
8.899999618530273,15.34000015258789,317.0
9.199999809265137,15.399999618530273,318.0
9.15999984741211,15.520000457763672,319.0
9.239999771118164,15.279999732971191,320.0
9.220000267028809,15.460000038146973,321.0
9.15999984741211,15.680000305175781,322.0
9.199999809265137,15.5600004196167,323.0
9.0,15.5600004196167,324.0
9.260000228881836,15.600000381469727,325.0
9.279999732971191,15.520000457763672,326.0
9.15999984741211,15.34000015258789,327.0
9.239999771118164,15.199999809265137,328.0
9.079999923706055,15.0600004196167,329.0
9.220000267028809,15.15999984741211,330.0
9.180000305175781,15.199999809265137,331.0
9.260000228881836,15.199999809265137,332.0
9.220000267028809,15.279999732971191,333.0
9.140000343322754,15.520000457763672,334.0
9.039999961853027,15.520000457763672,335.0
9.100000381469727,15.520000457763672,336.0
8.819999694824219,15.600000381469727,337.0
9.100000381469727,15.520000457763672,338.0
8.760000228881836,15.5600004196167,339.0
8.779999732971191,15.380000114440918,340.0
9.079999923706055,15.359999656677246,341.0
9.199999809265137,15.34000015258789,342.0
8.9399995803833,15.279999732971191,343.0
8.920000076293945,15.260000228881836,344.0
9.079999923706055,15.279999732971191,345.0
9.260000228881836,15.34000015258789,346.0
8.899999618530273,15.359999656677246,347.0
9.239999771118164,15.34000015258789,348.0
9.399999618530273,15.380000114440918,349.0
9.399999618530273,15.399999618530273,350.0
9.380000114440918,15.420000076293945,351.0
9.34000015258789,15.359999656677246,352.0
9.199999809265137,15.359999656677246,353.0
9.319999694824219,15.399999618530273,354.0
9.239999771118164,15.460000038146973,355.0
9.079999923706055,15.399999618530273,356.0
9.100000381469727,15.479999542236328,357.0
9.079999923706055,15.5,358.0
9.199999809265137,15.239999771118164,359.0
8.920000076293945,15.359999656677246,360.0
8.979999542236328,15.239999771118164,361.0
8.9399995803833,15.279999732971191,362.0
9.039999961853027,15.4399995803833,363.0
9.0,15.220000267028809,364.0
9.260000228881836,15.239999771118164,365.0
9.34000015258789,15.420000076293945,366.0
9.34000015258789,15.65999984741211,367.0
9.399999618530273,15.619999885559082,368.0
9.399999618530273,15.720000267028809,369.0
9.420000076293945,15.720000267028809,370.0
9.380000114440918,15.819999694824219,371.0
9.4399995803833,15.680000305175781,372.0
9.359999656677246,15.5,373.0
9.4399995803833,15.579999923706055,374.0
9.5,15.640000343322754,375.0
9.600000381469727,15.619999885559082,376.0
9.5,15.579999923706055,377.0
9.5,15.619999885559082,378.0
9.520000457763672,15.65999984741211,379.0
9.460000038146973,15.720000267028809,380.0
9.460000038146973,15.539999961853027,381.0
9.399999618530273,15.800000190734863,382.0
9.34000015258789,15.65999984741211,383.0
9.039999961853027,15.539999961853027,384.0
9.420000076293945,15.4399995803833,385.0
9.119999885559082,15.520000457763672,386.0
9.020000457763672,15.260000228881836,387.0
9.180000305175781,15.279999732971191,388.0
9.100000381469727,15.300000190734863,389.0
8.899999618530273,15.180000305175781,390.0
8.960000038146973,15.220000267028809,391.0
8.960000038146973,15.260000228881836,392.0
9.020000457763672,15.65999984741211,393.0
9.039999961853027,15.4399995803833,394.0
9.100000381469727,15.539999961853027,395.0
9.039999961853027,15.4399995803833,396.0
9.039999961853027,15.640000343322754,397.0
9.0600004196167,15.760000228881836,398.0
9.359999656677246,15.420000076293945,399.0
8.9399995803833,15.619999885559082,400.0
8.979999542236328,15.460000038146973,401.0
8.960000038146973,15.520000457763672,402.0
9.0,15.460000038146973,403.0
9.119999885559082,15.5600004196167,404.0
9.100000381469727,15.5,405.0
9.079999923706055,15.520000457763672,406.0
9.319999694824219,15.619999885559082,407.0
9.319999694824219,15.399999618530273,408.0
9.239999771118164,15.4399995803833,409.0
9.260000228881836,15.5,410.0
9.020000457763672,15.520000457763672,411.0
8.979999542236328,15.520000457763672,412.0
9.039999961853027,15.420000076293945,413.0
9.0600004196167,15.5,414.0
9.15999984741211,15.579999923706055,415.0
9.239999771118164,15.600000381469727,416.0
9.100000381469727,15.619999885559082,417.0
9.119999885559082,15.579999923706055,418.0
8.960000038146973,15.5600004196167,419.0
9.100000381469727,15.520000457763672,420.0
9.239999771118164,15.5600004196167,421.0
9.220000267028809,15.5600004196167,422.0
9.319999694824219,15.34000015258789,423.0
9.260000228881836,15.5600004196167,424.0
9.34000015258789,15.420000076293945,425.0
8.979999542236328,15.220000267028809,426.0
8.960000038146973,15.600000381469727,427.0
9.0600004196167,15.619999885559082,428.0
8.859999656677246,15.5600004196167,429.0
8.9399995803833,15.739999771118164,430.0
8.979999542236328,15.84000015258789,431.0
8.9399995803833,15.779999732971191,432.0
9.119999885559082,15.65999984741211,433.0
9.119999885559082,15.680000305175781,434.0
9.100000381469727,15.5,435.0
9.239999771118164,15.760000228881836,436.0
9.119999885559082,15.619999885559082,437.0
9.180000305175781,15.5,438.0
9.079999923706055,15.460000038146973,439.0
9.119999885559082,15.720000267028809,440.0
9.399999618530273,15.600000381469727,441.0
9.34000015258789,15.479999542236328,442.0
9.140000343322754,15.619999885559082,443.0
9.420000076293945,15.619999885559082,444.0
9.359999656677246,15.380000114440918,445.0
9.079999923706055,15.5,446.0
9.5,15.619999885559082,447.0
9.100000381469727,15.539999961853027,448.0
9.199999809265137,15.359999656677246,449.0
8.859999656677246,15.279999732971191,450.0
9.199999809265137,15.020000457763672,451.0
9.0,15.399999618530273,452.0
9.279999732971191,15.619999885559082,453.0
9.399999618530273,15.460000038146973,454.0
9.399999618530273,15.5,455.0
9.199999809265137,15.539999961853027,456.0
9.359999656677246,15.680000305175781,457.0
9.180000305175781,15.600000381469727,458.0
9.380000114440918,15.5,459.0
9.260000228881836,15.640000343322754,460.0
9.359999656677246,15.680000305175781,461.0
9.279999732971191,15.539999961853027,462.0
9.399999618530273,15.420000076293945,463.0
9.5,15.520000457763672,464.0
9.460000038146973,15.520000457763672,465.0
9.460000038146973,15.460000038146973,466.0
9.399999618530273,15.300000190734863,467.0
9.34000015258789,15.399999618530273,468.0
9.460000038146973,15.5,469.0
9.420000076293945,15.460000038146973,470.0
9.260000228881836,15.399999618530273,471.0
9.359999656677246,15.34000015258789,472.0
9.279999732971191,15.239999771118164,473.0
9.15999984741211,15.260000228881836,474.0
9.399999618530273,15.380000114440918,475.0
9.460000038146973,15.399999618530273,476.0
9.479999542236328,15.380000114440918,477.0
9.460000038146973,15.300000190734863,478.0
9.420000076293945,15.220000267028809,479.0
9.359999656677246,15.100000381469727,480.0
9.199999809265137,15.140000343322754,481.0
9.15999984741211,15.920000076293945,482.0
9.140000343322754,15.800000190734863,483.0
9.039999961853027,15.279999732971191,484.0
8.9399995803833,15.260000228881836,485.0
8.960000038146973,15.199999809265137,486.0
9.0,15.15999984741211,487.0
9.0,15.079999923706055,488.0
9.0,15.199999809265137,489.0
8.9399995803833,15.0600004196167,490.0
8.920000076293945,15.5600004196167,491.0
8.920000076293945,15.5,492.0
8.859999656677246,15.020000457763672,493.0
8.9399995803833,15.260000228881836,494.0
8.739999771118164,15.300000190734863,495.0
9.020000457763672,15.300000190734863,496.0
9.079999923706055,15.300000190734863,497.0
9.119999885559082,15.460000038146973,498.0
8.84000015258789,15.399999618530273,499.0
9.079999923706055,15.380000114440918,500.0
9.020000457763672,15.520000457763672,501.0
9.15999984741211,15.520000457763672,502.0
9.15999984741211,15.520000457763672,503.0
9.0,15.4399995803833,504.0
9.239999771118164,15.199999809265137,505.0
9.119999885559082,15.260000228881836,506.0
9.020000457763672,15.359999656677246,507.0
9.0600004196167,15.279999732971191,508.0
9.199999809265137,14.979999542236328,509.0
9.180000305175781,15.319999694824219,510.0
9.319999694824219,15.4399995803833,511.0
9.279999732971191,15.4399995803833,512.0
9.140000343322754,15.039999961853027,513.0
9.119999885559082,14.800000190734863,514.0
9.039999961853027,15.239999771118164,515.0
9.279999732971191,15.100000381469727,516.0
9.199999809265137,14.979999542236328,517.0
9.199999809265137,14.899999618530273,518.0
9.319999694824219,15.600000381469727,519.0
9.279999732971191,15.579999923706055,520.0
9.260000228881836,15.600000381469727,521.0
8.920000076293945,15.100000381469727,522.0
8.819999694824219,14.779999732971191,523.0
8.979999542236328,14.9399995803833,524.0
9.079999923706055,15.65999984741211,525.0
9.0600004196167,15.119999885559082,526.0
9.15999984741211,14.760000228881836,527.0
9.279999732971191,15.0600004196167,528.0
9.199999809265137,15.119999885559082,529.0
9.079999923706055,15.100000381469727,530.0
8.960000038146973,15.0,531.0
9.359999656677246,15.0600004196167,532.0
9.399999618530273,15.479999542236328,533.0
9.119999885559082,15.380000114440918,534.0
9.359999656677246,15.239999771118164,535.0
9.359999656677246,15.359999656677246,536.0
9.359999656677246,15.399999618530273,537.0
9.359999656677246,15.260000228881836,538.0
9.199999809265137,15.359999656677246,539.0
9.239999771118164,15.279999732971191,540.0
9.0600004196167,15.34000015258789,541.0
9.140000343322754,15.220000267028809,542.0
9.279999732971191,15.279999732971191,543.0
9.260000228881836,15.220000267028809,544.0
9.239999771118164,15.34000015258789,545.0
9.220000267028809,15.239999771118164,546.0
9.319999694824219,15.279999732971191,547.0
9.279999732971191,15.15999984741211,548.0
9.319999694824219,15.260000228881836,549.0
9.239999771118164,15.260000228881836,550.0
9.119999885559082,15.359999656677246,551.0
9.199999809265137,15.220000267028809,552.0
9.279999732971191,15.220000267028809,553.0
9.119999885559082,15.319999694824219,554.0
9.100000381469727,15.460000038146973,555.0
9.15999984741211,15.5,556.0
9.180000305175781,15.34000015258789,557.0
9.239999771118164,15.359999656677246,558.0
9.180000305175781,15.359999656677246,559.0
9.119999885559082,15.479999542236328,560.0
9.039999961853027,15.479999542236328,561.0
9.140000343322754,15.399999618530273,562.0
8.920000076293945,15.399999618530273,563.0
9.0,15.420000076293945,564.0
8.880000114440918,15.539999961853027,565.0
9.0,15.399999618530273,566.0
9.079999923706055,15.399999618530273,567.0
9.140000343322754,15.279999732971191,568.0
9.0600004196167,15.319999694824219,569.0
9.079999923706055,15.399999618530273,570.0
9.079999923706055,15.180000305175781,571.0
9.239999771118164,14.859999656677246,572.0
9.279999732971191,15.140000343322754,573.0
8.979999542236328,15.359999656677246,574.0
8.9399995803833,15.15999984741211,575.0
9.199999809265137,15.220000267028809,576.0
9.020000457763672,15.15999984741211,577.0
9.0,15.020000457763672,578.0
9.199999809265137,15.380000114440918,579.0
9.239999771118164,15.199999809265137,580.0
8.739999771118164,15.100000381469727,581.0
8.859999656677246,15.220000267028809,582.0
8.720000267028809,15.260000228881836,583.0
8.739999771118164,15.140000343322754,584.0
8.880000114440918,15.180000305175781,585.0
8.9399995803833,15.359999656677246,586.0
8.9399995803833,14.819999694824219,587.0
9.079999923706055,15.180000305175781,588.0
9.0600004196167,15.260000228881836,589.0
8.84000015258789,15.119999885559082,590.0
9.15999984741211,15.180000305175781,591.0
9.0,14.880000114440918,592.0
9.039999961853027,15.180000305175781,593.0
9.100000381469727,15.140000343322754,594.0
9.020000457763672,15.220000267028809,595.0
9.039999961853027,14.9399995803833,596.0
9.119999885559082,15.020000457763672,597.0
9.15999984741211,15.039999961853027,598.0
9.199999809265137,14.880000114440918,599.0
9.079999923706055,14.920000076293945,600.0
8.859999656677246,14.859999656677246,601.0
9.020000457763672,15.079999923706055,602.0
8.9399995803833,14.800000190734863,603.0
8.920000076293945,15.140000343322754,604.0
9.239999771118164,14.84000015258789,605.0
8.720000267028809,15.119999885559082,606.0
8.920000076293945,15.039999961853027,607.0
8.920000076293945,14.979999542236328,608.0
9.039999961853027,15.180000305175781,609.0
8.779999732971191,15.119999885559082,610.0
8.960000038146973,15.039999961853027,611.0
8.979999542236328,15.079999923706055,612.0
8.899999618530273,15.100000381469727,613.0
8.880000114440918,15.039999961853027,614.0
8.9399995803833,15.140000343322754,615.0
9.199999809265137,15.0600004196167,616.0
9.520000457763672,15.15999984741211,617.0
9.399999618530273,15.079999923706055,618.0
9.5600004196167,15.079999923706055,619.0
9.039999961853027,14.979999542236328,620.0
9.279999732971191,14.920000076293945,621.0
9.079999923706055,15.0,622.0
9.4399995803833,15.140000343322754,623.0
9.15999984741211,15.199999809265137,624.0
9.15999984741211,15.239999771118164,625.0
9.0600004196167,15.279999732971191,626.0
9.180000305175781,15.100000381469727,627.0
9.039999961853027,14.960000038146973,628.0
9.079999923706055,14.84000015258789,629.0
8.739999771118164,15.0600004196167,630.0
9.0,15.020000457763672,631.0
9.0,14.779999732971191,632.0
9.15999984741211,14.9399995803833,633.0
9.119999885559082,15.100000381469727,634.0
9.279999732971191,15.15999984741211,635.0
9.319999694824219,15.199999809265137,636.0
9.180000305175781,15.079999923706055,637.0
9.239999771118164,15.100000381469727,638.0
9.079999923706055,15.140000343322754,639.0
9.0,15.100000381469727,640.0
8.720000267028809,15.0600004196167,641.0
8.84000015258789,15.199999809265137,642.0
9.0600004196167,15.140000343322754,643.0
9.479999542236328,15.0,644.0
9.520000457763672,14.920000076293945,645.0
9.039999961853027,14.920000076293945,646.0
9.319999694824219,14.880000114440918,647.0
9.199999809265137,14.739999771118164,648.0
9.279999732971191,15.020000457763672,649.0
9.279999732971191,15.220000267028809,650.0
9.399999618530273,15.34000015258789,651.0
9.239999771118164,15.319999694824219,652.0
9.520000457763672,15.279999732971191,653.0
9.239999771118164,15.359999656677246,654.0
9.399999618530273,15.279999732971191,655.0
9.020000457763672,15.300000190734863,656.0
9.220000267028809,15.380000114440918,657.0
9.140000343322754,15.34000015258789,658.0
9.100000381469727,15.260000228881836,659.0
9.079999923706055,15.260000228881836,660.0
9.0,15.359999656677246,661.0
9.119999885559082,15.239999771118164,662.0
9.220000267028809,15.420000076293945,663.0
9.300000190734863,15.100000381469727,664.0
9.180000305175781,15.180000305175781,665.0
9.100000381469727,15.260000228881836,666.0
9.359999656677246,15.100000381469727,667.0
9.119999885559082,15.220000267028809,668.0
9.199999809265137,15.119999885559082,669.0
9.239999771118164,15.239999771118164,670.0
8.9399995803833,15.239999771118164,671.0
8.880000114440918,15.260000228881836,672.0
9.4399995803833,15.239999771118164,673.0
9.199999809265137,15.260000228881836,674.0
9.479999542236328,15.4399995803833,675.0
9.34000015258789,15.319999694824219,676.0
8.800000190734863,15.180000305175781,677.0
9.039999961853027,15.180000305175781,678.0
9.640000343322754,15.239999771118164,679.0
9.319999694824219,15.220000267028809,680.0
9.399999618530273,15.199999809265137,681.0
9.0600004196167,14.960000038146973,682.0
8.960000038146973,15.180000305175781,683.0
9.0,15.279999732971191,684.0
8.84000015258789,15.119999885559082,685.0
8.979999542236328,15.020000457763672,686.0
9.279999732971191,15.15999984741211,687.0
9.239999771118164,15.260000228881836,688.0
9.15999984741211,15.15999984741211,689.0
9.260000228881836,15.279999732971191,690.0
9.319999694824219,15.180000305175781,691.0
9.239999771118164,15.100000381469727,692.0
9.359999656677246,15.119999885559082,693.0
8.9399995803833,15.140000343322754,694.0
9.319999694824219,15.15999984741211,695.0
9.100000381469727,15.140000343322754,696.0
8.960000038146973,15.260000228881836,697.0
9.199999809265137,15.359999656677246,698.0
9.140000343322754,15.34000015258789,699.0
9.600000381469727,15.220000267028809,700.0
9.119999885559082,15.180000305175781,701.0
9.319999694824219,15.100000381469727,702.0
9.15999984741211,15.100000381469727,703.0
9.020000457763672,15.140000343322754,704.0
9.5600004196167,15.180000305175781,705.0
9.479999542236328,15.0,706.0
9.399999618530273,15.039999961853027,707.0
9.479999542236328,15.079999923706055,708.0
9.4399995803833,14.899999618530273,709.0
9.460000038146973,15.0,710.0
9.5,15.039999961853027,711.0
9.539999961853027,14.9399995803833,712.0
9.619999885559082,15.079999923706055,713.0
9.5600004196167,15.220000267028809,714.0
9.760000228881836,15.020000457763672,715.0
9.579999923706055,15.34000015258789,716.0
9.579999923706055,15.279999732971191,717.0
9.619999885559082,15.119999885559082,718.0
9.5600004196167,15.180000305175781,719.0
9.460000038146973,15.260000228881836,720.0
9.399999618530273,15.199999809265137,721.0
9.479999542236328,15.239999771118164,722.0
9.260000228881836,15.079999923706055,723.0
8.960000038146973,14.9399995803833,724.0
8.960000038146973,14.9399995803833,725.0
8.979999542236328,15.600000381469727,726.0
9.180000305175781,15.039999961853027,727.0
9.220000267028809,15.039999961853027,728.0
9.260000228881836,14.960000038146973,729.0
9.100000381469727,15.100000381469727,730.0
9.199999809265137,15.399999618530273,731.0
9.239999771118164,15.5,732.0
9.199999809265137,15.619999885559082,733.0
9.140000343322754,15.140000343322754,734.0
8.9399995803833,15.479999542236328,735.0
8.9399995803833,15.359999656677246,736.0
8.920000076293945,15.319999694824219,737.0
9.239999771118164,15.260000228881836,738.0
9.0,15.0600004196167,739.0
9.4399995803833,15.079999923706055,740.0
9.4399995803833,14.979999542236328,741.0
9.460000038146973,15.399999618530273,742.0
9.460000038146973,15.619999885559082,743.0
9.380000114440918,15.34000015258789,744.0
9.520000457763672,15.239999771118164,745.0
9.279999732971191,15.15999984741211,746.0
9.4399995803833,15.180000305175781,747.0
9.34000015258789,15.039999961853027,748.0
9.4399995803833,15.260000228881836,749.0
9.359999656677246,15.140000343322754,750.0
9.4399995803833,15.100000381469727,751.0
9.420000076293945,15.199999809265137,752.0
9.420000076293945,15.180000305175781,753.0
9.520000457763672,15.220000267028809,754.0
9.399999618530273,15.0600004196167,755.0
9.5,15.399999618530273,756.0
9.359999656677246,15.279999732971191,757.0
9.5,15.119999885559082,758.0
9.460000038146973,15.180000305175781,759.0
9.319999694824219,15.319999694824219,760.0
9.239999771118164,15.239999771118164,761.0
9.359999656677246,15.34000015258789,762.0
9.319999694824219,15.359999656677246,763.0
9.239999771118164,15.300000190734863,764.0
9.239999771118164,15.279999732971191,765.0
9.119999885559082,15.119999885559082,766.0
9.260000228881836,15.260000228881836,767.0
9.119999885559082,15.359999656677246,768.0
9.119999885559082,15.319999694824219,769.0
9.15999984741211,15.279999732971191,770.0
9.199999809265137,15.359999656677246,771.0
9.119999885559082,15.260000228881836,772.0
9.199999809265137,15.279999732971191,773.0
8.859999656677246,15.420000076293945,774.0
9.079999923706055,15.539999961853027,775.0
9.020000457763672,15.460000038146973,776.0
9.079999923706055,15.460000038146973,777.0
9.039999961853027,15.359999656677246,778.0
8.920000076293945,15.399999618530273,779.0
9.0600004196167,15.359999656677246,780.0
9.15999984741211,15.479999542236328,781.0
9.039999961853027,15.399999618530273,782.0
9.079999923706055,15.300000190734863,783.0
9.079999923706055,15.279999732971191,784.0
8.960000038146973,15.34000015258789,785.0
8.859999656677246,15.34000015258789,786.0
8.859999656677246,15.319999694824219,787.0
8.800000190734863,15.279999732971191,788.0
8.800000190734863,15.34000015258789,789.0
8.899999618530273,15.359999656677246,790.0
9.0600004196167,15.359999656677246,791.0
8.9399995803833,15.359999656677246,792.0
8.779999732971191,15.34000015258789,793.0
9.020000457763672,15.380000114440918,794.0
9.0,15.279999732971191,795.0
8.9399995803833,15.359999656677246,796.0
9.140000343322754,15.460000038146973,797.0
8.9399995803833,15.380000114440918,798.0
8.979999542236328,15.680000305175781,799.0
8.920000076293945,15.520000457763672,800.0
8.899999618530273,15.479999542236328,801.0
8.899999618530273,15.600000381469727,802.0
8.779999732971191,15.619999885559082,803.0
8.680000305175781,15.65999984741211,804.0
8.880000114440918,15.539999961853027,805.0
8.819999694824219,15.619999885559082,806.0
9.15999984741211,15.640000343322754,807.0
9.100000381469727,15.699999809265137,808.0
9.100000381469727,15.739999771118164,809.0
9.359999656677246,15.579999923706055,810.0
9.279999732971191,15.5600004196167,811.0
9.180000305175781,15.5,812.0
9.119999885559082,15.5,813.0
9.239999771118164,15.359999656677246,814.0
9.100000381469727,15.5600004196167,815.0
9.079999923706055,15.640000343322754,816.0
9.039999961853027,15.4399995803833,817.0
9.039999961853027,15.460000038146973,818.0
9.0,15.819999694824219,819.0
8.960000038146973,15.5,820.0
9.0,15.5600004196167,821.0
9.079999923706055,15.65999984741211,822.0
9.199999809265137,15.720000267028809,823.0
9.0,15.539999961853027,824.0
9.039999961853027,15.199999809265137,825.0
9.039999961853027,15.319999694824219,826.0
9.079999923706055,15.479999542236328,827.0
8.960000038146973,15.760000228881836,828.0
8.960000038146973,15.260000228881836,829.0
8.800000190734863,15.34000015258789,830.0
8.720000267028809,15.180000305175781,831.0
8.420000076293945,15.260000228881836,832.0
8.220000267028809,15.619999885559082,833.0
8.460000038146973,15.579999923706055,834.0
8.279999732971191,15.4399995803833,835.0
8.5600004196167,15.579999923706055,836.0
8.779999732971191,15.619999885559082,837.0
8.760000228881836,15.579999923706055,838.0
8.899999618530273,15.5,839.0
8.800000190734863,15.539999961853027,840.0
8.819999694824219,15.920000076293945,841.0
8.979999542236328,15.65999984741211,842.0
8.859999656677246,15.239999771118164,843.0
8.65999984741211,15.5600004196167,844.0
8.760000228881836,15.619999885559082,845.0
8.720000267028809,15.819999694824219,846.0
8.960000038146973,15.699999809265137,847.0
8.9399995803833,15.579999923706055,848.0
8.779999732971191,15.5600004196167,849.0
8.84000015258789,15.65999984741211,850.0
9.020000457763672,15.579999923706055,851.0
8.819999694824219,15.65999984741211,852.0
8.779999732971191,15.619999885559082,853.0
8.779999732971191,15.5600004196167,854.0
8.920000076293945,15.520000457763672,855.0
8.84000015258789,15.460000038146973,856.0
8.960000038146973,15.5600004196167,857.0
8.920000076293945,16.18000030517578,858.0
8.920000076293945,15.65999984741211,859.0
8.699999809265137,15.640000343322754,860.0
8.880000114440918,15.640000343322754,861.0
8.899999618530273,15.65999984741211,862.0
8.779999732971191,15.539999961853027,863.0
8.800000190734863,15.579999923706055,864.0
8.760000228881836,15.300000190734863,865.0
8.819999694824219,15.319999694824219,866.0
8.84000015258789,15.300000190734863,867.0
8.760000228881836,15.380000114440918,868.0
8.720000267028809,15.720000267028809,869.0
8.899999618530273,15.420000076293945,870.0
8.9399995803833,15.4399995803833,871.0
8.880000114440918,15.5,872.0
9.119999885559082,15.420000076293945,873.0
9.039999961853027,15.399999618530273,874.0
9.0600004196167,15.319999694824219,875.0
8.859999656677246,15.380000114440918,876.0
8.9399995803833,15.420000076293945,877.0
9.0,15.4399995803833,878.0
8.979999542236328,15.5,879.0
9.020000457763672,15.460000038146973,880.0
8.979999542236328,15.5,881.0
9.0,15.520000457763672,882.0
9.039999961853027,15.619999885559082,883.0
8.920000076293945,15.579999923706055,884.0
9.199999809265137,15.520000457763672,885.0
9.15999984741211,15.460000038146973,886.0
9.100000381469727,15.579999923706055,887.0
9.0,15.460000038146973,888.0
9.0600004196167,15.460000038146973,889.0
9.039999961853027,15.520000457763672,890.0
8.979999542236328,15.5,891.0
9.279999732971191,15.479999542236328,892.0
9.079999923706055,15.5600004196167,893.0
8.859999656677246,15.4399995803833,894.0
8.9399995803833,15.5,895.0
9.079999923706055,15.539999961853027,896.0
8.880000114440918,15.5,897.0
8.819999694824219,15.539999961853027,898.0
8.9399995803833,15.699999809265137,899.0
9.039999961853027,15.479999542236328,900.0
9.0,15.520000457763672,901.0
8.979999542236328,15.479999542236328,902.0
9.020000457763672,15.640000343322754,903.0
8.920000076293945,15.520000457763672,904.0
9.180000305175781,15.539999961853027,905.0
9.0600004196167,15.420000076293945,906.0
9.0,15.460000038146973,907.0
8.979999542236328,15.420000076293945,908.0
9.039999961853027,15.479999542236328,909.0
9.039999961853027,15.479999542236328,910.0
9.020000457763672,15.4399995803833,911.0
9.180000305175781,15.520000457763672,912.0
9.079999923706055,15.479999542236328,913.0
9.0600004196167,15.399999618530273,914.0
9.039999961853027,15.4399995803833,915.0
8.9399995803833,15.460000038146973,916.0
8.920000076293945,15.460000038146973,917.0
9.15999984741211,15.460000038146973,918.0
8.859999656677246,15.359999656677246,919.0
8.979999542236328,15.4399995803833,920.0
9.199999809265137,15.5,921.0
8.979999542236328,15.600000381469727,922.0
9.0,15.520000457763672,923.0
9.199999809265137,15.720000267028809,924.0
9.119999885559082,15.65999984741211,925.0
9.039999961853027,15.920000076293945,926.0
9.239999771118164,15.720000267028809,927.0
9.279999732971191,16.239999771118164,928.0
8.859999656677246,16.040000915527344,929.0
9.0,15.880000114440918,930.0
9.079999923706055,15.699999809265137,931.0
9.0600004196167,15.680000305175781,932.0
9.100000381469727,15.600000381469727,933.0
9.079999923706055,15.739999771118164,934.0
9.15999984741211,15.680000305175781,935.0
9.100000381469727,15.619999885559082,936.0
9.380000114440918,15.720000267028809,937.0
9.220000267028809,15.9399995803833,938.0
9.079999923706055,15.579999923706055,939.0
9.279999732971191,15.640000343322754,940.0
9.199999809265137,15.5600004196167,941.0
9.319999694824219,15.640000343322754,942.0
9.039999961853027,15.619999885559082,943.0
9.119999885559082,15.680000305175781,944.0
9.020000457763672,15.65999984741211,945.0
9.039999961853027,15.720000267028809,946.0
9.239999771118164,15.699999809265137,947.0
9.239999771118164,15.739999771118164,948.0
9.359999656677246,15.619999885559082,949.0
9.15999984741211,15.640000343322754,950.0
9.15999984741211,15.680000305175781,951.0
9.279999732971191,15.800000190734863,952.0
9.399999618530273,15.720000267028809,953.0
9.220000267028809,15.84000015258789,954.0
9.079999923706055,15.65999984741211,955.0
9.15999984741211,15.600000381469727,956.0
9.15999984741211,15.4399995803833,957.0
8.880000114440918,15.479999542236328,958.0
9.279999732971191,15.520000457763672,959.0
9.020000457763672,15.65999984741211,960.0
9.239999771118164,15.34000015258789,961.0
9.15999984741211,15.720000267028809,962.0
9.119999885559082,15.5600004196167,963.0
9.239999771118164,15.5,964.0
9.180000305175781,15.539999961853027,965.0
9.220000267028809,15.65999984741211,966.0
9.15999984741211,15.5600004196167,967.0
9.239999771118164,15.5,968.0
9.279999732971191,15.520000457763672,969.0
9.100000381469727,15.579999923706055,970.0
8.859999656677246,15.720000267028809,971.0
8.920000076293945,15.5600004196167,972.0
8.859999656677246,15.399999618530273,973.0
8.84000015258789,15.359999656677246,974.0
8.979999542236328,15.359999656677246,975.0
9.15999984741211,15.65999984741211,976.0
9.039999961853027,15.479999542236328,977.0
9.15999984741211,15.399999618530273,978.0
9.15999984741211,15.579999923706055,979.0
9.100000381469727,15.680000305175781,980.0
9.199999809265137,15.5,981.0
9.199999809265137,15.520000457763672,982.0
9.180000305175781,15.5600004196167,983.0
9.15999984741211,15.779999732971191,984.0
9.15999984741211,15.779999732971191,985.0
9.279999732971191,15.739999771118164,986.0
9.399999618530273,15.720000267028809,987.0
9.34000015258789,15.760000228881836,988.0
9.359999656677246,15.899999618530273,989.0
9.319999694824219,15.65999984741211,990.0
9.039999961853027,15.800000190734863,991.0
9.119999885559082,15.600000381469727,992.0
9.239999771118164,15.640000343322754,993.0
9.180000305175781,15.699999809265137,994.0
9.199999809265137,15.539999961853027,995.0
8.960000038146973,15.520000457763672,996.0
8.960000038146973,15.739999771118164,997.0
8.859999656677246,15.579999923706055,998.0
8.960000038146973,15.539999961853027,999.0
8.979999542236328,15.520000457763672,1000.0
8.899999618530273,15.520000457763672,1001.0
8.84000015258789,15.5600004196167,1002.0
8.920000076293945,15.460000038146973,1003.0
8.960000038146973,15.5,1004.0
9.15999984741211,15.5600004196167,1005.0
9.100000381469727,15.479999542236328,1006.0
9.34000015258789,15.359999656677246,1007.0
9.119999885559082,15.359999656677246,1008.0
9.300000190734863,15.5,1009.0
9.220000267028809,15.579999923706055,1010.0
9.239999771118164,15.619999885559082,1011.0
9.020000457763672,15.5,1012.0
9.100000381469727,15.619999885559082,1013.0
9.020000457763672,15.760000228881836,1014.0
9.239999771118164,15.819999694824219,1015.0
8.819999694824219,15.579999923706055,1016.0
8.920000076293945,15.680000305175781,1017.0
9.180000305175781,15.760000228881836,1018.0
9.180000305175781,15.5,1019.0
9.079999923706055,15.5,1020.0
9.140000343322754,15.5600004196167,1021.0
9.100000381469727,15.5600004196167,1022.0
9.0,15.579999923706055,1023.0
9.0600004196167,15.460000038146973,1024.0
9.199999809265137,15.4399995803833,1025.0
8.84000015258789,15.520000457763672,1026.0
9.0600004196167,15.4399995803833,1027.0
9.180000305175781,15.520000457763672,1028.0
9.100000381469727,15.520000457763672,1029.0
9.119999885559082,15.5600004196167,1030.0
9.34000015258789,15.399999618530273,1031.0
9.279999732971191,15.539999961853027,1032.0
9.239999771118164,15.640000343322754,1033.0
9.34000015258789,15.720000267028809,1034.0
9.319999694824219,15.5,1035.0
9.220000267028809,15.460000038146973,1036.0
9.0,15.539999961853027,1037.0
9.079999923706055,15.600000381469727,1038.0
9.220000267028809,15.5600004196167,1039.0
9.119999885559082,15.5600004196167,1040.0
8.859999656677246,15.5600004196167,1041.0
8.920000076293945,15.579999923706055,1042.0
9.0600004196167,15.520000457763672,1043.0
9.199999809265137,15.539999961853027,1044.0
9.199999809265137,15.520000457763672,1045.0
8.920000076293945,15.600000381469727,1046.0
9.140000343322754,15.640000343322754,1047.0
9.0,15.680000305175781,1048.0
8.979999542236328,15.479999542236328,1049.0
9.0600004196167,15.520000457763672,1050.0
9.039999961853027,15.5600004196167,1051.0
9.119999885559082,15.579999923706055,1052.0
9.100000381469727,15.539999961853027,1053.0
9.020000457763672,15.5600004196167,1054.0
9.239999771118164,15.720000267028809,1055.0
8.880000114440918,15.520000457763672,1056.0
9.039999961853027,15.5600004196167,1057.0
8.779999732971191,15.600000381469727,1058.0
9.020000457763672,15.5600004196167,1059.0
9.100000381469727,15.600000381469727,1060.0
8.800000190734863,15.600000381469727,1061.0
8.880000114440918,15.539999961853027,1062.0
8.859999656677246,15.579999923706055,1063.0
8.9399995803833,15.640000343322754,1064.0
8.979999542236328,15.539999961853027,1065.0
9.039999961853027,15.5600004196167,1066.0
9.079999923706055,15.600000381469727,1067.0
8.800000190734863,15.699999809265137,1068.0
9.100000381469727,15.579999923706055,1069.0
8.9399995803833,15.5,1070.0
9.039999961853027,15.5,1071.0
9.119999885559082,15.460000038146973,1072.0
9.119999885559082,15.460000038146973,1073.0
9.020000457763672,15.460000038146973,1074.0
9.020000457763672,15.460000038146973,1075.0
9.039999961853027,15.479999542236328,1076.0
9.100000381469727,15.5,1077.0
9.119999885559082,15.5,1078.0
9.260000228881836,15.399999618530273,1079.0
9.300000190734863,15.5600004196167,1080.0
9.140000343322754,15.479999542236328,1081.0
9.239999771118164,15.520000457763672,1082.0
9.119999885559082,15.5,1083.0
9.239999771118164,15.399999618530273,1084.0
9.239999771118164,15.34000015258789,1085.0
9.260000228881836,15.4399995803833,1086.0
9.079999923706055,15.5,1087.0
9.199999809265137,15.420000076293945,1088.0
9.199999809265137,15.520000457763672,1089.0
9.100000381469727,15.5600004196167,1090.0
9.020000457763672,15.619999885559082,1091.0
8.960000038146973,15.539999961853027,1092.0
8.9399995803833,15.5,1093.0
8.979999542236328,15.420000076293945,1094.0
8.880000114440918,15.520000457763672,1095.0
8.760000228881836,15.399999618530273,1096.0
9.0,15.5,1097.0
8.880000114440918,15.640000343322754,1098.0
8.960000038146973,15.65999984741211,1099.0
9.0,15.640000343322754,1100.0
9.140000343322754,15.4399995803833,1101.0
8.880000114440918,15.579999923706055,1102.0
9.0,15.479999542236328,1103.0
9.039999961853027,15.520000457763672,1104.0
9.199999809265137,15.579999923706055,1105.0
9.100000381469727,15.319999694824219,1106.0
9.199999809265137,15.199999809265137,1107.0
9.199999809265137,15.399999618530273,1108.0
8.979999542236328,15.460000038146973,1109.0
9.0,15.420000076293945,1110.0
9.199999809265137,15.479999542236328,1111.0
9.180000305175781,15.5,1112.0
9.100000381469727,15.699999809265137,1113.0
8.899999618530273,15.5600004196167,1114.0
8.880000114440918,15.279999732971191,1115.0
8.880000114440918,15.65999984741211,1116.0
8.960000038146973,15.579999923706055,1117.0
8.979999542236328,15.619999885559082,1118.0
8.979999542236328,15.520000457763672,1119.0
8.979999542236328,15.4399995803833,1120.0
8.9399995803833,15.539999961853027,1121.0
8.960000038146973,15.680000305175781,1122.0
9.119999885559082,15.680000305175781,1123.0
9.140000343322754,15.619999885559082,1124.0
8.960000038146973,15.619999885559082,1125.0
9.15999984741211,15.539999961853027,1126.0
9.34000015258789,15.5600004196167,1127.0
9.239999771118164,15.5,1128.0
9.119999885559082,15.5600004196167,1129.0
9.220000267028809,15.539999961853027,1130.0
9.119999885559082,15.520000457763672,1131.0
9.0,15.5600004196167,1132.0
9.0,15.460000038146973,1133.0
9.0600004196167,15.520000457763672,1134.0
9.0,15.600000381469727,1135.0
8.979999542236328,15.579999923706055,1136.0
9.0600004196167,15.420000076293945,1137.0
9.020000457763672,15.479999542236328,1138.0
9.0600004196167,15.619999885559082,1139.0
9.039999961853027,15.680000305175781,1140.0
9.199999809265137,15.520000457763672,1141.0
9.239999771118164,15.479999542236328,1142.0
9.319999694824219,15.5600004196167,1143.0
9.260000228881836,15.520000457763672,1144.0
9.220000267028809,15.359999656677246,1145.0
9.020000457763672,15.460000038146973,1146.0
9.199999809265137,15.5,1147.0
8.899999618530273,15.260000228881836,1148.0
9.0600004196167,15.319999694824219,1149.0
9.039999961853027,15.300000190734863,1150.0
8.800000190734863,15.359999656677246,1151.0
9.079999923706055,15.399999618530273,1152.0
9.0,15.399999618530273,1153.0
9.100000381469727,15.300000190734863,1154.0
9.15999984741211,15.399999618530273,1155.0
8.960000038146973,15.5600004196167,1156.0
9.079999923706055,15.359999656677246,1157.0
9.039999961853027,15.34000015258789,1158.0
9.100000381469727,15.4399995803833,1159.0
8.9399995803833,15.520000457763672,1160.0
9.0600004196167,15.579999923706055,1161.0
9.119999885559082,15.520000457763672,1162.0
9.199999809265137,15.520000457763672,1163.0
9.260000228881836,15.619999885559082,1164.0
9.239999771118164,15.65999984741211,1165.0
8.960000038146973,15.460000038146973,1166.0
8.960000038146973,15.479999542236328,1167.0
9.0600004196167,15.619999885559082,1168.0
9.119999885559082,15.420000076293945,1169.0
9.119999885559082,15.479999542236328,1170.0
8.920000076293945,15.399999618530273,1171.0
9.0600004196167,15.420000076293945,1172.0
8.819999694824219,15.520000457763672,1173.0
9.0,15.579999923706055,1174.0
9.079999923706055,15.399999618530273,1175.0
9.119999885559082,15.539999961853027,1176.0
9.039999961853027,15.5600004196167,1177.0
9.020000457763672,15.619999885559082,1178.0
9.0600004196167,15.479999542236328,1179.0
8.979999542236328,15.34000015258789,1180.0
9.0600004196167,15.359999656677246,1181.0
9.0600004196167,15.4399995803833,1182.0
9.100000381469727,15.579999923706055,1183.0
8.9399995803833,15.5,1184.0
8.880000114440918,15.5,1185.0
8.84000015258789,15.520000457763672,1186.0
8.880000114440918,15.539999961853027,1187.0
8.880000114440918,15.5600004196167,1188.0
9.0,15.619999885559082,1189.0
9.0600004196167,15.640000343322754,1190.0
9.140000343322754,15.539999961853027,1191.0
9.15999984741211,15.460000038146973,1192.0
8.920000076293945,15.5600004196167,1193.0
8.899999618530273,15.520000457763672,1194.0
9.0,15.539999961853027,1195.0
9.279999732971191,15.479999542236328,1196.0
9.119999885559082,15.4399995803833,1197.0
9.119999885559082,15.4399995803833,1198.0
8.880000114440918,15.420000076293945,1199.0
8.979999542236328,15.4399995803833,1200.0
9.319999694824219,15.4399995803833,1201.0
9.239999771118164,15.420000076293945,1202.0
9.15999984741211,15.4399995803833,1203.0
9.220000267028809,15.619999885559082,1204.0
9.239999771118164,15.4399995803833,1205.0
9.319999694824219,15.479999542236328,1206.0
9.319999694824219,15.65999984741211,1207.0
9.279999732971191,15.720000267028809,1208.0
9.079999923706055,15.699999809265137,1209.0
8.960000038146973,15.819999694824219,1210.0
9.140000343322754,16.079999923706055,1211.0
9.220000267028809,15.859999656677246,1212.0
9.199999809265137,15.880000114440918,1213.0
9.079999923706055,15.960000038146973,1214.0
9.119999885559082,16.1200008392334,1215.0
9.100000381469727,15.760000228881836,1216.0
9.039999961853027,15.739999771118164,1217.0
8.9399995803833,15.640000343322754,1218.0
9.079999923706055,15.539999961853027,1219.0
9.079999923706055,15.399999618530273,1220.0
9.079999923706055,15.619999885559082,1221.0
9.039999961853027,15.680000305175781,1222.0
9.0,15.479999542236328,1223.0
9.079999923706055,15.5600004196167,1224.0
9.199999809265137,15.65999984741211,1225.0
8.920000076293945,15.739999771118164,1226.0
9.279999732971191,15.460000038146973,1227.0
9.119999885559082,15.34000015258789,1228.0
9.0600004196167,15.319999694824219,1229.0
9.119999885559082,15.5600004196167,1230.0
9.0,15.539999961853027,1231.0
9.020000457763672,15.279999732971191,1232.0
9.079999923706055,15.380000114440918,1233.0
8.899999618530273,15.579999923706055,1234.0
9.199999809265137,15.359999656677246,1235.0
9.039999961853027,15.300000190734863,1236.0
8.9399995803833,15.279999732971191,1237.0
8.979999542236328,15.359999656677246,1238.0
8.9399995803833,15.300000190734863,1239.0
8.979999542236328,15.5,1240.0
8.960000038146973,15.5,1241.0
9.100000381469727,15.5,1242.0
9.220000267028809,15.520000457763672,1243.0
9.479999542236328,15.5,1244.0
9.260000228881836,15.5,1245.0
9.279999732971191,15.619999885559082,1246.0
9.34000015258789,15.460000038146973,1247.0
8.9399995803833,15.34000015258789,1248.0
9.079999923706055,15.15999984741211,1249.0
8.880000114440918,15.460000038146973,1250.0
9.15999984741211,15.65999984741211,1251.0
8.899999618530273,15.699999809265137,1252.0
8.979999542236328,15.600000381469727,1253.0
9.020000457763672,15.640000343322754,1254.0
8.960000038146973,15.579999923706055,1255.0
9.020000457763672,15.520000457763672,1256.0
8.84000015258789,15.420000076293945,1257.0
8.979999542236328,15.420000076293945,1258.0
9.0600004196167,15.779999732971191,1259.0
8.979999542236328,15.4399995803833,1260.0
8.880000114440918,15.479999542236328,1261.0
8.979999542236328,15.539999961853027,1262.0
9.020000457763672,15.859999656677246,1263.0
9.039999961853027,15.619999885559082,1264.0
8.880000114440918,15.359999656677246,1265.0
9.020000457763672,15.5,1266.0
9.0,15.600000381469727,1267.0
8.880000114440918,15.520000457763672,1268.0
9.0600004196167,15.5600004196167,1269.0
8.979999542236328,15.520000457763672,1270.0
9.0,15.539999961853027,1271.0
9.220000267028809,15.5600004196167,1272.0
9.100000381469727,15.5600004196167,1273.0
9.260000228881836,15.520000457763672,1274.0
9.239999771118164,15.520000457763672,1275.0
9.15999984741211,15.479999542236328,1276.0
9.100000381469727,15.600000381469727,1277.0
8.979999542236328,15.539999961853027,1278.0
8.899999618530273,15.539999961853027,1279.0
8.9399995803833,15.520000457763672,1280.0
9.4399995803833,15.380000114440918,1281.0
9.079999923706055,15.460000038146973,1282.0
9.119999885559082,15.460000038146973,1283.0
9.279999732971191,15.4399995803833,1284.0
9.15999984741211,15.380000114440918,1285.0
9.220000267028809,15.460000038146973,1286.0
9.199999809265137,15.239999771118164,1287.0
9.279999732971191,15.479999542236328,1288.0
9.359999656677246,15.479999542236328,1289.0
9.039999961853027,15.619999885559082,1290.0
9.239999771118164,15.460000038146973,1291.0
9.34000015258789,15.420000076293945,1292.0
9.300000190734863,15.460000038146973,1293.0
9.319999694824219,15.739999771118164,1294.0
9.180000305175781,15.520000457763672,1295.0
9.239999771118164,15.420000076293945,1296.0
9.260000228881836,15.460000038146973,1297.0
9.279999732971191,15.680000305175781,1298.0
9.239999771118164,15.4399995803833,1299.0
9.039999961853027,15.65999984741211,1300.0
8.960000038146973,15.359999656677246,1301.0
9.039999961853027,15.4399995803833,1302.0
9.079999923706055,15.5,1303.0
9.300000190734863,15.579999923706055,1304.0
9.260000228881836,15.319999694824219,1305.0
9.15999984741211,15.359999656677246,1306.0
9.300000190734863,15.5,1307.0
9.239999771118164,15.4399995803833,1308.0
9.260000228881836,15.380000114440918,1309.0
9.260000228881836,15.800000190734863,1310.0
9.279999732971191,15.399999618530273,1311.0
9.079999923706055,15.380000114440918,1312.0
9.079999923706055,15.4399995803833,1313.0
9.0600004196167,15.420000076293945,1314.0
9.140000343322754,15.420000076293945,1315.0
9.039999961853027,15.380000114440918,1316.0
9.0,15.220000267028809,1317.0
9.239999771118164,15.399999618530273,1318.0
9.15999984741211,15.720000267028809,1319.0
9.260000228881836,15.399999618530273,1320.0
9.15999984741211,15.420000076293945,1321.0
9.239999771118164,15.539999961853027,1322.0
9.239999771118164,15.640000343322754,1323.0
9.0600004196167,15.819999694824219,1324.0
9.0600004196167,15.760000228881836,1325.0
9.15999984741211,15.979999542236328,1326.0
9.199999809265137,15.760000228881836,1327.0
9.359999656677246,15.779999732971191,1328.0
9.34000015258789,15.5600004196167,1329.0
9.220000267028809,15.399999618530273,1330.0
9.0600004196167,15.720000267028809,1331.0
9.100000381469727,15.399999618530273,1332.0
9.239999771118164,15.520000457763672,1333.0
9.220000267028809,15.579999923706055,1334.0
9.119999885559082,15.579999923706055,1335.0
9.279999732971191,15.600000381469727,1336.0
9.079999923706055,15.65999984741211,1337.0
9.100000381469727,15.4399995803833,1338.0
9.0,15.479999542236328,1339.0
9.359999656677246,15.520000457763672,1340.0
9.239999771118164,15.380000114440918,1341.0
9.239999771118164,15.460000038146973,1342.0
8.960000038146973,15.100000381469727,1343.0
9.119999885559082,14.739999771118164,1344.0
9.079999923706055,15.479999542236328,1345.0
9.279999732971191,15.460000038146973,1346.0
9.119999885559082,15.079999923706055,1347.0
8.979999542236328,15.260000228881836,1348.0
9.279999732971191,15.300000190734863,1349.0
9.100000381469727,15.600000381469727,1350.0
9.4399995803833,15.699999809265137,1351.0
9.399999618530273,15.420000076293945,1352.0
9.359999656677246,15.359999656677246,1353.0
9.399999618530273,15.460000038146973,1354.0
9.239999771118164,15.579999923706055,1355.0
9.34000015258789,15.619999885559082,1356.0
9.100000381469727,15.5,1357.0
9.180000305175781,15.619999885559082,1358.0
9.300000190734863,15.5600004196167,1359.0
9.319999694824219,15.699999809265137,1360.0
9.180000305175781,15.479999542236328,1361.0
9.180000305175781,15.579999923706055,1362.0
9.220000267028809,15.880000114440918,1363.0
9.319999694824219,15.65999984741211,1364.0
9.319999694824219,15.380000114440918,1365.0
9.279999732971191,15.640000343322754,1366.0
9.119999885559082,15.579999923706055,1367.0
9.15999984741211,15.220000267028809,1368.0
9.140000343322754,15.539999961853027,1369.0
9.15999984741211,15.720000267028809,1370.0
9.220000267028809,15.4399995803833,1371.0
9.300000190734863,15.5600004196167,1372.0
9.359999656677246,15.5600004196167,1373.0
9.359999656677246,15.779999732971191,1374.0
9.239999771118164,15.359999656677246,1375.0
9.279999732971191,15.4399995803833,1376.0
9.260000228881836,15.65999984741211,1377.0
9.239999771118164,15.539999961853027,1378.0
9.319999694824219,15.5,1379.0
9.260000228881836,15.699999809265137,1380.0
9.119999885559082,15.720000267028809,1381.0
9.399999618530273,15.579999923706055,1382.0
9.239999771118164,15.520000457763672,1383.0
8.880000114440918,15.460000038146973,1384.0
8.920000076293945,15.359999656677246,1385.0
9.0,15.5,1386.0
9.079999923706055,15.399999618530273,1387.0
9.020000457763672,15.359999656677246,1388.0
8.899999618530273,15.079999923706055,1389.0
9.020000457763672,15.279999732971191,1390.0
8.960000038146973,15.220000267028809,1391.0
8.920000076293945,15.199999809265137,1392.0
9.039999961853027,15.279999732971191,1393.0
9.119999885559082,15.640000343322754,1394.0
9.100000381469727,15.65999984741211,1395.0
9.079999923706055,15.539999961853027,1396.0
9.0,15.640000343322754,1397.0
9.039999961853027,15.84000015258789,1398.0
8.960000038146973,15.699999809265137,1399.0
9.020000457763672,15.520000457763672,1400.0
9.359999656677246,15.579999923706055,1401.0
9.0,15.380000114440918,1402.0
9.359999656677246,15.5,1403.0
9.300000190734863,15.460000038146973,1404.0
9.319999694824219,15.239999771118164,1405.0
9.119999885559082,15.380000114440918,1406.0
9.15999984741211,15.420000076293945,1407.0
9.199999809265137,15.380000114440918,1408.0
9.420000076293945,15.359999656677246,1409.0
9.100000381469727,15.319999694824219,1410.0
9.15999984741211,15.399999618530273,1411.0
9.199999809265137,15.5,1412.0
8.819999694824219,15.720000267028809,1413.0
8.9399995803833,15.5600004196167,1414.0
9.079999923706055,15.399999618530273,1415.0
8.960000038146973,15.420000076293945,1416.0
8.960000038146973,15.819999694824219,1417.0
8.960000038146973,15.800000190734863,1418.0
9.039999961853027,15.65999984741211,1419.0
8.920000076293945,15.359999656677246,1420.0
9.4399995803833,15.579999923706055,1421.0
9.399999618530273,15.600000381469727,1422.0
9.359999656677246,15.640000343322754,1423.0
9.399999618530273,15.600000381469727,1424.0
9.319999694824219,15.600000381469727,1425.0
9.399999618530273,15.520000457763672,1426.0
9.359999656677246,15.539999961853027,1427.0
9.359999656677246,15.460000038146973,1428.0
9.34000015258789,15.460000038146973,1429.0
9.239999771118164,15.479999542236328,1430.0
9.479999542236328,15.720000267028809,1431.0
9.220000267028809,15.5600004196167,1432.0
9.119999885559082,15.619999885559082,1433.0
9.279999732971191,15.5,1434.0
9.239999771118164,15.460000038146973,1435.0
9.15999984741211,15.680000305175781,1436.0
9.079999923706055,15.359999656677246,1437.0
9.15999984741211,15.319999694824219,1438.0
9.0600004196167,15.4399995803833,1439.0
9.100000381469727,15.399999618530273,1440.0
9.279999732971191,15.220000267028809,1441.0
9.279999732971191,15.420000076293945,1442.0
9.319999694824219,15.520000457763672,1443.0
9.180000305175781,15.380000114440918,1444.0
9.4399995803833,15.380000114440918,1445.0
9.520000457763672,15.380000114440918,1446.0
9.479999542236328,15.279999732971191,1447.0
9.399999618530273,15.399999618530273,1448.0
9.34000015258789,15.359999656677246,1449.0
9.319999694824219,15.579999923706055,1450.0
9.359999656677246,15.4399995803833,1451.0
9.34000015258789,15.579999923706055,1452.0
9.279999732971191,15.579999923706055,1453.0
9.199999809265137,15.579999923706055,1454.0
9.100000381469727,15.479999542236328,1455.0
9.600000381469727,15.5600004196167,1456.0
9.399999618530273,15.600000381469727,1457.0
9.4399995803833,15.640000343322754,1458.0
9.319999694824219,15.579999923706055,1459.0
9.399999618530273,15.640000343322754,1460.0
9.260000228881836,15.680000305175781,1461.0
9.34000015258789,15.800000190734863,1462.0
9.399999618530273,15.640000343322754,1463.0
9.319999694824219,15.680000305175781,1464.0
9.380000114440918,15.479999542236328,1465.0
9.399999618530273,15.479999542236328,1466.0
9.4399995803833,15.579999923706055,1467.0
9.399999618530273,15.600000381469727,1468.0
9.399999618530273,15.619999885559082,1469.0
9.600000381469727,15.600000381469727,1470.0
9.420000076293945,15.579999923706055,1471.0
9.479999542236328,15.520000457763672,1472.0
9.380000114440918,15.539999961853027,1473.0
9.479999542236328,15.65999984741211,1474.0
9.359999656677246,15.859999656677246,1475.0
9.399999618530273,15.880000114440918,1476.0
9.319999694824219,15.880000114440918,1477.0
9.399999618530273,15.460000038146973,1478.0
9.279999732971191,15.640000343322754,1479.0
9.420000076293945,15.600000381469727,1480.0
9.399999618530273,15.680000305175781,1481.0
9.319999694824219,15.779999732971191,1482.0
9.399999618530273,15.739999771118164,1483.0
9.0,15.760000228881836,1484.0
8.84000015258789,15.460000038146973,1485.0
8.859999656677246,15.680000305175781,1486.0
8.800000190734863,15.520000457763672,1487.0
8.819999694824219,15.539999961853027,1488.0
8.880000114440918,15.5600004196167,1489.0
9.020000457763672,15.520000457763672,1490.0
9.119999885559082,15.520000457763672,1491.0
9.180000305175781,15.5,1492.0
9.039999961853027,15.619999885559082,1493.0
9.239999771118164,15.539999961853027,1494.0
9.319999694824219,15.420000076293945,1495.0
9.279999732971191,15.4399995803833,1496.0
9.359999656677246,15.300000190734863,1497.0
9.279999732971191,15.399999618530273,1498.0
9.260000228881836,15.260000228881836,1499.0
9.239999771118164,15.420000076293945,1500.0
8.880000114440918,15.5600004196167,1501.0
9.239999771118164,15.300000190734863,1502.0
9.180000305175781,15.600000381469727,1503.0
8.779999732971191,15.640000343322754,1504.0
9.039999961853027,15.5600004196167,1505.0
9.119999885559082,15.319999694824219,1506.0
9.119999885559082,15.279999732971191,1507.0
9.199999809265137,16.040000915527344,1508.0
9.0600004196167,15.640000343322754,1509.0
9.119999885559082,15.380000114440918,1510.0
9.119999885559082,15.720000267028809,1511.0
9.0,15.619999885559082,1512.0
9.0,15.760000228881836,1513.0
8.960000038146973,15.760000228881836,1514.0
9.0600004196167,15.680000305175781,1515.0
9.020000457763672,15.520000457763672,1516.0
9.180000305175781,15.640000343322754,1517.0
8.920000076293945,15.720000267028809,1518.0
9.239999771118164,15.9399995803833,1519.0
9.140000343322754,15.640000343322754,1520.0
9.020000457763672,15.699999809265137,1521.0
8.960000038146973,15.5600004196167,1522.0
9.15999984741211,15.600000381469727,1523.0
9.0,15.859999656677246,1524.0
9.100000381469727,15.65999984741211,1525.0
9.119999885559082,15.600000381469727,1526.0
9.039999961853027,15.819999694824219,1527.0
9.039999961853027,15.720000267028809,1528.0
9.079999923706055,15.65999984741211,1529.0
9.180000305175781,15.9399995803833,1530.0
9.020000457763672,15.680000305175781,1531.0
9.4399995803833,15.460000038146973,1532.0
9.279999732971191,15.479999542236328,1533.0
9.420000076293945,15.4399995803833,1534.0
9.15999984741211,15.34000015258789,1535.0
9.119999885559082,15.800000190734863,1536.0
9.239999771118164,15.720000267028809,1537.0
9.100000381469727,15.800000190734863,1538.0
9.180000305175781,15.640000343322754,1539.0
9.279999732971191,15.899999618530273,1540.0
9.15999984741211,15.800000190734863,1541.0
8.9399995803833,15.800000190734863,1542.0
9.300000190734863,15.779999732971191,1543.0
9.239999771118164,15.739999771118164,1544.0
9.279999732971191,15.819999694824219,1545.0
9.100000381469727,15.65999984741211,1546.0
9.140000343322754,15.579999923706055,1547.0
9.119999885559082,15.739999771118164,1548.0
9.199999809265137,15.680000305175781,1549.0
9.319999694824219,15.65999984741211,1550.0
9.199999809265137,15.920000076293945,1551.0
9.239999771118164,15.600000381469727,1552.0
9.5600004196167,15.619999885559082,1553.0
9.600000381469727,15.619999885559082,1554.0
9.359999656677246,15.680000305175781,1555.0
9.34000015258789,15.619999885559082,1556.0
9.4399995803833,15.520000457763672,1557.0
9.399999618530273,15.619999885559082,1558.0
9.420000076293945,15.880000114440918,1559.0
9.180000305175781,15.600000381469727,1560.0
9.119999885559082,15.65999984741211,1561.0
8.979999542236328,15.779999732971191,1562.0
8.920000076293945,15.720000267028809,1563.0
8.84000015258789,15.920000076293945,1564.0
8.880000114440918,15.720000267028809,1565.0
9.199999809265137,15.680000305175781,1566.0
9.359999656677246,15.720000267028809,1567.0
9.220000267028809,15.819999694824219,1568.0
9.199999809265137,15.800000190734863,1569.0
9.039999961853027,15.680000305175781,1570.0
9.0600004196167,15.779999732971191,1571.0
9.0600004196167,15.720000267028809,1572.0
9.119999885559082,16.020000457763672,1573.0
9.239999771118164,15.720000267028809,1574.0
9.260000228881836,19.239999771118164,1575.0
9.359999656677246,19.540000915527344,1576.0
9.300000190734863,19.540000915527344,1577.0
9.079999923706055,16.0,1578.0
9.100000381469727,15.800000190734863,1579.0
8.960000038146973,15.960000038146973,1580.0
9.0,15.859999656677246,1581.0
9.039999961853027,15.899999618530273,1582.0
9.0600004196167,15.960000038146973,1583.0
9.140000343322754,15.819999694824219,1584.0
9.119999885559082,15.819999694824219,1585.0
9.220000267028809,15.9399995803833,1586.0
9.119999885559082,15.979999542236328,1587.0
9.239999771118164,15.9399995803833,1588.0
9.260000228881836,15.979999542236328,1589.0
9.0600004196167,15.84000015258789,1590.0
9.15999984741211,15.800000190734863,1591.0
9.220000267028809,16.079999923706055,1592.0
9.15999984741211,16.299999237060547,1593.0
9.15999984741211,16.15999984741211,1594.0
9.180000305175781,16.299999237060547,1595.0
9.239999771118164,16.139999389648438,1596.0
9.239999771118164,16.139999389648438,1597.0
9.300000190734863,16.1200008392334,1598.0
9.399999618530273,16.18000030517578,1599.0
9.460000038146973,16.31999969482422,1600.0
9.5,16.239999771118164,1601.0
9.460000038146973,16.18000030517578,1602.0
9.34000015258789,16.100000381469727,1603.0
9.4399995803833,16.440000534057617,1604.0
9.420000076293945,16.739999771118164,1605.0
9.399999618530273,16.34000015258789,1606.0
9.399999618530273,16.739999771118164,1607.0
9.260000228881836,16.780000686645508,1608.0
9.100000381469727,16.299999237060547,1609.0
9.100000381469727,16.260000228881836,1610.0
9.140000343322754,16.239999771118164,1611.0
9.260000228881836,16.360000610351562,1612.0
9.420000076293945,16.899999618530273,1613.0
9.260000228881836,16.65999984741211,1614.0
9.279999732971191,16.31999969482422,1615.0
9.239999771118164,16.8799991607666,1616.0
9.119999885559082,16.639999389648438,1617.0
9.199999809265137,16.8799991607666,1618.0
9.039999961853027,16.860000610351562,1619.0
9.300000190734863,17.040000915527344,1620.0
9.199999809265137,16.81999969482422,1621.0
9.180000305175781,16.639999389648438,1622.0
9.199999809265137,16.68000030517578,1623.0
9.34000015258789,16.68000030517578,1624.0
8.880000114440918,16.559999465942383,1625.0
8.880000114440918,16.360000610351562,1626.0
8.979999542236328,16.700000762939453,1627.0
8.819999694824219,16.3799991607666,1628.0
8.859999656677246,16.540000915527344,1629.0
9.140000343322754,16.700000762939453,1630.0
9.140000343322754,16.479999542236328,1631.0
9.220000267028809,16.200000762939453,1632.0
9.239999771118164,16.15999984741211,1633.0
9.279999732971191,16.799999237060547,1634.0
9.260000228881836,16.360000610351562,1635.0
9.319999694824219,16.100000381469727,1636.0
9.199999809265137,16.860000610351562,1637.0
9.300000190734863,17.15999984741211,1638.0
9.460000038146973,17.600000381469727,1639.0
9.5,15.640000343322754,1640.0
9.520000457763672,15.239999771118164,1641.0
9.520000457763672,17.479999542236328,1642.0
9.319999694824219,15.020000457763672,1643.0
9.420000076293945,15.880000114440918,1644.0
9.4399995803833,16.219999313354492,1645.0
9.5600004196167,15.84000015258789,1646.0
9.359999656677246,15.819999694824219,1647.0
9.239999771118164,16.520000457763672,1648.0
9.380000114440918,21.0,1649.0
9.319999694824219,21.399999618530273,1650.0
9.319999694824219,16.65999984741211,1651.0
9.260000228881836,16.479999542236328,1652.0
9.399999618530273,16.8799991607666,1653.0
9.420000076293945,17.020000457763672,1654.0
9.420000076293945,16.8799991607666,1655.0
9.5,16.65999984741211,1656.0
9.520000457763672,16.84000015258789,1657.0
9.680000305175781,20.280000686645508,1658.0
9.600000381469727,20.200000762939453,1659.0
9.460000038146973,16.940000534057617,1660.0
9.5,16.760000228881836,1661.0
9.220000267028809,16.260000228881836,1662.0
9.180000305175781,19.5,1663.0
9.220000267028809,17.520000457763672,1664.0
9.420000076293945,18.0,1665.0
9.579999923706055,19.760000228881836,1666.0
9.5,16.600000381469727,1667.0
9.5,16.520000457763672,1668.0
9.380000114440918,17.81999969482422,1669.0
9.420000076293945,16.479999542236328,1670.0
9.539999961853027,16.600000381469727,1671.0
9.5600004196167,16.5,1672.0
9.34000015258789,17.540000915527344,1673.0
9.380000114440918,16.780000686645508,1674.0
9.600000381469727,16.81999969482422,1675.0
9.359999656677246,16.5,1676.0
9.34000015258789,16.799999237060547,1677.0
9.539999961853027,16.84000015258789,1678.0
9.520000457763672,16.600000381469727,1679.0
9.600000381469727,16.540000915527344,1680.0
9.4399995803833,16.639999389648438,1681.0
9.420000076293945,17.100000381469727,1682.0
9.380000114440918,16.920000076293945,1683.0
9.699999809265137,16.84000015258789,1684.0
9.9399995803833,16.68000030517578,1685.0
9.460000038146973,19.219999313354492,1686.0
9.640000343322754,19.68000030517578,1687.0
9.260000228881836,19.280000686645508,1688.0
9.359999656677246,16.520000457763672,1689.0
9.539999961853027,16.5,1690.0
9.539999961853027,16.020000457763672,1691.0
9.420000076293945,16.399999618530273,1692.0
9.479999542236328,16.239999771118164,1693.0
9.460000038146973,16.360000610351562,1694.0
9.579999923706055,16.420000076293945,1695.0
9.5600004196167,16.18000030517578,1696.0
9.640000343322754,16.200000762939453,1697.0
9.579999923706055,16.18000030517578,1698.0
9.619999885559082,16.100000381469727,1699.0
9.539999961853027,16.1200008392334,1700.0
9.460000038146973,15.979999542236328,1701.0
9.420000076293945,16.040000915527344,1702.0
9.359999656677246,16.040000915527344,1703.0
9.460000038146973,16.139999389648438,1704.0
9.4399995803833,16.360000610351562,1705.0
9.420000076293945,16.420000076293945,1706.0
9.420000076293945,16.360000610351562,1707.0
9.319999694824219,16.360000610351562,1708.0
9.4399995803833,16.360000610351562,1709.0
9.460000038146973,16.360000610351562,1710.0
9.539999961853027,16.18000030517578,1711.0
9.420000076293945,16.280000686645508,1712.0
9.4399995803833,16.260000228881836,1713.0
9.34000015258789,16.540000915527344,1714.0
9.180000305175781,16.5,1715.0
9.220000267028809,16.559999465942383,1716.0
9.279999732971191,16.299999237060547,1717.0
9.34000015258789,16.0,1718.0
9.15999984741211,15.800000190734863,1719.0
9.260000228881836,15.699999809265137,1720.0
9.15999984741211,15.819999694824219,1721.0
9.279999732971191,16.020000457763672,1722.0
9.300000190734863,16.020000457763672,1723.0
9.260000228881836,16.15999984741211,1724.0
9.220000267028809,16.059999465942383,1725.0
9.300000190734863,15.920000076293945,1726.0
9.34000015258789,16.059999465942383,1727.0
9.300000190734863,15.9399995803833,1728.0
9.34000015258789,16.0,1729.0
9.260000228881836,16.020000457763672,1730.0
9.279999732971191,16.0,1731.0
9.279999732971191,15.619999885559082,1732.0
9.220000267028809,15.680000305175781,1733.0
9.15999984741211,15.640000343322754,1734.0
9.100000381469727,15.600000381469727,1735.0
9.039999961853027,15.5,1736.0
9.100000381469727,15.4399995803833,1737.0
8.640000343322754,15.380000114440918,1738.0
9.039999961853027,15.380000114440918,1739.0
8.800000190734863,15.399999618530273,1740.0
9.0,15.199999809265137,1741.0
8.84000015258789,15.079999923706055,1742.0
9.180000305175781,15.140000343322754,1743.0
9.100000381469727,15.239999771118164,1744.0
9.15999984741211,15.720000267028809,1745.0
9.039999961853027,16.360000610351562,1746.0
9.199999809265137,16.040000915527344,1747.0
9.380000114440918,16.700000762939453,1748.0
9.119999885559082,16.200000762939453,1749.0
9.180000305175781,16.15999984741211,1750.0
9.220000267028809,16.020000457763672,1751.0
9.180000305175781,15.899999618530273,1752.0
9.140000343322754,16.420000076293945,1753.0
9.079999923706055,16.6200008392334,1754.0
9.140000343322754,16.65999984741211,1755.0
9.119999885559082,16.479999542236328,1756.0
9.140000343322754,16.219999313354492,1757.0
9.220000267028809,16.040000915527344,1758.0
8.859999656677246,16.059999465942383,1759.0
9.119999885559082,16.040000915527344,1760.0
8.84000015258789,16.1200008392334,1761.0
9.039999961853027,16.31999969482422,1762.0
9.399999618530273,16.040000915527344,1763.0
9.319999694824219,16.040000915527344,1764.0
9.279999732971191,15.880000114440918,1765.0
8.819999694824219,16.34000015258789,1766.0
9.0600004196167,16.440000534057617,1767.0
8.979999542236328,15.779999732971191,1768.0
8.9399995803833,16.0,1769.0
9.020000457763672,16.079999923706055,1770.0
9.119999885559082,16.8799991607666,1771.0
9.239999771118164,15.9399995803833,1772.0
9.180000305175781,16.15999984741211,1773.0
9.180000305175781,16.219999313354492,1774.0
9.15999984741211,16.299999237060547,1775.0
9.079999923706055,16.219999313354492,1776.0
9.119999885559082,16.3799991607666,1777.0
9.399999618530273,16.5,1778.0
8.819999694824219,16.420000076293945,1779.0
9.220000267028809,16.68000030517578,1780.0
9.0,16.760000228881836,1781.0
8.880000114440918,16.65999984741211,1782.0
9.140000343322754,16.559999465942383,1783.0
9.260000228881836,16.420000076293945,1784.0
9.020000457763672,16.139999389648438,1785.0
9.140000343322754,16.260000228881836,1786.0
9.140000343322754,16.219999313354492,1787.0
8.880000114440918,16.1200008392334,1788.0
8.899999618530273,16.18000030517578,1789.0
8.9399995803833,15.720000267028809,1790.0
9.119999885559082,15.819999694824219,1791.0
9.020000457763672,15.819999694824219,1792.0
9.119999885559082,15.9399995803833,1793.0
9.079999923706055,16.079999923706055,1794.0
9.079999923706055,16.040000915527344,1795.0
9.199999809265137,16.239999771118164,1796.0
9.220000267028809,16.0,1797.0
9.359999656677246,15.899999618530273,1798.0
9.15999984741211,15.819999694824219,1799.0
9.239999771118164,15.880000114440918,1800.0
9.15999984741211,16.079999923706055,1801.0
9.15999984741211,16.040000915527344,1802.0
9.140000343322754,15.5600004196167,1803.0
9.0600004196167,15.4399995803833,1804.0
9.079999923706055,15.5,1805.0
9.079999923706055,15.739999771118164,1806.0
9.100000381469727,15.720000267028809,1807.0
9.079999923706055,15.5600004196167,1808.0
9.220000267028809,15.65999984741211,1809.0
9.300000190734863,15.460000038146973,1810.0
9.039999961853027,15.460000038146973,1811.0
9.140000343322754,15.399999618530273,1812.0
9.15999984741211,15.319999694824219,1813.0
9.180000305175781,15.479999542236328,1814.0
9.300000190734863,15.800000190734863,1815.0
9.260000228881836,15.819999694824219,1816.0
9.279999732971191,15.960000038146973,1817.0
9.140000343322754,15.979999542236328,1818.0
9.020000457763672,16.020000457763672,1819.0
9.100000381469727,16.040000915527344,1820.0
9.0600004196167,16.059999465942383,1821.0
9.15999984741211,15.84000015258789,1822.0
8.9399995803833,15.859999656677246,1823.0
9.039999961853027,15.920000076293945,1824.0
8.880000114440918,15.720000267028809,1825.0
9.239999771118164,15.680000305175781,1826.0
9.020000457763672,15.739999771118164,1827.0
9.0600004196167,15.739999771118164,1828.0
9.039999961853027,15.680000305175781,1829.0
9.039999961853027,15.579999923706055,1830.0
9.0600004196167,15.520000457763672,1831.0
9.100000381469727,15.5,1832.0
9.0600004196167,15.520000457763672,1833.0
9.039999961853027,15.5,1834.0
9.0600004196167,15.5600004196167,1835.0
9.039999961853027,15.5600004196167,1836.0
8.899999618530273,15.479999542236328,1837.0
9.119999885559082,15.399999618530273,1838.0
9.180000305175781,15.4399995803833,1839.0
8.859999656677246,15.520000457763672,1840.0
9.0600004196167,15.5,1841.0
8.880000114440918,15.5,1842.0
8.9399995803833,15.359999656677246,1843.0
8.9399995803833,15.380000114440918,1844.0
8.899999618530273,15.600000381469727,1845.0
9.0,15.720000267028809,1846.0
8.859999656677246,15.680000305175781,1847.0
9.0600004196167,15.819999694824219,1848.0
8.899999618530273,15.760000228881836,1849.0
8.960000038146973,15.979999542236328,1850.0
8.880000114440918,15.979999542236328,1851.0
8.9399995803833,15.859999656677246,1852.0
9.0,16.299999237060547,1853.0
8.960000038146973,15.979999542236328,1854.0
9.180000305175781,15.779999732971191,1855.0
9.15999984741211,15.680000305175781,1856.0
9.100000381469727,15.720000267028809,1857.0
9.0600004196167,15.739999771118164,1858.0
9.0,15.779999732971191,1859.0
8.819999694824219,15.800000190734863,1860.0
9.140000343322754,15.739999771118164,1861.0
9.239999771118164,15.65999984741211,1862.0
9.180000305175781,15.65999984741211,1863.0
9.180000305175781,15.640000343322754,1864.0
9.220000267028809,15.819999694824219,1865.0
8.859999656677246,16.200000762939453,1866.0
9.039999961853027,15.800000190734863,1867.0
8.779999732971191,15.5600004196167,1868.0
8.859999656677246,15.619999885559082,1869.0
8.960000038146973,15.640000343322754,1870.0
8.84000015258789,15.899999618530273,1871.0
8.680000305175781,15.899999618530273,1872.0
8.920000076293945,15.65999984741211,1873.0
8.859999656677246,15.619999885559082,1874.0
9.020000457763672,16.079999923706055,1875.0
9.0,16.139999389648438,1876.0
9.399999618530273,15.739999771118164,1877.0
9.079999923706055,16.100000381469727,1878.0
9.020000457763672,15.979999542236328,1879.0
9.199999809265137,15.65999984741211,1880.0
9.180000305175781,15.779999732971191,1881.0
9.260000228881836,15.779999732971191,1882.0
9.380000114440918,15.899999618530273,1883.0
9.380000114440918,16.15999984741211,1884.0
9.199999809265137,16.540000915527344,1885.0
9.039999961853027,16.399999618530273,1886.0
8.920000076293945,16.0,1887.0
8.779999732971191,16.15999984741211,1888.0
9.239999771118164,16.059999465942383,1889.0
8.920000076293945,16.360000610351562,1890.0
9.119999885559082,16.280000686645508,1891.0
8.859999656677246,15.920000076293945,1892.0
9.380000114440918,15.9399995803833,1893.0
9.0,15.819999694824219,1894.0
9.15999984741211,15.5600004196167,1895.0
9.079999923706055,15.720000267028809,1896.0
9.15999984741211,15.819999694824219,1897.0
9.100000381469727,15.84000015258789,1898.0
9.039999961853027,15.84000015258789,1899.0
8.979999542236328,15.819999694824219,1900.0
9.359999656677246,15.760000228881836,1901.0
9.319999694824219,15.760000228881836,1902.0
8.979999542236328,15.720000267028809,1903.0
9.020000457763672,15.760000228881836,1904.0
9.0,15.760000228881836,1905.0
9.079999923706055,15.680000305175781,1906.0
9.079999923706055,15.579999923706055,1907.0
9.020000457763672,15.640000343322754,1908.0
9.119999885559082,15.5600004196167,1909.0
9.319999694824219,15.600000381469727,1910.0
9.279999732971191,15.65999984741211,1911.0
9.119999885559082,15.779999732971191,1912.0
9.100000381469727,15.600000381469727,1913.0
9.100000381469727,15.619999885559082,1914.0
8.960000038146973,15.5600004196167,1915.0
8.859999656677246,15.640000343322754,1916.0
8.880000114440918,15.600000381469727,1917.0
8.9399995803833,15.5600004196167,1918.0
8.899999618530273,15.5600004196167,1919.0
8.479999542236328,15.619999885559082,1920.0
8.979999542236328,15.600000381469727,1921.0
8.579999923706055,15.460000038146973,1922.0
8.619999885559082,15.5,1923.0
8.9399995803833,15.5,1924.0
9.15999984741211,15.460000038146973,1925.0
8.859999656677246,15.4399995803833,1926.0
8.779999732971191,15.579999923706055,1927.0
8.800000190734863,15.479999542236328,1928.0
8.9399995803833,15.399999618530273,1929.0
8.760000228881836,15.579999923706055,1930.0
8.899999618530273,15.5600004196167,1931.0
8.920000076293945,15.640000343322754,1932.0
9.020000457763672,15.779999732971191,1933.0
9.239999771118164,15.880000114440918,1934.0
9.34000015258789,15.920000076293945,1935.0
9.220000267028809,15.84000015258789,1936.0
9.100000381469727,15.819999694824219,1937.0
8.899999618530273,15.739999771118164,1938.0
9.039999961853027,15.720000267028809,1939.0
8.979999542236328,15.65999984741211,1940.0
9.15999984741211,15.779999732971191,1941.0
8.979999542236328,15.760000228881836,1942.0
9.220000267028809,15.819999694824219,1943.0
9.079999923706055,15.819999694824219,1944.0
8.960000038146973,15.920000076293945,1945.0
8.579999923706055,15.779999732971191,1946.0
8.960000038146973,15.699999809265137,1947.0
8.699999809265137,15.640000343322754,1948.0
8.960000038146973,15.739999771118164,1949.0
8.960000038146973,15.760000228881836,1950.0
8.539999961853027,15.720000267028809,1951.0
8.539999961853027,15.699999809265137,1952.0
8.520000457763672,15.739999771118164,1953.0
8.4399995803833,15.779999732971191,1954.0
8.65999984741211,15.739999771118164,1955.0
8.699999809265137,15.779999732971191,1956.0
8.779999732971191,15.640000343322754,1957.0
9.239999771118164,15.640000343322754,1958.0
9.180000305175781,15.800000190734863,1959.0
9.020000457763672,15.779999732971191,1960.0
8.699999809265137,15.819999694824219,1961.0
8.720000267028809,15.859999656677246,1962.0
8.819999694824219,15.760000228881836,1963.0
9.199999809265137,15.779999732971191,1964.0
9.180000305175781,15.779999732971191,1965.0
9.180000305175781,15.680000305175781,1966.0
9.220000267028809,15.720000267028809,1967.0
9.359999656677246,15.680000305175781,1968.0
9.359999656677246,15.600000381469727,1969.0
9.199999809265137,15.619999885559082,1970.0
9.279999732971191,15.619999885559082,1971.0
9.260000228881836,15.5600004196167,1972.0
9.100000381469727,15.520000457763672,1973.0
9.239999771118164,15.579999923706055,1974.0
9.319999694824219,15.579999923706055,1975.0
9.300000190734863,15.800000190734863,1976.0
9.119999885559082,15.640000343322754,1977.0
9.15999984741211,15.65999984741211,1978.0
9.119999885559082,15.5,1979.0
9.0,15.5,1980.0
8.84000015258789,15.600000381469727,1981.0
8.760000228881836,15.520000457763672,1982.0
9.0,15.579999923706055,1983.0
9.0,15.619999885559082,1984.0
9.0600004196167,15.4399995803833,1985.0
8.899999618530273,15.460000038146973,1986.0
9.079999923706055,15.5600004196167,1987.0
9.15999984741211,15.579999923706055,1988.0
9.239999771118164,15.619999885559082,1989.0
9.34000015258789,15.5600004196167,1990.0
9.279999732971191,15.65999984741211,1991.0
9.34000015258789,15.65999984741211,1992.0
9.300000190734863,15.779999732971191,1993.0
9.34000015258789,15.720000267028809,1994.0
9.279999732971191,15.720000267028809,1995.0
9.260000228881836,15.680000305175781,1996.0
9.220000267028809,15.819999694824219,1997.0
9.140000343322754,15.720000267028809,1998.0
9.039999961853027,15.859999656677246,1999.0
9.140000343322754,15.899999618530273,2000.0
9.359999656677246,15.739999771118164,2001.0
9.0600004196167,15.720000267028809,2002.0
9.100000381469727,15.739999771118164,2003.0
9.319999694824219,15.760000228881836,2004.0
9.319999694824219,15.819999694824219,2005.0
9.319999694824219,15.819999694824219,2006.0
9.15999984741211,15.720000267028809,2007.0
9.100000381469727,15.65999984741211,2008.0
9.039999961853027,15.779999732971191,2009.0
8.979999542236328,15.680000305175781,2010.0
8.9399995803833,15.680000305175781,2011.0
9.039999961853027,15.640000343322754,2012.0
8.960000038146973,15.760000228881836,2013.0
9.279999732971191,15.760000228881836,2014.0
9.279999732971191,15.720000267028809,2015.0
9.239999771118164,15.739999771118164,2016.0
8.880000114440918,16.0,2017.0
9.239999771118164,15.739999771118164,2018.0
9.020000457763672,15.760000228881836,2019.0
9.319999694824219,15.680000305175781,2020.0
9.279999732971191,16.040000915527344,2021.0
9.15999984741211,15.479999542236328,2022.0
9.0,15.65999984741211,2023.0
9.199999809265137,15.760000228881836,2024.0
9.020000457763672,16.200000762939453,2025.0
9.319999694824219,16.18000030517578,2026.0
9.319999694824219,16.0,2027.0
9.399999618530273,15.920000076293945,2028.0
9.359999656677246,16.020000457763672,2029.0
9.359999656677246,16.5,2030.0
9.359999656677246,16.020000457763672,2031.0
9.359999656677246,16.079999923706055,2032.0
9.399999618530273,16.059999465942383,2033.0
9.520000457763672,15.800000190734863,2034.0
9.34000015258789,15.979999542236328,2035.0
9.300000190734863,16.15999984741211,2036.0
9.460000038146973,15.880000114440918,2037.0
9.239999771118164,15.9399995803833,2038.0
9.260000228881836,15.960000038146973,2039.0
9.279999732971191,15.779999732971191,2040.0
8.819999694824219,15.779999732971191,2041.0
9.020000457763672,15.779999732971191,2042.0
8.9399995803833,15.739999771118164,2043.0
9.180000305175781,15.779999732971191,2044.0
9.319999694824219,15.960000038146973,2045.0
9.260000228881836,15.779999732971191,2046.0
9.359999656677246,15.739999771118164,2047.0
9.359999656677246,15.880000114440918,2048.0
9.34000015258789,15.640000343322754,2049.0
9.359999656677246,15.640000343322754,2050.0
9.359999656677246,15.84000015258789,2051.0
9.239999771118164,16.059999465942383,2052.0
9.319999694824219,15.920000076293945,2053.0
9.279999732971191,15.579999923706055,2054.0
9.279999732971191,15.720000267028809,2055.0
9.399999618530273,15.819999694824219,2056.0
9.319999694824219,15.760000228881836,2057.0
9.319999694824219,15.720000267028809,2058.0
9.180000305175781,15.579999923706055,2059.0
9.0600004196167,15.680000305175781,2060.0
8.920000076293945,15.579999923706055,2061.0
9.079999923706055,15.739999771118164,2062.0
9.0600004196167,15.65999984741211,2063.0
9.119999885559082,15.600000381469727,2064.0
9.100000381469727,15.619999885559082,2065.0
9.319999694824219,15.760000228881836,2066.0
9.380000114440918,15.720000267028809,2067.0
9.15999984741211,15.800000190734863,2068.0
9.220000267028809,15.920000076293945,2069.0
9.079999923706055,16.0,2070.0
9.119999885559082,15.960000038146973,2071.0
9.279999732971191,16.059999465942383,2072.0
9.199999809265137,15.899999618530273,2073.0
8.899999618530273,15.960000038146973,2074.0
9.199999809265137,15.859999656677246,2075.0
9.039999961853027,15.84000015258789,2076.0
9.119999885559082,15.899999618530273,2077.0
8.9399995803833,15.800000190734863,2078.0
8.960000038146973,15.760000228881836,2079.0
9.279999732971191,15.800000190734863,2080.0
9.4399995803833,15.979999542236328,2081.0
9.0600004196167,15.84000015258789,2082.0
9.020000457763672,15.9399995803833,2083.0
9.180000305175781,15.699999809265137,2084.0
9.399999618530273,15.760000228881836,2085.0
9.079999923706055,15.779999732971191,2086.0
9.460000038146973,15.699999809265137,2087.0
9.359999656677246,15.680000305175781,2088.0
9.34000015258789,15.619999885559082,2089.0
9.34000015258789,15.720000267028809,2090.0
9.34000015258789,15.720000267028809,2091.0
9.34000015258789,15.720000267028809,2092.0
9.260000228881836,15.760000228881836,2093.0
9.239999771118164,15.5600004196167,2094.0
9.34000015258789,15.720000267028809,2095.0
9.140000343322754,15.720000267028809,2096.0
9.359999656677246,15.819999694824219,2097.0
9.34000015258789,15.760000228881836,2098.0
9.4399995803833,15.899999618530273,2099.0
9.319999694824219,16.020000457763672,2100.0
9.319999694824219,16.0,2101.0
9.359999656677246,15.880000114440918,2102.0
9.319999694824219,15.9399995803833,2103.0
9.34000015258789,15.960000038146973,2104.0
9.380000114440918,15.600000381469727,2105.0
9.34000015258789,15.699999809265137,2106.0
9.359999656677246,15.680000305175781,2107.0
9.319999694824219,15.680000305175781,2108.0
9.300000190734863,15.680000305175781,2109.0
9.239999771118164,15.720000267028809,2110.0
9.380000114440918,15.720000267028809,2111.0
9.279999732971191,15.819999694824219,2112.0
9.300000190734863,15.859999656677246,2113.0
9.279999732971191,15.84000015258789,2114.0
9.319999694824219,15.9399995803833,2115.0
9.279999732971191,15.84000015258789,2116.0
9.399999618530273,15.779999732971191,2117.0
9.479999542236328,15.779999732971191,2118.0
9.15999984741211,15.819999694824219,2119.0
9.5,15.880000114440918,2120.0
9.279999732971191,15.960000038146973,2121.0
9.180000305175781,15.880000114440918,2122.0
9.420000076293945,15.84000015258789,2123.0
9.359999656677246,15.899999618530273,2124.0
9.4399995803833,16.020000457763672,2125.0
9.420000076293945,15.9399995803833,2126.0
9.460000038146973,15.979999542236328,2127.0
9.479999542236328,15.880000114440918,2128.0
9.4399995803833,15.899999618530273,2129.0
9.460000038146973,15.800000190734863,2130.0
9.4399995803833,15.899999618530273,2131.0
9.380000114440918,15.800000190734863,2132.0
9.359999656677246,15.979999542236328,2133.0
9.359999656677246,15.84000015258789,2134.0
9.359999656677246,15.739999771118164,2135.0
9.359999656677246,15.880000114440918,2136.0
9.380000114440918,16.040000915527344,2137.0
9.319999694824219,15.979999542236328,2138.0
9.359999656677246,15.779999732971191,2139.0
9.300000190734863,15.880000114440918,2140.0
9.34000015258789,15.960000038146973,2141.0
9.319999694824219,15.920000076293945,2142.0
9.399999618530273,15.539999961853027,2143.0
9.300000190734863,15.720000267028809,2144.0
9.279999732971191,15.420000076293945,2145.0
9.0600004196167,15.84000015258789,2146.0
9.119999885559082,15.859999656677246,2147.0
9.140000343322754,15.65999984741211,2148.0
9.140000343322754,15.539999961853027,2149.0
9.119999885559082,15.5600004196167,2150.0
9.0600004196167,15.739999771118164,2151.0
8.880000114440918,15.619999885559082,2152.0
9.15999984741211,15.699999809265137,2153.0
9.260000228881836,15.600000381469727,2154.0
9.319999694824219,15.680000305175781,2155.0
9.119999885559082,15.680000305175781,2156.0
9.039999961853027,15.699999809265137,2157.0
9.140000343322754,15.680000305175781,2158.0
9.0,15.640000343322754,2159.0
9.119999885559082,15.819999694824219,2160.0
8.979999542236328,15.760000228881836,2161.0
8.960000038146973,15.739999771118164,2162.0
9.100000381469727,15.720000267028809,2163.0
9.039999961853027,15.699999809265137,2164.0
8.960000038146973,15.699999809265137,2165.0
9.239999771118164,15.680000305175781,2166.0
9.15999984741211,15.680000305175781,2167.0
9.15999984741211,15.720000267028809,2168.0
9.100000381469727,15.739999771118164,2169.0
9.279999732971191,15.800000190734863,2170.0
9.0,15.84000015258789,2171.0
9.020000457763672,15.880000114440918,2172.0
9.279999732971191,15.84000015258789,2173.0
9.079999923706055,15.920000076293945,2174.0
9.199999809265137,15.899999618530273,2175.0
9.359999656677246,16.280000686645508,2176.0
9.199999809265137,15.979999542236328,2177.0
9.279999732971191,16.020000457763672,2178.0
9.079999923706055,15.9399995803833,2179.0
9.020000457763672,15.779999732971191,2180.0
9.020000457763672,15.9399995803833,2181.0
9.020000457763672,15.859999656677246,2182.0
9.079999923706055,15.880000114440918,2183.0
9.119999885559082,15.859999656677246,2184.0
9.079999923706055,15.9399995803833,2185.0
8.800000190734863,15.960000038146973,2186.0
9.039999961853027,15.819999694824219,2187.0
9.239999771118164,15.920000076293945,2188.0
9.300000190734863,15.819999694824219,2189.0
9.359999656677246,15.880000114440918,2190.0
9.0,15.899999618530273,2191.0
9.220000267028809,15.880000114440918,2192.0
9.140000343322754,15.859999656677246,2193.0
8.960000038146973,15.819999694824219,2194.0
8.920000076293945,15.779999732971191,2195.0
9.239999771118164,15.720000267028809,2196.0
9.079999923706055,15.739999771118164,2197.0
9.0,15.899999618530273,2198.0
8.9399995803833,15.819999694824219,2199.0
9.199999809265137,15.760000228881836,2200.0
9.319999694824219,15.779999732971191,2201.0
9.279999732971191,15.84000015258789,2202.0
8.9399995803833,15.760000228881836,2203.0
8.880000114440918,15.899999618530273,2204.0
9.039999961853027,15.779999732971191,2205.0
8.819999694824219,15.84000015258789,2206.0
8.960000038146973,15.899999618530273,2207.0
9.279999732971191,15.800000190734863,2208.0
9.319999694824219,15.800000190734863,2209.0
9.359999656677246,15.800000190734863,2210.0
9.34000015258789,15.760000228881836,2211.0
9.399999618530273,15.720000267028809,2212.0
9.420000076293945,15.779999732971191,2213.0
9.420000076293945,15.84000015258789,2214.0
9.399999618530273,15.84000015258789,2215.0
9.34000015258789,15.84000015258789,2216.0
9.319999694824219,15.760000228881836,2217.0
9.319999694824219,15.779999732971191,2218.0
9.319999694824219,15.84000015258789,2219.0
9.319999694824219,15.899999618530273,2220.0
9.319999694824219,15.979999542236328,2221.0
9.119999885559082,15.859999656677246,2222.0
9.279999732971191,16.0,2223.0
9.34000015258789,15.880000114440918,2224.0
9.359999656677246,15.760000228881836,2225.0
9.380000114440918,15.819999694824219,2226.0
9.319999694824219,15.9399995803833,2227.0
9.359999656677246,15.9399995803833,2228.0
9.399999618530273,15.880000114440918,2229.0
9.479999542236328,15.979999542236328,2230.0
9.399999618530273,15.920000076293945,2231.0
9.4399995803833,15.84000015258789,2232.0
9.399999618530273,15.920000076293945,2233.0
9.359999656677246,15.960000038146973,2234.0
9.460000038146973,15.9399995803833,2235.0
9.4399995803833,15.9399995803833,2236.0
9.399999618530273,16.0,2237.0
9.380000114440918,15.84000015258789,2238.0
9.380000114440918,15.760000228881836,2239.0
9.420000076293945,15.819999694824219,2240.0
9.520000457763672,15.920000076293945,2241.0
9.399999618530273,15.979999542236328,2242.0
9.380000114440918,16.059999465942383,2243.0
9.479999542236328,15.859999656677246,2244.0
9.520000457763672,15.899999618530273,2245.0
9.479999542236328,15.880000114440918,2246.0
9.4399995803833,16.0,2247.0
9.479999542236328,15.960000038146973,2248.0
9.479999542236328,15.880000114440918,2249.0
9.420000076293945,15.819999694824219,2250.0
9.359999656677246,15.739999771118164,2251.0
9.359999656677246,15.880000114440918,2252.0
9.279999732971191,15.899999618530273,2253.0
9.319999694824219,15.880000114440918,2254.0
9.399999618530273,15.880000114440918,2255.0
9.359999656677246,15.880000114440918,2256.0
9.359999656677246,15.859999656677246,2257.0
9.119999885559082,15.920000076293945,2258.0
9.119999885559082,15.979999542236328,2259.0
9.420000076293945,15.880000114440918,2260.0
9.359999656677246,15.84000015258789,2261.0
9.4399995803833,15.84000015258789,2262.0
9.319999694824219,15.84000015258789,2263.0
9.359999656677246,15.899999618530273,2264.0
9.359999656677246,15.739999771118164,2265.0
9.359999656677246,15.859999656677246,2266.0
9.380000114440918,15.920000076293945,2267.0
9.15999984741211,16.0,2268.0
9.34000015258789,16.1200008392334,2269.0
9.34000015258789,15.9399995803833,2270.0
9.359999656677246,15.979999542236328,2271.0
9.319999694824219,15.9399995803833,2272.0
9.359999656677246,16.0,2273.0
9.359999656677246,15.9399995803833,2274.0
9.479999542236328,16.040000915527344,2275.0
9.4399995803833,16.079999923706055,2276.0
9.319999694824219,16.0,2277.0
9.420000076293945,16.0,2278.0
9.4399995803833,16.079999923706055,2279.0
9.239999771118164,16.0,2280.0
9.399999618530273,16.020000457763672,2281.0
9.359999656677246,15.960000038146973,2282.0
9.319999694824219,16.079999923706055,2283.0
9.0600004196167,16.139999389648438,2284.0
9.359999656677246,16.0,2285.0
9.300000190734863,15.880000114440918,2286.0
9.34000015258789,15.920000076293945,2287.0
9.15999984741211,15.699999809265137,2288.0
9.140000343322754,15.819999694824219,2289.0
9.300000190734863,15.720000267028809,2290.0
9.359999656677246,15.699999809265137,2291.0
9.34000015258789,15.640000343322754,2292.0
9.279999732971191,15.619999885559082,2293.0
9.359999656677246,15.680000305175781,2294.0
9.359999656677246,15.739999771118164,2295.0
9.279999732971191,15.880000114440918,2296.0
9.260000228881836,15.760000228881836,2297.0
9.300000190734863,16.1200008392334,2298.0
9.319999694824219,16.040000915527344,2299.0
9.199999809265137,15.979999542236328,2300.0
9.399999618530273,15.880000114440918,2301.0
9.180000305175781,15.800000190734863,2302.0
9.199999809265137,16.040000915527344,2303.0
9.34000015258789,15.960000038146973,2304.0
9.359999656677246,15.880000114440918,2305.0
9.319999694824219,15.800000190734863,2306.0
9.319999694824219,15.859999656677246,2307.0
9.279999732971191,15.600000381469727,2308.0
9.319999694824219,15.819999694824219,2309.0
9.359999656677246,15.84000015258789,2310.0
9.359999656677246,16.0,2311.0
9.399999618530273,16.040000915527344,2312.0
9.4399995803833,15.960000038146973,2313.0
9.399999618530273,15.859999656677246,2314.0
9.359999656677246,15.960000038146973,2315.0
9.399999618530273,15.979999542236328,2316.0
9.260000228881836,15.899999618530273,2317.0
9.640000343322754,15.739999771118164,2318.0
9.520000457763672,15.84000015258789,2319.0
9.520000457763672,16.18000030517578,2320.0
9.420000076293945,15.680000305175781,2321.0
9.4399995803833,15.979999542236328,2322.0
9.479999542236328,15.979999542236328,2323.0
9.720000267028809,16.020000457763672,2324.0
9.600000381469727,16.100000381469727,2325.0
9.760000228881836,15.9399995803833,2326.0
9.619999885559082,15.819999694824219,2327.0
9.5600004196167,15.859999656677246,2328.0
9.579999923706055,15.979999542236328,2329.0
9.420000076293945,16.0,2330.0
9.4399995803833,15.760000228881836,2331.0
9.539999961853027,15.84000015258789,2332.0
9.460000038146973,15.920000076293945,2333.0
9.420000076293945,15.899999618530273,2334.0
9.640000343322754,15.899999618530273,2335.0
9.720000267028809,15.859999656677246,2336.0
9.420000076293945,15.859999656677246,2337.0
9.5,15.880000114440918,2338.0
9.479999542236328,15.779999732971191,2339.0
9.479999542236328,15.760000228881836,2340.0
9.4399995803833,15.899999618530273,2341.0
9.4399995803833,16.0,2342.0
9.399999618530273,15.699999809265137,2343.0
9.359999656677246,15.960000038146973,2344.0
9.399999618530273,15.920000076293945,2345.0
9.399999618530273,15.880000114440918,2346.0
9.4399995803833,15.819999694824219,2347.0
9.640000343322754,15.920000076293945,2348.0
9.359999656677246,15.779999732971191,2349.0
9.399999618530273,15.859999656677246,2350.0
9.520000457763672,15.760000228881836,2351.0
9.4399995803833,15.880000114440918,2352.0
9.479999542236328,15.880000114440918,2353.0
9.399999618530273,15.979999542236328,2354.0
9.479999542236328,15.960000038146973,2355.0
9.239999771118164,15.680000305175781,2356.0
9.319999694824219,15.84000015258789,2357.0
9.15999984741211,16.139999389648438,2358.0
9.199999809265137,15.880000114440918,2359.0
9.260000228881836,15.779999732971191,2360.0
8.880000114440918,15.880000114440918,2361.0
8.760000228881836,16.079999923706055,2362.0
8.680000305175781,15.9399995803833,2363.0
9.100000381469727,15.920000076293945,2364.0
8.779999732971191,15.880000114440918,2365.0
9.15999984741211,16.059999465942383,2366.0
9.119999885559082,15.84000015258789,2367.0
9.239999771118164,15.979999542236328,2368.0
9.15999984741211,15.979999542236328,2369.0
9.279999732971191,16.0,2370.0
9.239999771118164,16.0,2371.0
9.359999656677246,16.020000457763672,2372.0
9.359999656677246,16.040000915527344,2373.0
9.479999542236328,16.020000457763672,2374.0
9.300000190734863,16.0,2375.0
9.640000343322754,16.0,2376.0
9.4399995803833,15.859999656677246,2377.0
9.5600004196167,15.9399995803833,2378.0
9.399999618530273,15.819999694824219,2379.0
9.4399995803833,15.880000114440918,2380.0
9.5600004196167,15.899999618530273,2381.0
9.579999923706055,15.84000015258789,2382.0
9.319999694824219,15.760000228881836,2383.0
9.680000305175781,15.920000076293945,2384.0
9.4399995803833,15.819999694824219,2385.0
9.319999694824219,15.880000114440918,2386.0
9.0600004196167,15.960000038146973,2387.0
9.220000267028809,16.219999313354492,2388.0
8.880000114440918,15.979999542236328,2389.0
9.279999732971191,15.920000076293945,2390.0
9.319999694824219,16.0,2391.0
9.399999618530273,16.100000381469727,2392.0
9.4399995803833,16.040000915527344,2393.0
9.520000457763672,15.979999542236328,2394.0
9.359999656677246,16.1200008392334,2395.0
9.5,16.0,2396.0
9.4399995803833,16.1200008392334,2397.0
9.479999542236328,16.040000915527344,2398.0
9.520000457763672,16.040000915527344,2399.0
9.520000457763672,16.020000457763672,2400.0
9.680000305175781,16.1200008392334,2401.0
9.539999961853027,16.100000381469727,2402.0
9.579999923706055,16.100000381469727,2403.0
9.600000381469727,15.9399995803833,2404.0
9.539999961853027,15.880000114440918,2405.0
9.579999923706055,15.960000038146973,2406.0
9.4399995803833,16.1200008392334,2407.0
9.260000228881836,15.960000038146973,2408.0
9.34000015258789,15.880000114440918,2409.0
9.380000114440918,15.920000076293945,2410.0
9.399999618530273,16.020000457763672,2411.0
9.239999771118164,15.859999656677246,2412.0
9.4399995803833,15.779999732971191,2413.0
9.420000076293945,15.859999656677246,2414.0
9.079999923706055,15.920000076293945,2415.0
9.420000076293945,15.779999732971191,2416.0
9.359999656677246,15.9399995803833,2417.0
9.180000305175781,15.720000267028809,2418.0
9.359999656677246,15.739999771118164,2419.0
9.539999961853027,15.979999542236328,2420.0
9.279999732971191,16.059999465942383,2421.0
9.399999618530273,16.040000915527344,2422.0
9.4399995803833,15.880000114440918,2423.0
9.479999542236328,16.0,2424.0
9.579999923706055,16.0,2425.0
9.479999542236328,16.040000915527344,2426.0
9.680000305175781,15.960000038146973,2427.0
9.520000457763672,16.020000457763672,2428.0
9.600000381469727,15.920000076293945,2429.0
9.579999923706055,15.779999732971191,2430.0
9.600000381469727,15.760000228881836,2431.0
9.579999923706055,15.699999809265137,2432.0
9.640000343322754,15.680000305175781,2433.0
9.479999542236328,15.619999885559082,2434.0
9.640000343322754,15.619999885559082,2435.0
9.399999618530273,15.600000381469727,2436.0
9.479999542236328,15.5,2437.0
9.319999694824219,15.479999542236328,2438.0
9.279999732971191,15.619999885559082,2439.0
9.479999542236328,15.65999984741211,2440.0
9.399999618530273,15.880000114440918,2441.0
9.359999656677246,15.800000190734863,2442.0
9.359999656677246,15.65999984741211,2443.0
9.4399995803833,15.84000015258789,2444.0
9.479999542236328,16.040000915527344,2445.0
9.34000015258789,15.899999618530273,2446.0
9.479999542236328,15.84000015258789,2447.0
9.4399995803833,15.899999618530273,2448.0
9.5,16.0,2449.0
9.399999618530273,15.880000114440918,2450.0
9.359999656677246,15.800000190734863,2451.0
9.359999656677246,15.899999618530273,2452.0
9.399999618530273,15.920000076293945,2453.0
9.399999618530273,15.819999694824219,2454.0
9.319999694824219,16.079999923706055,2455.0
9.319999694824219,16.139999389648438,2456.0
9.359999656677246,15.920000076293945,2457.0
9.359999656677246,16.299999237060547,2458.0
9.359999656677246,16.020000457763672,2459.0
9.319999694824219,16.079999923706055,2460.0
9.279999732971191,16.1200008392334,2461.0
9.359999656677246,16.100000381469727,2462.0
9.319999694824219,15.960000038146973,2463.0
9.359999656677246,16.0,2464.0
9.359999656677246,16.040000915527344,2465.0
9.359999656677246,16.059999465942383,2466.0
9.399999618530273,16.020000457763672,2467.0
9.520000457763672,16.040000915527344,2468.0
9.4399995803833,16.020000457763672,2469.0
9.4399995803833,16.079999923706055,2470.0
9.399999618530273,16.15999984741211,2471.0
9.399999618530273,16.18000030517578,2472.0
9.4399995803833,16.100000381469727,2473.0
9.399999618530273,16.059999465942383,2474.0
9.479999542236328,16.100000381469727,2475.0
9.420000076293945,16.299999237060547,2476.0
9.460000038146973,16.059999465942383,2477.0
9.640000343322754,15.960000038146973,2478.0
9.4399995803833,16.0,2479.0
9.479999542236328,16.0,2480.0
9.520000457763672,16.1200008392334,2481.0
9.359999656677246,16.079999923706055,2482.0
9.520000457763672,16.059999465942383,2483.0
9.4399995803833,16.139999389648438,2484.0
9.399999618530273,16.18000030517578,2485.0
9.460000038146973,16.0,2486.0
9.479999542236328,15.920000076293945,2487.0
9.600000381469727,16.0,2488.0
9.479999542236328,15.9399995803833,2489.0
9.479999542236328,15.920000076293945,2490.0
9.359999656677246,16.020000457763672,2491.0
9.399999618530273,15.960000038146973,2492.0
9.4399995803833,15.9399995803833,2493.0
9.399999618530273,15.920000076293945,2494.0
9.520000457763672,15.9399995803833,2495.0
9.479999542236328,16.15999984741211,2496.0
9.479999542236328,15.9399995803833,2497.0
9.479999542236328,15.9399995803833,2498.0
9.640000343322754,15.979999542236328,2499.0
9.479999542236328,16.0,2500.0
9.5,16.0,2501.0
9.520000457763672,15.9399995803833,2502.0
9.5600004196167,16.059999465942383,2503.0
9.4399995803833,15.920000076293945,2504.0
9.479999542236328,15.920000076293945,2505.0
9.380000114440918,15.880000114440918,2506.0
9.260000228881836,15.899999618530273,2507.0
9.380000114440918,15.9399995803833,2508.0
9.300000190734863,15.880000114440918,2509.0
9.319999694824219,15.920000076293945,2510.0
9.399999618530273,16.040000915527344,2511.0
9.15999984741211,16.040000915527344,2512.0
9.399999618530273,15.960000038146973,2513.0
9.479999542236328,16.079999923706055,2514.0
9.279999732971191,16.040000915527344,2515.0
9.279999732971191,15.979999542236328,2516.0
9.520000457763672,16.0,2517.0
9.460000038146973,16.040000915527344,2518.0
9.4399995803833,16.0,2519.0
9.420000076293945,16.079999923706055,2520.0
9.4399995803833,16.15999984741211,2521.0
9.460000038146973,16.040000915527344,2522.0
9.380000114440918,15.920000076293945,2523.0
9.5,16.079999923706055,2524.0
9.520000457763672,16.139999389648438,2525.0
9.479999542236328,16.0,2526.0
9.479999542236328,16.1200008392334,2527.0
9.399999618530273,16.1200008392334,2528.0
9.380000114440918,16.299999237060547,2529.0
9.399999618530273,16.139999389648438,2530.0
9.4399995803833,16.100000381469727,2531.0
9.279999732971191,16.059999465942383,2532.0
9.380000114440918,16.100000381469727,2533.0
9.300000190734863,16.1200008392334,2534.0
9.279999732971191,16.079999923706055,2535.0
9.359999656677246,16.059999465942383,2536.0
9.239999771118164,16.100000381469727,2537.0
9.319999694824219,16.1200008392334,2538.0
9.359999656677246,16.079999923706055,2539.0
9.15999984741211,16.040000915527344,2540.0
9.319999694824219,16.15999984741211,2541.0
9.359999656677246,16.239999771118164,2542.0
9.319999694824219,16.15999984741211,2543.0
9.359999656677246,16.100000381469727,2544.0
9.420000076293945,16.15999984741211,2545.0
9.359999656677246,16.1200008392334,2546.0
9.380000114440918,16.18000030517578,2547.0
9.279999732971191,16.18000030517578,2548.0
9.34000015258789,16.020000457763672,2549.0
9.380000114440918,16.139999389648438,2550.0
9.420000076293945,16.18000030517578,2551.0
9.319999694824219,16.200000762939453,2552.0
9.4399995803833,16.18000030517578,2553.0
9.479999542236328,16.18000030517578,2554.0
9.4399995803833,16.139999389648438,2555.0
9.479999542236328,16.100000381469727,2556.0
9.4399995803833,16.1200008392334,2557.0
9.420000076293945,16.239999771118164,2558.0
9.4399995803833,16.1200008392334,2559.0
9.399999618530273,16.1200008392334,2560.0
9.4399995803833,16.0,2561.0
9.239999771118164,16.5,2562.0
9.4399995803833,16.200000762939453,2563.0
9.479999542236328,16.299999237060547,2564.0
9.4399995803833,16.3799991607666,2565.0
9.880000114440918,16.219999313354492,2566.0
9.65999984741211,16.219999313354492,2567.0
9.680000305175781,16.260000228881836,2568.0
9.640000343322754,16.280000686645508,2569.0
9.579999923706055,16.239999771118164,2570.0
9.680000305175781,16.219999313354492,2571.0
9.720000267028809,16.260000228881836,2572.0
9.4399995803833,16.18000030517578,2573.0
9.640000343322754,16.079999923706055,2574.0
9.539999961853027,16.059999465942383,2575.0
9.460000038146973,16.200000762939453,2576.0
9.4399995803833,16.18000030517578,2577.0
9.600000381469727,16.040000915527344,2578.0
9.579999923706055,16.079999923706055,2579.0
9.479999542236328,16.059999465942383,2580.0
9.579999923706055,16.059999465942383,2581.0
9.520000457763672,16.059999465942383,2582.0
9.5,16.020000457763672,2583.0
9.4399995803833,16.040000915527344,2584.0
9.520000457763672,16.020000457763672,2585.0
9.399999618530273,16.059999465942383,2586.0
9.359999656677246,16.139999389648438,2587.0
9.279999732971191,16.15999984741211,2588.0
9.199999809265137,15.9399995803833,2589.0
9.34000015258789,16.059999465942383,2590.0
9.260000228881836,16.1200008392334,2591.0
9.520000457763672,16.079999923706055,2592.0
9.520000457763672,16.0,2593.0
9.520000457763672,16.100000381469727,2594.0
9.520000457763672,16.100000381469727,2595.0
9.4399995803833,15.979999542236328,2596.0
9.4399995803833,16.040000915527344,2597.0
9.380000114440918,16.15999984741211,2598.0
9.399999618530273,16.0,2599.0
9.4399995803833,16.059999465942383,2600.0
9.4399995803833,16.040000915527344,2601.0
9.399999618530273,16.079999923706055,2602.0
9.300000190734863,15.9399995803833,2603.0
9.359999656677246,16.0,2604.0
9.399999618530273,16.020000457763672,2605.0
9.479999542236328,15.960000038146973,2606.0
9.359999656677246,16.040000915527344,2607.0
9.239999771118164,16.0,2608.0
9.119999885559082,16.0,2609.0
9.300000190734863,16.059999465942383,2610.0
9.380000114440918,15.979999542236328,2611.0
9.34000015258789,16.040000915527344,2612.0
9.420000076293945,16.0,2613.0
9.220000267028809,16.040000915527344,2614.0
9.260000228881836,16.040000915527344,2615.0
9.300000190734863,16.139999389648438,2616.0
9.399999618530273,16.219999313354492,2617.0
9.319999694824219,16.239999771118164,2618.0
9.359999656677246,16.079999923706055,2619.0
9.399999618530273,16.079999923706055,2620.0
9.479999542236328,16.059999465942383,2621.0
9.420000076293945,16.1200008392334,2622.0
9.5,16.100000381469727,2623.0
9.4399995803833,16.040000915527344,2624.0
9.380000114440918,16.0,2625.0
9.479999542236328,16.1200008392334,2626.0
9.180000305175781,16.020000457763672,2627.0
9.600000381469727,16.040000915527344,2628.0
9.520000457763672,15.979999542236328,2629.0
9.600000381469727,16.079999923706055,2630.0
9.479999542236328,15.9399995803833,2631.0
9.520000457763672,15.9399995803833,2632.0
9.479999542236328,15.920000076293945,2633.0
9.479999542236328,15.979999542236328,2634.0
9.479999542236328,16.0,2635.0
9.4399995803833,15.979999542236328,2636.0
9.5600004196167,16.18000030517578,2637.0
9.479999542236328,16.040000915527344,2638.0
9.4399995803833,16.059999465942383,2639.0
9.520000457763672,16.219999313354492,2640.0
9.479999542236328,16.040000915527344,2641.0
9.420000076293945,16.020000457763672,2642.0
9.399999618530273,16.059999465942383,2643.0
9.4399995803833,16.059999465942383,2644.0
9.539999961853027,16.079999923706055,2645.0
9.579999923706055,15.9399995803833,2646.0
9.5,16.079999923706055,2647.0
9.640000343322754,16.059999465942383,2648.0
9.520000457763672,16.260000228881836,2649.0
9.600000381469727,16.360000610351562,2650.0
9.479999542236328,16.18000030517578,2651.0
9.600000381469727,16.18000030517578,2652.0
9.579999923706055,16.239999771118164,2653.0
9.680000305175781,16.280000686645508,2654.0
9.579999923706055,16.200000762939453,2655.0
9.5600004196167,16.18000030517578,2656.0
9.600000381469727,16.200000762939453,2657.0
9.5600004196167,16.15999984741211,2658.0
9.539999961853027,16.15999984741211,2659.0
9.5600004196167,16.1200008392334,2660.0
9.5600004196167,16.100000381469727,2661.0
9.619999885559082,16.040000915527344,2662.0
9.640000343322754,16.020000457763672,2663.0
9.5,16.020000457763672,2664.0
9.539999961853027,16.0,2665.0
9.479999542236328,16.139999389648438,2666.0
9.479999542236328,16.1200008392334,2667.0
9.579999923706055,16.15999984741211,2668.0
9.640000343322754,16.079999923706055,2669.0
9.619999885559082,16.200000762939453,2670.0
9.640000343322754,16.15999984741211,2671.0
9.5600004196167,16.18000030517578,2672.0
9.800000190734863,16.059999465942383,2673.0
9.600000381469727,16.0,2674.0
9.65999984741211,16.0,2675.0
9.640000343322754,16.0,2676.0
9.600000381469727,16.1200008392334,2677.0
9.600000381469727,16.040000915527344,2678.0
9.5,16.040000915527344,2679.0
9.5600004196167,16.0,2680.0
9.5600004196167,15.84000015258789,2681.0
9.520000457763672,15.979999542236328,2682.0
9.619999885559082,16.040000915527344,2683.0
9.65999984741211,16.020000457763672,2684.0
9.600000381469727,16.200000762939453,2685.0
9.739999771118164,16.1200008392334,2686.0
9.5600004196167,16.059999465942383,2687.0
9.720000267028809,16.020000457763672,2688.0
9.600000381469727,16.200000762939453,2689.0
9.5600004196167,16.059999465942383,2690.0
9.5600004196167,16.100000381469727,2691.0
9.5,16.1200008392334,2692.0
9.5600004196167,16.15999984741211,2693.0
9.5600004196167,16.18000030517578,2694.0
9.479999542236328,16.280000686645508,2695.0
9.579999923706055,16.139999389648438,2696.0
9.720000267028809,16.18000030517578,2697.0
9.520000457763672,16.139999389648438,2698.0
9.640000343322754,16.15999984741211,2699.0
9.479999542236328,16.299999237060547,2700.0
9.5600004196167,16.200000762939453,2701.0
9.300000190734863,16.059999465942383,2702.0
9.5600004196167,16.18000030517578,2703.0
9.520000457763672,16.15999984741211,2704.0
9.5,16.1200008392334,2705.0
9.520000457763672,16.0,2706.0
9.479999542236328,16.079999923706055,2707.0
9.479999542236328,15.960000038146973,2708.0
9.399999618530273,15.960000038146973,2709.0
9.359999656677246,16.079999923706055,2710.0
9.319999694824219,16.260000228881836,2711.0
9.399999618530273,16.040000915527344,2712.0
9.319999694824219,16.040000915527344,2713.0
9.399999618530273,16.079999923706055,2714.0
9.399999618530273,16.139999389648438,2715.0
9.479999542236328,16.059999465942383,2716.0
9.460000038146973,16.18000030517578,2717.0
9.4399995803833,16.1200008392334,2718.0
9.420000076293945,16.139999389648438,2719.0
9.539999961853027,16.239999771118164,2720.0
9.5600004196167,16.18000030517578,2721.0
9.539999961853027,16.219999313354492,2722.0
9.5600004196167,16.260000228881836,2723.0
9.619999885559082,16.18000030517578,2724.0
9.640000343322754,16.059999465942383,2725.0
9.640000343322754,16.100000381469727,2726.0
9.720000267028809,16.139999389648438,2727.0
9.640000343322754,16.200000762939453,2728.0
9.720000267028809,16.200000762939453,2729.0
9.5600004196167,16.219999313354492,2730.0
9.520000457763672,16.260000228881836,2731.0
9.5600004196167,16.260000228881836,2732.0
9.359999656677246,16.299999237060547,2733.0
10.079999923706055,16.260000228881836,2734.0
9.5,16.280000686645508,2735.0
9.5600004196167,16.219999313354492,2736.0
9.579999923706055,16.079999923706055,2737.0
9.520000457763672,16.34000015258789,2738.0
9.65999984741211,16.280000686645508,2739.0
9.4399995803833,16.299999237060547,2740.0
9.579999923706055,16.420000076293945,2741.0
9.640000343322754,16.399999618530273,2742.0
9.720000267028809,16.479999542236328,2743.0
9.779999732971191,16.299999237060547,2744.0
9.800000190734863,16.239999771118164,2745.0
9.619999885559082,16.360000610351562,2746.0
9.779999732971191,16.420000076293945,2747.0
9.680000305175781,16.15999984741211,2748.0
9.520000457763672,16.360000610351562,2749.0
9.640000343322754,16.3799991607666,2750.0
9.600000381469727,16.15999984741211,2751.0
9.640000343322754,16.219999313354492,2752.0
9.520000457763672,16.200000762939453,2753.0
9.520000457763672,16.299999237060547,2754.0
9.460000038146973,16.3799991607666,2755.0
9.5600004196167,16.260000228881836,2756.0
9.539999961853027,16.18000030517578,2757.0
9.739999771118164,16.100000381469727,2758.0
10.039999961853027,16.200000762939453,2759.0
10.039999961853027,16.219999313354492,2760.0
9.84000015258789,16.200000762939453,2761.0
10.0600004196167,16.219999313354492,2762.0
9.760000228881836,16.31999969482422,2763.0
9.65999984741211,16.219999313354492,2764.0
9.5,16.200000762939453,2765.0
9.920000076293945,16.200000762939453,2766.0
9.579999923706055,16.260000228881836,2767.0
9.579999923706055,16.15999984741211,2768.0
9.460000038146973,16.139999389648438,2769.0
9.640000343322754,16.139999389648438,2770.0
9.479999542236328,16.1200008392334,2771.0
9.5600004196167,16.239999771118164,2772.0
9.199999809265137,16.260000228881836,2773.0
9.300000190734863,16.260000228881836,2774.0
9.4399995803833,16.260000228881836,2775.0
9.720000267028809,16.219999313354492,2776.0
9.65999984741211,16.139999389648438,2777.0
9.399999618530273,16.280000686645508,2778.0
9.199999809265137,16.18000030517578,2779.0
9.319999694824219,16.200000762939453,2780.0
9.199999809265137,16.15999984741211,2781.0
9.479999542236328,16.059999465942383,2782.0
9.479999542236328,16.239999771118164,2783.0
9.520000457763672,16.15999984741211,2784.0
9.5600004196167,16.15999984741211,2785.0
9.520000457763672,16.200000762939453,2786.0
9.539999961853027,16.239999771118164,2787.0
9.600000381469727,16.15999984741211,2788.0
9.640000343322754,16.059999465942383,2789.0
9.5,16.260000228881836,2790.0
9.380000114440918,16.219999313354492,2791.0
9.380000114440918,16.200000762939453,2792.0
9.180000305175781,16.15999984741211,2793.0
9.15999984741211,16.200000762939453,2794.0
9.600000381469727,16.200000762939453,2795.0
9.640000343322754,16.18000030517578,2796.0
9.720000267028809,16.040000915527344,2797.0
9.760000228881836,16.079999923706055,2798.0
9.600000381469727,16.18000030517578,2799.0
9.65999984741211,16.18000030517578,2800.0
9.600000381469727,16.079999923706055,2801.0
9.720000267028809,16.040000915527344,2802.0
9.65999984741211,16.059999465942383,2803.0
9.760000228881836,16.260000228881836,2804.0
9.640000343322754,16.200000762939453,2805.0
9.739999771118164,16.100000381469727,2806.0
9.5600004196167,16.139999389648438,2807.0
9.5600004196167,16.040000915527344,2808.0
9.479999542236328,15.979999542236328,2809.0
9.4399995803833,15.960000038146973,2810.0
9.520000457763672,15.9399995803833,2811.0
9.600000381469727,16.299999237060547,2812.0
9.5600004196167,16.15999984741211,2813.0
9.539999961853027,16.020000457763672,2814.0
9.520000457763672,16.139999389648438,2815.0
9.5,16.15999984741211,2816.0
9.640000343322754,16.200000762939453,2817.0
9.619999885559082,16.15999984741211,2818.0
10.239999771118164,16.0,2819.0
9.65999984741211,16.15999984741211,2820.0
9.739999771118164,16.15999984741211,2821.0
9.65999984741211,16.15999984741211,2822.0
9.619999885559082,16.219999313354492,2823.0
9.640000343322754,16.079999923706055,2824.0
9.619999885559082,16.0,2825.0
9.579999923706055,15.979999542236328,2826.0
9.640000343322754,16.059999465942383,2827.0
9.520000457763672,16.059999465942383,2828.0
9.5600004196167,16.139999389648438,2829.0
9.359999656677246,16.0,2830.0
9.579999923706055,16.31999969482422,2831.0
9.65999984741211,16.219999313354492,2832.0
9.600000381469727,16.260000228881836,2833.0
9.520000457763672,16.18000030517578,2834.0
9.4399995803833,16.15999984741211,2835.0
9.5600004196167,16.15999984741211,2836.0
9.479999542236328,16.239999771118164,2837.0
9.4399995803833,16.1200008392334,2838.0
9.34000015258789,16.18000030517578,2839.0
9.600000381469727,16.0,2840.0
9.4399995803833,16.139999389648438,2841.0
9.600000381469727,16.200000762939453,2842.0
9.600000381469727,16.0,2843.0
9.5600004196167,16.040000915527344,2844.0
9.640000343322754,16.280000686645508,2845.0
9.65999984741211,16.399999618530273,2846.0
9.920000076293945,16.280000686645508,2847.0
9.520000457763672,16.280000686645508,2848.0
9.600000381469727,16.219999313354492,2849.0
9.5600004196167,16.18000030517578,2850.0
9.479999542236328,16.219999313354492,2851.0
9.479999542236328,16.280000686645508,2852.0
9.539999961853027,16.399999618530273,2853.0
9.539999961853027,16.31999969482422,2854.0
9.5600004196167,16.280000686645508,2855.0
9.579999923706055,16.34000015258789,2856.0
9.84000015258789,16.34000015258789,2857.0
9.600000381469727,16.3799991607666,2858.0
9.5,16.299999237060547,2859.0
9.520000457763672,16.299999237060547,2860.0
9.5,16.239999771118164,2861.0
9.520000457763672,16.440000534057617,2862.0
9.600000381469727,16.360000610351562,2863.0
9.5,16.299999237060547,2864.0
9.5,16.31999969482422,2865.0
9.420000076293945,16.31999969482422,2866.0
9.199999809265137,16.260000228881836,2867.0
9.640000343322754,16.260000228881836,2868.0
9.5600004196167,16.399999618530273,2869.0
9.319999694824219,16.31999969482422,2870.0
9.460000038146973,16.399999618530273,2871.0
9.420000076293945,16.399999618530273,2872.0
9.399999618530273,16.420000076293945,2873.0
9.399999618530273,16.399999618530273,2874.0
9.420000076293945,16.440000534057617,2875.0
9.460000038146973,16.520000457763672,2876.0
9.420000076293945,16.440000534057617,2877.0
9.5600004196167,16.360000610351562,2878.0
9.34000015258789,16.299999237060547,2879.0
9.399999618530273,16.260000228881836,2880.0
9.34000015258789,16.260000228881836,2881.0
9.460000038146973,16.520000457763672,2882.0
9.319999694824219,16.219999313354492,2883.0
9.420000076293945,16.31999969482422,2884.0
9.4399995803833,16.299999237060547,2885.0
9.479999542236328,16.579999923706055,2886.0
9.520000457763672,16.200000762939453,2887.0
9.520000457763672,16.280000686645508,2888.0
9.460000038146973,16.260000228881836,2889.0
9.520000457763672,16.280000686645508,2890.0
9.399999618530273,16.31999969482422,2891.0
9.34000015258789,16.299999237060547,2892.0
9.420000076293945,16.219999313354492,2893.0
9.279999732971191,16.260000228881836,2894.0
9.359999656677246,16.299999237060547,2895.0
9.399999618530273,16.299999237060547,2896.0
9.399999618530273,16.219999313354492,2897.0
9.260000228881836,16.239999771118164,2898.0
8.880000114440918,16.079999923706055,2899.0
9.199999809265137,16.079999923706055,2900.0
9.199999809265137,16.280000686645508,2901.0
9.279999732971191,16.200000762939453,2902.0
9.399999618530273,16.200000762939453,2903.0
9.319999694824219,16.139999389648438,2904.0
9.359999656677246,16.200000762939453,2905.0
9.399999618530273,16.260000228881836,2906.0
9.319999694824219,16.219999313354492,2907.0
9.319999694824219,16.280000686645508,2908.0
9.359999656677246,16.260000228881836,2909.0
9.100000381469727,16.280000686645508,2910.0
9.4399995803833,16.299999237060547,2911.0
9.220000267028809,16.260000228881836,2912.0
9.020000457763672,16.200000762939453,2913.0
9.319999694824219,16.219999313354492,2914.0
9.0600004196167,16.219999313354492,2915.0
9.319999694824219,16.280000686645508,2916.0
9.239999771118164,16.31999969482422,2917.0
9.359999656677246,16.219999313354492,2918.0
9.479999542236328,16.219999313354492,2919.0
9.479999542236328,16.200000762939453,2920.0
9.539999961853027,16.239999771118164,2921.0
9.539999961853027,16.280000686645508,2922.0
9.479999542236328,16.260000228881836,2923.0
9.479999542236328,16.15999984741211,2924.0
9.4399995803833,16.219999313354492,2925.0
9.319999694824219,16.260000228881836,2926.0
9.359999656677246,16.239999771118164,2927.0
9.359999656677246,16.219999313354492,2928.0
9.399999618530273,16.200000762939453,2929.0
9.279999732971191,16.219999313354492,2930.0
9.399999618530273,16.200000762939453,2931.0
9.239999771118164,16.139999389648438,2932.0
9.279999732971191,16.260000228881836,2933.0
9.260000228881836,16.219999313354492,2934.0
9.479999542236328,16.200000762939453,2935.0
9.920000076293945,16.15999984741211,2936.0
9.600000381469727,16.15999984741211,2937.0
9.800000190734863,16.079999923706055,2938.0
9.84000015258789,16.079999923706055,2939.0
9.920000076293945,16.260000228881836,2940.0
9.960000038146973,16.260000228881836,2941.0
10.020000457763672,16.260000228881836,2942.0
9.84000015258789,16.260000228881836,2943.0
9.699999809265137,16.299999237060547,2944.0
9.5600004196167,16.260000228881836,2945.0
9.65999984741211,16.559999465942383,2946.0
9.680000305175781,16.31999969482422,2947.0
9.359999656677246,16.280000686645508,2948.0
9.619999885559082,16.260000228881836,2949.0
9.380000114440918,16.239999771118164,2950.0
9.640000343322754,16.31999969482422,2951.0
9.619999885559082,16.260000228881836,2952.0
9.460000038146973,16.260000228881836,2953.0
9.680000305175781,16.399999618530273,2954.0
9.399999618530273,16.420000076293945,2955.0
9.34000015258789,16.3799991607666,2956.0
9.65999984741211,16.299999237060547,2957.0
9.65999984741211,16.360000610351562,2958.0
9.539999961853027,16.299999237060547,2959.0
9.760000228881836,16.299999237060547,2960.0
9.520000457763672,16.260000228881836,2961.0
9.640000343322754,16.280000686645508,2962.0
9.680000305175781,16.15999984741211,2963.0
9.520000457763672,16.139999389648438,2964.0
9.479999542236328,16.219999313354492,2965.0
9.319999694824219,16.139999389648438,2966.0
9.300000190734863,16.18000030517578,2967.0
9.5600004196167,16.239999771118164,2968.0
9.520000457763672,16.34000015258789,2969.0
9.520000457763672,16.260000228881836,2970.0
9.479999542236328,16.260000228881836,2971.0
9.479999542236328,16.260000228881836,2972.0
9.479999542236328,16.219999313354492,2973.0
9.5600004196167,16.260000228881836,2974.0
9.520000457763672,16.280000686645508,2975.0
9.520000457763672,16.31999969482422,2976.0
9.380000114440918,16.31999969482422,2977.0
9.520000457763672,16.31999969482422,2978.0
9.140000343322754,16.299999237060547,2979.0
9.020000457763672,16.260000228881836,2980.0
8.979999542236328,16.360000610351562,2981.0
8.819999694824219,16.299999237060547,2982.0
8.579999923706055,16.479999542236328,2983.0
8.260000228881836,16.260000228881836,2984.0
7.960000038146973,16.31999969482422,2985.0
8.979999542236328,16.239999771118164,2986.0
9.140000343322754,16.280000686645508,2987.0
9.4399995803833,16.299999237060547,2988.0
9.5600004196167,16.31999969482422,2989.0
9.520000457763672,16.3799991607666,2990.0
9.65999984741211,16.280000686645508,2991.0
9.619999885559082,16.3799991607666,2992.0
9.779999732971191,16.299999237060547,2993.0
9.5600004196167,16.15999984741211,2994.0
9.4399995803833,16.200000762939453,2995.0
9.380000114440918,16.200000762939453,2996.0
9.4399995803833,16.299999237060547,2997.0
9.079999923706055,16.360000610351562,2998.0
9.020000457763672,16.360000610351562,2999.0
8.899999618530273,16.139999389648438,3000.0
9.020000457763672,16.139999389648438,3001.0
9.359999656677246,16.260000228881836,3002.0
9.180000305175781,16.18000030517578,3003.0
9.5,16.219999313354492,3004.0
9.279999732971191,16.139999389648438,3005.0
9.4399995803833,16.219999313354492,3006.0
9.399999618530273,16.31999969482422,3007.0
9.199999809265137,16.299999237060547,3008.0
9.260000228881836,16.299999237060547,3009.0
9.260000228881836,16.299999237060547,3010.0
9.520000457763672,16.399999618530273,3011.0
9.319999694824219,16.360000610351562,3012.0
9.479999542236328,16.3799991607666,3013.0
9.5,16.3799991607666,3014.0
9.479999542236328,16.399999618530273,3015.0
9.5,16.360000610351562,3016.0
9.399999618530273,16.399999618530273,3017.0
9.319999694824219,16.34000015258789,3018.0
9.319999694824219,16.34000015258789,3019.0
9.319999694824219,16.260000228881836,3020.0
9.279999732971191,16.34000015258789,3021.0
9.319999694824219,16.299999237060547,3022.0
9.039999961853027,16.31999969482422,3023.0
9.279999732971191,16.360000610351562,3024.0
9.279999732971191,16.399999618530273,3025.0
9.319999694824219,16.3799991607666,3026.0
9.319999694824219,16.520000457763672,3027.0
9.359999656677246,16.520000457763672,3028.0
9.34000015258789,16.299999237060547,3029.0
9.300000190734863,16.200000762939453,3030.0
9.420000076293945,16.34000015258789,3031.0
9.420000076293945,16.139999389648438,3032.0
9.359999656677246,16.139999389648438,3033.0
9.399999618530273,16.299999237060547,3034.0
9.319999694824219,16.420000076293945,3035.0
9.319999694824219,16.299999237060547,3036.0
9.319999694824219,16.280000686645508,3037.0
9.239999771118164,16.31999969482422,3038.0
9.479999542236328,16.299999237060547,3039.0
9.319999694824219,16.360000610351562,3040.0
9.300000190734863,16.31999969482422,3041.0
9.239999771118164,16.399999618530273,3042.0
9.199999809265137,16.360000610351562,3043.0
9.399999618530273,16.3799991607666,3044.0
9.34000015258789,16.6200008392334,3045.0
9.4399995803833,16.540000915527344,3046.0
9.520000457763672,16.3799991607666,3047.0
9.399999618530273,16.520000457763672,3048.0
9.319999694824219,16.459999084472656,3049.0
9.359999656677246,16.479999542236328,3050.0
9.359999656677246,16.459999084472656,3051.0
9.319999694824219,16.440000534057617,3052.0
9.319999694824219,16.3799991607666,3053.0
9.319999694824219,16.360000610351562,3054.0
9.359999656677246,16.34000015258789,3055.0
9.359999656677246,16.3799991607666,3056.0
9.4399995803833,16.440000534057617,3057.0
9.479999542236328,16.6200008392334,3058.0
9.4399995803833,16.479999542236328,3059.0
9.5,16.459999084472656,3060.0
9.479999542236328,16.399999618530273,3061.0
9.5600004196167,16.399999618530273,3062.0
9.15999984741211,16.559999465942383,3063.0
9.520000457763672,16.5,3064.0
9.180000305175781,16.3799991607666,3065.0
9.600000381469727,16.3799991607666,3066.0
9.640000343322754,16.299999237060547,3067.0
9.460000038146973,16.459999084472656,3068.0
9.5600004196167,16.3799991607666,3069.0
9.399999618530273,16.420000076293945,3070.0
9.239999771118164,16.3799991607666,3071.0
9.399999618530273,16.3799991607666,3072.0
9.359999656677246,16.299999237060547,3073.0
9.399999618530273,16.31999969482422,3074.0
9.5600004196167,16.31999969482422,3075.0
9.520000457763672,16.420000076293945,3076.0
9.680000305175781,16.34000015258789,3077.0
9.5600004196167,16.399999618530273,3078.0
9.520000457763672,16.600000381469727,3079.0
9.5600004196167,16.540000915527344,3080.0
9.5600004196167,16.360000610351562,3081.0
9.539999961853027,16.459999084472656,3082.0
9.579999923706055,16.5,3083.0
9.720000267028809,16.479999542236328,3084.0
9.640000343322754,16.520000457763672,3085.0
9.5600004196167,16.420000076293945,3086.0
9.5600004196167,16.459999084472656,3087.0
9.600000381469727,16.540000915527344,3088.0
9.520000457763672,16.520000457763672,3089.0
9.5600004196167,16.5,3090.0
9.600000381469727,16.540000915527344,3091.0
9.600000381469727,16.600000381469727,3092.0
9.760000228881836,16.399999618530273,3093.0
9.520000457763672,16.399999618530273,3094.0
9.479999542236328,16.3799991607666,3095.0
9.5,16.360000610351562,3096.0
9.5600004196167,16.459999084472656,3097.0
9.479999542236328,16.440000534057617,3098.0
9.479999542236328,16.420000076293945,3099.0
9.399999618530273,16.540000915527344,3100.0
9.4399995803833,16.3799991607666,3101.0
9.319999694824219,16.5,3102.0
9.359999656677246,16.6200008392334,3103.0
9.399999618530273,16.5,3104.0
9.399999618530273,16.579999923706055,3105.0
9.479999542236328,16.420000076293945,3106.0
9.5600004196167,16.5,3107.0
9.699999809265137,16.440000534057617,3108.0
9.920000076293945,16.459999084472656,3109.0
9.880000114440918,16.440000534057617,3110.0
9.619999885559082,16.459999084472656,3111.0
9.680000305175781,16.520000457763672,3112.0
9.640000343322754,16.520000457763672,3113.0
9.600000381469727,16.520000457763672,3114.0
9.399999618530273,16.6200008392334,3115.0
9.319999694824219,16.479999542236328,3116.0
9.399999618530273,16.579999923706055,3117.0
9.300000190734863,16.479999542236328,3118.0
9.4399995803833,16.459999084472656,3119.0
9.619999885559082,16.559999465942383,3120.0
9.640000343322754,16.540000915527344,3121.0
9.520000457763672,16.440000534057617,3122.0
9.640000343322754,16.459999084472656,3123.0
9.600000381469727,16.559999465942383,3124.0
9.65999984741211,16.6200008392334,3125.0
9.5600004196167,16.479999542236328,3126.0
9.579999923706055,16.479999542236328,3127.0
9.5600004196167,16.3799991607666,3128.0
9.579999923706055,16.479999542236328,3129.0
9.5600004196167,16.399999618530273,3130.0
9.5600004196167,16.440000534057617,3131.0
9.579999923706055,16.520000457763672,3132.0
9.579999923706055,16.520000457763672,3133.0
9.579999923706055,16.360000610351562,3134.0
9.5600004196167,16.520000457763672,3135.0
9.5600004196167,16.600000381469727,3136.0
9.600000381469727,16.440000534057617,3137.0
9.5600004196167,16.420000076293945,3138.0
9.640000343322754,16.459999084472656,3139.0
9.600000381469727,16.479999542236328,3140.0
9.579999923706055,16.559999465942383,3141.0
9.5600004196167,16.540000915527344,3142.0
9.65999984741211,16.600000381469727,3143.0
9.5600004196167,16.479999542236328,3144.0
9.600000381469727,16.459999084472656,3145.0
9.5600004196167,16.540000915527344,3146.0
9.5600004196167,16.459999084472656,3147.0
9.539999961853027,16.520000457763672,3148.0
9.5600004196167,16.520000457763672,3149.0
9.640000343322754,16.399999618530273,3150.0
9.479999542236328,16.399999618530273,3151.0
9.5600004196167,16.360000610351562,3152.0
9.220000267028809,16.420000076293945,3153.0
9.34000015258789,16.520000457763672,3154.0
9.420000076293945,16.65999984741211,3155.0
9.460000038146973,16.739999771118164,3156.0
9.420000076293945,16.600000381469727,3157.0
9.5600004196167,16.540000915527344,3158.0
9.399999618530273,16.459999084472656,3159.0
9.720000267028809,16.399999618530273,3160.0
9.479999542236328,16.420000076293945,3161.0
9.760000228881836,16.479999542236328,3162.0
9.65999984741211,16.5,3163.0
9.619999885559082,16.540000915527344,3164.0
9.65999984741211,16.479999542236328,3165.0
9.539999961853027,16.540000915527344,3166.0
9.619999885559082,16.68000030517578,3167.0
9.65999984741211,16.520000457763672,3168.0
9.600000381469727,16.700000762939453,3169.0
9.699999809265137,16.719999313354492,3170.0
9.739999771118164,16.700000762939453,3171.0
9.640000343322754,16.639999389648438,3172.0
9.800000190734863,16.540000915527344,3173.0
9.720000267028809,16.579999923706055,3174.0
9.800000190734863,16.520000457763672,3175.0
9.640000343322754,16.579999923706055,3176.0
9.479999542236328,16.639999389648438,3177.0
9.539999961853027,16.639999389648438,3178.0
9.5600004196167,16.639999389648438,3179.0
9.65999984741211,16.68000030517578,3180.0
9.920000076293945,16.639999389648438,3181.0
9.760000228881836,16.719999313354492,3182.0
9.779999732971191,16.739999771118164,3183.0
10.039999961853027,16.68000030517578,3184.0
9.460000038146973,16.459999084472656,3185.0
9.960000038146973,16.579999923706055,3186.0
9.420000076293945,16.68000030517578,3187.0
9.880000114440918,16.639999389648438,3188.0
9.520000457763672,16.639999389648438,3189.0
10.140000343322754,16.600000381469727,3190.0
10.199999809265137,16.639999389648438,3191.0
9.960000038146973,16.639999389648438,3192.0
10.119999885559082,16.579999923706055,3193.0
10.0,16.479999542236328,3194.0
9.699999809265137,16.5,3195.0
9.619999885559082,16.540000915527344,3196.0
9.739999771118164,16.68000030517578,3197.0
10.119999885559082,16.719999313354492,3198.0
10.039999961853027,16.719999313354492,3199.0
9.880000114440918,16.68000030517578,3200.0
10.199999809265137,16.68000030517578,3201.0
9.960000038146973,16.68000030517578,3202.0
10.239999771118164,16.719999313354492,3203.0
10.319999694824219,16.68000030517578,3204.0
10.279999732971191,16.559999465942383,3205.0
10.079999923706055,16.68000030517578,3206.0
10.020000457763672,16.559999465942383,3207.0
9.880000114440918,16.600000381469727,3208.0
9.920000076293945,16.579999923706055,3209.0
10.020000457763672,16.600000381469727,3210.0
10.199999809265137,16.65999984741211,3211.0
10.479999542236328,16.65999984741211,3212.0
10.399999618530273,16.68000030517578,3213.0
10.15999984741211,16.81999969482422,3214.0
10.140000343322754,16.6200008392334,3215.0
10.15999984741211,16.65999984741211,3216.0
10.0600004196167,16.600000381469727,3217.0
9.960000038146973,16.68000030517578,3218.0
10.100000381469727,16.65999984741211,3219.0
10.079999923706055,16.639999389648438,3220.0
10.100000381469727,16.700000762939453,3221.0
9.9399995803833,16.559999465942383,3222.0
9.819999694824219,16.639999389648438,3223.0
9.65999984741211,16.520000457763672,3224.0
9.680000305175781,16.540000915527344,3225.0
9.720000267028809,16.540000915527344,3226.0
9.579999923706055,16.5,3227.0
9.640000343322754,16.579999923706055,3228.0
9.800000190734863,16.5,3229.0
9.619999885559082,16.540000915527344,3230.0
9.800000190734863,16.700000762939453,3231.0
9.640000343322754,16.68000030517578,3232.0
9.720000267028809,16.68000030517578,3233.0
9.979999542236328,16.719999313354492,3234.0
9.680000305175781,16.65999984741211,3235.0
9.819999694824219,16.639999389648438,3236.0
9.84000015258789,16.6200008392334,3237.0
9.9399995803833,16.6200008392334,3238.0
9.920000076293945,16.65999984741211,3239.0
9.920000076293945,16.719999313354492,3240.0
10.239999771118164,16.68000030517578,3241.0
10.4399995803833,16.68000030517578,3242.0
10.359999656677246,16.639999389648438,3243.0
10.399999618530273,16.639999389648438,3244.0
10.300000190734863,16.68000030517578,3245.0
10.0600004196167,16.6200008392334,3246.0
10.199999809265137,16.65999984741211,3247.0
10.100000381469727,16.639999389648438,3248.0
10.220000267028809,16.68000030517578,3249.0
10.0600004196167,16.600000381469727,3250.0
9.979999542236328,16.639999389648438,3251.0
9.960000038146973,16.639999389648438,3252.0
9.819999694824219,16.68000030517578,3253.0
9.979999542236328,16.68000030517578,3254.0
10.0600004196167,16.760000228881836,3255.0
9.920000076293945,16.739999771118164,3256.0
9.800000190734863,16.739999771118164,3257.0
9.819999694824219,16.719999313354492,3258.0
9.739999771118164,16.65999984741211,3259.0
9.739999771118164,16.700000762939453,3260.0
10.079999923706055,16.65999984741211,3261.0
10.279999732971191,16.579999923706055,3262.0
10.420000076293945,16.68000030517578,3263.0
10.34000015258789,16.68000030517578,3264.0
9.9399995803833,16.68000030517578,3265.0
10.399999618530273,16.540000915527344,3266.0
10.520000457763672,16.780000686645508,3267.0
10.399999618530273,16.739999771118164,3268.0
10.399999618530273,16.700000762939453,3269.0
10.34000015258789,16.68000030517578,3270.0
10.5600004196167,16.600000381469727,3271.0
10.399999618530273,16.799999237060547,3272.0
10.479999542236328,16.719999313354492,3273.0
10.399999618530273,16.600000381469727,3274.0
10.140000343322754,16.559999465942383,3275.0
9.9399995803833,16.520000457763672,3276.0
9.899999618530273,16.5,3277.0
10.140000343322754,16.579999923706055,3278.0
9.800000190734863,16.68000030517578,3279.0
10.279999732971191,16.6200008392334,3280.0
10.0,16.68000030517578,3281.0
10.279999732971191,16.760000228881836,3282.0
10.4399995803833,16.760000228881836,3283.0
10.319999694824219,16.780000686645508,3284.0
10.4399995803833,16.68000030517578,3285.0
10.119999885559082,16.799999237060547,3286.0
10.359999656677246,16.81999969482422,3287.0
10.239999771118164,16.84000015258789,3288.0
10.319999694824219,16.719999313354492,3289.0
10.239999771118164,16.719999313354492,3290.0
10.319999694824219,16.719999313354492,3291.0
10.4399995803833,16.780000686645508,3292.0
10.199999809265137,16.799999237060547,3293.0
10.399999618530273,16.799999237060547,3294.0
10.4399995803833,16.739999771118164,3295.0
10.5600004196167,16.719999313354492,3296.0
10.399999618530273,16.700000762939453,3297.0
10.239999771118164,16.799999237060547,3298.0
10.15999984741211,16.84000015258789,3299.0
10.319999694824219,16.860000610351562,3300.0
10.5600004196167,16.860000610351562,3301.0
10.720000267028809,16.899999618530273,3302.0
10.600000381469727,16.84000015258789,3303.0
10.65999984741211,16.799999237060547,3304.0
10.520000457763672,16.739999771118164,3305.0
10.680000305175781,16.780000686645508,3306.0
9.979999542236328,16.84000015258789,3307.0
10.119999885559082,16.8799991607666,3308.0
10.279999732971191,16.84000015258789,3309.0
10.359999656677246,16.81999969482422,3310.0
10.520000457763672,16.84000015258789,3311.0
10.600000381469727,16.799999237060547,3312.0
10.600000381469727,16.780000686645508,3313.0
10.079999923706055,16.700000762939453,3314.0
10.220000267028809,16.799999237060547,3315.0
10.520000457763672,16.81999969482422,3316.0
10.359999656677246,16.760000228881836,3317.0
10.079999923706055,16.799999237060547,3318.0
10.100000381469727,16.739999771118164,3319.0
10.020000457763672,16.739999771118164,3320.0
10.300000190734863,16.700000762939453,3321.0
10.140000343322754,16.700000762939453,3322.0
10.0600004196167,16.6200008392334,3323.0
9.880000114440918,16.860000610351562,3324.0
9.680000305175781,16.860000610351562,3325.0
9.880000114440918,16.719999313354492,3326.0
10.079999923706055,16.719999313354492,3327.0
9.800000190734863,16.719999313354492,3328.0
9.779999732971191,16.6200008392334,3329.0
9.65999984741211,16.81999969482422,3330.0
10.0,16.700000762939453,3331.0
9.800000190734863,16.65999984741211,3332.0
9.739999771118164,16.639999389648438,3333.0
9.920000076293945,16.8799991607666,3334.0
9.880000114440918,16.84000015258789,3335.0
10.0,16.739999771118164,3336.0
9.880000114440918,16.920000076293945,3337.0
9.800000190734863,16.84000015258789,3338.0
9.84000015258789,16.84000015258789,3339.0
9.739999771118164,16.8799991607666,3340.0
9.699999809265137,16.8799991607666,3341.0
9.739999771118164,16.780000686645508,3342.0
9.65999984741211,16.84000015258789,3343.0
9.739999771118164,16.739999771118164,3344.0
9.720000267028809,16.739999771118164,3345.0
9.720000267028809,16.739999771118164,3346.0
9.739999771118164,16.81999969482422,3347.0
9.800000190734863,16.84000015258789,3348.0
10.039999961853027,16.84000015258789,3349.0
9.920000076293945,16.8799991607666,3350.0
9.859999656677246,16.84000015258789,3351.0
9.880000114440918,16.84000015258789,3352.0
9.9399995803833,16.84000015258789,3353.0
9.899999618530273,16.700000762939453,3354.0
9.899999618530273,16.860000610351562,3355.0
9.880000114440918,16.84000015258789,3356.0
9.880000114440918,16.84000015258789,3357.0
9.779999732971191,16.81999969482422,3358.0
9.84000015258789,16.81999969482422,3359.0
9.800000190734863,16.920000076293945,3360.0
9.720000267028809,16.860000610351562,3361.0
9.760000228881836,16.84000015258789,3362.0
9.680000305175781,16.799999237060547,3363.0
9.880000114440918,16.84000015258789,3364.0
9.720000267028809,16.860000610351562,3365.0
9.819999694824219,16.8799991607666,3366.0
9.800000190734863,16.84000015258789,3367.0
9.800000190734863,16.84000015258789,3368.0
9.739999771118164,16.920000076293945,3369.0
9.739999771118164,16.81999969482422,3370.0
9.760000228881836,16.860000610351562,3371.0
9.720000267028809,16.799999237060547,3372.0
9.779999732971191,16.979999542236328,3373.0
9.739999771118164,16.760000228881836,3374.0
9.640000343322754,16.81999969482422,3375.0
9.680000305175781,16.760000228881836,3376.0
9.720000267028809,16.860000610351562,3377.0
9.739999771118164,16.84000015258789,3378.0
9.720000267028809,16.959999084472656,3379.0
9.699999809265137,16.860000610351562,3380.0
9.720000267028809,16.799999237060547,3381.0
9.720000267028809,16.920000076293945,3382.0
9.699999809265137,16.799999237060547,3383.0
9.760000228881836,16.719999313354492,3384.0
9.720000267028809,16.799999237060547,3385.0
9.720000267028809,16.639999389648438,3386.0
9.720000267028809,16.639999389648438,3387.0
9.720000267028809,16.780000686645508,3388.0
9.739999771118164,16.540000915527344,3389.0
9.779999732971191,16.8799991607666,3390.0
9.720000267028809,16.81999969482422,3391.0
9.600000381469727,16.579999923706055,3392.0
9.720000267028809,16.719999313354492,3393.0
9.699999809265137,16.979999542236328,3394.0
9.65999984741211,16.81999969482422,3395.0
9.739999771118164,16.68000030517578,3396.0
9.899999618530273,16.920000076293945,3397.0
9.760000228881836,16.799999237060547,3398.0
9.739999771118164,16.860000610351562,3399.0
9.739999771118164,16.780000686645508,3400.0
9.800000190734863,16.780000686645508,3401.0
9.800000190734863,16.760000228881836,3402.0
9.880000114440918,16.84000015258789,3403.0
9.84000015258789,16.719999313354492,3404.0
9.920000076293945,16.700000762939453,3405.0
9.800000190734863,16.84000015258789,3406.0
9.84000015258789,16.860000610351562,3407.0
9.880000114440918,16.760000228881836,3408.0
9.960000038146973,16.799999237060547,3409.0
9.979999542236328,16.84000015258789,3410.0
9.920000076293945,16.860000610351562,3411.0
9.779999732971191,16.860000610351562,3412.0
10.039999961853027,16.940000534057617,3413.0
10.119999885559082,16.8799991607666,3414.0
10.199999809265137,17.020000457763672,3415.0
9.859999656677246,17.040000915527344,3416.0
10.420000076293945,17.020000457763672,3417.0
10.239999771118164,16.899999618530273,3418.0
10.279999732971191,17.020000457763672,3419.0
10.319999694824219,17.059999465942383,3420.0
9.84000015258789,16.860000610351562,3421.0
9.760000228881836,16.899999618530273,3422.0
9.899999618530273,17.020000457763672,3423.0
10.119999885559082,17.0,3424.0
10.140000343322754,16.860000610351562,3425.0
10.279999732971191,16.899999618530273,3426.0
10.220000267028809,16.84000015258789,3427.0
10.359999656677246,16.799999237060547,3428.0
10.239999771118164,16.84000015258789,3429.0
10.520000457763672,16.920000076293945,3430.0
10.279999732971191,16.799999237060547,3431.0
10.279999732971191,16.81999969482422,3432.0
10.199999809265137,16.799999237060547,3433.0
10.279999732971191,16.84000015258789,3434.0
10.239999771118164,16.799999237060547,3435.0
10.359999656677246,16.920000076293945,3436.0
10.359999656677246,16.81999969482422,3437.0
10.4399995803833,16.899999618530273,3438.0
10.420000076293945,16.959999084472656,3439.0
10.4399995803833,16.959999084472656,3440.0
10.579999923706055,16.899999618530273,3441.0
10.720000267028809,17.260000228881836,3442.0
10.420000076293945,16.979999542236328,3443.0
10.579999923706055,16.799999237060547,3444.0
10.640000343322754,16.959999084472656,3445.0
10.520000457763672,16.959999084472656,3446.0
10.5600004196167,16.920000076293945,3447.0
10.640000343322754,16.799999237060547,3448.0
10.5600004196167,16.8799991607666,3449.0
10.5600004196167,16.860000610351562,3450.0
10.479999542236328,16.81999969482422,3451.0
10.380000114440918,16.799999237060547,3452.0
10.5,16.780000686645508,3453.0
10.4399995803833,16.84000015258789,3454.0
10.680000305175781,16.719999313354492,3455.0
10.359999656677246,16.780000686645508,3456.0
10.520000457763672,16.84000015258789,3457.0
10.420000076293945,16.920000076293945,3458.0
10.479999542236328,16.8799991607666,3459.0
10.539999961853027,16.860000610351562,3460.0
10.34000015258789,16.940000534057617,3461.0
10.319999694824219,16.899999618530273,3462.0
10.359999656677246,16.899999618530273,3463.0
10.4399995803833,16.8799991607666,3464.0
10.239999771118164,16.959999084472656,3465.0
10.319999694824219,16.940000534057617,3466.0
10.34000015258789,16.81999969482422,3467.0
10.420000076293945,16.899999618530273,3468.0
10.359999656677246,16.899999618530273,3469.0
10.359999656677246,16.799999237060547,3470.0
10.199999809265137,16.8799991607666,3471.0
10.640000343322754,16.799999237060547,3472.0
10.239999771118164,16.899999618530273,3473.0
10.319999694824219,16.860000610351562,3474.0
10.279999732971191,16.860000610351562,3475.0
10.119999885559082,16.860000610351562,3476.0
10.279999732971191,16.860000610351562,3477.0
9.920000076293945,16.84000015258789,3478.0
10.279999732971191,17.0,3479.0
10.119999885559082,16.940000534057617,3480.0
10.199999809265137,16.959999084472656,3481.0
10.260000228881836,16.940000534057617,3482.0
10.4399995803833,16.899999618530273,3483.0
10.479999542236328,16.860000610351562,3484.0
10.680000305175781,16.860000610351562,3485.0
10.65999984741211,17.0,3486.0
10.760000228881836,17.0,3487.0
10.640000343322754,17.0,3488.0
10.640000343322754,16.979999542236328,3489.0
10.600000381469727,16.940000534057617,3490.0
10.680000305175781,16.979999542236328,3491.0
10.680000305175781,16.8799991607666,3492.0
10.84000015258789,16.84000015258789,3493.0
10.760000228881836,16.8799991607666,3494.0
10.760000228881836,16.979999542236328,3495.0
10.600000381469727,17.0,3496.0
10.760000228881836,16.899999618530273,3497.0
10.680000305175781,17.0,3498.0
10.739999771118164,17.0,3499.0
10.779999732971191,16.959999084472656,3500.0
10.520000457763672,16.920000076293945,3501.0
10.640000343322754,16.899999618530273,3502.0
9.0600004196167,16.940000534057617,3503.0
10.600000381469727,16.959999084472656,3504.0
10.65999984741211,16.959999084472656,3505.0
10.4399995803833,17.0,3506.0
10.100000381469727,16.979999542236328,3507.0
10.399999618530273,17.0,3508.0
10.4399995803833,17.100000381469727,3509.0
10.520000457763672,17.1200008392334,3510.0
10.100000381469727,17.0,3511.0
10.140000343322754,16.860000610351562,3512.0
9.5,16.940000534057617,3513.0
9.920000076293945,16.940000534057617,3514.0
9.619999885559082,16.959999084472656,3515.0
9.720000267028809,16.979999542236328,3516.0
10.319999694824219,16.940000534057617,3517.0
10.520000457763672,17.0,3518.0
10.199999809265137,17.020000457763672,3519.0
10.399999618530273,17.0,3520.0
10.180000305175781,17.020000457763672,3521.0
10.420000076293945,17.059999465942383,3522.0
10.380000114440918,17.0,3523.0
10.399999618530273,17.0,3524.0
10.619999885559082,17.020000457763672,3525.0
10.680000305175781,17.100000381469727,3526.0
10.680000305175781,17.0,3527.0
10.680000305175781,17.100000381469727,3528.0
10.520000457763672,16.959999084472656,3529.0
10.399999618530273,16.959999084472656,3530.0
10.640000343322754,17.0,3531.0
10.720000267028809,16.899999618530273,3532.0
10.640000343322754,17.0,3533.0
10.720000267028809,16.940000534057617,3534.0
10.119999885559082,17.100000381469727,3535.0
10.319999694824219,17.1200008392334,3536.0
9.859999656677246,16.959999084472656,3537.0
10.0600004196167,17.0,3538.0
10.4399995803833,16.959999084472656,3539.0
10.319999694824219,16.940000534057617,3540.0
10.5,16.899999618530273,3541.0
10.359999656677246,16.860000610351562,3542.0
10.079999923706055,17.0,3543.0
10.199999809265137,17.059999465942383,3544.0
10.239999771118164,16.979999542236328,3545.0
10.0600004196167,17.15999984741211,3546.0
10.479999542236328,17.059999465942383,3547.0
10.680000305175781,17.0,3548.0
10.520000457763672,16.979999542236328,3549.0
10.479999542236328,17.040000915527344,3550.0
10.880000114440918,17.219999313354492,3551.0
10.539999961853027,17.0,3552.0
10.460000038146973,17.100000381469727,3553.0
10.520000457763672,16.959999084472656,3554.0
10.399999618530273,17.020000457763672,3555.0
10.5,17.139999389648438,3556.0
10.5600004196167,17.040000915527344,3557.0
10.140000343322754,17.18000030517578,3558.0
10.15999984741211,17.260000228881836,3559.0
10.600000381469727,17.299999237060547,3560.0
10.399999618530273,17.239999771118164,3561.0
10.4399995803833,17.260000228881836,3562.0
9.979999542236328,17.31999969482422,3563.0
10.300000190734863,17.100000381469727,3564.0
10.300000190734863,17.15999984741211,3565.0
9.979999542236328,17.139999389648438,3566.0
10.039999961853027,17.18000030517578,3567.0
10.0,17.1200008392334,3568.0
10.119999885559082,17.34000015258789,3569.0
10.15999984741211,17.299999237060547,3570.0
10.15999984741211,17.200000762939453,3571.0
10.319999694824219,17.260000228881836,3572.0
10.539999961853027,17.280000686645508,3573.0
10.260000228881836,17.260000228881836,3574.0
10.65999984741211,17.34000015258789,3575.0
10.800000190734863,17.260000228881836,3576.0
10.420000076293945,17.3799991607666,3577.0
10.34000015258789,17.3799991607666,3578.0
10.579999923706055,17.399999618530273,3579.0
10.319999694824219,17.280000686645508,3580.0
10.319999694824219,17.200000762939453,3581.0
10.399999618530273,17.1200008392334,3582.0
10.319999694824219,17.200000762939453,3583.0
10.699999809265137,17.239999771118164,3584.0
10.359999656677246,17.360000610351562,3585.0
10.15999984741211,17.360000610351562,3586.0
10.260000228881836,17.360000610351562,3587.0
10.34000015258789,17.360000610351562,3588.0
9.979999542236328,17.3799991607666,3589.0
10.399999618530273,17.3799991607666,3590.0
10.319999694824219,17.31999969482422,3591.0
10.619999885559082,17.520000457763672,3592.0
10.579999923706055,17.479999542236328,3593.0
10.5600004196167,17.540000915527344,3594.0
10.720000267028809,17.440000534057617,3595.0
10.899999618530273,17.5,3596.0
11.15999984741211,17.520000457763672,3597.0
10.720000267028809,17.360000610351562,3598.0
10.800000190734863,17.540000915527344,3599.0
10.84000015258789,17.200000762939453,3600.0
10.739999771118164,17.1200008392334,3601.0
10.800000190734863,17.3799991607666,3602.0
10.84000015258789,17.479999542236328,3603.0
10.720000267028809,17.420000076293945,3604.0
10.880000114440918,17.34000015258789,3605.0
10.880000114440918,17.31999969482422,3606.0
10.84000015258789,17.479999542236328,3607.0
10.760000228881836,17.3799991607666,3608.0
10.720000267028809,17.280000686645508,3609.0
10.579999923706055,17.200000762939453,3610.0
10.640000343322754,17.219999313354492,3611.0
10.640000343322754,17.219999313354492,3612.0
10.520000457763672,17.239999771118164,3613.0
10.600000381469727,17.200000762939453,3614.0
10.479999542236328,17.139999389648438,3615.0
10.4399995803833,17.059999465942383,3616.0
10.34000015258789,17.059999465942383,3617.0
10.359999656677246,17.040000915527344,3618.0
10.399999618530273,17.100000381469727,3619.0
10.300000190734863,17.1200008392334,3620.0
10.260000228881836,17.139999389648438,3621.0
10.34000015258789,17.139999389648438,3622.0
10.140000343322754,17.1200008392334,3623.0
10.300000190734863,17.139999389648438,3624.0
10.100000381469727,17.15999984741211,3625.0
10.140000343322754,17.18000030517578,3626.0
9.9399995803833,17.1200008392334,3627.0
10.100000381469727,17.1200008392334,3628.0
9.9399995803833,17.139999389648438,3629.0
10.380000114440918,17.1200008392334,3630.0
10.420000076293945,17.200000762939453,3631.0
8.5,17.15999984741211,3632.0
10.420000076293945,17.1200008392334,3633.0
8.960000038146973,17.079999923706055,3634.0
8.880000114440918,17.100000381469727,3635.0
10.399999618530273,17.1200008392334,3636.0
10.180000305175781,17.040000915527344,3637.0
10.300000190734863,17.079999923706055,3638.0
9.0600004196167,17.079999923706055,3639.0
8.960000038146973,16.979999542236328,3640.0
9.119999885559082,17.200000762939453,3641.0
9.180000305175781,17.219999313354492,3642.0
9.020000457763672,17.260000228881836,3643.0
8.899999618530273,17.280000686645508,3644.0
8.65999984741211,17.18000030517578,3645.0
8.979999542236328,17.100000381469727,3646.0
8.880000114440918,17.1200008392334,3647.0
8.84000015258789,17.219999313354492,3648.0
10.0,17.280000686645508,3649.0
10.9399995803833,17.15999984741211,3650.0
10.279999732971191,17.139999389648438,3651.0
11.020000457763672,17.15999984741211,3652.0
9.619999885559082,17.1200008392334,3653.0
10.140000343322754,17.200000762939453,3654.0
11.079999923706055,17.299999237060547,3655.0
10.140000343322754,17.299999237060547,3656.0
9.65999984741211,17.31999969482422,3657.0
9.739999771118164,17.34000015258789,3658.0
9.800000190734863,17.459999084472656,3659.0
9.600000381469727,17.459999084472656,3660.0
9.779999732971191,17.440000534057617,3661.0
9.800000190734863,17.31999969482422,3662.0
9.819999694824219,17.31999969482422,3663.0
9.899999618530273,17.239999771118164,3664.0
9.9399995803833,17.239999771118164,3665.0
9.739999771118164,17.260000228881836,3666.0
9.600000381469727,17.299999237060547,3667.0
9.800000190734863,17.31999969482422,3668.0
9.859999656677246,17.31999969482422,3669.0
9.34000015258789,17.31999969482422,3670.0
8.579999923706055,17.31999969482422,3671.0
8.5,17.299999237060547,3672.0
8.180000305175781,17.440000534057617,3673.0
8.260000228881836,17.420000076293945,3674.0
8.180000305175781,17.31999969482422,3675.0
8.460000038146973,17.360000610351562,3676.0
8.279999732971191,17.31999969482422,3677.0
10.739999771118164,17.34000015258789,3678.0
10.899999618530273,17.34000015258789,3679.0
10.720000267028809,17.360000610351562,3680.0
10.979999542236328,17.440000534057617,3681.0
10.920000076293945,17.479999542236328,3682.0
10.779999732971191,17.3799991607666,3683.0
11.180000305175781,17.479999542236328,3684.0
11.119999885559082,17.420000076293945,3685.0
11.0,17.440000534057617,3686.0
10.960000038146973,17.479999542236328,3687.0
10.920000076293945,17.420000076293945,3688.0
10.880000114440918,17.479999542236328,3689.0
11.100000381469727,17.479999542236328,3690.0
10.739999771118164,17.420000076293945,3691.0
11.260000228881836,17.479999542236328,3692.0
10.739999771118164,17.440000534057617,3693.0
8.279999732971191,17.360000610351562,3694.0
11.220000267028809,17.440000534057617,3695.0
8.279999732971191,17.420000076293945,3696.0
7.400000095367432,17.520000457763672,3697.0
10.739999771118164,17.579999923706055,3698.0
10.739999771118164,17.420000076293945,3699.0
11.0600004196167,17.520000457763672,3700.0
17.459999084472656,17.700000762939453,3701.0
10.920000076293945,17.719999313354492,3702.0
17.3799991607666,17.84000015258789,3703.0
10.899999618530273,17.719999313354492,3704.0
10.880000114440918,17.639999389648438,3705.0
11.0600004196167,17.700000762939453,3706.0
10.899999618530273,17.700000762939453,3707.0
10.899999618530273,17.5,3708.0
10.300000190734863,17.520000457763672,3709.0
10.65999984741211,17.540000915527344,3710.0
11.220000267028809,17.600000381469727,3711.0
11.100000381469727,17.639999389648438,3712.0
11.699999809265137,17.700000762939453,3713.0
11.819999694824219,17.84000015258789,3714.0
11.65999984741211,17.959999084472656,3715.0
11.920000076293945,17.6200008392334,3716.0
11.619999885559082,17.579999923706055,3717.0
11.539999961853027,17.65999984741211,3718.0
17.459999084472656,17.860000610351562,3719.0
17.5,17.739999771118164,3720.0
10.779999732971191,17.68000030517578,3721.0
10.579999923706055,17.719999313354492,3722.0
10.779999732971191,18.020000457763672,3723.0
17.5,19.360000610351562,3724.0
17.34000015258789,19.440000534057617,3725.0
17.31999969482422,19.559999465942383,3726.0
17.420000076293945,19.559999465942383,3727.0
17.420000076293945,19.860000610351562,3728.0
17.459999084472656,19.84000015258789,3729.0
17.420000076293945,19.559999465942383,3730.0
17.479999542236328,19.760000228881836,3731.0
17.3799991607666,17.579999923706055,3732.0
10.359999656677246,17.520000457763672,3733.0
17.299999237060547,17.479999542236328,3734.0
17.360000610351562,17.639999389648438,3735.0
11.739999771118164,17.6200008392334,3736.0
11.899999618530273,18.020000457763672,3737.0
12.199999809265137,17.8799991607666,3738.0
10.460000038146973,17.639999389648438,3739.0
17.459999084472656,17.540000915527344,3740.0
17.479999542236328,17.520000457763672,3741.0
17.579999923706055,17.579999923706055,3742.0
17.520000457763672,17.579999923706055,3743.0
10.359999656677246,17.5,3744.0
10.399999618530273,17.540000915527344,3745.0
10.239999771118164,17.420000076293945,3746.0
10.180000305175781,17.459999084472656,3747.0
10.199999809265137,17.440000534057617,3748.0
10.279999732971191,17.520000457763672,3749.0
10.100000381469727,17.600000381469727,3750.0
10.119999885559082,17.68000030517578,3751.0
10.0,17.940000534057617,3752.0
9.920000076293945,17.920000076293945,3753.0
9.9399995803833,17.780000686645508,3754.0
10.300000190734863,17.700000762939453,3755.0
10.239999771118164,17.719999313354492,3756.0
10.180000305175781,17.760000228881836,3757.0
10.220000267028809,17.760000228881836,3758.0
10.15999984741211,17.68000030517578,3759.0
10.34000015258789,17.639999389648438,3760.0
10.220000267028809,17.600000381469727,3761.0
10.220000267028809,17.600000381469727,3762.0
10.319999694824219,17.739999771118164,3763.0
10.180000305175781,17.84000015258789,3764.0
10.279999732971191,17.700000762939453,3765.0
10.420000076293945,17.700000762939453,3766.0
10.319999694824219,17.68000030517578,3767.0
10.239999771118164,17.899999618530273,3768.0
10.579999923706055,17.700000762939453,3769.0
10.460000038146973,17.860000610351562,3770.0
10.5600004196167,17.860000610351562,3771.0
10.579999923706055,17.739999771118164,3772.0
10.5600004196167,17.520000457763672,3773.0
10.760000228881836,17.579999923706055,3774.0
10.539999961853027,17.520000457763672,3775.0
10.5,17.520000457763672,3776.0
10.479999542236328,17.579999923706055,3777.0
10.640000343322754,17.5,3778.0
10.460000038146973,17.5,3779.0
10.100000381469727,17.579999923706055,3780.0
10.199999809265137,17.579999923706055,3781.0
10.220000267028809,17.520000457763672,3782.0
10.34000015258789,17.479999542236328,3783.0
10.4399995803833,17.399999618530273,3784.0
10.039999961853027,17.420000076293945,3785.0
10.0600004196167,17.360000610351562,3786.0
10.199999809265137,17.479999542236328,3787.0
10.479999542236328,17.399999618530273,3788.0
10.5,17.479999542236328,3789.0
10.619999885559082,17.68000030517578,3790.0
10.399999618530273,17.3799991607666,3791.0
10.479999542236328,17.34000015258789,3792.0
10.520000457763672,17.260000228881836,3793.0
10.420000076293945,17.31999969482422,3794.0
10.5600004196167,17.200000762939453,3795.0
10.34000015258789,17.360000610351562,3796.0
10.34000015258789,17.200000762939453,3797.0
10.380000114440918,17.280000686645508,3798.0
10.279999732971191,17.15999984741211,3799.0
10.460000038146973,17.280000686645508,3800.0
10.279999732971191,17.360000610351562,3801.0
10.34000015258789,17.239999771118164,3802.0
10.319999694824219,17.520000457763672,3803.0
10.399999618530273,17.31999969482422,3804.0
10.239999771118164,17.299999237060547,3805.0
10.260000228881836,17.299999237060547,3806.0
10.199999809265137,17.239999771118164,3807.0
10.140000343322754,17.040000915527344,3808.0
10.34000015258789,17.31999969482422,3809.0
10.239999771118164,17.31999969482422,3810.0
10.199999809265137,17.219999313354492,3811.0
10.199999809265137,17.399999618530273,3812.0
10.119999885559082,17.0,3813.0
10.220000267028809,17.260000228881836,3814.0
10.119999885559082,17.34000015258789,3815.0
10.119999885559082,17.31999969482422,3816.0
10.039999961853027,17.299999237060547,3817.0
9.920000076293945,17.479999542236328,3818.0
9.920000076293945,17.479999542236328,3819.0
9.739999771118164,17.280000686645508,3820.0
9.880000114440918,17.260000228881836,3821.0
9.899999618530273,17.3799991607666,3822.0
9.739999771118164,17.5,3823.0
9.960000038146973,17.479999542236328,3824.0
10.079999923706055,17.540000915527344,3825.0
9.859999656677246,17.600000381469727,3826.0
9.920000076293945,17.6200008392334,3827.0
9.9399995803833,17.600000381469727,3828.0
9.960000038146973,17.5,3829.0
10.0,17.559999465942383,3830.0
10.0,17.579999923706055,3831.0
10.0,17.520000457763672,3832.0
10.119999885559082,17.520000457763672,3833.0
9.800000190734863,17.31999969482422,3834.0
10.0,17.399999618530273,3835.0
9.779999732971191,17.420000076293945,3836.0
9.819999694824219,17.34000015258789,3837.0
10.0,17.459999084472656,3838.0
10.119999885559082,17.5,3839.0
10.239999771118164,17.5,3840.0
10.220000267028809,17.5,3841.0
10.479999542236328,17.3799991607666,3842.0
10.5600004196167,17.5,3843.0
10.640000343322754,17.520000457763672,3844.0
10.619999885559082,17.459999084472656,3845.0
10.579999923706055,17.479999542236328,3846.0
10.600000381469727,17.420000076293945,3847.0
10.479999542236328,17.579999923706055,3848.0
10.5,17.639999389648438,3849.0
10.479999542236328,17.68000030517578,3850.0
10.420000076293945,17.600000381469727,3851.0
10.460000038146973,17.34000015258789,3852.0
10.420000076293945,17.200000762939453,3853.0
10.380000114440918,17.260000228881836,3854.0
10.460000038146973,17.360000610351562,3855.0
10.5600004196167,17.280000686645508,3856.0
10.399999618530273,17.399999618530273,3857.0
10.619999885559082,17.559999465942383,3858.0
10.260000228881836,17.280000686645508,3859.0
10.420000076293945,17.360000610351562,3860.0
10.260000228881836,17.440000534057617,3861.0
10.300000190734863,17.399999618530273,3862.0
10.640000343322754,17.420000076293945,3863.0
10.760000228881836,17.540000915527344,3864.0
10.420000076293945,17.479999542236328,3865.0
10.5600004196167,17.520000457763672,3866.0
10.520000457763672,17.559999465942383,3867.0
10.5600004196167,17.6200008392334,3868.0
10.380000114440918,17.420000076293945,3869.0
10.5600004196167,17.420000076293945,3870.0
10.5,17.420000076293945,3871.0
10.680000305175781,17.559999465942383,3872.0
10.5,17.739999771118164,3873.0
10.5600004196167,17.700000762939453,3874.0
10.520000457763672,17.639999389648438,3875.0
10.520000457763672,17.639999389648438,3876.0
10.640000343322754,17.5,3877.0
10.800000190734863,17.559999465942383,3878.0
10.720000267028809,17.6200008392334,3879.0
10.800000190734863,17.719999313354492,3880.0
10.699999809265137,17.579999923706055,3881.0
10.460000038146973,17.459999084472656,3882.0
10.579999923706055,17.420000076293945,3883.0
10.460000038146973,17.479999542236328,3884.0
10.520000457763672,17.459999084472656,3885.0
10.600000381469727,17.479999542236328,3886.0
10.680000305175781,17.520000457763672,3887.0
10.880000114440918,17.6200008392334,3888.0
10.859999656677246,17.440000534057617,3889.0
11.279999732971191,17.540000915527344,3890.0
11.020000457763672,17.5,3891.0
11.079999923706055,17.440000534057617,3892.0
11.15999984741211,17.639999389648438,3893.0
11.199999809265137,17.6200008392334,3894.0
11.0,17.760000228881836,3895.0
11.279999732971191,17.639999389648438,3896.0
11.34000015258789,17.520000457763672,3897.0
11.0600004196167,17.68000030517578,3898.0
11.279999732971191,17.639999389648438,3899.0
11.100000381469727,17.600000381469727,3900.0
11.520000457763672,17.600000381469727,3901.0
10.920000076293945,17.68000030517578,3902.0
11.140000343322754,17.639999389648438,3903.0
10.880000114440918,17.579999923706055,3904.0
11.680000305175781,17.540000915527344,3905.0
11.279999732971191,17.5,3906.0
11.479999542236328,17.700000762939453,3907.0
11.65999984741211,17.719999313354492,3908.0
11.819999694824219,17.6200008392334,3909.0
11.220000267028809,17.459999084472656,3910.0
11.220000267028809,17.5,3911.0
10.979999542236328,17.700000762939453,3912.0
11.279999732971191,17.68000030517578,3913.0
11.15999984741211,17.579999923706055,3914.0
11.239999771118164,17.65999984741211,3915.0
11.239999771118164,17.799999237060547,3916.0
11.039999961853027,17.559999465942383,3917.0
10.880000114440918,17.360000610351562,3918.0
10.84000015258789,17.520000457763672,3919.0
10.760000228881836,17.540000915527344,3920.0
10.5600004196167,17.280000686645508,3921.0
10.699999809265137,17.600000381469727,3922.0
10.100000381469727,17.299999237060547,3923.0
9.640000343322754,17.600000381469727,3924.0
12.579999923706055,17.65999984741211,3925.0
9.640000343322754,17.299999237060547,3926.0
9.539999961853027,17.600000381469727,3927.0
9.5600004196167,17.6200008392334,3928.0
9.859999656677246,17.34000015258789,3929.0
12.460000038146973,17.68000030517578,3930.0
12.5,17.899999618530273,3931.0
12.15999984741211,17.559999465942383,3932.0
12.199999809265137,17.520000457763672,3933.0
12.199999809265137,17.780000686645508,3934.0
12.199999809265137,17.700000762939453,3935.0
12.319999694824219,17.760000228881836,3936.0
12.039999961853027,17.719999313354492,3937.0
11.920000076293945,17.760000228881836,3938.0
11.960000038146973,17.719999313354492,3939.0
12.0600004196167,17.700000762939453,3940.0
12.140000343322754,17.84000015258789,3941.0
11.84000015258789,17.780000686645508,3942.0
12.039999961853027,17.760000228881836,3943.0
12.380000114440918,17.739999771118164,3944.0
12.399999618530273,17.700000762939453,3945.0
12.4399995803833,17.600000381469727,3946.0
12.15999984741211,17.559999465942383,3947.0
12.520000457763672,17.559999465942383,3948.0
12.619999885559082,17.639999389648438,3949.0
12.279999732971191,17.579999923706055,3950.0
12.279999732971191,17.579999923706055,3951.0
12.0,17.600000381469727,3952.0
10.65999984741211,17.639999389648438,3953.0
10.5,17.639999389648438,3954.0
12.420000076293945,17.6200008392334,3955.0
10.260000228881836,17.600000381469727,3956.0
10.579999923706055,17.579999923706055,3957.0
10.760000228881836,17.65999984741211,3958.0
10.420000076293945,17.579999923706055,3959.0
10.319999694824219,17.440000534057617,3960.0
10.180000305175781,17.81999969482422,3961.0
10.119999885559082,17.68000030517578,3962.0
10.380000114440918,17.68000030517578,3963.0
10.260000228881836,17.459999084472656,3964.0
10.680000305175781,17.579999923706055,3965.0
10.420000076293945,17.559999465942383,3966.0
10.65999984741211,17.639999389648438,3967.0
10.34000015258789,17.579999923706055,3968.0
10.5,17.559999465942383,3969.0
10.319999694824219,17.520000457763672,3970.0
10.4399995803833,17.299999237060547,3971.0
10.380000114440918,17.360000610351562,3972.0
10.479999542236328,17.520000457763672,3973.0
10.460000038146973,17.579999923706055,3974.0
10.4399995803833,17.520000457763672,3975.0
10.539999961853027,17.559999465942383,3976.0
10.520000457763672,17.479999542236328,3977.0
10.520000457763672,17.520000457763672,3978.0
10.380000114440918,17.440000534057617,3979.0
10.260000228881836,17.360000610351562,3980.0
10.380000114440918,17.65999984741211,3981.0
10.720000267028809,17.65999984741211,3982.0
10.640000343322754,17.459999084472656,3983.0
11.220000267028809,17.559999465942383,3984.0
11.220000267028809,17.5,3985.0
10.760000228881836,17.31999969482422,3986.0
12.359999656677246,17.5,3987.0
9.859999656677246,17.420000076293945,3988.0
9.800000190734863,17.68000030517578,3989.0
9.859999656677246,17.65999984741211,3990.0
10.220000267028809,17.520000457763672,3991.0
10.420000076293945,17.600000381469727,3992.0
12.65999984741211,17.68000030517578,3993.0
10.180000305175781,17.639999389648438,3994.0
10.65999984741211,17.6200008392334,3995.0
10.5,17.600000381469727,3996.0
10.539999961853027,17.700000762939453,3997.0
10.899999618530273,17.639999389648438,3998.0
10.460000038146973,17.579999923706055,3999.0
10.640000343322754,17.540000915527344,4000.0
10.680000305175781,17.520000457763672,4001.0
10.640000343322754,17.579999923706055,4002.0
10.5600004196167,17.360000610351562,4003.0
10.579999923706055,17.639999389648438,4004.0
10.739999771118164,17.799999237060547,4005.0
10.65999984741211,17.520000457763672,4006.0
11.739999771118164,17.600000381469727,4007.0
12.039999961853027,17.639999389648438,4008.0
11.359999656677246,17.600000381469727,4009.0
11.4399995803833,17.6200008392334,4010.0
11.619999885559082,17.719999313354492,4011.0
11.600000381469727,17.780000686645508,4012.0
11.460000038146973,17.68000030517578,4013.0
11.460000038146973,17.799999237060547,4014.0
11.279999732971191,17.8799991607666,4015.0
10.479999542236328,17.8799991607666,4016.0
10.65999984741211,17.860000610351562,4017.0
10.460000038146973,17.600000381469727,4018.0
10.420000076293945,17.780000686645508,4019.0
10.539999961853027,17.81999969482422,4020.0
10.720000267028809,17.760000228881836,4021.0
11.0,17.84000015258789,4022.0
11.0600004196167,17.799999237060547,4023.0
11.119999885559082,17.799999237060547,4024.0
11.15999984741211,17.65999984741211,4025.0
10.960000038146973,17.639999389648438,4026.0
10.84000015258789,17.559999465942383,4027.0
10.880000114440918,17.68000030517578,4028.0
10.0,17.65999984741211,4029.0
10.5,17.68000030517578,4030.0
9.899999618530273,17.799999237060547,4031.0
9.960000038146973,17.81999969482422,4032.0
10.520000457763672,17.700000762939453,4033.0
10.720000267028809,17.65999984741211,4034.0
10.9399995803833,17.760000228881836,4035.0
11.0,17.760000228881836,4036.0
11.15999984741211,17.65999984741211,4037.0
11.420000076293945,17.65999984741211,4038.0
11.34000015258789,17.739999771118164,4039.0
11.279999732971191,17.700000762939453,4040.0
11.380000114440918,17.81999969482422,4041.0
11.84000015258789,17.899999618530273,4042.0
11.4399995803833,17.700000762939453,4043.0
11.600000381469727,17.84000015258789,4044.0
11.760000228881836,17.940000534057617,4045.0
11.899999618530273,17.81999969482422,4046.0
11.760000228881836,17.780000686645508,4047.0
11.399999618530273,17.8799991607666,4048.0
11.5600004196167,17.8799991607666,4049.0
10.180000305175781,17.959999084472656,4050.0
10.819999694824219,17.920000076293945,4051.0
11.399999618530273,17.84000015258789,4052.0
11.600000381469727,17.65999984741211,4053.0
11.380000114440918,17.719999313354492,4054.0
10.760000228881836,17.639999389648438,4055.0
10.739999771118164,17.81999969482422,4056.0
11.140000343322754,17.920000076293945,4057.0
11.220000267028809,17.68000030517578,4058.0
11.199999809265137,17.84000015258789,4059.0
11.220000267028809,17.68000030517578,4060.0
11.539999961853027,17.799999237060547,4061.0
12.15999984741211,17.84000015258789,4062.0
11.800000190734863,17.700000762939453,4063.0
11.920000076293945,17.600000381469727,4064.0
11.739999771118164,17.520000457763672,4065.0
11.680000305175781,17.899999618530273,4066.0
11.739999771118164,17.899999618530273,4067.0
12.0600004196167,17.639999389648438,4068.0
11.34000015258789,17.6200008392334,4069.0
11.539999961853027,17.600000381469727,4070.0
12.5,17.760000228881836,4071.0
12.460000038146973,17.860000610351562,4072.0
12.5,17.899999618530273,4073.0
12.84000015258789,17.81999969482422,4074.0
12.579999923706055,17.739999771118164,4075.0
12.420000076293945,17.719999313354492,4076.0
12.34000015258789,17.760000228881836,4077.0
11.619999885559082,17.760000228881836,4078.0
12.34000015258789,17.81999969482422,4079.0
12.420000076293945,17.84000015258789,4080.0
12.399999618530273,17.8799991607666,4081.0
12.239999771118164,17.860000610351562,4082.0
11.699999809265137,17.84000015258789,4083.0
12.5600004196167,17.84000015258789,4084.0
12.34000015258789,17.860000610351562,4085.0
12.539999961853027,17.860000610351562,4086.0
11.020000457763672,17.920000076293945,4087.0
11.180000305175781,17.899999618530273,4088.0
11.239999771118164,17.8799991607666,4089.0
10.979999542236328,18.020000457763672,4090.0
11.0600004196167,17.920000076293945,4091.0
11.140000343322754,17.84000015258789,4092.0
11.34000015258789,17.979999542236328,4093.0
11.220000267028809,17.84000015258789,4094.0
11.100000381469727,17.860000610351562,4095.0
11.140000343322754,17.799999237060547,4096.0
11.15999984741211,17.899999618530273,4097.0
10.920000076293945,17.81999969482422,4098.0
10.979999542236328,17.81999969482422,4099.0
10.520000457763672,17.899999618530273,4100.0
10.4399995803833,17.920000076293945,4101.0
10.739999771118164,17.959999084472656,4102.0
12.5,18.079999923706055,4103.0
12.720000267028809,18.0,4104.0
12.5,17.899999618530273,4105.0
12.880000114440918,17.920000076293945,4106.0
8.65999984741211,17.799999237060547,4107.0
8.680000305175781,17.84000015258789,4108.0
8.539999961853027,17.84000015258789,4109.0
8.680000305175781,17.899999618530273,4110.0
8.760000228881836,17.920000076293945,4111.0
13.199999809265137,17.959999084472656,4112.0
13.520000457763672,18.0,4113.0
9.399999618530273,17.899999618530273,4114.0
8.720000267028809,17.719999313354492,4115.0
8.619999885559082,17.81999969482422,4116.0
9.84000015258789,17.760000228881836,4117.0
11.079999923706055,17.920000076293945,4118.0
9.9399995803833,17.899999618530273,4119.0
10.15999984741211,17.860000610351562,4120.0
9.079999923706055,17.81999969482422,4121.0
12.34000015258789,17.799999237060547,4122.0
9.15999984741211,17.81999969482422,4123.0
9.520000457763672,17.799999237060547,4124.0
9.15999984741211,17.799999237060547,4125.0
9.4399995803833,17.799999237060547,4126.0
9.199999809265137,17.760000228881836,4127.0
9.079999923706055,17.760000228881836,4128.0
9.039999961853027,17.81999969482422,4129.0
8.920000076293945,17.81999969482422,4130.0
8.760000228881836,17.780000686645508,4131.0
8.84000015258789,17.860000610351562,4132.0
8.84000015258789,17.899999618530273,4133.0
8.680000305175781,17.8799991607666,4134.0
12.520000457763672,17.860000610351562,4135.0
12.680000305175781,17.84000015258789,4136.0
12.619999885559082,17.860000610351562,4137.0
8.800000190734863,17.8799991607666,4138.0
8.920000076293945,17.940000534057617,4139.0
9.119999885559082,17.760000228881836,4140.0
9.140000343322754,17.600000381469727,4141.0
9.279999732971191,17.860000610351562,4142.0
9.15999984741211,17.899999618530273,4143.0
12.5,17.920000076293945,4144.0
9.119999885559082,17.920000076293945,4145.0
12.34000015258789,17.959999084472656,4146.0
9.079999923706055,17.959999084472656,4147.0
8.920000076293945,17.940000534057617,4148.0
12.420000076293945,17.920000076293945,4149.0
10.979999542236328,17.860000610351562,4150.0
11.319999694824219,17.860000610351562,4151.0
11.0600004196167,17.920000076293945,4152.0
10.520000457763672,17.780000686645508,4153.0
10.65999984741211,17.84000015258789,4154.0
10.420000076293945,17.860000610351562,4155.0
10.420000076293945,17.920000076293945,4156.0
10.260000228881836,17.920000076293945,4157.0
9.779999732971191,17.8799991607666,4158.0
9.65999984741211,17.760000228881836,4159.0
9.4399995803833,17.84000015258789,4160.0
9.600000381469727,17.8799991607666,4161.0
12.520000457763672,17.940000534057617,4162.0
12.039999961853027,17.899999618530273,4163.0
11.859999656677246,18.1200008392334,4164.0
12.100000381469727,18.100000381469727,4165.0
11.779999732971191,18.020000457763672,4166.0
11.880000114440918,17.84000015258789,4167.0
11.479999542236328,17.81999969482422,4168.0
12.180000305175781,17.860000610351562,4169.0
11.880000114440918,17.860000610351562,4170.0
11.960000038146973,17.860000610351562,4171.0
12.9399995803833,17.920000076293945,4172.0
11.920000076293945,17.860000610351562,4173.0
12.960000038146973,17.899999618530273,4174.0
11.65999984741211,17.920000076293945,4175.0
12.039999961853027,17.8799991607666,4176.0
11.979999542236328,17.84000015258789,4177.0
12.34000015258789,18.0,4178.0
12.039999961853027,17.920000076293945,4179.0
12.100000381469727,18.0,4180.0
12.140000343322754,18.079999923706055,4181.0
11.920000076293945,18.079999923706055,4182.0
11.899999618530273,18.059999465942383,4183.0
11.779999732971191,18.059999465942383,4184.0
11.739999771118164,18.040000915527344,4185.0
12.020000457763672,18.020000457763672,4186.0
11.819999694824219,17.920000076293945,4187.0
12.300000190734863,18.219999313354492,4188.0
12.279999732971191,18.0,4189.0
12.279999732971191,18.020000457763672,4190.0
12.079999923706055,18.020000457763672,4191.0
12.34000015258789,18.020000457763672,4192.0
11.920000076293945,17.899999618530273,4193.0
12.319999694824219,18.0,4194.0
12.119999885559082,18.260000228881836,4195.0
12.399999618530273,18.079999923706055,4196.0
12.479999542236328,18.0,4197.0
12.5600004196167,18.020000457763672,4198.0
12.5,18.020000457763672,4199.0
12.4399995803833,17.8799991607666,4200.0
12.180000305175781,18.0,4201.0
11.84000015258789,18.0,4202.0
12.100000381469727,17.959999084472656,4203.0
11.800000190734863,17.979999542236328,4204.0
11.619999885559082,17.959999084472656,4205.0
11.84000015258789,18.079999923706055,4206.0
11.859999656677246,18.18000030517578,4207.0
11.979999542236328,18.059999465942383,4208.0
11.979999542236328,18.0,4209.0
12.100000381469727,18.139999389648438,4210.0
12.100000381469727,18.079999923706055,4211.0
12.0600004196167,18.059999465942383,4212.0
12.020000457763672,18.239999771118164,4213.0
11.979999542236328,18.15999984741211,4214.0
12.220000267028809,18.200000762939453,4215.0
12.079999923706055,18.079999923706055,4216.0
11.279999732971191,18.18000030517578,4217.0
11.039999961853027,18.139999389648438,4218.0
10.9399995803833,18.1200008392334,4219.0
11.020000457763672,18.18000030517578,4220.0
10.920000076293945,18.139999389648438,4221.0
10.880000114440918,18.100000381469727,4222.0
10.899999618530273,18.0,4223.0
11.920000076293945,18.020000457763672,4224.0
12.180000305175781,18.139999389648438,4225.0
12.34000015258789,18.059999465942383,4226.0
8.760000228881836,18.059999465942383,4227.0
8.880000114440918,18.059999465942383,4228.0
8.600000381469727,18.15999984741211,4229.0
8.899999618530273,18.079999923706055,4230.0
8.979999542236328,18.100000381469727,4231.0
8.760000228881836,18.139999389648438,4232.0
8.5600004196167,18.100000381469727,4233.0
8.5,18.059999465942383,4234.0
8.5,18.1200008392334,4235.0
8.4399995803833,18.059999465942383,4236.0
8.399999618530273,18.040000915527344,4237.0
8.359999656677246,18.0,4238.0
8.279999732971191,17.8799991607666,4239.0
8.140000343322754,18.059999465942383,4240.0
8.359999656677246,18.139999389648438,4241.0
8.34000015258789,18.059999465942383,4242.0
8.460000038146973,18.139999389648438,4243.0
8.5,18.1200008392334,4244.0
8.5,18.139999389648438,4245.0
8.5,18.1200008392334,4246.0
8.5,18.1200008392334,4247.0
8.5,18.059999465942383,4248.0
17.639999389648438,18.059999465942383,4249.0
8.5,18.020000457763672,4250.0
8.5,18.059999465942383,4251.0
17.260000228881836,18.040000915527344,4252.0
8.399999618530273,17.959999084472656,4253.0
8.4399995803833,17.920000076293945,4254.0
8.460000038146973,17.940000534057617,4255.0
8.699999809265137,18.079999923706055,4256.0
9.140000343322754,18.3799991607666,4257.0
9.220000267028809,18.15999984741211,4258.0
9.680000305175781,18.100000381469727,4259.0
9.640000343322754,18.0,4260.0
9.640000343322754,18.139999389648438,4261.0
9.5,18.15999984741211,4262.0
9.479999542236328,18.100000381469727,4263.0
9.5,18.020000457763672,4264.0
9.399999618530273,18.0,4265.0
9.479999542236328,18.0,4266.0
9.479999542236328,17.940000534057617,4267.0
9.699999809265137,17.940000534057617,4268.0
9.680000305175781,17.979999542236328,4269.0
8.5,17.81999969482422,4270.0
9.640000343322754,18.020000457763672,4271.0
8.5,17.899999618530273,4272.0
10.460000038146973,17.799999237060547,4273.0
10.100000381469727,17.760000228881836,4274.0
10.100000381469727,17.84000015258789,4275.0
10.020000457763672,17.84000015258789,4276.0
10.300000190734863,18.020000457763672,4277.0
8.960000038146973,17.959999084472656,4278.0
10.100000381469727,17.959999084472656,4279.0
9.180000305175781,17.959999084472656,4280.0
9.779999732971191,17.899999618530273,4281.0
9.520000457763672,17.959999084472656,4282.0
9.800000190734863,17.899999618530273,4283.0
9.640000343322754,17.920000076293945,4284.0
9.640000343322754,17.959999084472656,4285.0
9.5600004196167,17.920000076293945,4286.0
9.640000343322754,17.959999084472656,4287.0
9.779999732971191,18.020000457763672,4288.0
9.899999618530273,18.0,4289.0
9.859999656677246,18.020000457763672,4290.0
11.739999771118164,17.979999542236328,4291.0
11.859999656677246,18.1200008392334,4292.0
11.800000190734863,18.139999389648438,4293.0
11.399999618530273,18.200000762939453,4294.0
11.380000114440918,18.1200008392334,4295.0
10.819999694824219,18.139999389648438,4296.0
10.5,18.139999389648438,4297.0
10.739999771118164,18.059999465942383,4298.0
10.380000114440918,18.059999465942383,4299.0
10.380000114440918,18.020000457763672,4300.0
10.359999656677246,18.059999465942383,4301.0
10.420000076293945,17.899999618530273,4302.0
10.220000267028809,17.899999618530273,4303.0
10.399999618530273,17.899999618530273,4304.0
10.579999923706055,17.979999542236328,4305.0
12.039999961853027,18.100000381469727,4306.0
11.979999542236328,17.959999084472656,4307.0
12.5,18.079999923706055,4308.0
11.779999732971191,18.100000381469727,4309.0
11.680000305175781,18.219999313354492,4310.0
11.9399995803833,18.31999969482422,4311.0
11.5600004196167,18.520000457763672,4312.0
11.84000015258789,18.360000610351562,4313.0
11.600000381469727,18.399999618530273,4314.0
12.039999961853027,18.260000228881836,4315.0
12.5600004196167,18.34000015258789,4316.0
11.600000381469727,18.079999923706055,4317.0
11.319999694824219,18.020000457763672,4318.0
11.600000381469727,18.1200008392334,4319.0
11.399999618530273,18.1200008392334,4320.0
11.359999656677246,18.1200008392334,4321.0
11.880000114440918,18.1200008392334,4322.0
12.0,18.239999771118164,4323.0
11.399999618530273,18.219999313354492,4324.0
11.359999656677246,18.18000030517578,4325.0
12.0600004196167,18.15999984741211,4326.0
11.84000015258789,18.31999969482422,4327.0
11.399999618530273,18.280000686645508,4328.0
11.199999809265137,18.18000030517578,4329.0
11.359999656677246,18.15999984741211,4330.0
11.119999885559082,17.700000762939453,4331.0
11.119999885559082,18.200000762939453,4332.0
11.0,18.18000030517578,4333.0
11.15999984741211,18.059999465942383,4334.0
11.300000190734863,18.1200008392334,4335.0
11.460000038146973,17.979999542236328,4336.0
12.199999809265137,18.34000015258789,4337.0
12.539999961853027,17.920000076293945,4338.0
12.420000076293945,18.020000457763672,4339.0
12.5600004196167,18.139999389648438,4340.0
11.579999923706055,18.079999923706055,4341.0
11.699999809265137,18.18000030517578,4342.0
11.4399995803833,18.059999465942383,4343.0
11.220000267028809,18.100000381469727,4344.0
11.4399995803833,18.139999389648438,4345.0
11.520000457763672,18.18000030517578,4346.0
11.300000190734863,18.219999313354492,4347.0
12.260000228881836,18.1200008392334,4348.0
12.039999961853027,17.920000076293945,4349.0
12.34000015258789,18.100000381469727,4350.0
12.140000343322754,18.260000228881836,4351.0
11.539999961853027,18.239999771118164,4352.0
11.65999984741211,18.239999771118164,4353.0
11.359999656677246,18.31999969482422,4354.0
11.260000228881836,18.219999313354492,4355.0
11.039999961853027,18.059999465942383,4356.0
11.020000457763672,18.079999923706055,4357.0
11.100000381469727,18.059999465942383,4358.0
11.800000190734863,17.799999237060547,4359.0
11.880000114440918,18.1200008392334,4360.0
11.399999618530273,18.100000381469727,4361.0
11.260000228881836,18.34000015258789,4362.0
11.34000015258789,18.219999313354492,4363.0
11.260000228881836,18.299999237060547,4364.0
11.880000114440918,18.360000610351562,4365.0
11.619999885559082,18.34000015258789,4366.0
12.720000267028809,18.280000686645508,4367.0
12.960000038146973,18.280000686645508,4368.0
12.5600004196167,18.219999313354492,4369.0
12.920000076293945,18.1200008392334,4370.0
12.600000381469727,18.18000030517578,4371.0
12.4399995803833,18.18000030517578,4372.0
12.420000076293945,18.15999984741211,4373.0
12.479999542236328,18.040000915527344,4374.0
12.359999656677246,17.979999542236328,4375.0
12.34000015258789,18.1200008392334,4376.0
11.420000076293945,18.1200008392334,4377.0
12.0,18.200000762939453,4378.0
11.460000038146973,18.079999923706055,4379.0
11.140000343322754,18.18000030517578,4380.0
11.140000343322754,18.200000762939453,4381.0
11.260000228881836,18.15999984741211,4382.0
11.300000190734863,18.059999465942383,4383.0
11.319999694824219,18.100000381469727,4384.0
11.15999984741211,18.15999984741211,4385.0
11.079999923706055,18.139999389648438,4386.0
10.5,18.100000381469727,4387.0
10.779999732971191,18.139999389648438,4388.0
10.859999656677246,18.059999465942383,4389.0
10.640000343322754,18.079999923706055,4390.0
10.359999656677246,18.15999984741211,4391.0
10.600000381469727,18.18000030517578,4392.0
10.420000076293945,18.200000762939453,4393.0
10.420000076293945,18.139999389648438,4394.0
10.65999984741211,18.239999771118164,4395.0
10.579999923706055,18.280000686645508,4396.0
10.460000038146973,18.239999771118164,4397.0
10.800000190734863,18.239999771118164,4398.0
10.84000015258789,18.200000762939453,4399.0
11.0,18.1200008392334,4400.0
10.979999542236328,18.18000030517578,4401.0
10.880000114440918,18.139999389648438,4402.0
10.460000038146973,18.239999771118164,4403.0
10.380000114440918,18.299999237060547,4404.0
10.399999618530273,18.34000015258789,4405.0
10.399999618530273,18.280000686645508,4406.0
10.600000381469727,18.280000686645508,4407.0
10.680000305175781,18.280000686645508,4408.0
10.800000190734863,18.15999984741211,4409.0
10.800000190734863,18.219999313354492,4410.0
10.880000114440918,18.31999969482422,4411.0
10.800000190734863,18.280000686645508,4412.0
11.039999961853027,18.200000762939453,4413.0
11.279999732971191,18.31999969482422,4414.0
11.279999732971191,18.420000076293945,4415.0
11.239999771118164,18.440000534057617,4416.0
11.5600004196167,18.31999969482422,4417.0
11.34000015258789,18.219999313354492,4418.0
11.65999984741211,18.299999237060547,4419.0
10.760000228881836,18.18000030517578,4420.0
10.720000267028809,18.219999313354492,4421.0
10.680000305175781,18.239999771118164,4422.0
10.720000267028809,18.280000686645508,4423.0
10.800000190734863,18.31999969482422,4424.0
10.819999694824219,18.34000015258789,4425.0
10.899999618530273,18.260000228881836,4426.0
11.15999984741211,18.260000228881836,4427.0
11.079999923706055,18.139999389648438,4428.0
11.539999961853027,18.219999313354492,4429.0
11.279999732971191,17.940000534057617,4430.0
11.619999885559082,18.1200008392334,4431.0
11.380000114440918,18.100000381469727,4432.0
11.4399995803833,18.139999389648438,4433.0
11.619999885559082,18.219999313354492,4434.0
11.699999809265137,18.31999969482422,4435.0
11.5600004196167,18.200000762939453,4436.0
11.699999809265137,18.31999969482422,4437.0
11.760000228881836,18.34000015258789,4438.0
11.9399995803833,18.239999771118164,4439.0
11.779999732971191,18.219999313354492,4440.0
11.9399995803833,18.200000762939453,4441.0
11.800000190734863,18.139999389648438,4442.0
11.779999732971191,18.299999237060547,4443.0
11.220000267028809,18.31999969482422,4444.0
10.800000190734863,18.31999969482422,4445.0
10.819999694824219,18.280000686645508,4446.0
11.380000114440918,18.31999969482422,4447.0
11.520000457763672,18.280000686645508,4448.0
11.34000015258789,18.280000686645508,4449.0
11.699999809265137,18.399999618530273,4450.0
10.34000015258789,18.31999969482422,4451.0
10.420000076293945,18.34000015258789,4452.0
10.119999885559082,18.31999969482422,4453.0
11.5600004196167,18.219999313354492,4454.0
10.520000457763672,18.479999542236328,4455.0
10.220000267028809,18.479999542236328,4456.0
10.859999656677246,18.540000915527344,4457.0
11.579999923706055,18.440000534057617,4458.0
11.399999618530273,18.440000534057617,4459.0
11.880000114440918,18.280000686645508,4460.0
11.720000267028809,18.239999771118164,4461.0
11.960000038146973,18.059999465942383,4462.0
11.699999809265137,17.899999618530273,4463.0
11.859999656677246,18.0,4464.0
11.600000381469727,18.260000228881836,4465.0
11.539999961853027,18.31999969482422,4466.0
11.460000038146973,18.260000228881836,4467.0
10.359999656677246,18.280000686645508,4468.0
10.140000343322754,18.440000534057617,4469.0
10.220000267028809,18.520000457763672,4470.0
10.239999771118164,18.540000915527344,4471.0
10.279999732971191,18.6200008392334,4472.0
10.220000267028809,18.600000381469727,4473.0
10.239999771118164,18.559999465942383,4474.0
10.239999771118164,18.639999389648438,4475.0
10.0600004196167,18.559999465942383,4476.0
10.399999618530273,18.459999084472656,4477.0
10.260000228881836,18.459999084472656,4478.0
10.100000381469727,18.559999465942383,4479.0
10.180000305175781,18.479999542236328,4480.0
11.979999542236328,18.440000534057617,4481.0
12.140000343322754,18.479999542236328,4482.0
11.779999732971191,18.579999923706055,4483.0
11.319999694824219,18.520000457763672,4484.0
11.539999961853027,18.520000457763672,4485.0
12.0,18.440000534057617,4486.0
11.079999923706055,18.440000534057617,4487.0
11.0,18.3799991607666,4488.0
11.359999656677246,18.3799991607666,4489.0
11.359999656677246,18.399999618530273,4490.0
11.819999694824219,18.520000457763672,4491.0
11.479999542236328,18.440000534057617,4492.0
11.520000457763672,18.440000534057617,4493.0
11.4399995803833,18.399999618530273,4494.0
11.359999656677246,18.399999618530273,4495.0
11.199999809265137,18.459999084472656,4496.0
11.279999732971191,18.440000534057617,4497.0
11.300000190734863,18.440000534057617,4498.0
11.720000267028809,18.459999084472656,4499.0
11.539999961853027,18.559999465942383,4500.0
18.100000381469727,18.440000534057617,4501.0
11.9399995803833,18.3799991607666,4502.0
12.020000457763672,18.299999237060547,4503.0
11.760000228881836,18.280000686645508,4504.0
11.619999885559082,18.420000076293945,4505.0
11.399999618530273,18.5,4506.0
11.600000381469727,18.559999465942383,4507.0
11.399999618530273,18.440000534057617,4508.0
11.5600004196167,18.3799991607666,4509.0
11.359999656677246,18.3799991607666,4510.0
11.460000038146973,18.280000686645508,4511.0
11.680000305175781,18.31999969482422,4512.0
11.640000343322754,18.34000015258789,4513.0
11.640000343322754,18.34000015258789,4514.0
11.960000038146973,18.34000015258789,4515.0
11.920000076293945,18.34000015258789,4516.0
12.199999809265137,18.399999618530273,4517.0
12.279999732971191,18.399999618530273,4518.0
12.239999771118164,18.34000015258789,4519.0
12.319999694824219,18.299999237060547,4520.0
12.479999542236328,18.399999618530273,4521.0
12.319999694824219,18.3799991607666,4522.0
12.760000228881836,18.3799991607666,4523.0
12.760000228881836,18.360000610351562,4524.0
12.279999732971191,18.399999618530273,4525.0
12.0,18.34000015258789,4526.0
12.039999961853027,18.3799991607666,4527.0
12.15999984741211,18.3799991607666,4528.0
12.479999542236328,18.360000610351562,4529.0
12.979999542236328,18.3799991607666,4530.0
14.039999961853027,18.399999618530273,4531.0
13.140000343322754,18.34000015258789,4532.0
12.899999618530273,18.3799991607666,4533.0
13.199999809265137,18.3799991607666,4534.0
13.720000267028809,18.399999618530273,4535.0
13.720000267028809,18.399999618530273,4536.0
13.720000267028809,18.399999618530273,4537.0
13.800000190734863,18.3799991607666,4538.0
14.34000015258789,18.440000534057617,4539.0
14.119999885559082,18.3799991607666,4540.0
13.720000267028809,18.3799991607666,4541.0
14.079999923706055,18.440000534057617,4542.0
12.640000343322754,18.360000610351562,4543.0
14.0600004196167,18.440000534057617,4544.0
11.880000114440918,18.3799991607666,4545.0
13.579999923706055,18.360000610351562,4546.0
13.079999923706055,18.399999618530273,4547.0
13.779999732971191,18.3799991607666,4548.0
13.800000190734863,18.440000534057617,4549.0
14.220000267028809,18.399999618530273,4550.0
14.520000457763672,18.440000534057617,4551.0
12.100000381469727,18.34000015258789,4552.0
11.699999809265137,18.3799991607666,4553.0
11.319999694824219,18.3799991607666,4554.0
10.65999984741211,18.440000534057617,4555.0
11.380000114440918,18.3799991607666,4556.0
11.460000038146973,18.3799991607666,4557.0
11.65999984741211,18.399999618530273,4558.0
11.760000228881836,18.280000686645508,4559.0
12.34000015258789,18.3799991607666,4560.0
12.239999771118164,18.3799991607666,4561.0
12.5600004196167,18.31999969482422,4562.0
12.600000381469727,18.34000015258789,4563.0
12.699999809265137,18.399999618530273,4564.0
12.399999618530273,18.34000015258789,4565.0
12.800000190734863,18.3799991607666,4566.0
12.880000114440918,18.479999542236328,4567.0
12.760000228881836,18.3799991607666,4568.0
12.479999542236328,18.3799991607666,4569.0
12.420000076293945,18.360000610351562,4570.0
18.079999923706055,18.559999465942383,4571.0
12.359999656677246,18.579999923706055,4572.0
12.039999961853027,18.600000381469727,4573.0
12.100000381469727,18.459999084472656,4574.0
12.239999771118164,18.3799991607666,4575.0
12.520000457763672,18.479999542236328,4576.0
12.4399995803833,18.3799991607666,4577.0
12.760000228881836,18.459999084472656,4578.0
12.619999885559082,18.3799991607666,4579.0
12.720000267028809,18.440000534057617,4580.0
12.520000457763672,18.559999465942383,4581.0
11.9399995803833,18.600000381469727,4582.0
11.460000038146973,18.639999389648438,4583.0
13.739999771118164,18.559999465942383,4584.0
14.119999885559082,18.520000457763672,4585.0
14.819999694824219,18.440000534057617,4586.0
11.380000114440918,18.399999618530273,4587.0
11.260000228881836,18.34000015258789,4588.0
11.279999732971191,18.34000015258789,4589.0
11.359999656677246,18.299999237060547,4590.0
11.380000114440918,18.280000686645508,4591.0
11.5,18.5,4592.0
11.579999923706055,18.3799991607666,4593.0
11.5600004196167,18.440000534057617,4594.0
11.5,18.440000534057617,4595.0
11.460000038146973,18.34000015258789,4596.0
11.359999656677246,18.34000015258789,4597.0
11.380000114440918,18.299999237060547,4598.0
11.520000457763672,18.31999969482422,4599.0
11.760000228881836,18.399999618530273,4600.0
11.720000267028809,18.479999542236328,4601.0
11.84000015258789,18.5,4602.0
11.779999732971191,18.559999465942383,4603.0
11.920000076293945,18.559999465942383,4604.0
12.140000343322754,18.6200008392334,4605.0
12.239999771118164,18.700000762939453,4606.0
12.079999923706055,18.559999465942383,4607.0
18.579999923706055,18.600000381469727,4608.0
11.920000076293945,18.559999465942383,4609.0
11.760000228881836,18.65999984741211,4610.0
11.800000190734863,18.579999923706055,4611.0
11.880000114440918,18.600000381469727,4612.0
11.960000038146973,18.540000915527344,4613.0
12.119999885559082,18.540000915527344,4614.0
12.239999771118164,18.5,4615.0
12.520000457763672,18.420000076293945,4616.0
12.680000305175781,18.600000381469727,4617.0
12.479999542236328,18.639999389648438,4618.0
12.119999885559082,18.600000381469727,4619.0
12.100000381469727,18.440000534057617,4620.0
11.699999809265137,18.520000457763672,4621.0
11.819999694824219,18.700000762939453,4622.0
11.119999885559082,18.479999542236328,4623.0
11.180000305175781,18.399999618530273,4624.0
11.199999809265137,18.3799991607666,4625.0
11.199999809265137,18.34000015258789,4626.0
11.180000305175781,18.31999969482422,4627.0
11.199999809265137,18.479999542236328,4628.0
11.199999809265137,18.440000534057617,4629.0
11.140000343322754,18.459999084472656,4630.0
11.239999771118164,18.600000381469727,4631.0
11.260000228881836,18.719999313354492,4632.0
11.619999885559082,18.6200008392334,4633.0
11.300000190734863,18.68000030517578,4634.0
11.699999809265137,18.5,4635.0
11.619999885559082,18.600000381469727,4636.0
11.65999984741211,18.520000457763672,4637.0
11.5600004196167,18.600000381469727,4638.0
11.779999732971191,18.559999465942383,4639.0
11.399999618530273,18.440000534057617,4640.0
11.699999809265137,18.479999542236328,4641.0
11.319999694824219,18.459999084472656,4642.0
12.420000076293945,18.459999084472656,4643.0
12.260000228881836,18.68000030517578,4644.0
12.34000015258789,18.799999237060547,4645.0
12.100000381469727,18.739999771118164,4646.0
12.319999694824219,18.459999084472656,4647.0
11.880000114440918,18.719999313354492,4648.0
12.119999885559082,18.420000076293945,4649.0
11.699999809265137,18.700000762939453,4650.0
10.239999771118164,18.479999542236328,4651.0
10.319999694824219,18.479999542236328,4652.0
11.100000381469727,18.420000076293945,4653.0
10.34000015258789,18.639999389648438,4654.0
11.539999961853027,18.3799991607666,4655.0
10.180000305175781,18.420000076293945,4656.0
10.020000457763672,18.520000457763672,4657.0
11.699999809265137,18.899999618530273,4658.0
10.180000305175781,18.3799991607666,4659.0
10.0,18.34000015258789,4660.0
10.020000457763672,18.420000076293945,4661.0
11.920000076293945,18.540000915527344,4662.0
13.199999809265137,18.6200008392334,4663.0
10.0,18.6200008392334,4664.0
10.140000343322754,18.3799991607666,4665.0
11.699999809265137,18.3799991607666,4666.0
11.4399995803833,18.600000381469727,4667.0
12.4399995803833,18.6200008392334,4668.0
11.619999885559082,18.600000381469727,4669.0
12.680000305175781,18.3799991607666,4670.0
12.34000015258789,18.31999969482422,4671.0
12.319999694824219,18.360000610351562,4672.0
11.819999694824219,18.420000076293945,4673.0
11.779999732971191,18.399999618530273,4674.0
11.9399995803833,18.34000015258789,4675.0
11.84000015258789,18.5,4676.0
11.899999618530273,18.479999542236328,4677.0
11.899999618530273,18.3799991607666,4678.0
11.960000038146973,18.479999542236328,4679.0
11.600000381469727,18.3799991607666,4680.0
11.4399995803833,18.3799991607666,4681.0
11.760000228881836,18.34000015258789,4682.0
11.65999984741211,18.280000686645508,4683.0
11.699999809265137,18.440000534057617,4684.0
11.699999809265137,18.299999237060547,4685.0
11.680000305175781,18.3799991607666,4686.0
11.199999809265137,18.18000030517578,4687.0
10.920000076293945,18.260000228881836,4688.0
10.920000076293945,18.18000030517578,4689.0
11.0,18.219999313354492,4690.0
10.84000015258789,18.200000762939453,4691.0
10.779999732971191,18.1200008392334,4692.0
10.9399995803833,18.100000381469727,4693.0
11.0,18.059999465942383,4694.0
10.920000076293945,18.059999465942383,4695.0
11.15999984741211,18.040000915527344,4696.0
11.079999923706055,18.0,4697.0
11.239999771118164,18.219999313354492,4698.0
11.239999771118164,18.31999969482422,4699.0
11.0,18.31999969482422,4700.0
11.079999923706055,18.780000686645508,4701.0
11.239999771118164,18.760000228881836,4702.0
11.399999618530273,18.540000915527344,4703.0
11.260000228881836,18.440000534057617,4704.0
11.319999694824219,18.899999618530273,4705.0
11.279999732971191,18.760000228881836,4706.0
11.239999771118164,18.399999618530273,4707.0
11.220000267028809,18.920000076293945,4708.0
11.15999984741211,18.219999313354492,4709.0
11.220000267028809,18.31999969482422,4710.0
11.119999885559082,18.280000686645508,4711.0
11.119999885559082,18.399999618530273,4712.0
11.039999961853027,17.959999084472656,4713.0
11.0,18.260000228881836,4714.0
10.920000076293945,18.360000610351562,4715.0
10.960000038146973,18.260000228881836,4716.0
11.079999923706055,18.139999389648438,4717.0
10.84000015258789,18.260000228881836,4718.0
10.960000038146973,18.34000015258789,4719.0
11.039999961853027,18.459999084472656,4720.0
10.720000267028809,18.219999313354492,4721.0
10.819999694824219,18.420000076293945,4722.0
10.9399995803833,18.360000610351562,4723.0
10.779999732971191,18.34000015258789,4724.0
10.960000038146973,18.479999542236328,4725.0
10.84000015258789,18.559999465942383,4726.0
11.039999961853027,18.6200008392334,4727.0
11.4399995803833,18.5,4728.0
11.239999771118164,18.84000015258789,4729.0
11.239999771118164,18.540000915527344,4730.0
11.4399995803833,18.399999618530273,4731.0
11.239999771118164,18.479999542236328,4732.0
10.979999542236328,18.940000534057617,4733.0
11.15999984741211,18.920000076293945,4734.0
10.920000076293945,18.719999313354492,4735.0
10.779999732971191,18.600000381469727,4736.0
10.920000076293945,18.420000076293945,4737.0
10.319999694824219,18.559999465942383,4738.0
10.760000228881836,18.68000030517578,4739.0
10.720000267028809,18.68000030517578,4740.0
10.760000228881836,18.700000762939453,4741.0
10.399999618530273,18.579999923706055,4742.0
10.539999961853027,18.68000030517578,4743.0
10.640000343322754,18.639999389648438,4744.0
10.859999656677246,18.780000686645508,4745.0
10.4399995803833,18.81999969482422,4746.0
10.5600004196167,18.8799991607666,4747.0
11.180000305175781,19.079999923706055,4748.0
11.319999694824219,18.84000015258789,4749.0
11.4399995803833,18.799999237060547,4750.0
11.199999809265137,18.700000762939453,4751.0
11.539999961853027,18.860000610351562,4752.0
10.640000343322754,18.81999969482422,4753.0
10.539999961853027,18.81999969482422,4754.0
10.420000076293945,18.739999771118164,4755.0
10.739999771118164,18.81999969482422,4756.0
10.720000267028809,18.739999771118164,4757.0
11.359999656677246,18.84000015258789,4758.0
10.380000114440918,18.559999465942383,4759.0
11.039999961853027,18.559999465942383,4760.0
10.640000343322754,18.65999984741211,4761.0
11.079999923706055,18.600000381469727,4762.0
10.619999885559082,18.700000762939453,4763.0
11.34000015258789,18.65999984741211,4764.0
11.300000190734863,18.81999969482422,4765.0
11.579999923706055,18.799999237060547,4766.0
11.380000114440918,18.84000015258789,4767.0
11.0600004196167,18.860000610351562,4768.0
11.720000267028809,18.860000610351562,4769.0
11.699999809265137,18.81999969482422,4770.0
11.319999694824219,18.65999984741211,4771.0
10.84000015258789,18.540000915527344,4772.0
11.15999984741211,18.520000457763672,4773.0
11.4399995803833,18.780000686645508,4774.0
11.279999732971191,18.739999771118164,4775.0
11.319999694824219,18.780000686645508,4776.0
11.119999885559082,18.860000610351562,4777.0
11.079999923706055,18.860000610351562,4778.0
11.039999961853027,18.799999237060547,4779.0
11.079999923706055,18.760000228881836,4780.0
11.0,18.700000762939453,4781.0
10.520000457763672,18.81999969482422,4782.0
10.920000076293945,18.8799991607666,4783.0
10.5600004196167,18.860000610351562,4784.0
10.100000381469727,18.719999313354492,4785.0
10.5,18.739999771118164,4786.0
9.880000114440918,18.700000762939453,4787.0
11.0,18.760000228881836,4788.0
10.720000267028809,18.540000915527344,4789.0
11.239999771118164,18.559999465942383,4790.0
11.359999656677246,18.760000228881836,4791.0
11.619999885559082,18.860000610351562,4792.0
11.539999961853027,18.81999969482422,4793.0
11.520000457763672,18.760000228881836,4794.0
11.579999923706055,18.8799991607666,4795.0
11.479999542236328,18.899999618530273,4796.0
11.399999618530273,19.040000915527344,4797.0
11.5,18.920000076293945,4798.0
11.34000015258789,19.020000457763672,4799.0
11.600000381469727,19.020000457763672,4800.0
11.520000457763672,18.799999237060547,4801.0
11.619999885559082,18.860000610351562,4802.0
11.819999694824219,19.040000915527344,4803.0
11.460000038146973,19.059999465942383,4804.0
11.760000228881836,18.84000015258789,4805.0
11.84000015258789,18.920000076293945,4806.0
11.84000015258789,19.079999923706055,4807.0
11.539999961853027,19.040000915527344,4808.0
11.5,18.860000610351562,4809.0
11.359999656677246,19.100000381469727,4810.0
11.460000038146973,18.940000534057617,4811.0
11.699999809265137,19.15999984741211,4812.0
11.5600004196167,18.899999618530273,4813.0
11.739999771118164,19.079999923706055,4814.0
11.65999984741211,19.18000030517578,4815.0
11.680000305175781,19.15999984741211,4816.0
11.600000381469727,18.899999618530273,4817.0
11.619999885559082,18.579999923706055,4818.0
11.640000343322754,18.760000228881836,4819.0
12.039999961853027,18.8799991607666,4820.0
11.760000228881836,18.81999969482422,4821.0
11.920000076293945,19.040000915527344,4822.0
11.960000038146973,18.799999237060547,4823.0
11.960000038146973,18.8799991607666,4824.0
12.180000305175781,18.780000686645508,4825.0
11.960000038146973,18.780000686645508,4826.0
12.100000381469727,18.84000015258789,4827.0
11.880000114440918,18.860000610351562,4828.0
12.119999885559082,18.899999618530273,4829.0
11.880000114440918,18.760000228881836,4830.0
11.960000038146973,18.799999237060547,4831.0
11.920000076293945,18.860000610351562,4832.0
12.0,18.860000610351562,4833.0
12.300000190734863,18.940000534057617,4834.0
12.279999732971191,18.920000076293945,4835.0
12.119999885559082,18.860000610351562,4836.0
12.279999732971191,18.8799991607666,4837.0
12.15999984741211,18.8799991607666,4838.0
12.079999923706055,18.920000076293945,4839.0
12.079999923706055,19.100000381469727,4840.0
11.739999771118164,18.959999084472656,4841.0
11.880000114440918,18.899999618530273,4842.0
11.720000267028809,18.860000610351562,4843.0
11.720000267028809,18.920000076293945,4844.0
11.880000114440918,18.940000534057617,4845.0
11.760000228881836,18.899999618530273,4846.0
11.699999809265137,18.860000610351562,4847.0
11.819999694824219,18.8799991607666,4848.0
10.65999984741211,18.81999969482422,4849.0
11.619999885559082,19.100000381469727,4850.0
11.180000305175781,18.920000076293945,4851.0
10.819999694824219,18.799999237060547,4852.0
10.100000381469727,18.780000686645508,4853.0
10.020000457763672,18.760000228881836,4854.0
11.260000228881836,18.81999969482422,4855.0
11.539999961853027,18.84000015258789,4856.0
11.079999923706055,18.799999237060547,4857.0
10.5,18.799999237060547,4858.0
11.619999885559082,18.780000686645508,4859.0
11.579999923706055,18.84000015258789,4860.0
11.520000457763672,18.860000610351562,4861.0
11.239999771118164,18.739999771118164,4862.0
10.720000267028809,18.780000686645508,4863.0
10.680000305175781,18.81999969482422,4864.0
10.779999732971191,19.0,4865.0
10.899999618530273,18.959999084472656,4866.0
11.079999923706055,18.959999084472656,4867.0
10.880000114440918,18.959999084472656,4868.0
11.140000343322754,19.100000381469727,4869.0
11.079999923706055,19.100000381469727,4870.0
11.039999961853027,18.940000534057617,4871.0
10.760000228881836,18.8799991607666,4872.0
10.920000076293945,18.84000015258789,4873.0
10.760000228881836,18.860000610351562,4874.0
10.880000114440918,18.81999969482422,4875.0
10.739999771118164,18.780000686645508,4876.0
10.760000228881836,18.799999237060547,4877.0
10.84000015258789,18.860000610351562,4878.0
10.800000190734863,18.84000015258789,4879.0
10.760000228881836,18.899999618530273,4880.0
10.84000015258789,18.940000534057617,4881.0
10.699999809265137,19.100000381469727,4882.0
10.800000190734863,18.719999313354492,4883.0
10.960000038146973,18.959999084472656,4884.0
10.979999542236328,19.079999923706055,4885.0
10.920000076293945,19.079999923706055,4886.0
10.960000038146973,18.760000228881836,4887.0
10.9399995803833,18.860000610351562,4888.0
11.079999923706055,18.860000610351562,4889.0
11.020000457763672,18.899999618530273,4890.0
11.0,18.739999771118164,4891.0
11.100000381469727,18.780000686645508,4892.0
11.100000381469727,18.860000610351562,4893.0
11.079999923706055,18.780000686645508,4894.0
11.300000190734863,18.84000015258789,4895.0
11.119999885559082,18.920000076293945,4896.0
11.359999656677246,18.8799991607666,4897.0
11.220000267028809,18.799999237060547,4898.0
11.100000381469727,18.860000610351562,4899.0
11.15999984741211,18.899999618530273,4900.0
11.119999885559082,18.799999237060547,4901.0
11.220000267028809,18.799999237060547,4902.0
11.140000343322754,18.81999969482422,4903.0
11.039999961853027,18.760000228881836,4904.0
11.079999923706055,18.8799991607666,4905.0
11.119999885559082,18.780000686645508,4906.0
11.180000305175781,18.739999771118164,4907.0
11.239999771118164,18.719999313354492,4908.0
11.15999984741211,18.579999923706055,4909.0
11.300000190734863,18.760000228881836,4910.0
11.319999694824219,18.799999237060547,4911.0
11.239999771118164,18.84000015258789,4912.0
11.15999984741211,18.68000030517578,4913.0
11.140000343322754,18.760000228881836,4914.0
11.079999923706055,18.920000076293945,4915.0
11.140000343322754,18.780000686645508,4916.0
11.180000305175781,18.739999771118164,4917.0
11.220000267028809,18.719999313354492,4918.0
11.15999984741211,18.799999237060547,4919.0
11.15999984741211,18.8799991607666,4920.0
11.180000305175781,18.920000076293945,4921.0
11.220000267028809,18.760000228881836,4922.0
11.15999984741211,18.780000686645508,4923.0
11.15999984741211,19.1200008392334,4924.0
11.239999771118164,19.100000381469727,4925.0
11.220000267028809,18.940000534057617,4926.0
11.380000114440918,19.0,4927.0
11.539999961853027,18.899999618530273,4928.0
11.420000076293945,18.940000534057617,4929.0
11.680000305175781,19.059999465942383,4930.0
11.539999961853027,18.940000534057617,4931.0
11.399999618530273,18.899999618530273,4932.0
11.640000343322754,18.84000015258789,4933.0
11.239999771118164,19.0,4934.0
11.479999542236328,18.8799991607666,4935.0
11.520000457763672,18.920000076293945,4936.0
11.399999618530273,19.260000228881836,4937.0
11.720000267028809,18.799999237060547,4938.0
11.760000228881836,18.81999969482422,4939.0
11.680000305175781,18.920000076293945,4940.0
11.720000267028809,18.899999618530273,4941.0
11.619999885559082,18.899999618530273,4942.0
11.5,18.780000686645508,4943.0
11.4399995803833,18.860000610351562,4944.0
11.479999542236328,18.799999237060547,4945.0
11.520000457763672,18.8799991607666,4946.0
11.399999618530273,18.959999084472656,4947.0
11.640000343322754,19.040000915527344,4948.0
11.760000228881836,19.18000030517578,4949.0
11.84000015258789,19.31999969482422,4950.0
11.819999694824219,19.139999389648438,4951.0
11.760000228881836,19.100000381469727,4952.0
11.899999618530273,19.100000381469727,4953.0
11.920000076293945,19.040000915527344,4954.0
12.199999809265137,18.8799991607666,4955.0
12.079999923706055,19.059999465942383,4956.0
12.039999961853027,18.860000610351562,4957.0
12.199999809265137,18.899999618530273,4958.0
11.920000076293945,19.1200008392334,4959.0
12.180000305175781,19.059999465942383,4960.0
11.600000381469727,18.860000610351562,4961.0
11.779999732971191,18.700000762939453,4962.0
11.859999656677246,18.540000915527344,4963.0
11.680000305175781,18.420000076293945,4964.0
11.859999656677246,18.479999542236328,4965.0
11.739999771118164,18.719999313354492,4966.0
11.359999656677246,18.780000686645508,4967.0
11.720000267028809,18.780000686645508,4968.0
11.359999656677246,18.780000686645508,4969.0
11.720000267028809,18.739999771118164,4970.0
11.720000267028809,18.68000030517578,4971.0
11.680000305175781,18.84000015258789,4972.0
11.399999618530273,18.760000228881836,4973.0
11.619999885559082,18.799999237060547,4974.0
11.600000381469727,18.979999542236328,4975.0
11.680000305175781,19.040000915527344,4976.0
11.579999923706055,18.920000076293945,4977.0
11.680000305175781,18.860000610351562,4978.0
11.65999984741211,18.899999618530273,4979.0
11.720000267028809,18.81999969482422,4980.0
11.65999984741211,18.940000534057617,4981.0
11.399999618530273,18.81999969482422,4982.0
11.600000381469727,18.780000686645508,4983.0
11.699999809265137,18.81999969482422,4984.0
11.84000015258789,18.68000030517578,4985.0
12.020000457763672,18.799999237060547,4986.0
12.079999923706055,18.81999969482422,4987.0
12.220000267028809,18.739999771118164,4988.0
12.15999984741211,18.8799991607666,4989.0
12.119999885559082,18.84000015258789,4990.0
12.520000457763672,18.860000610351562,4991.0
12.399999618530273,18.799999237060547,4992.0
12.359999656677246,18.799999237060547,4993.0
12.520000457763672,18.739999771118164,4994.0
12.239999771118164,18.65999984741211,4995.0
11.960000038146973,18.700000762939453,4996.0
12.199999809265137,18.739999771118164,4997.0
12.279999732971191,18.68000030517578,4998.0
12.199999809265137,18.899999618530273,4999.0
11.960000038146973,18.860000610351562,5000.0
12.039999961853027,18.8799991607666,5001.0
11.859999656677246,18.760000228881836,5002.0
11.760000228881836,18.540000915527344,5003.0
11.779999732971191,18.920000076293945,5004.0
11.960000038146973,19.15999984741211,5005.0
12.119999885559082,18.780000686645508,5006.0
12.220000267028809,19.200000762939453,5007.0
12.020000457763672,19.100000381469727,5008.0
12.020000457763672,19.059999465942383,5009.0
11.960000038146973,19.1200008392334,5010.0
11.699999809265137,18.860000610351562,5011.0
11.699999809265137,18.860000610351562,5012.0
11.65999984741211,19.139999389648438,5013.0
11.760000228881836,19.200000762939453,5014.0
11.899999618530273,18.940000534057617,5015.0
11.899999618530273,19.0,5016.0
12.119999885559082,19.260000228881836,5017.0
12.199999809265137,19.020000457763672,5018.0
12.5,18.959999084472656,5019.0
12.300000190734863,19.18000030517578,5020.0
12.239999771118164,19.239999771118164,5021.0
12.34000015258789,19.1200008392334,5022.0
12.100000381469727,19.079999923706055,5023.0
11.960000038146973,18.940000534057617,5024.0
11.5,19.18000030517578,5025.0
12.5,19.1200008392334,5026.0
12.5,19.079999923706055,5027.0
2.059999942779541,19.079999923706055,5028.0
13.020000457763672,19.079999923706055,5029.0
12.819999694824219,19.079999923706055,5030.0
17.940000534057617,19.15999984741211,5031.0
16.18000030517578,19.040000915527344,5032.0
1.7999999523162842,18.940000534057617,5033.0
14.180000305175781,19.040000915527344,5034.0
12.020000457763672,19.219999313354492,5035.0
11.899999618530273,18.920000076293945,5036.0
11.859999656677246,19.020000457763672,5037.0
11.699999809265137,18.940000534057617,5038.0
11.859999656677246,18.68000030517578,5039.0
11.9399995803833,18.780000686645508,5040.0
12.039999961853027,18.940000534057617,5041.0
12.239999771118164,18.979999542236328,5042.0
12.0,19.020000457763672,5043.0
12.15999984741211,18.84000015258789,5044.0
12.119999885559082,18.860000610351562,5045.0
11.600000381469727,18.959999084472656,5046.0
12.680000305175781,18.940000534057617,5047.0
12.640000343322754,19.079999923706055,5048.0
13.0,19.18000030517578,5049.0
13.039999961853027,19.219999313354492,5050.0
12.819999694824219,19.18000030517578,5051.0
12.84000015258789,19.219999313354492,5052.0
12.84000015258789,19.200000762939453,5053.0
12.420000076293945,19.139999389648438,5054.0
12.739999771118164,18.899999618530273,5055.0
12.34000015258789,18.860000610351562,5056.0
12.920000076293945,18.959999084472656,5057.0
18.459999084472656,19.100000381469727,5058.0
18.139999389648438,19.18000030517578,5059.0
18.239999771118164,19.1200008392334,5060.0
18.360000610351562,18.899999618530273,5061.0
18.399999618530273,19.15999984741211,5062.0
18.219999313354492,18.940000534057617,5063.0
18.260000228881836,18.8799991607666,5064.0
18.219999313354492,19.1200008392334,5065.0
18.260000228881836,19.15999984741211,5066.0
18.3799991607666,19.1200008392334,5067.0
18.6200008392334,19.219999313354492,5068.0
18.68000030517578,19.239999771118164,5069.0
18.3799991607666,19.31999969482422,5070.0
18.260000228881836,19.399999618530273,5071.0
18.020000457763672,19.559999465942383,5072.0
18.520000457763672,19.639999389648438,5073.0
18.739999771118164,19.559999465942383,5074.0
18.540000915527344,19.5,5075.0
18.65999984741211,19.3799991607666,5076.0
19.3799991607666,19.520000457763672,5077.0
19.360000610351562,19.479999542236328,5078.0
19.219999313354492,19.479999542236328,5079.0
19.440000534057617,19.540000915527344,5080.0
19.31999969482422,19.579999923706055,5081.0
19.440000534057617,19.31999969482422,5082.0
19.31999969482422,19.479999542236328,5083.0
19.219999313354492,19.459999084472656,5084.0
19.260000228881836,19.34000015258789,5085.0
19.219999313354492,19.459999084472656,5086.0
19.219999313354492,19.3799991607666,5087.0
18.739999771118164,19.299999237060547,5088.0
18.6200008392334,19.31999969482422,5089.0
18.579999923706055,19.479999542236328,5090.0
18.739999771118164,19.360000610351562,5091.0
18.479999542236328,19.34000015258789,5092.0
18.780000686645508,18.979999542236328,5093.0
18.579999923706055,19.040000915527344,5094.0
18.760000228881836,19.0,5095.0
11.899999618530273,19.1200008392334,5096.0
11.779999732971191,19.100000381469727,5097.0
11.520000457763672,19.1200008392334,5098.0
18.719999313354492,19.100000381469727,5099.0
18.260000228881836,19.139999389648438,5100.0
18.639999389648438,19.219999313354492,5101.0
18.299999237060547,19.15999984741211,5102.0
18.5,19.100000381469727,5103.0
18.5,19.3799991607666,5104.0
18.15999984741211,18.479999542236328,5105.0
18.260000228881836,90.83999633789062,5106.0
17.84000015258789,90.86000061035156,5107.0
17.639999389648438,18.940000534057617,5108.0
17.700000762939453,18.860000610351562,5109.0
17.540000915527344,19.020000457763672,5110.0
3.680000066757202,18.920000076293945,5111.0
0.0,18.860000610351562,5112.0
18.579999923706055,18.920000076293945,5113.0
3.2799999713897705,18.899999618530273,5114.0
19.219999313354492,19.18000030517578,5115.0
19.059999465942383,19.239999771118164,5116.0
19.059999465942383,19.360000610351562,5117.0
19.219999313354492,19.459999084472656,5118.0
19.239999771118164,19.420000076293945,5119.0
19.059999465942383,19.239999771118164,5120.0
19.15999984741211,19.420000076293945,5121.0
15.600000381469727,19.31999969482422,5122.0
15.020000457763672,19.360000610351562,5123.0
15.579999923706055,19.440000534057617,5124.0
15.15999984741211,19.399999618530273,5125.0
15.479999542236328,19.18000030517578,5126.0
15.699999809265137,19.100000381469727,5127.0
15.979999542236328,19.100000381469727,5128.0
17.739999771118164,19.100000381469727,5129.0
17.31999969482422,19.139999389648438,5130.0
17.459999084472656,19.059999465942383,5131.0
17.31999969482422,19.399999618530273,5132.0
17.299999237060547,19.520000457763672,5133.0
18.899999618530273,19.559999465942383,5134.0
17.459999084472656,19.260000228881836,5135.0
18.1200008392334,19.079999923706055,5136.0
17.3799991607666,19.299999237060547,5137.0
18.420000076293945,19.100000381469727,5138.0
17.420000076293945,19.34000015258789,5139.0
16.84000015258789,19.5,5140.0
16.18000030517578,19.399999618530273,5141.0
19.3799991607666,19.579999923706055,5142.0
15.539999961853027,19.5,5143.0
15.5,19.579999923706055,5144.0
15.359999656677246,19.420000076293945,5145.0
14.979999542236328,19.399999618530273,5146.0
15.579999923706055,19.399999618530273,5147.0
19.219999313354492,19.459999084472656,5148.0
15.920000076293945,19.34000015258789,5149.0
15.859999656677246,19.459999084472656,5150.0
16.520000457763672,19.5,5151.0
15.960000038146973,19.440000534057617,5152.0
19.100000381469727,19.399999618530273,5153.0
19.440000534057617,19.719999313354492,5154.0
19.260000228881836,19.639999389648438,5155.0
18.899999618530273,19.65999984741211,5156.0
18.81999969482422,19.420000076293945,5157.0
19.219999313354492,19.459999084472656,5158.0
19.219999313354492,19.18000030517578,5159.0
18.780000686645508,18.700000762939453,5160.0
18.959999084472656,19.020000457763672,5161.0
18.860000610351562,19.100000381469727,5162.0
18.899999618530273,19.18000030517578,5163.0
18.739999771118164,19.18000030517578,5164.0
17.940000534057617,19.600000381469727,5165.0
18.899999618530273,19.6200008392334,5166.0
18.420000076293945,19.739999771118164,5167.0
19.260000228881836,19.920000076293945,5168.0
19.31999969482422,20.239999771118164,5169.0
17.84000015258789,19.6200008392334,5170.0
19.18000030517578,19.799999237060547,5171.0
19.059999465942383,19.780000686645508,5172.0
18.15999984741211,19.700000762939453,5173.0
18.739999771118164,19.219999313354492,5174.0
18.899999618530273,19.020000457763672,5175.0
18.81999969482422,19.219999313354492,5176.0
18.899999618530273,19.260000228881836,5177.0
17.360000610351562,19.139999389648438,5178.0
17.360000610351562,19.34000015258789,5179.0
17.360000610351562,19.299999237060547,5180.0
18.739999771118164,19.15999984741211,5181.0
19.139999389648438,19.059999465942383,5182.0
18.600000381469727,19.3799991607666,5183.0
18.920000076293945,19.100000381469727,5184.0
19.059999465942383,19.219999313354492,5185.0
17.059999465942383,19.139999389648438,5186.0
16.940000534057617,19.360000610351562,5187.0
16.81999969482422,19.0,5188.0
16.860000610351562,19.299999237060547,5189.0
17.299999237060547,19.200000762939453,5190.0
17.059999465942383,19.219999313354492,5191.0
17.0,19.139999389648438,5192.0
14.100000381469727,19.18000030517578,5193.0
17.459999084472656,19.18000030517578,5194.0
13.920000076293945,19.059999465942383,5195.0
13.619999885559082,19.040000915527344,5196.0
13.779999732971191,19.1200008392334,5197.0
13.619999885559082,19.18000030517578,5198.0
13.420000076293945,19.360000610351562,5199.0
17.0,19.360000610351562,5200.0
13.699999809265137,19.34000015258789,5201.0
13.239999771118164,19.219999313354492,5202.0
13.140000343322754,19.260000228881836,5203.0
13.079999923706055,19.3799991607666,5204.0
13.079999923706055,19.3799991607666,5205.0
12.819999694824219,19.520000457763672,5206.0
12.979999542236328,19.260000228881836,5207.0
13.079999923706055,19.360000610351562,5208.0
13.020000457763672,19.239999771118164,5209.0
13.079999923706055,19.260000228881836,5210.0
13.460000038146973,19.219999313354492,5211.0
13.199999809265137,19.200000762939453,5212.0
13.520000457763672,19.34000015258789,5213.0
13.460000038146973,19.200000762939453,5214.0
13.279999732971191,18.8799991607666,5215.0
13.039999961853027,19.299999237060547,5216.0
13.65999984741211,19.440000534057617,5217.0
13.880000114440918,19.079999923706055,5218.0
13.880000114440918,19.219999313354492,5219.0
14.100000381469727,19.059999465942383,5220.0
13.800000190734863,19.0,5221.0
13.9399995803833,18.899999618530273,5222.0
13.960000038146973,18.920000076293945,5223.0
18.739999771118164,18.979999542236328,5224.0
18.639999389648438,19.100000381469727,5225.0
14.420000076293945,19.239999771118164,5226.0
13.800000190734863,19.299999237060547,5227.0
11.9399995803833,19.280000686645508,5228.0
13.800000190734863,19.399999618530273,5229.0
12.020000457763672,19.280000686645508,5230.0
11.859999656677246,19.34000015258789,5231.0
11.859999656677246,19.239999771118164,5232.0
11.819999694824219,19.18000030517578,5233.0
11.859999656677246,19.139999389648438,5234.0
12.079999923706055,19.200000762939453,5235.0
12.079999923706055,19.280000686645508,5236.0
12.300000190734863,19.18000030517578,5237.0
12.119999885559082,19.34000015258789,5238.0
14.460000038146973,19.34000015258789,5239.0
12.380000114440918,19.200000762939453,5240.0
12.420000076293945,19.280000686645508,5241.0
12.65999984741211,19.219999313354492,5242.0
12.479999542236328,19.239999771118164,5243.0
12.579999923706055,19.360000610351562,5244.0
12.34000015258789,19.440000534057617,5245.0
13.300000190734863,19.34000015258789,5246.0
13.380000114440918,19.360000610351562,5247.0
14.260000228881836,19.520000457763672,5248.0
14.979999542236328,19.559999465942383,5249.0
14.020000457763672,19.299999237060547,5250.0
14.279999732971191,19.360000610351562,5251.0
14.260000228881836,19.200000762939453,5252.0
14.380000114440918,19.34000015258789,5253.0
14.520000457763672,19.299999237060547,5254.0
14.760000228881836,19.559999465942383,5255.0
14.65999984741211,19.399999618530273,5256.0
14.600000381469727,19.520000457763672,5257.0
14.119999885559082,19.68000030517578,5258.0
13.260000228881836,19.959999084472656,5259.0
12.899999618530273,19.3799991607666,5260.0
13.119999885559082,19.420000076293945,5261.0
12.65999984741211,19.34000015258789,5262.0
12.920000076293945,19.399999618530273,5263.0
12.819999694824219,19.059999465942383,5264.0
12.979999542236328,19.399999618530273,5265.0
12.899999618530273,19.360000610351562,5266.0
14.100000381469727,19.520000457763672,5267.0
13.020000457763672,19.239999771118164,5268.0
13.0600004196167,19.100000381469727,5269.0
13.0600004196167,19.219999313354492,5270.0
12.899999618530273,19.700000762939453,5271.0
12.600000381469727,19.34000015258789,5272.0
13.15999984741211,19.260000228881836,5273.0
12.800000190734863,19.31999969482422,5274.0
13.960000038146973,19.5,5275.0
12.680000305175781,19.239999771118164,5276.0
12.779999732971191,19.6200008392334,5277.0
12.699999809265137,19.520000457763672,5278.0
12.640000343322754,19.6200008392334,5279.0
13.039999961853027,19.719999313354492,5280.0
13.0,19.520000457763672,5281.0
12.960000038146973,19.799999237060547,5282.0
13.140000343322754,19.559999465942383,5283.0
13.039999961853027,19.219999313354492,5284.0
13.15999984741211,19.459999084472656,5285.0
13.140000343322754,19.600000381469727,5286.0
13.180000305175781,19.459999084472656,5287.0
13.220000267028809,19.559999465942383,5288.0
13.020000457763672,19.34000015258789,5289.0
12.9399995803833,19.559999465942383,5290.0
16.459999084472656,19.700000762939453,5291.0
12.960000038146973,19.719999313354492,5292.0
13.199999809265137,19.6200008392334,5293.0
13.520000457763672,19.719999313354492,5294.0
13.0600004196167,19.700000762939453,5295.0
13.100000381469727,20.0,5296.0
13.039999961853027,19.700000762939453,5297.0
13.039999961853027,19.700000762939453,5298.0
13.199999809265137,19.600000381469727,5299.0
13.140000343322754,19.700000762939453,5300.0
13.220000267028809,19.639999389648438,5301.0
12.920000076293945,19.760000228881836,5302.0
13.34000015258789,19.739999771118164,5303.0
13.600000381469727,19.540000915527344,5304.0
13.739999771118164,19.6200008392334,5305.0
13.880000114440918,19.559999465942383,5306.0
13.640000343322754,19.520000457763672,5307.0
13.199999809265137,19.5,5308.0
13.279999732971191,19.520000457763672,5309.0
13.079999923706055,19.81999969482422,5310.0
13.0,19.639999389648438,5311.0
12.760000228881836,19.65999984741211,5312.0
12.779999732971191,19.739999771118164,5313.0
12.920000076293945,19.579999923706055,5314.0
12.960000038146973,19.5,5315.0
12.579999923706055,19.440000534057617,5316.0
12.119999885559082,19.420000076293945,5317.0
11.399999618530273,19.420000076293945,5318.0
11.460000038146973,19.3799991607666,5319.0
11.619999885559082,19.260000228881836,5320.0
11.880000114440918,19.34000015258789,5321.0
11.859999656677246,19.34000015258789,5322.0
11.539999961853027,19.200000762939453,5323.0
11.960000038146973,19.200000762939453,5324.0
11.920000076293945,19.059999465942383,5325.0
12.220000267028809,19.239999771118164,5326.0
11.739999771118164,18.440000534057617,5327.0
11.760000228881836,18.920000076293945,5328.0
11.65999984741211,19.280000686645508,5329.0
11.760000228881836,19.200000762939453,5330.0
11.680000305175781,19.200000762939453,5331.0
11.800000190734863,19.299999237060547,5332.0
11.680000305175781,19.1200008392334,5333.0
11.600000381469727,19.1200008392334,5334.0
11.760000228881836,19.260000228881836,5335.0
11.5600004196167,19.15999984741211,5336.0
11.5600004196167,19.219999313354492,5337.0
11.779999732971191,18.959999084472656,5338.0
11.640000343322754,18.65999984741211,5339.0
11.880000114440918,18.639999389648438,5340.0
11.739999771118164,18.559999465942383,5341.0
12.0,18.700000762939453,5342.0
12.199999809265137,19.239999771118164,5343.0
12.239999771118164,19.239999771118164,5344.0
12.0600004196167,19.360000610351562,5345.0
11.920000076293945,19.399999618530273,5346.0
12.079999923706055,19.459999084472656,5347.0
12.180000305175781,19.399999618530273,5348.0
12.119999885559082,19.459999084472656,5349.0
12.100000381469727,19.260000228881836,5350.0
11.979999542236328,19.520000457763672,5351.0
11.979999542236328,19.520000457763672,5352.0
11.9399995803833,19.559999465942383,5353.0
12.0600004196167,19.360000610351562,5354.0
12.140000343322754,19.399999618530273,5355.0
12.0600004196167,19.239999771118164,5356.0
12.140000343322754,19.200000762939453,5357.0
12.15999984741211,19.260000228881836,5358.0
12.180000305175781,19.280000686645508,5359.0
12.15999984741211,19.399999618530273,5360.0
12.15999984741211,19.399999618530273,5361.0
12.119999885559082,19.420000076293945,5362.0
12.079999923706055,19.34000015258789,5363.0
12.100000381469727,19.440000534057617,5364.0
12.119999885559082,19.440000534057617,5365.0
12.079999923706055,19.399999618530273,5366.0
12.34000015258789,19.31999969482422,5367.0
12.300000190734863,19.559999465942383,5368.0
12.5,19.399999618530273,5369.0
12.260000228881836,19.399999618530273,5370.0
12.15999984741211,19.420000076293945,5371.0
12.0600004196167,19.5,5372.0
12.039999961853027,19.440000534057617,5373.0
12.039999961853027,19.479999542236328,5374.0
12.300000190734863,19.440000534057617,5375.0
11.920000076293945,19.520000457763672,5376.0
11.979999542236328,19.520000457763672,5377.0
12.0600004196167,19.579999923706055,5378.0
12.220000267028809,19.479999542236328,5379.0
12.300000190734863,19.540000915527344,5380.0
12.300000190734863,19.399999618530273,5381.0
12.359999656677246,19.440000534057617,5382.0
12.420000076293945,19.579999923706055,5383.0
12.279999732971191,19.1200008392334,5384.0
12.380000114440918,18.979999542236328,5385.0
12.380000114440918,19.139999389648438,5386.0
12.460000038146973,19.219999313354492,5387.0
12.399999618530273,19.139999389648438,5388.0
12.079999923706055,19.399999618530273,5389.0
12.020000457763672,19.5,5390.0
11.4399995803833,19.399999618530273,5391.0
11.680000305175781,19.420000076293945,5392.0
11.899999618530273,19.520000457763672,5393.0
11.680000305175781,19.6200008392334,5394.0
11.760000228881836,19.139999389648438,5395.0
11.600000381469727,19.479999542236328,5396.0
11.600000381469727,19.200000762939453,5397.0
11.84000015258789,19.280000686645508,5398.0
11.880000114440918,19.239999771118164,5399.0
11.920000076293945,19.260000228881836,5400.0
12.15999984741211,19.18000030517578,5401.0
12.039999961853027,19.18000030517578,5402.0
12.039999961853027,19.31999969482422,5403.0
12.460000038146973,19.559999465942383,5404.0
12.0600004196167,19.299999237060547,5405.0
12.140000343322754,19.260000228881836,5406.0
12.15999984741211,19.3799991607666,5407.0
12.140000343322754,19.34000015258789,5408.0
12.15999984741211,19.600000381469727,5409.0
12.039999961853027,19.559999465942383,5410.0
11.960000038146973,19.559999465942383,5411.0
11.859999656677246,19.559999465942383,5412.0
11.779999732971191,19.459999084472656,5413.0
11.9399995803833,19.559999465942383,5414.0
11.960000038146973,19.579999923706055,5415.0
11.899999618530273,19.579999923706055,5416.0
11.859999656677246,19.540000915527344,5417.0
11.800000190734863,19.600000381469727,5418.0
11.880000114440918,19.639999389648438,5419.0
12.100000381469727,19.600000381469727,5420.0
11.9399995803833,19.600000381469727,5421.0
12.220000267028809,19.579999923706055,5422.0
11.920000076293945,19.520000457763672,5423.0
11.979999542236328,19.440000534057617,5424.0
11.720000267028809,19.200000762939453,5425.0
11.800000190734863,19.219999313354492,5426.0
11.899999618530273,19.520000457763672,5427.0
11.979999542236328,19.579999923706055,5428.0
11.920000076293945,19.600000381469727,5429.0
11.899999618530273,19.559999465942383,5430.0
11.920000076293945,19.440000534057617,5431.0
12.779999732971191,19.579999923706055,5432.0
12.0,19.520000457763672,5433.0
11.880000114440918,19.559999465942383,5434.0
11.920000076293945,19.399999618530273,5435.0
12.4399995803833,19.520000457763672,5436.0
12.180000305175781,19.559999465942383,5437.0
12.479999542236328,19.579999923706055,5438.0
12.279999732971191,19.639999389648438,5439.0
12.460000038146973,19.559999465942383,5440.0
12.359999656677246,19.579999923706055,5441.0
12.5600004196167,19.520000457763672,5442.0
12.520000457763672,19.479999542236328,5443.0
12.520000457763672,19.459999084472656,5444.0
12.100000381469727,19.540000915527344,5445.0
12.399999618530273,19.459999084472656,5446.0
11.5600004196167,19.579999923706055,5447.0
11.579999923706055,19.6200008392334,5448.0
11.380000114440918,18.8799991607666,5449.0
11.399999618530273,19.059999465942383,5450.0
11.399999618530273,19.219999313354492,5451.0
11.420000076293945,19.399999618530273,5452.0
11.4399995803833,19.459999084472656,5453.0
11.479999542236328,19.31999969482422,5454.0
11.680000305175781,19.420000076293945,5455.0
11.65999984741211,19.639999389648438,5456.0
11.84000015258789,19.31999969482422,5457.0
12.119999885559082,19.5,5458.0
12.300000190734863,19.559999465942383,5459.0
12.319999694824219,19.520000457763672,5460.0
12.380000114440918,19.540000915527344,5461.0
12.460000038146973,19.520000457763672,5462.0
12.359999656677246,19.540000915527344,5463.0
12.359999656677246,19.559999465942383,5464.0
12.279999732971191,19.600000381469727,5465.0
12.300000190734863,19.780000686645508,5466.0
12.300000190734863,19.559999465942383,5467.0
11.979999542236328,19.760000228881836,5468.0
11.760000228881836,19.6200008392334,5469.0
11.65999984741211,19.600000381469727,5470.0
11.5600004196167,19.520000457763672,5471.0
11.760000228881836,19.3799991607666,5472.0
11.880000114440918,19.1200008392334,5473.0
11.800000190734863,19.440000534057617,5474.0
11.739999771118164,19.31999969482422,5475.0
11.619999885559082,19.3799991607666,5476.0
11.720000267028809,19.520000457763672,5477.0
12.020000457763672,19.420000076293945,5478.0
11.920000076293945,19.5,5479.0
11.84000015258789,19.559999465942383,5480.0
11.720000267028809,19.399999618530273,5481.0
11.859999656677246,19.639999389648438,5482.0
11.9399995803833,19.65999984741211,5483.0
11.880000114440918,19.559999465942383,5484.0
11.680000305175781,19.5,5485.0
12.079999923706055,19.31999969482422,5486.0
11.899999618530273,19.280000686645508,5487.0
11.800000190734863,19.280000686645508,5488.0
11.960000038146973,19.440000534057617,5489.0
11.800000190734863,19.5,5490.0
11.859999656677246,19.579999923706055,5491.0
11.5600004196167,19.6200008392334,5492.0
11.699999809265137,19.600000381469727,5493.0
11.800000190734863,19.6200008392334,5494.0
11.699999809265137,19.600000381469727,5495.0
11.880000114440918,19.520000457763672,5496.0
11.899999618530273,19.440000534057617,5497.0
11.899999618530273,19.440000534057617,5498.0
11.460000038146973,19.65999984741211,5499.0
11.920000076293945,19.559999465942383,5500.0
11.539999961853027,19.440000534057617,5501.0
11.520000457763672,19.520000457763672,5502.0
11.479999542236328,19.5,5503.0
11.300000190734863,19.239999771118164,5504.0
11.220000267028809,19.559999465942383,5505.0
11.220000267028809,19.6200008392334,5506.0
11.260000228881836,19.31999969482422,5507.0
11.220000267028809,19.579999923706055,5508.0
11.34000015258789,19.420000076293945,5509.0
11.319999694824219,19.139999389648438,5510.0
11.399999618530273,19.139999389648438,5511.0
11.460000038146973,18.799999237060547,5512.0
11.520000457763672,19.100000381469727,5513.0
11.479999542236328,19.219999313354492,5514.0
11.479999542236328,19.280000686645508,5515.0
11.5600004196167,19.299999237060547,5516.0
11.479999542236328,19.18000030517578,5517.0
11.979999542236328,18.780000686645508,5518.0
11.779999732971191,19.0,5519.0
11.859999656677246,18.920000076293945,5520.0
11.979999542236328,19.100000381469727,5521.0
12.420000076293945,19.420000076293945,5522.0
12.319999694824219,19.079999923706055,5523.0
12.199999809265137,19.420000076293945,5524.0
12.199999809265137,19.600000381469727,5525.0
12.140000343322754,19.020000457763672,5526.0
11.859999656677246,19.34000015258789,5527.0
12.039999961853027,19.299999237060547,5528.0
12.020000457763672,19.059999465942383,5529.0
11.859999656677246,19.239999771118164,5530.0
11.9399995803833,19.239999771118164,5531.0
11.779999732971191,19.559999465942383,5532.0
11.4399995803833,19.639999389648438,5533.0
11.479999542236328,19.5,5534.0
11.359999656677246,19.559999465942383,5535.0
10.699999809265137,19.360000610351562,5536.0
10.960000038146973,19.239999771118164,5537.0
11.460000038146973,19.540000915527344,5538.0
11.699999809265137,19.3799991607666,5539.0
11.760000228881836,19.399999618530273,5540.0
11.859999656677246,19.5,5541.0
11.739999771118164,19.3799991607666,5542.0
11.5600004196167,19.559999465942383,5543.0
11.5600004196167,19.31999969482422,5544.0
11.539999961853027,19.260000228881836,5545.0
11.520000457763672,19.219999313354492,5546.0
12.020000457763672,19.219999313354492,5547.0
11.720000267028809,19.3799991607666,5548.0
11.539999961853027,19.520000457763672,5549.0
11.619999885559082,19.440000534057617,5550.0
11.34000015258789,19.719999313354492,5551.0
11.460000038146973,19.799999237060547,5552.0
12.020000457763672,19.81999969482422,5553.0
11.539999961853027,19.520000457763672,5554.0
11.5,19.31999969482422,5555.0
11.84000015258789,19.440000534057617,5556.0
11.100000381469727,19.65999984741211,5557.0
11.15999984741211,19.600000381469727,5558.0
11.520000457763672,19.639999389648438,5559.0
11.65999984741211,19.260000228881836,5560.0
11.520000457763672,19.6200008392334,5561.0
11.880000114440918,19.520000457763672,5562.0
11.880000114440918,19.600000381469727,5563.0
11.819999694824219,19.479999542236328,5564.0
11.800000190734863,19.420000076293945,5565.0
11.779999732971191,19.360000610351562,5566.0
11.800000190734863,19.239999771118164,5567.0
11.960000038146973,19.479999542236328,5568.0
11.420000076293945,19.540000915527344,5569.0
11.34000015258789,19.600000381469727,5570.0
11.319999694824219,19.600000381469727,5571.0
11.199999809265137,19.600000381469727,5572.0
11.199999809265137,19.520000457763672,5573.0
11.319999694824219,19.5,5574.0
11.239999771118164,19.559999465942383,5575.0
11.399999618530273,19.559999465942383,5576.0
11.399999618530273,19.65999984741211,5577.0
11.239999771118164,19.719999313354492,5578.0
11.199999809265137,19.239999771118164,5579.0
11.279999732971191,19.420000076293945,5580.0
11.079999923706055,19.440000534057617,5581.0
11.0600004196167,19.299999237060547,5582.0
10.739999771118164,19.200000762939453,5583.0
10.880000114440918,19.18000030517578,5584.0
10.9399995803833,19.520000457763672,5585.0
12.260000228881836,19.600000381469727,5586.0
12.579999923706055,19.520000457763672,5587.0
12.579999923706055,19.479999542236328,5588.0
12.5,19.540000915527344,5589.0
12.5,19.65999984741211,5590.0
12.579999923706055,19.860000610351562,5591.0
12.460000038146973,19.600000381469727,5592.0
12.699999809265137,19.639999389648438,5593.0
13.0600004196167,19.780000686645508,5594.0
12.9399995803833,19.799999237060547,5595.0
11.65999984741211,19.719999313354492,5596.0
12.180000305175781,19.700000762939453,5597.0
11.859999656677246,19.34000015258789,5598.0
10.84000015258789,19.34000015258789,5599.0
9.779999732971191,19.3799991607666,5600.0
12.239999771118164,19.81999969482422,5601.0
12.84000015258789,19.81999969482422,5602.0
12.399999618530273,18.8799991607666,5603.0
11.859999656677246,19.219999313354492,5604.0
12.279999732971191,19.540000915527344,5605.0
12.279999732971191,19.3799991607666,5606.0
12.180000305175781,19.799999237060547,5607.0
11.65999984741211,19.540000915527344,5608.0
11.800000190734863,19.760000228881836,5609.0
11.4399995803833,19.760000228881836,5610.0
11.960000038146973,19.799999237060547,5611.0
11.880000114440918,19.6200008392334,5612.0
11.899999618530273,19.780000686645508,5613.0
11.520000457763672,19.420000076293945,5614.0
11.600000381469727,19.81999969482422,5615.0
11.65999984741211,19.979999542236328,5616.0
11.680000305175781,19.780000686645508,5617.0
11.819999694824219,19.6200008392334,5618.0
11.920000076293945,20.020000457763672,5619.0
11.859999656677246,19.84000015258789,5620.0
11.960000038146973,19.979999542236328,5621.0
12.220000267028809,19.940000534057617,5622.0
12.100000381469727,19.6200008392334,5623.0
12.220000267028809,19.700000762939453,5624.0
11.779999732971191,19.6200008392334,5625.0
12.119999885559082,19.700000762939453,5626.0
12.800000190734863,19.559999465942383,5627.0
12.15999984741211,19.739999771118164,5628.0
12.84000015258789,19.81999969482422,5629.0
12.279999732971191,19.739999771118164,5630.0
12.300000190734863,19.600000381469727,5631.0
12.479999542236328,19.65999984741211,5632.0
12.399999618530273,19.780000686645508,5633.0
12.380000114440918,19.780000686645508,5634.0
12.800000190734863,19.65999984741211,5635.0
12.460000038146973,19.6200008392334,5636.0
13.380000114440918,19.81999969482422,5637.0
13.319999694824219,19.780000686645508,5638.0
12.220000267028809,19.780000686645508,5639.0
12.220000267028809,19.760000228881836,5640.0
11.920000076293945,19.8799991607666,5641.0
12.220000267028809,19.719999313354492,5642.0
12.119999885559082,19.719999313354492,5643.0
12.0,19.700000762939453,5644.0
12.739999771118164,19.34000015258789,5645.0
12.079999923706055,19.799999237060547,5646.0
12.220000267028809,19.540000915527344,5647.0
12.140000343322754,19.8799991607666,5648.0
11.779999732971191,19.760000228881836,5649.0
11.979999542236328,19.760000228881836,5650.0
12.020000457763672,19.639999389648438,5651.0
12.0600004196167,19.559999465942383,5652.0
12.100000381469727,19.760000228881836,5653.0
12.100000381469727,19.860000610351562,5654.0
12.199999809265137,19.719999313354492,5655.0
12.15999984741211,19.540000915527344,5656.0
12.119999885559082,19.760000228881836,5657.0
12.140000343322754,19.3799991607666,5658.0
11.84000015258789,19.420000076293945,5659.0
11.979999542236328,19.68000030517578,5660.0
11.9399995803833,19.780000686645508,5661.0
11.859999656677246,19.700000762939453,5662.0
11.859999656677246,19.760000228881836,5663.0
11.899999618530273,19.540000915527344,5664.0
12.140000343322754,19.739999771118164,5665.0
12.260000228881836,19.780000686645508,5666.0
12.319999694824219,19.81999969482422,5667.0
12.34000015258789,19.700000762939453,5668.0
12.239999771118164,19.65999984741211,5669.0
12.300000190734863,19.81999969482422,5670.0
12.119999885559082,19.6200008392334,5671.0
12.239999771118164,19.760000228881836,5672.0
12.039999961853027,19.719999313354492,5673.0
12.260000228881836,19.459999084472656,5674.0
12.020000457763672,19.719999313354492,5675.0
12.15999984741211,19.68000030517578,5676.0
11.859999656677246,19.719999313354492,5677.0
12.039999961853027,19.760000228881836,5678.0
11.739999771118164,19.8799991607666,5679.0
11.84000015258789,19.81999969482422,5680.0
11.880000114440918,19.700000762939453,5681.0
11.960000038146973,19.719999313354492,5682.0
11.9399995803833,19.760000228881836,5683.0
11.979999542236328,19.5,5684.0
11.920000076293945,19.81999969482422,5685.0
12.020000457763672,19.780000686645508,5686.0
12.020000457763672,19.899999618530273,5687.0
12.039999961853027,19.760000228881836,5688.0
12.199999809265137,19.780000686645508,5689.0
12.279999732971191,19.700000762939453,5690.0
12.260000228881836,19.8799991607666,5691.0
12.359999656677246,19.799999237060547,5692.0
12.0600004196167,19.84000015258789,5693.0
12.34000015258789,19.739999771118164,5694.0
12.34000015258789,19.559999465942383,5695.0
12.279999732971191,19.459999084472656,5696.0
12.399999618530273,19.540000915527344,5697.0
12.319999694824219,19.799999237060547,5698.0
12.239999771118164,19.940000534057617,5699.0
12.279999732971191,19.81999969482422,5700.0
12.199999809265137,19.639999389648438,5701.0
12.199999809265137,19.700000762939453,5702.0
11.960000038146973,19.600000381469727,5703.0
11.899999618530273,19.600000381469727,5704.0
11.979999542236328,19.6200008392334,5705.0
11.9399995803833,19.780000686645508,5706.0
12.279999732971191,19.799999237060547,5707.0
12.039999961853027,19.860000610351562,5708.0
12.239999771118164,19.68000030517578,5709.0
12.380000114440918,19.780000686645508,5710.0
12.119999885559082,19.81999969482422,5711.0
12.0,19.799999237060547,5712.0
11.4399995803833,19.639999389648438,5713.0
11.920000076293945,19.700000762939453,5714.0
11.5600004196167,19.559999465942383,5715.0
11.5600004196167,19.520000457763672,5716.0
11.680000305175781,19.700000762939453,5717.0
11.920000076293945,19.700000762939453,5718.0
11.720000267028809,19.780000686645508,5719.0
11.920000076293945,19.940000534057617,5720.0
11.520000457763672,19.940000534057617,5721.0
11.5,19.84000015258789,5722.0
11.5,19.860000610351562,5723.0
11.739999771118164,19.899999618530273,5724.0
11.739999771118164,19.940000534057617,5725.0
11.4399995803833,19.940000534057617,5726.0
11.779999732971191,19.959999084472656,5727.0
11.779999732971191,19.920000076293945,5728.0
11.920000076293945,20.079999923706055,5729.0
11.640000343322754,19.860000610351562,5730.0
11.819999694824219,19.84000015258789,5731.0
11.5600004196167,19.860000610351562,5732.0
11.899999618530273,19.920000076293945,5733.0
11.720000267028809,19.860000610351562,5734.0
12.140000343322754,19.860000610351562,5735.0
12.220000267028809,20.079999923706055,5736.0
12.380000114440918,20.1200008392334,5737.0
12.399999618530273,20.0,5738.0
12.239999771118164,19.979999542236328,5739.0
12.420000076293945,19.940000534057617,5740.0
12.100000381469727,19.8799991607666,5741.0
12.119999885559082,20.040000915527344,5742.0
12.199999809265137,20.059999465942383,5743.0
11.9399995803833,19.920000076293945,5744.0
12.199999809265137,19.8799991607666,5745.0
12.039999961853027,19.520000457763672,5746.0
12.079999923706055,19.8799991607666,5747.0
12.239999771118164,20.040000915527344,5748.0
12.34000015258789,19.8799991607666,5749.0
12.239999771118164,20.059999465942383,5750.0
12.220000267028809,19.8799991607666,5751.0
12.34000015258789,19.799999237060547,5752.0
12.239999771118164,19.719999313354492,5753.0
12.319999694824219,19.579999923706055,5754.0
12.180000305175781,19.65999984741211,5755.0
12.34000015258789,19.540000915527344,5756.0
12.079999923706055,19.860000610351562,5757.0
11.920000076293945,20.020000457763672,5758.0
12.199999809265137,20.020000457763672,5759.0
12.0600004196167,20.0,5760.0
12.140000343322754,20.079999923706055,5761.0
11.640000343322754,20.100000381469727,5762.0
11.760000228881836,20.040000915527344,5763.0
11.800000190734863,20.079999923706055,5764.0
11.880000114440918,20.059999465942383,5765.0
11.960000038146973,19.959999084472656,5766.0
12.15999984741211,19.8799991607666,5767.0
11.920000076293945,19.8799991607666,5768.0
11.899999618530273,19.979999542236328,5769.0
11.979999542236328,19.920000076293945,5770.0
12.079999923706055,19.920000076293945,5771.0
12.0,19.979999542236328,5772.0
12.039999961853027,19.920000076293945,5773.0
12.15999984741211,19.959999084472656,5774.0
12.220000267028809,19.84000015258789,5775.0
12.199999809265137,20.0,5776.0
12.319999694824219,19.81999969482422,5777.0
12.0,19.81999969482422,5778.0
12.0600004196167,19.84000015258789,5779.0
12.079999923706055,19.920000076293945,5780.0
12.180000305175781,19.959999084472656,5781.0
12.199999809265137,19.8799991607666,5782.0
12.239999771118164,19.8799991607666,5783.0
12.260000228881836,19.899999618530273,5784.0
12.260000228881836,20.020000457763672,5785.0
12.279999732971191,19.65999984741211,5786.0
12.199999809265137,20.040000915527344,5787.0
12.180000305175781,19.239999771118164,5788.0
11.9399995803833,19.84000015258789,5789.0
12.0600004196167,19.520000457763672,5790.0
12.020000457763672,19.84000015258789,5791.0
11.9399995803833,19.780000686645508,5792.0
11.859999656677246,19.600000381469727,5793.0
11.859999656677246,19.3799991607666,5794.0
11.779999732971191,19.979999542236328,5795.0
11.479999542236328,19.860000610351562,5796.0
11.760000228881836,20.059999465942383,5797.0
11.739999771118164,20.100000381469727,5798.0
11.600000381469727,20.0,5799.0
11.699999809265137,20.1200008392334,5800.0
11.760000228881836,19.959999084472656,5801.0
11.880000114440918,20.15999984741211,5802.0
11.760000228881836,19.940000534057617,5803.0
12.0,20.100000381469727,5804.0
11.859999656677246,20.34000015258789,5805.0
11.880000114440918,20.239999771118164,5806.0
11.760000228881836,20.079999923706055,5807.0
11.720000267028809,19.81999969482422,5808.0
12.0,19.780000686645508,5809.0
11.600000381469727,19.940000534057617,5810.0
11.920000076293945,19.440000534057617,5811.0
11.680000305175781,19.799999237060547,5812.0
11.5600004196167,20.299999237060547,5813.0
11.699999809265137,19.780000686645508,5814.0
11.4399995803833,19.81999969482422,5815.0
11.779999732971191,19.81999969482422,5816.0
11.9399995803833,19.8799991607666,5817.0
11.680000305175781,19.959999084472656,5818.0
11.640000343322754,19.979999542236328,5819.0
11.859999656677246,19.959999084472656,5820.0
11.859999656677246,19.940000534057617,5821.0
11.960000038146973,19.760000228881836,5822.0
11.899999618530273,20.040000915527344,5823.0
12.399999618530273,20.020000457763672,5824.0
11.859999656677246,19.940000534057617,5825.0
12.420000076293945,20.040000915527344,5826.0
12.220000267028809,19.899999618530273,5827.0
12.5600004196167,19.8799991607666,5828.0
11.680000305175781,19.920000076293945,5829.0
11.720000267028809,19.940000534057617,5830.0
11.600000381469727,19.940000534057617,5831.0
11.739999771118164,20.1200008392334,5832.0
11.720000267028809,19.760000228881836,5833.0
11.800000190734863,19.940000534057617,5834.0
11.859999656677246,19.780000686645508,5835.0
12.039999961853027,19.780000686645508,5836.0
11.920000076293945,19.780000686645508,5837.0
12.100000381469727,19.700000762939453,5838.0
12.5,19.700000762939453,5839.0
11.720000267028809,20.079999923706055,5840.0
10.100000381469727,19.84000015258789,5841.0
11.640000343322754,19.540000915527344,5842.0
10.979999542236328,19.719999313354492,5843.0
10.779999732971191,19.8799991607666,5844.0
12.119999885559082,19.940000534057617,5845.0
12.180000305175781,19.219999313354492,5846.0
13.020000457763672,19.8799991607666,5847.0
12.920000076293945,19.739999771118164,5848.0
12.960000038146973,19.8799991607666,5849.0
13.079999923706055,19.739999771118164,5850.0
12.880000114440918,19.8799991607666,5851.0
13.119999885559082,19.920000076293945,5852.0
12.920000076293945,19.600000381469727,5853.0
13.0,19.84000015258789,5854.0
12.760000228881836,19.739999771118164,5855.0
12.619999885559082,19.68000030517578,5856.0
12.920000076293945,19.68000030517578,5857.0
12.479999542236328,19.440000534057617,5858.0
12.260000228881836,19.440000534057617,5859.0
12.359999656677246,19.600000381469727,5860.0
12.260000228881836,19.860000610351562,5861.0
12.65999984741211,20.059999465942383,5862.0
12.279999732971191,20.079999923706055,5863.0
12.279999732971191,20.059999465942383,5864.0
12.180000305175781,20.079999923706055,5865.0
12.359999656677246,20.219999313354492,5866.0
12.260000228881836,20.219999313354492,5867.0
12.539999961853027,20.260000228881836,5868.0
12.600000381469727,20.18000030517578,5869.0
12.5,20.139999389648438,5870.0
12.699999809265137,20.139999389648438,5871.0
12.739999771118164,20.139999389648438,5872.0
12.520000457763672,20.299999237060547,5873.0
12.539999961853027,20.079999923706055,5874.0
12.920000076293945,20.139999389648438,5875.0
12.760000228881836,20.040000915527344,5876.0
12.520000457763672,19.860000610351562,5877.0
12.359999656677246,20.299999237060547,5878.0
12.4399995803833,20.219999313354492,5879.0
12.15999984741211,20.1200008392334,5880.0
12.479999542236328,20.200000762939453,5881.0
12.5,20.239999771118164,5882.0
12.460000038146973,20.239999771118164,5883.0
12.460000038146973,20.3799991607666,5884.0
12.34000015258789,20.559999465942383,5885.0
12.34000015258789,20.959999084472656,5886.0
12.34000015258789,20.760000228881836,5887.0
12.15999984741211,20.6200008392334,5888.0
12.239999771118164,20.520000457763672,5889.0
12.359999656677246,19.920000076293945,5890.0
12.239999771118164,20.420000076293945,5891.0
12.399999618530273,20.65999984741211,5892.0
12.260000228881836,20.15999984741211,5893.0
12.399999618530273,20.079999923706055,5894.0
12.34000015258789,20.200000762939453,5895.0
12.34000015258789,20.139999389648438,5896.0
12.640000343322754,20.1200008392334,5897.0
12.319999694824219,20.079999923706055,5898.0
12.319999694824219,20.299999237060547,5899.0
12.520000457763672,20.479999542236328,5900.0
12.300000190734863,20.15999984741211,5901.0
12.479999542236328,20.139999389648438,5902.0
12.399999618530273,20.5,5903.0
12.300000190734863,20.420000076293945,5904.0
12.260000228881836,20.15999984741211,5905.0
12.520000457763672,20.18000030517578,5906.0
12.600000381469727,20.459999084472656,5907.0
12.760000228881836,20.420000076293945,5908.0
12.4399995803833,20.399999618530273,5909.0
12.460000038146973,20.459999084472656,5910.0
12.4399995803833,20.459999084472656,5911.0
12.760000228881836,20.299999237060547,5912.0
12.880000114440918,20.239999771118164,5913.0
12.520000457763672,20.219999313354492,5914.0
12.84000015258789,20.15999984741211,5915.0
12.5600004196167,20.079999923706055,5916.0
12.300000190734863,20.200000762939453,5917.0
12.720000267028809,20.219999313354492,5918.0
12.220000267028809,20.15999984741211,5919.0
12.600000381469727,20.15999984741211,5920.0
12.279999732971191,20.239999771118164,5921.0
12.399999618530273,20.1200008392334,5922.0
12.220000267028809,20.239999771118164,5923.0
12.279999732971191,20.239999771118164,5924.0
12.279999732971191,20.3799991607666,5925.0
12.15999984741211,19.8799991607666,5926.0
12.239999771118164,20.520000457763672,5927.0
12.039999961853027,20.579999923706055,5928.0
11.979999542236328,20.200000762939453,5929.0
11.979999542236328,20.440000534057617,5930.0
11.819999694824219,20.219999313354492,5931.0
11.819999694824219,20.260000228881836,5932.0
11.880000114440918,20.200000762939453,5933.0
11.880000114440918,20.299999237060547,5934.0
11.899999618530273,20.579999923706055,5935.0
11.920000076293945,20.860000610351562,5936.0
11.84000015258789,20.520000457763672,5937.0
11.84000015258789,20.559999465942383,5938.0
12.079999923706055,20.34000015258789,5939.0
11.899999618530273,20.520000457763672,5940.0
11.920000076293945,20.520000457763672,5941.0
11.84000015258789,20.5,5942.0
11.880000114440918,19.979999542236328,5943.0
11.920000076293945,20.34000015258789,5944.0
12.0,20.020000457763672,5945.0
12.039999961853027,19.920000076293945,5946.0
12.0,20.020000457763672,5947.0
12.100000381469727,20.200000762939453,5948.0
11.899999618530273,20.040000915527344,5949.0
11.920000076293945,20.079999923706055,5950.0
11.9399995803833,20.15999984741211,5951.0
11.960000038146973,20.200000762939453,5952.0
11.979999542236328,20.600000381469727,5953.0
11.84000015258789,20.34000015258789,5954.0
12.0,19.700000762939453,5955.0
12.0,20.200000762939453,5956.0
12.0,20.420000076293945,5957.0
12.140000343322754,20.079999923706055,5958.0
11.880000114440918,19.68000030517578,5959.0
12.0600004196167,19.959999084472656,5960.0
12.140000343322754,20.360000610351562,5961.0
11.960000038146973,19.6200008392334,5962.0
12.15999984741211,19.6200008392334,5963.0
12.15999984741211,19.5,5964.0
12.15999984741211,19.940000534057617,5965.0
12.300000190734863,20.459999084472656,5966.0
12.5600004196167,20.540000915527344,5967.0
12.359999656677246,20.479999542236328,5968.0
12.279999732971191,20.959999084472656,5969.0
12.699999809265137,20.719999313354492,5970.0
12.760000228881836,20.31999969482422,5971.0
12.800000190734863,20.579999923706055,5972.0
12.579999923706055,20.559999465942383,5973.0
12.979999542236328,20.5,5974.0
12.5600004196167,20.540000915527344,5975.0
13.0,20.459999084472656,5976.0
12.979999542236328,20.479999542236328,5977.0
12.899999618530273,20.079999923706055,5978.0
13.039999961853027,20.260000228881836,5979.0
13.039999961853027,20.34000015258789,5980.0
13.020000457763672,20.520000457763672,5981.0
12.920000076293945,20.579999923706055,5982.0
12.819999694824219,20.239999771118164,5983.0
12.600000381469727,20.139999389648438,5984.0
12.5600004196167,20.739999771118164,5985.0
12.760000228881836,20.280000686645508,5986.0
12.880000114440918,20.5,5987.0
12.720000267028809,20.280000686645508,5988.0
12.84000015258789,20.299999237060547,5989.0
12.760000228881836,20.520000457763672,5990.0
12.859999656677246,20.459999084472656,5991.0
12.899999618530273,20.31999969482422,5992.0
12.819999694824219,20.260000228881836,5993.0
12.84000015258789,20.479999542236328,5994.0
12.920000076293945,20.399999618530273,5995.0
12.920000076293945,20.260000228881836,5996.0
12.880000114440918,20.260000228881836,5997.0
12.699999809265137,19.739999771118164,5998.0
12.520000457763672,19.899999618530273,5999.0
12.479999542236328,20.200000762939453,6000.0
12.84000015258789,20.200000762939453,6001.0
12.359999656677246,20.459999084472656,6002.0
12.319999694824219,20.5,6003.0
12.279999732971191,20.739999771118164,6004.0
12.119999885559082,20.260000228881836,6005.0
12.140000343322754,20.31999969482422,6006.0
12.380000114440918,20.420000076293945,6007.0
11.960000038146973,20.520000457763672,6008.0
12.140000343322754,20.579999923706055,6009.0
12.239999771118164,20.459999084472656,6010.0
12.239999771118164,20.68000030517578,6011.0
12.399999618530273,20.68000030517578,6012.0
12.479999542236328,20.6200008392334,6013.0
12.5,20.5,6014.0
12.539999961853027,20.81999969482422,6015.0
12.619999885559082,21.15999984741211,6016.0
12.239999771118164,20.65999984741211,6017.0
12.479999542236328,20.84000015258789,6018.0
12.279999732971191,20.600000381469727,6019.0
12.399999618530273,20.940000534057617,6020.0
12.039999961853027,20.920000076293945,6021.0
12.119999885559082,21.18000030517578,6022.0
12.239999771118164,21.18000030517578,6023.0
12.039999961853027,21.31999969482422,6024.0
12.479999542236328,21.239999771118164,6025.0
12.260000228881836,21.059999465942383,6026.0
12.399999618530273,20.760000228881836,6027.0
12.34000015258789,20.65999984741211,6028.0
12.5600004196167,20.540000915527344,6029.0
12.15999984741211,20.420000076293945,6030.0
12.039999961853027,20.579999923706055,6031.0
11.960000038146973,20.540000915527344,6032.0
12.199999809265137,20.68000030517578,6033.0
11.9399995803833,20.3799991607666,6034.0
12.039999961853027,20.6200008392334,6035.0
12.0,20.739999771118164,6036.0
12.079999923706055,20.739999771118164,6037.0
12.220000267028809,20.739999771118164,6038.0
12.279999732971191,20.6200008392334,6039.0
12.15999984741211,20.760000228881836,6040.0
12.079999923706055,20.540000915527344,6041.0
12.0,20.459999084472656,6042.0
12.180000305175781,20.520000457763672,6043.0
12.319999694824219,20.6200008392334,6044.0
12.180000305175781,20.219999313354492,6045.0
12.34000015258789,20.479999542236328,6046.0
12.199999809265137,20.34000015258789,6047.0
12.279999732971191,20.200000762939453,6048.0
12.239999771118164,20.219999313354492,6049.0
12.300000190734863,20.360000610351562,6050.0
12.260000228881836,20.540000915527344,6051.0
12.380000114440918,20.520000457763672,6052.0
12.399999618530273,20.479999542236328,6053.0
12.15999984741211,20.520000457763672,6054.0
12.239999771118164,20.579999923706055,6055.0
12.199999809265137,20.540000915527344,6056.0
12.199999809265137,20.260000228881836,6057.0
12.260000228881836,20.299999237060547,6058.0
12.180000305175781,20.579999923706055,6059.0
12.119999885559082,20.579999923706055,6060.0
12.039999961853027,20.520000457763672,6061.0
12.5,20.440000534057617,6062.0
12.520000457763672,20.420000076293945,6063.0
12.279999732971191,20.479999542236328,6064.0
12.420000076293945,20.520000457763672,6065.0
12.460000038146973,20.420000076293945,6066.0
12.180000305175781,20.420000076293945,6067.0
12.359999656677246,20.520000457763672,6068.0
12.199999809265137,20.3799991607666,6069.0
12.239999771118164,20.299999237060547,6070.0
12.199999809265137,20.3799991607666,6071.0
12.199999809265137,20.31999969482422,6072.0
12.34000015258789,20.139999389648438,6073.0
12.220000267028809,20.100000381469727,6074.0
12.359999656677246,20.31999969482422,6075.0
12.180000305175781,20.399999618530273,6076.0
12.239999771118164,20.360000610351562,6077.0
12.140000343322754,20.420000076293945,6078.0
12.460000038146973,20.459999084472656,6079.0
12.34000015258789,20.420000076293945,6080.0
12.119999885559082,20.5,6081.0
12.34000015258789,20.3799991607666,6082.0
12.119999885559082,20.260000228881836,6083.0
12.420000076293945,20.520000457763672,6084.0
12.279999732971191,20.479999542236328,6085.0
12.300000190734863,20.360000610351562,6086.0
12.479999542236328,20.459999084472656,6087.0
12.199999809265137,20.239999771118164,6088.0
12.460000038146973,20.31999969482422,6089.0
12.140000343322754,20.260000228881836,6090.0
12.199999809265137,20.3799991607666,6091.0
12.100000381469727,20.479999542236328,6092.0
12.220000267028809,20.280000686645508,6093.0
12.119999885559082,20.579999923706055,6094.0
12.199999809265137,20.399999618530273,6095.0
12.079999923706055,20.280000686645508,6096.0
12.359999656677246,19.959999084472656,6097.0
12.100000381469727,20.15999984741211,6098.0
12.079999923706055,20.420000076293945,6099.0
12.140000343322754,20.5,6100.0
12.199999809265137,20.399999618530273,6101.0
12.039999961853027,20.420000076293945,6102.0
12.239999771118164,20.15999984741211,6103.0
12.079999923706055,20.34000015258789,6104.0
12.140000343322754,20.68000030517578,6105.0
12.100000381469727,20.68000030517578,6106.0
12.100000381469727,20.5,6107.0
12.020000457763672,20.559999465942383,6108.0
12.100000381469727,20.719999313354492,6109.0
12.15999984741211,20.739999771118164,6110.0
12.140000343322754,20.5,6111.0
12.199999809265137,20.5,6112.0
12.279999732971191,20.479999542236328,6113.0
12.239999771118164,20.5,6114.0
12.239999771118164,20.239999771118164,6115.0
12.399999618530273,20.420000076293945,6116.0
12.300000190734863,20.520000457763672,6117.0
12.479999542236328,20.459999084472656,6118.0
12.479999542236328,20.479999542236328,6119.0
12.479999542236328,20.459999084472656,6120.0
12.34000015258789,20.579999923706055,6121.0
12.319999694824219,20.5,6122.0
12.319999694824219,20.34000015258789,6123.0
12.15999984741211,20.3799991607666,6124.0
12.039999961853027,20.479999542236328,6125.0
12.479999542236328,20.399999618530273,6126.0
12.039999961853027,20.3799991607666,6127.0
12.020000457763672,20.399999618530273,6128.0
12.079999923706055,20.440000534057617,6129.0
11.960000038146973,20.34000015258789,6130.0
11.84000015258789,20.700000762939453,6131.0
11.920000076293945,20.579999923706055,6132.0
11.899999618530273,20.3799991607666,6133.0
12.020000457763672,20.540000915527344,6134.0
11.979999542236328,20.260000228881836,6135.0
12.140000343322754,20.399999618530273,6136.0
12.180000305175781,20.479999542236328,6137.0
12.220000267028809,20.65999984741211,6138.0
12.359999656677246,20.65999984741211,6139.0
12.279999732971191,20.3799991607666,6140.0
12.359999656677246,20.5,6141.0
12.460000038146973,20.559999465942383,6142.0
12.5600004196167,20.479999542236328,6143.0
12.199999809265137,20.5,6144.0
12.0,20.479999542236328,6145.0
12.079999923706055,20.540000915527344,6146.0
12.020000457763672,20.219999313354492,6147.0
11.9399995803833,20.399999618530273,6148.0
11.920000076293945,20.5,6149.0
11.84000015258789,20.020000457763672,6150.0
11.800000190734863,20.15999984741211,6151.0
11.800000190734863,20.260000228881836,6152.0
11.779999732971191,20.219999313354492,6153.0
11.84000015258789,20.100000381469727,6154.0
11.640000343322754,20.34000015258789,6155.0
11.65999984741211,20.5,6156.0
11.640000343322754,20.739999771118164,6157.0
11.9399995803833,19.979999542236328,6158.0
11.84000015258789,20.3799991607666,6159.0
12.279999732971191,20.760000228881836,6160.0
12.039999961853027,20.68000030517578,6161.0
12.079999923706055,20.639999389648438,6162.0
12.180000305175781,20.739999771118164,6163.0
11.979999542236328,20.540000915527344,6164.0
12.100000381469727,20.719999313354492,6165.0
12.15999984741211,20.68000030517578,6166.0
12.199999809265137,20.799999237060547,6167.0
12.300000190734863,20.760000228881836,6168.0
12.539999961853027,20.780000686645508,6169.0
12.5600004196167,20.780000686645508,6170.0
12.520000457763672,21.0,6171.0
12.420000076293945,20.700000762939453,6172.0
12.399999618530273,20.540000915527344,6173.0
12.520000457763672,20.559999465942383,6174.0
12.539999961853027,20.780000686645508,6175.0
12.319999694824219,20.600000381469727,6176.0
12.300000190734863,20.520000457763672,6177.0
12.539999961853027,20.579999923706055,6178.0
12.279999732971191,20.579999923706055,6179.0
12.239999771118164,20.760000228881836,6180.0
12.479999542236328,20.520000457763672,6181.0
12.520000457763672,20.65999984741211,6182.0
12.199999809265137,20.600000381469727,6183.0
12.0600004196167,20.6200008392334,6184.0
12.220000267028809,20.579999923706055,6185.0
12.140000343322754,20.520000457763672,6186.0
12.199999809265137,20.65999984741211,6187.0
12.199999809265137,20.799999237060547,6188.0
12.199999809265137,20.68000030517578,6189.0
12.180000305175781,20.6200008392334,6190.0
12.220000267028809,20.780000686645508,6191.0
12.15999984741211,20.84000015258789,6192.0
12.220000267028809,20.68000030517578,6193.0
12.079999923706055,20.6200008392334,6194.0
12.0,20.579999923706055,6195.0
12.079999923706055,20.84000015258789,6196.0
12.199999809265137,20.8799991607666,6197.0
12.520000457763672,20.81999969482422,6198.0
12.140000343322754,20.799999237060547,6199.0
12.920000076293945,20.84000015258789,6200.0
12.4399995803833,20.8799991607666,6201.0
12.65999984741211,20.639999389648438,6202.0
12.079999923706055,20.700000762939453,6203.0
12.720000267028809,20.780000686645508,6204.0
13.079999923706055,20.639999389648438,6205.0
12.079999923706055,20.559999465942383,6206.0
13.020000457763672,20.239999771118164,6207.0
12.180000305175781,20.440000534057617,6208.0
12.199999809265137,20.6200008392334,6209.0
11.720000267028809,20.299999237060547,6210.0
12.020000457763672,20.020000457763672,6211.0
12.640000343322754,20.739999771118164,6212.0
12.039999961853027,20.739999771118164,6213.0
12.300000190734863,20.559999465942383,6214.0
12.5600004196167,20.719999313354492,6215.0
12.479999542236328,20.860000610351562,6216.0
12.479999542236328,20.860000610351562,6217.0
12.460000038146973,20.579999923706055,6218.0
12.680000305175781,20.68000030517578,6219.0
12.539999961853027,20.780000686645508,6220.0
12.600000381469727,20.799999237060547,6221.0
12.699999809265137,20.739999771118164,6222.0
12.579999923706055,20.81999969482422,6223.0
12.5,20.84000015258789,6224.0
12.5600004196167,20.719999313354492,6225.0
12.5,20.739999771118164,6226.0
12.479999542236328,20.899999618530273,6227.0
12.479999542236328,21.139999389648438,6228.0
12.520000457763672,20.780000686645508,6229.0
12.600000381469727,20.899999618530273,6230.0
12.319999694824219,20.899999618530273,6231.0
12.279999732971191,20.760000228881836,6232.0
12.199999809265137,20.780000686645508,6233.0
12.34000015258789,20.719999313354492,6234.0
12.600000381469727,20.780000686645508,6235.0
12.260000228881836,20.6200008392334,6236.0
12.520000457763672,20.600000381469727,6237.0
12.4399995803833,20.899999618530273,6238.0
12.479999542236328,20.8799991607666,6239.0
13.140000343322754,20.780000686645508,6240.0
12.460000038146973,20.760000228881836,6241.0
12.420000076293945,20.68000030517578,6242.0
12.5,20.780000686645508,6243.0
13.119999885559082,20.780000686645508,6244.0
12.520000457763672,20.799999237060547,6245.0
12.460000038146973,20.8799991607666,6246.0
12.5600004196167,20.600000381469727,6247.0
12.359999656677246,20.700000762939453,6248.0
12.539999961853027,20.079999923706055,6249.0
12.460000038146973,20.520000457763672,6250.0
12.520000457763672,20.520000457763672,6251.0
12.640000343322754,20.600000381469727,6252.0
12.279999732971191,20.719999313354492,6253.0
12.140000343322754,20.799999237060547,6254.0
12.020000457763672,20.84000015258789,6255.0
11.800000190734863,20.760000228881836,6256.0
11.600000381469727,20.8799991607666,6257.0
11.5600004196167,20.799999237060547,6258.0
11.579999923706055,20.780000686645508,6259.0
11.65999984741211,20.760000228881836,6260.0
11.520000457763672,20.81999969482422,6261.0
11.5600004196167,20.81999969482422,6262.0
11.760000228881836,20.84000015258789,6263.0
11.619999885559082,20.780000686645508,6264.0
11.5,20.420000076293945,6265.0
12.199999809265137,20.899999618530273,6266.0
11.960000038146973,20.639999389648438,6267.0
12.65999984741211,20.5,6268.0
12.180000305175781,20.780000686645508,6269.0
12.920000076293945,20.239999771118164,6270.0
12.5600004196167,20.459999084472656,6271.0
12.4399995803833,20.280000686645508,6272.0
12.279999732971191,20.5,6273.0
13.079999923706055,20.559999465942383,6274.0
12.199999809265137,20.239999771118164,6275.0
12.34000015258789,20.280000686645508,6276.0
11.979999542236328,20.239999771118164,6277.0
12.119999885559082,20.260000228881836,6278.0
11.619999885559082,20.420000076293945,6279.0
12.920000076293945,20.81999969482422,6280.0
11.720000267028809,20.780000686645508,6281.0
13.079999923706055,20.940000534057617,6282.0
11.65999984741211,20.979999542236328,6283.0
11.699999809265137,20.739999771118164,6284.0
11.779999732971191,21.1200008392334,6285.0
11.600000381469727,21.0,6286.0
11.979999542236328,21.15999984741211,6287.0
12.260000228881836,21.059999465942383,6288.0
12.260000228881836,20.739999771118164,6289.0
12.460000038146973,20.979999542236328,6290.0
12.479999542236328,21.100000381469727,6291.0
12.4399995803833,21.100000381469727,6292.0
12.479999542236328,21.020000457763672,6293.0
12.4399995803833,21.440000534057617,6294.0
12.5,21.31999969482422,6295.0
12.520000457763672,21.260000228881836,6296.0
12.600000381469727,21.059999465942383,6297.0
12.65999984741211,20.860000610351562,6298.0
12.4399995803833,20.860000610351562,6299.0
12.579999923706055,20.780000686645508,6300.0
12.739999771118164,20.780000686645508,6301.0
12.520000457763672,20.079999923706055,6302.0
13.039999961853027,20.459999084472656,6303.0
12.640000343322754,20.360000610351562,6304.0
12.979999542236328,20.68000030517578,6305.0
13.039999961853027,20.780000686645508,6306.0
13.5,20.780000686645508,6307.0
13.039999961853027,20.81999969482422,6308.0
12.720000267028809,21.18000030517578,6309.0
12.760000228881836,20.8799991607666,6310.0
12.920000076293945,20.65999984741211,6311.0
13.039999961853027,20.84000015258789,6312.0
13.0600004196167,20.84000015258789,6313.0
12.760000228881836,20.780000686645508,6314.0
12.640000343322754,20.780000686645508,6315.0
12.979999542236328,21.100000381469727,6316.0
12.619999885559082,21.040000915527344,6317.0
12.779999732971191,20.8799991607666,6318.0
12.640000343322754,20.8799991607666,6319.0
12.640000343322754,20.899999618530273,6320.0
12.539999961853027,21.0,6321.0
12.5,20.84000015258789,6322.0
12.579999923706055,20.959999084472656,6323.0
12.5600004196167,21.280000686645508,6324.0
12.619999885559082,21.020000457763672,6325.0
12.720000267028809,20.899999618530273,6326.0
12.680000305175781,21.3799991607666,6327.0
12.199999809265137,21.15999984741211,6328.0
11.680000305175781,21.15999984741211,6329.0
11.84000015258789,21.139999389648438,6330.0
11.720000267028809,21.219999313354492,6331.0
11.800000190734863,21.079999923706055,6332.0
12.020000457763672,21.200000762939453,6333.0
12.100000381469727,21.239999771118164,6334.0
12.34000015258789,21.219999313354492,6335.0
12.34000015258789,21.299999237060547,6336.0
12.420000076293945,21.239999771118164,6337.0
12.600000381469727,21.219999313354492,6338.0
12.539999961853027,21.059999465942383,6339.0
12.5,21.040000915527344,6340.0
12.84000015258789,21.260000228881836,6341.0
12.539999961853027,21.200000762939453,6342.0
12.5600004196167,21.020000457763672,6343.0
12.5,21.079999923706055,6344.0
12.579999923706055,21.0,6345.0
12.34000015258789,20.899999618530273,6346.0
12.239999771118164,20.68000030517578,6347.0
12.720000267028809,20.739999771118164,6348.0
12.279999732971191,20.739999771118164,6349.0
12.720000267028809,20.81999969482422,6350.0
12.600000381469727,20.760000228881836,6351.0
12.600000381469727,20.799999237060547,6352.0
12.5,21.1200008392334,6353.0
12.380000114440918,20.84000015258789,6354.0
12.4399995803833,20.65999984741211,6355.0
12.579999923706055,20.65999984741211,6356.0
12.84000015258789,20.700000762939453,6357.0
12.420000076293945,20.899999618530273,6358.0
12.800000190734863,21.100000381469727,6359.0
12.5600004196167,21.079999923706055,6360.0
12.300000190734863,21.020000457763672,6361.0
12.020000457763672,20.899999618530273,6362.0
12.0600004196167,21.299999237060547,6363.0
12.359999656677246,20.940000534057617,6364.0
12.180000305175781,21.260000228881836,6365.0
12.34000015258789,21.239999771118164,6366.0
12.399999618530273,21.299999237060547,6367.0
12.319999694824219,21.219999313354492,6368.0
12.600000381469727,21.239999771118164,6369.0
13.199999809265137,21.079999923706055,6370.0
12.779999732971191,20.84000015258789,6371.0
13.0,21.079999923706055,6372.0
12.5600004196167,21.059999465942383,6373.0
12.4399995803833,21.479999542236328,6374.0
12.5600004196167,21.479999542236328,6375.0
12.4399995803833,20.940000534057617,6376.0
12.420000076293945,20.920000076293945,6377.0
12.680000305175781,20.940000534057617,6378.0
12.5,21.1200008392334,6379.0
12.619999885559082,20.920000076293945,6380.0
12.4399995803833,20.940000534057617,6381.0
12.4399995803833,20.940000534057617,6382.0
12.399999618530273,20.600000381469727,6383.0
12.479999542236328,21.059999465942383,6384.0
12.579999923706055,20.559999465942383,6385.0
12.680000305175781,20.799999237060547,6386.0
12.720000267028809,21.479999542236328,6387.0
12.720000267028809,22.1200008392334,6388.0
12.819999694824219,21.959999084472656,6389.0
12.579999923706055,21.84000015258789,6390.0
12.520000457763672,21.459999084472656,6391.0
12.479999542236328,21.760000228881836,6392.0
12.4399995803833,21.5,6393.0
13.020000457763672,21.479999542236328,6394.0
12.640000343322754,21.18000030517578,6395.0
12.479999542236328,21.479999542236328,6396.0
12.640000343322754,22.1200008392334,6397.0
12.460000038146973,21.860000610351562,6398.0
12.460000038146973,21.18000030517578,6399.0
12.460000038146973,21.15999984741211,6400.0
12.380000114440918,21.479999542236328,6401.0
12.5,21.420000076293945,6402.0
12.680000305175781,21.639999389648438,6403.0
12.800000190734863,21.780000686645508,6404.0
12.739999771118164,21.520000457763672,6405.0
12.600000381469727,21.18000030517578,6406.0
12.899999618530273,20.979999542236328,6407.0
12.399999618530273,21.1200008392334,6408.0
12.600000381469727,21.020000457763672,6409.0
12.5600004196167,21.100000381469727,6410.0
12.539999961853027,21.299999237060547,6411.0
12.800000190734863,21.100000381469727,6412.0
13.479999542236328,21.0,6413.0
13.0,21.079999923706055,6414.0
12.739999771118164,21.040000915527344,6415.0
12.739999771118164,21.239999771118164,6416.0
12.859999656677246,21.18000030517578,6417.0
12.579999923706055,21.059999465942383,6418.0
12.539999961853027,21.219999313354492,6419.0
12.5,21.420000076293945,6420.0
12.579999923706055,21.200000762939453,6421.0
12.479999542236328,20.84000015258789,6422.0
12.5600004196167,20.760000228881836,6423.0
20.5,23.940000534057617,6424.0
12.600000381469727,21.0,6425.0
12.539999961853027,21.739999771118164,6426.0
12.720000267028809,21.139999389648438,6427.0
12.760000228881836,21.440000534057617,6428.0
12.920000076293945,20.65999984741211,6429.0
12.979999542236328,21.479999542236328,6430.0
13.220000267028809,21.799999237060547,6431.0
13.039999961853027,21.440000534057617,6432.0
13.119999885559082,21.239999771118164,6433.0
13.039999961853027,21.479999542236328,6434.0
12.960000038146973,21.18000030517578,6435.0
12.920000076293945,21.18000030517578,6436.0
12.84000015258789,20.920000076293945,6437.0
12.65999984741211,20.920000076293945,6438.0
12.380000114440918,21.100000381469727,6439.0
12.5600004196167,20.84000015258789,6440.0
12.399999618530273,21.059999465942383,6441.0
12.420000076293945,20.739999771118164,6442.0
12.420000076293945,20.920000076293945,6443.0
12.479999542236328,20.940000534057617,6444.0
20.600000381469727,20.65999984741211,6445.0
12.680000305175781,20.84000015258789,6446.0
12.619999885559082,20.739999771118164,6447.0
13.039999961853027,20.940000534057617,6448.0
12.880000114440918,20.84000015258789,6449.0
12.5600004196167,20.84000015258789,6450.0
12.420000076293945,20.8799991607666,6451.0
12.4399995803833,21.0,6452.0
12.4399995803833,21.0,6453.0
12.399999618530273,21.040000915527344,6454.0
12.4399995803833,21.299999237060547,6455.0
12.479999542236328,21.260000228881836,6456.0
12.640000343322754,21.299999237060547,6457.0
12.579999923706055,21.239999771118164,6458.0
12.819999694824219,21.139999389648438,6459.0
12.5600004196167,21.079999923706055,6460.0
12.640000343322754,21.200000762939453,6461.0
12.520000457763672,21.200000762939453,6462.0
12.600000381469727,21.31999969482422,6463.0
12.479999542236328,21.139999389648438,6464.0
12.600000381469727,21.1200008392334,6465.0
12.5,21.0,6466.0
12.4399995803833,21.3799991607666,6467.0
12.479999542236328,21.100000381469727,6468.0
12.579999923706055,20.860000610351562,6469.0
12.539999961853027,21.020000457763672,6470.0
12.479999542236328,20.899999618530273,6471.0
12.4399995803833,20.920000076293945,6472.0
12.600000381469727,21.15999984741211,6473.0
12.520000457763672,21.059999465942383,6474.0
12.640000343322754,21.139999389648438,6475.0
12.420000076293945,21.18000030517578,6476.0
12.260000228881836,21.100000381469727,6477.0
12.119999885559082,21.020000457763672,6478.0
12.239999771118164,20.899999618530273,6479.0
12.260000228881836,20.84000015258789,6480.0
12.119999885559082,20.360000610351562,6481.0
12.180000305175781,21.059999465942383,6482.0
12.199999809265137,21.059999465942383,6483.0
12.15999984741211,21.020000457763672,6484.0
12.119999885559082,21.020000457763672,6485.0
12.180000305175781,21.15999984741211,6486.0
12.239999771118164,20.81999969482422,6487.0
12.319999694824219,21.079999923706055,6488.0
12.0,20.979999542236328,6489.0
12.220000267028809,20.959999084472656,6490.0
12.15999984741211,20.760000228881836,6491.0
12.479999542236328,21.1200008392334,6492.0
12.600000381469727,21.31999969482422,6493.0
12.779999732971191,20.079999923706055,6494.0
12.279999732971191,21.219999313354492,6495.0
12.520000457763672,21.059999465942383,6496.0
12.520000457763672,20.84000015258789,6497.0
12.4399995803833,21.040000915527344,6498.0
12.520000457763672,21.079999923706055,6499.0
12.15999984741211,21.360000610351562,6500.0
12.119999885559082,21.15999984741211,6501.0
12.239999771118164,20.520000457763672,6502.0
12.079999923706055,20.540000915527344,6503.0
12.119999885559082,20.84000015258789,6504.0
11.960000038146973,21.360000610351562,6505.0
12.180000305175781,21.239999771118164,6506.0
12.180000305175781,21.200000762939453,6507.0
12.199999809265137,21.079999923706055,6508.0
12.199999809265137,21.040000915527344,6509.0
12.239999771118164,21.040000915527344,6510.0
12.199999809265137,20.940000534057617,6511.0
12.079999923706055,20.81999969482422,6512.0
12.15999984741211,21.020000457763672,6513.0
12.239999771118164,20.700000762939453,6514.0
12.199999809265137,20.360000610351562,6515.0
12.4399995803833,20.68000030517578,6516.0
12.239999771118164,20.760000228881836,6517.0
12.5600004196167,20.8799991607666,6518.0
12.680000305175781,20.84000015258789,6519.0
12.380000114440918,20.84000015258789,6520.0
12.65999984741211,20.899999618530273,6521.0
12.65999984741211,20.68000030517578,6522.0
12.760000228881836,21.1200008392334,6523.0
12.880000114440918,20.81999969482422,6524.0
13.079999923706055,21.1200008392334,6525.0
12.619999885559082,20.700000762939453,6526.0
12.640000343322754,21.1200008392334,6527.0
12.539999961853027,21.15999984741211,6528.0
12.479999542236328,21.020000457763672,6529.0
12.359999656677246,20.979999542236328,6530.0
12.680000305175781,21.040000915527344,6531.0
12.699999809265137,21.200000762939453,6532.0
12.859999656677246,21.239999771118164,6533.0
12.800000190734863,21.3799991607666,6534.0
13.079999923706055,21.239999771118164,6535.0
12.600000381469727,21.139999389648438,6536.0
12.579999923706055,21.139999389648438,6537.0
12.920000076293945,21.200000762939453,6538.0
12.699999809265137,21.1200008392334,6539.0
12.859999656677246,21.18000030517578,6540.0
12.579999923706055,20.959999084472656,6541.0
12.5,21.200000762939453,6542.0
12.539999961853027,21.020000457763672,6543.0
12.460000038146973,21.139999389648438,6544.0
12.4399995803833,21.15999984741211,6545.0
12.140000343322754,21.280000686645508,6546.0
12.180000305175781,20.920000076293945,6547.0
12.0600004196167,21.059999465942383,6548.0
11.960000038146973,21.1200008392334,6549.0
12.0,20.979999542236328,6550.0
12.220000267028809,20.959999084472656,6551.0
12.34000015258789,20.739999771118164,6552.0
12.539999961853027,21.1200008392334,6553.0
12.539999961853027,21.6200008392334,6554.0
12.640000343322754,21.139999389648438,6555.0
12.420000076293945,21.15999984741211,6556.0
12.600000381469727,21.219999313354492,6557.0
12.34000015258789,21.18000030517578,6558.0
12.239999771118164,20.959999084472656,6559.0
12.859999656677246,21.15999984741211,6560.0
12.539999961853027,21.31999969482422,6561.0
12.5600004196167,21.059999465942383,6562.0
12.420000076293945,21.1200008392334,6563.0
12.479999542236328,21.139999389648438,6564.0
12.399999618530273,21.260000228881836,6565.0
12.239999771118164,21.18000030517578,6566.0
12.4399995803833,21.260000228881836,6567.0
12.539999961853027,21.299999237060547,6568.0
12.579999923706055,21.200000762939453,6569.0
12.640000343322754,21.1200008392334,6570.0
12.4399995803833,21.15999984741211,6571.0
12.5600004196167,21.34000015258789,6572.0
12.479999542236328,21.3799991607666,6573.0
12.539999961853027,21.479999542236328,6574.0
12.5600004196167,21.299999237060547,6575.0
12.5600004196167,21.479999542236328,6576.0
12.619999885559082,21.420000076293945,6577.0
12.4399995803833,21.299999237060547,6578.0
12.720000267028809,21.299999237060547,6579.0
12.479999542236328,21.420000076293945,6580.0
12.640000343322754,21.459999084472656,6581.0
12.5,21.260000228881836,6582.0
12.680000305175781,21.200000762939453,6583.0
12.640000343322754,21.079999923706055,6584.0
12.380000114440918,21.0,6585.0
12.5,21.100000381469727,6586.0
12.380000114440918,21.059999465942383,6587.0
12.600000381469727,21.34000015258789,6588.0
12.699999809265137,21.260000228881836,6589.0
12.4399995803833,21.020000457763672,6590.0
12.579999923706055,21.040000915527344,6591.0
12.739999771118164,20.959999084472656,6592.0
12.520000457763672,20.84000015258789,6593.0
12.760000228881836,21.100000381469727,6594.0
12.5600004196167,20.68000030517578,6595.0
12.600000381469727,21.219999313354492,6596.0
12.479999542236328,21.420000076293945,6597.0
12.399999618530273,21.3799991607666,6598.0
12.5,21.65999984741211,6599.0
12.4399995803833,20.760000228881836,6600.0
12.399999618530273,21.18000030517578,6601.0
12.699999809265137,21.459999084472656,6602.0
12.720000267028809,20.639999389648438,6603.0
12.760000228881836,20.940000534057617,6604.0
12.819999694824219,21.200000762939453,6605.0
12.579999923706055,21.479999542236328,6606.0
12.720000267028809,20.81999969482422,6607.0
12.680000305175781,21.3799991607666,6608.0
12.399999618530273,21.440000534057617,6609.0
12.640000343322754,21.479999542236328,6610.0
12.520000457763672,20.920000076293945,6611.0
12.800000190734863,21.0,6612.0
12.600000381469727,21.1200008392334,6613.0
12.9399995803833,21.139999389648438,6614.0
12.239999771118164,21.360000610351562,6615.0
13.100000381469727,21.31999969482422,6616.0
12.380000114440918,21.139999389648438,6617.0
12.5,21.18000030517578,6618.0
12.380000114440918,21.299999237060547,6619.0
12.619999885559082,21.34000015258789,6620.0
12.600000381469727,20.979999542236328,6621.0
12.760000228881836,21.360000610351562,6622.0
13.140000343322754,21.31999969482422,6623.0
13.079999923706055,21.0,6624.0
12.920000076293945,21.100000381469727,6625.0
12.319999694824219,20.84000015258789,6626.0
12.539999961853027,20.979999542236328,6627.0
12.399999618530273,20.899999618530273,6628.0
12.479999542236328,21.040000915527344,6629.0
12.699999809265137,21.0,6630.0
12.5,21.18000030517578,6631.0
12.460000038146973,21.200000762939453,6632.0
12.680000305175781,21.420000076293945,6633.0
12.380000114440918,21.440000534057617,6634.0
12.199999809265137,21.260000228881836,6635.0
12.399999618530273,21.5,6636.0
12.279999732971191,21.15999984741211,6637.0
12.520000457763672,21.34000015258789,6638.0
12.579999923706055,21.200000762939453,6639.0
12.460000038146973,21.260000228881836,6640.0
12.5,21.260000228881836,6641.0
12.460000038146973,21.1200008392334,6642.0
12.640000343322754,21.200000762939453,6643.0
12.600000381469727,21.299999237060547,6644.0
12.680000305175781,21.299999237060547,6645.0
12.520000457763672,21.479999542236328,6646.0
12.260000228881836,21.3799991607666,6647.0
12.520000457763672,21.34000015258789,6648.0
12.600000381469727,21.239999771118164,6649.0
12.960000038146973,21.020000457763672,6650.0
12.460000038146973,21.040000915527344,6651.0
12.399999618530273,20.899999618530273,6652.0
12.399999618530273,21.079999923706055,6653.0
12.260000228881836,20.799999237060547,6654.0
12.760000228881836,20.899999618530273,6655.0
12.859999656677246,20.920000076293945,6656.0
12.979999542236328,20.899999618530273,6657.0
12.720000267028809,21.520000457763672,6658.0
12.960000038146973,21.459999084472656,6659.0
12.65999984741211,21.139999389648438,6660.0
12.460000038146973,21.18000030517578,6661.0
12.720000267028809,21.780000686645508,6662.0
12.279999732971191,21.920000076293945,6663.0
12.600000381469727,21.739999771118164,6664.0
12.239999771118164,21.579999923706055,6665.0
11.779999732971191,21.15999984741211,6666.0
11.760000228881836,21.1200008392334,6667.0
11.779999732971191,21.299999237060547,6668.0
11.819999694824219,21.139999389648438,6669.0
12.079999923706055,21.280000686645508,6670.0
12.0,20.920000076293945,6671.0
12.140000343322754,21.040000915527344,6672.0
11.960000038146973,21.34000015258789,6673.0
11.84000015258789,21.520000457763672,6674.0
11.960000038146973,21.440000534057617,6675.0
12.180000305175781,21.440000534057617,6676.0
11.960000038146973,21.420000076293945,6677.0
12.119999885559082,20.899999618530273,6678.0
11.800000190734863,21.200000762939453,6679.0
11.819999694824219,21.15999984741211,6680.0
11.34000015258789,21.540000915527344,6681.0
11.460000038146973,21.299999237060547,6682.0
11.180000305175781,21.1200008392334,6683.0
11.140000343322754,20.959999084472656,6684.0
11.100000381469727,20.899999618530273,6685.0
10.979999542236328,20.8799991607666,6686.0
11.0,20.899999618530273,6687.0
10.880000114440918,20.940000534057617,6688.0
10.979999542236328,21.139999389648438,6689.0
11.079999923706055,21.299999237060547,6690.0
11.399999618530273,21.219999313354492,6691.0
11.300000190734863,21.3799991607666,6692.0
11.15999984741211,21.34000015258789,6693.0
11.319999694824219,21.520000457763672,6694.0
11.079999923706055,21.440000534057617,6695.0
11.479999542236328,21.459999084472656,6696.0
11.640000343322754,21.219999313354492,6697.0
11.699999809265137,21.360000610351562,6698.0
11.880000114440918,21.3799991607666,6699.0
11.880000114440918,21.360000610351562,6700.0
11.979999542236328,21.18000030517578,6701.0
12.119999885559082,21.799999237060547,6702.0
12.119999885559082,22.15999984741211,6703.0
11.880000114440918,21.68000030517578,6704.0
11.880000114440918,21.700000762939453,6705.0
12.020000457763672,21.81999969482422,6706.0
11.9399995803833,21.959999084472656,6707.0
11.640000343322754,21.700000762939453,6708.0
11.680000305175781,21.559999465942383,6709.0
11.619999885559082,21.540000915527344,6710.0
11.220000267028809,21.760000228881836,6711.0
11.859999656677246,21.479999542236328,6712.0
11.920000076293945,21.579999923706055,6713.0
12.119999885559082,21.65999984741211,6714.0
11.779999732971191,21.639999389648438,6715.0
12.020000457763672,21.540000915527344,6716.0
11.819999694824219,21.579999923706055,6717.0
11.680000305175781,21.459999084472656,6718.0
11.699999809265137,21.239999771118164,6719.0
11.600000381469727,21.0,6720.0
11.4399995803833,21.3799991607666,6721.0
11.619999885559082,21.299999237060547,6722.0
11.619999885559082,21.520000457763672,6723.0
11.65999984741211,21.68000030517578,6724.0
11.34000015258789,21.5,6725.0
11.899999618530273,21.639999389648438,6726.0
11.720000267028809,21.639999389648438,6727.0
11.520000457763672,21.639999389648438,6728.0
11.720000267028809,21.84000015258789,6729.0
11.880000114440918,21.739999771118164,6730.0
11.859999656677246,21.540000915527344,6731.0
13.0600004196167,21.639999389648438,6732.0
12.920000076293945,21.860000610351562,6733.0
12.520000457763672,21.719999313354492,6734.0
12.579999923706055,21.639999389648438,6735.0
12.5600004196167,21.579999923706055,6736.0
12.5,21.700000762939453,6737.0
12.479999542236328,21.799999237060547,6738.0
12.420000076293945,21.65999984741211,6739.0
12.220000267028809,21.700000762939453,6740.0
12.260000228881836,21.639999389648438,6741.0
12.020000457763672,21.639999389648438,6742.0
12.079999923706055,21.700000762939453,6743.0
12.180000305175781,21.520000457763672,6744.0
12.34000015258789,21.799999237060547,6745.0
12.520000457763672,21.520000457763672,6746.0
12.100000381469727,21.719999313354492,6747.0
12.399999618530273,21.6200008392334,6748.0
12.380000114440918,21.600000381469727,6749.0
13.15999984741211,21.479999542236328,6750.0
12.420000076293945,21.6200008392334,6751.0
11.9399995803833,21.479999542236328,6752.0
11.779999732971191,21.559999465942383,6753.0
11.84000015258789,21.739999771118164,6754.0
11.800000190734863,21.559999465942383,6755.0
11.5,21.600000381469727,6756.0
11.920000076293945,21.719999313354492,6757.0
13.220000267028809,21.600000381469727,6758.0
12.520000457763672,21.639999389648438,6759.0
12.65999984741211,21.639999389648438,6760.0
11.960000038146973,21.600000381469727,6761.0
11.84000015258789,21.739999771118164,6762.0
11.720000267028809,21.799999237060547,6763.0
12.479999542236328,21.799999237060547,6764.0
12.119999885559082,21.780000686645508,6765.0
12.760000228881836,21.84000015258789,6766.0
13.020000457763672,21.84000015258789,6767.0
13.0600004196167,21.719999313354492,6768.0
12.9399995803833,21.68000030517578,6769.0
12.9399995803833,21.68000030517578,6770.0
12.920000076293945,21.700000762939453,6771.0
13.140000343322754,21.760000228881836,6772.0
12.84000015258789,21.639999389648438,6773.0
12.619999885559082,21.639999389648438,6774.0
12.680000305175781,21.559999465942383,6775.0
12.859999656677246,21.65999984741211,6776.0
12.619999885559082,21.799999237060547,6777.0
12.699999809265137,21.899999618530273,6778.0
12.460000038146973,21.65999984741211,6779.0
12.579999923706055,21.84000015258789,6780.0
13.0,21.920000076293945,6781.0
12.880000114440918,21.739999771118164,6782.0
13.319999694824219,21.65999984741211,6783.0
13.300000190734863,21.559999465942383,6784.0
13.199999809265137,21.68000030517578,6785.0
13.399999618530273,21.739999771118164,6786.0
13.420000076293945,21.200000762939453,6787.0
13.479999542236328,21.68000030517578,6788.0
13.5,21.760000228881836,6789.0
13.479999542236328,21.799999237060547,6790.0
13.539999961853027,21.65999984741211,6791.0
13.460000038146973,21.600000381469727,6792.0
13.359999656677246,21.520000457763672,6793.0
13.34000015258789,21.299999237060547,6794.0
13.300000190734863,21.5,6795.0
13.15999984741211,21.399999618530273,6796.0
12.979999542236328,21.360000610351562,6797.0
13.140000343322754,21.459999084472656,6798.0
13.239999771118164,21.579999923706055,6799.0
13.220000267028809,21.600000381469727,6800.0
13.199999809265137,21.639999389648438,6801.0
13.180000305175781,21.719999313354492,6802.0
13.199999809265137,21.799999237060547,6803.0
13.220000267028809,21.920000076293945,6804.0
13.239999771118164,21.899999618530273,6805.0
13.239999771118164,21.799999237060547,6806.0
13.239999771118164,21.760000228881836,6807.0
13.399999618530273,21.639999389648438,6808.0
13.239999771118164,21.579999923706055,6809.0
13.319999694824219,21.65999984741211,6810.0
13.399999618530273,21.639999389648438,6811.0
13.4399995803833,21.760000228881836,6812.0
13.5,21.799999237060547,6813.0
13.479999542236328,21.899999618530273,6814.0
13.479999542236328,21.799999237060547,6815.0
13.539999961853027,21.81999969482422,6816.0
13.420000076293945,21.799999237060547,6817.0
13.520000457763672,21.899999618530273,6818.0
13.4399995803833,21.579999923706055,6819.0
13.420000076293945,21.84000015258789,6820.0
13.460000038146973,21.84000015258789,6821.0
13.4399995803833,21.84000015258789,6822.0
13.420000076293945,21.81999969482422,6823.0
13.220000267028809,21.540000915527344,6824.0
13.220000267028809,21.479999542236328,6825.0
13.039999961853027,21.920000076293945,6826.0
13.140000343322754,21.760000228881836,6827.0
13.079999923706055,21.639999389648438,6828.0
13.15999984741211,21.5,6829.0
13.220000267028809,21.8799991607666,6830.0
13.399999618530273,21.739999771118164,6831.0
13.039999961853027,21.700000762939453,6832.0
13.119999885559082,21.639999389648438,6833.0
13.180000305175781,21.520000457763672,6834.0
13.359999656677246,21.219999313354492,6835.0
13.5,21.68000030517578,6836.0
13.5600004196167,21.540000915527344,6837.0
13.319999694824219,21.760000228881836,6838.0
13.460000038146973,21.84000015258789,6839.0
13.460000038146973,21.8799991607666,6840.0
13.5600004196167,21.959999084472656,6841.0
13.399999618530273,21.84000015258789,6842.0
13.520000457763672,21.84000015258789,6843.0
13.4399995803833,21.719999313354492,6844.0
13.420000076293945,21.979999542236328,6845.0
13.460000038146973,21.739999771118164,6846.0
13.479999542236328,21.799999237060547,6847.0
13.300000190734863,21.6200008392334,6848.0
13.300000190734863,21.579999923706055,6849.0
12.84000015258789,21.68000030517578,6850.0
12.920000076293945,21.780000686645508,6851.0
12.920000076293945,21.780000686645508,6852.0
13.380000114440918,21.799999237060547,6853.0
13.479999542236328,21.799999237060547,6854.0
13.579999923706055,21.719999313354492,6855.0
13.300000190734863,21.760000228881836,6856.0
13.539999961853027,21.799999237060547,6857.0
13.239999771118164,21.799999237060547,6858.0
12.5,21.520000457763672,6859.0
12.5,21.920000076293945,6860.0
12.180000305175781,21.739999771118164,6861.0
11.960000038146973,22.020000457763672,6862.0
11.779999732971191,21.700000762939453,6863.0
12.039999961853027,21.8799991607666,6864.0
12.680000305175781,21.520000457763672,6865.0
13.020000457763672,21.520000457763672,6866.0
13.460000038146973,21.760000228881836,6867.0
13.260000228881836,22.0,6868.0
13.300000190734863,21.739999771118164,6869.0
13.220000267028809,21.940000534057617,6870.0
13.300000190734863,21.5,6871.0
13.260000228881836,21.579999923706055,6872.0
13.300000190734863,21.799999237060547,6873.0
13.460000038146973,21.899999618530273,6874.0
13.300000190734863,21.6200008392334,6875.0
13.319999694824219,21.700000762939453,6876.0
13.420000076293945,21.739999771118164,6877.0
13.140000343322754,21.860000610351562,6878.0
13.180000305175781,21.84000015258789,6879.0
13.100000381469727,21.780000686645508,6880.0
13.300000190734863,21.940000534057617,6881.0
13.84000015258789,21.920000076293945,6882.0
13.5,21.81999969482422,6883.0
13.319999694824219,22.0,6884.0
13.600000381469727,21.799999237060547,6885.0
13.479999542236328,21.8799991607666,6886.0
13.140000343322754,21.780000686645508,6887.0
13.220000267028809,21.780000686645508,6888.0
13.600000381469727,21.959999084472656,6889.0
13.079999923706055,21.920000076293945,6890.0
13.460000038146973,21.940000534057617,6891.0
13.300000190734863,21.799999237060547,6892.0
13.399999618530273,21.959999084472656,6893.0
13.199999809265137,21.940000534057617,6894.0
13.140000343322754,21.940000534057617,6895.0
13.140000343322754,21.959999084472656,6896.0
13.300000190734863,21.799999237060547,6897.0
13.300000190734863,22.0,6898.0
13.0,21.920000076293945,6899.0
13.300000190734863,21.459999084472656,6900.0
13.460000038146973,21.899999618530273,6901.0
13.699999809265137,20.920000076293945,6902.0
13.619999885559082,21.84000015258789,6903.0
13.460000038146973,21.059999465942383,6904.0
13.300000190734863,21.68000030517578,6905.0
9.779999732971191,21.15999984741211,6906.0
20.979999542236328,21.15999984741211,6907.0
12.359999656677246,21.219999313354492,6908.0
11.180000305175781,21.239999771118164,6909.0
12.34000015258789,21.6200008392334,6910.0
12.300000190734863,21.65999984741211,6911.0
12.119999885559082,21.3799991607666,6912.0
12.399999618530273,21.479999542236328,6913.0
12.15999984741211,21.760000228881836,6914.0
12.119999885559082,21.639999389648438,6915.0
12.119999885559082,21.639999389648438,6916.0
11.880000114440918,21.719999313354492,6917.0
21.0,21.739999771118164,6918.0
20.81999969482422,21.940000534057617,6919.0
13.34000015258789,21.739999771118164,6920.0
20.399999618530273,21.299999237060547,6921.0
19.559999465942383,21.700000762939453,6922.0
12.239999771118164,21.719999313354492,6923.0
18.260000228881836,21.860000610351562,6924.0
12.979999542236328,21.579999923706055,6925.0
12.65999984741211,21.559999465942383,6926.0
12.34000015258789,21.81999969482422,6927.0
12.520000457763672,21.479999542236328,6928.0
12.220000267028809,21.6200008392334,6929.0
11.859999656677246,21.459999084472656,6930.0
12.140000343322754,21.739999771118164,6931.0
11.859999656677246,21.520000457763672,6932.0
11.539999961853027,21.940000534057617,6933.0
11.739999771118164,21.860000610351562,6934.0
11.800000190734863,21.860000610351562,6935.0
11.760000228881836,21.540000915527344,6936.0
11.779999732971191,21.940000534057617,6937.0
11.880000114440918,21.940000534057617,6938.0
12.020000457763672,21.940000534057617,6939.0
11.819999694824219,22.079999923706055,6940.0
11.859999656677246,21.739999771118164,6941.0
11.720000267028809,21.700000762939453,6942.0
11.9399995803833,22.18000030517578,6943.0
11.859999656677246,21.5,6944.0
11.680000305175781,21.6200008392334,6945.0
11.520000457763672,21.979999542236328,6946.0
11.140000343322754,21.979999542236328,6947.0
11.260000228881836,22.059999465942383,6948.0
11.020000457763672,22.0,6949.0
17.34000015258789,22.1200008392334,6950.0
11.0600004196167,21.940000534057617,6951.0
17.459999084472656,22.1200008392334,6952.0
12.4399995803833,22.15999984741211,6953.0
11.880000114440918,22.0,6954.0
5.179999828338623,22.059999465942383,6955.0
18.899999618530273,22.020000457763672,6956.0
19.059999465942383,21.739999771118164,6957.0
18.520000457763672,21.899999618530273,6958.0
18.139999389648438,21.979999542236328,6959.0
11.720000267028809,21.940000534057617,6960.0
11.979999542236328,21.81999969482422,6961.0
12.5,21.959999084472656,6962.0
20.579999923706055,22.040000915527344,6963.0
20.360000610351562,22.059999465942383,6964.0
20.81999969482422,21.8799991607666,6965.0
21.0,22.100000381469727,6966.0
20.979999542236328,21.219999313354492,6967.0
20.959999084472656,21.600000381469727,6968.0
20.780000686645508,33.040000915527344,6969.0
21.139999389648438,21.5,6970.0
20.81999969482422,21.299999237060547,6971.0
20.959999084472656,22.100000381469727,6972.0
21.299999237060547,21.420000076293945,6973.0
21.540000915527344,21.959999084472656,6974.0
11.720000267028809,21.760000228881836,6975.0
12.119999885559082,21.639999389648438,6976.0
21.299999237060547,21.420000076293945,6977.0
21.18000030517578,21.420000076293945,6978.0
20.979999542236328,21.219999313354492,6979.0
10.140000343322754,21.299999237060547,6980.0
21.059999465942383,21.239999771118164,6981.0
21.059999465942383,21.219999313354492,6982.0
10.579999923706055,21.479999542236328,6983.0
20.920000076293945,21.31999969482422,6984.0
20.719999313354492,21.760000228881836,6985.0
20.780000686645508,21.899999618530273,6986.0
10.220000267028809,21.8799991607666,6987.0
10.180000305175781,22.0,6988.0
20.920000076293945,21.719999313354492,6989.0
20.920000076293945,21.8799991607666,6990.0
20.799999237060547,22.18000030517578,6991.0
20.299999237060547,21.81999969482422,6992.0
20.059999465942383,21.299999237060547,6993.0
20.200000762939453,21.579999923706055,6994.0
20.1200008392334,21.020000457763672,6995.0
20.360000610351562,22.260000228881836,6996.0
20.5,22.020000457763672,6997.0
20.280000686645508,20.979999542236328,6998.0
20.65999984741211,21.219999313354492,6999.0
12.34000015258789,21.18000030517578,7000.0
20.559999465942383,21.15999984741211,7001.0
19.639999389648438,21.440000534057617,7002.0
20.020000457763672,21.780000686645508,7003.0
20.540000915527344,21.579999923706055,7004.0
20.260000228881836,21.81999969482422,7005.0
20.5,22.040000915527344,7006.0
20.079999923706055,21.979999542236328,7007.0
20.459999084472656,22.139999389648438,7008.0
20.440000534057617,22.239999771118164,7009.0
20.399999618530273,22.079999923706055,7010.0
20.579999923706055,22.15999984741211,7011.0
20.34000015258789,22.31999969482422,7012.0
20.420000076293945,22.059999465942383,7013.0
20.540000915527344,22.020000457763672,7014.0
20.020000457763672,21.899999618530273,7015.0
19.959999084472656,22.219999313354492,7016.0
20.860000610351562,22.1200008392334,7017.0
20.940000534057617,22.219999313354492,7018.0
21.31999969482422,22.18000030517578,7019.0
21.15999984741211,22.280000686645508,7020.0
21.399999618530273,22.1200008392334,7021.0
21.940000534057617,22.219999313354492,7022.0
21.219999313354492,22.18000030517578,7023.0
21.540000915527344,22.260000228881836,7024.0
20.579999923706055,22.280000686645508,7025.0
20.579999923706055,21.8799991607666,7026.0
20.700000762939453,22.079999923706055,7027.0
21.079999923706055,22.020000457763672,7028.0
20.579999923706055,21.860000610351562,7029.0
20.420000076293945,21.84000015258789,7030.0
20.799999237060547,21.700000762939453,7031.0
20.420000076293945,22.059999465942383,7032.0
20.459999084472656,22.200000762939453,7033.0
11.680000305175781,22.260000228881836,7034.0
11.920000076293945,22.100000381469727,7035.0
12.279999732971191,22.239999771118164,7036.0
12.239999771118164,21.739999771118164,7037.0
12.319999694824219,21.799999237060547,7038.0
12.199999809265137,21.65999984741211,7039.0
12.279999732971191,21.540000915527344,7040.0
11.9399995803833,21.899999618530273,7041.0
21.299999237060547,21.860000610351562,7042.0
21.18000030517578,21.799999237060547,7043.0
21.260000228881836,22.100000381469727,7044.0
21.299999237060547,21.860000610351562,7045.0
12.859999656677246,22.079999923706055,7046.0
20.84000015258789,22.299999237060547,7047.0
12.960000038146973,22.139999389648438,7048.0
12.779999732971191,22.219999313354492,7049.0
12.420000076293945,22.219999313354492,7050.0
12.579999923706055,22.18000030517578,7051.0
12.539999961853027,21.979999542236328,7052.0
12.680000305175781,21.719999313354492,7053.0
12.979999542236328,22.34000015258789,7054.0
12.979999542236328,22.420000076293945,7055.0
13.380000114440918,22.15999984741211,7056.0
13.34000015258789,21.8799991607666,7057.0
13.239999771118164,21.899999618530273,7058.0
12.979999542236328,22.139999389648438,7059.0
8.34000015258789,22.100000381469727,7060.0
13.399999618530273,22.260000228881836,7061.0
13.34000015258789,21.940000534057617,7062.0
13.399999618530273,22.100000381469727,7063.0
13.4399995803833,22.280000686645508,7064.0
13.260000228881836,22.280000686645508,7065.0
13.239999771118164,22.18000030517578,7066.0
13.239999771118164,22.059999465942383,7067.0
13.0,21.860000610351562,7068.0
13.0600004196167,21.920000076293945,7069.0
13.020000457763672,22.0,7070.0
13.039999961853027,22.100000381469727,7071.0
12.979999542236328,22.139999389648438,7072.0
12.65999984741211,22.260000228881836,7073.0
13.039999961853027,22.31999969482422,7074.0
12.899999618530273,22.260000228881836,7075.0
13.039999961853027,22.239999771118164,7076.0
13.039999961853027,22.299999237060547,7077.0
13.100000381469727,22.299999237060547,7078.0
13.4399995803833,22.239999771118164,7079.0
13.420000076293945,22.299999237060547,7080.0
13.539999961853027,22.31999969482422,7081.0
13.65999984741211,22.15999984741211,7082.0
13.5,22.280000686645508,7083.0
13.079999923706055,22.040000915527344,7084.0
13.119999885559082,22.1200008392334,7085.0
13.220000267028809,22.31999969482422,7086.0
6.420000076293945,22.1200008392334,7087.0
13.319999694824219,22.239999771118164,7088.0
13.619999885559082,22.280000686645508,7089.0
13.760000228881836,22.31999969482422,7090.0
13.5600004196167,22.219999313354492,7091.0
14.199999809265137,22.200000762939453,7092.0
13.619999885559082,22.239999771118164,7093.0
13.15999984741211,22.139999389648438,7094.0
13.619999885559082,21.940000534057617,7095.0
21.399999618530273,22.34000015258789,7096.0
21.299999237060547,22.280000686645508,7097.0
13.260000228881836,22.280000686645508,7098.0
21.31999969482422,22.200000762939453,7099.0
21.520000457763672,22.219999313354492,7100.0
13.5600004196167,22.360000610351562,7101.0
14.0,22.18000030517578,7102.0
14.119999885559082,22.360000610351562,7103.0
13.479999542236328,22.239999771118164,7104.0
13.619999885559082,22.1200008392334,7105.0
13.479999542236328,22.299999237060547,7106.0
13.300000190734863,22.200000762939453,7107.0
13.300000190734863,22.540000915527344,7108.0
13.4399995803833,22.420000076293945,7109.0
13.319999694824219,22.100000381469727,7110.0
13.319999694824219,22.280000686645508,7111.0
13.199999809265137,22.219999313354492,7112.0
12.9399995803833,22.280000686645508,7113.0
12.640000343322754,22.280000686645508,7114.0
13.239999771118164,22.399999618530273,7115.0
12.819999694824219,22.239999771118164,7116.0
12.979999542236328,22.280000686645508,7117.0
13.260000228881836,22.479999542236328,7118.0
13.539999961853027,22.440000534057617,7119.0
13.359999656677246,22.440000534057617,7120.0
13.579999923706055,22.299999237060547,7121.0
13.800000190734863,22.31999969482422,7122.0
13.779999732971191,22.200000762939453,7123.0
14.039999961853027,22.200000762939453,7124.0
13.699999809265137,22.280000686645508,7125.0
13.699999809265137,22.139999389648438,7126.0
13.65999984741211,22.280000686645508,7127.0
12.920000076293945,22.200000762939453,7128.0
13.539999961853027,22.34000015258789,7129.0
13.779999732971191,22.239999771118164,7130.0
13.579999923706055,22.139999389648438,7131.0
13.979999542236328,22.200000762939453,7132.0
13.880000114440918,22.34000015258789,7133.0
13.699999809265137,22.219999313354492,7134.0
11.0600004196167,22.299999237060547,7135.0
11.520000457763672,22.1200008392334,7136.0
11.039999961853027,22.200000762939453,7137.0
11.0600004196167,22.020000457763672,7138.0
13.15999984741211,22.260000228881836,7139.0
13.399999618530273,22.079999923706055,7140.0
13.380000114440918,22.18000030517578,7141.0
13.5,22.059999465942383,7142.0
13.0600004196167,22.040000915527344,7143.0
13.399999618530273,22.18000030517578,7144.0
12.380000114440918,22.34000015258789,7145.0
12.880000114440918,22.399999618530273,7146.0
12.420000076293945,22.540000915527344,7147.0
13.720000267028809,22.479999542236328,7148.0
13.180000305175781,22.399999618530273,7149.0
13.15999984741211,22.479999542236328,7150.0
13.079999923706055,22.440000534057617,7151.0
12.84000015258789,22.479999542236328,7152.0
13.199999809265137,22.440000534057617,7153.0
12.920000076293945,22.479999542236328,7154.0
13.239999771118164,22.440000534057617,7155.0
13.260000228881836,22.540000915527344,7156.0
13.15999984741211,22.399999618530273,7157.0
13.520000457763672,22.68000030517578,7158.0
13.239999771118164,22.459999084472656,7159.0
13.260000228881836,22.68000030517578,7160.0
13.399999618530273,22.399999618530273,7161.0
13.260000228881836,22.5,7162.0
13.260000228881836,22.639999389648438,7163.0
13.220000267028809,22.399999618530273,7164.0
13.260000228881836,22.399999618530273,7165.0
13.220000267028809,22.540000915527344,7166.0
13.0,22.440000534057617,7167.0
13.180000305175781,22.399999618530273,7168.0
13.020000457763672,22.399999618530273,7169.0
13.180000305175781,22.440000534057617,7170.0
13.180000305175781,22.5,7171.0
13.600000381469727,22.559999465942383,7172.0
13.380000114440918,22.559999465942383,7173.0
13.260000228881836,22.6200008392334,7174.0
13.420000076293945,22.579999923706055,7175.0
13.220000267028809,22.399999618530273,7176.0
13.600000381469727,22.520000457763672,7177.0
13.0600004196167,22.3799991607666,7178.0
13.520000457763672,22.299999237060547,7179.0
12.979999542236328,22.459999084472656,7180.0
13.819999694824219,22.440000534057617,7181.0
13.479999542236328,22.280000686645508,7182.0
13.279999732971191,22.280000686645508,7183.0
13.140000343322754,22.31999969482422,7184.0
13.420000076293945,22.34000015258789,7185.0
13.100000381469727,22.399999618530273,7186.0
13.420000076293945,22.5,7187.0
13.180000305175781,22.520000457763672,7188.0
13.319999694824219,22.459999084472656,7189.0
13.319999694824219,22.6200008392334,7190.0
13.380000114440918,22.65999984741211,7191.0
13.4399995803833,22.719999313354492,7192.0
13.319999694824219,22.6200008392334,7193.0
13.300000190734863,22.479999542236328,7194.0
13.460000038146973,22.559999465942383,7195.0
13.279999732971191,22.540000915527344,7196.0
13.279999732971191,22.479999542236328,7197.0
13.260000228881836,22.459999084472656,7198.0
13.359999656677246,22.459999084472656,7199.0
13.359999656677246,22.479999542236328,7200.0
13.5,22.540000915527344,7201.0
13.5,22.5,7202.0
13.520000457763672,22.459999084472656,7203.0
13.399999618530273,22.440000534057617,7204.0
13.539999961853027,22.459999084472656,7205.0
13.5,22.479999542236328,7206.0
13.5600004196167,22.520000457763672,7207.0
13.539999961853027,22.5,7208.0
13.420000076293945,22.520000457763672,7209.0
13.539999961853027,22.440000534057617,7210.0
13.380000114440918,22.479999542236328,7211.0
13.399999618530273,22.360000610351562,7212.0
12.279999732971191,22.399999618530273,7213.0
13.0,22.459999084472656,7214.0
12.84000015258789,22.3799991607666,7215.0
13.15999984741211,22.520000457763672,7216.0
12.84000015258789,22.34000015258789,7217.0
13.239999771118164,22.600000381469727,7218.0
12.579999923706055,22.3799991607666,7219.0
13.199999809265137,22.459999084472656,7220.0
13.4399995803833,22.420000076293945,7221.0
13.0600004196167,22.520000457763672,7222.0
13.180000305175781,22.600000381469727,7223.0
12.699999809265137,22.600000381469727,7224.0
12.9399995803833,22.68000030517578,7225.0
12.65999984741211,22.65999984741211,7226.0
13.020000457763672,22.700000762939453,7227.0
11.9399995803833,22.3799991607666,7228.0
11.800000190734863,22.3799991607666,7229.0
12.680000305175781,22.040000915527344,7230.0
13.140000343322754,22.639999389648438,7231.0
12.640000343322754,22.6200008392334,7232.0
11.65999984741211,22.719999313354492,7233.0
11.34000015258789,22.719999313354492,7234.0
11.539999961853027,22.260000228881836,7235.0
11.300000190734863,22.200000762939453,7236.0
11.260000228881836,22.260000228881836,7237.0
11.300000190734863,22.239999771118164,7238.0
11.359999656677246,22.139999389648438,7239.0
11.479999542236328,22.299999237060547,7240.0
11.539999961853027,22.059999465942383,7241.0
11.300000190734863,22.65999984741211,7242.0
11.079999923706055,22.200000762939453,7243.0
11.0,22.479999542236328,7244.0
11.300000190734863,22.700000762939453,7245.0
11.5,22.700000762939453,7246.0
12.220000267028809,22.760000228881836,7247.0
11.300000190734863,22.6200008392334,7248.0
11.460000038146973,22.559999465942383,7249.0
11.579999923706055,22.3799991607666,7250.0
11.380000114440918,22.6200008392334,7251.0
11.619999885559082,22.579999923706055,7252.0
11.539999961853027,22.3799991607666,7253.0
12.4399995803833,22.420000076293945,7254.0
11.579999923706055,22.299999237060547,7255.0
12.960000038146973,22.639999389648438,7256.0
11.100000381469727,22.3799991607666,7257.0
13.579999923706055,22.559999465942383,7258.0
11.260000228881836,22.540000915527344,7259.0
12.819999694824219,22.639999389648438,7260.0
11.399999618530273,22.799999237060547,7261.0
11.619999885559082,22.459999084472656,7262.0
11.239999771118164,22.280000686645508,7263.0
11.960000038146973,22.360000610351562,7264.0
12.0600004196167,22.399999618530273,7265.0
11.180000305175781,22.579999923706055,7266.0
11.520000457763672,22.34000015258789,7267.0
11.0600004196167,22.5,7268.0
12.199999809265137,22.520000457763672,7269.0
11.0600004196167,22.65999984741211,7270.0
10.9399995803833,22.360000610351562,7271.0
12.34000015258789,22.3799991607666,7272.0
12.260000228881836,22.760000228881836,7273.0
12.380000114440918,22.700000762939453,7274.0
13.0,22.559999465942383,7275.0
12.819999694824219,22.540000915527344,7276.0
12.880000114440918,22.600000381469727,7277.0
12.779999732971191,22.639999389648438,7278.0
13.5,22.600000381469727,7279.0
10.260000228881836,22.600000381469727,7280.0
13.579999923706055,22.639999389648438,7281.0
13.5600004196167,22.600000381469727,7282.0
9.9399995803833,22.479999542236328,7283.0
9.779999732971191,22.540000915527344,7284.0
10.119999885559082,22.719999313354492,7285.0
12.979999542236328,22.760000228881836,7286.0
10.920000076293945,22.84000015258789,7287.0
10.460000038146973,22.920000076293945,7288.0
11.15999984741211,22.780000686645508,7289.0
10.539999961853027,22.719999313354492,7290.0
10.859999656677246,22.68000030517578,7291.0
11.140000343322754,22.6200008392334,7292.0
11.479999542236328,22.639999389648438,7293.0
11.460000038146973,22.65999984741211,7294.0
11.220000267028809,22.5,7295.0
11.420000076293945,22.600000381469727,7296.0
12.0,22.639999389648438,7297.0
12.5,22.399999618530273,7298.0
12.65999984741211,22.31999969482422,7299.0
13.020000457763672,22.600000381469727,7300.0
12.640000343322754,22.739999771118164,7301.0
12.579999923706055,22.780000686645508,7302.0
12.9399995803833,22.799999237060547,7303.0
11.699999809265137,22.579999923706055,7304.0
11.15999984741211,22.399999618530273,7305.0
11.359999656677246,22.3799991607666,7306.0
11.15999984741211,22.360000610351562,7307.0
11.15999984741211,22.299999237060547,7308.0
11.100000381469727,22.219999313354492,7309.0
11.779999732971191,22.360000610351562,7310.0
12.15999984741211,22.540000915527344,7311.0
12.359999656677246,22.639999389648438,7312.0
12.0600004196167,22.6200008392334,7313.0
12.979999542236328,22.68000030517578,7314.0
12.899999618530273,22.579999923706055,7315.0
12.180000305175781,22.600000381469727,7316.0
12.739999771118164,22.65999984741211,7317.0
13.220000267028809,22.68000030517578,7318.0
13.0600004196167,22.719999313354492,7319.0
12.65999984741211,22.6200008392334,7320.0
12.34000015258789,22.68000030517578,7321.0
13.140000343322754,22.700000762939453,7322.0
12.800000190734863,22.540000915527344,7323.0
12.119999885559082,22.540000915527344,7324.0
11.920000076293945,22.860000610351562,7325.0
11.600000381469727,22.600000381469727,7326.0
11.899999618530273,22.739999771118164,7327.0
12.600000381469727,22.780000686645508,7328.0
12.279999732971191,22.84000015258789,7329.0
12.979999542236328,22.8799991607666,7330.0
12.34000015258789,22.799999237060547,7331.0
12.819999694824219,22.760000228881836,7332.0
12.760000228881836,22.84000015258789,7333.0
12.739999771118164,22.719999313354492,7334.0
12.539999961853027,22.760000228881836,7335.0
12.5,22.780000686645508,7336.0
13.039999961853027,22.639999389648438,7337.0
12.899999618530273,22.65999984741211,7338.0
12.819999694824219,22.479999542236328,7339.0
12.9399995803833,22.700000762939453,7340.0
13.100000381469727,22.600000381469727,7341.0
13.359999656677246,22.780000686645508,7342.0
13.380000114440918,22.799999237060547,7343.0
13.119999885559082,22.84000015258789,7344.0
12.84000015258789,22.780000686645508,7345.0
13.020000457763672,22.799999237060547,7346.0
13.0,22.81999969482422,7347.0
12.9399995803833,22.6200008392334,7348.0
13.020000457763672,22.719999313354492,7349.0
12.779999732971191,22.540000915527344,7350.0
13.039999961853027,22.799999237060547,7351.0
13.100000381469727,22.8799991607666,7352.0
12.9399995803833,22.84000015258789,7353.0
13.039999961853027,22.799999237060547,7354.0
13.0600004196167,22.799999237060547,7355.0
12.920000076293945,22.799999237060547,7356.0
13.239999771118164,22.959999084472656,7357.0
13.300000190734863,22.920000076293945,7358.0
13.020000457763672,22.920000076293945,7359.0
12.979999542236328,22.940000534057617,7360.0
12.039999961853027,22.959999084472656,7361.0
12.399999618530273,23.040000915527344,7362.0
12.119999885559082,23.079999923706055,7363.0
12.600000381469727,23.020000457763672,7364.0
13.180000305175781,23.079999923706055,7365.0
12.34000015258789,23.0,7366.0
12.260000228881836,23.020000457763672,7367.0
12.5,22.8799991607666,7368.0
13.119999885559082,22.979999542236328,7369.0
13.100000381469727,22.940000534057617,7370.0
13.140000343322754,22.920000076293945,7371.0
12.859999656677246,22.959999084472656,7372.0
13.0600004196167,22.979999542236328,7373.0
13.039999961853027,22.920000076293945,7374.0
13.420000076293945,22.899999618530273,7375.0
13.5600004196167,22.860000610351562,7376.0
13.220000267028809,22.8799991607666,7377.0
12.140000343322754,22.81999969482422,7378.0
12.579999923706055,22.899999618530273,7379.0
11.9399995803833,22.940000534057617,7380.0
11.800000190734863,22.920000076293945,7381.0
11.880000114440918,23.020000457763672,7382.0
11.880000114440918,22.979999542236328,7383.0
12.020000457763672,23.0,7384.0
12.4399995803833,22.940000534057617,7385.0
13.880000114440918,22.979999542236328,7386.0
13.020000457763672,22.860000610351562,7387.0
13.699999809265137,23.020000457763672,7388.0
13.65999984741211,22.920000076293945,7389.0
13.5600004196167,22.979999542236328,7390.0
13.479999542236328,22.959999084472656,7391.0
13.180000305175781,22.959999084472656,7392.0
13.399999618530273,23.020000457763672,7393.0
13.479999542236328,23.0,7394.0
13.220000267028809,23.139999389648438,7395.0
13.5,22.979999542236328,7396.0
10.34000015258789,23.139999389648438,7397.0
13.699999809265137,23.079999923706055,7398.0
13.779999732971191,23.079999923706055,7399.0
14.680000305175781,23.0,7400.0
13.960000038146973,22.940000534057617,7401.0
14.399999618530273,22.979999542236328,7402.0
14.5600004196167,23.020000457763672,7403.0
14.5600004196167,23.020000457763672,7404.0
14.699999809265137,22.979999542236328,7405.0
14.640000343322754,22.940000534057617,7406.0
14.899999618530273,22.979999542236328,7407.0
22.780000686645508,23.020000457763672,7408.0
9.680000305175781,22.920000076293945,7409.0
9.420000076293945,22.899999618530273,7410.0
9.640000343322754,22.899999618530273,7411.0
15.380000114440918,22.8799991607666,7412.0
14.920000076293945,22.81999969482422,7413.0
14.979999542236328,22.8799991607666,7414.0
15.600000381469727,22.920000076293945,7415.0
15.0600004196167,23.0,7416.0
9.880000114440918,22.959999084472656,7417.0
9.800000190734863,22.860000610351562,7418.0
9.800000190734863,22.8799991607666,7419.0
9.819999694824219,22.920000076293945,7420.0
9.720000267028809,22.84000015258789,7421.0
9.720000267028809,23.059999465942383,7422.0
9.720000267028809,22.899999618530273,7423.0
9.739999771118164,22.780000686645508,7424.0
9.859999656677246,22.84000015258789,7425.0
9.819999694824219,22.860000610351562,7426.0
9.979999542236328,22.780000686645508,7427.0
22.940000534057617,22.8799991607666,7428.0
22.940000534057617,22.899999618530273,7429.0
15.399999618530273,23.100000381469727,7430.0
15.020000457763672,23.020000457763672,7431.0
15.180000305175781,22.940000534057617,7432.0
22.81999969482422,22.979999542236328,7433.0
22.899999618530273,23.280000686645508,7434.0
15.180000305175781,22.899999618530273,7435.0
22.639999389648438,23.18000030517578,7436.0
14.760000228881836,23.059999465942383,7437.0
15.15999984741211,23.239999771118164,7438.0
15.0,23.219999313354492,7439.0
22.579999923706055,23.0,7440.0
14.979999542236328,23.239999771118164,7441.0
15.0600004196167,23.040000915527344,7442.0
15.239999771118164,23.100000381469727,7443.0
15.399999618530273,23.040000915527344,7444.0
15.220000267028809,23.1200008392334,7445.0
15.140000343322754,23.219999313354492,7446.0
15.140000343322754,23.139999389648438,7447.0
14.760000228881836,23.299999237060547,7448.0
14.779999732971191,23.059999465942383,7449.0
14.779999732971191,23.0,7450.0
15.199999809265137,22.959999084472656,7451.0
14.899999618530273,23.0,7452.0
14.539999961853027,23.040000915527344,7453.0
14.520000457763672,23.100000381469727,7454.0
14.180000305175781,23.18000030517578,7455.0
14.220000267028809,23.1200008392334,7456.0
14.460000038146973,23.18000030517578,7457.0
14.65999984741211,23.040000915527344,7458.0
14.420000076293945,23.139999389648438,7459.0
14.619999885559082,23.219999313354492,7460.0
14.300000190734863,23.040000915527344,7461.0
14.100000381469727,23.139999389648438,7462.0
14.0,23.100000381469727,7463.0
14.239999771118164,23.079999923706055,7464.0
14.0,23.200000762939453,7465.0
13.899999618530273,23.100000381469727,7466.0
14.140000343322754,23.139999389648438,7467.0
14.119999885559082,23.079999923706055,7468.0
14.15999984741211,23.139999389648438,7469.0
14.199999809265137,23.18000030517578,7470.0
13.979999542236328,23.040000915527344,7471.0
13.880000114440918,23.139999389648438,7472.0
13.619999885559082,23.18000030517578,7473.0
13.9399995803833,23.079999923706055,7474.0
13.960000038146973,23.200000762939453,7475.0
14.0,23.100000381469727,7476.0
14.039999961853027,23.239999771118164,7477.0
13.819999694824219,23.18000030517578,7478.0
13.699999809265137,23.200000762939453,7479.0
13.960000038146973,23.100000381469727,7480.0
13.739999771118164,23.18000030517578,7481.0
13.579999923706055,23.200000762939453,7482.0
13.640000343322754,23.260000228881836,7483.0
13.640000343322754,23.139999389648438,7484.0
13.619999885559082,23.139999389648438,7485.0
13.600000381469727,23.18000030517578,7486.0
13.65999984741211,23.18000030517578,7487.0
13.600000381469727,23.34000015258789,7488.0
13.600000381469727,23.18000030517578,7489.0
13.640000343322754,23.200000762939453,7490.0
13.600000381469727,23.18000030517578,7491.0
13.479999542236328,23.299999237060547,7492.0
13.5600004196167,23.299999237060547,7493.0
13.5600004196167,23.459999084472656,7494.0
13.65999984741211,23.559999465942383,7495.0
13.640000343322754,23.420000076293945,7496.0
13.600000381469727,23.559999465942383,7497.0
13.579999923706055,23.31999969482422,7498.0
13.619999885559082,23.34000015258789,7499.0
13.619999885559082,23.18000030517578,7500.0
13.15999984741211,23.34000015258789,7501.0
13.699999809265137,23.34000015258789,7502.0
13.180000305175781,23.040000915527344,7503.0
14.100000381469727,23.200000762939453,7504.0
13.15999984741211,23.040000915527344,7505.0
13.319999694824219,23.020000457763672,7506.0
13.460000038146973,23.040000915527344,7507.0
13.420000076293945,23.040000915527344,7508.0
13.380000114440918,23.020000457763672,7509.0
13.539999961853027,23.200000762939453,7510.0
13.479999542236328,22.959999084472656,7511.0
13.619999885559082,23.139999389648438,7512.0
13.4399995803833,23.459999084472656,7513.0
13.479999542236328,23.200000762939453,7514.0
13.5600004196167,23.239999771118164,7515.0
13.319999694824219,23.34000015258789,7516.0
13.199999809265137,23.31999969482422,7517.0
13.239999771118164,23.18000030517578,7518.0
12.720000267028809,23.139999389648438,7519.0
12.880000114440918,23.1200008392334,7520.0
12.9399995803833,23.079999923706055,7521.0
12.819999694824219,23.079999923706055,7522.0
12.579999923706055,23.139999389648438,7523.0
12.680000305175781,23.139999389648438,7524.0
12.640000343322754,23.239999771118164,7525.0
13.239999771118164,23.139999389648438,7526.0
13.199999809265137,23.139999389648438,7527.0
13.300000190734863,23.100000381469727,7528.0
13.220000267028809,23.1200008392334,7529.0
13.420000076293945,23.139999389648438,7530.0
13.34000015258789,23.239999771118164,7531.0
13.300000190734863,23.15999984741211,7532.0
13.399999618530273,23.18000030517578,7533.0
13.479999542236328,23.139999389648438,7534.0
13.420000076293945,23.079999923706055,7535.0
13.460000038146973,23.139999389648438,7536.0
13.319999694824219,23.139999389648438,7537.0
13.420000076293945,23.100000381469727,7538.0
13.579999923706055,23.079999923706055,7539.0
14.0,23.100000381469727,7540.0
14.100000381469727,23.100000381469727,7541.0
13.5600004196167,23.079999923706055,7542.0
14.380000114440918,23.040000915527344,7543.0
13.319999694824219,23.040000915527344,7544.0
13.819999694824219,23.1200008392334,7545.0
14.15999984741211,23.040000915527344,7546.0
13.539999961853027,23.100000381469727,7547.0
13.760000228881836,23.079999923706055,7548.0
13.779999732971191,23.18000030517578,7549.0
14.15999984741211,23.100000381469727,7550.0
14.300000190734863,23.040000915527344,7551.0
14.180000305175781,23.059999465942383,7552.0
14.0,23.079999923706055,7553.0
14.100000381469727,23.040000915527344,7554.0
14.300000190734863,23.100000381469727,7555.0
14.140000343322754,23.18000030517578,7556.0
14.399999618530273,23.139999389648438,7557.0
14.460000038146973,23.239999771118164,7558.0
14.180000305175781,23.260000228881836,7559.0
14.34000015258789,23.260000228881836,7560.0
14.100000381469727,23.200000762939453,7561.0
14.319999694824219,23.239999771118164,7562.0
14.239999771118164,23.18000030517578,7563.0
14.539999961853027,23.139999389648438,7564.0
14.260000228881836,23.139999389648438,7565.0
14.4399995803833,23.139999389648438,7566.0
14.239999771118164,23.139999389648438,7567.0
14.279999732971191,23.200000762939453,7568.0
14.140000343322754,23.139999389648438,7569.0
14.100000381469727,23.139999389648438,7570.0
14.300000190734863,23.15999984741211,7571.0
14.15999984741211,23.18000030517578,7572.0
14.300000190734863,23.239999771118164,7573.0
14.15999984741211,23.260000228881836,7574.0
14.199999809265137,23.139999389648438,7575.0
14.140000343322754,23.200000762939453,7576.0
14.300000190734863,23.360000610351562,7577.0
14.020000457763672,23.18000030517578,7578.0
14.15999984741211,23.1200008392334,7579.0
14.119999885559082,23.31999969482422,7580.0
14.140000343322754,23.18000030517578,7581.0
14.15999984741211,23.260000228881836,7582.0
14.180000305175781,23.459999084472656,7583.0
14.140000343322754,23.200000762939453,7584.0
14.699999809265137,23.34000015258789,7585.0
14.220000267028809,23.260000228881836,7586.0
14.65999984741211,23.360000610351562,7587.0
14.4399995803833,23.3799991607666,7588.0
14.619999885559082,23.459999084472656,7589.0
14.65999984741211,23.34000015258789,7590.0
14.699999809265137,23.440000534057617,7591.0
14.880000114440918,23.68000030517578,7592.0
14.739999771118164,23.280000686645508,7593.0
14.739999771118164,23.260000228881836,7594.0
14.699999809265137,23.34000015258789,7595.0
14.859999656677246,23.299999237060547,7596.0
14.699999809265137,23.440000534057617,7597.0
14.739999771118164,23.479999542236328,7598.0
14.5600004196167,23.280000686645508,7599.0
15.020000457763672,23.440000534057617,7600.0
14.619999885559082,23.34000015258789,7601.0
14.5,23.299999237060547,7602.0
14.420000076293945,23.239999771118164,7603.0
15.0,23.280000686645508,7604.0
14.880000114440918,23.299999237060547,7605.0
15.239999771118164,23.139999389648438,7606.0
15.0,23.239999771118164,7607.0
15.420000076293945,23.280000686645508,7608.0
15.180000305175781,23.18000030517578,7609.0
14.960000038146973,23.079999923706055,7610.0
14.960000038146973,23.260000228881836,7611.0
14.619999885559082,23.200000762939453,7612.0
15.180000305175781,23.239999771118164,7613.0
14.699999809265137,23.139999389648438,7614.0
14.979999542236328,23.079999923706055,7615.0
14.260000228881836,23.18000030517578,7616.0
15.119999885559082,23.34000015258789,7617.0
15.880000114440918,23.31999969482422,7618.0
14.720000267028809,23.360000610351562,7619.0
14.5,23.280000686645508,7620.0
14.65999984741211,23.5,7621.0
14.0600004196167,23.299999237060547,7622.0
13.84000015258789,23.5,7623.0
14.760000228881836,23.280000686645508,7624.0
14.65999984741211,23.360000610351562,7625.0
14.579999923706055,23.239999771118164,7626.0
14.420000076293945,23.299999237060547,7627.0
13.140000343322754,23.15999984741211,7628.0
13.579999923706055,23.15999984741211,7629.0
13.300000190734863,23.219999313354492,7630.0
12.979999542236328,23.31999969482422,7631.0
13.699999809265137,23.139999389648438,7632.0
14.279999732971191,23.139999389648438,7633.0
14.020000457763672,23.139999389648438,7634.0
13.039999961853027,23.31999969482422,7635.0
13.079999923706055,23.3799991607666,7636.0
13.119999885559082,23.260000228881836,7637.0
13.0600004196167,23.399999618530273,7638.0
13.5,23.31999969482422,7639.0
13.699999809265137,23.260000228881836,7640.0
13.640000343322754,23.299999237060547,7641.0
13.84000015258789,23.299999237060547,7642.0
14.279999732971191,23.399999618530273,7643.0
14.079999923706055,23.31999969482422,7644.0
14.279999732971191,23.260000228881836,7645.0
14.260000228881836,23.34000015258789,7646.0
14.399999618530273,23.3799991607666,7647.0
14.039999961853027,23.360000610351562,7648.0
14.0600004196167,23.299999237060547,7649.0
13.800000190734863,23.420000076293945,7650.0
13.699999809265137,23.280000686645508,7651.0
13.239999771118164,23.360000610351562,7652.0
13.039999961853027,23.360000610351562,7653.0
13.279999732971191,23.34000015258789,7654.0
12.960000038146973,23.360000610351562,7655.0
13.239999771118164,23.31999969482422,7656.0
13.359999656677246,23.34000015258789,7657.0
13.0,23.31999969482422,7658.0
13.399999618530273,23.260000228881836,7659.0
12.699999809265137,23.34000015258789,7660.0
12.819999694824219,23.3799991607666,7661.0
12.420000076293945,23.520000457763672,7662.0
12.420000076293945,23.440000534057617,7663.0
12.680000305175781,23.479999542236328,7664.0
12.960000038146973,23.3799991607666,7665.0
13.0,23.399999618530273,7666.0
14.020000457763672,23.420000076293945,7667.0
15.15999984741211,23.399999618530273,7668.0
13.9399995803833,23.399999618530273,7669.0
14.100000381469727,23.18000030517578,7670.0
14.0,23.100000381469727,7671.0
13.899999618530273,23.280000686645508,7672.0
13.619999885559082,23.34000015258789,7673.0
14.079999923706055,23.18000030517578,7674.0
13.65999984741211,23.34000015258789,7675.0
13.479999542236328,23.579999923706055,7676.0
13.34000015258789,23.440000534057617,7677.0
12.819999694824219,23.360000610351562,7678.0
13.199999809265137,23.280000686645508,7679.0
13.279999732971191,23.299999237060547,7680.0
12.979999542236328,23.540000915527344,7681.0
12.819999694824219,23.299999237060547,7682.0
12.5,23.360000610351562,7683.0
10.579999923706055,23.219999313354492,7684.0
11.0,23.459999084472656,7685.0
11.020000457763672,23.020000457763672,7686.0
10.859999656677246,22.899999618530273,7687.0
11.84000015258789,23.079999923706055,7688.0
22.899999618530273,23.360000610351562,7689.0
12.34000015258789,23.31999969482422,7690.0
12.979999542236328,23.3799991607666,7691.0
12.5600004196167,23.360000610351562,7692.0
13.819999694824219,23.360000610351562,7693.0
23.079999923706055,23.360000610351562,7694.0
14.020000457763672,23.540000915527344,7695.0
13.239999771118164,23.360000610351562,7696.0
13.539999961853027,23.420000076293945,7697.0
12.819999694824219,23.360000610351562,7698.0
11.479999542236328,23.3799991607666,7699.0
12.260000228881836,23.3799991607666,7700.0
11.9399995803833,23.459999084472656,7701.0
11.34000015258789,23.5,7702.0
12.84000015258789,23.479999542236328,7703.0
13.239999771118164,23.65999984741211,7704.0
23.239999771118164,23.65999984741211,7705.0
13.239999771118164,23.479999542236328,7706.0
13.34000015258789,23.440000534057617,7707.0
13.319999694824219,23.440000534057617,7708.0
23.100000381469727,23.65999984741211,7709.0
23.059999465942383,23.420000076293945,7710.0
23.0,23.540000915527344,7711.0
22.579999923706055,23.299999237060547,7712.0
12.100000381469727,23.440000534057617,7713.0
11.420000076293945,23.059999465942383,7714.0
11.539999961853027,23.440000534057617,7715.0
13.600000381469727,23.399999618530273,7716.0
12.479999542236328,23.459999084472656,7717.0
13.199999809265137,23.479999542236328,7718.0
17.780000686645508,23.540000915527344,7719.0
23.100000381469727,23.3799991607666,7720.0
13.920000076293945,23.459999084472656,7721.0
14.119999885559082,23.520000457763672,7722.0
13.65999984741211,23.700000762939453,7723.0
17.540000915527344,23.31999969482422,7724.0
15.039999961853027,23.399999618530273,7725.0
13.65999984741211,23.18000030517578,7726.0
12.65999984741211,23.479999542236328,7727.0
13.079999923706055,23.3799991607666,7728.0
13.100000381469727,23.31999969482422,7729.0
12.739999771118164,23.34000015258789,7730.0
14.819999694824219,23.399999618530273,7731.0
13.979999542236328,23.260000228881836,7732.0
13.899999618530273,23.31999969482422,7733.0
13.880000114440918,23.459999084472656,7734.0
13.699999809265137,23.440000534057617,7735.0
14.520000457763672,23.399999618530273,7736.0
14.34000015258789,23.420000076293945,7737.0
13.779999732971191,23.399999618530273,7738.0
11.859999656677246,23.280000686645508,7739.0
14.359999656677246,23.360000610351562,7740.0
14.199999809265137,23.219999313354492,7741.0
14.880000114440918,23.440000534057617,7742.0
14.300000190734863,23.040000915527344,7743.0
14.579999923706055,23.260000228881836,7744.0
14.539999961853027,23.020000457763672,7745.0
14.520000457763672,23.3799991607666,7746.0
14.039999961853027,23.520000457763672,7747.0
17.799999237060547,23.600000381469727,7748.0
14.539999961853027,23.579999923706055,7749.0
14.399999618530273,23.540000915527344,7750.0
13.699999809265137,23.68000030517578,7751.0
13.140000343322754,23.360000610351562,7752.0
12.180000305175781,23.459999084472656,7753.0
12.0,23.280000686645508,7754.0
12.100000381469727,23.299999237060547,7755.0
11.520000457763672,23.459999084472656,7756.0
11.65999984741211,23.239999771118164,7757.0
14.260000228881836,23.219999313354492,7758.0
14.300000190734863,23.5,7759.0
14.180000305175781,23.139999389648438,7760.0
14.100000381469727,23.34000015258789,7761.0
13.279999732971191,23.299999237060547,7762.0
12.920000076293945,23.200000762939453,7763.0
11.880000114440918,23.219999313354492,7764.0
11.680000305175781,23.5,7765.0
12.020000457763672,23.31999969482422,7766.0
11.180000305175781,23.639999389648438,7767.0
11.220000267028809,23.360000610351562,7768.0
23.059999465942383,23.739999771118164,7769.0
22.739999771118164,23.260000228881836,7770.0
11.399999618530273,23.040000915527344,7771.0
12.020000457763672,22.8799991607666,7772.0
21.940000534057617,23.059999465942383,7773.0
11.539999961853027,23.0,7774.0
14.020000457763672,22.459999084472656,7775.0
13.899999618530273,23.459999084472656,7776.0
11.319999694824219,23.639999389648438,7777.0
11.380000114440918,23.5,7778.0
11.479999542236328,23.3799991607666,7779.0
11.119999885559082,23.280000686645508,7780.0
11.180000305175781,22.979999542236328,7781.0
11.640000343322754,23.139999389648438,7782.0
10.899999618530273,23.059999465942383,7783.0
11.859999656677246,23.219999313354492,7784.0
11.460000038146973,23.1200008392334,7785.0
12.880000114440918,23.239999771118164,7786.0
22.299999237060547,22.899999618530273,7787.0
13.619999885559082,23.139999389648438,7788.0
10.979999542236328,23.15999984741211,7789.0
11.140000343322754,23.34000015258789,7790.0
11.079999923706055,23.200000762939453,7791.0
22.579999923706055,23.639999389648438,7792.0
11.0600004196167,23.3799991607666,7793.0
11.960000038146973,23.600000381469727,7794.0
11.579999923706055,23.18000030517578,7795.0
11.9399995803833,23.15999984741211,7796.0
13.239999771118164,23.15999984741211,7797.0
13.15999984741211,22.8799991607666,7798.0
22.040000915527344,23.81999969482422,7799.0
14.359999656677246,23.059999465942383,7800.0
12.65999984741211,23.18000030517578,7801.0
12.979999542236328,22.8799991607666,7802.0
12.800000190734863,23.040000915527344,7803.0
11.239999771118164,23.280000686645508,7804.0
11.020000457763672,23.5,7805.0
11.220000267028809,23.639999389648438,7806.0
11.539999961853027,23.600000381469727,7807.0
11.079999923706055,23.34000015258789,7808.0
13.779999732971191,23.520000457763672,7809.0
21.799999237060547,23.6200008392334,7810.0
14.039999961853027,23.579999923706055,7811.0
10.420000076293945,23.559999465942383,7812.0
13.619999885559082,23.600000381469727,7813.0
10.779999732971191,23.6200008392334,7814.0
10.899999618530273,23.3799991607666,7815.0
10.680000305175781,23.559999465942383,7816.0
13.760000228881836,23.520000457763672,7817.0
11.239999771118164,23.860000610351562,7818.0
14.100000381469727,23.479999542236328,7819.0
14.34000015258789,23.399999618530273,7820.0
10.739999771118164,23.299999237060547,7821.0
23.219999313354492,23.579999923706055,7822.0
10.760000228881836,23.280000686645508,7823.0
10.779999732971191,23.3799991607666,7824.0
10.779999732971191,23.260000228881836,7825.0
10.800000190734863,23.3799991607666,7826.0
10.739999771118164,23.639999389648438,7827.0
10.979999542236328,23.399999618530273,7828.0
14.899999618530273,23.68000030517578,7829.0
14.84000015258789,23.420000076293945,7830.0
14.239999771118164,23.34000015258789,7831.0
13.899999618530273,23.3799991607666,7832.0
14.399999618530273,23.459999084472656,7833.0
14.199999809265137,23.420000076293945,7834.0
14.579999923706055,23.639999389648438,7835.0
13.960000038146973,23.420000076293945,7836.0
13.779999732971191,23.459999084472656,7837.0
11.699999809265137,23.200000762939453,7838.0
11.699999809265137,23.479999542236328,7839.0
11.819999694824219,23.420000076293945,7840.0
11.539999961853027,23.5,7841.0
13.319999694824219,23.239999771118164,7842.0
13.079999923706055,23.399999618530273,7843.0
12.65999984741211,23.299999237060547,7844.0
11.619999885559082,23.260000228881836,7845.0
13.420000076293945,23.3799991607666,7846.0
22.600000381469727,23.420000076293945,7847.0
22.280000686645508,23.18000030517578,7848.0
22.0,23.739999771118164,7849.0
22.34000015258789,23.639999389648438,7850.0
13.020000457763672,23.15999984741211,7851.0
13.279999732971191,23.020000457763672,7852.0
13.319999694824219,23.1200008392334,7853.0
13.399999618530273,22.979999542236328,7854.0
13.5,23.15999984741211,7855.0
13.479999542236328,23.15999984741211,7856.0
13.380000114440918,23.260000228881836,7857.0
13.020000457763672,23.280000686645508,7858.0
10.800000190734863,23.059999465942383,7859.0
10.899999618530273,23.3799991607666,7860.0
12.5,23.34000015258789,7861.0
11.699999809265137,23.34000015258789,7862.0
12.579999923706055,23.420000076293945,7863.0
12.65999984741211,23.34000015258789,7864.0
12.640000343322754,23.540000915527344,7865.0
23.059999465942383,23.639999389648438,7866.0
12.5,23.479999542236328,7867.0
12.34000015258789,23.540000915527344,7868.0
12.819999694824219,23.100000381469727,7869.0
12.399999618530273,23.540000915527344,7870.0
22.65999984741211,23.399999618530273,7871.0
13.079999923706055,23.059999465942383,7872.0
13.619999885559082,23.540000915527344,7873.0
12.920000076293945,23.399999618530273,7874.0
13.140000343322754,23.299999237060547,7875.0
13.319999694824219,23.299999237060547,7876.0
12.579999923706055,23.219999313354492,7877.0
12.760000228881836,23.31999969482422,7878.0
11.699999809265137,23.15999984741211,7879.0
20.780000686645508,23.459999084472656,7880.0
20.739999771118164,23.559999465942383,7881.0
20.8799991607666,23.84000015258789,7882.0
20.799999237060547,23.860000610351562,7883.0
23.059999465942383,23.360000610351562,7884.0
20.899999618530273,23.700000762939453,7885.0
13.84000015258789,23.559999465942383,7886.0
13.760000228881836,23.399999618530273,7887.0
13.859999656677246,23.65999984741211,7888.0
14.0,23.399999618530273,7889.0
13.619999885559082,23.479999542236328,7890.0
20.979999542236328,23.65999984741211,7891.0
14.119999885559082,23.799999237060547,7892.0
20.920000076293945,23.84000015258789,7893.0
20.34000015258789,23.739999771118164,7894.0
20.360000610351562,23.780000686645508,7895.0
20.239999771118164,23.65999984741211,7896.0
20.020000457763672,23.700000762939453,7897.0
20.1200008392334,23.719999313354492,7898.0
20.459999084472656,23.739999771118164,7899.0
20.020000457763672,23.860000610351562,7900.0
20.219999313354492,23.719999313354492,7901.0
20.65999984741211,23.899999618530273,7902.0
20.65999984741211,23.760000228881836,7903.0
20.5,23.920000076293945,7904.0
21.479999542236328,23.700000762939453,7905.0
21.31999969482422,23.780000686645508,7906.0
21.84000015258789,23.739999771118164,7907.0
11.0600004196167,23.700000762939453,7908.0
23.360000610351562,23.799999237060547,7909.0
23.540000915527344,23.860000610351562,7910.0
23.700000762939453,23.719999313354492,7911.0
20.65999984741211,23.81999969482422,7912.0
19.3799991607666,23.65999984741211,7913.0
12.979999542236328,23.65999984741211,7914.0
13.319999694824219,23.65999984741211,7915.0
12.979999542236328,23.860000610351562,7916.0
12.65999984741211,23.780000686645508,7917.0
12.579999923706055,23.719999313354492,7918.0
11.220000267028809,23.65999984741211,7919.0
20.940000534057617,23.739999771118164,7920.0
14.0,23.81999969482422,7921.0
11.300000190734863,23.760000228881836,7922.0
14.520000457763672,23.760000228881836,7923.0
14.359999656677246,23.940000534057617,7924.0
14.460000038146973,24.0,7925.0
21.139999389648438,23.799999237060547,7926.0
21.6200008392334,23.579999923706055,7927.0
21.31999969482422,23.459999084472656,7928.0
21.280000686645508,23.84000015258789,7929.0
21.6200008392334,23.739999771118164,7930.0
21.399999618530273,23.68000030517578,7931.0
23.299999237060547,23.68000030517578,7932.0
22.540000915527344,23.860000610351562,7933.0
13.739999771118164,23.579999923706055,7934.0
13.960000038146973,23.5,7935.0
13.539999961853027,23.799999237060547,7936.0
13.979999542236328,23.540000915527344,7937.0
12.460000038146973,23.700000762939453,7938.0
23.200000762939453,23.780000686645508,7939.0
23.219999313354492,23.799999237060547,7940.0
23.360000610351562,23.860000610351562,7941.0
23.020000457763672,23.799999237060547,7942.0
14.020000457763672,23.780000686645508,7943.0
23.1200008392334,23.540000915527344,7944.0
14.520000457763672,23.3799991607666,7945.0
14.899999618530273,23.479999542236328,7946.0
14.680000305175781,23.639999389648438,7947.0
14.579999923706055,23.68000030517578,7948.0
14.359999656677246,23.860000610351562,7949.0
14.199999809265137,23.719999313354492,7950.0
14.15999984741211,23.860000610351562,7951.0
14.119999885559082,23.799999237060547,7952.0
14.079999923706055,23.739999771118164,7953.0
14.0600004196167,23.899999618530273,7954.0
14.199999809265137,23.8799991607666,7955.0
14.119999885559082,23.860000610351562,7956.0
14.039999961853027,23.719999313354492,7957.0
14.15999984741211,23.899999618530273,7958.0
23.540000915527344,23.8799991607666,7959.0
14.199999809265137,23.860000610351562,7960.0
14.479999542236328,23.81999969482422,7961.0
14.579999923706055,23.860000610351562,7962.0
23.34000015258789,23.84000015258789,7963.0
23.139999389648438,23.84000015258789,7964.0
23.219999313354492,23.8799991607666,7965.0
23.059999465942383,23.940000534057617,7966.0
23.479999542236328,23.719999313354492,7967.0
23.3799991607666,24.1200008392334,7968.0
23.3799991607666,23.700000762939453,7969.0
14.220000267028809,23.84000015258789,7970.0
23.360000610351562,23.739999771118164,7971.0
14.279999732971191,23.860000610351562,7972.0
23.459999084472656,23.860000610351562,7973.0
14.020000457763672,23.65999984741211,7974.0
22.719999313354492,23.940000534057617,7975.0
22.579999923706055,24.100000381469727,7976.0
23.700000762939453,24.139999389648438,7977.0
23.68000030517578,23.8799991607666,7978.0
23.600000381469727,23.899999618530273,7979.0
13.9399995803833,23.899999618530273,7980.0
14.680000305175781,24.020000457763672,7981.0
14.479999542236328,24.100000381469727,7982.0
14.260000228881836,24.0,7983.0
14.300000190734863,24.0,7984.0
14.180000305175781,23.940000534057617,7985.0
14.15999984741211,24.020000457763672,7986.0
23.780000686645508,23.899999618530273,7987.0
14.039999961853027,23.81999969482422,7988.0
15.640000343322754,23.8799991607666,7989.0
23.700000762939453,23.8799991607666,7990.0
23.1200008392334,23.8799991607666,7991.0
23.799999237060547,24.100000381469727,7992.0
23.760000228881836,23.899999618530273,7993.0
23.479999542236328,24.0,7994.0
23.799999237060547,23.979999542236328,7995.0
23.079999923706055,23.81999969482422,7996.0
12.420000076293945,24.100000381469727,7997.0
12.039999961853027,23.81999969482422,7998.0
13.9399995803833,24.020000457763672,7999.0
14.619999885559082,23.799999237060547,8000.0
23.860000610351562,24.020000457763672,8001.0
23.760000228881836,24.079999923706055,8002.0
23.3799991607666,23.84000015258789,8003.0
10.739999771118164,24.0,8004.0
22.760000228881836,23.68000030517578,8005.0
22.579999923706055,24.100000381469727,8006.0
22.579999923706055,23.860000610351562,8007.0
19.020000457763672,24.020000457763672,8008.0
20.420000076293945,23.920000076293945,8009.0
21.799999237060547,23.860000610351562,8010.0
22.399999618530273,23.760000228881836,8011.0
22.600000381469727,24.0,8012.0
22.920000076293945,23.579999923706055,8013.0
22.299999237060547,23.979999542236328,8014.0
22.600000381469727,23.979999542236328,8015.0
22.520000457763672,24.020000457763672,8016.0
22.959999084472656,23.940000534057617,8017.0
22.860000610351562,24.020000457763672,8018.0
22.940000534057617,24.040000915527344,8019.0
22.760000228881836,23.780000686645508,8020.0
116.0199966430664,24.15999984741211,8021.0
13.9399995803833,23.860000610351562,8022.0
13.960000038146973,23.940000534057617,8023.0
23.1200008392334,24.260000228881836,8024.0
14.199999809265137,24.020000457763672,8025.0
23.360000610351562,24.020000457763672,8026.0
23.600000381469727,23.899999618530273,8027.0
23.860000610351562,24.100000381469727,8028.0
22.8799991607666,23.940000534057617,8029.0
23.239999771118164,23.81999969482422,8030.0
22.200000762939453,24.040000915527344,8031.0
21.940000534057617,23.780000686645508,8032.0
22.139999389648438,23.860000610351562,8033.0
21.940000534057617,23.860000610351562,8034.0
21.940000534057617,23.860000610351562,8035.0
22.5,24.020000457763672,8036.0
22.579999923706055,23.459999084472656,8037.0
22.31999969482422,24.18000030517578,8038.0
22.0,23.979999542236328,8039.0
22.739999771118164,23.920000076293945,8040.0
22.280000686645508,23.81999969482422,8041.0
22.899999618530273,23.68000030517578,8042.0
22.280000686645508,23.719999313354492,8043.0
22.760000228881836,24.040000915527344,8044.0
22.760000228881836,23.860000610351562,8045.0
22.18000030517578,23.719999313354492,8046.0
21.81999969482422,23.979999542236328,8047.0
22.299999237060547,23.700000762939453,8048.0
22.34000015258789,23.899999618530273,8049.0
22.700000762939453,24.239999771118164,8050.0
22.540000915527344,24.239999771118164,8051.0
22.3799991607666,24.040000915527344,8052.0
21.959999084472656,24.239999771118164,8053.0
21.81999969482422,23.940000534057617,8054.0
22.600000381469727,23.8799991607666,8055.0
22.520000457763672,23.940000534057617,8056.0
22.459999084472656,24.280000686645508,8057.0
22.81999969482422,23.600000381469727,8058.0
22.719999313354492,23.979999542236328,8059.0
22.579999923706055,23.920000076293945,8060.0
22.81999969482422,23.739999771118164,8061.0
23.860000610351562,24.020000457763672,8062.0
10.34000015258789,24.219999313354492,8063.0
23.0,24.200000762939453,8064.0
23.15999984741211,24.059999465942383,8065.0
23.059999465942383,24.040000915527344,8066.0
22.959999084472656,24.100000381469727,8067.0
22.739999771118164,23.860000610351562,8068.0
22.860000610351562,23.81999969482422,8069.0
22.34000015258789,23.719999313354492,8070.0
22.15999984741211,24.299999237060547,8071.0
22.5,23.920000076293945,8072.0
21.219999313354492,24.059999465942383,8073.0
22.420000076293945,23.739999771118164,8074.0
22.579999923706055,23.940000534057617,8075.0
22.5,24.18000030517578,8076.0
23.0,24.18000030517578,8077.0
22.739999771118164,24.219999313354492,8078.0
23.040000915527344,24.18000030517578,8079.0
22.760000228881836,24.540000915527344,8080.0
22.700000762939453,23.959999084472656,8081.0
21.420000076293945,24.280000686645508,8082.0
23.6200008392334,23.860000610351562,8083.0
21.600000381469727,23.959999084472656,8084.0
23.459999084472656,23.739999771118164,8085.0
24.1200008392334,24.18000030517578,8086.0
23.31999969482422,23.8799991607666,8087.0
23.239999771118164,23.65999984741211,8088.0
23.059999465942383,23.760000228881836,8089.0
23.3799991607666,23.700000762939453,8090.0
23.31999969482422,23.68000030517578,8091.0
23.479999542236328,23.700000762939453,8092.0
22.920000076293945,23.860000610351562,8093.0
22.360000610351562,23.719999313354492,8094.0
21.760000228881836,23.559999465942383,8095.0
21.15999984741211,23.639999389648438,8096.0
22.260000228881836,23.420000076293945,8097.0
22.420000076293945,23.260000228881836,8098.0
22.399999618530273,23.420000076293945,8099.0
22.579999923706055,24.040000915527344,8100.0
21.860000610351562,24.040000915527344,8101.0
21.700000762939453,23.899999618530273,8102.0
21.459999084472656,23.479999542236328,8103.0
21.219999313354492,23.600000381469727,8104.0
21.280000686645508,23.81999969482422,8105.0
23.6200008392334,23.6200008392334,8106.0
23.1200008392334,23.520000457763672,8107.0
20.8799991607666,24.0,8108.0
20.979999542236328,23.739999771118164,8109.0
20.899999618530273,23.65999984741211,8110.0
20.760000228881836,23.65999984741211,8111.0
20.979999542236328,23.719999313354492,8112.0
22.739999771118164,23.600000381469727,8113.0
21.700000762939453,23.700000762939453,8114.0
22.15999984741211,23.18000030517578,8115.0
22.65999984741211,23.760000228881836,8116.0
22.420000076293945,24.479999542236328,8117.0
23.1200008392334,24.139999389648438,8118.0
20.200000762939453,24.079999923706055,8119.0
19.959999084472656,24.139999389648438,8120.0
20.65999984741211,23.8799991607666,8121.0
21.299999237060547,24.440000534057617,8122.0
21.5,24.299999237060547,8123.0
21.780000686645508,24.299999237060547,8124.0
23.059999465942383,24.34000015258789,8125.0
22.979999542236328,24.079999923706055,8126.0
22.760000228881836,24.200000762939453,8127.0
22.280000686645508,24.239999771118164,8128.0
23.100000381469727,23.959999084472656,8129.0
22.739999771118164,24.139999389648438,8130.0
23.059999465942383,23.639999389648438,8131.0
23.440000534057617,24.579999923706055,8132.0
22.739999771118164,23.540000915527344,8133.0
23.100000381469727,24.079999923706055,8134.0
23.100000381469727,23.979999542236328,8135.0
22.920000076293945,24.420000076293945,8136.0
22.65999984741211,23.899999618530273,8137.0
22.600000381469727,24.079999923706055,8138.0
20.6200008392334,24.260000228881836,8139.0
22.15999984741211,24.100000381469727,8140.0
21.739999771118164,24.34000015258789,8141.0
22.520000457763672,24.18000030517578,8142.0
22.360000610351562,24.34000015258789,8143.0
22.040000915527344,24.360000610351562,8144.0
24.34000015258789,24.520000457763672,8145.0
21.219999313354492,24.360000610351562,8146.0
24.34000015258789,24.34000015258789,8147.0
20.459999084472656,24.239999771118164,8148.0
21.34000015258789,24.139999389648438,8149.0
19.219999313354492,23.959999084472656,8150.0
22.579999923706055,23.739999771118164,8151.0
22.739999771118164,24.020000457763672,8152.0
22.219999313354492,24.18000030517578,8153.0
19.65999984741211,24.31999969482422,8154.0
21.739999771118164,24.399999618530273,8155.0
21.65999984741211,24.360000610351562,8156.0
22.579999923706055,24.420000076293945,8157.0
22.219999313354492,24.100000381469727,8158.0
21.15999984741211,24.360000610351562,8159.0
22.420000076293945,24.100000381469727,8160.0
22.219999313354492,24.100000381469727,8161.0
22.579999923706055,24.479999542236328,8162.0
22.3799991607666,24.299999237060547,8163.0
22.280000686645508,24.059999465942383,8164.0
22.540000915527344,24.360000610351562,8165.0
22.760000228881836,24.15999984741211,8166.0
23.15999984741211,24.299999237060547,8167.0
23.219999313354492,23.81999969482422,8168.0
22.780000686645508,24.139999389648438,8169.0
22.739999771118164,24.079999923706055,8170.0
22.65999984741211,24.479999542236328,8171.0
22.84000015258789,24.040000915527344,8172.0
22.979999542236328,24.31999969482422,8173.0
23.100000381469727,24.540000915527344,8174.0
22.739999771118164,24.440000534057617,8175.0
23.18000030517578,24.31999969482422,8176.0
22.860000610351562,24.18000030517578,8177.0
22.420000076293945,24.100000381469727,8178.0
20.65999984741211,24.399999618530273,8179.0
21.360000610351562,24.399999618530273,8180.0
23.579999923706055,24.600000381469727,8181.0
18.360000610351562,24.31999969482422,8182.0
19.440000534057617,24.540000915527344,8183.0
17.700000762939453,24.3799991607666,8184.0
17.479999542236328,24.399999618530273,8185.0
19.579999923706055,24.31999969482422,8186.0
21.739999771118164,24.65999984741211,8187.0
20.020000457763672,24.5,8188.0
16.18000030517578,24.280000686645508,8189.0
20.040000915527344,24.5,8190.0
20.68000030517578,24.3799991607666,8191.0
20.780000686645508,24.559999465942383,8192.0
20.520000457763672,24.420000076293945,8193.0
119.45999908447266,24.219999313354492,8194.0
20.780000686645508,24.440000534057617,8195.0
119.18000030517578,24.420000076293945,8196.0
21.31999969482422,24.520000457763672,8197.0
119.13999938964844,24.559999465942383,8198.0
17.219999313354492,24.440000534057617,8199.0
17.219999313354492,24.520000457763672,8200.0
23.020000457763672,24.600000381469727,8201.0
21.780000686645508,24.15999984741211,8202.0
22.260000228881836,24.34000015258789,8203.0
119.22000122070312,24.31999969482422,8204.0
22.280000686645508,24.399999618530273,8205.0
119.13999938964844,24.200000762939453,8206.0
22.8799991607666,24.34000015258789,8207.0
23.65999984741211,24.260000228881836,8208.0
22.959999084472656,24.31999969482422,8209.0
22.579999923706055,24.18000030517578,8210.0
23.219999313354492,24.15999984741211,8211.0
21.399999618530273,24.0,8212.0
21.920000076293945,24.299999237060547,8213.0
21.020000457763672,24.479999542236328,8214.0
21.8799991607666,24.34000015258789,8215.0
21.31999969482422,23.700000762939453,8216.0
118.66000366210938,24.360000610351562,8217.0
22.6200008392334,23.579999923706055,8218.0
16.760000228881836,24.31999969482422,8219.0
20.920000076293945,24.239999771118164,8220.0
18.1200008392334,24.360000610351562,8221.0
22.739999771118164,23.219999313354492,8222.0
21.579999923706055,24.5,8223.0
22.079999923706055,23.799999237060547,8224.0
21.6200008392334,24.639999389648438,8225.0
22.040000915527344,24.520000457763672,8226.0
22.739999771118164,24.520000457763672,8227.0
18.780000686645508,24.459999084472656,8228.0
18.700000762939453,24.700000762939453,8229.0
18.719999313354492,24.68000030517578,8230.0
18.700000762939453,24.520000457763672,8231.0
118.83999633789062,24.639999389648438,8232.0
22.780000686645508,25.040000915527344,8233.0
22.31999969482422,24.700000762939453,8234.0
22.579999923706055,24.059999465942383,8235.0
22.420000076293945,23.8799991607666,8236.0
22.420000076293945,24.34000015258789,8237.0
22.68000030517578,23.979999542236328,8238.0
24.5,24.520000457763672,8239.0
118.9800033569336,24.059999465942383,8240.0
118.86000061035156,24.280000686645508,8241.0
118.91999816894531,24.5,8242.0
118.5999984741211,24.479999542236328,8243.0
118.87999725341797,24.579999923706055,8244.0
24.600000381469727,24.81999969482422,8245.0
24.34000015258789,24.34000015258789,8246.0
24.5,24.639999389648438,8247.0
20.260000228881836,24.399999618530273,8248.0
20.479999542236328,24.600000381469727,8249.0
20.540000915527344,24.579999923706055,8250.0
118.86000061035156,24.420000076293945,8251.0
21.100000381469727,24.65999984741211,8252.0
20.84000015258789,24.600000381469727,8253.0
21.139999389648438,24.639999389648438,8254.0
19.059999465942383,24.579999923706055,8255.0
19.700000762939453,24.780000686645508,8256.0
19.040000915527344,24.780000686645508,8257.0
24.639999389648438,24.860000610351562,8258.0
24.479999542236328,24.739999771118164,8259.0
24.440000534057617,24.420000076293945,8260.0
24.540000915527344,24.739999771118164,8261.0
24.18000030517578,24.299999237060547,8262.0
24.899999618530273,24.84000015258789,8263.0
24.719999313354492,24.739999771118164,8264.0
24.520000457763672,24.81999969482422,8265.0
24.68000030517578,24.81999969482422,8266.0
118.94000244140625,24.760000228881836,8267.0
24.600000381469727,24.860000610351562,8268.0
19.959999084472656,24.81999969482422,8269.0
24.65999984741211,79.37999725341797,8270.0
19.219999313354492,24.940000534057617,8271.0
117.08000183105469,24.760000228881836,8272.0
24.420000076293945,24.84000015258789,8273.0
117.73999786376953,24.65999984741211,8274.0
118.4800033569336,24.81999969482422,8275.0
24.639999389648438,25.040000915527344,8276.0
24.639999389648438,24.84000015258789,8277.0
24.799999237060547,24.979999542236328,8278.0
119.05999755859375,24.959999084472656,8279.0
19.31999969482422,24.68000030517578,8280.0
118.86000061035156,24.81999969482422,8281.0
119.19999694824219,24.700000762939453,8282.0
119.0,24.68000030517578,8283.0
118.5,24.65999984741211,8284.0
76.36000061035156,24.719999313354492,8285.0
19.219999313354492,24.780000686645508,8286.0
24.81999969482422,24.81999969482422,8287.0
19.3799991607666,24.799999237060547,8288.0
18.899999618530273,25.040000915527344,8289.0
77.5,77.69999694824219,8290.0
77.45999908447266,77.62000274658203,8291.0
77.31999969482422,77.62000274658203,8292.0
14.399999618530273,24.940000534057617,8293.0
14.15999984741211,24.899999618530273,8294.0
44.81999969482422,77.62000274658203,8295.0
75.0,77.5,8296.0
14.600000381469727,77.31999969482422,8297.0
99.36000061035156,77.23999786376953,8298.0
14.119999885559082,77.54000091552734,8299.0
35.220001220703125,44.81999969482422,8300.0
35.220001220703125,44.31999969482422,8301.0
35.29999923706055,44.52000045776367,8302.0
42.58000183105469,77.33999633789062,8303.0
72.33999633789062,77.37999725341797,8304.0
71.81999969482422,77.41999816894531,8305.0
18.260000228881836,118.63999938964844,8306.0
17.780000686645508,118.9000015258789,8307.0
12.680000305175781,77.26000213623047,8308.0
105.31999969482422,77.44000244140625,8309.0
18.100000381469727,24.639999389648438,8310.0
14.180000305175781,119.0199966430664,8311.0
14.100000381469727,24.68000030517578,8312.0
14.020000457763672,24.780000686645508,8313.0
24.579999923706055,24.540000915527344,8314.0
24.579999923706055,24.719999313354492,8315.0
24.5,24.760000228881836,8316.0
15.15999984741211,24.700000762939453,8317.0
24.5,56.15999984741211,8318.0
118.83999633789062,118.94000244140625,8319.0
119.27999877929688,24.399999618530273,8320.0
118.76000213623047,24.520000457763672,8321.0
118.45999908447266,75.23999786376953,8322.0
24.65999984741211,29.860000610351562,8323.0
13.399999618530273,24.540000915527344,8324.0
0.0,0.0,8325.0
119.9800033569336,23.479999542236328,8326.0
23.68000030517578,118.04000091552734,8327.0
118.76000213623047,119.9800033569336,8328.0
118.4000015258789,29.15999984741211,8329.0
118.81999969482422,23.239999771118164,8330.0
15.220000267028809,29.239999771118164,8331.0
14.180000305175781,23.040000915527344,8332.0
14.739999771118164,53.97999954223633,8333.0
17.920000076293945,19.68000030517578,8334.0
17.6200008392334,112.41999816894531,8335.0
17.540000915527344,118.22000122070312,8336.0
72.5999984741211,0.0,8337.0
17.860000610351562,57.63999938964844,8338.0
0.0,0.0,8339.0
118.18000030517578,0.0,8340.0
16.239999771118164,24.18000030517578,8341.0
18.1200008392334,29.31999969482422,8342.0
18.139999389648438,25.100000381469727,8343.0
118.81999969482422,23.940000534057617,8344.0
18.1200008392334,25.100000381469727,8345.0
1.1799999475479126,24.100000381469727,8346.0
15.699999809265137,24.780000686645508,8347.0
0.9200000166893005,24.68000030517578,8348.0
118.62000274658203,24.739999771118164,8349.0
118.37999725341797,28.979999542236328,8350.0
118.66000366210938,118.5,8351.0
118.12000274658203,28.940000534057617,8352.0
75.30000305175781,29.0,8353.0
15.5600004196167,24.18000030517578,8354.0
15.899999618530273,25.200000762939453,8355.0
16.18000030517578,104.58000183105469,8356.0
15.899999618530273,24.979999542236328,8357.0
118.9000015258789,24.3799991607666,8358.0
0.0,23.940000534057617,8359.0
24.34000015258789,24.31999969482422,8360.0
24.65999984741211,24.520000457763672,8361.0
18.100000381469727,24.200000762939453,8362.0
24.65999984741211,24.540000915527344,8363.0
24.34000015258789,24.579999923706055,8364.0
24.81999969482422,24.739999771118164,8365.0
24.739999771118164,24.84000015258789,8366.0
118.68000030517578,23.399999618530273,8367.0
0.0,24.8799991607666,8368.0
119.13999938964844,22.440000534057617,8369.0
21.100000381469727,27.040000915527344,8370.0
119.30000305175781,30.959999084472656,8371.0
20.979999542236328,30.739999771118164,8372.0
20.780000686645508,31.020000457763672,8373.0
119.36000061035156,31.1200008392334,8374.0
117.94000244140625,118.5199966430664,8375.0
119.36000061035156,30.280000686645508,8376.0
119.23999786376953,0.0,8377.0
30.299999237060547,30.020000457763672,8378.0
119.26000213623047,75.9000015258789,8379.0
24.84000015258789,24.799999237060547,8380.0
15.699999809265137,25.020000457763672,8381.0
24.920000076293945,25.139999389648438,8382.0
24.65999984741211,24.940000534057617,8383.0
119.16000366210938,24.68000030517578,8384.0
24.18000030517578,24.600000381469727,8385.0
119.41999816894531,25.459999084472656,8386.0
119.44000244140625,26.299999237060547,8387.0
25.399999618530273,25.5,8388.0
119.08000183105469,26.760000228881836,8389.0
119.0,38.459999084472656,8390.0
115.9800033569336,119.9800033569336,8391.0
19.079999923706055,106.30000305175781,8392.0
25.059999465942383,25.31999969482422,8393.0
27.780000686645508,27.540000915527344,8394.0
24.81999969482422,24.979999542236328,8395.0
15.699999809265137,27.100000381469727,8396.0
25.0,25.18000030517578,8397.0
107.0,26.040000915527344,8398.0
15.380000114440918,25.260000228881836,8399.0
25.139999389648438,25.15999984741211,8400.0
24.979999542236328,25.420000076293945,8401.0
23.940000534057617,24.700000762939453,8402.0
26.579999923706055,24.899999618530273,8403.0
119.4000015258789,26.5,8404.0
23.700000762939453,75.13999938964844,8405.0
0.0,25.15999984741211,8406.0
23.8799991607666,75.18000030517578,8407.0
24.579999923706055,24.739999771118164,8408.0
24.600000381469727,75.16000366210938,8409.0
18.18000030517578,75.0999984741211,8410.0
24.600000381469727,25.219999313354492,8411.0
118.91999816894531,0.0,8412.0
119.36000061035156,119.9800033569336,8413.0
24.81999969482422,24.84000015258789,8414.0
24.979999542236328,25.139999389648438,8415.0
24.1200008392334,24.84000015258789,8416.0
23.700000762939453,23.959999084472656,8417.0
73.63999938964844,24.760000228881836,8418.0
23.700000762939453,23.979999542236328,8419.0
73.72000122070312,18.579999923706055,8420.0
0.0,24.0,8421.0
24.020000457763672,23.860000610351562,8422.0
23.899999618530273,24.079999923706055,8423.0
24.040000915527344,24.3799991607666,8424.0
23.8799991607666,24.299999237060547,8425.0
119.44000244140625,24.1200008392334,8426.0
24.34000015258789,24.760000228881836,8427.0
23.700000762939453,24.219999313354492,8428.0
24.899999618530273,24.84000015258789,8429.0
119.27999877929688,24.5,8430.0
23.860000610351562,24.479999542236328,8431.0
119.23999786376953,24.440000534057617,8432.0
23.84000015258789,24.360000610351562,8433.0
19.020000457763672,24.760000228881836,8434.0
16.020000457763672,24.139999389648438,8435.0
23.3799991607666,23.719999313354492,8436.0
22.579999923706055,23.81999969482422,8437.0
23.15999984741211,23.579999923706055,8438.0
15.84000015258789,23.799999237060547,8439.0
23.600000381469727,23.739999771118164,8440.0
23.959999084472656,23.940000534057617,8441.0
15.880000114440918,23.940000534057617,8442.0
18.84000015258789,24.219999313354492,8443.0
23.219999313354492,24.020000457763672,8444.0
23.860000610351562,24.219999313354492,8445.0
23.219999313354492,24.139999389648438,8446.0
23.559999465942383,24.059999465942383,8447.0
23.65999984741211,24.100000381469727,8448.0
23.719999313354492,24.440000534057617,8449.0
23.459999084472656,24.639999389648438,8450.0
23.940000534057617,24.68000030517578,8451.0
23.280000686645508,24.219999313354492,8452.0
23.34000015258789,24.739999771118164,8453.0
119.44000244140625,24.5,8454.0
24.520000457763672,24.860000610351562,8455.0
22.459999084472656,24.760000228881836,8456.0
23.139999389648438,24.81999969482422,8457.0
22.479999542236328,24.81999969482422,8458.0
22.3799991607666,24.100000381469727,8459.0
22.5,24.5,8460.0
22.200000762939453,25.020000457763672,8461.0
22.299999237060547,24.860000610351562,8462.0
23.219999313354492,24.6200008392334,8463.0
22.979999542236328,24.639999389648438,8464.0
19.200000762939453,24.6200008392334,8465.0
22.920000076293945,23.979999542236328,8466.0
23.139999389648438,24.1200008392334,8467.0
22.579999923706055,24.100000381469727,8468.0
23.6200008392334,23.940000534057617,8469.0
22.360000610351562,23.6200008392334,8470.0
22.579999923706055,22.920000076293945,8471.0
22.579999923706055,23.139999389648438,8472.0
0.0,23.020000457763672,8473.0
119.41999816894531,24.200000762939453,8474.0
119.4000015258789,24.18000030517578,8475.0
16.18000030517578,23.540000915527344,8476.0
16.260000228881836,24.219999313354492,8477.0
16.18000030517578,24.100000381469727,8478.0
16.520000457763672,23.459999084472656,8479.0
119.41999816894531,25.579999923706055,8480.0
119.4800033569336,16.700000762939453,8481.0
16.68000030517578,23.280000686645508,8482.0
17.15999984741211,24.059999465942383,8483.0
17.139999389648438,23.31999969482422,8484.0
16.719999313354492,23.84000015258789,8485.0
16.8799991607666,23.68000030517578,8486.0
16.81999969482422,23.299999237060547,8487.0
17.020000457763672,24.459999084472656,8488.0
16.84000015258789,24.059999465942383,8489.0
16.360000610351562,24.65999984741211,8490.0
16.020000457763672,23.299999237060547,8491.0
16.1200008392334,22.739999771118164,8492.0
15.859999656677246,118.87999725341797,8493.0
118.87999725341797,119.9800033569336,8494.0
17.299999237060547,23.559999465942383,8495.0
119.18000030517578,118.95999908447266,8496.0
17.079999923706055,24.34000015258789,8497.0
17.040000915527344,23.520000457763672,8498.0
17.0,23.8799991607666,8499.0
16.959999084472656,25.020000457763672,8500.0
17.219999313354492,25.1200008392334,8501.0
16.959999084472656,25.1200008392334,8502.0
16.5,25.68000030517578,8503.0
16.84000015258789,25.260000228881836,8504.0
117.69999694824219,117.87999725341797,8505.0
117.36000061035156,25.299999237060547,8506.0
117.44000244140625,117.94000244140625,8507.0
117.58000183105469,25.15999984741211,8508.0
17.34000015258789,25.579999923706055,8509.0
117.80000305175781,25.15999984741211,8510.0
117.31999969482422,24.84000015258789,8511.0
117.4000015258789,117.63999938964844,8512.0
117.66000366210938,117.94000244140625,8513.0
117.31999969482422,117.68000030517578,8514.0
117.54000091552734,117.68000030517578,8515.0
117.54000091552734,119.9800033569336,8516.0
117.58000183105469,119.9800033569336,8517.0
117.83999633789062,118.41999816894531,8518.0
117.69999694824219,119.9800033569336,8519.0
118.45999908447266,119.9800033569336,8520.0
118.0999984741211,119.58000183105469,8521.0
117.5,119.62000274658203,8522.0
117.63999938964844,119.54000091552734,8523.0
118.05999755859375,119.9800033569336,8524.0
117.55999755859375,119.54000091552734,8525.0
117.9000015258789,119.4000015258789,8526.0
117.4000015258789,119.9800033569336,8527.0
117.94000244140625,119.9800033569336,8528.0
118.22000122070312,119.62000274658203,8529.0
