channel,rerun_p_sec,rerun_s_sec
100.0,,15.960000038146973
101.0,,16.020000457763672
102.0,,
103.0,,15.800000190734863
104.0,9.18000030517578,15.979999542236328
105.0,9.420000076293944,15.720000267028809
106.0,9.380000114440918,15.68000030517578
107.0,,15.81999969482422
108.0,,16.18000030517578
109.0,9.5600004196167,16.18000030517578
110.0,9.600000381469728,
111.0,9.380000114440918,
112.0,9.279999732971191,
113.0,9.279999732971191,
114.0,9.220000267028809,
115.0,9.18000030517578,
116.0,9.199999809265137,
117.0,9.399999618530272,
118.0,9.260000228881836,
119.0,9.5,16.020000457763672
120.0,9.399999618530272,15.859999656677246
121.0,9.399999618530272,15.899999618530272
122.0,9.140000343322754,15.800000190734863
123.0,9.15999984741211,15.880000114440918
124.0,9.119999885559082,15.880000114440918
125.0,9.34000015258789,15.760000228881836
126.0,9.199999809265137,16.040000915527344
127.0,9.279999732971191,
128.0,9.260000228881836,15.779999732971191
129.0,9.479999542236328,
130.0,9.18000030517578,
131.0,,
132.0,9.279999732971191,15.920000076293944
133.0,9.0600004196167,16.020000457763672
134.0,9.15999984741211,16.020000457763672
135.0,9.380000114440918,15.81999969482422
136.0,9.380000114440918,16.260000228881836
137.0,9.119999885559082,15.779999732971191
138.0,9.079999923706056,16.200000762939453
139.0,9.039999961853027,15.779999732971191
140.0,9.15999984741211,15.760000228881836
141.0,9.199999809265137,15.619999885559082
142.0,9.520000457763672,
143.0,9.260000228881836,
144.0,9.420000076293944,15.720000267028809
145.0,9.31999969482422,
146.0,9.199999809265137,
147.0,9.15999984741211,15.65999984741211
148.0,9.359999656677246,16.059999465942383
149.0,9.399999618530272,
150.0,9.380000114440918,
151.0,9.260000228881836,15.5
152.0,9.31999969482422,15.260000228881836
153.0,9.199999809265137,15.460000038146973
154.0,9.239999771118164,15.5600004196167
155.0,9.420000076293944,15.31999969482422
156.0,9.399999618530272,15.520000457763672
157.0,9.34000015258789,15.359999656677246
158.0,9.31999969482422,15.460000038146973
159.0,9.420000076293944,15.420000076293944
160.0,9.539999961853027,15.460000038146973
161.0,9.479999542236328,15.15999984741211
162.0,9.100000381469728,15.119999885559082
163.0,9.100000381469728,15.4399995803833
164.0,9.460000038146973,15.479999542236328
165.0,9.460000038146973,15.420000076293944
166.0,9.420000076293944,15.520000457763672
167.0,9.399999618530272,14.899999618530272
168.0,9.020000457763672,14.520000457763672
169.0,9.199999809265137,14.65999984741211
170.0,9.199999809265137,15.460000038146973
171.0,9.119999885559082,15.579999923706056
172.0,9.079999923706056,15.65999984741211
173.0,9.119999885559082,15.65999984741211
174.0,9.039999961853027,15.380000114440918
175.0,9.220000267028809,15.579999923706056
176.0,9.380000114440918,15.84000015258789
177.0,9.18000030517578,15.699999809265137
178.0,9.18000030517578,15.65999984741211
179.0,9.380000114440918,15.800000190734863
180.0,9.34000015258789,15.65999984741211
181.0,9.300000190734863,15.699999809265137
182.0,9.34000015258789,15.65999984741211
183.0,9.140000343322754,15.68000030517578
184.0,9.420000076293944,15.779999732971191
185.0,9.460000038146973,15.899999618530272
186.0,9.420000076293944,15.739999771118164
187.0,9.4399995803833,15.65999984741211
188.0,9.4399995803833,15.68000030517578
189.0,9.4399995803833,15.699999809265137
190.0,9.300000190734863,15.720000267028809
191.0,9.31999969482422,15.739999771118164
192.0,9.260000228881836,15.68000030517578
193.0,9.31999969482422,15.84000015258789
194.0,9.220000267028809,15.81999969482422
195.0,9.199999809265137,15.81999969482422
196.0,9.31999969482422,15.899999618530272
197.0,9.34000015258789,15.619999885559082
198.0,9.18000030517578,15.600000381469728
199.0,9.18000030517578,15.619999885559082
200.0,9.300000190734863,15.619999885559082
201.0,9.199999809265137,15.65999984741211
202.0,9.18000030517578,15.619999885559082
203.0,9.359999656677246,15.579999923706056
204.0,9.31999969482422,15.5
205.0,9.260000228881836,15.5600004196167
206.0,9.220000267028809,15.600000381469728
207.0,9.15999984741211,15.720000267028809
208.0,9.079999923706056,15.5600004196167
209.0,9.640000343322754,15.600000381469728
210.0,9.520000457763672,15.84000015258789
211.0,9.520000457763672,15.520000457763672
212.0,9.539999961853027,15.5
213.0,9.199999809265137,15.520000457763672
214.0,9.239999771118164,15.5
215.0,9.199999809265137,15.460000038146973
216.0,9.199999809265137,15.460000038146973
217.0,9.399999618530272,15.380000114440918
218.0,9.239999771118164,15.380000114440918
219.0,9.239999771118164,15.239999771118164
220.0,9.600000381469728,15.260000228881836
221.0,9.579999923706056,15.239999771118164
222.0,9.420000076293944,15.460000038146973
223.0,9.399999618530272,15.199999809265137
224.0,9.260000228881836,15.4399995803833
225.0,9.539999961853027,15.5
226.0,9.279999732971191,15.300000190734863
227.0,9.479999542236328,15.479999542236328
228.0,9.420000076293944,15.460000038146973
229.0,9.420000076293944,15.5600004196167
230.0,9.279999732971191,15.300000190734863
231.0,9.279999732971191,15.359999656677246
232.0,9.31999969482422,15.399999618530272
233.0,9.619999885559082,15.399999618530272
234.0,9.65999984741211,15.640000343322754
235.0,9.460000038146973,15.420000076293944
236.0,9.31999969482422,15.399999618530272
237.0,9.34000015258789,15.420000076293944
238.0,9.399999618530272,15.81999969482422
239.0,9.199999809265137,15.539999961853027
240.0,9.079999923706056,15.479999542236328
241.0,9.5,15.520000457763672
242.0,8.720000267028809,15.5600004196167
243.0,9.31999969482422,15.579999923706056
244.0,9.119999885559082,15.520000457763672
245.0,9.300000190734863,15.579999923706056
246.0,9.279999732971191,15.619999885559082
247.0,9.380000114440918,15.539999961853027
248.0,9.359999656677246,15.68000030517578
249.0,9.359999656677246,15.619999885559082
250.0,9.600000381469728,15.619999885559082
251.0,9.420000076293944,15.5
252.0,9.34000015258789,15.399999618530272
253.0,9.399999618530272,15.399999618530272
254.0,9.380000114440918,15.4399995803833
255.0,9.5600004196167,15.68000030517578
256.0,9.520000457763672,15.579999923706056
257.0,9.4399995803833,15.65999984741211
258.0,9.399999618530272,15.739999771118164
259.0,9.399999618530272,15.739999771118164
260.0,9.4399995803833,15.640000343322754
261.0,9.520000457763672,15.699999809265137
262.0,9.199999809265137,15.640000343322754
263.0,9.31999969482422,15.619999885559082
264.0,9.399999618530272,15.720000267028809
265.0,9.220000267028809,15.699999809265137
266.0,9.479999542236328,15.600000381469728
267.0,9.359999656677246,15.5600004196167
268.0,9.260000228881836,15.579999923706056
269.0,9.31999969482422,15.539999961853027
270.0,9.079999923706056,15.460000038146973
271.0,8.920000076293945,15.65999984741211
272.0,8.859999656677246,15.579999923706056
273.0,9.18000030517578,15.619999885559082
274.0,9.079999923706056,15.520000457763672
275.0,9.239999771118164,15.5600004196167
276.0,9.239999771118164,15.600000381469728
277.0,9.380000114440918,15.68000030517578
278.0,9.279999732971191,15.880000114440918
279.0,9.279999732971191,15.65999984741211
280.0,9.0,15.739999771118164
281.0,9.15999984741211,15.65999984741211
282.0,9.18000030517578,15.68000030517578
283.0,8.880000114440918,15.619999885559082
284.0,9.300000190734863,15.640000343322754
285.0,9.079999923706056,15.699999809265137
286.0,9.140000343322754,15.699999809265137
287.0,9.15999984741211,15.699999809265137
288.0,9.020000457763672,15.640000343322754
289.0,9.18000030517578,15.5600004196167
290.0,9.119999885559082,15.579999923706056
291.0,9.260000228881836,15.460000038146973
292.0,9.34000015258789,15.460000038146973
293.0,9.380000114440918,15.640000343322754
294.0,9.239999771118164,15.5600004196167
295.0,9.15999984741211,15.579999923706056
296.0,9.380000114440918,15.5
297.0,9.199999809265137,15.600000381469728
298.0,9.399999618530272,15.460000038146973
299.0,9.140000343322754,15.539999961853027
300.0,9.199999809265137,15.5600004196167
301.0,9.100000381469728,15.619999885559082
302.0,9.260000228881836,15.68000030517578
303.0,9.079999923706056,15.880000114440918
304.0,8.960000038146973,15.84000015258789
305.0,9.199999809265137,15.68000030517578
306.0,9.18000030517578,15.68000030517578
307.0,9.079999923706056,15.619999885559082
308.0,9.0600004196167,15.520000457763672
309.0,9.18000030517578,15.4399995803833
310.0,9.15999984741211,15.520000457763672
311.0,9.100000381469728,15.5600004196167
312.0,9.119999885559082,15.539999961853027
313.0,9.100000381469728,15.539999961853027
314.0,9.020000457763672,15.5600004196167
315.0,9.119999885559082,15.579999923706056
316.0,9.279999732971191,15.5600004196167
317.0,9.359999656677246,15.65999984741211
318.0,9.039999961853027,15.539999961853027
319.0,9.039999961853027,15.5600004196167
320.0,9.119999885559082,15.600000381469728
321.0,9.039999961853027,15.579999923706056
322.0,9.039999961853027,15.68000030517578
323.0,8.899999618530273,15.5600004196167
324.0,9.079999923706056,15.5600004196167
325.0,8.979999542236328,15.579999923706056
326.0,9.119999885559082,15.5
327.0,9.100000381469728,15.520000457763672
328.0,9.279999732971191,15.479999542236328
329.0,9.079999923706056,15.579999923706056
330.0,9.18000030517578,15.640000343322754
331.0,9.079999923706056,15.520000457763672
332.0,9.079999923706056,15.520000457763672
333.0,9.119999885559082,15.619999885559082
334.0,8.960000038146973,15.84000015258789
335.0,9.039999961853027,15.619999885559082
336.0,9.039999961853027,15.5600004196167
337.0,9.0,15.619999885559082
338.0,9.020000457763672,15.65999984741211
339.0,9.079999923706056,15.779999732971191
340.0,9.0,15.619999885559082
341.0,9.0600004196167,15.65999984741211
342.0,9.15999984741211,15.520000457763672
343.0,9.039999961853027,15.479999542236328
344.0,9.039999961853027,15.65999984741211
345.0,9.079999923706056,15.619999885559082
346.0,9.020000457763672,15.5600004196167
347.0,9.079999923706056,15.479999542236328
348.0,9.039999961853027,15.539999961853027
349.0,9.079999923706056,15.4399995803833
350.0,9.100000381469728,15.5
351.0,9.119999885559082,15.600000381469728
352.0,9.220000267028809,15.65999984741211
353.0,9.239999771118164,15.5
354.0,9.140000343322754,15.539999961853027
355.0,9.119999885559082,15.619999885559082
356.0,9.119999885559082,15.5600004196167
357.0,9.079999923706056,15.5
358.0,9.039999961853027,15.479999542236328
359.0,9.119999885559082,15.34000015258789
360.0,9.15999984741211,15.479999542236328
361.0,9.34000015258789,15.359999656677246
362.0,9.239999771118164,15.579999923706056
363.0,9.260000228881836,15.399999618530272
364.0,9.100000381469728,15.539999961853027
365.0,9.15999984741211,15.460000038146973
366.0,9.140000343322754,15.460000038146973
367.0,8.960000038146973,15.520000457763672
368.0,9.140000343322754,15.5600004196167
369.0,9.34000015258789,15.479999542236328
370.0,9.34000015258789,15.5
371.0,9.020000457763672,15.600000381469728
372.0,9.039999961853027,15.619999885559082
373.0,9.100000381469728,15.5600004196167
374.0,9.0600004196167,15.460000038146973
375.0,9.279999732971191,15.460000038146973
376.0,8.979999542236328,15.5
377.0,9.079999923706056,15.420000076293944
378.0,8.84000015258789,15.5
379.0,9.239999771118164,15.279999732971191
380.0,9.199999809265137,15.420000076293944
381.0,8.960000038146973,15.359999656677246
382.0,9.31999969482422,15.479999542236328
383.0,9.0600004196167,15.5
384.0,9.15999984741211,15.619999885559082
385.0,9.100000381469728,15.65999984741211
386.0,9.039999961853027,15.600000381469728
387.0,9.140000343322754,15.420000076293944
388.0,9.220000267028809,15.479999542236328
389.0,9.31999969482422,15.619999885559082
390.0,9.34000015258789,15.460000038146973
391.0,9.359999656677246,15.4399995803833
392.0,9.119999885559082,15.4399995803833
393.0,9.18000030517578,15.579999923706056
394.0,9.079999923706056,15.65999984741211
395.0,9.100000381469728,15.420000076293944
396.0,9.0600004196167,15.539999961853027
397.0,9.220000267028809,15.279999732971191
398.0,9.079999923706056,15.199999809265137
399.0,9.079999923706056,15.34000015258789
400.0,9.239999771118164,15.4399995803833
401.0,9.140000343322754,15.31999969482422
402.0,9.239999771118164,15.279999732971191
403.0,9.140000343322754,15.380000114440918
404.0,9.15999984741211,15.079999923706056
405.0,9.15999984741211,15.399999618530272
406.0,9.100000381469728,15.220000267028809
407.0,9.15999984741211,15.260000228881836
408.0,9.119999885559082,15.119999885559082
409.0,9.039999961853027,15.199999809265137
410.0,9.18000030517578,15.420000076293944
411.0,9.359999656677246,15.279999732971191
412.0,9.079999923706056,15.34000015258789
413.0,9.039999961853027,15.199999809265137
414.0,9.100000381469728,15.119999885559082
415.0,9.079999923706056,15.239999771118164
416.0,9.239999771118164,15.31999969482422
417.0,9.220000267028809,15.34000015258789
418.0,9.279999732971191,15.399999618530272
419.0,9.039999961853027,15.520000457763672
420.0,9.079999923706056,15.279999732971191
421.0,9.31999969482422,15.460000038146973
422.0,9.300000190734863,15.68000030517578
423.0,9.260000228881836,15.5600004196167
424.0,9.31999969482422,15.5600004196167
425.0,9.260000228881836,15.600000381469728
426.0,9.220000267028809,15.520000457763672
427.0,9.15999984741211,15.34000015258789
428.0,9.279999732971191,15.199999809265137
429.0,9.300000190734863,15.0600004196167
430.0,9.359999656677246,15.15999984741211
431.0,8.979999542236328,15.199999809265137
432.0,9.079999923706056,15.199999809265137
433.0,9.279999732971191,15.279999732971191
434.0,9.0600004196167,15.520000457763672
435.0,9.140000343322754,15.520000457763672
436.0,9.15999984741211,15.520000457763672
437.0,9.199999809265137,15.600000381469728
438.0,9.119999885559082,15.520000457763672
439.0,9.140000343322754,15.5600004196167
440.0,9.0,15.380000114440918
441.0,9.300000190734863,15.359999656677246
442.0,9.359999656677246,15.34000015258789
443.0,9.199999809265137,15.279999732971191
444.0,9.15999984741211,15.260000228881836
445.0,9.079999923706056,15.279999732971191
446.0,9.380000114440918,15.34000015258789
447.0,9.119999885559082,15.359999656677246
448.0,9.300000190734863,15.34000015258789
449.0,9.31999969482422,15.380000114440918
450.0,9.140000343322754,15.399999618530272
451.0,9.279999732971191,15.420000076293944
452.0,9.34000015258789,15.359999656677246
453.0,9.31999969482422,15.359999656677246
454.0,9.300000190734863,15.399999618530272
455.0,9.199999809265137,15.460000038146973
456.0,9.15999984741211,15.399999618530272
457.0,9.31999969482422,15.479999542236328
458.0,9.279999732971191,15.5
459.0,9.079999923706056,15.239999771118164
460.0,9.18000030517578,15.359999656677246
461.0,9.18000030517578,15.239999771118164
462.0,9.15999984741211,15.279999732971191
463.0,9.260000228881836,15.4399995803833
464.0,9.31999969482422,15.220000267028809
465.0,9.460000038146973,15.239999771118164
466.0,9.420000076293944,15.420000076293944
467.0,9.359999656677246,15.65999984741211
468.0,9.420000076293944,15.619999885559082
469.0,9.4399995803833,15.720000267028809
470.0,9.239999771118164,15.720000267028809
471.0,9.4399995803833,15.81999969482422
472.0,9.460000038146973,15.68000030517578
473.0,9.4399995803833,15.5
474.0,9.15999984741211,15.579999923706056
475.0,9.15999984741211,15.640000343322754
476.0,9.119999885559082,15.619999885559082
477.0,9.119999885559082,15.579999923706056
478.0,9.15999984741211,15.619999885559082
479.0,9.18000030517578,15.65999984741211
480.0,9.5,15.720000267028809
481.0,9.5,15.539999961853027
482.0,9.460000038146973,15.800000190734863
483.0,9.359999656677246,15.65999984741211
484.0,9.34000015258789,15.539999961853027
485.0,9.199999809265137,15.4399995803833
486.0,9.279999732971191,15.520000457763672
487.0,9.260000228881836,15.260000228881836
488.0,9.520000457763672,15.279999732971191
489.0,9.460000038146973,15.300000190734863
490.0,9.18000030517578,15.18000030517578
491.0,9.220000267028809,15.220000267028809
492.0,9.239999771118164,15.260000228881836
493.0,9.239999771118164,15.65999984741211
494.0,9.020000457763672,15.4399995803833
495.0,9.079999923706056,15.539999961853027
496.0,9.239999771118164,15.4399995803833
497.0,9.220000267028809,15.640000343322754
498.0,9.15999984741211,15.760000228881836
499.0,9.15999984741211,15.420000076293944
500.0,9.100000381469728,15.619999885559082
501.0,9.119999885559082,15.460000038146973
502.0,8.979999542236328,15.520000457763672
503.0,9.279999732971191,15.460000038146973
504.0,9.380000114440918,15.5600004196167
505.0,9.399999618530272,15.5
506.0,9.199999809265137,15.520000457763672
507.0,9.279999732971191,15.619999885559082
508.0,9.399999618530272,15.399999618530272
509.0,9.260000228881836,15.4399995803833
510.0,9.18000030517578,15.5
511.0,9.34000015258789,15.520000457763672
512.0,9.260000228881836,15.520000457763672
513.0,9.260000228881836,15.420000076293944
514.0,9.079999923706056,15.5
515.0,9.279999732971191,15.579999923706056
516.0,9.199999809265137,15.600000381469728
517.0,9.020000457763672,15.619999885559082
518.0,9.279999732971191,15.579999923706056
519.0,9.31999969482422,15.5600004196167
520.0,9.300000190734863,15.520000457763672
521.0,9.279999732971191,15.5600004196167
522.0,9.34000015258789,15.5600004196167
523.0,9.15999984741211,15.34000015258789
524.0,9.119999885559082,15.5600004196167
525.0,9.18000030517578,15.420000076293944
526.0,9.239999771118164,15.220000267028809
527.0,9.239999771118164,15.600000381469728
528.0,9.34000015258789,15.619999885559082
529.0,9.399999618530272,15.5600004196167
530.0,9.380000114440918,15.739999771118164
531.0,9.34000015258789,15.84000015258789
532.0,9.399999618530272,15.779999732971191
533.0,9.420000076293944,15.65999984741211
534.0,9.18000030517578,15.68000030517578
535.0,9.4399995803833,15.5
536.0,9.399999618530272,15.760000228881836
537.0,9.460000038146973,15.619999885559082
538.0,9.31999969482422,15.5
539.0,9.300000190734863,15.460000038146973
540.0,9.260000228881836,15.720000267028809
541.0,9.4399995803833,15.600000381469728
542.0,9.5,15.479999542236328
543.0,9.34000015258789,15.619999885559082
544.0,9.15999984741211,15.619999885559082
545.0,9.380000114440918,15.380000114440918
546.0,9.279999732971191,15.5
547.0,9.31999969482422,15.619999885559082
548.0,9.479999542236328,15.539999961853027
549.0,9.399999618530272,15.359999656677246
550.0,9.140000343322754,15.279999732971191
551.0,9.199999809265137,15.020000457763672
552.0,9.359999656677246,15.399999618530272
553.0,9.399999618530272,15.619999885559082
554.0,9.279999732971191,15.460000038146973
555.0,9.359999656677246,15.5
556.0,9.279999732971191,15.539999961853027
557.0,9.31999969482422,15.68000030517578
558.0,9.420000076293944,15.600000381469728
559.0,9.399999618530272,15.5
560.0,9.140000343322754,15.640000343322754
561.0,9.079999923706056,15.68000030517578
562.0,9.34000015258789,15.539999961853027
563.0,9.420000076293944,15.420000076293944
564.0,9.399999618530272,15.520000457763672
565.0,9.4399995803833,15.520000457763672
566.0,9.4399995803833,15.460000038146973
567.0,9.4399995803833,15.300000190734863
568.0,9.399999618530272,15.399999618530272
569.0,9.300000190734863,15.5
570.0,9.399999618530272,15.460000038146973
571.0,9.380000114440918,15.399999618530272
572.0,9.34000015258789,15.34000015258789
573.0,9.399999618530272,15.239999771118164
574.0,9.359999656677246,15.260000228881836
575.0,9.359999656677246,15.380000114440918
576.0,9.34000015258789,15.399999618530272
577.0,9.34000015258789,15.380000114440918
578.0,9.260000228881836,15.300000190734863
579.0,9.31999969482422,15.220000267028809
580.0,9.260000228881836,15.100000381469728
581.0,9.220000267028809,15.140000343322754
582.0,9.460000038146973,15.920000076293944
583.0,9.239999771118164,15.800000190734863
584.0,9.260000228881836,15.279999732971191
585.0,9.34000015258789,15.260000228881836
586.0,9.239999771118164,15.199999809265137
587.0,9.020000457763672,15.15999984741211
588.0,9.020000457763672,15.079999923706056
589.0,9.020000457763672,15.199999809265137
590.0,9.079999923706056,15.0600004196167
591.0,9.0,15.5600004196167
592.0,9.039999961853027,15.5
593.0,9.039999961853027,15.020000457763672
594.0,9.039999961853027,15.260000228881836
595.0,9.140000343322754,15.300000190734863
596.0,9.039999961853027,15.300000190734863
597.0,9.079999923706056,15.300000190734863
598.0,9.34000015258789,15.460000038146973
599.0,9.079999923706056,15.399999618530272
600.0,9.039999961853027,15.380000114440918
601.0,9.140000343322754,15.520000457763672
602.0,9.260000228881836,15.520000457763672
603.0,9.239999771118164,15.520000457763672
604.0,9.279999732971191,15.4399995803833
605.0,9.260000228881836,15.199999809265137
606.0,9.279999732971191,15.260000228881836
607.0,9.399999618530272,15.359999656677246
608.0,9.359999656677246,15.279999732971191
609.0,9.4399995803833,14.979999542236328
610.0,9.31999969482422,15.31999969482422
611.0,9.359999656677246,15.4399995803833
612.0,9.34000015258789,15.4399995803833
613.0,9.359999656677246,15.039999961853027
614.0,9.380000114440918,14.800000190734863
615.0,9.0600004196167,15.239999771118164
616.0,9.18000030517578,15.100000381469728
617.0,9.199999809265137,14.979999542236328
618.0,9.140000343322754,14.899999618530272
619.0,9.119999885559082,15.600000381469728
620.0,9.15999984741211,15.579999923706056
621.0,9.079999923706056,15.600000381469728
622.0,9.0600004196167,15.100000381469728
623.0,9.15999984741211,14.779999732971191
624.0,9.18000030517578,14.9399995803833
625.0,9.260000228881836,15.65999984741211
626.0,9.100000381469728,15.119999885559082
627.0,9.359999656677246,14.760000228881836
628.0,9.4399995803833,15.0600004196167
629.0,9.15999984741211,15.119999885559082
630.0,9.279999732971191,15.100000381469728
631.0,9.199999809265137,15.0
632.0,9.199999809265137,15.0600004196167
633.0,9.399999618530272,15.479999542236328
634.0,9.300000190734863,15.380000114440918
635.0,9.34000015258789,15.239999771118164
636.0,9.399999618530272,15.359999656677246
637.0,9.31999969482422,15.399999618530272
638.0,9.239999771118164,15.260000228881836
639.0,9.119999885559082,15.359999656677246
640.0,9.100000381469728,15.279999732971191
641.0,9.100000381469728,15.34000015258789
642.0,9.140000343322754,15.220000267028809
643.0,9.239999771118164,15.279999732971191
644.0,9.18000030517578,15.220000267028809
645.0,9.239999771118164,15.34000015258789
646.0,8.920000076293945,15.239999771118164
647.0,9.119999885559082,15.279999732971191
648.0,9.239999771118164,15.15999984741211
649.0,9.31999969482422,15.260000228881836
650.0,9.380000114440918,15.260000228881836
651.0,9.100000381469728,15.359999656677246
652.0,9.039999961853027,15.220000267028809
653.0,9.359999656677246,15.220000267028809
654.0,9.420000076293944,15.31999969482422
655.0,9.0,15.460000038146973
656.0,9.18000030517578,15.5
657.0,9.239999771118164,15.34000015258789
658.0,9.300000190734863,15.359999656677246
659.0,9.140000343322754,15.359999656677246
660.0,9.0,15.479999542236328
661.0,9.15999984741211,15.479999542236328
662.0,9.359999656677246,15.399999618530272
663.0,9.420000076293944,15.399999618530272
664.0,9.199999809265137,15.420000076293944
665.0,9.119999885559082,15.539999961853027
666.0,8.920000076293945,15.399999618530272
667.0,9.279999732971191,15.399999618530272
668.0,9.279999732971191,15.279999732971191
669.0,9.079999923706056,15.31999969482422
670.0,9.119999885559082,15.399999618530272
671.0,9.100000381469728,15.18000030517578
672.0,9.239999771118164,14.859999656677246
673.0,9.34000015258789,15.140000343322754
674.0,9.079999923706056,15.359999656677246
675.0,8.960000038146973,15.15999984741211
676.0,8.920000076293945,15.220000267028809
677.0,9.479999542236328,15.15999984741211
678.0,9.359999656677246,15.020000457763672
679.0,9.239999771118164,15.380000114440918
680.0,9.880000114440918,15.199999809265137
681.0,9.579999923706056,15.100000381469728
682.0,9.399999618530272,15.220000267028809
683.0,9.420000076293944,15.260000228881836
684.0,9.18000030517578,15.140000343322754
685.0,8.84000015258789,15.18000030517578
686.0,9.260000228881836,15.359999656677246
687.0,9.199999809265137,14.81999969482422
688.0,9.0,15.18000030517578
689.0,9.260000228881836,15.260000228881836
690.0,9.039999961853027,15.119999885559082
691.0,8.9399995803833,15.18000030517578
692.0,9.039999961853027,14.880000114440918
693.0,9.020000457763672,15.18000030517578
694.0,8.899999618530273,15.140000343322754
695.0,8.920000076293945,15.220000267028809
696.0,9.039999961853027,14.9399995803833
697.0,8.800000190734863,15.020000457763672
698.0,8.920000076293945,15.039999961853027
699.0,9.100000381469728,14.880000114440918
700.0,9.300000190734863,14.920000076293944
701.0,9.0600004196167,14.859999656677246
702.0,8.979999542236328,15.079999923706056
703.0,8.979999542236328,14.800000190734863
704.0,9.020000457763672,15.140000343322754
705.0,8.960000038146973,14.84000015258789
706.0,9.420000076293944,15.119999885559082
707.0,9.34000015258789,15.039999961853027
708.0,9.199999809265137,14.979999542236328
709.0,9.079999923706056,15.18000030517578
710.0,9.18000030517578,15.119999885559082
711.0,9.279999732971191,15.039999961853027
712.0,9.100000381469728,15.079999923706056
713.0,9.15999984741211,15.100000381469728
714.0,9.199999809265137,15.039999961853027
715.0,9.039999961853027,15.140000343322754
716.0,9.0600004196167,15.0600004196167
717.0,9.020000457763672,15.15999984741211
718.0,9.0,15.079999923706056
719.0,8.84000015258789,15.079999923706056
720.0,8.760000228881836,14.979999542236328
721.0,8.960000038146973,14.920000076293944
722.0,9.420000076293944,15.0
723.0,9.15999984741211,15.140000343322754
724.0,8.960000038146973,15.199999809265137
725.0,9.119999885559082,15.239999771118164
726.0,8.880000114440918,15.279999732971191
727.0,8.899999618530273,15.100000381469728
728.0,9.140000343322754,14.960000038146973
729.0,9.199999809265137,14.84000015258789
730.0,9.0,15.0600004196167
731.0,8.859999656677246,15.020000457763672
732.0,8.760000228881836,14.779999732971191
733.0,8.800000190734863,14.9399995803833
734.0,8.84000015258789,15.100000381469728
735.0,9.0,15.15999984741211
736.0,9.119999885559082,15.199999809265137
737.0,9.079999923706056,15.079999923706056
738.0,9.140000343322754,15.100000381469728
739.0,9.039999961853027,15.140000343322754
740.0,9.039999961853027,15.100000381469728
741.0,9.020000457763672,15.0600004196167
742.0,9.039999961853027,15.199999809265137
743.0,8.960000038146973,15.140000343322754
744.0,9.020000457763672,15.0
745.0,9.079999923706056,14.920000076293944
746.0,9.079999923706056,14.920000076293944
747.0,8.9399995803833,14.880000114440918
748.0,9.199999809265137,14.739999771118164
749.0,9.300000190734863,15.020000457763672
750.0,9.119999885559082,15.220000267028809
751.0,8.9399995803833,15.34000015258789
752.0,9.0,15.31999969482422
753.0,8.899999618530273,15.279999732971191
754.0,9.0,15.359999656677246
755.0,8.899999618530273,15.279999732971191
756.0,9.100000381469728,15.300000190734863
757.0,9.300000190734863,15.380000114440918
758.0,9.520000457763672,15.34000015258789
759.0,9.31999969482422,15.260000228881836
760.0,9.020000457763672,15.260000228881836
761.0,8.979999542236328,15.359999656677246
762.0,9.0,15.239999771118164
763.0,9.140000343322754,15.420000076293944
764.0,9.199999809265137,15.100000381469728
765.0,9.100000381469728,15.18000030517578
766.0,9.079999923706056,15.260000228881836
767.0,9.34000015258789,15.100000381469728
768.0,9.5600004196167,15.220000267028809
769.0,9.220000267028809,15.119999885559082
770.0,9.100000381469728,15.239999771118164
771.0,9.31999969482422,15.239999771118164
772.0,9.4399995803833,15.260000228881836
773.0,9.279999732971191,15.239999771118164
774.0,9.279999732971191,15.260000228881836
775.0,9.119999885559082,15.4399995803833
776.0,9.239999771118164,15.31999969482422
777.0,9.5600004196167,15.18000030517578
778.0,9.279999732971191,15.18000030517578
779.0,9.31999969482422,15.239999771118164
780.0,9.260000228881836,15.220000267028809
781.0,9.199999809265137,15.199999809265137
782.0,9.279999732971191,14.960000038146973
783.0,9.18000030517578,15.18000030517578
784.0,9.15999984741211,15.279999732971191
785.0,9.039999961853027,15.119999885559082
786.0,9.020000457763672,15.020000457763672
787.0,9.300000190734863,15.15999984741211
788.0,8.979999542236328,15.260000228881836
789.0,8.960000038146973,15.15999984741211
790.0,9.0600004196167,15.279999732971191
791.0,9.0,15.18000030517578
792.0,9.18000030517578,15.100000381469728
793.0,9.020000457763672,15.119999885559082
794.0,9.100000381469728,15.140000343322754
795.0,9.039999961853027,15.15999984741211
796.0,9.020000457763672,15.140000343322754
797.0,8.920000076293945,15.260000228881836
798.0,8.979999542236328,15.359999656677246
799.0,9.479999542236328,15.34000015258789
800.0,9.239999771118164,15.220000267028809
801.0,9.020000457763672,15.18000030517578
802.0,9.359999656677246,15.100000381469728
803.0,9.199999809265137,15.100000381469728
804.0,9.220000267028809,15.140000343322754
805.0,9.479999542236328,15.18000030517578
806.0,9.15999984741211,15.0
807.0,9.479999542236328,15.039999961853027
808.0,9.479999542236328,15.079999923706056
809.0,9.399999618530272,14.899999618530272
810.0,9.34000015258789,15.0
811.0,9.399999618530272,15.039999961853027
812.0,9.199999809265137,14.9399995803833
813.0,9.300000190734863,15.079999923706056
814.0,9.239999771118164,15.220000267028809
815.0,9.15999984741211,15.020000457763672
816.0,9.239999771118164,15.34000015258789
817.0,9.279999732971191,15.279999732971191
818.0,9.5600004196167,15.119999885559082
819.0,9.34000015258789,15.18000030517578
820.0,9.18000030517578,15.260000228881836
821.0,9.239999771118164,15.199999809265137
822.0,9.4399995803833,15.239999771118164
823.0,9.420000076293944,15.079999923706056
824.0,9.260000228881836,14.9399995803833
825.0,9.420000076293944,14.9399995803833
826.0,9.359999656677246,15.600000381469728
827.0,9.300000190734863,15.039999961853027
828.0,9.34000015258789,15.039999961853027
829.0,9.300000190734863,14.960000038146973
830.0,9.119999885559082,15.100000381469728
831.0,9.399999618530272,15.399999618530272
832.0,9.420000076293944,15.5
833.0,9.239999771118164,15.619999885559082
834.0,9.15999984741211,15.140000343322754
835.0,9.100000381469728,15.479999542236328
836.0,9.300000190734863,15.359999656677246
837.0,9.420000076293944,15.31999969482422
838.0,9.260000228881836,15.260000228881836
839.0,9.239999771118164,15.0600004196167
840.0,9.5,15.079999923706056
841.0,9.4399995803833,14.979999542236328
842.0,9.460000038146973,15.399999618530272
843.0,9.4399995803833,15.619999885559082
844.0,9.4399995803833,15.34000015258789
845.0,9.359999656677246,15.239999771118164
846.0,9.399999618530272,15.15999984741211
847.0,9.119999885559082,15.18000030517578
848.0,9.279999732971191,15.039999961853027
849.0,9.34000015258789,15.260000228881836
850.0,9.34000015258789,15.140000343322754
851.0,9.300000190734863,15.100000381469728
852.0,9.300000190734863,15.199999809265137
853.0,9.34000015258789,15.18000030517578
854.0,9.380000114440918,15.220000267028809
855.0,9.34000015258789,15.0600004196167
856.0,9.31999969482422,15.399999618530272
857.0,9.34000015258789,15.279999732971191
858.0,9.18000030517578,15.119999885559082
859.0,9.119999885559082,15.18000030517578
860.0,9.020000457763672,15.31999969482422
861.0,8.960000038146973,15.239999771118164
862.0,9.31999969482422,15.34000015258789
863.0,9.279999732971191,15.359999656677246
864.0,9.239999771118164,15.300000190734863
865.0,9.100000381469728,15.279999732971191
866.0,9.239999771118164,15.119999885559082
867.0,9.119999885559082,15.260000228881836
868.0,9.239999771118164,15.359999656677246
869.0,9.239999771118164,15.31999969482422
870.0,9.31999969482422,15.279999732971191
871.0,9.300000190734863,15.359999656677246
872.0,9.100000381469728,15.260000228881836
873.0,9.279999732971191,15.279999732971191
874.0,9.079999923706056,15.420000076293944
875.0,9.020000457763672,15.539999961853027
876.0,8.979999542236328,15.460000038146973
877.0,8.9399995803833,15.460000038146973
878.0,8.920000076293945,15.359999656677246
879.0,8.960000038146973,15.399999618530272
880.0,8.920000076293945,15.359999656677246
881.0,9.119999885559082,15.479999542236328
882.0,9.0600004196167,15.399999618530272
883.0,9.199999809265137,15.300000190734863
884.0,8.9399995803833,15.279999732971191
885.0,9.0,15.34000015258789
886.0,9.119999885559082,15.34000015258789
887.0,8.9399995803833,15.31999969482422
888.0,9.020000457763672,15.279999732971191
889.0,9.039999961853027,15.34000015258789
890.0,8.979999542236328,15.359999656677246
891.0,8.960000038146973,15.359999656677246
892.0,8.899999618530273,15.359999656677246
893.0,8.9399995803833,15.34000015258789
894.0,8.9399995803833,15.380000114440918
895.0,8.9399995803833,15.279999732971191
896.0,8.920000076293945,15.359999656677246
897.0,8.880000114440918,15.460000038146973
898.0,8.859999656677246,15.380000114440918
899.0,9.020000457763672,15.68000030517578
900.0,9.199999809265137,15.520000457763672
901.0,9.100000381469728,15.479999542236328
902.0,9.079999923706056,15.600000381469728
903.0,9.039999961853027,15.619999885559082
904.0,9.0,15.65999984741211
905.0,9.34000015258789,15.539999961853027
906.0,9.359999656677246,15.619999885559082
907.0,9.300000190734863,15.640000343322754
908.0,9.0,15.699999809265137
909.0,9.359999656677246,15.739999771118164
910.0,9.31999969482422,15.579999923706056
911.0,9.359999656677246,15.5600004196167
912.0,9.460000038146973,15.5
913.0,9.279999732971191,15.5
914.0,9.039999961853027,15.359999656677246
915.0,9.279999732971191,15.5600004196167
916.0,9.279999732971191,15.640000343322754
917.0,9.300000190734863,15.4399995803833
918.0,9.300000190734863,15.460000038146973
919.0,9.239999771118164,15.81999969482422
920.0,9.260000228881836,15.5
921.0,9.279999732971191,15.5600004196167
922.0,9.31999969482422,15.65999984741211
923.0,9.359999656677246,15.720000267028809
924.0,9.260000228881836,15.539999961853027
925.0,9.31999969482422,15.199999809265137
926.0,9.34000015258789,15.31999969482422
927.0,9.119999885559082,15.479999542236328
928.0,9.100000381469728,15.760000228881836
929.0,9.039999961853027,15.260000228881836
930.0,9.0,15.34000015258789
931.0,8.9399995803833,15.18000030517578
932.0,8.960000038146973,15.260000228881836
933.0,9.119999885559082,15.619999885559082
934.0,8.920000076293945,15.579999923706056
935.0,9.0,15.4399995803833
936.0,9.0600004196167,15.579999923706056
937.0,9.0,15.619999885559082
938.0,9.0,15.579999923706056
939.0,8.960000038146973,15.5
940.0,9.020000457763672,15.539999961853027
941.0,9.0,15.920000076293944
942.0,9.140000343322754,15.65999984741211
943.0,9.220000267028809,15.239999771118164
944.0,9.119999885559082,15.5600004196167
945.0,9.100000381469728,15.619999885559082
946.0,9.300000190734863,15.81999969482422
947.0,9.140000343322754,15.699999809265137
948.0,9.140000343322754,15.579999923706056
949.0,9.039999961853027,15.5600004196167
950.0,8.979999542236328,15.65999984741211
951.0,9.15999984741211,15.579999923706056
952.0,9.020000457763672,15.65999984741211
953.0,9.0,15.619999885559082
954.0,8.800000190734863,15.5600004196167
955.0,8.84000015258789,15.520000457763672
956.0,9.220000267028809,15.460000038146973
957.0,8.960000038146973,15.5600004196167
958.0,8.960000038146973,16.18000030517578
959.0,9.0,15.65999984741211
960.0,9.039999961853027,15.640000343322754
961.0,8.979999542236328,15.640000343322754
962.0,9.079999923706056,15.65999984741211
963.0,9.100000381469728,15.539999961853027
964.0,9.100000381469728,15.579999923706056
965.0,9.020000457763672,15.300000190734863
966.0,9.119999885559082,15.31999969482422
967.0,9.079999923706056,15.300000190734863
968.0,9.0,15.380000114440918
969.0,9.079999923706056,15.720000267028809
970.0,9.100000381469728,15.420000076293944
971.0,9.119999885559082,15.4399995803833
972.0,8.880000114440918,15.5
973.0,8.979999542236328,15.420000076293944
974.0,8.920000076293945,15.399999618530272
975.0,9.020000457763672,15.31999969482422
976.0,9.020000457763672,15.380000114440918
977.0,8.960000038146973,15.420000076293944
978.0,8.979999542236328,15.4399995803833
979.0,9.119999885559082,15.5
980.0,9.119999885559082,15.460000038146973
981.0,9.039999961853027,15.5
982.0,9.020000457763672,15.520000457763672
983.0,9.199999809265137,15.619999885559082
984.0,9.020000457763672,15.579999923706056
985.0,8.979999542236328,15.520000457763672
986.0,9.020000457763672,15.460000038146973
987.0,9.260000228881836,15.579999923706056
988.0,9.199999809265137,15.460000038146973
989.0,9.0,15.460000038146973
990.0,9.18000030517578,15.520000457763672
991.0,9.220000267028809,15.5
992.0,8.960000038146973,15.479999542236328
993.0,9.220000267028809,15.5600004196167
994.0,9.260000228881836,15.4399995803833
995.0,9.199999809265137,15.5
996.0,9.220000267028809,15.539999961853027
997.0,9.039999961853027,15.5
998.0,9.279999732971191,15.539999961853027
999.0,9.31999969482422,15.699999809265137
1000.0,9.220000267028809,15.479999542236328
1001.0,9.020000457763672,15.520000457763672
1002.0,9.039999961853027,15.479999542236328
1003.0,9.100000381469728,15.640000343322754
1004.0,9.18000030517578,15.520000457763672
1005.0,9.15999984741211,15.539999961853027
1006.0,9.279999732971191,15.420000076293944
1007.0,9.300000190734863,15.460000038146973
1008.0,9.279999732971191,15.420000076293944
1009.0,9.34000015258789,15.479999542236328
1010.0,9.239999771118164,15.479999542236328
1011.0,9.31999969482422,15.4399995803833
1012.0,9.119999885559082,15.520000457763672
1013.0,9.140000343322754,15.479999542236328
1014.0,9.100000381469728,15.399999618530272
1015.0,9.079999923706056,15.4399995803833
1016.0,9.0600004196167,15.460000038146973
1017.0,9.0600004196167,15.460000038146973
1018.0,9.31999969482422,15.460000038146973
1019.0,9.100000381469728,15.359999656677246
1020.0,9.039999961853027,15.4399995803833
1021.0,9.220000267028809,15.5
1022.0,9.100000381469728,15.600000381469728
1023.0,9.079999923706056,15.520000457763672
1024.0,9.079999923706056,15.720000267028809
1025.0,9.279999732971191,15.65999984741211
1026.0,9.34000015258789,15.920000076293944
1027.0,9.399999618530272,15.720000267028809
1028.0,9.4399995803833,16.239999771118164
1029.0,9.359999656677246,16.040000915527344
1030.0,9.020000457763672,15.880000114440918
1031.0,9.039999961853027,15.699999809265137
1032.0,9.039999961853027,15.68000030517578
1033.0,9.279999732971191,15.600000381469728
1034.0,9.119999885559082,15.739999771118164
1035.0,9.15999984741211,15.68000030517578
1036.0,9.359999656677246,15.619999885559082
1037.0,9.239999771118164,15.720000267028809
1038.0,9.260000228881836,15.9399995803833
1039.0,9.239999771118164,15.579999923706056
1040.0,9.0,15.640000343322754
1041.0,9.34000015258789,15.5600004196167
1042.0,9.140000343322754,15.640000343322754
1043.0,9.279999732971191,15.619999885559082
1044.0,9.279999732971191,15.68000030517578
1045.0,9.100000381469728,15.65999984741211
1046.0,9.31999969482422,15.720000267028809
1047.0,9.279999732971191,15.699999809265137
1048.0,9.260000228881836,15.739999771118164
1049.0,9.199999809265137,15.619999885559082
1050.0,9.199999809265137,15.640000343322754
1051.0,9.199999809265137,15.68000030517578
1052.0,9.31999969482422,15.800000190734863
1053.0,9.359999656677246,15.720000267028809
1054.0,9.34000015258789,15.84000015258789
1055.0,9.300000190734863,15.65999984741211
1056.0,9.199999809265137,15.600000381469728
1057.0,9.31999969482422,15.4399995803833
1058.0,9.100000381469728,15.479999542236328
1059.0,9.15999984741211,15.520000457763672
1060.0,9.18000030517578,15.65999984741211
1061.0,9.260000228881836,15.34000015258789
1062.0,9.279999732971191,15.720000267028809
1063.0,9.140000343322754,15.5600004196167
1064.0,9.279999732971191,15.5
1065.0,9.260000228881836,15.539999961853027
1066.0,9.039999961853027,15.65999984741211
1067.0,9.0600004196167,15.5600004196167
1068.0,9.18000030517578,15.5
1069.0,9.100000381469728,15.520000457763672
1070.0,9.039999961853027,15.579999923706056
1071.0,8.960000038146973,15.720000267028809
1072.0,9.279999732971191,15.5600004196167
1073.0,9.119999885559082,15.399999618530272
1074.0,9.119999885559082,15.359999656677246
1075.0,9.119999885559082,15.359999656677246
1076.0,9.300000190734863,15.65999984741211
1077.0,9.4399995803833,15.479999542236328
1078.0,9.34000015258789,15.399999618530272
1079.0,9.0600004196167,15.579999923706056
1080.0,9.039999961853027,15.68000030517578
1081.0,8.979999542236328,15.5
1082.0,9.0600004196167,15.520000457763672
1083.0,9.119999885559082,15.5600004196167
1084.0,9.260000228881836,15.779999732971191
1085.0,9.279999732971191,15.779999732971191
1086.0,9.4399995803833,15.739999771118164
1087.0,9.399999618530272,15.720000267028809
1088.0,9.34000015258789,15.760000228881836
1089.0,9.380000114440918,15.899999618530272
1090.0,9.479999542236328,15.65999984741211
1091.0,9.31999969482422,15.800000190734863
1092.0,9.359999656677246,15.600000381469728
1093.0,9.279999732971191,15.640000343322754
1094.0,9.420000076293944,15.699999809265137
1095.0,9.279999732971191,15.539999961853027
1096.0,9.220000267028809,15.520000457763672
1097.0,8.9399995803833,15.739999771118164
1098.0,9.119999885559082,15.579999923706056
1099.0,9.020000457763672,15.539999961853027
1100.0,9.100000381469728,15.520000457763672
1101.0,8.84000015258789,15.520000457763672
1102.0,8.899999618530273,15.5600004196167
1103.0,9.079999923706056,15.460000038146973
1104.0,9.0600004196167,15.5
1105.0,8.960000038146973,15.5600004196167
1106.0,9.239999771118164,15.479999542236328
1107.0,9.020000457763672,15.359999656677246
1108.0,9.079999923706056,15.359999656677246
1109.0,8.960000038146973,15.5
1110.0,9.119999885559082,15.579999923706056
1111.0,9.300000190734863,15.619999885559082
1112.0,9.479999542236328,15.5
1113.0,9.039999961853027,15.619999885559082
1114.0,9.220000267028809,15.760000228881836
1115.0,9.18000030517578,15.81999969482422
1116.0,9.15999984741211,15.579999923706056
1117.0,9.239999771118164,15.68000030517578
1118.0,9.18000030517578,15.760000228881836
1119.0,9.220000267028809,15.5
1120.0,9.18000030517578,15.5
1121.0,9.100000381469728,15.5600004196167
1122.0,9.15999984741211,15.5600004196167
1123.0,9.15999984741211,15.579999923706056
1124.0,9.220000267028809,15.460000038146973
1125.0,9.0600004196167,15.4399995803833
1126.0,9.399999618530272,15.520000457763672
1127.0,8.819999694824219,15.4399995803833
1128.0,9.020000457763672,15.520000457763672
1129.0,9.119999885559082,15.520000457763672
1130.0,9.020000457763672,15.5600004196167
1131.0,9.239999771118164,15.399999618530272
1132.0,9.18000030517578,15.539999961853027
1133.0,9.279999732971191,15.640000343322754
1134.0,9.359999656677246,15.720000267028809
1135.0,9.220000267028809,15.5
1136.0,9.020000457763672,15.460000038146973
1137.0,9.0,15.539999961853027
1138.0,8.979999542236328,15.600000381469728
1139.0,9.279999732971191,15.5600004196167
1140.0,9.140000343322754,15.5600004196167
1141.0,9.199999809265137,15.5600004196167
1142.0,9.199999809265137,15.579999923706056
1143.0,9.279999732971191,15.520000457763672
1144.0,9.31999969482422,15.539999961853027
1145.0,9.0,15.520000457763672
1146.0,9.020000457763672,15.600000381469728
1147.0,9.140000343322754,15.640000343322754
1148.0,9.119999885559082,15.68000030517578
1149.0,9.34000015258789,15.479999542236328
1150.0,9.279999732971191,15.520000457763672
1151.0,9.100000381469728,15.5600004196167
1152.0,9.039999961853027,15.579999923706056
1153.0,9.100000381469728,15.539999961853027
1154.0,9.100000381469728,15.5600004196167
1155.0,9.100000381469728,15.720000267028809
1156.0,9.140000343322754,15.520000457763672
1157.0,8.960000038146973,15.5600004196167
1158.0,8.960000038146973,15.600000381469728
1159.0,9.0,15.5600004196167
1160.0,8.979999542236328,15.600000381469728
1161.0,8.960000038146973,15.600000381469728
1162.0,9.0,15.539999961853027
1163.0,9.140000343322754,15.579999923706056
1164.0,9.239999771118164,15.640000343322754
1165.0,9.260000228881836,15.539999961853027
1166.0,9.079999923706056,15.5600004196167
1167.0,9.34000015258789,15.600000381469728
1168.0,9.079999923706056,15.699999809265137
1169.0,9.100000381469728,15.579999923706056
1170.0,9.100000381469728,15.5
1171.0,9.220000267028809,15.5
1172.0,9.239999771118164,15.460000038146973
1173.0,9.260000228881836,15.460000038146973
1174.0,9.0600004196167,15.460000038146973
1175.0,9.460000038146973,15.460000038146973
1176.0,9.119999885559082,15.479999542236328
1177.0,9.079999923706056,15.5
1178.0,9.260000228881836,15.5
1179.0,9.31999969482422,15.399999618530272
1180.0,9.359999656677246,15.5600004196167
1181.0,9.359999656677246,15.479999542236328
1182.0,9.18000030517578,15.520000457763672
1183.0,9.18000030517578,15.5
1184.0,9.100000381469728,15.399999618530272
1185.0,9.380000114440918,15.34000015258789
1186.0,9.15999984741211,15.4399995803833
1187.0,9.239999771118164,15.5
1188.0,9.239999771118164,15.420000076293944
1189.0,9.239999771118164,15.520000457763672
1190.0,9.079999923706056,15.5600004196167
1191.0,8.960000038146973,15.619999885559082
1192.0,8.979999542236328,15.539999961853027
1193.0,9.079999923706056,15.5
1194.0,9.020000457763672,15.420000076293944
1195.0,8.880000114440918,15.520000457763672
1196.0,9.15999984741211,15.399999618530272
1197.0,9.15999984741211,15.5
1198.0,9.039999961853027,15.640000343322754
1199.0,9.100000381469728,15.65999984741211
1200.0,9.100000381469728,15.640000343322754
1201.0,9.199999809265137,15.4399995803833
1202.0,9.199999809265137,15.579999923706056
1203.0,9.239999771118164,15.479999542236328
1204.0,9.15999984741211,15.520000457763672
1205.0,9.140000343322754,15.579999923706056
1206.0,9.260000228881836,15.31999969482422
1207.0,9.220000267028809,15.199999809265137
1208.0,9.239999771118164,15.399999618530272
1209.0,9.260000228881836,15.460000038146973
1210.0,9.260000228881836,15.420000076293944
1211.0,9.31999969482422,15.479999542236328
1212.0,9.380000114440918,15.5
1213.0,9.31999969482422,15.699999809265137
1214.0,9.239999771118164,15.5600004196167
1215.0,9.119999885559082,15.279999732971191
1216.0,9.140000343322754,15.65999984741211
1217.0,9.34000015258789,15.579999923706056
1218.0,9.079999923706056,15.619999885559082
1219.0,9.34000015258789,15.520000457763672
1220.0,9.100000381469728,15.4399995803833
1221.0,9.31999969482422,15.539999961853027
1222.0,9.140000343322754,15.68000030517578
1223.0,9.31999969482422,15.68000030517578
1224.0,9.260000228881836,15.619999885559082
1225.0,9.260000228881836,15.619999885559082
1226.0,9.31999969482422,15.539999961853027
1227.0,9.31999969482422,15.5600004196167
1228.0,9.34000015258789,15.5
1229.0,9.220000267028809,15.5600004196167
1230.0,9.279999732971191,15.539999961853027
1231.0,9.239999771118164,15.520000457763672
1232.0,9.279999732971191,15.5600004196167
1233.0,9.300000190734863,15.460000038146973
1234.0,9.300000190734863,15.520000457763672
1235.0,9.079999923706056,15.600000381469728
1236.0,9.239999771118164,15.579999923706056
1237.0,9.260000228881836,15.420000076293944
1238.0,9.31999969482422,15.479999542236328
1239.0,9.279999732971191,15.619999885559082
1240.0,9.31999969482422,15.68000030517578
1241.0,9.399999618530272,15.520000457763672
1242.0,9.380000114440918,15.479999542236328
1243.0,9.31999969482422,15.5600004196167
1244.0,9.399999618530272,15.520000457763672
1245.0,9.380000114440918,15.359999656677246
1246.0,9.31999969482422,15.460000038146973
1247.0,9.34000015258789,15.5
1248.0,9.479999542236328,15.260000228881836
1249.0,9.15999984741211,15.31999969482422
1250.0,9.220000267028809,15.300000190734863
1251.0,9.300000190734863,15.359999656677246
1252.0,9.18000030517578,15.399999618530272
1253.0,9.119999885559082,15.399999618530272
1254.0,9.15999984741211,15.300000190734863
1255.0,9.31999969482422,15.399999618530272
1256.0,9.039999961853027,15.5600004196167
1257.0,9.31999969482422,15.359999656677246
1258.0,9.039999961853027,15.34000015258789
1259.0,9.020000457763672,15.4399995803833
1260.0,9.279999732971191,15.520000457763672
1261.0,9.31999969482422,15.579999923706056
1262.0,9.31999969482422,15.520000457763672
1263.0,9.279999732971191,15.520000457763672
1264.0,9.399999618530272,15.619999885559082
1265.0,9.34000015258789,15.65999984741211
1266.0,9.31999969482422,15.460000038146973
1267.0,9.0600004196167,15.479999542236328
1268.0,8.920000076293945,15.619999885559082
1269.0,8.880000114440918,15.420000076293944
1270.0,9.079999923706056,15.479999542236328
1271.0,9.399999618530272,15.399999618530272
1272.0,9.399999618530272,15.420000076293944
1273.0,9.039999961853027,15.520000457763672
1274.0,9.140000343322754,15.579999923706056
1275.0,9.0600004196167,15.399999618530272
1276.0,9.119999885559082,15.539999961853027
1277.0,9.199999809265137,15.5600004196167
1278.0,9.079999923706056,15.619999885559082
1279.0,9.0,15.479999542236328
1280.0,8.920000076293945,15.34000015258789
1281.0,9.31999969482422,15.359999656677246
1282.0,9.34000015258789,15.4399995803833
1283.0,9.31999969482422,15.579999923706056
1284.0,9.380000114440918,15.5
1285.0,9.239999771118164,15.5
1286.0,9.199999809265137,15.520000457763672
1287.0,8.920000076293945,15.539999961853027
1288.0,9.399999618530272,15.5600004196167
1289.0,9.34000015258789,15.619999885559082
1290.0,9.100000381469728,15.640000343322754
1291.0,9.100000381469728,15.539999961853027
1292.0,9.279999732971191,15.460000038146973
1293.0,8.960000038146973,15.5600004196167
1294.0,9.34000015258789,15.520000457763672
1295.0,9.34000015258789,15.539999961853027
1296.0,9.359999656677246,15.479999542236328
1297.0,9.020000457763672,15.4399995803833
1298.0,9.239999771118164,15.4399995803833
1299.0,9.359999656677246,15.420000076293944
1300.0,9.4399995803833,15.4399995803833
1301.0,9.359999656677246,15.4399995803833
1302.0,9.31999969482422,15.420000076293944
1303.0,9.260000228881836,15.4399995803833
1304.0,9.31999969482422,15.619999885559082
1305.0,9.31999969482422,15.4399995803833
1306.0,9.380000114440918,15.479999542236328
1307.0,9.34000015258789,15.65999984741211
1308.0,8.960000038146973,15.720000267028809
1309.0,9.31999969482422,15.699999809265137
1310.0,9.100000381469728,15.81999969482422
1311.0,9.279999732971191,16.079999923706055
1312.0,9.380000114440918,15.859999656677246
1313.0,9.359999656677246,15.880000114440918
1314.0,9.359999656677246,15.960000038146973
1315.0,9.380000114440918,16.1200008392334
1316.0,9.359999656677246,15.760000228881836
1317.0,9.279999732971191,15.739999771118164
1318.0,9.039999961853027,15.640000343322754
1319.0,9.300000190734863,15.539999961853027
1320.0,9.300000190734863,15.399999618530272
1321.0,9.239999771118164,15.619999885559082
1322.0,9.279999732971191,15.68000030517578
1323.0,9.31999969482422,15.479999542236328
1324.0,9.279999732971191,15.5600004196167
1325.0,9.039999961853027,15.65999984741211
1326.0,9.34000015258789,15.739999771118164
1327.0,9.380000114440918,15.460000038146973
1328.0,9.15999984741211,15.34000015258789
1329.0,9.359999656677246,15.31999969482422
1330.0,9.140000343322754,15.5600004196167
1331.0,9.279999732971191,15.539999961853027
1332.0,9.279999732971191,15.279999732971191
1333.0,9.15999984741211,15.380000114440918
1334.0,9.34000015258789,15.579999923706056
1335.0,9.359999656677246,15.359999656677246
1336.0,9.279999732971191,15.300000190734863
1337.0,9.300000190734863,15.279999732971191
1338.0,9.34000015258789,15.359999656677246
1339.0,9.359999656677246,15.300000190734863
1340.0,9.420000076293944,15.5
1341.0,9.119999885559082,15.5
1342.0,9.300000190734863,15.5
1343.0,9.359999656677246,15.520000457763672
1344.0,9.520000457763672,15.5
1345.0,9.5600004196167,15.5
1346.0,9.359999656677246,15.619999885559082
1347.0,9.31999969482422,15.460000038146973
1348.0,9.34000015258789,15.34000015258789
1349.0,9.119999885559082,15.15999984741211
1350.0,9.220000267028809,15.460000038146973
1351.0,9.380000114440918,15.65999984741211
1352.0,9.380000114440918,15.699999809265137
1353.0,9.31999969482422,15.600000381469728
1354.0,9.279999732971191,15.640000343322754
1355.0,9.100000381469728,15.579999923706056
1356.0,9.31999969482422,15.520000457763672
1357.0,9.34000015258789,15.420000076293944
1358.0,9.31999969482422,15.420000076293944
1359.0,9.359999656677246,15.779999732971191
1360.0,9.399999618530272,15.4399995803833
1361.0,9.34000015258789,15.479999542236328
1362.0,9.31999969482422,15.539999961853027
1363.0,9.399999618530272,15.859999656677246
1364.0,9.359999656677246,15.619999885559082
1365.0,9.119999885559082,15.359999656677246
1366.0,9.260000228881836,15.5
1367.0,9.239999771118164,15.600000381469728
1368.0,8.960000038146973,15.520000457763672
1369.0,9.260000228881836,15.5600004196167
1370.0,9.31999969482422,15.520000457763672
1371.0,9.380000114440918,15.539999961853027
1372.0,9.31999969482422,15.5600004196167
1373.0,9.399999618530272,15.5600004196167
1374.0,9.399999618530272,15.520000457763672
1375.0,9.34000015258789,15.520000457763672
1376.0,9.15999984741211,15.479999542236328
1377.0,9.15999984741211,15.600000381469728
1378.0,9.279999732971191,15.539999961853027
1379.0,9.420000076293944,15.539999961853027
1380.0,9.359999656677246,15.520000457763672
1381.0,9.31999969482422,15.380000114440918
1382.0,9.380000114440918,15.460000038146973
1383.0,9.359999656677246,15.460000038146973
1384.0,9.4399995803833,15.4399995803833
1385.0,9.380000114440918,15.380000114440918
1386.0,9.399999618530272,15.460000038146973
1387.0,9.31999969482422,15.239999771118164
1388.0,9.34000015258789,15.479999542236328
1389.0,9.420000076293944,15.479999542236328
1390.0,9.420000076293944,15.619999885559082
1391.0,9.380000114440918,15.460000038146973
1392.0,9.359999656677246,15.420000076293944
1393.0,9.34000015258789,15.460000038146973
1394.0,9.380000114440918,15.739999771118164
1395.0,9.399999618530272,15.520000457763672
1396.0,9.260000228881836,15.420000076293944
1397.0,9.34000015258789,15.460000038146973
1398.0,9.359999656677246,15.68000030517578
1399.0,9.359999656677246,15.4399995803833
1400.0,9.399999618530272,15.65999984741211
1401.0,9.279999732971191,15.359999656677246
1402.0,9.31999969482422,15.4399995803833
1403.0,9.399999618530272,15.5
1404.0,9.359999656677246,15.579999923706056
1405.0,9.31999969482422,15.31999969482422
1406.0,9.140000343322754,15.359999656677246
1407.0,9.34000015258789,15.5
1408.0,9.300000190734863,15.4399995803833
1409.0,9.119999885559082,15.380000114440918
1410.0,9.100000381469728,15.800000190734863
1411.0,9.15999984741211,15.399999618530272
1412.0,9.15999984741211,15.380000114440918
1413.0,9.34000015258789,15.4399995803833
1414.0,9.279999732971191,15.420000076293944
1415.0,9.140000343322754,15.420000076293944
1416.0,9.260000228881836,15.380000114440918
1417.0,9.279999732971191,15.220000267028809
1418.0,9.199999809265137,15.399999618530272
1419.0,9.260000228881836,15.720000267028809
1420.0,9.260000228881836,15.399999618530272
1421.0,9.34000015258789,15.420000076293944
1422.0,9.279999732971191,15.539999961853027
1423.0,9.239999771118164,15.640000343322754
1424.0,9.239999771118164,15.81999969482422
1425.0,9.039999961853027,15.760000228881836
1426.0,9.300000190734863,15.979999542236328
1427.0,9.31999969482422,15.760000228881836
1428.0,9.279999732971191,15.779999732971191
1429.0,9.119999885559082,15.5600004196167
1430.0,9.100000381469728,15.399999618530272
1431.0,9.119999885559082,15.720000267028809
1432.0,9.199999809265137,15.399999618530272
1433.0,9.279999732971191,15.520000457763672
1434.0,9.31999969482422,15.579999923706056
1435.0,9.31999969482422,15.579999923706056
1436.0,9.300000190734863,15.600000381469728
1437.0,9.31999969482422,15.65999984741211
1438.0,9.31999969482422,15.4399995803833
1439.0,9.34000015258789,15.479999542236328
1440.0,9.300000190734863,15.520000457763672
1441.0,9.140000343322754,15.380000114440918
1442.0,9.239999771118164,15.460000038146973
1443.0,9.239999771118164,15.100000381469728
1444.0,9.199999809265137,14.739999771118164
1445.0,9.279999732971191,15.479999542236328
1446.0,9.279999732971191,15.460000038146973
1447.0,9.140000343322754,15.079999923706056
1448.0,9.079999923706056,15.260000228881836
1449.0,9.18000030517578,15.300000190734863
1450.0,9.399999618530272,15.600000381469728
1451.0,9.460000038146973,15.699999809265137
1452.0,9.539999961853027,15.420000076293944
1453.0,9.399999618530272,15.359999656677246
1454.0,9.31999969482422,15.460000038146973
1455.0,9.0600004196167,15.579999923706056
1456.0,9.300000190734863,15.619999885559082
1457.0,9.31999969482422,15.5
1458.0,9.359999656677246,15.619999885559082
1459.0,9.399999618530272,15.5600004196167
1460.0,9.399999618530272,15.699999809265137
1461.0,9.359999656677246,15.479999542236328
1462.0,9.31999969482422,15.579999923706056
1463.0,9.399999618530272,15.880000114440918
1464.0,9.399999618530272,15.65999984741211
1465.0,9.4399995803833,15.380000114440918
1466.0,9.420000076293944,15.640000343322754
1467.0,9.460000038146973,15.579999923706056
1468.0,9.34000015258789,15.220000267028809
1469.0,9.199999809265137,15.539999961853027
1470.0,9.199999809265137,15.720000267028809
1471.0,9.300000190734863,15.4399995803833
1472.0,9.359999656677246,15.5600004196167
1473.0,9.359999656677246,15.5600004196167
1474.0,9.359999656677246,15.779999732971191
1475.0,9.31999969482422,15.359999656677246
1476.0,9.359999656677246,15.4399995803833
1477.0,9.380000114440918,15.65999984741211
1478.0,9.359999656677246,15.539999961853027
1479.0,9.31999969482422,15.5
1480.0,9.399999618530272,15.699999809265137
1481.0,9.359999656677246,15.720000267028809
1482.0,9.359999656677246,15.579999923706056
1483.0,9.300000190734863,15.520000457763672
1484.0,9.31999969482422,15.460000038146973
1485.0,9.0600004196167,15.359999656677246
1486.0,9.079999923706056,15.5
1487.0,9.399999618530272,15.399999618530272
1488.0,9.140000343322754,15.359999656677246
1489.0,9.079999923706056,15.079999923706056
1490.0,9.279999732971191,15.279999732971191
1491.0,9.100000381469728,15.220000267028809
1492.0,9.260000228881836,15.199999809265137
1493.0,9.239999771118164,15.279999732971191
1494.0,9.079999923706056,15.640000343322754
1495.0,9.359999656677246,15.65999984741211
1496.0,9.31999969482422,15.539999961853027
1497.0,9.300000190734863,15.640000343322754
1498.0,9.359999656677246,15.84000015258789
1499.0,9.039999961853027,15.699999809265137
1500.0,9.140000343322754,15.520000457763672
1501.0,9.380000114440918,15.579999923706056
1502.0,9.239999771118164,15.380000114440918
1503.0,9.34000015258789,15.5
1504.0,9.079999923706056,15.460000038146973
1505.0,9.15999984741211,15.239999771118164
1506.0,9.31999969482422,15.380000114440918
1507.0,9.399999618530272,15.420000076293944
1508.0,9.420000076293944,15.380000114440918
1509.0,9.359999656677246,15.359999656677246
1510.0,9.079999923706056,15.31999969482422
1511.0,9.359999656677246,15.399999618530272
1512.0,9.359999656677246,15.5
1513.0,9.300000190734863,15.720000267028809
1514.0,9.279999732971191,15.5600004196167
1515.0,9.079999923706056,15.399999618530272
1516.0,9.380000114440918,15.420000076293944
1517.0,9.31999969482422,15.81999969482422
1518.0,9.359999656677246,15.800000190734863
1519.0,9.359999656677246,15.65999984741211
1520.0,9.359999656677246,15.359999656677246
1521.0,9.359999656677246,15.579999923706056
1522.0,9.119999885559082,15.600000381469728
1523.0,9.34000015258789,15.640000343322754
1524.0,9.279999732971191,15.600000381469728
1525.0,9.220000267028809,15.600000381469728
1526.0,9.31999969482422,15.520000457763672
1527.0,9.300000190734863,15.539999961853027
1528.0,9.020000457763672,15.460000038146973
1529.0,9.239999771118164,15.460000038146973
1530.0,9.0600004196167,15.479999542236328
1531.0,9.0600004196167,15.720000267028809
1532.0,9.359999656677246,15.5600004196167
1533.0,9.31999969482422,15.619999885559082
1534.0,9.279999732971191,15.5
1535.0,9.279999732971191,15.460000038146973
1536.0,9.279999732971191,15.68000030517578
1537.0,9.34000015258789,15.359999656677246
1538.0,9.34000015258789,15.31999969482422
1539.0,9.359999656677246,15.4399995803833
1540.0,9.380000114440918,15.399999618530272
1541.0,9.380000114440918,15.220000267028809
1542.0,9.399999618530272,15.420000076293944
1543.0,9.359999656677246,15.520000457763672
1544.0,9.399999618530272,15.380000114440918
1545.0,9.399999618530272,15.380000114440918
1546.0,9.399999618530272,15.380000114440918
1547.0,9.359999656677246,15.279999732971191
1548.0,9.359999656677246,15.399999618530272
1549.0,9.359999656677246,15.359999656677246
1550.0,9.359999656677246,15.579999923706056
1551.0,9.279999732971191,15.4399995803833
1552.0,9.380000114440918,15.579999923706056
1553.0,9.31999969482422,15.579999923706056
1554.0,9.31999969482422,15.579999923706056
1555.0,9.359999656677246,15.479999542236328
1556.0,9.34000015258789,15.5600004196167
1557.0,9.34000015258789,15.600000381469728
1558.0,9.380000114440918,15.640000343322754
1559.0,9.359999656677246,15.579999923706056
1560.0,9.399999618530272,15.640000343322754
1561.0,9.380000114440918,15.68000030517578
1562.0,9.34000015258789,15.800000190734863
1563.0,9.380000114440918,15.640000343322754
1564.0,9.34000015258789,15.68000030517578
1565.0,9.260000228881836,15.479999542236328
1566.0,9.300000190734863,15.479999542236328
1567.0,9.31999969482422,15.579999923706056
1568.0,9.31999969482422,15.600000381469728
1569.0,9.31999969482422,15.619999885559082
1570.0,9.260000228881836,15.600000381469728
1571.0,9.300000190734863,15.579999923706056
1572.0,9.31999969482422,15.520000457763672
1573.0,9.31999969482422,15.539999961853027
1574.0,9.34000015258789,15.65999984741211
1575.0,9.34000015258789,15.859999656677246
1576.0,9.31999969482422,15.880000114440918
1577.0,9.34000015258789,15.880000114440918
1578.0,9.380000114440918,15.460000038146973
1579.0,9.359999656677246,15.640000343322754
1580.0,9.359999656677246,15.600000381469728
1581.0,9.31999969482422,15.68000030517578
1582.0,9.31999969482422,15.779999732971191
1583.0,9.079999923706056,15.739999771118164
1584.0,9.239999771118164,15.760000228881836
1585.0,8.960000038146973,15.460000038146973
1586.0,9.279999732971191,15.68000030517578
1587.0,9.100000381469728,15.520000457763672
1588.0,9.18000030517578,15.539999961853027
1589.0,9.279999732971191,15.5600004196167
1590.0,9.279999732971191,15.520000457763672
1591.0,9.039999961853027,15.520000457763672
1592.0,9.100000381469728,15.5
1593.0,9.119999885559082,15.619999885559082
1594.0,9.140000343322754,15.539999961853027
1595.0,9.039999961853027,15.420000076293944
1596.0,9.119999885559082,15.4399995803833
1597.0,9.260000228881836,15.300000190734863
1598.0,9.220000267028809,15.399999618530272
1599.0,9.31999969482422,15.260000228881836
1600.0,9.34000015258789,15.420000076293944
1601.0,9.359999656677246,15.5600004196167
1602.0,9.359999656677246,15.300000190734863
1603.0,9.039999961853027,15.600000381469728
1604.0,9.140000343322754,15.640000343322754
1605.0,9.220000267028809,15.5600004196167
1606.0,9.18000030517578,15.31999969482422
1607.0,9.31999969482422,15.279999732971191
1608.0,9.359999656677246,16.040000915527344
1609.0,9.359999656677246,15.640000343322754
1610.0,9.300000190734863,15.380000114440918
1611.0,9.300000190734863,15.720000267028809
1612.0,9.399999618530272,15.619999885559082
1613.0,9.039999961853027,15.760000228881836
1614.0,9.079999923706056,15.760000228881836
1615.0,9.079999923706056,15.68000030517578
1616.0,9.0600004196167,15.520000457763672
1617.0,9.119999885559082,15.640000343322754
1618.0,9.260000228881836,15.720000267028809
1619.0,9.15999984741211,15.9399995803833
1620.0,9.199999809265137,15.640000343322754
1621.0,9.359999656677246,15.699999809265137
1622.0,9.279999732971191,15.5600004196167
1623.0,9.140000343322754,15.600000381469728
1624.0,9.18000030517578,15.859999656677246
1625.0,9.420000076293944,15.65999984741211
1626.0,9.300000190734863,15.600000381469728
1627.0,9.380000114440918,15.81999969482422
1628.0,9.199999809265137,15.720000267028809
1629.0,9.279999732971191,15.65999984741211
1630.0,9.420000076293944,15.9399995803833
1631.0,9.4399995803833,15.68000030517578
1632.0,9.399999618530272,15.460000038146973
1633.0,9.279999732971191,15.479999542236328
1634.0,9.420000076293944,15.4399995803833
1635.0,9.460000038146973,15.34000015258789
1636.0,9.279999732971191,15.800000190734863
1637.0,9.15999984741211,15.720000267028809
1638.0,9.300000190734863,15.800000190734863
1639.0,9.279999732971191,15.640000343322754
1640.0,9.15999984741211,15.899999618530272
1641.0,9.18000030517578,15.800000190734863
1642.0,9.31999969482422,15.800000190734863
1643.0,9.420000076293944,15.779999732971191
1644.0,9.479999542236328,15.739999771118164
1645.0,9.399999618530272,15.81999969482422
1646.0,9.300000190734863,15.65999984741211
1647.0,9.4399995803833,15.579999923706056
1648.0,9.520000457763672,15.739999771118164
1649.0,9.380000114440918,15.68000030517578
1650.0,9.399999618530272,15.65999984741211
1651.0,9.460000038146973,15.920000076293944
1652.0,9.4399995803833,15.600000381469728
1653.0,9.380000114440918,15.619999885559082
1654.0,9.4399995803833,15.619999885559082
1655.0,9.479999542236328,15.68000030517578
1656.0,9.420000076293944,15.619999885559082
1657.0,9.420000076293944,15.520000457763672
1658.0,9.34000015258789,15.619999885559082
1659.0,9.420000076293944,15.880000114440918
1660.0,9.279999732971191,15.600000381469728
1661.0,9.31999969482422,15.65999984741211
1662.0,9.359999656677246,15.779999732971191
1663.0,9.34000015258789,15.720000267028809
1664.0,9.359999656677246,15.920000076293944
1665.0,9.199999809265137,15.720000267028809
1666.0,9.420000076293944,15.68000030517578
1667.0,9.380000114440918,15.720000267028809
1668.0,9.239999771118164,15.81999969482422
1669.0,9.4399995803833,15.800000190734863
1670.0,9.300000190734863,15.68000030517578
1671.0,9.420000076293944,15.779999732971191
1672.0,9.479999542236328,15.720000267028809
1673.0,9.460000038146973,16.020000457763672
1674.0,9.399999618530272,15.720000267028809
1675.0,9.579999923706056,
1676.0,9.15999984741211,
1677.0,9.0600004196167,
1678.0,8.920000076293945,16.0
1679.0,8.979999542236328,15.800000190734863
1680.0,9.079999923706056,15.960000038146973
1681.0,9.100000381469728,15.859999656677246
1682.0,9.220000267028809,15.899999618530272
1683.0,9.15999984741211,15.960000038146973
1684.0,9.140000343322754,15.81999969482422
1685.0,9.34000015258789,15.81999969482422
1686.0,9.140000343322754,15.9399995803833
1687.0,9.279999732971191,15.979999542236328
1688.0,9.18000030517578,15.9399995803833
1689.0,9.0600004196167,15.979999542236328
1690.0,9.100000381469728,15.84000015258789
1691.0,9.119999885559082,15.800000190734863
1692.0,9.039999961853027,16.079999923706055
1693.0,9.279999732971191,16.299999237060547
1694.0,9.140000343322754,16.15999984741211
1695.0,9.15999984741211,16.299999237060547
1696.0,9.279999732971191,16.139999389648438
1697.0,9.399999618530272,16.139999389648438
1698.0,9.260000228881836,16.1200008392334
1699.0,9.300000190734863,16.18000030517578
1700.0,9.460000038146973,16.31999969482422
1701.0,9.4399995803833,16.239999771118164
1702.0,9.279999732971191,16.18000030517578
1703.0,9.239999771118164,16.100000381469727
1704.0,9.31999969482422,16.440000534057617
1705.0,9.479999542236328,16.739999771118164
1706.0,9.520000457763672,16.34000015258789
1707.0,9.239999771118164,16.739999771118164
1708.0,9.380000114440918,16.780000686645508
1709.0,9.300000190734863,16.299999237060547
1710.0,9.18000030517578,16.260000228881836
1711.0,9.140000343322754,16.239999771118164
1712.0,9.31999969482422,16.360000610351562
1713.0,9.31999969482422,16.899999618530273
1714.0,9.420000076293944,16.65999984741211
1715.0,9.199999809265137,16.31999969482422
1716.0,9.279999732971191,16.8799991607666
1717.0,9.359999656677246,16.639999389648438
1718.0,9.359999656677246,16.8799991607666
1719.0,9.300000190734863,16.860000610351562
1720.0,9.279999732971191,17.040000915527344
1721.0,9.199999809265137,16.81999969482422
1722.0,9.0600004196167,16.639999389648438
1723.0,9.260000228881836,16.68000030517578
1724.0,9.34000015258789,16.68000030517578
1725.0,9.15999984741211,16.559999465942383
1726.0,9.039999961853027,16.360000610351562
1727.0,9.239999771118164,16.700000762939453
1728.0,9.31999969482422,16.3799991607666
1729.0,9.31999969482422,16.540000915527344
1730.0,9.31999969482422,16.700000762939453
1731.0,9.34000015258789,16.479999542236328
1732.0,9.359999656677246,16.200000762939453
1733.0,9.279999732971191,16.15999984741211
1734.0,9.460000038146973,16.799999237060547
1735.0,9.479999542236328,16.360000610351562
1736.0,9.420000076293944,16.100000381469727
1737.0,9.300000190734863,16.860000610351562
1738.0,9.479999542236328,17.15999984741211
1739.0,9.31999969482422,
1740.0,9.600000381469728,15.640000343322754
1741.0,9.300000190734863,15.239999771118164
1742.0,9.34000015258789,17.479999542236328
1743.0,9.359999656677246,15.020000457763672
1744.0,9.31999969482422,15.880000114440918
1745.0,9.34000015258789,16.219999313354492
1746.0,9.479999542236328,15.84000015258789
1747.0,9.31999969482422,15.81999969482422
1748.0,9.399999618530272,16.520000457763672
1749.0,9.4399995803833,
1750.0,9.5600004196167,
1751.0,9.359999656677246,16.65999984741211
1752.0,9.239999771118164,16.479999542236328
1753.0,9.399999618530272,16.8799991607666
1754.0,9.220000267028809,17.020000457763672
1755.0,9.600000381469728,16.8799991607666
1756.0,9.359999656677246,16.65999984741211
1757.0,9.380000114440918,16.84000015258789
1758.0,9.399999618530272,
1759.0,9.399999618530272,
1760.0,9.359999656677246,16.940000534057617
1761.0,9.399999618530272,16.760000228881836
1762.0,9.399999618530272,16.260000228881836
1763.0,9.600000381469728,
1764.0,9.359999656677246,
1765.0,9.420000076293944,
1766.0,9.539999961853027,
1767.0,9.5600004196167,16.600000381469727
1768.0,9.640000343322754,16.520000457763672
1769.0,9.380000114440918,
1770.0,9.4399995803833,16.479999542236328
1771.0,9.420000076293944,16.600000381469727
1772.0,9.359999656677246,16.5
1773.0,9.779999732971191,
1774.0,9.699999809265137,16.780000686645508
1775.0,9.140000343322754,16.81999969482422
1776.0,9.34000015258789,16.5
1777.0,9.460000038146973,16.799999237060547
1778.0,9.699999809265137,16.84000015258789
1779.0,9.420000076293944,16.600000381469727
1780.0,9.520000457763672,16.540000915527344
1781.0,9.460000038146973,16.639999389648438
1782.0,9.460000038146973,17.100000381469727
1783.0,9.399999618530272,16.920000076293945
1784.0,9.380000114440918,16.84000015258789
1785.0,9.539999961853027,16.68000030517578
1786.0,9.399999618530272,
1787.0,9.539999961853027,
1788.0,9.300000190734863,
1789.0,9.300000190734863,16.520000457763672
1790.0,9.760000228881836,16.5
1791.0,9.479999542236328,16.020000457763672
1792.0,9.579999923706056,16.399999618530273
1793.0,9.399999618530272,16.239999771118164
1794.0,9.420000076293944,16.360000610351562
1795.0,9.479999542236328,16.420000076293945
1796.0,9.699999809265137,16.18000030517578
1797.0,9.5,16.200000762939453
1798.0,9.479999542236328,16.18000030517578
1799.0,9.399999618530272,16.100000381469727
1800.0,9.460000038146973,16.1200008392334
1801.0,9.4399995803833,15.979999542236328
1802.0,9.539999961853027,16.040000915527344
1803.0,9.380000114440918,16.040000915527344
1804.0,9.31999969482422,16.139999389648438
1805.0,9.260000228881836,16.360000610351562
1806.0,9.260000228881836,16.420000076293945
1807.0,9.359999656677246,16.360000610351562
1808.0,9.31999969482422,16.360000610351562
1809.0,9.279999732971191,16.360000610351562
1810.0,9.399999618530272,16.360000610351562
1811.0,9.4399995803833,16.18000030517578
1812.0,9.399999618530272,16.280000686645508
1813.0,9.300000190734863,16.260000228881836
1814.0,9.479999542236328,16.540000915527344
1815.0,9.5,16.5
1816.0,9.300000190734863,16.559999465942383
1817.0,9.239999771118164,16.299999237060547
1818.0,8.899999618530273,16.0
1819.0,9.300000190734863,15.800000190734863
1820.0,9.239999771118164,15.699999809265137
1821.0,9.220000267028809,15.81999969482422
1822.0,9.15999984741211,16.020000457763672
1823.0,9.020000457763672,16.020000457763672
1824.0,9.0,16.15999984741211
1825.0,9.15999984741211,16.059999465942383
1826.0,9.119999885559082,15.920000076293944
1827.0,9.4399995803833,16.059999465942383
1828.0,9.359999656677246,15.9399995803833
1829.0,9.359999656677246,16.0
1830.0,9.18000030517578,16.020000457763672
1831.0,9.359999656677246,16.0
1832.0,9.31999969482422,15.619999885559082
1833.0,9.18000030517578,15.68000030517578
1834.0,9.239999771118164,15.640000343322754
1835.0,9.239999771118164,15.600000381469728
1836.0,9.18000030517578,15.5
1837.0,9.119999885559082,15.4399995803833
1838.0,9.260000228881836,15.380000114440918
1839.0,9.0600004196167,15.380000114440918
1840.0,9.119999885559082,15.399999618530272
1841.0,9.100000381469728,15.199999809265137
1842.0,9.15999984741211,15.079999923706056
1843.0,9.199999809265137,15.140000343322754
1844.0,9.18000030517578,15.239999771118164
1845.0,9.300000190734863,15.720000267028809
1846.0,9.34000015258789,16.360000610351562
1847.0,9.380000114440918,16.040000915527344
1848.0,9.359999656677246,16.700000762939453
1849.0,9.31999969482422,16.200000762939453
1850.0,9.279999732971191,16.15999984741211
1851.0,9.100000381469728,16.020000457763672
1852.0,9.279999732971191,15.899999618530272
1853.0,9.34000015258789,16.420000076293945
1854.0,9.31999969482422,16.6200008392334
1855.0,9.15999984741211,16.65999984741211
1856.0,9.140000343322754,16.479999542236328
1857.0,9.18000030517578,16.219999313354492
1858.0,9.31999969482422,16.040000915527344
1859.0,9.359999656677246,16.059999465942383
1860.0,9.260000228881836,16.040000915527344
1861.0,9.5,16.1200008392334
1862.0,9.520000457763672,16.31999969482422
1863.0,9.460000038146973,16.040000915527344
1864.0,9.260000228881836,16.040000915527344
1865.0,9.199999809265137,15.880000114440918
1866.0,9.039999961853027,16.34000015258789
1867.0,9.119999885559082,16.440000534057617
1868.0,9.34000015258789,15.779999732971191
1869.0,9.100000381469728,16.0
1870.0,8.9399995803833,16.079999923706055
1871.0,9.199999809265137,16.8799991607666
1872.0,9.199999809265137,15.9399995803833
1873.0,9.100000381469728,16.15999984741211
1874.0,9.0600004196167,16.219999313354492
1875.0,9.140000343322754,16.299999237060547
1876.0,9.359999656677246,16.219999313354492
1877.0,9.479999542236328,16.3799991607666
1878.0,9.279999732971191,16.5
1879.0,9.399999618530272,16.420000076293945
1880.0,9.420000076293944,16.68000030517578
1881.0,9.420000076293944,16.760000228881836
1882.0,9.15999984741211,16.65999984741211
1883.0,9.18000030517578,16.559999465942383
1884.0,9.300000190734863,16.420000076293945
1885.0,9.119999885559082,16.139999389648438
1886.0,9.279999732971191,16.260000228881836
1887.0,9.140000343322754,16.219999313354492
1888.0,9.15999984741211,16.1200008392334
1889.0,9.020000457763672,16.18000030517578
1890.0,9.079999923706056,15.720000267028809
1891.0,9.079999923706056,15.81999969482422
1892.0,9.239999771118164,15.81999969482422
1893.0,9.34000015258789,15.9399995803833
1894.0,9.420000076293944,16.079999923706055
1895.0,9.399999618530272,16.040000915527344
1896.0,9.359999656677246,16.239999771118164
1897.0,9.239999771118164,16.0
1898.0,9.31999969482422,15.899999618530272
1899.0,9.220000267028809,15.81999969482422
1900.0,9.279999732971191,15.880000114440918
1901.0,9.279999732971191,16.079999923706055
1902.0,9.199999809265137,16.040000915527344
1903.0,9.18000030517578,15.5600004196167
1904.0,9.199999809265137,15.4399995803833
1905.0,9.079999923706056,15.5
1906.0,9.100000381469728,15.739999771118164
1907.0,9.079999923706056,15.720000267028809
1908.0,9.119999885559082,15.5600004196167
1909.0,9.15999984741211,15.65999984741211
1910.0,9.31999969482422,15.460000038146973
1911.0,9.279999732971191,15.460000038146973
1912.0,9.239999771118164,15.399999618530272
1913.0,9.31999969482422,15.31999969482422
1914.0,9.279999732971191,15.479999542236328
1915.0,9.260000228881836,15.800000190734863
1916.0,9.31999969482422,15.81999969482422
1917.0,9.31999969482422,15.960000038146973
1918.0,9.220000267028809,15.979999542236328
1919.0,9.31999969482422,16.020000457763672
1920.0,9.5,16.040000915527344
1921.0,9.399999618530272,16.059999465942383
1922.0,9.380000114440918,15.84000015258789
1923.0,9.260000228881836,15.859999656677246
1924.0,9.220000267028809,15.920000076293944
1925.0,9.119999885559082,15.720000267028809
1926.0,9.15999984741211,15.68000030517578
1927.0,9.140000343322754,15.739999771118164
1928.0,9.0600004196167,15.739999771118164
1929.0,9.079999923706056,15.68000030517578
1930.0,9.100000381469728,15.579999923706056
1931.0,9.100000381469728,15.520000457763672
1932.0,9.119999885559082,15.5
1933.0,9.140000343322754,15.520000457763672
1934.0,9.140000343322754,15.5
1935.0,9.119999885559082,15.5600004196167
1936.0,9.18000030517578,15.5600004196167
1937.0,9.31999969482422,15.479999542236328
1938.0,9.380000114440918,15.399999618530272
1939.0,9.31999969482422,15.4399995803833
1940.0,9.220000267028809,15.520000457763672
1941.0,9.100000381469728,15.5
1942.0,9.140000343322754,15.5
1943.0,9.199999809265137,15.359999656677246
1944.0,9.31999969482422,15.380000114440918
1945.0,9.279999732971191,15.600000381469728
1946.0,9.279999732971191,15.720000267028809
1947.0,9.220000267028809,15.68000030517578
1948.0,9.199999809265137,15.81999969482422
1949.0,9.100000381469728,15.760000228881836
1950.0,9.15999984741211,15.979999542236328
1951.0,9.15999984741211,15.979999542236328
1952.0,9.119999885559082,15.859999656677246
1953.0,9.079999923706056,16.299999237060547
1954.0,9.15999984741211,15.979999542236328
1955.0,9.18000030517578,15.779999732971191
1956.0,9.079999923706056,15.68000030517578
1957.0,9.0,15.720000267028809
1958.0,9.100000381469728,15.739999771118164
1959.0,9.140000343322754,15.779999732971191
1960.0,9.119999885559082,15.800000190734863
1961.0,9.260000228881836,15.739999771118164
1962.0,9.359999656677246,15.65999984741211
1963.0,9.34000015258789,15.65999984741211
1964.0,9.380000114440918,15.640000343322754
1965.0,9.239999771118164,15.81999969482422
1966.0,9.380000114440918,16.200000762939453
1967.0,9.460000038146973,15.800000190734863
1968.0,9.380000114440918,15.5600004196167
1969.0,9.380000114440918,15.619999885559082
1970.0,9.380000114440918,15.640000343322754
1971.0,9.300000190734863,15.899999618530272
1972.0,9.34000015258789,15.899999618530272
1973.0,9.479999542236328,15.65999984741211
1974.0,9.5600004196167,15.619999885559082
1975.0,9.460000038146973,16.079999923706055
1976.0,9.479999542236328,16.139999389648438
1977.0,9.420000076293944,15.739999771118164
1978.0,9.380000114440918,16.100000381469727
1979.0,9.4399995803833,15.979999542236328
1980.0,9.520000457763672,15.65999984741211
1981.0,9.4399995803833,15.779999732971191
1982.0,9.420000076293944,15.779999732971191
1983.0,9.520000457763672,15.899999618530272
1984.0,9.239999771118164,16.15999984741211
1985.0,9.4399995803833,16.540000915527344
1986.0,9.520000457763672,16.399999618530273
1987.0,9.5600004196167,16.0
1988.0,9.4399995803833,16.15999984741211
1989.0,9.460000038146973,16.059999465942383
1990.0,9.640000343322754,16.360000610351562
1991.0,9.520000457763672,16.280000686645508
1992.0,9.31999969482422,15.920000076293944
1993.0,9.399999618530272,15.9399995803833
1994.0,9.5,15.81999969482422
1995.0,9.520000457763672,15.5600004196167
1996.0,9.380000114440918,15.720000267028809
1997.0,9.359999656677246,15.81999969482422
1998.0,9.34000015258789,15.84000015258789
1999.0,9.15999984741211,15.84000015258789
2000.0,9.380000114440918,15.81999969482422
2001.0,9.31999969482422,15.760000228881836
2002.0,9.479999542236328,15.760000228881836
2003.0,9.34000015258789,15.720000267028809
2004.0,9.479999542236328,15.760000228881836
2005.0,9.399999618530272,15.760000228881836
2006.0,9.399999618530272,15.68000030517578
2007.0,9.420000076293944,15.579999923706056
2008.0,9.260000228881836,15.640000343322754
2009.0,9.479999542236328,15.5600004196167
2010.0,9.4399995803833,15.600000381469728
2011.0,9.420000076293944,15.65999984741211
2012.0,9.279999732971191,15.779999732971191
2013.0,9.380000114440918,15.600000381469728
2014.0,9.34000015258789,15.619999885559082
2015.0,9.380000114440918,15.5600004196167
2016.0,9.359999656677246,15.640000343322754
2017.0,9.380000114440918,15.600000381469728
2018.0,9.399999618530272,15.5600004196167
2019.0,9.5,15.5600004196167
2020.0,9.399999618530272,15.619999885559082
2021.0,9.119999885559082,15.600000381469728
2022.0,9.359999656677246,15.460000038146973
2023.0,9.420000076293944,15.5
2024.0,9.239999771118164,15.5
2025.0,9.220000267028809,15.460000038146973
2026.0,9.399999618530272,15.4399995803833
2027.0,9.239999771118164,15.579999923706056
2028.0,9.140000343322754,15.479999542236328
2029.0,9.31999969482422,15.399999618530272
2030.0,9.539999961853027,15.579999923706056
2031.0,9.380000114440918,15.5600004196167
2032.0,9.31999969482422,15.640000343322754
2033.0,9.31999969482422,15.779999732971191
2034.0,9.279999732971191,15.880000114440918
2035.0,9.300000190734863,15.920000076293944
2036.0,9.300000190734863,15.84000015258789
2037.0,9.119999885559082,15.81999969482422
2038.0,9.359999656677246,15.739999771118164
2039.0,9.199999809265137,15.720000267028809
2040.0,9.300000190734863,15.65999984741211
2041.0,9.399999618530272,15.779999732971191
2042.0,9.460000038146973,15.760000228881836
2043.0,9.460000038146973,15.81999969482422
2044.0,9.359999656677246,15.81999969482422
2045.0,9.300000190734863,15.920000076293944
2046.0,9.359999656677246,15.779999732971191
2047.0,9.479999542236328,15.699999809265137
2048.0,9.359999656677246,15.640000343322754
2049.0,9.520000457763672,15.739999771118164
2050.0,9.539999961853027,15.760000228881836
2051.0,9.199999809265137,15.720000267028809
2052.0,9.15999984741211,15.699999809265137
2053.0,9.239999771118164,15.739999771118164
2054.0,9.539999961853027,15.779999732971191
2055.0,9.5600004196167,15.739999771118164
2056.0,9.539999961853027,15.779999732971191
2057.0,9.539999961853027,15.640000343322754
2058.0,9.520000457763672,15.640000343322754
2059.0,9.420000076293944,15.800000190734863
2060.0,9.399999618530272,15.779999732971191
2061.0,9.420000076293944,15.81999969482422
2062.0,9.399999618530272,15.859999656677246
2063.0,9.359999656677246,15.760000228881836
2064.0,9.34000015258789,15.779999732971191
2065.0,9.380000114440918,15.779999732971191
2066.0,9.34000015258789,15.68000030517578
2067.0,9.420000076293944,15.720000267028809
2068.0,9.420000076293944,15.68000030517578
2069.0,9.399999618530272,15.600000381469728
2070.0,9.300000190734863,15.619999885559082
2071.0,9.300000190734863,15.619999885559082
2072.0,9.300000190734863,15.5600004196167
2073.0,9.31999969482422,15.520000457763672
2074.0,9.34000015258789,15.579999923706056
2075.0,9.279999732971191,15.579999923706056
2076.0,9.380000114440918,15.800000190734863
2077.0,9.420000076293944,15.640000343322754
2078.0,9.31999969482422,15.65999984741211
2079.0,9.199999809265137,15.5
2080.0,9.039999961853027,15.5
2081.0,9.300000190734863,15.600000381469728
2082.0,9.279999732971191,15.520000457763672
2083.0,9.140000343322754,15.579999923706056
2084.0,9.380000114440918,15.619999885559082
2085.0,9.34000015258789,15.4399995803833
2086.0,9.31999969482422,15.460000038146973
2087.0,9.260000228881836,15.5600004196167
2088.0,9.15999984741211,15.579999923706056
2089.0,9.279999732971191,15.619999885559082
2090.0,9.34000015258789,15.5600004196167
2091.0,9.359999656677246,15.65999984741211
2092.0,9.359999656677246,15.65999984741211
2093.0,9.100000381469728,15.779999732971191
2094.0,9.119999885559082,15.720000267028809
2095.0,9.140000343322754,15.720000267028809
2096.0,9.140000343322754,15.68000030517578
2097.0,9.15999984741211,15.81999969482422
2098.0,9.15999984741211,15.720000267028809
2099.0,9.100000381469728,15.859999656677246
2100.0,9.119999885559082,15.899999618530272
2101.0,9.100000381469728,15.739999771118164
2102.0,9.279999732971191,15.720000267028809
2103.0,9.15999984741211,15.739999771118164
2104.0,9.119999885559082,15.760000228881836
2105.0,9.279999732971191,15.81999969482422
2106.0,9.020000457763672,15.81999969482422
2107.0,9.31999969482422,15.720000267028809
2108.0,9.31999969482422,15.65999984741211
2109.0,9.34000015258789,15.779999732971191
2110.0,9.34000015258789,15.68000030517578
2111.0,9.399999618530272,15.68000030517578
2112.0,9.380000114440918,15.640000343322754
2113.0,9.380000114440918,15.760000228881836
2114.0,9.15999984741211,15.760000228881836
2115.0,9.420000076293944,15.720000267028809
2116.0,9.279999732971191,15.739999771118164
2117.0,9.34000015258789,16.0
2118.0,9.359999656677246,15.739999771118164
2119.0,9.399999618530272,15.760000228881836
2120.0,9.420000076293944,15.68000030517578
2121.0,9.34000015258789,16.040000915527344
2122.0,9.359999656677246,15.479999542236328
2123.0,9.100000381469728,15.65999984741211
2124.0,9.119999885559082,15.760000228881836
2125.0,9.260000228881836,16.200000762939453
2126.0,9.31999969482422,16.18000030517578
2127.0,9.359999656677246,16.0
2128.0,9.31999969482422,15.920000076293944
2129.0,9.100000381469728,16.020000457763672
2130.0,9.359999656677246,16.5
2131.0,9.460000038146973,16.020000457763672
2132.0,9.359999656677246,16.079999923706055
2133.0,9.199999809265137,16.059999465942383
2134.0,9.34000015258789,15.800000190734863
2135.0,9.31999969482422,15.979999542236328
2136.0,9.15999984741211,16.15999984741211
2137.0,9.260000228881836,15.880000114440918
2138.0,9.380000114440918,15.9399995803833
2139.0,9.380000114440918,15.960000038146973
2140.0,9.300000190734863,15.779999732971191
2141.0,9.239999771118164,15.779999732971191
2142.0,9.260000228881836,15.779999732971191
2143.0,9.239999771118164,15.739999771118164
2144.0,9.279999732971191,15.779999732971191
2145.0,9.34000015258789,15.960000038146973
2146.0,9.380000114440918,15.779999732971191
2147.0,9.31999969482422,15.739999771118164
2148.0,9.539999961853027,15.880000114440918
2149.0,9.359999656677246,15.640000343322754
2150.0,9.260000228881836,15.640000343322754
2151.0,9.220000267028809,15.84000015258789
2152.0,9.359999656677246,16.059999465942383
2153.0,9.18000030517578,15.920000076293944
2154.0,9.34000015258789,15.579999923706056
2155.0,9.380000114440918,15.720000267028809
2156.0,9.34000015258789,15.81999969482422
2157.0,9.4399995803833,15.760000228881836
2158.0,9.460000038146973,15.720000267028809
2159.0,9.4399995803833,15.579999923706056
2160.0,9.399999618530272,15.68000030517578
2161.0,9.420000076293944,15.579999923706056
2162.0,9.479999542236328,15.739999771118164
2163.0,9.34000015258789,15.65999984741211
2164.0,9.479999542236328,15.600000381469728
2165.0,9.579999923706056,15.619999885559082
2166.0,9.479999542236328,15.760000228881836
2167.0,9.300000190734863,15.720000267028809
2168.0,9.239999771118164,15.800000190734863
2169.0,9.31999969482422,15.920000076293944
2170.0,9.420000076293944,16.0
2171.0,9.5,15.960000038146973
2172.0,9.31999969482422,16.059999465942383
2173.0,9.380000114440918,15.899999618530272
2174.0,9.4399995803833,15.960000038146973
2175.0,9.34000015258789,15.859999656677246
2176.0,9.15999984741211,15.84000015258789
2177.0,9.460000038146973,15.899999618530272
2178.0,9.34000015258789,15.800000190734863
2179.0,9.300000190734863,15.760000228881836
2180.0,9.380000114440918,15.800000190734863
2181.0,9.18000030517578,15.979999542236328
2182.0,9.34000015258789,15.84000015258789
2183.0,9.31999969482422,15.9399995803833
2184.0,9.399999618530272,15.699999809265137
2185.0,9.380000114440918,15.760000228881836
2186.0,9.399999618530272,15.779999732971191
2187.0,9.520000457763672,15.699999809265137
2188.0,9.380000114440918,15.68000030517578
2189.0,9.300000190734863,15.619999885559082
2190.0,9.380000114440918,15.720000267028809
2191.0,9.300000190734863,15.720000267028809
2192.0,9.100000381469728,15.720000267028809
2193.0,9.239999771118164,15.760000228881836
2194.0,9.239999771118164,15.5600004196167
2195.0,9.239999771118164,15.720000267028809
2196.0,9.420000076293944,15.720000267028809
2197.0,9.460000038146973,15.81999969482422
2198.0,9.479999542236328,15.760000228881836
2199.0,9.220000267028809,15.899999618530272
2200.0,9.399999618530272,16.020000457763672
2201.0,9.15999984741211,16.0
2202.0,9.380000114440918,15.880000114440918
2203.0,9.399999618530272,15.9399995803833
2204.0,9.4399995803833,15.960000038146973
2205.0,9.359999656677246,15.600000381469728
2206.0,9.399999618530272,15.699999809265137
2207.0,9.479999542236328,15.68000030517578
2208.0,9.460000038146973,15.68000030517578
2209.0,9.420000076293944,15.68000030517578
2210.0,9.420000076293944,15.720000267028809
2211.0,9.420000076293944,15.720000267028809
2212.0,9.479999542236328,15.81999969482422
2213.0,9.4399995803833,15.859999656677246
2214.0,9.399999618530272,15.84000015258789
2215.0,9.399999618530272,15.9399995803833
2216.0,9.220000267028809,15.84000015258789
2217.0,9.31999969482422,15.779999732971191
2218.0,9.300000190734863,15.779999732971191
2219.0,9.34000015258789,15.81999969482422
2220.0,9.380000114440918,15.880000114440918
2221.0,9.420000076293944,15.960000038146973
2222.0,9.479999542236328,15.880000114440918
2223.0,9.479999542236328,15.84000015258789
2224.0,9.479999542236328,15.899999618530272
2225.0,9.4399995803833,16.020000457763672
2226.0,9.399999618530272,15.9399995803833
2227.0,9.399999618530272,15.979999542236328
2228.0,9.479999542236328,15.880000114440918
2229.0,9.4399995803833,15.899999618530272
2230.0,9.479999542236328,15.800000190734863
2231.0,9.479999542236328,15.899999618530272
2232.0,9.399999618530272,15.800000190734863
2233.0,9.479999542236328,15.979999542236328
2234.0,9.420000076293944,15.84000015258789
2235.0,9.460000038146973,15.739999771118164
2236.0,9.420000076293944,15.880000114440918
2237.0,9.4399995803833,16.040000915527344
2238.0,9.239999771118164,15.979999542236328
2239.0,9.520000457763672,15.779999732971191
2240.0,9.399999618530272,15.880000114440918
2241.0,9.359999656677246,15.960000038146973
2242.0,9.359999656677246,15.920000076293944
2243.0,9.31999969482422,15.539999961853027
2244.0,9.359999656677246,15.720000267028809
2245.0,9.479999542236328,15.420000076293944
2246.0,9.520000457763672,15.84000015258789
2247.0,9.359999656677246,15.859999656677246
2248.0,9.300000190734863,15.65999984741211
2249.0,9.31999969482422,15.539999961853027
2250.0,9.399999618530272,15.5600004196167
2251.0,9.420000076293944,15.739999771118164
2252.0,9.399999618530272,15.619999885559082
2253.0,9.5600004196167,15.699999809265137
2254.0,9.420000076293944,15.600000381469728
2255.0,9.380000114440918,15.68000030517578
2256.0,9.380000114440918,15.68000030517578
2257.0,9.399999618530272,15.699999809265137
2258.0,9.399999618530272,15.68000030517578
2259.0,9.399999618530272,15.640000343322754
2260.0,9.399999618530272,15.81999969482422
2261.0,9.399999618530272,15.760000228881836
2262.0,9.380000114440918,15.739999771118164
2263.0,9.34000015258789,15.720000267028809
2264.0,9.359999656677246,15.699999809265137
2265.0,9.34000015258789,15.699999809265137
2266.0,9.380000114440918,15.68000030517578
2267.0,9.359999656677246,15.68000030517578
2268.0,9.399999618530272,15.720000267028809
2269.0,9.31999969482422,15.739999771118164
2270.0,9.4399995803833,15.800000190734863
2271.0,9.420000076293944,15.84000015258789
2272.0,9.31999969482422,15.880000114440918
2273.0,9.4399995803833,15.84000015258789
2274.0,9.359999656677246,15.920000076293944
2275.0,9.279999732971191,15.899999618530272
2276.0,9.359999656677246,16.280000686645508
2277.0,9.380000114440918,15.979999542236328
2278.0,9.420000076293944,16.020000457763672
2279.0,9.380000114440918,15.9399995803833
2280.0,9.460000038146973,15.779999732971191
2281.0,9.380000114440918,15.9399995803833
2282.0,9.460000038146973,15.859999656677246
2283.0,9.460000038146973,15.880000114440918
2284.0,9.380000114440918,15.859999656677246
2285.0,9.31999969482422,15.9399995803833
2286.0,9.260000228881836,15.960000038146973
2287.0,9.399999618530272,15.81999969482422
2288.0,9.399999618530272,15.920000076293944
2289.0,9.399999618530272,15.81999969482422
2290.0,9.460000038146973,15.880000114440918
2291.0,9.359999656677246,15.899999618530272
2292.0,9.380000114440918,15.880000114440918
2293.0,9.359999656677246,15.859999656677246
2294.0,9.359999656677246,15.81999969482422
2295.0,9.4399995803833,15.779999732971191
2296.0,9.4399995803833,15.720000267028809
2297.0,9.399999618530272,15.739999771118164
2298.0,9.380000114440918,15.899999618530272
2299.0,9.399999618530272,15.81999969482422
2300.0,9.31999969482422,15.760000228881836
2301.0,9.4399995803833,15.779999732971191
2302.0,9.359999656677246,15.84000015258789
2303.0,9.479999542236328,15.760000228881836
2304.0,9.520000457763672,15.899999618530272
2305.0,9.4399995803833,15.779999732971191
2306.0,9.359999656677246,15.84000015258789
2307.0,9.399999618530272,15.899999618530272
2308.0,9.399999618530272,15.800000190734863
2309.0,9.399999618530272,15.800000190734863
2310.0,9.380000114440918,15.800000190734863
2311.0,9.380000114440918,15.760000228881836
2312.0,9.380000114440918,15.720000267028809
2313.0,9.420000076293944,15.779999732971191
2314.0,9.460000038146973,15.84000015258789
2315.0,9.460000038146973,15.84000015258789
2316.0,9.4399995803833,15.84000015258789
2317.0,9.399999618530272,15.760000228881836
2318.0,9.420000076293944,15.779999732971191
2319.0,9.399999618530272,15.84000015258789
2320.0,9.420000076293944,15.899999618530272
2321.0,9.380000114440918,15.979999542236328
2322.0,9.359999656677246,15.859999656677246
2323.0,9.4399995803833,16.0
2324.0,9.5,15.880000114440918
2325.0,9.5,15.760000228881836
2326.0,9.520000457763672,15.81999969482422
2327.0,9.420000076293944,15.9399995803833
2328.0,9.420000076293944,15.9399995803833
2329.0,9.5,15.880000114440918
2330.0,9.479999542236328,15.979999542236328
2331.0,9.479999542236328,15.920000076293944
2332.0,9.520000457763672,15.84000015258789
2333.0,9.420000076293944,15.920000076293944
2334.0,9.380000114440918,15.960000038146973
2335.0,9.4399995803833,15.9399995803833
2336.0,9.460000038146973,15.9399995803833
2337.0,9.479999542236328,16.0
2338.0,9.399999618530272,15.84000015258789
2339.0,9.4399995803833,15.760000228881836
2340.0,9.479999542236328,15.81999969482422
2341.0,9.460000038146973,15.920000076293944
2342.0,9.399999618530272,15.979999542236328
2343.0,9.15999984741211,16.059999465942383
2344.0,9.4399995803833,15.859999656677246
2345.0,9.5600004196167,15.899999618530272
2346.0,9.539999961853027,15.880000114440918
2347.0,9.68000030517578,16.0
2348.0,9.5600004196167,15.960000038146973
2349.0,9.539999961853027,15.880000114440918
2350.0,9.520000457763672,15.81999969482422
2351.0,9.5600004196167,15.739999771118164
2352.0,9.460000038146973,15.880000114440918
2353.0,9.4399995803833,15.899999618530272
2354.0,9.399999618530272,15.880000114440918
2355.0,9.380000114440918,15.880000114440918
2356.0,9.420000076293944,15.880000114440918
2357.0,9.260000228881836,15.859999656677246
2358.0,9.300000190734863,15.920000076293944
2359.0,9.31999969482422,15.979999542236328
2360.0,9.460000038146973,15.880000114440918
2361.0,9.479999542236328,15.84000015258789
2362.0,9.279999732971191,15.84000015258789
2363.0,9.300000190734863,15.84000015258789
2364.0,9.380000114440918,15.899999618530272
2365.0,9.5,15.739999771118164
2366.0,9.34000015258789,15.859999656677246
2367.0,9.239999771118164,15.920000076293944
2368.0,9.420000076293944,16.0
2369.0,9.479999542236328,16.1200008392334
2370.0,9.34000015258789,15.9399995803833
2371.0,9.359999656677246,15.979999542236328
2372.0,9.399999618530272,15.9399995803833
2373.0,9.279999732971191,16.0
2374.0,9.359999656677246,15.9399995803833
2375.0,9.479999542236328,16.040000915527344
2376.0,9.520000457763672,16.079999923706055
2377.0,9.460000038146973,16.0
2378.0,9.5,16.0
2379.0,9.4399995803833,16.079999923706055
2380.0,9.359999656677246,16.0
2381.0,9.380000114440918,16.020000457763672
2382.0,9.4399995803833,15.960000038146973
2383.0,9.460000038146973,16.079999923706055
2384.0,9.380000114440918,16.139999389648438
2385.0,9.420000076293944,16.0
2386.0,9.479999542236328,15.880000114440918
2387.0,9.380000114440918,15.920000076293944
2388.0,9.460000038146973,15.699999809265137
2389.0,9.4399995803833,15.81999969482422
2390.0,9.4399995803833,15.720000267028809
2391.0,9.579999923706056,15.699999809265137
2392.0,9.399999618530272,15.640000343322754
2393.0,9.399999618530272,15.619999885559082
2394.0,9.4399995803833,15.68000030517578
2395.0,9.520000457763672,15.739999771118164
2396.0,9.5,15.880000114440918
2397.0,9.359999656677246,15.760000228881836
2398.0,9.460000038146973,16.1200008392334
2399.0,9.399999618530272,16.040000915527344
2400.0,9.420000076293944,15.979999542236328
2401.0,9.4399995803833,15.880000114440918
2402.0,9.520000457763672,15.800000190734863
2403.0,9.579999923706056,16.040000915527344
2404.0,9.18000030517578,15.960000038146973
2405.0,9.460000038146973,15.880000114440918
2406.0,9.15999984741211,15.800000190734863
2407.0,9.300000190734863,15.859999656677246
2408.0,9.420000076293944,15.600000381469728
2409.0,9.479999542236328,15.81999969482422
2410.0,9.4399995803833,15.84000015258789
2411.0,9.279999732971191,16.0
2412.0,9.399999618530272,16.040000915527344
2413.0,9.420000076293944,15.960000038146973
2414.0,9.479999542236328,15.859999656677246
2415.0,9.520000457763672,15.960000038146973
2416.0,9.539999961853027,15.979999542236328
2417.0,9.539999961853027,15.899999618530272
2418.0,9.520000457763672,15.739999771118164
2419.0,9.520000457763672,15.84000015258789
2420.0,9.520000457763672,16.18000030517578
2421.0,9.619999885559082,15.68000030517578
2422.0,9.4399995803833,15.979999542236328
2423.0,9.460000038146973,15.979999542236328
2424.0,9.5,16.020000457763672
2425.0,9.479999542236328,16.100000381469727
2426.0,9.300000190734863,15.9399995803833
2427.0,9.220000267028809,15.81999969482422
2428.0,9.600000381469728,15.859999656677246
2429.0,9.579999923706056,15.979999542236328
2430.0,9.31999969482422,16.0
2431.0,9.539999961853027,15.760000228881836
2432.0,9.31999969482422,15.84000015258789
2433.0,9.619999885559082,15.920000076293944
2434.0,9.579999923706056,15.899999618530272
2435.0,9.5600004196167,15.899999618530272
2436.0,9.5,15.859999656677246
2437.0,9.479999542236328,15.859999656677246
2438.0,9.5600004196167,15.880000114440918
2439.0,9.5,15.779999732971191
2440.0,9.380000114440918,15.760000228881836
2441.0,9.460000038146973,15.899999618530272
2442.0,9.4399995803833,16.0
2443.0,9.5600004196167,15.699999809265137
2444.0,9.420000076293944,15.960000038146973
2445.0,9.4399995803833,15.920000076293944
2446.0,9.4399995803833,15.880000114440918
2447.0,9.399999618530272,15.81999969482422
2448.0,9.520000457763672,15.920000076293944
2449.0,9.539999961853027,15.779999732971191
2450.0,9.479999542236328,15.859999656677246
2451.0,9.460000038146973,15.760000228881836
2452.0,9.359999656677246,15.880000114440918
2453.0,9.460000038146973,15.880000114440918
2454.0,9.479999542236328,15.979999542236328
2455.0,9.5600004196167,15.960000038146973
2456.0,9.619999885559082,15.68000030517578
2457.0,9.279999732971191,15.84000015258789
2458.0,9.460000038146973,16.139999389648438
2459.0,9.5,15.880000114440918
2460.0,9.460000038146973,15.779999732971191
2461.0,9.359999656677246,15.880000114440918
2462.0,9.479999542236328,16.079999923706055
2463.0,9.640000343322754,15.9399995803833
2464.0,9.539999961853027,15.920000076293944
2465.0,9.600000381469728,15.880000114440918
2466.0,9.520000457763672,16.059999465942383
2467.0,9.600000381469728,15.84000015258789
2468.0,9.579999923706056,15.979999542236328
2469.0,9.579999923706056,15.979999542236328
2470.0,9.399999618530272,16.0
2471.0,9.520000457763672,16.0
2472.0,9.5,16.020000457763672
2473.0,9.479999542236328,16.040000915527344
2474.0,9.420000076293944,16.020000457763672
2475.0,9.460000038146973,16.0
2476.0,9.640000343322754,16.0
2477.0,9.65999984741211,15.859999656677246
2478.0,9.600000381469728,15.9399995803833
2479.0,9.479999542236328,15.81999969482422
2480.0,9.520000457763672,15.880000114440918
2481.0,9.399999618530272,15.899999618530272
2482.0,9.5,15.84000015258789
2483.0,9.399999618530272,15.760000228881836
2484.0,9.5600004196167,15.920000076293944
2485.0,9.399999618530272,15.81999969482422
2486.0,9.600000381469728,15.880000114440918
2487.0,9.399999618530272,15.960000038146973
2488.0,9.520000457763672,16.219999313354492
2489.0,9.539999961853027,15.979999542236328
2490.0,9.520000457763672,15.920000076293944
2491.0,9.479999542236328,16.0
2492.0,9.539999961853027,16.100000381469727
2493.0,9.5,16.040000915527344
2494.0,9.399999618530272,15.979999542236328
2495.0,9.479999542236328,16.1200008392334
2496.0,9.199999809265137,16.0
2497.0,9.520000457763672,16.1200008392334
2498.0,9.34000015258789,16.040000915527344
2499.0,9.279999732971191,16.040000915527344
2500.0,9.640000343322754,16.020000457763672
2501.0,9.399999618530272,16.1200008392334
2502.0,9.4399995803833,16.100000381469727
2503.0,9.479999542236328,16.100000381469727
2504.0,9.520000457763672,15.9399995803833
2505.0,9.399999618530272,15.880000114440918
2506.0,9.640000343322754,15.960000038146973
2507.0,9.520000457763672,16.1200008392334
2508.0,8.960000038146973,15.960000038146973
2509.0,9.520000457763672,15.880000114440918
2510.0,9.359999656677246,15.920000076293944
2511.0,9.399999618530272,16.020000457763672
2512.0,9.239999771118164,15.859999656677246
2513.0,9.4399995803833,15.779999732971191
2514.0,9.399999618530272,15.859999656677246
2515.0,9.520000457763672,15.920000076293944
2516.0,9.279999732971191,15.779999732971191
2517.0,9.420000076293944,15.9399995803833
2518.0,9.460000038146973,15.720000267028809
2519.0,9.5600004196167,15.739999771118164
2520.0,9.479999542236328,15.979999542236328
2521.0,9.460000038146973,16.059999465942383
2522.0,9.520000457763672,16.040000915527344
2523.0,9.399999618530272,15.880000114440918
2524.0,9.5,16.0
2525.0,9.5600004196167,16.0
2526.0,9.5600004196167,16.040000915527344
2527.0,9.539999961853027,15.960000038146973
2528.0,9.539999961853027,16.020000457763672
2529.0,9.539999961853027,15.920000076293944
2530.0,9.399999618530272,15.779999732971191
2531.0,9.4399995803833,15.760000228881836
2532.0,9.460000038146973,15.699999809265137
2533.0,9.5600004196167,15.68000030517578
2534.0,9.420000076293944,15.619999885559082
2535.0,9.380000114440918,15.619999885559082
2536.0,9.460000038146973,15.600000381469728
2537.0,9.5,15.5
2538.0,9.380000114440918,15.479999542236328
2539.0,9.260000228881836,15.619999885559082
2540.0,9.539999961853027,15.65999984741211
2541.0,9.5,15.880000114440918
2542.0,9.579999923706056,15.800000190734863
2543.0,9.399999618530272,15.65999984741211
2544.0,9.380000114440918,15.84000015258789
2545.0,9.399999618530272,16.040000915527344
2546.0,9.399999618530272,15.899999618530272
2547.0,9.479999542236328,15.84000015258789
2548.0,9.479999542236328,15.899999618530272
2549.0,9.5,16.0
2550.0,9.479999542236328,15.880000114440918
2551.0,9.460000038146973,15.800000190734863
2552.0,9.4399995803833,15.899999618530272
2553.0,9.460000038146973,15.920000076293944
2554.0,9.460000038146973,15.81999969482422
2555.0,9.359999656677246,16.079999923706055
2556.0,9.31999969482422,16.139999389648438
2557.0,9.4399995803833,15.920000076293944
2558.0,9.399999618530272,16.299999237060547
2559.0,9.199999809265137,16.020000457763672
2560.0,9.420000076293944,16.079999923706055
2561.0,9.34000015258789,16.1200008392334
2562.0,9.359999656677246,16.100000381469727
2563.0,9.34000015258789,15.960000038146973
2564.0,9.5,16.0
2565.0,9.5,16.040000915527344
2566.0,9.5,16.059999465942383
2567.0,9.4399995803833,16.020000457763672
2568.0,9.399999618530272,16.040000915527344
2569.0,9.460000038146973,16.020000457763672
2570.0,9.479999542236328,16.079999923706055
2571.0,9.539999961853027,16.15999984741211
2572.0,9.5600004196167,16.18000030517578
2573.0,9.5600004196167,16.100000381469727
2574.0,9.520000457763672,16.059999465942383
2575.0,9.5,16.100000381469727
2576.0,9.479999542236328,16.299999237060547
2577.0,9.520000457763672,16.059999465942383
2578.0,9.539999961853027,15.960000038146973
2579.0,9.5600004196167,16.0
2580.0,9.5600004196167,16.0
2581.0,9.479999542236328,16.1200008392334
2582.0,9.520000457763672,16.079999923706055
2583.0,9.239999771118164,16.059999465942383
2584.0,9.720000267028809,16.139999389648438
2585.0,9.640000343322754,16.18000030517578
2586.0,9.479999542236328,16.0
2587.0,9.739999771118164,15.920000076293944
2588.0,9.5,16.0
2589.0,9.460000038146973,15.9399995803833
2590.0,9.520000457763672,15.920000076293944
2591.0,9.520000457763672,16.020000457763672
2592.0,9.479999542236328,15.960000038146973
2593.0,9.539999961853027,15.9399995803833
2594.0,9.479999542236328,15.920000076293944
2595.0,9.479999542236328,15.9399995803833
2596.0,9.520000457763672,16.15999984741211
2597.0,9.539999961853027,15.9399995803833
2598.0,9.739999771118164,15.9399995803833
2599.0,9.739999771118164,15.979999542236328
2600.0,9.539999961853027,16.0
2601.0,9.539999961853027,16.0
2602.0,9.5600004196167,15.9399995803833
2603.0,9.5600004196167,16.059999465942383
2604.0,9.520000457763672,15.920000076293944
2605.0,9.5600004196167,15.920000076293944
2606.0,9.279999732971191,15.880000114440918
2607.0,9.579999923706056,15.899999618530272
2608.0,9.640000343322754,15.9399995803833
2609.0,9.5600004196167,15.880000114440918
2610.0,9.4399995803833,15.920000076293944
2611.0,9.640000343322754,16.040000915527344
2612.0,9.5600004196167,16.040000915527344
2613.0,9.520000457763672,15.960000038146973
2614.0,9.539999961853027,16.079999923706055
2615.0,9.460000038146973,16.040000915527344
2616.0,9.600000381469728,15.979999542236328
2617.0,9.579999923706056,16.0
2618.0,9.5,16.040000915527344
2619.0,9.460000038146973,16.0
2620.0,9.5600004196167,16.079999923706055
2621.0,9.5600004196167,16.15999984741211
2622.0,9.5,16.040000915527344
2623.0,9.520000457763672,15.920000076293944
2624.0,9.479999542236328,16.079999923706055
2625.0,9.520000457763672,16.139999389648438
2626.0,9.5600004196167,16.0
2627.0,9.539999961853027,16.1200008392334
2628.0,9.520000457763672,16.1200008392334
2629.0,9.5,16.299999237060547
2630.0,9.5,16.139999389648438
2631.0,9.479999542236328,16.100000381469727
2632.0,9.359999656677246,16.059999465942383
2633.0,9.399999618530272,16.100000381469727
2634.0,9.420000076293944,16.1200008392334
2635.0,9.5600004196167,16.079999923706055
2636.0,9.5,16.059999465942383
2637.0,9.380000114440918,16.100000381469727
2638.0,9.4399995803833,16.1200008392334
2639.0,9.460000038146973,16.079999923706055
2640.0,9.4399995803833,16.040000915527344
2641.0,9.420000076293944,16.15999984741211
2642.0,9.4399995803833,16.239999771118164
2643.0,9.399999618530272,16.15999984741211
2644.0,9.4399995803833,16.100000381469727
2645.0,9.460000038146973,16.15999984741211
2646.0,9.5,16.1200008392334
2647.0,9.479999542236328,16.18000030517578
2648.0,9.520000457763672,16.18000030517578
2649.0,9.5,16.020000457763672
2650.0,9.520000457763672,16.139999389648438
2651.0,9.460000038146973,16.18000030517578
2652.0,9.5,16.200000762939453
2653.0,9.479999542236328,16.18000030517578
2654.0,9.539999961853027,16.18000030517578
2655.0,9.5600004196167,16.139999389648438
2656.0,9.600000381469728,16.100000381469727
2657.0,9.479999542236328,16.1200008392334
2658.0,9.520000457763672,16.239999771118164
2659.0,9.479999542236328,16.1200008392334
2660.0,9.4399995803833,16.1200008392334
2661.0,9.380000114440918,16.0
2662.0,9.380000114440918,16.5
2663.0,9.460000038146973,16.200000762939453
2664.0,9.4399995803833,16.299999237060547
2665.0,9.460000038146973,16.3799991607666
2666.0,9.579999923706056,16.219999313354492
2667.0,9.520000457763672,16.219999313354492
2668.0,9.5,16.260000228881836
2669.0,9.5,16.280000686645508
2670.0,9.5600004196167,16.239999771118164
2671.0,9.479999542236328,16.219999313354492
2672.0,9.539999961853027,16.260000228881836
2673.0,9.479999542236328,16.18000030517578
2674.0,9.600000381469728,16.079999923706055
2675.0,9.640000343322754,16.059999465942383
2676.0,9.479999542236328,16.200000762939453
2677.0,9.520000457763672,16.18000030517578
2678.0,9.5,16.040000915527344
2679.0,9.479999542236328,16.079999923706055
2680.0,9.5600004196167,16.059999465942383
2681.0,9.5600004196167,16.059999465942383
2682.0,9.31999969482422,16.059999465942383
2683.0,9.520000457763672,16.020000457763672
2684.0,9.420000076293944,16.040000915527344
2685.0,9.5,16.020000457763672
2686.0,9.520000457763672,16.059999465942383
2687.0,9.479999542236328,16.139999389648438
2688.0,9.380000114440918,16.15999984741211
2689.0,9.420000076293944,15.9399995803833
2690.0,9.420000076293944,16.059999465942383
2691.0,9.520000457763672,16.1200008392334
2692.0,9.579999923706056,16.079999923706055
2693.0,9.520000457763672,16.0
2694.0,9.5600004196167,16.100000381469727
2695.0,9.4399995803833,16.100000381469727
2696.0,9.479999542236328,15.979999542236328
2697.0,9.479999542236328,16.040000915527344
2698.0,9.399999618530272,16.15999984741211
2699.0,9.460000038146973,16.0
2700.0,9.460000038146973,16.059999465942383
2701.0,9.479999542236328,16.040000915527344
2702.0,9.479999542236328,16.079999923706055
2703.0,9.420000076293944,15.9399995803833
2704.0,9.460000038146973,16.0
2705.0,9.4399995803833,16.020000457763672
2706.0,9.520000457763672,15.960000038146973
2707.0,9.539999961853027,16.040000915527344
2708.0,9.460000038146973,16.0
2709.0,9.4399995803833,16.0
2710.0,9.460000038146973,16.059999465942383
2711.0,9.420000076293944,15.979999542236328
2712.0,9.5,16.040000915527344
2713.0,9.4399995803833,16.0
2714.0,9.539999961853027,16.040000915527344
2715.0,9.539999961853027,16.040000915527344
2716.0,9.460000038146973,16.139999389648438
2717.0,9.420000076293944,16.219999313354492
2718.0,9.34000015258789,16.239999771118164
2719.0,9.479999542236328,16.079999923706055
2720.0,9.5,16.079999923706055
2721.0,9.539999961853027,16.059999465942383
2722.0,9.5,16.1200008392334
2723.0,9.4399995803833,16.100000381469727
2724.0,9.479999542236328,16.040000915527344
2725.0,9.520000457763672,16.0
2726.0,9.520000457763672,16.1200008392334
2727.0,9.5,16.020000457763672
2728.0,9.520000457763672,16.040000915527344
2729.0,9.600000381469728,15.979999542236328
2730.0,9.640000343322754,16.079999923706055
2731.0,9.520000457763672,15.9399995803833
2732.0,9.539999961853027,15.9399995803833
2733.0,9.520000457763672,15.920000076293944
2734.0,9.479999542236328,15.979999542236328
2735.0,9.520000457763672,16.0
2736.0,9.520000457763672,15.979999542236328
2737.0,9.479999542236328,16.18000030517578
2738.0,9.479999542236328,16.040000915527344
2739.0,9.520000457763672,16.059999465942383
2740.0,9.5600004196167,16.219999313354492
2741.0,9.579999923706056,16.040000915527344
2742.0,9.619999885559082,16.020000457763672
2743.0,9.539999961853027,16.059999465942383
2744.0,9.5,16.059999465942383
2745.0,9.5,16.079999923706055
2746.0,9.619999885559082,15.9399995803833
2747.0,9.5600004196167,16.079999923706055
2748.0,9.600000381469728,16.059999465942383
2749.0,9.5600004196167,16.260000228881836
2750.0,9.520000457763672,16.360000610351562
2751.0,9.640000343322754,16.18000030517578
2752.0,9.579999923706056,16.18000030517578
2753.0,9.579999923706056,16.239999771118164
2754.0,9.520000457763672,16.280000686645508
2755.0,9.579999923706056,16.200000762939453
2756.0,9.579999923706056,16.18000030517578
2757.0,9.579999923706056,16.200000762939453
2758.0,9.579999923706056,16.15999984741211
2759.0,9.5600004196167,16.15999984741211
2760.0,9.5600004196167,16.1200008392334
2761.0,9.5600004196167,16.100000381469727
2762.0,9.539999961853027,16.040000915527344
2763.0,9.600000381469728,16.020000457763672
2764.0,9.619999885559082,16.020000457763672
2765.0,9.520000457763672,16.0
2766.0,9.640000343322754,16.139999389648438
2767.0,9.579999923706056,16.1200008392334
2768.0,9.5,16.15999984741211
2769.0,9.5600004196167,16.079999923706055
2770.0,9.520000457763672,16.200000762939453
2771.0,9.5600004196167,16.15999984741211
2772.0,9.539999961853027,16.18000030517578
2773.0,9.5600004196167,16.059999465942383
2774.0,9.520000457763672,16.0
2775.0,9.520000457763672,16.0
2776.0,9.600000381469728,16.0
2777.0,9.65999984741211,16.1200008392334
2778.0,9.640000343322754,16.040000915527344
2779.0,9.579999923706056,16.040000915527344
2780.0,9.600000381469728,16.0
2781.0,9.5,15.84000015258789
2782.0,9.520000457763672,15.979999542236328
2783.0,9.539999961853027,16.040000915527344
2784.0,9.5600004196167,16.020000457763672
2785.0,9.5600004196167,16.200000762939453
2786.0,9.520000457763672,16.1200008392334
2787.0,9.640000343322754,16.059999465942383
2788.0,9.579999923706056,16.020000457763672
2789.0,9.5600004196167,16.200000762939453
2790.0,9.539999961853027,16.059999465942383
2791.0,9.5600004196167,16.100000381469727
2792.0,9.579999923706056,16.1200008392334
2793.0,9.5,16.15999984741211
2794.0,9.579999923706056,16.18000030517578
2795.0,9.520000457763672,16.280000686645508
2796.0,9.619999885559082,16.139999389648438
2797.0,9.539999961853027,16.18000030517578
2798.0,9.5600004196167,16.139999389648438
2799.0,9.520000457763672,16.15999984741211
2800.0,9.539999961853027,16.299999237060547
2801.0,9.65999984741211,16.200000762939453
2802.0,9.640000343322754,16.059999465942383
2803.0,9.520000457763672,16.18000030517578
2804.0,9.479999542236328,16.15999984741211
2805.0,9.479999542236328,16.1200008392334
2806.0,9.65999984741211,16.0
2807.0,9.520000457763672,16.079999923706055
2808.0,9.520000457763672,15.960000038146973
2809.0,9.520000457763672,15.960000038146973
2810.0,9.4399995803833,16.079999923706055
2811.0,9.479999542236328,16.260000228881836
2812.0,9.4399995803833,16.040000915527344
2813.0,9.520000457763672,16.040000915527344
2814.0,9.5,16.079999923706055
2815.0,9.5,16.139999389648438
2816.0,9.600000381469728,16.059999465942383
2817.0,9.539999961853027,16.18000030517578
2818.0,9.5,16.1200008392334
2819.0,9.600000381469728,16.139999389648438
2820.0,9.579999923706056,16.239999771118164
2821.0,9.539999961853027,16.18000030517578
2822.0,9.600000381469728,16.219999313354492
2823.0,9.5600004196167,16.260000228881836
2824.0,9.520000457763672,16.18000030517578
2825.0,9.520000457763672,16.059999465942383
2826.0,9.600000381469728,16.100000381469727
2827.0,9.68000030517578,16.139999389648438
2828.0,9.640000343322754,16.200000762939453
2829.0,9.84000015258789,16.200000762939453
2830.0,9.539999961853027,16.219999313354492
2831.0,9.5600004196167,16.260000228881836
2832.0,9.4399995803833,16.260000228881836
2833.0,9.619999885559082,16.299999237060547
2834.0,9.68000030517578,16.260000228881836
2835.0,9.640000343322754,16.280000686645508
2836.0,9.699999809265137,16.219999313354492
2837.0,9.600000381469728,16.079999923706055
2838.0,9.5600004196167,16.34000015258789
2839.0,9.539999961853027,16.280000686645508
2840.0,9.579999923706056,16.299999237060547
2841.0,9.619999885559082,16.420000076293945
2842.0,9.579999923706056,16.399999618530273
2843.0,9.5600004196167,16.479999542236328
2844.0,9.579999923706056,16.299999237060547
2845.0,9.68000030517578,16.239999771118164
2846.0,9.720000267028809,16.360000610351562
2847.0,9.5600004196167,16.420000076293945
2848.0,9.5600004196167,16.15999984741211
2849.0,9.539999961853027,16.360000610351562
2850.0,9.600000381469728,16.3799991607666
2851.0,9.68000030517578,16.15999984741211
2852.0,9.640000343322754,16.219999313354492
2853.0,9.600000381469728,16.200000762939453
2854.0,9.68000030517578,16.299999237060547
2855.0,9.5600004196167,16.3799991607666
2856.0,9.579999923706056,16.260000228881836
2857.0,9.640000343322754,16.18000030517578
2858.0,9.579999923706056,16.100000381469727
2859.0,9.640000343322754,16.200000762939453
2860.0,9.800000190734863,16.219999313354492
2861.0,9.5600004196167,16.200000762939453
2862.0,9.520000457763672,16.219999313354492
2863.0,9.600000381469728,16.31999969482422
2864.0,9.5600004196167,16.219999313354492
2865.0,9.619999885559082,16.200000762939453
2866.0,9.5,16.200000762939453
2867.0,9.539999961853027,16.260000228881836
2868.0,9.5600004196167,16.15999984741211
2869.0,9.68000030517578,16.139999389648438
2870.0,9.600000381469728,16.139999389648438
2871.0,9.600000381469728,16.1200008392334
2872.0,9.640000343322754,16.239999771118164
2873.0,9.65999984741211,16.260000228881836
2874.0,9.68000030517578,16.260000228881836
2875.0,9.619999885559082,16.260000228881836
2876.0,9.539999961853027,16.219999313354492
2877.0,9.619999885559082,16.139999389648438
2878.0,9.68000030517578,16.280000686645508
2879.0,9.539999961853027,16.18000030517578
2880.0,9.539999961853027,16.200000762939453
2881.0,9.520000457763672,16.15999984741211
2882.0,9.4399995803833,16.059999465942383
2883.0,9.600000381469728,16.239999771118164
2884.0,9.539999961853027,16.15999984741211
2885.0,9.5600004196167,16.15999984741211
2886.0,9.5,16.200000762939453
2887.0,9.5,16.239999771118164
2888.0,9.5,16.15999984741211
2889.0,9.5600004196167,16.059999465942383
2890.0,9.5600004196167,16.260000228881836
2891.0,9.539999961853027,16.219999313354492
2892.0,9.539999961853027,16.200000762939453
2893.0,9.579999923706056,16.15999984741211
2894.0,9.520000457763672,16.200000762939453
2895.0,9.68000030517578,16.200000762939453
2896.0,9.619999885559082,16.18000030517578
2897.0,9.5,16.040000915527344
2898.0,9.579999923706056,16.079999923706055
2899.0,9.640000343322754,16.18000030517578
2900.0,9.600000381469728,16.18000030517578
2901.0,9.600000381469728,16.079999923706055
2902.0,9.579999923706056,16.040000915527344
2903.0,9.579999923706056,16.059999465942383
2904.0,9.5600004196167,16.260000228881836
2905.0,9.5,16.200000762939453
2906.0,9.600000381469728,16.100000381469727
2907.0,9.600000381469728,16.139999389648438
2908.0,9.619999885559082,16.040000915527344
2909.0,9.579999923706056,15.979999542236328
2910.0,9.539999961853027,15.960000038146973
2911.0,9.520000457763672,15.9399995803833
2912.0,9.5600004196167,16.299999237060547
2913.0,9.539999961853027,16.15999984741211
2914.0,9.619999885559082,16.020000457763672
2915.0,9.640000343322754,16.139999389648438
2916.0,9.760000228881836,16.15999984741211
2917.0,9.699999809265137,16.200000762939453
2918.0,9.619999885559082,16.15999984741211
2919.0,9.5,16.0
2920.0,9.539999961853027,16.15999984741211
2921.0,9.65999984741211,16.15999984741211
2922.0,9.579999923706056,16.15999984741211
2923.0,9.5600004196167,16.219999313354492
2924.0,9.699999809265137,16.079999923706055
2925.0,9.760000228881836,16.0
2926.0,9.699999809265137,15.979999542236328
2927.0,9.460000038146973,16.059999465942383
2928.0,9.539999961853027,16.059999465942383
2929.0,9.619999885559082,16.139999389648438
2930.0,9.640000343322754,16.0
2931.0,9.65999984741211,16.31999969482422
2932.0,9.640000343322754,16.219999313354492
2933.0,9.579999923706056,16.260000228881836
2934.0,9.65999984741211,16.18000030517578
2935.0,9.68000030517578,16.15999984741211
2936.0,9.600000381469728,16.15999984741211
2937.0,9.479999542236328,16.239999771118164
2938.0,9.5,16.1200008392334
2939.0,9.68000030517578,16.18000030517578
2940.0,9.520000457763672,16.0
2941.0,9.479999542236328,16.139999389648438
2942.0,9.5,16.200000762939453
2943.0,9.5600004196167,16.0
2944.0,9.779999732971191,16.040000915527344
2945.0,9.520000457763672,16.280000686645508
2946.0,9.5,16.399999618530273
2947.0,9.739999771118164,16.280000686645508
2948.0,9.699999809265137,16.280000686645508
2949.0,9.5,16.219999313354492
2950.0,9.5600004196167,16.18000030517578
2951.0,9.640000343322754,16.219999313354492
2952.0,9.600000381469728,16.280000686645508
2953.0,9.619999885559082,16.399999618530273
2954.0,9.5600004196167,16.31999969482422
2955.0,9.539999961853027,16.280000686645508
2956.0,9.699999809265137,16.34000015258789
2957.0,9.579999923706056,16.34000015258789
2958.0,9.68000030517578,16.3799991607666
2959.0,9.5600004196167,16.299999237060547
2960.0,9.5600004196167,16.299999237060547
2961.0,9.619999885559082,16.239999771118164
2962.0,9.619999885559082,16.440000534057617
2963.0,9.579999923706056,16.360000610351562
2964.0,9.539999961853027,16.299999237060547
2965.0,9.5600004196167,16.31999969482422
2966.0,9.579999923706056,16.31999969482422
2967.0,9.520000457763672,16.260000228881836
2968.0,9.579999923706056,16.260000228881836
2969.0,9.479999542236328,16.399999618530273
2970.0,9.539999961853027,16.31999969482422
2971.0,9.600000381469728,16.399999618530273
2972.0,9.539999961853027,16.399999618530273
2973.0,9.68000030517578,16.420000076293945
2974.0,9.65999984741211,16.399999618530273
2975.0,9.720000267028809,16.440000534057617
2976.0,9.579999923706056,16.520000457763672
2977.0,9.539999961853027,16.440000534057617
2978.0,9.640000343322754,16.360000610351562
2979.0,9.619999885559082,16.299999237060547
2980.0,9.640000343322754,16.260000228881836
2981.0,9.600000381469728,16.260000228881836
2982.0,9.5600004196167,16.520000457763672
2983.0,9.380000114440918,16.219999313354492
2984.0,9.579999923706056,16.31999969482422
2985.0,9.640000343322754,16.299999237060547
2986.0,9.65999984741211,16.579999923706055
2987.0,9.760000228881836,16.200000762939453
2988.0,9.5600004196167,16.280000686645508
2989.0,9.5600004196167,16.260000228881836
2990.0,9.619999885559082,16.280000686645508
2991.0,9.640000343322754,16.31999969482422
2992.0,9.68000030517578,16.299999237060547
2993.0,9.65999984741211,16.219999313354492
2994.0,9.539999961853027,16.260000228881836
2995.0,9.539999961853027,16.299999237060547
2996.0,9.539999961853027,16.299999237060547
2997.0,9.5600004196167,16.219999313354492
2998.0,9.579999923706056,16.239999771118164
2999.0,9.539999961853027,16.079999923706055
3000.0,9.5600004196167,16.079999923706055
3001.0,9.479999542236328,16.280000686645508
3002.0,9.520000457763672,16.200000762939453
3003.0,9.479999542236328,16.200000762939453
3004.0,9.460000038146973,16.139999389648438
3005.0,9.4399995803833,16.200000762939453
3006.0,9.420000076293944,16.260000228881836
3007.0,9.539999961853027,16.219999313354492
3008.0,9.5600004196167,16.280000686645508
3009.0,9.5600004196167,16.260000228881836
3010.0,9.619999885559082,16.280000686645508
3011.0,9.640000343322754,16.299999237060547
3012.0,9.579999923706056,16.260000228881836
3013.0,9.619999885559082,16.200000762939453
3014.0,9.68000030517578,16.219999313354492
3015.0,9.5600004196167,16.219999313354492
3016.0,9.539999961853027,16.280000686645508
3017.0,9.539999961853027,16.31999969482422
3018.0,9.5,16.219999313354492
3019.0,9.619999885559082,16.219999313354492
3020.0,9.68000030517578,16.200000762939453
3021.0,9.68000030517578,16.239999771118164
3022.0,9.699999809265137,16.280000686645508
3023.0,9.800000190734863,16.260000228881836
3024.0,9.65999984741211,16.15999984741211
3025.0,9.640000343322754,16.219999313354492
3026.0,9.65999984741211,16.260000228881836
3027.0,9.5600004196167,16.239999771118164
3028.0,9.460000038146973,16.219999313354492
3029.0,9.5600004196167,16.200000762939453
3030.0,9.5600004196167,16.219999313354492
3031.0,9.640000343322754,16.200000762939453
3032.0,9.579999923706056,16.139999389648438
3033.0,9.619999885559082,16.260000228881836
3034.0,9.539999961853027,16.219999313354492
3035.0,9.68000030517578,16.200000762939453
3036.0,9.5600004196167,16.15999984741211
3037.0,9.520000457763672,16.15999984741211
3038.0,9.5600004196167,16.079999923706055
3039.0,9.239999771118164,16.079999923706055
3040.0,9.65999984741211,16.260000228881836
3041.0,9.579999923706056,16.260000228881836
3042.0,9.5600004196167,16.260000228881836
3043.0,9.460000038146973,16.260000228881836
3044.0,9.539999961853027,16.299999237060547
3045.0,9.579999923706056,16.260000228881836
3046.0,9.5600004196167,16.559999465942383
3047.0,9.5600004196167,16.31999969482422
3048.0,9.619999885559082,16.280000686645508
3049.0,9.640000343322754,16.260000228881836
3050.0,9.699999809265137,16.239999771118164
3051.0,9.619999885559082,16.31999969482422
3052.0,9.720000267028809,16.260000228881836
3053.0,9.579999923706056,16.260000228881836
3054.0,9.539999961853027,16.399999618530273
3055.0,9.5600004196167,16.420000076293945
3056.0,9.579999923706056,16.3799991607666
3057.0,9.619999885559082,16.299999237060547
3058.0,9.579999923706056,16.360000610351562
3059.0,9.640000343322754,16.299999237060547
3060.0,9.619999885559082,16.299999237060547
3061.0,9.600000381469728,16.260000228881836
3062.0,9.640000343322754,16.280000686645508
3063.0,9.5600004196167,16.15999984741211
3064.0,9.460000038146973,16.139999389648438
3065.0,9.640000343322754,16.219999313354492
3066.0,9.579999923706056,16.139999389648438
3067.0,9.640000343322754,16.18000030517578
3068.0,9.600000381469728,16.239999771118164
3069.0,9.640000343322754,16.34000015258789
3070.0,9.699999809265137,16.260000228881836
3071.0,9.5600004196167,16.260000228881836
3072.0,9.520000457763672,16.260000228881836
3073.0,9.5600004196167,16.219999313354492
3074.0,9.5600004196167,16.260000228881836
3075.0,9.5600004196167,16.280000686645508
3076.0,9.619999885559082,16.31999969482422
3077.0,9.5600004196167,16.31999969482422
3078.0,9.5600004196167,16.31999969482422
3079.0,9.460000038146973,16.299999237060547
3080.0,9.5600004196167,16.260000228881836
3081.0,9.579999923706056,16.360000610351562
3082.0,9.600000381469728,16.299999237060547
3083.0,9.539999961853027,16.479999542236328
3084.0,9.5600004196167,16.260000228881836
3085.0,9.399999618530272,16.31999969482422
3086.0,9.140000343322754,16.239999771118164
3087.0,9.619999885559082,16.280000686645508
3088.0,9.579999923706056,16.299999237060547
3089.0,9.5600004196167,16.31999969482422
3090.0,9.5600004196167,16.3799991607666
3091.0,9.5600004196167,16.280000686645508
3092.0,9.539999961853027,16.3799991607666
3093.0,9.619999885559082,16.299999237060547
3094.0,9.579999923706056,16.15999984741211
3095.0,9.600000381469728,16.200000762939453
3096.0,9.579999923706056,16.200000762939453
3097.0,9.640000343322754,16.299999237060547
3098.0,9.600000381469728,16.360000610351562
3099.0,9.539999961853027,16.360000610351562
3100.0,9.520000457763672,16.139999389648438
3101.0,9.640000343322754,16.139999389648438
3102.0,9.600000381469728,16.260000228881836
3103.0,9.600000381469728,16.18000030517578
3104.0,9.619999885559082,16.219999313354492
3105.0,9.68000030517578,16.139999389648438
3106.0,9.640000343322754,16.219999313354492
3107.0,9.640000343322754,16.31999969482422
3108.0,9.68000030517578,16.299999237060547
3109.0,9.640000343322754,16.299999237060547
3110.0,9.640000343322754,16.299999237060547
3111.0,9.640000343322754,16.399999618530273
3112.0,9.619999885559082,16.360000610351562
3113.0,9.65999984741211,16.3799991607666
3114.0,9.699999809265137,16.3799991607666
3115.0,9.65999984741211,16.399999618530273
3116.0,9.65999984741211,16.360000610351562
3117.0,9.65999984741211,16.399999618530273
3118.0,9.640000343322754,16.34000015258789
3119.0,9.600000381469728,16.34000015258789
3120.0,9.640000343322754,16.260000228881836
3121.0,9.579999923706056,16.34000015258789
3122.0,9.699999809265137,16.299999237060547
3123.0,9.68000030517578,16.31999969482422
3124.0,9.68000030517578,16.360000610351562
3125.0,9.65999984741211,16.399999618530273
3126.0,9.579999923706056,16.3799991607666
3127.0,9.65999984741211,16.520000457763672
3128.0,9.68000030517578,16.520000457763672
3129.0,9.68000030517578,16.299999237060547
3130.0,9.5600004196167,16.200000762939453
3131.0,9.619999885559082,16.34000015258789
3132.0,9.65999984741211,16.139999389648438
3133.0,9.68000030517578,16.139999389648438
3134.0,9.68000030517578,16.299999237060547
3135.0,9.640000343322754,16.420000076293945
3136.0,9.640000343322754,16.299999237060547
3137.0,9.619999885559082,16.280000686645508
3138.0,9.65999984741211,16.31999969482422
3139.0,9.65999984741211,16.299999237060547
3140.0,9.720000267028809,16.360000610351562
3141.0,9.68000030517578,16.31999969482422
3142.0,9.720000267028809,16.399999618530273
3143.0,9.720000267028809,16.360000610351562
3144.0,9.640000343322754,16.3799991607666
3145.0,9.640000343322754,16.6200008392334
3146.0,9.800000190734863,16.540000915527344
3147.0,9.760000228881836,16.3799991607666
3148.0,9.720000267028809,16.520000457763672
3149.0,9.619999885559082,16.459999084472656
3150.0,9.579999923706056,16.479999542236328
3151.0,9.4399995803833,16.459999084472656
3152.0,9.720000267028809,16.440000534057617
3153.0,9.600000381469728,16.3799991607666
3154.0,9.239999771118164,16.360000610351562
3155.0,9.720000267028809,16.34000015258789
3156.0,9.579999923706056,16.3799991607666
3157.0,9.539999961853027,16.440000534057617
3158.0,9.539999961853027,16.6200008392334
3159.0,9.539999961853027,16.479999542236328
3160.0,9.600000381469728,16.459999084472656
3161.0,9.65999984741211,16.399999618530273
3162.0,9.640000343322754,16.399999618530273
3163.0,9.739999771118164,16.559999465942383
3164.0,9.699999809265137,16.5
3165.0,9.640000343322754,16.3799991607666
3166.0,9.720000267028809,16.3799991607666
3167.0,9.68000030517578,16.299999237060547
3168.0,9.640000343322754,16.459999084472656
3169.0,9.579999923706056,16.3799991607666
3170.0,9.579999923706056,16.420000076293945
3171.0,9.600000381469728,16.3799991607666
3172.0,9.9399995803833,16.3799991607666
3173.0,9.699999809265137,16.299999237060547
3174.0,9.600000381469728,16.31999969482422
3175.0,9.68000030517578,16.31999969482422
3176.0,9.619999885559082,16.420000076293945
3177.0,9.640000343322754,16.34000015258789
3178.0,9.68000030517578,16.399999618530273
3179.0,9.699999809265137,16.600000381469727
3180.0,9.640000343322754,16.540000915527344
3181.0,9.699999809265137,16.360000610351562
3182.0,9.65999984741211,16.459999084472656
3183.0,9.539999961853027,16.5
3184.0,9.699999809265137,16.479999542236328
3185.0,9.720000267028809,16.520000457763672
3186.0,9.699999809265137,16.420000076293945
3187.0,9.68000030517578,16.459999084472656
3188.0,9.640000343322754,16.540000915527344
3189.0,9.68000030517578,16.520000457763672
3190.0,9.65999984741211,16.5
3191.0,9.579999923706056,16.540000915527344
3192.0,9.579999923706056,16.600000381469727
3193.0,9.65999984741211,16.399999618530273
3194.0,9.640000343322754,16.399999618530273
3195.0,9.65999984741211,16.3799991607666
3196.0,9.640000343322754,16.360000610351562
3197.0,9.5600004196167,16.459999084472656
3198.0,9.619999885559082,16.440000534057617
3199.0,9.600000381469728,16.420000076293945
3200.0,9.68000030517578,16.540000915527344
3201.0,9.65999984741211,16.3799991607666
3202.0,9.68000030517578,16.5
3203.0,9.699999809265137,16.6200008392334
3204.0,9.619999885559082,16.5
3205.0,9.720000267028809,16.579999923706055
3206.0,9.760000228881836,16.420000076293945
3207.0,9.800000190734863,16.5
3208.0,9.84000015258789,16.440000534057617
3209.0,9.84000015258789,16.459999084472656
3210.0,9.800000190734863,16.440000534057617
3211.0,9.979999542236328,16.459999084472656
3212.0,9.800000190734863,16.520000457763672
3213.0,9.800000190734863,16.520000457763672
3214.0,9.779999732971191,16.520000457763672
3215.0,9.699999809265137,16.6200008392334
3216.0,9.739999771118164,16.479999542236328
3217.0,9.720000267028809,16.579999923706055
3218.0,9.699999809265137,16.479999542236328
3219.0,9.65999984741211,16.459999084472656
3220.0,9.739999771118164,16.559999465942383
3221.0,9.720000267028809,16.540000915527344
3222.0,9.699999809265137,16.440000534057617
3223.0,9.68000030517578,16.459999084472656
3224.0,9.739999771118164,16.559999465942383
3225.0,9.640000343322754,16.6200008392334
3226.0,9.68000030517578,16.479999542236328
3227.0,9.720000267028809,16.479999542236328
3228.0,9.720000267028809,16.3799991607666
3229.0,9.699999809265137,16.479999542236328
3230.0,9.699999809265137,16.399999618530273
3231.0,9.720000267028809,16.440000534057617
3232.0,9.720000267028809,16.520000457763672
3233.0,9.68000030517578,16.520000457763672
3234.0,9.68000030517578,16.360000610351562
3235.0,9.640000343322754,16.520000457763672
3236.0,9.619999885559082,16.600000381469727
3237.0,9.600000381469728,16.440000534057617
3238.0,9.640000343322754,16.420000076293945
3239.0,9.640000343322754,16.459999084472656
3240.0,9.640000343322754,16.479999542236328
3241.0,9.579999923706056,16.559999465942383
3242.0,9.699999809265137,16.540000915527344
3243.0,9.720000267028809,16.600000381469727
3244.0,9.640000343322754,16.479999542236328
3245.0,9.720000267028809,16.459999084472656
3246.0,9.699999809265137,16.540000915527344
3247.0,9.65999984741211,16.459999084472656
3248.0,9.739999771118164,16.520000457763672
3249.0,9.800000190734863,16.520000457763672
3250.0,9.800000190734863,16.399999618530273
3251.0,9.760000228881836,16.399999618530273
3252.0,9.739999771118164,16.360000610351562
3253.0,9.760000228881836,16.420000076293945
3254.0,9.760000228881836,16.520000457763672
3255.0,9.68000030517578,16.65999984741211
3256.0,9.720000267028809,16.739999771118164
3257.0,9.68000030517578,16.600000381469727
3258.0,9.779999732971191,16.540000915527344
3259.0,9.81999969482422,16.459999084472656
3260.0,9.859999656677246,16.399999618530273
3261.0,9.84000015258789,16.420000076293945
3262.0,9.760000228881836,16.479999542236328
3263.0,9.760000228881836,16.5
3264.0,9.699999809265137,16.540000915527344
3265.0,9.600000381469728,16.479999542236328
3266.0,9.81999969482422,16.540000915527344
3267.0,9.800000190734863,16.68000030517578
3268.0,9.760000228881836,16.520000457763672
3269.0,9.779999732971191,16.700000762939453
3270.0,9.739999771118164,16.719999313354492
3271.0,9.420000076293944,16.700000762939453
3272.0,9.65999984741211,16.639999389648438
3273.0,,16.540000915527344
3274.0,9.460000038146973,16.579999923706055
3275.0,9.880000114440918,16.520000457763672
3276.0,9.720000267028809,16.579999923706055
3277.0,9.68000030517578,16.639999389648438
3278.0,9.720000267028809,16.639999389648438
3279.0,9.640000343322754,16.639999389648438
3280.0,9.779999732971191,16.68000030517578
3281.0,9.899999618530272,16.639999389648438
3282.0,9.84000015258789,16.719999313354492
3283.0,10.020000457763672,16.739999771118164
3284.0,9.779999732971191,16.68000030517578
3285.0,9.779999732971191,16.459999084472656
3286.0,9.9399995803833,16.579999923706055
3287.0,9.859999656677246,16.68000030517578
3288.0,9.739999771118164,16.639999389648438
3289.0,9.859999656677246,16.639999389648438
3290.0,9.84000015258789,16.600000381469727
3291.0,9.9399995803833,16.639999389648438
3292.0,9.81999969482422,16.639999389648438
3293.0,9.779999732971191,16.579999923706055
3294.0,9.800000190734863,16.479999542236328
3295.0,9.84000015258789,16.5
3296.0,9.779999732971191,16.540000915527344
3297.0,9.739999771118164,16.68000030517578
3298.0,9.699999809265137,16.719999313354492
3299.0,9.739999771118164,16.719999313354492
3300.0,9.720000267028809,16.68000030517578
3301.0,9.619999885559082,16.68000030517578
3302.0,9.760000228881836,16.68000030517578
3303.0,9.739999771118164,16.719999313354492
3304.0,9.800000190734863,16.68000030517578
3305.0,9.5600004196167,16.559999465942383
3306.0,9.68000030517578,16.68000030517578
3307.0,9.84000015258789,16.559999465942383
3308.0,10.079999923706056,16.600000381469727
3309.0,9.960000038146973,16.579999923706055
3310.0,10.0,16.600000381469727
3311.0,9.960000038146973,16.65999984741211
3312.0,10.359999656677246,16.65999984741211
3313.0,9.739999771118164,16.68000030517578
3314.0,9.899999618530272,16.81999969482422
3315.0,9.699999809265137,16.6200008392334
3316.0,9.68000030517578,16.65999984741211
3317.0,9.859999656677246,16.600000381469727
3318.0,9.81999969482422,16.68000030517578
3319.0,9.800000190734863,16.65999984741211
3320.0,9.81999969482422,16.639999389648438
3321.0,10.380000114440918,16.700000762939453
3322.0,9.899999618530272,16.559999465942383
3323.0,9.920000076293944,16.639999389648438
3324.0,9.760000228881836,16.520000457763672
3325.0,9.81999969482422,16.540000915527344
3326.0,10.020000457763672,16.540000915527344
3327.0,9.960000038146973,16.5
3328.0,9.979999542236328,16.579999923706055
3329.0,9.920000076293944,16.5
3330.0,10.100000381469728,16.540000915527344
3331.0,9.960000038146973,16.700000762939453
3332.0,9.960000038146973,16.68000030517578
3333.0,9.960000038146973,16.68000030517578
3334.0,9.9399995803833,16.719999313354492
3335.0,9.84000015258789,16.65999984741211
3336.0,9.739999771118164,16.639999389648438
3337.0,9.899999618530272,16.6200008392334
3338.0,9.720000267028809,16.6200008392334
3339.0,10.039999961853027,16.65999984741211
3340.0,9.979999542236328,16.719999313354492
3341.0,9.960000038146973,16.68000030517578
3342.0,9.84000015258789,16.68000030517578
3343.0,9.84000015258789,16.639999389648438
3344.0,9.720000267028809,16.639999389648438
3345.0,9.84000015258789,16.68000030517578
3346.0,9.960000038146973,16.6200008392334
3347.0,10.18000030517578,16.65999984741211
3348.0,9.880000114440918,16.639999389648438
3349.0,9.720000267028809,16.68000030517578
3350.0,9.800000190734863,16.600000381469727
3351.0,9.720000267028809,16.639999389648438
3352.0,9.65999984741211,16.639999389648438
3353.0,9.899999618530272,16.68000030517578
3354.0,9.880000114440918,16.68000030517578
3355.0,9.920000076293944,16.760000228881836
3356.0,9.779999732971191,16.739999771118164
3357.0,9.84000015258789,16.739999771118164
3358.0,9.800000190734863,16.719999313354492
3359.0,9.84000015258789,16.65999984741211
3360.0,9.899999618530272,16.700000762939453
3361.0,9.960000038146973,16.65999984741211
3362.0,10.020000457763672,16.579999923706055
3363.0,9.84000015258789,16.68000030517578
3364.0,9.859999656677246,16.68000030517578
3365.0,9.920000076293944,16.68000030517578
3366.0,9.84000015258789,16.540000915527344
3367.0,9.800000190734863,16.780000686645508
3368.0,9.899999618530272,16.739999771118164
3369.0,9.800000190734863,16.700000762939453
3370.0,9.81999969482422,16.68000030517578
3371.0,9.859999656677246,16.600000381469727
3372.0,9.899999618530272,16.799999237060547
3373.0,9.760000228881836,16.719999313354492
3374.0,9.760000228881836,16.600000381469727
3375.0,9.899999618530272,16.559999465942383
3376.0,9.739999771118164,16.520000457763672
3377.0,9.880000114440918,16.5
3378.0,9.81999969482422,16.579999923706055
3379.0,9.920000076293944,16.68000030517578
3380.0,9.960000038146973,16.6200008392334
3381.0,9.84000015258789,16.68000030517578
3382.0,9.760000228881836,16.760000228881836
3383.0,9.800000190734863,16.760000228881836
3384.0,9.779999732971191,16.780000686645508
3385.0,9.920000076293944,16.68000030517578
3386.0,9.979999542236328,16.799999237060547
3387.0,9.84000015258789,16.81999969482422
3388.0,9.84000015258789,16.84000015258789
3389.0,10.039999961853027,16.719999313354492
3390.0,10.140000343322754,16.719999313354492
3391.0,9.84000015258789,16.719999313354492
3392.0,9.859999656677246,16.780000686645508
3393.0,9.880000114440918,16.799999237060547
3394.0,10.0600004196167,16.799999237060547
3395.0,10.4399995803833,16.739999771118164
3396.0,9.960000038146973,16.719999313354492
3397.0,10.020000457763672,16.700000762939453
3398.0,9.9399995803833,16.799999237060547
3399.0,10.140000343322754,16.84000015258789
3400.0,10.100000381469728,16.860000610351562
3401.0,10.0,16.860000610351562
3402.0,9.84000015258789,16.899999618530273
3403.0,9.859999656677246,16.84000015258789
3404.0,9.920000076293944,16.799999237060547
3405.0,10.0,16.739999771118164
3406.0,9.960000038146973,16.780000686645508
3407.0,9.880000114440918,16.84000015258789
3408.0,10.15999984741211,16.8799991607666
3409.0,10.0,16.84000015258789
3410.0,10.31999969482422,16.81999969482422
3411.0,10.0600004196167,16.84000015258789
3412.0,10.0,16.799999237060547
3413.0,10.0600004196167,16.780000686645508
3414.0,9.960000038146973,16.700000762939453
3415.0,10.0,16.799999237060547
3416.0,9.960000038146973,16.81999969482422
3417.0,9.960000038146973,16.760000228881836
3418.0,9.899999618530272,16.799999237060547
3419.0,9.899999618530272,16.739999771118164
3420.0,10.0,16.739999771118164
3421.0,10.039999961853027,16.700000762939453
3422.0,9.800000190734863,16.700000762939453
3423.0,9.880000114440918,16.6200008392334
3424.0,9.920000076293944,16.860000610351562
3425.0,10.039999961853027,16.860000610351562
3426.0,10.020000457763672,16.719999313354492
3427.0,9.800000190734863,16.719999313354492
3428.0,9.84000015258789,16.719999313354492
3429.0,9.800000190734863,16.6200008392334
3430.0,9.84000015258789,16.81999969482422
3431.0,10.220000267028809,16.700000762939453
3432.0,9.920000076293944,16.65999984741211
3433.0,9.800000190734863,16.639999389648438
3434.0,9.800000190734863,16.8799991607666
3435.0,9.899999618530272,16.84000015258789
3436.0,9.859999656677246,16.739999771118164
3437.0,9.800000190734863,16.920000076293945
3438.0,9.920000076293944,16.84000015258789
3439.0,10.0,16.84000015258789
3440.0,9.720000267028809,16.8799991607666
3441.0,10.0,16.8799991607666
3442.0,9.920000076293944,16.780000686645508
3443.0,9.880000114440918,16.84000015258789
3444.0,9.859999656677246,16.739999771118164
3445.0,9.880000114440918,16.739999771118164
3446.0,9.81999969482422,16.739999771118164
3447.0,9.899999618530272,16.81999969482422
3448.0,9.960000038146973,16.84000015258789
3449.0,9.84000015258789,16.84000015258789
3450.0,9.84000015258789,16.8799991607666
3451.0,9.81999969482422,16.84000015258789
3452.0,9.899999618530272,16.84000015258789
3453.0,10.020000457763672,16.84000015258789
3454.0,9.920000076293944,16.700000762939453
3455.0,10.039999961853027,16.860000610351562
3456.0,10.0,16.84000015258789
3457.0,9.800000190734863,16.84000015258789
3458.0,9.920000076293944,16.81999969482422
3459.0,9.880000114440918,16.81999969482422
3460.0,9.880000114440918,16.920000076293945
3461.0,9.899999618530272,16.860000610351562
3462.0,9.899999618530272,16.84000015258789
3463.0,9.899999618530272,16.799999237060547
3464.0,9.880000114440918,16.84000015258789
3465.0,9.84000015258789,16.860000610351562
3466.0,9.880000114440918,16.8799991607666
3467.0,9.880000114440918,16.84000015258789
3468.0,9.899999618530272,16.84000015258789
3469.0,9.899999618530272,16.920000076293945
3470.0,9.899999618530272,16.81999969482422
3471.0,9.880000114440918,16.860000610351562
3472.0,9.859999656677246,16.799999237060547
3473.0,9.779999732971191,16.979999542236328
3474.0,9.800000190734863,16.760000228881836
3475.0,9.84000015258789,16.81999969482422
3476.0,9.899999618530272,16.760000228881836
3477.0,9.859999656677246,16.860000610351562
3478.0,9.84000015258789,16.84000015258789
3479.0,9.779999732971191,16.959999084472656
3480.0,9.81999969482422,16.860000610351562
3481.0,9.979999542236328,16.799999237060547
3482.0,9.880000114440918,16.920000076293945
3483.0,9.9399995803833,16.799999237060547
3484.0,10.0,16.719999313354492
3485.0,9.920000076293944,16.799999237060547
3486.0,9.920000076293944,16.639999389648438
3487.0,9.920000076293944,16.639999389648438
3488.0,9.899999618530272,16.780000686645508
3489.0,9.81999969482422,16.540000915527344
3490.0,9.920000076293944,16.8799991607666
3491.0,9.9399995803833,16.81999969482422
3492.0,9.960000038146973,16.579999923706055
3493.0,9.9399995803833,16.719999313354492
3494.0,9.9399995803833,16.979999542236328
3495.0,9.800000190734863,16.81999969482422
3496.0,9.880000114440918,16.68000030517578
3497.0,9.880000114440918,16.920000076293945
3498.0,9.979999542236328,16.799999237060547
3499.0,9.9399995803833,16.860000610351562
3500.0,9.84000015258789,16.780000686645508
3501.0,9.920000076293944,16.780000686645508
3502.0,9.920000076293944,16.760000228881836
3503.0,9.920000076293944,16.84000015258789
3504.0,9.960000038146973,16.719999313354492
3505.0,9.920000076293944,16.700000762939453
3506.0,9.9399995803833,16.84000015258789
3507.0,9.960000038146973,16.860000610351562
3508.0,9.9399995803833,16.760000228881836
3509.0,9.84000015258789,16.799999237060547
3510.0,9.859999656677246,16.84000015258789
3511.0,9.899999618530272,16.860000610351562
3512.0,9.9399995803833,16.860000610351562
3513.0,9.899999618530272,16.940000534057617
3514.0,10.199999809265137,16.8799991607666
3515.0,9.920000076293944,17.020000457763672
3516.0,9.859999656677246,17.040000915527344
3517.0,9.9399995803833,17.020000457763672
3518.0,10.020000457763672,16.899999618530273
3519.0,10.119999885559082,17.020000457763672
3520.0,10.18000030517578,17.059999465942383
3521.0,10.0600004196167,16.860000610351562
3522.0,10.039999961853027,16.899999618530273
3523.0,9.899999618530272,17.020000457763672
3524.0,9.979999542236328,17.0
3525.0,10.399999618530272,16.860000610351562
3526.0,10.279999732971191,16.899999618530273
3527.0,10.100000381469728,16.84000015258789
3528.0,10.020000457763672,16.799999237060547
3529.0,10.0,16.84000015258789
3530.0,9.579999923706056,16.920000076293945
3531.0,10.0,16.799999237060547
3532.0,10.15999984741211,16.81999969482422
3533.0,9.960000038146973,16.799999237060547
3534.0,10.039999961853027,16.84000015258789
3535.0,10.220000267028809,16.799999237060547
3536.0,10.239999771118164,16.920000076293945
3537.0,9.960000038146973,16.81999969482422
3538.0,10.0600004196167,16.899999618530273
3539.0,10.18000030517578,16.959999084472656
3540.0,10.399999618530272,16.959999084472656
3541.0,10.380000114440918,16.899999618530273
3542.0,10.380000114440918,17.260000228881836
3543.0,10.0,16.979999542236328
3544.0,10.220000267028809,16.799999237060547
3545.0,10.279999732971191,16.959999084472656
3546.0,9.960000038146973,16.959999084472656
3547.0,10.0600004196167,16.920000076293945
3548.0,9.960000038146973,16.799999237060547
3549.0,10.15999984741211,16.8799991607666
3550.0,10.199999809265137,16.860000610351562
3551.0,9.960000038146973,16.81999969482422
3552.0,10.100000381469728,16.799999237060547
3553.0,10.380000114440918,16.780000686645508
3554.0,9.979999542236328,16.84000015258789
3555.0,9.899999618530272,16.719999313354492
3556.0,9.920000076293944,16.780000686645508
3557.0,10.020000457763672,16.84000015258789
3558.0,10.0600004196167,16.920000076293945
3559.0,10.0600004196167,16.8799991607666
3560.0,10.0,16.860000610351562
3561.0,10.0600004196167,16.940000534057617
3562.0,10.300000190734863,16.899999618530273
3563.0,10.15999984741211,16.899999618530273
3564.0,10.300000190734863,16.8799991607666
3565.0,10.399999618530272,16.959999084472656
3566.0,10.31999969482422,16.940000534057617
3567.0,10.18000030517578,16.81999969482422
3568.0,10.020000457763672,16.899999618530273
3569.0,10.119999885559082,16.899999618530273
3570.0,10.039999961853027,16.799999237060547
3571.0,10.15999984741211,16.8799991607666
3572.0,10.15999984741211,16.799999237060547
3573.0,9.979999542236328,16.899999618530273
3574.0,10.039999961853027,16.860000610351562
3575.0,10.0,16.860000610351562
3576.0,10.0600004196167,16.860000610351562
3577.0,10.359999656677246,16.860000610351562
3578.0,10.0600004196167,16.84000015258789
3579.0,10.220000267028809,17.0
3580.0,10.100000381469728,16.940000534057617
3581.0,10.300000190734863,16.959999084472656
3582.0,10.140000343322754,16.940000534057617
3583.0,9.920000076293944,16.899999618530273
3584.0,9.979999542236328,16.860000610351562
3585.0,10.520000457763672,16.860000610351562
3586.0,10.520000457763672,17.0
3587.0,10.4399995803833,17.0
3588.0,10.31999969482422,17.0
3589.0,10.520000457763672,16.979999542236328
3590.0,10.359999656677246,16.940000534057617
3591.0,10.479999542236328,16.979999542236328
3592.0,10.15999984741211,16.8799991607666
3593.0,10.34000015258789,16.84000015258789
3594.0,10.15999984741211,16.8799991607666
3595.0,10.600000381469728,16.979999542236328
3596.0,10.279999732971191,17.0
3597.0,9.960000038146973,16.899999618530273
3598.0,9.979999542236328,17.0
3599.0,9.9399995803833,17.0
3600.0,10.380000114440918,16.959999084472656
3601.0,10.5,16.920000076293945
3602.0,10.579999923706056,16.899999618530273
3603.0,10.5600004196167,16.940000534057617
3604.0,10.720000267028809,16.959999084472656
3605.0,10.5600004196167,16.959999084472656
3606.0,10.279999732971191,17.0
3607.0,10.31999969482422,16.979999542236328
3608.0,10.140000343322754,17.0
3609.0,10.100000381469728,17.100000381469727
3610.0,10.399999618530272,17.1200008392334
3611.0,10.539999961853027,17.0
3612.0,10.300000190734863,16.860000610351562
3613.0,10.31999969482422,16.940000534057617
3614.0,10.739999771118164,16.940000534057617
3615.0,10.4399995803833,16.959999084472656
3616.0,10.640000343322754,16.979999542236328
3617.0,10.5,16.940000534057617
3618.0,10.479999542236328,17.0
3619.0,10.15999984741211,17.020000457763672
3620.0,10.18000030517578,17.0
3621.0,10.15999984741211,17.020000457763672
3622.0,10.100000381469728,17.059999465942383
3623.0,10.100000381469728,17.0
3624.0,10.039999961853027,17.0
3625.0,10.0600004196167,17.020000457763672
3626.0,9.979999542236328,17.100000381469727
3627.0,10.079999923706056,17.0
3628.0,10.0600004196167,17.100000381469727
3629.0,10.079999923706056,16.959999084472656
3630.0,10.039999961853027,16.959999084472656
3631.0,10.039999961853027,17.0
3632.0,10.079999923706056,16.899999618530273
3633.0,10.039999961853027,17.0
3634.0,10.15999984741211,16.940000534057617
3635.0,10.140000343322754,17.100000381469727
3636.0,10.039999961853027,17.1200008392334
3637.0,10.119999885559082,16.959999084472656
3638.0,10.079999923706056,17.0
3639.0,9.979999542236328,16.959999084472656
3640.0,9.960000038146973,16.940000534057617
3641.0,9.9399995803833,16.899999618530273
3642.0,9.9399995803833,16.860000610351562
3643.0,9.9399995803833,17.0
3644.0,10.260000228881836,17.059999465942383
3645.0,9.960000038146973,16.979999542236328
3646.0,10.0600004196167,17.15999984741211
3647.0,10.079999923706056,17.059999465942383
3648.0,10.220000267028809,17.0
3649.0,10.0600004196167,16.979999542236328
3650.0,9.979999542236328,17.040000915527344
3651.0,10.0600004196167,17.219999313354492
3652.0,10.0600004196167,17.0
3653.0,10.399999618530272,17.100000381469727
3654.0,10.359999656677246,16.959999084472656
3655.0,10.34000015258789,17.020000457763672
3656.0,10.4399995803833,17.139999389648438
3657.0,10.119999885559082,17.040000915527344
3658.0,10.520000457763672,17.18000030517578
3659.0,10.15999984741211,17.260000228881836
3660.0,10.140000343322754,17.299999237060547
3661.0,10.31999969482422,17.239999771118164
3662.0,10.479999542236328,17.260000228881836
3663.0,10.520000457763672,17.31999969482422
3664.0,10.039999961853027,17.100000381469727
3665.0,10.100000381469728,17.15999984741211
3666.0,10.039999961853027,17.139999389648438
3667.0,10.0600004196167,17.18000030517578
3668.0,10.020000457763672,17.1200008392334
3669.0,10.039999961853027,17.34000015258789
3670.0,10.15999984741211,17.299999237060547
3671.0,10.119999885559082,17.200000762939453
3672.0,10.140000343322754,17.260000228881836
3673.0,10.399999618530272,17.280000686645508
3674.0,10.4399995803833,17.260000228881836
3675.0,10.239999771118164,17.34000015258789
3676.0,10.199999809265137,17.260000228881836
3677.0,10.399999618530272,17.3799991607666
3678.0,10.100000381469728,17.3799991607666
3679.0,10.140000343322754,17.399999618530273
3680.0,10.260000228881836,17.280000686645508
3681.0,10.579999923706056,17.200000762939453
3682.0,10.140000343322754,17.1200008392334
3683.0,10.119999885559082,17.200000762939453
3684.0,10.300000190734863,17.239999771118164
3685.0,10.220000267028809,17.360000610351562
3686.0,10.619999885559082,17.360000610351562
3687.0,10.520000457763672,17.360000610351562
3688.0,10.039999961853027,17.360000610351562
3689.0,10.0,17.3799991607666
3690.0,10.539999961853027,17.3799991607666
3691.0,10.260000228881836,17.31999969482422
3692.0,10.479999542236328,17.520000457763672
3693.0,10.5600004196167,17.479999542236328
3694.0,10.520000457763672,17.540000915527344
3695.0,10.65999984741211,17.440000534057617
3696.0,10.579999923706056,17.5
3697.0,10.65999984741211,17.520000457763672
3698.0,10.220000267028809,17.360000610351562
3699.0,10.520000457763672,17.540000915527344
3700.0,10.34000015258789,17.200000762939453
3701.0,10.199999809265137,17.1200008392334
3702.0,10.31999969482422,17.3799991607666
3703.0,10.31999969482422,17.479999542236328
3704.0,10.600000381469728,17.420000076293945
3705.0,10.600000381469728,17.34000015258789
3706.0,10.460000038146973,17.31999969482422
3707.0,10.140000343322754,17.479999542236328
3708.0,10.039999961853027,17.3799991607666
3709.0,10.0600004196167,17.280000686645508
3710.0,10.18000030517578,17.200000762939453
3711.0,10.34000015258789,17.219999313354492
3712.0,10.119999885559082,17.219999313354492
3713.0,10.039999961853027,17.239999771118164
3714.0,10.039999961853027,17.200000762939453
3715.0,10.220000267028809,17.139999389648438
3716.0,10.399999618530272,17.059999465942383
3717.0,10.300000190734863,17.059999465942383
3718.0,10.15999984741211,17.040000915527344
3719.0,10.4399995803833,17.100000381469727
3720.0,10.479999542236328,17.1200008392334
3721.0,10.359999656677246,17.139999389648438
3722.0,10.239999771118164,17.139999389648438
3723.0,10.0600004196167,17.1200008392334
3724.0,10.079999923706056,17.139999389648438
3725.0,9.9399995803833,17.15999984741211
3726.0,10.039999961853027,17.18000030517578
3727.0,10.119999885559082,17.1200008392334
3728.0,10.0600004196167,17.1200008392334
3729.0,9.960000038146973,17.139999389648438
3730.0,9.880000114440918,17.1200008392334
3731.0,10.039999961853027,17.200000762939453
3732.0,10.100000381469728,17.15999984741211
3733.0,10.100000381469728,17.1200008392334
3734.0,10.020000457763672,17.079999923706055
3735.0,10.220000267028809,17.100000381469727
3736.0,10.0,17.1200008392334
3737.0,10.100000381469728,17.040000915527344
3738.0,10.119999885559082,17.079999923706055
3739.0,10.0600004196167,17.079999923706055
3740.0,10.039999961853027,16.979999542236328
3741.0,10.039999961853027,17.200000762939453
3742.0,10.119999885559082,17.219999313354492
3743.0,10.119999885559082,17.260000228881836
3744.0,10.079999923706056,17.280000686645508
3745.0,10.0600004196167,17.18000030517578
3746.0,10.140000343322754,17.100000381469727
3747.0,10.119999885559082,17.1200008392334
3748.0,10.380000114440918,17.219999313354492
3749.0,10.479999542236328,17.280000686645508
3750.0,9.9399995803833,17.15999984741211
3751.0,10.0600004196167,17.139999389648438
3752.0,10.039999961853027,17.15999984741211
3753.0,9.960000038146973,17.1200008392334
3754.0,10.079999923706056,17.200000762939453
3755.0,10.079999923706056,17.299999237060547
3756.0,10.020000457763672,17.299999237060547
3757.0,10.260000228881836,17.31999969482422
3758.0,10.0,17.34000015258789
3759.0,10.15999984741211,17.459999084472656
3760.0,10.18000030517578,17.459999084472656
3761.0,10.15999984741211,17.440000534057617
3762.0,10.220000267028809,17.31999969482422
3763.0,10.220000267028809,17.31999969482422
3764.0,10.15999984741211,17.239999771118164
3765.0,10.220000267028809,17.239999771118164
3766.0,10.239999771118164,17.260000228881836
3767.0,10.119999885559082,17.299999237060547
3768.0,10.18000030517578,17.31999969482422
3769.0,10.300000190734863,17.31999969482422
3770.0,10.020000457763672,17.31999969482422
3771.0,10.220000267028809,17.31999969482422
3772.0,10.260000228881836,17.299999237060547
3773.0,10.279999732971191,17.440000534057617
3774.0,10.380000114440918,17.420000076293945
3775.0,10.300000190734863,17.31999969482422
3776.0,10.4399995803833,17.360000610351562
3777.0,10.619999885559082,17.31999969482422
3778.0,10.800000190734863,17.34000015258789
3779.0,10.399999618530272,17.34000015258789
3780.0,10.579999923706056,17.360000610351562
3781.0,10.84000015258789,17.440000534057617
3782.0,10.739999771118164,17.479999542236328
3783.0,10.880000114440918,17.3799991607666
3784.0,10.68000030517578,17.479999542236328
3785.0,10.699999809265137,17.420000076293945
3786.0,10.640000343322754,17.440000534057617
3787.0,10.720000267028809,17.479999542236328
3788.0,10.65999984741211,17.420000076293945
3789.0,10.739999771118164,17.479999542236328
3790.0,10.65999984741211,17.479999542236328
3791.0,10.65999984741211,17.420000076293945
3792.0,11.020000457763672,17.479999542236328
3793.0,11.279999732971191,17.440000534057617
3794.0,10.739999771118164,17.360000610351562
3795.0,11.0,17.440000534057617
3796.0,11.0600004196167,17.420000076293945
3797.0,10.739999771118164,17.520000457763672
3798.0,10.539999961853027,17.579999923706055
3799.0,10.640000343322754,17.420000076293945
3800.0,10.600000381469728,17.520000457763672
3801.0,10.579999923706056,17.700000762939453
3802.0,10.539999961853027,17.719999313354492
3803.0,10.640000343322754,17.84000015258789
3804.0,10.779999732971191,17.719999313354492
3805.0,11.0,17.639999389648438
3806.0,10.380000114440918,17.700000762939453
3807.0,10.539999961853027,17.700000762939453
3808.0,10.720000267028809,17.5
3809.0,10.600000381469728,17.520000457763672
3810.0,10.020000457763672,17.540000915527344
3811.0,10.300000190734863,17.600000381469727
3812.0,10.800000190734863,17.639999389648438
3813.0,10.979999542236328,17.700000762939453
3814.0,11.31999969482422,17.84000015258789
3815.0,10.520000457763672,17.959999084472656
3816.0,10.479999542236328,17.6200008392334
3817.0,10.760000228881836,17.579999923706055
3818.0,11.100000381469728,17.65999984741211
3819.0,,17.860000610351562
3820.0,10.5,17.739999771118164
3821.0,10.65999984741211,17.68000030517578
3822.0,10.699999809265137,17.719999313354492
3823.0,10.640000343322754,18.020000457763672
3824.0,,19.36000061035156
3825.0,,19.440000534057617
3826.0,,19.559999465942383
3827.0,,19.559999465942383
3828.0,10.720000267028809,
3829.0,10.739999771118164,
3830.0,10.899999618530272,19.559999465942383
3831.0,10.699999809265137,
3832.0,10.65999984741211,17.579999923706055
3833.0,10.699999809265137,17.520000457763672
3834.0,10.739999771118164,17.479999542236328
3835.0,10.460000038146973,17.639999389648438
3836.0,10.119999885559082,17.6200008392334
3837.0,10.079999923706056,18.020000457763672
3838.0,10.479999542236328,17.8799991607666
3839.0,10.359999656677246,17.639999389648438
3840.0,10.460000038146973,17.540000915527344
3841.0,10.199999809265137,17.520000457763672
3842.0,10.420000076293944,17.579999923706055
3843.0,10.31999969482422,17.579999923706055
3844.0,10.100000381469728,17.5
3845.0,10.15999984741211,17.540000915527344
3846.0,10.279999732971191,17.420000076293945
3847.0,10.380000114440918,17.459999084472656
3848.0,10.300000190734863,17.440000534057617
3849.0,10.359999656677246,17.520000457763672
3850.0,10.260000228881836,17.600000381469727
3851.0,10.300000190734863,17.68000030517578
3852.0,10.300000190734863,17.940000534057617
3853.0,10.15999984741211,17.920000076293945
3854.0,10.140000343322754,17.780000686645508
3855.0,10.0600004196167,17.700000762939453
3856.0,10.15999984741211,17.719999313354492
3857.0,10.15999984741211,17.760000228881836
3858.0,10.140000343322754,17.760000228881836
3859.0,10.199999809265137,17.68000030517578
3860.0,10.260000228881836,17.639999389648438
3861.0,10.359999656677246,17.600000381469727
3862.0,10.239999771118164,17.600000381469727
3863.0,10.279999732971191,17.739999771118164
3864.0,10.239999771118164,17.84000015258789
3865.0,10.380000114440918,17.700000762939453
3866.0,10.260000228881836,17.700000762939453
3867.0,10.260000228881836,17.68000030517578
3868.0,10.279999732971191,17.899999618530273
3869.0,10.479999542236328,17.700000762939453
3870.0,10.300000190734863,17.860000610351562
3871.0,10.520000457763672,17.860000610351562
3872.0,10.479999542236328,17.739999771118164
3873.0,10.65999984741211,17.520000457763672
3874.0,10.380000114440918,17.579999923706055
3875.0,10.420000076293944,17.520000457763672
3876.0,10.539999961853027,17.520000457763672
3877.0,10.520000457763672,17.579999923706055
3878.0,10.699999809265137,17.5
3879.0,10.760000228881836,17.5
3880.0,10.739999771118164,17.579999923706055
3881.0,10.260000228881836,17.579999923706055
3882.0,10.140000343322754,17.520000457763672
3883.0,10.31999969482422,17.479999542236328
3884.0,10.460000038146973,17.399999618530273
3885.0,10.800000190734863,17.420000076293945
3886.0,10.760000228881836,17.360000610351562
3887.0,10.81999969482422,17.479999542236328
3888.0,10.31999969482422,17.399999618530273
3889.0,10.420000076293944,17.479999542236328
3890.0,10.359999656677246,17.68000030517578
3891.0,10.220000267028809,17.3799991607666
3892.0,10.579999923706056,17.34000015258789
3893.0,10.460000038146973,17.260000228881836
3894.0,10.5,17.31999969482422
3895.0,10.399999618530272,17.200000762939453
3896.0,10.479999542236328,17.360000610351562
3897.0,10.31999969482422,17.200000762939453
3898.0,10.31999969482422,17.280000686645508
3899.0,10.359999656677246,17.15999984741211
3900.0,10.279999732971191,17.280000686645508
3901.0,10.5,17.360000610351562
3902.0,10.359999656677246,17.239999771118164
3903.0,10.31999969482422,17.520000457763672
3904.0,10.380000114440918,17.31999969482422
3905.0,10.420000076293944,17.299999237060547
3906.0,10.420000076293944,17.299999237060547
3907.0,10.420000076293944,17.239999771118164
3908.0,10.359999656677246,17.040000915527344
3909.0,10.18000030517578,17.31999969482422
3910.0,10.260000228881836,17.31999969482422
3911.0,10.399999618530272,17.219999313354492
3912.0,10.239999771118164,17.399999618530273
3913.0,10.18000030517578,17.0
3914.0,10.199999809265137,17.260000228881836
3915.0,10.199999809265137,17.34000015258789
3916.0,10.18000030517578,17.31999969482422
3917.0,10.199999809265137,17.299999237060547
3918.0,10.31999969482422,17.479999542236328
3919.0,10.020000457763672,17.479999542236328
3920.0,10.18000030517578,17.280000686645508
3921.0,10.359999656677246,17.260000228881836
3922.0,10.15999984741211,17.3799991607666
3923.0,10.520000457763672,17.5
3924.0,10.420000076293944,17.479999542236328
3925.0,10.359999656677246,17.540000915527344
3926.0,10.279999732971191,17.600000381469727
3927.0,10.15999984741211,17.6200008392334
3928.0,10.279999732971191,17.600000381469727
3929.0,10.18000030517578,17.5
3930.0,10.579999923706056,17.559999465942383
3931.0,10.119999885559082,17.579999923706055
3932.0,10.31999969482422,17.520000457763672
3933.0,10.520000457763672,17.520000457763672
3934.0,10.380000114440918,17.31999969482422
3935.0,10.380000114440918,17.399999618530273
3936.0,10.479999542236328,17.420000076293945
3937.0,10.640000343322754,17.34000015258789
3938.0,10.34000015258789,17.459999084472656
3939.0,10.239999771118164,17.5
3940.0,10.399999618530272,17.5
3941.0,10.4399995803833,17.5
3942.0,10.479999542236328,17.3799991607666
3943.0,10.600000381469728,17.5
3944.0,10.539999961853027,17.520000457763672
3945.0,10.5,17.459999084472656
3946.0,10.31999969482422,17.479999542236328
3947.0,10.5,17.420000076293945
3948.0,10.600000381469728,17.579999923706055
3949.0,10.5,17.639999389648438
3950.0,10.31999969482422,17.68000030517578
3951.0,10.079999923706056,17.600000381469727
3952.0,10.199999809265137,17.34000015258789
3953.0,9.859999656677246,17.200000762939453
3954.0,10.4399995803833,17.260000228881836
3955.0,10.399999618530272,17.360000610351562
3956.0,10.460000038146973,17.280000686645508
3957.0,10.31999969482422,17.399999618530273
3958.0,10.539999961853027,17.559999465942383
3959.0,10.300000190734863,17.280000686645508
3960.0,10.300000190734863,17.360000610351562
3961.0,10.520000457763672,17.440000534057617
3962.0,10.220000267028809,17.399999618530273
3963.0,10.420000076293944,17.420000076293945
3964.0,10.640000343322754,17.540000915527344
3965.0,10.579999923706056,17.479999542236328
3966.0,10.420000076293944,17.520000457763672
3967.0,10.579999923706056,17.559999465942383
3968.0,10.359999656677246,17.6200008392334
3969.0,10.300000190734863,17.420000076293945
3970.0,10.579999923706056,17.420000076293945
3971.0,10.579999923706056,17.420000076293945
3972.0,10.420000076293944,17.559999465942383
3973.0,10.640000343322754,17.739999771118164
3974.0,10.619999885559082,17.700000762939453
3975.0,10.31999969482422,17.639999389648438
3976.0,10.239999771118164,17.639999389648438
3977.0,10.359999656677246,17.5
3978.0,10.119999885559082,17.559999465942383
3979.0,10.359999656677246,17.6200008392334
3980.0,10.539999961853027,17.719999313354492
3981.0,10.4399995803833,17.579999923706055
3982.0,10.31999969482422,17.459999084472656
3983.0,10.31999969482422,17.420000076293945
3984.0,10.899999618530272,17.479999542236328
3985.0,10.279999732971191,17.459999084472656
3986.0,10.220000267028809,17.479999542236328
3987.0,10.220000267028809,17.520000457763672
3988.0,10.079999923706056,17.6200008392334
3989.0,10.300000190734863,17.440000534057617
3990.0,10.220000267028809,17.540000915527344
3991.0,10.260000228881836,17.5
3992.0,10.34000015258789,17.440000534057617
3993.0,10.239999771118164,17.639999389648438
3994.0,10.239999771118164,17.6200008392334
3995.0,10.380000114440918,17.760000228881836
3996.0,10.300000190734863,17.639999389648438
3997.0,10.399999618530272,17.520000457763672
3998.0,10.739999771118164,17.68000030517578
3999.0,10.460000038146973,17.639999389648438
4000.0,10.359999656677246,17.600000381469727
4001.0,10.81999969482422,17.600000381469727
4002.0,10.140000343322754,17.68000030517578
4003.0,10.479999542236328,17.639999389648438
4004.0,10.539999961853027,17.579999923706055
4005.0,10.079999923706056,17.540000915527344
4006.0,10.4399995803833,17.5
4007.0,10.640000343322754,17.700000762939453
4008.0,10.5600004196167,17.719999313354492
4009.0,10.420000076293944,17.6200008392334
4010.0,10.399999618530272,17.459999084472656
4011.0,10.359999656677246,17.5
4012.0,10.279999732971191,17.700000762939453
4013.0,10.5600004196167,17.68000030517578
4014.0,10.260000228881836,17.579999923706055
4015.0,10.199999809265137,17.65999984741211
4016.0,,17.799999237060547
4017.0,10.539999961853027,17.559999465942383
4018.0,10.359999656677246,17.360000610351562
4019.0,10.539999961853027,17.520000457763672
4020.0,10.31999969482422,17.540000915527344
4021.0,10.68000030517578,17.280000686645508
4022.0,10.699999809265137,17.600000381469727
4023.0,10.619999885559082,17.299999237060547
4024.0,10.359999656677246,17.600000381469727
4025.0,10.34000015258789,17.65999984741211
4026.0,10.5,17.299999237060547
4027.0,10.460000038146973,17.600000381469727
4028.0,10.4399995803833,17.6200008392334
4029.0,10.300000190734863,17.34000015258789
4030.0,10.260000228881836,17.68000030517578
4031.0,10.279999732971191,17.899999618530273
4032.0,10.34000015258789,17.559999465942383
4033.0,10.380000114440918,17.520000457763672
4034.0,10.31999969482422,17.780000686645508
4035.0,10.4399995803833,17.700000762939453
4036.0,10.479999542236328,17.760000228881836
4037.0,10.68000030517578,17.719999313354492
4038.0,10.600000381469728,17.760000228881836
4039.0,10.579999923706056,17.719999313354492
4040.0,10.420000076293944,17.700000762939453
4041.0,10.739999771118164,17.84000015258789
4042.0,10.699999809265137,17.780000686645508
4043.0,10.779999732971191,17.760000228881836
4044.0,10.65999984741211,17.739999771118164
4045.0,10.579999923706056,17.700000762939453
4046.0,10.699999809265137,17.600000381469727
4047.0,10.9399995803833,17.559999465942383
4048.0,10.760000228881836,17.559999465942383
4049.0,10.520000457763672,17.639999389648438
4050.0,10.579999923706056,17.579999923706055
4051.0,10.420000076293944,17.579999923706055
4052.0,10.800000190734863,17.600000381469727
4053.0,10.859999656677246,17.639999389648438
4054.0,11.100000381469728,17.639999389648438
4055.0,11.18000030517578,17.6200008392334
4056.0,10.800000190734863,17.600000381469727
4057.0,10.720000267028809,17.579999923706055
4058.0,10.640000343322754,17.65999984741211
4059.0,10.359999656677246,17.579999923706055
4060.0,10.31999969482422,17.440000534057617
4061.0,10.579999923706056,17.81999969482422
4062.0,10.220000267028809,17.68000030517578
4063.0,10.720000267028809,17.68000030517578
4064.0,10.399999618530272,17.459999084472656
4065.0,10.5,17.579999923706055
4066.0,10.979999542236328,17.559999465942383
4067.0,10.800000190734863,17.639999389648438
4068.0,10.899999618530272,17.579999923706055
4069.0,10.859999656677246,17.559999465942383
4070.0,10.739999771118164,17.520000457763672
4071.0,10.859999656677246,17.299999237060547
4072.0,10.800000190734863,17.360000610351562
4073.0,10.65999984741211,17.520000457763672
4074.0,10.600000381469728,17.579999923706055
4075.0,10.199999809265137,17.520000457763672
4076.0,10.739999771118164,17.559999465942383
4077.0,10.760000228881836,17.479999542236328
4078.0,10.899999618530272,17.520000457763672
4079.0,10.539999961853027,17.440000534057617
4080.0,10.81999969482422,17.360000610351562
4081.0,10.960000038146973,17.65999984741211
4082.0,10.68000030517578,17.65999984741211
4083.0,10.800000190734863,17.459999084472656
4084.0,10.65999984741211,17.559999465942383
4085.0,10.34000015258789,17.5
4086.0,10.760000228881836,17.31999969482422
4087.0,10.739999771118164,17.5
4088.0,10.100000381469728,17.420000076293945
4089.0,10.65999984741211,17.68000030517578
4090.0,10.739999771118164,17.65999984741211
4091.0,10.539999961853027,17.520000457763672
4092.0,10.699999809265137,17.600000381469727
4093.0,10.5,17.68000030517578
4094.0,10.619999885559082,17.639999389648438
4095.0,10.300000190734863,17.6200008392334
4096.0,10.640000343322754,17.600000381469727
4097.0,10.68000030517578,17.700000762939453
4098.0,10.640000343322754,17.639999389648438
4099.0,10.65999984741211,17.579999923706055
4100.0,10.760000228881836,17.540000915527344
4101.0,10.65999984741211,17.520000457763672
4102.0,10.720000267028809,17.579999923706055
4103.0,10.479999542236328,17.360000610351562
4104.0,10.640000343322754,17.639999389648438
4105.0,10.800000190734863,17.799999237060547
4106.0,10.800000190734863,17.520000457763672
4107.0,10.579999923706056,17.600000381469727
4108.0,10.84000015258789,17.639999389648438
4109.0,11.0,17.600000381469727
4110.0,10.859999656677246,17.6200008392334
4111.0,10.920000076293944,17.719999313354492
4112.0,11.020000457763672,17.780000686645508
4113.0,10.920000076293944,17.68000030517578
4114.0,11.0600004196167,17.799999237060547
4115.0,11.119999885559082,17.8799991607666
4116.0,10.65999984741211,17.8799991607666
4117.0,11.0600004196167,17.860000610351562
4118.0,10.300000190734863,17.600000381469727
4119.0,10.359999656677246,17.780000686645508
4120.0,10.359999656677246,17.81999969482422
4121.0,11.15999984741211,17.760000228881836
4122.0,11.199999809265137,17.84000015258789
4123.0,11.220000267028809,17.799999237060547
4124.0,11.300000190734863,17.799999237060547
4125.0,11.039999961853027,17.65999984741211
4126.0,11.039999961853027,17.639999389648438
4127.0,10.81999969482422,17.559999465942383
4128.0,10.880000114440918,17.68000030517578
4129.0,10.880000114440918,17.65999984741211
4130.0,10.84000015258789,17.68000030517578
4131.0,11.079999923706056,17.799999237060547
4132.0,10.979999542236328,17.81999969482422
4133.0,11.079999923706056,17.700000762939453
4134.0,10.699999809265137,17.65999984741211
4135.0,10.640000343322754,17.760000228881836
4136.0,10.720000267028809,17.760000228881836
4137.0,10.739999771118164,17.65999984741211
4138.0,11.0600004196167,17.65999984741211
4139.0,11.15999984741211,17.739999771118164
4140.0,11.0600004196167,17.700000762939453
4141.0,11.100000381469728,17.81999969482422
4142.0,10.399999618530272,17.899999618530273
4143.0,11.420000076293944,17.700000762939453
4144.0,11.0600004196167,17.84000015258789
4145.0,10.760000228881836,17.940000534057617
4146.0,,17.81999969482422
4147.0,,17.780000686645508
4148.0,,17.8799991607666
4149.0,,17.8799991607666
4150.0,10.380000114440918,17.959999084472656
4151.0,10.68000030517578,17.920000076293945
4152.0,9.800000190734863,17.84000015258789
4153.0,10.5,17.65999984741211
4154.0,10.5,17.719999313354492
4155.0,10.579999923706056,17.639999389648438
4156.0,10.859999656677246,17.81999969482422
4157.0,10.640000343322754,17.920000076293945
4158.0,10.65999984741211,17.68000030517578
4159.0,11.079999923706056,17.84000015258789
4160.0,11.0600004196167,17.68000030517578
4161.0,11.18000030517578,17.799999237060547
4162.0,11.100000381469728,17.84000015258789
4163.0,11.140000343322754,17.700000762939453
4164.0,11.359999656677246,17.600000381469727
4165.0,10.979999542236328,17.520000457763672
4166.0,11.5600004196167,17.899999618530273
4167.0,10.699999809265137,17.899999618530273
4168.0,11.279999732971191,17.639999389648438
4169.0,11.300000190734863,17.6200008392334
4170.0,10.84000015258789,17.600000381469727
4171.0,10.760000228881836,17.760000228881836
4172.0,10.81999969482422,17.860000610351562
4173.0,11.300000190734863,17.899999618530273
4174.0,10.739999771118164,17.81999969482422
4175.0,11.300000190734863,17.739999771118164
4176.0,11.300000190734863,17.719999313354492
4177.0,11.0600004196167,17.760000228881836
4178.0,11.15999984741211,17.760000228881836
4179.0,11.399999618530272,17.81999969482422
4180.0,11.5,17.84000015258789
4181.0,11.34000015258789,17.8799991607666
4182.0,11.279999732971191,17.860000610351562
4183.0,11.220000267028809,17.84000015258789
4184.0,11.119999885559082,17.84000015258789
4185.0,11.140000343322754,17.860000610351562
4186.0,11.220000267028809,17.860000610351562
4187.0,11.539999961853027,17.920000076293945
4188.0,10.640000343322754,17.899999618530273
4189.0,10.779999732971191,17.8799991607666
4190.0,11.600000381469728,18.020000457763672
4191.0,11.0,17.920000076293945
4192.0,11.100000381469728,17.84000015258789
4193.0,10.859999656677246,17.979999542236328
4194.0,11.4399995803833,17.84000015258789
4195.0,11.039999961853027,17.860000610351562
4196.0,11.220000267028809,17.799999237060547
4197.0,11.279999732971191,17.899999618530273
4198.0,11.279999732971191,17.81999969482422
4199.0,11.239999771118164,17.81999969482422
4200.0,11.199999809265137,17.899999618530273
4201.0,10.65999984741211,17.920000076293945
4202.0,,17.959999084472656
4203.0,11.31999969482422,18.07999992370605
4204.0,11.15999984741211,18.0
4205.0,10.899999618530272,17.899999618530273
4206.0,,17.920000076293945
4207.0,11.539999961853027,17.799999237060547
4208.0,11.479999542236328,17.84000015258789
4209.0,,17.84000015258789
4210.0,11.68000030517578,17.899999618530273
4211.0,11.68000030517578,17.920000076293945
4212.0,,17.959999084472656
4213.0,11.300000190734863,18.0
4214.0,10.960000038146973,17.899999618530273
4215.0,11.520000457763672,17.719999313354492
4216.0,11.68000030517578,17.81999969482422
4217.0,11.399999618530272,17.760000228881836
4218.0,11.18000030517578,17.920000076293945
4219.0,11.539999961853027,17.899999618530273
4220.0,11.380000114440918,17.860000610351562
4221.0,,17.81999969482422
4222.0,,17.799999237060547
4223.0,11.140000343322754,17.81999969482422
4224.0,11.140000343322754,17.799999237060547
4225.0,11.5600004196167,17.799999237060547
4226.0,11.380000114440918,17.799999237060547
4227.0,10.579999923706056,17.760000228881836
4228.0,10.420000076293944,17.760000228881836
4229.0,11.100000381469728,17.81999969482422
4230.0,11.18000030517578,17.81999969482422
4231.0,10.460000038146973,17.780000686645508
4232.0,,17.860000610351562
4233.0,11.420000076293944,17.899999618530273
4234.0,10.9399995803833,17.8799991607666
4235.0,11.31999969482422,17.860000610351562
4236.0,11.079999923706056,17.84000015258789
4237.0,11.359999656677246,17.860000610351562
4238.0,,17.8799991607666
4239.0,11.0600004196167,17.940000534057617
4240.0,11.100000381469728,17.760000228881836
4241.0,11.300000190734863,17.600000381469727
4242.0,11.239999771118164,17.860000610351562
4243.0,11.100000381469728,17.899999618530273
4244.0,11.31999969482422,17.920000076293945
4245.0,11.579999923706056,17.920000076293945
4246.0,,17.959999084472656
4247.0,,17.959999084472656
4248.0,11.380000114440918,17.940000534057617
4249.0,11.279999732971191,17.920000076293945
4250.0,11.220000267028809,17.860000610351562
4251.0,11.260000228881836,17.860000610351562
4252.0,11.079999923706056,17.920000076293945
4253.0,11.359999656677246,17.780000686645508
4254.0,11.15999984741211,17.84000015258789
4255.0,10.18000030517578,17.860000610351562
4256.0,11.34000015258789,17.920000076293945
4257.0,10.220000267028809,17.920000076293945
4258.0,11.020000457763672,17.8799991607666
4259.0,10.739999771118164,17.760000228881836
4260.0,10.859999656677246,17.84000015258789
4261.0,11.119999885559082,17.8799991607666
4262.0,11.5,17.940000534057617
4263.0,11.34000015258789,17.899999618530273
4264.0,11.479999542236328,18.1200008392334
4265.0,11.4399995803833,18.100000381469727
4266.0,11.619999885559082,18.020000457763672
4267.0,11.5,17.84000015258789
4268.0,11.359999656677246,17.81999969482422
4269.0,11.31999969482422,17.860000610351562
4270.0,11.359999656677246,17.860000610351562
4271.0,11.34000015258789,17.860000610351562
4272.0,,17.920000076293945
4273.0,,17.860000610351562
4274.0,11.34000015258789,17.899999618530273
4275.0,11.31999969482422,17.920000076293945
4276.0,11.600000381469728,17.8799991607666
4277.0,10.920000076293944,17.84000015258789
4278.0,11.0600004196167,18.0
4279.0,10.84000015258789,17.920000076293945
4280.0,11.100000381469728,18.0
4281.0,11.739999771118164,18.07999992370605
4282.0,11.699999809265137,18.07999992370605
4283.0,11.380000114440918,18.059999465942383
4284.0,,18.059999465942383
4285.0,11.300000190734863,18.040000915527344
4286.0,11.34000015258789,18.020000457763672
4287.0,11.520000457763672,17.920000076293945
4288.0,11.34000015258789,18.21999931335449
4289.0,11.720000267028809,18.0
4290.0,11.460000038146973,18.020000457763672
4291.0,11.380000114440918,18.020000457763672
4292.0,11.699999809265137,18.020000457763672
4293.0,11.140000343322754,17.899999618530273
4294.0,11.460000038146973,18.0
4295.0,11.539999961853027,18.26000022888184
4296.0,11.68000030517578,18.07999992370605
4297.0,11.220000267028809,18.0
4298.0,11.260000228881836,18.020000457763672
4299.0,11.68000030517578,18.020000457763672
4300.0,11.380000114440918,17.8799991607666
4301.0,11.619999885559082,18.0
4302.0,11.539999961853027,18.0
4303.0,11.5,17.959999084472656
4304.0,,17.979999542236328
4305.0,11.739999771118164,17.959999084472656
4306.0,11.600000381469728,18.07999992370605
4307.0,11.5,18.18000030517578
4308.0,11.380000114440918,18.059999465942383
4309.0,11.039999961853027,18.0
4310.0,11.5600004196167,18.13999938964844
4311.0,11.579999923706056,18.07999992370605
4312.0,11.68000030517578,18.059999465942383
4313.0,,18.239999771118164
4314.0,11.640000343322754,18.15999984741211
4315.0,11.420000076293944,18.200000762939453
4316.0,11.0600004196167,18.07999992370605
4317.0,11.5600004196167,18.18000030517578
4318.0,11.600000381469728,18.13999938964844
4319.0,11.640000343322754,18.1200008392334
4320.0,,18.18000030517578
4321.0,11.34000015258789,18.13999938964844
4322.0,11.31999969482422,18.100000381469727
4323.0,11.0600004196167,18.0
4324.0,10.859999656677246,18.020000457763672
4325.0,11.300000190734863,18.13999938964844
4326.0,11.300000190734863,18.059999465942383
4327.0,10.739999771118164,18.059999465942383
4328.0,,18.059999465942383
4329.0,10.84000015258789,18.15999984741211
4330.0,9.9399995803833,18.07999992370605
4331.0,,18.100000381469727
4332.0,,18.13999938964844
4333.0,11.779999732971191,18.100000381469727
4334.0,11.220000267028809,18.059999465942383
4335.0,11.539999961853027,18.1200008392334
4336.0,,18.059999465942383
4337.0,11.779999732971191,18.040000915527344
4338.0,11.779999732971191,18.0
4339.0,10.739999771118164,17.8799991607666
4340.0,11.760000228881836,18.059999465942383
4341.0,10.5,18.13999938964844
4342.0,11.4399995803833,18.059999465942383
4343.0,10.920000076293944,18.13999938964844
4344.0,11.199999809265137,18.1200008392334
4345.0,11.279999732971191,18.13999938964844
4346.0,11.300000190734863,18.1200008392334
4347.0,11.380000114440918,18.1200008392334
4348.0,11.65999984741211,18.059999465942383
4349.0,11.020000457763672,18.059999465942383
4350.0,10.739999771118164,18.020000457763672
4351.0,11.380000114440918,18.059999465942383
4352.0,11.020000457763672,18.040000915527344
4353.0,11.220000267028809,17.959999084472656
4354.0,10.260000228881836,17.920000076293945
4355.0,10.260000228881836,17.940000534057617
4356.0,10.15999984741211,18.07999992370605
4357.0,10.739999771118164,18.3799991607666
4358.0,10.260000228881836,18.15999984741211
4359.0,10.84000015258789,18.100000381469727
4360.0,10.760000228881836,18.0
4361.0,10.81999969482422,18.13999938964844
4362.0,11.140000343322754,18.15999984741211
4363.0,11.300000190734863,18.100000381469727
4364.0,11.359999656677246,18.020000457763672
4365.0,11.239999771118164,18.0
4366.0,11.619999885559082,18.0
4367.0,11.399999618530272,17.940000534057617
4368.0,10.920000076293944,17.940000534057617
4369.0,11.18000030517578,17.979999542236328
4370.0,11.119999885559082,17.81999969482422
4371.0,11.140000343322754,18.020000457763672
4372.0,11.31999969482422,17.899999618530273
4373.0,10.0,17.799999237060547
4374.0,10.18000030517578,17.760000228881836
4375.0,10.460000038146973,17.84000015258789
4376.0,10.0600004196167,17.84000015258789
4377.0,11.0600004196167,18.020000457763672
4378.0,11.15999984741211,17.959999084472656
4379.0,10.920000076293944,17.959999084472656
4380.0,11.020000457763672,17.959999084472656
4381.0,11.239999771118164,17.899999618530273
4382.0,11.31999969482422,17.959999084472656
4383.0,10.81999969482422,17.899999618530273
4384.0,11.199999809265137,17.920000076293945
4385.0,11.720000267028809,17.959999084472656
4386.0,11.859999656677246,17.920000076293945
4387.0,11.68000030517578,17.959999084472656
4388.0,11.359999656677246,18.020000457763672
4389.0,11.0600004196167,18.0
4390.0,10.640000343322754,18.020000457763672
4391.0,11.140000343322754,17.979999542236328
4392.0,11.039999961853027,18.1200008392334
4393.0,10.979999542236328,18.13999938964844
4394.0,11.260000228881836,18.200000762939453
4395.0,11.140000343322754,18.1200008392334
4396.0,11.399999618530272,18.13999938964844
4397.0,10.260000228881836,18.13999938964844
4398.0,10.68000030517578,18.059999465942383
4399.0,10.420000076293944,18.059999465942383
4400.0,10.68000030517578,18.020000457763672
4401.0,10.720000267028809,18.059999465942383
4402.0,10.619999885559082,17.899999618530273
4403.0,10.800000190734863,17.899999618530273
4404.0,11.020000457763672,17.899999618530273
4405.0,10.720000267028809,17.979999542236328
4406.0,11.380000114440918,18.100000381469727
4407.0,11.239999771118164,17.959999084472656
4408.0,,18.07999992370605
4409.0,11.199999809265137,18.100000381469727
4410.0,11.18000030517578,18.21999931335449
4411.0,11.079999923706056,18.31999969482422
4412.0,11.600000381469728,18.520000457763672
4413.0,11.140000343322754,18.36000061035156
4414.0,10.760000228881836,18.39999961853028
4415.0,11.800000190734863,18.26000022888184
4416.0,10.84000015258789,18.34000015258789
4417.0,10.720000267028809,18.07999992370605
4418.0,11.039999961853027,18.020000457763672
4419.0,11.079999923706056,18.1200008392334
4420.0,11.520000457763672,18.1200008392334
4421.0,11.140000343322754,18.1200008392334
4422.0,10.9399995803833,18.1200008392334
4423.0,10.899999618530272,18.239999771118164
4424.0,10.880000114440918,18.21999931335449
4425.0,11.0600004196167,18.18000030517578
4426.0,10.880000114440918,18.15999984741211
4427.0,11.039999961853027,18.31999969482422
4428.0,11.039999961853027,18.280000686645508
4429.0,10.920000076293944,18.18000030517578
4430.0,10.960000038146973,18.15999984741211
4431.0,11.300000190734863,17.700000762939453
4432.0,11.0,18.200000762939453
4433.0,11.31999969482422,18.18000030517578
4434.0,11.0,18.059999465942383
4435.0,11.079999923706056,18.1200008392334
4436.0,11.079999923706056,17.979999542236328
4437.0,10.84000015258789,18.34000015258789
4438.0,10.5,17.920000076293945
4439.0,11.140000343322754,18.020000457763672
4440.0,11.18000030517578,18.13999938964844
4441.0,11.140000343322754,18.07999992370605
4442.0,11.239999771118164,18.18000030517578
4443.0,11.15999984741211,18.059999465942383
4444.0,11.039999961853027,18.100000381469727
4445.0,10.979999542236328,18.13999938964844
4446.0,11.0,18.18000030517578
4447.0,11.359999656677246,18.21999931335449
4448.0,10.920000076293944,18.1200008392334
4449.0,11.380000114440918,17.920000076293945
4450.0,11.279999732971191,18.100000381469727
4451.0,11.079999923706056,18.26000022888184
4452.0,10.899999618530272,18.239999771118164
4453.0,,18.239999771118164
4454.0,11.079999923706056,18.31999969482422
4455.0,11.020000457763672,18.21999931335449
4456.0,10.739999771118164,18.059999465942383
4457.0,11.039999961853027,18.07999992370605
4458.0,10.979999542236328,18.059999465942383
4459.0,10.84000015258789,17.799999237060547
4460.0,10.859999656677246,18.1200008392334
4461.0,10.4399995803833,18.100000381469727
4462.0,10.84000015258789,18.34000015258789
4463.0,10.960000038146973,18.21999931335449
4464.0,10.979999542236328,18.299999237060547
4465.0,10.779999732971191,18.36000061035156
4466.0,11.0,18.34000015258789
4467.0,10.859999656677246,18.280000686645508
4468.0,10.760000228881836,18.280000686645508
4469.0,10.800000190734863,18.21999931335449
4470.0,10.739999771118164,18.1200008392334
4471.0,10.760000228881836,18.18000030517578
4472.0,10.979999542236328,18.18000030517578
4473.0,10.920000076293944,18.15999984741211
4474.0,10.880000114440918,18.040000915527344
4475.0,11.140000343322754,17.979999542236328
4476.0,11.199999809265137,18.1200008392334
4477.0,10.84000015258789,18.1200008392334
4478.0,11.0600004196167,18.200000762939453
4479.0,11.140000343322754,18.07999992370605
4480.0,11.199999809265137,18.18000030517578
4481.0,11.239999771118164,18.200000762939453
4482.0,11.34000015258789,18.15999984741211
4483.0,11.300000190734863,18.059999465942383
4484.0,11.279999732971191,18.100000381469727
4485.0,10.960000038146973,18.15999984741211
4486.0,11.0600004196167,18.13999938964844
4487.0,11.079999923706056,18.100000381469727
4488.0,11.34000015258789,18.13999938964844
4489.0,11.399999618530272,18.059999465942383
4490.0,11.880000114440918,18.07999992370605
4491.0,11.15999984741211,18.15999984741211
4492.0,10.880000114440918,18.18000030517578
4493.0,10.960000038146973,18.200000762939453
4494.0,11.039999961853027,18.13999938964844
4495.0,11.15999984741211,18.239999771118164
4496.0,11.140000343322754,18.280000686645508
4497.0,11.0600004196167,18.239999771118164
4498.0,10.9399995803833,18.239999771118164
4499.0,10.979999542236328,18.200000762939453
4500.0,10.479999542236328,18.1200008392334
4501.0,11.460000038146973,18.18000030517578
4502.0,,18.13999938964844
4503.0,11.4399995803833,18.239999771118164
4504.0,11.039999961853027,18.299999237060547
4505.0,11.119999885559082,18.34000015258789
4506.0,10.81999969482422,18.280000686645508
4507.0,10.81999969482422,18.280000686645508
4508.0,11.079999923706056,18.280000686645508
4509.0,11.0,18.15999984741211
4510.0,10.960000038146973,18.21999931335449
4511.0,11.119999885559082,18.31999969482422
4512.0,10.699999809265137,18.280000686645508
4513.0,10.699999809265137,18.200000762939453
4514.0,10.979999542236328,18.31999969482422
4515.0,10.920000076293944,18.420000076293945
4516.0,11.0600004196167,18.440000534057617
4517.0,11.239999771118164,18.31999969482422
4518.0,10.520000457763672,18.21999931335449
4519.0,10.65999984741211,18.299999237060547
4520.0,10.9399995803833,18.18000030517578
4521.0,11.31999969482422,18.21999931335449
4522.0,11.140000343322754,18.239999771118164
4523.0,11.140000343322754,18.280000686645508
4524.0,11.020000457763672,18.31999969482422
4525.0,11.0,18.34000015258789
4526.0,11.079999923706056,18.26000022888184
4527.0,11.100000381469728,18.26000022888184
4528.0,11.199999809265137,18.13999938964844
4529.0,11.359999656677246,18.21999931335449
4530.0,11.260000228881836,17.940000534057617
4531.0,11.079999923706056,18.1200008392334
4532.0,11.239999771118164,18.100000381469727
4533.0,11.479999542236328,18.13999938964844
4534.0,11.239999771118164,18.21999931335449
4535.0,11.0600004196167,18.31999969482422
4536.0,11.100000381469728,18.200000762939453
4537.0,11.460000038146973,18.31999969482422
4538.0,11.34000015258789,18.34000015258789
4539.0,11.260000228881836,18.239999771118164
4540.0,11.31999969482422,18.21999931335449
4541.0,,18.200000762939453
4542.0,10.960000038146973,18.13999938964844
4543.0,11.140000343322754,18.299999237060547
4544.0,11.119999885559082,18.31999969482422
4545.0,10.84000015258789,18.31999969482422
4546.0,11.199999809265137,18.280000686645508
4547.0,10.960000038146973,18.31999969482422
4548.0,10.579999923706056,18.280000686645508
4549.0,11.079999923706056,18.280000686645508
4550.0,10.979999542236328,18.39999961853028
4551.0,10.960000038146973,18.31999969482422
4552.0,11.079999923706056,18.34000015258789
4553.0,11.279999732971191,18.31999969482422
4554.0,11.239999771118164,18.21999931335449
4555.0,11.100000381469728,18.479999542236328
4556.0,10.640000343322754,18.479999542236328
4557.0,11.0600004196167,18.540000915527344
4558.0,10.899999618530272,18.440000534057617
4559.0,10.859999656677246,18.440000534057617
4560.0,10.920000076293944,18.280000686645508
4561.0,10.920000076293944,18.239999771118164
4562.0,10.899999618530272,18.059999465942383
4563.0,10.859999656677246,17.899999618530273
4564.0,10.979999542236328,18.0
4565.0,10.899999618530272,18.26000022888184
4566.0,10.84000015258789,18.31999969482422
4567.0,10.9399995803833,18.26000022888184
4568.0,10.9399995803833,18.280000686645508
4569.0,11.199999809265137,18.440000534057617
4570.0,11.079999923706056,18.520000457763672
4571.0,10.800000190734863,18.540000915527344
4572.0,10.84000015258789,18.6200008392334
4573.0,10.699999809265137,18.600000381469727
4574.0,10.920000076293944,18.559999465942383
4575.0,11.0600004196167,18.63999938964844
4576.0,11.260000228881836,18.559999465942383
4577.0,11.18000030517578,18.459999084472656
4578.0,11.0,18.459999084472656
4579.0,11.0600004196167,18.559999465942383
4580.0,11.079999923706056,18.479999542236328
4581.0,11.020000457763672,18.440000534057617
4582.0,11.119999885559082,18.479999542236328
4583.0,11.18000030517578,18.57999992370605
4584.0,11.079999923706056,18.520000457763672
4585.0,11.199999809265137,18.520000457763672
4586.0,11.31999969482422,18.440000534057617
4587.0,11.0,18.440000534057617
4588.0,11.079999923706056,18.3799991607666
4589.0,10.960000038146973,18.3799991607666
4590.0,10.779999732971191,18.39999961853028
4591.0,11.300000190734863,18.520000457763672
4592.0,11.380000114440918,18.440000534057617
4593.0,11.239999771118164,18.440000534057617
4594.0,11.359999656677246,18.39999961853028
4595.0,11.220000267028809,18.39999961853028
4596.0,11.239999771118164,18.459999084472656
4597.0,11.260000228881836,18.440000534057617
4598.0,11.260000228881836,18.440000534057617
4599.0,11.619999885559082,18.459999084472656
4600.0,11.359999656677246,18.559999465942383
4601.0,11.31999969482422,18.440000534057617
4602.0,11.119999885559082,18.3799991607666
4603.0,11.239999771118164,18.299999237060547
4604.0,11.300000190734863,18.280000686645508
4605.0,11.119999885559082,18.420000076293945
4606.0,11.34000015258789,18.5
4607.0,11.220000267028809,18.559999465942383
4608.0,11.279999732971191,18.440000534057617
4609.0,11.420000076293944,18.3799991607666
4610.0,11.140000343322754,18.3799991607666
4611.0,11.260000228881836,18.280000686645508
4612.0,,18.31999969482422
4613.0,11.359999656677246,18.34000015258789
4614.0,11.239999771118164,18.34000015258789
4615.0,11.18000030517578,18.34000015258789
4616.0,11.239999771118164,18.34000015258789
4617.0,11.119999885559082,18.39999961853028
4618.0,11.260000228881836,18.39999961853028
4619.0,11.460000038146973,18.34000015258789
4620.0,11.579999923706056,18.299999237060547
4621.0,11.239999771118164,18.39999961853028
4622.0,11.020000457763672,18.3799991607666
4623.0,11.079999923706056,18.3799991607666
4624.0,11.140000343322754,18.36000061035156
4625.0,11.140000343322754,18.39999961853028
4626.0,11.15999984741211,18.34000015258789
4627.0,11.420000076293944,18.3799991607666
4628.0,11.5,18.3799991607666
4629.0,11.239999771118164,18.36000061035156
4630.0,11.220000267028809,18.3799991607666
4631.0,10.68000030517578,18.39999961853028
4632.0,11.140000343322754,18.34000015258789
4633.0,11.039999961853027,18.3799991607666
4634.0,10.81999969482422,18.3799991607666
4635.0,10.880000114440918,18.39999961853028
4636.0,11.119999885559082,18.39999961853028
4637.0,11.399999618530272,18.39999961853028
4638.0,11.0,18.3799991607666
4639.0,11.039999961853027,18.440000534057617
4640.0,11.0600004196167,18.3799991607666
4641.0,11.199999809265137,18.3799991607666
4642.0,11.359999656677246,18.440000534057617
4643.0,11.380000114440918,18.36000061035156
4644.0,11.420000076293944,18.440000534057617
4645.0,11.539999961853027,18.3799991607666
4646.0,11.279999732971191,18.36000061035156
4647.0,11.279999732971191,18.39999961853028
4648.0,11.31999969482422,18.3799991607666
4649.0,11.520000457763672,18.440000534057617
4650.0,11.520000457763672,18.39999961853028
4651.0,12.039999961853027,18.440000534057617
4652.0,11.4399995803833,18.34000015258789
4653.0,11.619999885559082,18.3799991607666
4654.0,11.460000038146973,18.3799991607666
4655.0,11.31999969482422,18.440000534057617
4656.0,11.539999961853027,18.3799991607666
4657.0,11.5600004196167,18.3799991607666
4658.0,11.479999542236328,18.39999961853028
4659.0,11.760000228881836,18.280000686645508
4660.0,11.279999732971191,18.3799991607666
4661.0,11.279999732971191,18.3799991607666
4662.0,10.65999984741211,18.31999969482422
4663.0,,18.34000015258789
4664.0,11.640000343322754,18.39999961853028
4665.0,11.4399995803833,18.34000015258789
4666.0,11.779999732971191,18.3799991607666
4667.0,11.539999961853027,18.479999542236328
4668.0,11.600000381469728,18.3799991607666
4669.0,11.5600004196167,18.3799991607666
4670.0,11.859999656677246,18.36000061035156
4671.0,11.4399995803833,18.559999465942383
4672.0,,18.57999992370605
4673.0,11.34000015258789,18.600000381469727
4674.0,11.68000030517578,18.459999084472656
4675.0,11.460000038146973,18.3799991607666
4676.0,11.720000267028809,18.479999542236328
4677.0,11.460000038146973,18.3799991607666
4678.0,11.640000343322754,18.459999084472656
4679.0,11.859999656677246,18.3799991607666
4680.0,11.34000015258789,18.440000534057617
4681.0,11.720000267028809,18.559999465942383
4682.0,11.960000038146973,18.600000381469727
4683.0,11.5600004196167,18.63999938964844
4684.0,11.359999656677246,18.559999465942383
4685.0,11.220000267028809,18.520000457763672
4686.0,11.0,18.440000534057617
4687.0,11.34000015258789,18.39999961853028
4688.0,10.260000228881836,18.34000015258789
4689.0,11.239999771118164,18.34000015258789
4690.0,11.220000267028809,18.299999237060547
4691.0,11.0600004196167,18.280000686645508
4692.0,11.859999656677246,18.5
4693.0,11.0600004196167,18.3799991607666
4694.0,11.5,18.440000534057617
4695.0,10.760000228881836,18.440000534057617
4696.0,11.420000076293944,18.34000015258789
4697.0,11.300000190734863,18.34000015258789
4698.0,,18.299999237060547
4699.0,11.699999809265137,18.31999969482422
4700.0,11.380000114440918,18.39999961853028
4701.0,11.260000228881836,18.479999542236328
4702.0,11.5,18.5
4703.0,11.479999542236328,18.559999465942383
4704.0,11.81999969482422,18.559999465942383
4705.0,11.539999961853027,18.6200008392334
4706.0,11.359999656677246,18.700000762939453
4707.0,11.720000267028809,18.559999465942383
4708.0,,18.600000381469727
4709.0,12.039999961853027,18.559999465942383
4710.0,11.779999732971191,18.65999984741211
4711.0,11.9399995803833,18.57999992370605
4712.0,11.979999542236328,18.600000381469727
4713.0,12.0600004196167,18.540000915527344
4714.0,12.0,18.540000915527344
4715.0,11.899999618530272,18.5
4716.0,12.100000381469728,18.420000076293945
4717.0,,18.600000381469727
4718.0,11.880000114440918,18.63999938964844
4719.0,11.65999984741211,18.600000381469727
4720.0,11.720000267028809,18.440000534057617
4721.0,11.960000038146973,18.520000457763672
4722.0,11.84000015258789,18.700000762939453
4723.0,10.619999885559082,18.479999542236328
4724.0,11.619999885559082,18.39999961853028
4725.0,11.579999923706056,18.3799991607666
4726.0,11.899999618530272,18.34000015258789
4727.0,11.619999885559082,18.31999969482422
4728.0,11.300000190734863,18.479999542236328
4729.0,11.5600004196167,18.440000534057617
4730.0,11.739999771118164,18.459999084472656
4731.0,11.65999984741211,18.600000381469727
4732.0,11.359999656677246,18.71999931335449
4733.0,11.81999969482422,18.6200008392334
4734.0,11.960000038146973,18.68000030517578
4735.0,11.859999656677246,18.5
4736.0,11.239999771118164,18.600000381469727
4737.0,11.539999961853027,18.520000457763672
4738.0,11.4399995803833,18.600000381469727
4739.0,11.380000114440918,18.559999465942383
4740.0,11.539999961853027,18.440000534057617
4741.0,11.479999542236328,18.479999542236328
4742.0,11.880000114440918,18.459999084472656
4743.0,11.84000015258789,18.459999084472656
4744.0,11.760000228881836,18.68000030517578
4745.0,11.399999618530272,18.799999237060547
4746.0,12.039999961853027,18.739999771118164
4747.0,,18.459999084472656
4748.0,11.760000228881836,18.71999931335449
4749.0,,18.420000076293945
4750.0,12.079999923706056,18.700000762939453
4751.0,11.84000015258789,18.479999542236328
4752.0,10.779999732971191,18.479999542236328
4753.0,11.720000267028809,18.420000076293945
4754.0,11.800000190734863,18.63999938964844
4755.0,11.4399995803833,18.3799991607666
4756.0,11.699999809265137,18.420000076293945
4757.0,11.420000076293944,18.520000457763672
4758.0,11.619999885559082,18.89999961853028
4759.0,11.68000030517578,18.3799991607666
4760.0,11.880000114440918,18.34000015258789
4761.0,,18.420000076293945
4762.0,11.699999809265137,18.540000915527344
4763.0,11.800000190734863,18.6200008392334
4764.0,11.5,18.6200008392334
4765.0,12.039999961853027,18.3799991607666
4766.0,11.699999809265137,18.3799991607666
4767.0,11.720000267028809,18.600000381469727
4768.0,11.699999809265137,18.6200008392334
4769.0,11.739999771118164,18.600000381469727
4770.0,11.699999809265137,18.3799991607666
4771.0,11.68000030517578,18.31999969482422
4772.0,11.699999809265137,18.36000061035156
4773.0,11.720000267028809,18.420000076293945
4774.0,11.880000114440918,18.39999961853028
4775.0,11.300000190734863,18.34000015258789
4776.0,11.600000381469728,18.5
4777.0,11.34000015258789,18.479999542236328
4778.0,11.399999618530272,18.3799991607666
4779.0,11.479999542236328,18.479999542236328
4780.0,11.5,18.3799991607666
4781.0,11.520000457763672,18.3799991607666
4782.0,11.619999885559082,18.34000015258789
4783.0,11.699999809265137,18.280000686645508
4784.0,11.65999984741211,18.440000534057617
4785.0,,18.299999237060547
4786.0,11.359999656677246,18.3799991607666
4787.0,11.399999618530272,18.18000030517578
4788.0,11.300000190734863,18.26000022888184
4789.0,11.380000114440918,18.18000030517578
4790.0,11.359999656677246,18.21999931335449
4791.0,11.31999969482422,18.200000762939453
4792.0,11.15999984741211,18.1200008392334
4793.0,11.199999809265137,18.100000381469727
4794.0,11.220000267028809,18.059999465942383
4795.0,11.420000076293944,18.059999465942383
4796.0,10.979999542236328,18.040000915527344
4797.0,11.039999961853027,18.0
4798.0,11.199999809265137,18.21999931335449
4799.0,11.0600004196167,18.31999969482422
4800.0,11.300000190734863,18.31999969482422
4801.0,11.300000190734863,18.780000686645508
4802.0,11.140000343322754,18.76000022888184
4803.0,11.18000030517578,18.540000915527344
4804.0,11.399999618530272,18.440000534057617
4805.0,11.380000114440918,18.89999961853028
4806.0,11.300000190734863,18.76000022888184
4807.0,11.420000076293944,18.39999961853028
4808.0,11.34000015258789,18.920000076293945
4809.0,11.239999771118164,18.21999931335449
4810.0,11.359999656677246,18.31999969482422
4811.0,11.380000114440918,18.280000686645508
4812.0,11.399999618530272,18.39999961853028
4813.0,11.520000457763672,17.959999084472656
4814.0,11.460000038146973,18.26000022888184
4815.0,11.380000114440918,18.36000061035156
4816.0,11.640000343322754,18.26000022888184
4817.0,11.31999969482422,18.13999938964844
4818.0,11.380000114440918,18.26000022888184
4819.0,11.34000015258789,18.34000015258789
4820.0,11.199999809265137,18.459999084472656
4821.0,11.279999732971191,18.21999931335449
4822.0,11.279999732971191,18.420000076293945
4823.0,11.359999656677246,18.36000061035156
4824.0,11.4399995803833,18.34000015258789
4825.0,11.260000228881836,18.479999542236328
4826.0,11.359999656677246,18.559999465942383
4827.0,11.4399995803833,18.6200008392334
4828.0,11.539999961853027,18.5
4829.0,11.84000015258789,18.84000015258789
4830.0,11.739999771118164,18.540000915527344
4831.0,11.600000381469728,18.39999961853028
4832.0,11.4399995803833,18.479999542236328
4833.0,11.65999984741211,18.940000534057617
4834.0,11.720000267028809,18.920000076293945
4835.0,11.979999542236328,18.71999931335449
4836.0,11.84000015258789,18.600000381469727
4837.0,11.579999923706056,18.420000076293945
4838.0,11.640000343322754,18.559999465942383
4839.0,11.260000228881836,18.68000030517578
4840.0,11.260000228881836,18.68000030517578
4841.0,11.300000190734863,18.700000762939453
4842.0,11.15999984741211,18.57999992370605
4843.0,11.34000015258789,18.68000030517578
4844.0,11.31999969482422,18.63999938964844
4845.0,11.65999984741211,18.780000686645508
4846.0,11.300000190734863,18.81999969482422
4847.0,11.399999618530272,18.8799991607666
4848.0,11.420000076293944,19.07999992370605
4849.0,11.460000038146973,18.84000015258789
4850.0,11.539999961853027,18.799999237060547
4851.0,11.640000343322754,18.700000762939453
4852.0,11.399999618530272,18.86000061035156
4853.0,11.420000076293944,18.81999969482422
4854.0,11.739999771118164,18.81999969482422
4855.0,11.380000114440918,18.739999771118164
4856.0,11.239999771118164,18.81999969482422
4857.0,11.5,18.739999771118164
4858.0,11.65999984741211,18.84000015258789
4859.0,10.920000076293944,18.559999465942383
4860.0,11.739999771118164,18.559999465942383
4861.0,11.619999885559082,18.65999984741211
4862.0,11.699999809265137,18.600000381469727
4863.0,11.520000457763672,18.700000762939453
4864.0,11.579999923706056,18.65999984741211
4865.0,11.4399995803833,18.81999969482422
4866.0,11.380000114440918,18.799999237060547
4867.0,11.520000457763672,18.84000015258789
4868.0,11.600000381469728,18.86000061035156
4869.0,11.68000030517578,18.86000061035156
4870.0,11.5,18.81999969482422
4871.0,10.899999618530272,18.65999984741211
4872.0,11.18000030517578,18.540000915527344
4873.0,11.460000038146973,18.520000457763672
4874.0,11.039999961853027,18.780000686645508
4875.0,11.460000038146973,18.739999771118164
4876.0,10.5600004196167,18.780000686645508
4877.0,11.539999961853027,18.86000061035156
4878.0,11.239999771118164,18.86000061035156
4879.0,11.18000030517578,18.799999237060547
4880.0,10.880000114440918,18.76000022888184
4881.0,11.140000343322754,18.700000762939453
4882.0,10.619999885559082,18.81999969482422
4883.0,11.399999618530272,18.8799991607666
4884.0,10.979999542236328,18.86000061035156
4885.0,,18.71999931335449
4886.0,11.5600004196167,18.739999771118164
4887.0,12.18000030517578,18.700000762939453
4888.0,11.5600004196167,18.76000022888184
4889.0,11.4399995803833,18.540000915527344
4890.0,11.31999969482422,18.559999465942383
4891.0,11.31999969482422,18.76000022888184
4892.0,11.300000190734863,18.86000061035156
4893.0,11.460000038146973,18.81999969482422
4894.0,11.31999969482422,18.76000022888184
4895.0,11.300000190734863,18.8799991607666
4896.0,11.279999732971191,18.89999961853028
4897.0,11.15999984741211,19.040000915527344
4898.0,11.399999618530272,18.920000076293945
4899.0,11.5600004196167,19.020000457763672
4900.0,11.479999542236328,19.020000457763672
4901.0,11.760000228881836,18.799999237060547
4902.0,11.420000076293944,18.86000061035156
4903.0,11.619999885559082,19.040000915527344
4904.0,11.600000381469728,19.059999465942383
4905.0,11.31999969482422,18.84000015258789
4906.0,11.5600004196167,18.920000076293945
4907.0,11.520000457763672,19.07999992370605
4908.0,11.579999923706056,19.040000915527344
4909.0,11.520000457763672,18.86000061035156
4910.0,11.5600004196167,19.100000381469727
4911.0,11.619999885559082,18.940000534057617
4912.0,11.65999984741211,19.15999984741211
4913.0,11.739999771118164,18.89999961853028
4914.0,11.720000267028809,19.07999992370605
4915.0,11.600000381469728,19.18000030517578
4916.0,11.699999809265137,19.15999984741211
4917.0,11.539999961853027,18.89999961853028
4918.0,11.619999885559082,18.57999992370605
4919.0,11.399999618530272,18.76000022888184
4920.0,11.420000076293944,18.8799991607666
4921.0,11.359999656677246,18.81999969482422
4922.0,11.520000457763672,19.040000915527344
4923.0,11.640000343322754,18.799999237060547
4924.0,11.460000038146973,18.8799991607666
4925.0,11.5,18.780000686645508
4926.0,11.31999969482422,18.780000686645508
4927.0,11.359999656677246,18.84000015258789
4928.0,11.100000381469728,18.86000061035156
4929.0,11.600000381469728,18.89999961853028
4930.0,11.420000076293944,18.76000022888184
4931.0,11.31999969482422,18.799999237060547
4932.0,11.4399995803833,18.86000061035156
4933.0,11.300000190734863,18.86000061035156
4934.0,11.5,18.940000534057617
4935.0,11.079999923706056,18.920000076293945
4936.0,11.239999771118164,18.86000061035156
4937.0,11.31999969482422,18.8799991607666
4938.0,11.300000190734863,18.8799991607666
4939.0,11.640000343322754,18.920000076293945
4940.0,12.039999961853027,19.100000381469727
4941.0,11.600000381469728,18.959999084472656
4942.0,11.460000038146973,18.89999961853028
4943.0,11.300000190734863,18.86000061035156
4944.0,11.279999732971191,18.920000076293945
4945.0,11.460000038146973,18.940000534057617
4946.0,11.600000381469728,18.89999961853028
4947.0,11.720000267028809,18.86000061035156
4948.0,11.81999969482422,18.8799991607666
4949.0,11.300000190734863,18.81999969482422
4950.0,11.300000190734863,19.100000381469727
4951.0,11.18000030517578,18.920000076293945
4952.0,11.539999961853027,18.799999237060547
4953.0,11.479999542236328,18.780000686645508
4954.0,11.479999542236328,18.76000022888184
4955.0,11.84000015258789,18.81999969482422
4956.0,11.479999542236328,18.84000015258789
4957.0,11.15999984741211,18.799999237060547
4958.0,11.520000457763672,18.799999237060547
4959.0,11.600000381469728,18.780000686645508
4960.0,11.460000038146973,18.84000015258789
4961.0,11.619999885559082,18.86000061035156
4962.0,12.039999961853027,18.739999771118164
4963.0,11.880000114440918,18.780000686645508
4964.0,11.619999885559082,18.81999969482422
4965.0,11.479999542236328,19.0
4966.0,11.68000030517578,18.959999084472656
4967.0,11.600000381469728,18.959999084472656
4968.0,11.68000030517578,18.959999084472656
4969.0,11.640000343322754,19.100000381469727
4970.0,11.5600004196167,19.100000381469727
4971.0,11.220000267028809,18.940000534057617
4972.0,11.600000381469728,18.8799991607666
4973.0,11.600000381469728,18.84000015258789
4974.0,11.619999885559082,18.86000061035156
4975.0,11.460000038146973,18.81999969482422
4976.0,11.359999656677246,18.780000686645508
4977.0,11.479999542236328,18.799999237060547
4978.0,11.479999542236328,18.86000061035156
4979.0,11.359999656677246,18.84000015258789
4980.0,11.619999885559082,18.89999961853028
4981.0,11.260000228881836,18.940000534057617
4982.0,11.34000015258789,19.100000381469727
4983.0,11.31999969482422,18.71999931335449
4984.0,11.34000015258789,18.959999084472656
4985.0,11.31999969482422,19.07999992370605
4986.0,11.380000114440918,19.07999992370605
4987.0,11.279999732971191,18.76000022888184
4988.0,11.079999923706056,18.86000061035156
4989.0,11.359999656677246,18.86000061035156
4990.0,11.079999923706056,18.89999961853028
4991.0,11.539999961853027,18.739999771118164
4992.0,11.460000038146973,18.780000686645508
4993.0,11.579999923706056,18.86000061035156
4994.0,11.520000457763672,18.780000686645508
4995.0,11.579999923706056,18.84000015258789
4996.0,11.5,18.920000076293945
4997.0,11.420000076293944,18.8799991607666
4998.0,11.460000038146973,18.799999237060547
4999.0,11.279999732971191,18.86000061035156
5000.0,11.359999656677246,18.89999961853028
5001.0,11.34000015258789,18.799999237060547
5002.0,11.4399995803833,18.799999237060547
5003.0,11.31999969482422,18.81999969482422
5004.0,11.359999656677246,18.76000022888184
5005.0,11.34000015258789,18.8799991607666
5006.0,11.260000228881836,18.780000686645508
5007.0,11.4399995803833,18.739999771118164
5008.0,11.4399995803833,18.71999931335449
5009.0,11.260000228881836,18.57999992370605
5010.0,11.359999656677246,18.76000022888184
5011.0,11.399999618530272,18.799999237060547
5012.0,11.399999618530272,18.84000015258789
5013.0,11.4399995803833,18.68000030517578
5014.0,11.34000015258789,18.76000022888184
5015.0,11.300000190734863,18.920000076293945
5016.0,11.279999732971191,18.780000686645508
5017.0,11.420000076293944,18.739999771118164
5018.0,11.31999969482422,18.71999931335449
5019.0,11.34000015258789,18.799999237060547
5020.0,11.260000228881836,18.8799991607666
5021.0,11.460000038146973,18.920000076293945
5022.0,11.479999542236328,18.76000022888184
5023.0,11.600000381469728,18.780000686645508
5024.0,11.479999542236328,19.1200008392334
5025.0,11.5600004196167,19.100000381469727
5026.0,11.800000190734863,18.940000534057617
5027.0,11.920000076293944,19.0
5028.0,11.600000381469728,18.89999961853028
5029.0,11.420000076293944,18.940000534057617
5030.0,11.640000343322754,19.059999465942383
5031.0,11.520000457763672,18.940000534057617
5032.0,11.65999984741211,18.89999961853028
5033.0,12.18000030517578,18.84000015258789
5034.0,11.9399995803833,19.0
5035.0,11.859999656677246,18.8799991607666
5036.0,11.520000457763672,18.920000076293945
5037.0,11.579999923706056,19.26000022888184
5038.0,11.399999618530272,18.799999237060547
5039.0,11.420000076293944,18.81999969482422
5040.0,11.399999618530272,18.920000076293945
5041.0,11.640000343322754,18.89999961853028
5042.0,11.380000114440918,18.89999961853028
5043.0,11.800000190734863,18.780000686645508
5044.0,11.800000190734863,18.86000061035156
5045.0,11.859999656677246,18.799999237060547
5046.0,11.699999809265137,18.8799991607666
5047.0,11.34000015258789,18.959999084472656
5048.0,11.359999656677246,19.040000915527344
5049.0,11.640000343322754,19.18000030517578
5050.0,11.300000190734863,19.31999969482422
5051.0,11.460000038146973,19.13999938964844
5052.0,11.619999885559082,19.100000381469727
5053.0,11.0600004196167,19.100000381469727
5054.0,11.5,19.040000915527344
5055.0,11.300000190734863,18.8799991607666
5056.0,11.520000457763672,19.059999465942383
5057.0,12.199999809265137,18.86000061035156
5058.0,11.579999923706056,18.89999961853028
5059.0,11.880000114440918,19.1200008392334
5060.0,11.760000228881836,19.059999465942383
5061.0,11.720000267028809,18.86000061035156
5062.0,11.619999885559082,18.700000762939453
5063.0,11.640000343322754,18.540000915527344
5064.0,11.460000038146973,18.420000076293945
5065.0,11.739999771118164,18.479999542236328
5066.0,11.5600004196167,18.71999931335449
5067.0,11.5600004196167,18.780000686645508
5068.0,11.5600004196167,18.780000686645508
5069.0,11.600000381469728,18.780000686645508
5070.0,11.31999969482422,18.739999771118164
5071.0,11.34000015258789,18.68000030517578
5072.0,11.199999809265137,18.84000015258789
5073.0,11.760000228881836,18.76000022888184
5074.0,11.68000030517578,18.799999237060547
5075.0,12.220000267028809,18.979999542236328
5076.0,12.399999618530272,19.040000915527344
5077.0,11.359999656677246,18.920000076293945
5078.0,11.600000381469728,18.86000061035156
5079.0,11.520000457763672,18.89999961853028
5080.0,11.579999923706056,18.81999969482422
5081.0,11.5600004196167,18.940000534057617
5082.0,11.479999542236328,18.81999969482422
5083.0,11.579999923706056,18.780000686645508
5084.0,11.460000038146973,18.81999969482422
5085.0,11.31999969482422,18.68000030517578
5086.0,11.619999885559082,18.799999237060547
5087.0,11.739999771118164,18.81999969482422
5088.0,11.779999732971191,18.739999771118164
5089.0,11.899999618530272,18.8799991607666
5090.0,11.9399995803833,18.84000015258789
5091.0,11.31999969482422,18.86000061035156
5092.0,11.479999542236328,18.799999237060547
5093.0,11.4399995803833,18.799999237060547
5094.0,11.34000015258789,18.739999771118164
5095.0,11.15999984741211,18.65999984741211
5096.0,11.380000114440918,18.700000762939453
5097.0,11.579999923706056,18.739999771118164
5098.0,11.460000038146973,18.68000030517578
5099.0,11.380000114440918,18.89999961853028
5100.0,11.279999732971191,18.86000061035156
5101.0,11.4399995803833,18.8799991607666
5102.0,11.5,18.76000022888184
5103.0,11.420000076293944,18.540000915527344
5104.0,11.619999885559082,18.920000076293945
5105.0,11.720000267028809,19.15999984741211
5106.0,10.979999542236328,18.780000686645508
5107.0,11.68000030517578,19.200000762939453
5108.0,11.420000076293944,19.100000381469727
5109.0,11.640000343322754,19.059999465942383
5110.0,11.600000381469728,19.1200008392334
5111.0,11.300000190734863,18.86000061035156
5112.0,,18.86000061035156
5113.0,,19.13999938964844
5114.0,11.539999961853027,19.200000762939453
5115.0,11.399999618530272,18.940000534057617
5116.0,11.539999961853027,19.0
5117.0,11.520000457763672,19.26000022888184
5118.0,11.4399995803833,19.020000457763672
5119.0,11.5600004196167,18.959999084472656
5120.0,11.520000457763672,19.18000030517578
5121.0,11.640000343322754,19.239999771118164
5122.0,11.68000030517578,19.1200008392334
5123.0,12.020000457763672,19.07999992370605
5124.0,11.460000038146973,18.940000534057617
5125.0,11.699999809265137,19.18000030517578
5126.0,11.760000228881836,19.1200008392334
5127.0,11.460000038146973,19.07999992370605
5128.0,10.979999542236328,19.07999992370605
5129.0,11.199999809265137,19.07999992370605
5130.0,,19.07999992370605
5131.0,,19.15999984741211
5132.0,,19.040000915527344
5133.0,,18.940000534057617
5134.0,,19.040000915527344
5135.0,,19.21999931335449
5136.0,,18.920000076293945
5137.0,11.359999656677246,19.020000457763672
5138.0,11.279999732971191,18.940000534057617
5139.0,11.5600004196167,18.68000030517578
5140.0,11.359999656677246,18.780000686645508
5141.0,11.399999618530272,18.940000534057617
5142.0,11.640000343322754,18.979999542236328
5143.0,11.779999732971191,19.020000457763672
5144.0,11.5,18.84000015258789
5145.0,11.4399995803833,18.86000061035156
5146.0,11.220000267028809,18.959999084472656
5147.0,11.220000267028809,18.940000534057617
5148.0,11.479999542236328,19.07999992370605
5149.0,11.520000457763672,19.18000030517578
5150.0,11.539999961853027,19.21999931335449
5151.0,11.260000228881836,19.18000030517578
5152.0,11.399999618530272,19.21999931335449
5153.0,11.34000015258789,19.200000762939453
5154.0,11.579999923706056,19.13999938964844
5155.0,11.65999984741211,18.89999961853028
5156.0,11.739999771118164,18.86000061035156
5157.0,11.579999923706056,18.959999084472656
5158.0,12.140000343322754,19.100000381469727
5159.0,11.600000381469728,19.18000030517578
5160.0,11.4399995803833,19.1200008392334
5161.0,11.859999656677246,18.89999961853028
5162.0,11.640000343322754,19.15999984741211
5163.0,11.859999656677246,18.940000534057617
5164.0,11.359999656677246,18.8799991607666
5165.0,11.479999542236328,19.1200008392334
5166.0,11.5,19.15999984741211
5167.0,11.399999618530272,19.1200008392334
5168.0,11.739999771118164,19.21999931335449
5169.0,11.31999969482422,19.239999771118164
5170.0,11.300000190734863,19.31999969482422
5171.0,11.739999771118164,19.39999961853028
5172.0,12.239999771118164,19.559999465942383
5173.0,,19.63999938964844
5174.0,11.300000190734863,19.559999465942383
5175.0,11.539999961853027,19.5
5176.0,,19.3799991607666
5177.0,,19.520000457763672
5178.0,,19.479999542236328
5179.0,,19.479999542236328
5180.0,,19.540000915527344
5181.0,,19.57999992370605
5182.0,,19.31999969482422
5183.0,,19.479999542236328
5184.0,,19.459999084472656
5185.0,,19.34000015258789
5186.0,,19.459999084472656
5187.0,11.779999732971191,19.3799991607666
5188.0,11.699999809265137,19.299999237060547
5189.0,11.460000038146973,19.31999969482422
5190.0,11.359999656677246,19.479999542236328
5191.0,11.859999656677246,19.36000061035156
5192.0,11.579999923706056,19.34000015258789
5193.0,11.479999542236328,18.979999542236328
5194.0,11.779999732971191,19.040000915527344
5195.0,11.760000228881836,19.0
5196.0,11.880000114440918,19.1200008392334
5197.0,12.460000038146973,19.100000381469727
5198.0,11.699999809265137,19.1200008392334
5199.0,12.140000343322754,19.100000381469727
5200.0,11.220000267028809,19.13999938964844
5201.0,11.460000038146973,19.21999931335449
5202.0,11.579999923706056,19.15999984741211
5203.0,12.34000015258789,19.100000381469727
5204.0,,19.3799991607666
5205.0,,18.479999542236328
5206.0,,
5207.0,,
5208.0,,18.940000534057617
5209.0,,18.86000061035156
5210.0,,19.020000457763672
5211.0,,18.920000076293945
5212.0,,18.86000061035156
5213.0,,18.920000076293945
5214.0,,18.89999961853028
5215.0,,19.18000030517578
5216.0,,19.239999771118164
5217.0,11.539999961853027,19.36000061035156
5218.0,11.0600004196167,19.459999084472656
5219.0,11.539999961853027,19.420000076293945
5220.0,,19.239999771118164
5221.0,11.5,19.420000076293945
5222.0,11.0600004196167,19.31999969482422
5223.0,11.619999885559082,19.36000061035156
5224.0,,19.440000534057617
5225.0,10.979999542236328,19.39999961853028
5226.0,11.539999961853027,19.18000030517578
5227.0,11.699999809265137,19.100000381469727
5228.0,11.359999656677246,19.100000381469727
5229.0,11.279999732971191,19.100000381469727
5230.0,11.420000076293944,19.13999938964844
5231.0,11.399999618530272,19.059999465942383
5232.0,11.539999961853027,19.39999961853028
5233.0,,19.520000457763672
5234.0,,19.559999465942383
5235.0,,19.26000022888184
5236.0,,19.07999992370605
5237.0,,19.299999237060547
5238.0,,19.100000381469727
5239.0,,19.34000015258789
5240.0,11.460000038146973,19.5
5241.0,11.460000038146973,19.39999961853028
5242.0,11.18000030517578,19.57999992370605
5243.0,11.0,19.5
5244.0,11.260000228881836,19.57999992370605
5245.0,11.760000228881836,19.420000076293945
5246.0,11.34000015258789,19.39999961853028
5247.0,,19.39999961853028
5248.0,11.65999984741211,19.459999084472656
5249.0,11.779999732971191,19.34000015258789
5250.0,11.699999809265137,19.459999084472656
5251.0,11.5,19.5
5252.0,,19.440000534057617
5253.0,11.779999732971191,19.39999961853028
5254.0,11.539999961853027,19.71999931335449
5255.0,11.699999809265137,19.63999938964844
5256.0,11.779999732971191,19.65999984741211
5257.0,11.020000457763672,19.420000076293945
5258.0,,19.459999084472656
5259.0,,19.18000030517578
5260.0,,18.700000762939453
5261.0,,19.020000457763672
5262.0,,19.100000381469727
5263.0,,19.18000030517578
5264.0,,19.18000030517578
5265.0,,19.600000381469727
5266.0,,19.6200008392334
5267.0,,19.739999771118164
5268.0,,19.920000076293945
5269.0,,20.239999771118164
5270.0,,19.6200008392334
5271.0,,19.799999237060547
5272.0,,19.780000686645508
5273.0,,19.700000762939453
5274.0,11.119999885559082,19.21999931335449
5275.0,11.460000038146973,19.020000457763672
5276.0,12.220000267028809,19.21999931335449
5277.0,,19.26000022888184
5278.0,,19.13999938964844
5279.0,,19.34000015258789
5280.0,,19.299999237060547
5281.0,,19.15999984741211
5282.0,,19.059999465942383
5283.0,,19.3799991607666
5284.0,,19.100000381469727
5285.0,,19.21999931335449
5286.0,,19.13999938964844
5287.0,11.84000015258789,19.36000061035156
5288.0,11.31999969482422,19.0
5289.0,11.220000267028809,19.299999237060547
5290.0,11.5600004196167,19.200000762939453
5291.0,11.619999885559082,19.21999931335449
5292.0,10.920000076293944,19.13999938964844
5293.0,11.859999656677246,19.18000030517578
5294.0,11.880000114440918,19.18000030517578
5295.0,12.4399995803833,19.059999465942383
5296.0,11.84000015258789,19.040000915527344
5297.0,11.859999656677246,19.1200008392334
5298.0,12.100000381469728,19.18000030517578
5299.0,11.739999771118164,19.36000061035156
5300.0,12.039999961853027,19.36000061035156
5301.0,12.119999885559082,19.34000015258789
5302.0,11.699999809265137,19.21999931335449
5303.0,12.239999771118164,19.26000022888184
5304.0,10.779999732971191,19.3799991607666
5305.0,12.18000030517578,19.3799991607666
5306.0,11.979999542236328,19.520000457763672
5307.0,11.84000015258789,19.26000022888184
5308.0,11.800000190734863,19.36000061035156
5309.0,12.359999656677246,19.239999771118164
5310.0,10.84000015258789,19.26000022888184
5311.0,12.119999885559082,19.21999931335449
5312.0,,19.200000762939453
5313.0,12.239999771118164,19.34000015258789
5314.0,12.300000190734863,19.200000762939453
5315.0,11.979999542236328,18.8799991607666
5316.0,11.960000038146973,19.299999237060547
5317.0,11.739999771118164,19.440000534057617
5318.0,12.34000015258789,19.07999992370605
5319.0,11.880000114440918,19.21999931335449
5320.0,11.720000267028809,19.059999465942383
5321.0,12.5,19.0
5322.0,12.640000343322754,18.89999961853028
5323.0,12.420000076293944,18.920000076293945
5324.0,12.5,18.979999542236328
5325.0,11.81999969482422,19.100000381469727
5326.0,11.920000076293944,19.239999771118164
5327.0,11.960000038146973,19.299999237060547
5328.0,11.9399995803833,19.280000686645508
5329.0,,19.39999961853028
5330.0,11.960000038146973,19.280000686645508
5331.0,11.699999809265137,19.34000015258789
5332.0,11.34000015258789,19.239999771118164
5333.0,12.220000267028809,19.18000030517578
5334.0,11.279999732971191,19.13999938964844
5335.0,12.119999885559082,19.200000762939453
5336.0,,19.280000686645508
5337.0,,19.18000030517578
5338.0,,19.34000015258789
5339.0,12.65999984741211,19.34000015258789
5340.0,,19.200000762939453
5341.0,12.079999923706056,19.280000686645508
5342.0,11.81999969482422,19.21999931335449
5343.0,11.979999542236328,19.239999771118164
5344.0,12.279999732971191,19.36000061035156
5345.0,12.579999923706056,19.440000534057617
5346.0,10.899999618530272,19.34000015258789
5347.0,11.779999732971191,19.36000061035156
5348.0,11.960000038146973,19.520000457763672
5349.0,11.420000076293944,19.559999465942383
5350.0,11.699999809265137,19.299999237060547
5351.0,,19.36000061035156
5352.0,12.199999809265137,19.200000762939453
5353.0,12.600000381469728,19.34000015258789
5354.0,11.899999618530272,19.299999237060547
5355.0,,19.559999465942383
5356.0,11.539999961853027,19.39999961853028
5357.0,11.699999809265137,19.520000457763672
5358.0,12.65999984741211,19.68000030517578
5359.0,12.579999923706056,19.959999084472656
5360.0,,19.3799991607666
5361.0,,19.420000076293945
5362.0,12.68000030517578,19.34000015258789
5363.0,11.640000343322754,19.39999961853028
5364.0,10.81999969482422,19.059999465942383
5365.0,11.039999961853027,19.39999961853028
5366.0,11.65999984741211,19.36000061035156
5367.0,11.479999542236328,19.520000457763672
5368.0,11.4399995803833,19.239999771118164
5369.0,12.18000030517578,19.100000381469727
5370.0,11.699999809265137,19.21999931335449
5371.0,10.800000190734863,19.700000762939453
5372.0,12.020000457763672,19.34000015258789
5373.0,11.68000030517578,19.26000022888184
5374.0,12.68000030517578,19.31999969482422
5375.0,,19.5
5376.0,12.539999961853027,19.239999771118164
5377.0,,19.6200008392334
5378.0,12.260000228881836,19.520000457763672
5379.0,,19.6200008392334
5380.0,,19.71999931335449
5381.0,12.359999656677246,19.520000457763672
5382.0,,19.799999237060547
5383.0,11.920000076293944,19.559999465942383
5384.0,11.9399995803833,19.21999931335449
5385.0,11.960000038146973,19.459999084472656
5386.0,11.779999732971191,19.600000381469727
5387.0,12.420000076293944,19.459999084472656
5388.0,12.579999923706056,19.559999465942383
5389.0,12.34000015258789,19.34000015258789
5390.0,12.68000030517578,19.559999465942383
5391.0,11.380000114440918,19.700000762939453
5392.0,12.18000030517578,19.71999931335449
5393.0,12.18000030517578,19.6200008392334
5394.0,12.220000267028809,19.71999931335449
5395.0,12.380000114440918,19.700000762939453
5396.0,11.0600004196167,20.0
5397.0,12.199999809265137,19.700000762939453
5398.0,12.119999885559082,19.700000762939453
5399.0,11.920000076293944,19.600000381469727
5400.0,12.0,19.700000762939453
5401.0,11.979999542236328,19.63999938964844
5402.0,12.300000190734863,19.76000022888184
5403.0,12.520000457763672,19.739999771118164
5404.0,12.100000381469728,19.540000915527344
5405.0,12.18000030517578,19.6200008392334
5406.0,12.18000030517578,19.559999465942383
5407.0,,19.520000457763672
5408.0,12.079999923706056,19.5
5409.0,,19.520000457763672
5410.0,12.260000228881836,19.81999969482422
5411.0,11.0600004196167,19.63999938964844
5412.0,12.18000030517578,19.65999984741211
5413.0,12.020000457763672,19.739999771118164
5414.0,11.960000038146973,19.57999992370605
5415.0,,19.5
5416.0,12.199999809265137,19.440000534057617
5417.0,11.800000190734863,19.420000076293945
5418.0,,19.420000076293945
5419.0,12.039999961853027,19.3799991607666
5420.0,11.399999618530272,19.26000022888184
5421.0,11.720000267028809,19.34000015258789
5422.0,11.720000267028809,19.34000015258789
5423.0,11.34000015258789,19.200000762939453
5424.0,,19.200000762939453
5425.0,,19.059999465942383
5426.0,,19.239999771118164
5427.0,,18.440000534057617
5428.0,,18.920000076293945
5429.0,12.020000457763672,19.280000686645508
5430.0,10.760000228881836,19.200000762939453
5431.0,12.039999961853027,19.200000762939453
5432.0,11.68000030517578,19.299999237060547
5433.0,12.300000190734863,19.1200008392334
5434.0,11.760000228881836,19.1200008392334
5435.0,12.039999961853027,19.26000022888184
5436.0,11.960000038146973,19.15999984741211
5437.0,11.399999618530272,19.21999931335449
5438.0,11.640000343322754,18.959999084472656
5439.0,11.539999961853027,18.65999984741211
5440.0,12.020000457763672,18.63999938964844
5441.0,12.18000030517578,18.559999465942383
5442.0,12.220000267028809,18.700000762939453
5443.0,12.300000190734863,19.239999771118164
5444.0,11.960000038146973,19.239999771118164
5445.0,11.899999618530272,19.36000061035156
5446.0,11.760000228881836,19.39999961853028
5447.0,11.579999923706056,19.459999084472656
5448.0,12.359999656677246,19.39999961853028
5449.0,11.380000114440918,19.459999084472656
5450.0,11.899999618530272,19.26000022888184
5451.0,11.880000114440918,19.520000457763672
5452.0,12.140000343322754,19.520000457763672
5453.0,12.260000228881836,19.559999465942383
5454.0,12.039999961853027,19.36000061035156
5455.0,,19.39999961853028
5456.0,,19.239999771118164
5457.0,12.0,19.200000762939453
5458.0,,19.26000022888184
5459.0,11.65999984741211,19.280000686645508
5460.0,12.300000190734863,19.39999961853028
5461.0,12.15999984741211,19.39999961853028
5462.0,11.420000076293944,19.420000076293945
5463.0,11.81999969482422,19.34000015258789
5464.0,12.380000114440918,19.440000534057617
5465.0,12.31999969482422,19.440000534057617
5466.0,12.34000015258789,19.39999961853028
5467.0,12.239999771118164,19.31999969482422
5468.0,12.039999961853027,19.559999465942383
5469.0,12.0,19.39999961853028
5470.0,12.140000343322754,19.39999961853028
5471.0,12.539999961853027,19.420000076293945
5472.0,12.100000381469728,19.5
5473.0,12.0600004196167,19.440000534057617
5474.0,12.600000381469728,19.479999542236328
5475.0,12.020000457763672,19.440000534057617
5476.0,12.479999542236328,19.520000457763672
5477.0,12.18000030517578,19.520000457763672
5478.0,11.68000030517578,19.57999992370605
5479.0,11.920000076293944,19.479999542236328
5480.0,12.220000267028809,19.540000915527344
5481.0,11.920000076293944,19.39999961853028
5482.0,,19.440000534057617
5483.0,11.880000114440918,19.57999992370605
5484.0,,19.1200008392334
5485.0,11.640000343322754,18.979999542236328
5486.0,12.279999732971191,19.13999938964844
5487.0,12.0,19.21999931335449
5488.0,12.15999984741211,19.13999938964844
5489.0,12.4399995803833,19.39999961853028
5490.0,12.220000267028809,19.5
5491.0,11.5600004196167,19.39999961853028
5492.0,12.31999969482422,19.420000076293945
5493.0,12.380000114440918,19.520000457763672
5494.0,11.920000076293944,19.6200008392334
5495.0,11.979999542236328,19.13999938964844
5496.0,12.18000030517578,19.479999542236328
5497.0,,19.200000762939453
5498.0,11.479999542236328,19.280000686645508
5499.0,11.699999809265137,19.239999771118164
5500.0,,19.26000022888184
5501.0,11.81999969482422,19.18000030517578
5502.0,11.779999732971191,19.18000030517578
5503.0,11.380000114440918,19.31999969482422
5504.0,12.260000228881836,19.559999465942383
5505.0,12.68000030517578,19.299999237060547
5506.0,12.100000381469728,19.26000022888184
5507.0,,19.3799991607666
5508.0,,19.34000015258789
5509.0,,19.600000381469727
5510.0,,19.559999465942383
5511.0,12.420000076293944,19.559999465942383
5512.0,12.079999923706056,19.559999465942383
5513.0,12.039999961853027,19.459999084472656
5514.0,11.760000228881836,19.559999465942383
5515.0,11.5,19.57999992370605
5516.0,11.699999809265137,19.57999992370605
5517.0,12.15999984741211,19.540000915527344
5518.0,10.960000038146973,19.600000381469727
5519.0,11.539999961853027,19.63999938964844
5520.0,12.199999809265137,19.600000381469727
5521.0,11.31999969482422,19.600000381469727
5522.0,11.960000038146973,19.57999992370605
5523.0,11.880000114440918,19.520000457763672
5524.0,11.859999656677246,19.440000534057617
5525.0,11.579999923706056,19.200000762939453
5526.0,12.84000015258789,19.21999931335449
5527.0,12.34000015258789,19.520000457763672
5528.0,11.779999732971191,19.57999992370605
5529.0,11.68000030517578,19.600000381469727
5530.0,11.9399995803833,19.559999465942383
5531.0,11.9399995803833,19.440000534057617
5532.0,11.880000114440918,19.57999992370605
5533.0,11.81999969482422,19.520000457763672
5534.0,11.800000190734863,19.559999465942383
5535.0,12.18000030517578,19.39999961853028
5536.0,12.34000015258789,19.520000457763672
5537.0,12.0600004196167,19.559999465942383
5538.0,11.720000267028809,19.57999992370605
5539.0,11.600000381469728,19.63999938964844
5540.0,11.899999618530272,19.559999465942383
5541.0,11.31999969482422,19.57999992370605
5542.0,12.420000076293944,19.520000457763672
5543.0,,19.479999542236328
5544.0,12.520000457763672,19.459999084472656
5545.0,,19.540000915527344
5546.0,12.020000457763672,19.459999084472656
5547.0,12.31999969482422,19.57999992370605
5548.0,11.699999809265137,19.6200008392334
5549.0,11.699999809265137,18.8799991607666
5550.0,11.539999961853027,19.059999465942383
5551.0,11.579999923706056,19.21999931335449
5552.0,11.920000076293944,19.39999961853028
5553.0,12.140000343322754,19.459999084472656
5554.0,11.5600004196167,19.31999969482422
5555.0,12.020000457763672,19.420000076293945
5556.0,11.539999961853027,19.63999938964844
5557.0,,19.31999969482422
5558.0,11.420000076293944,19.5
5559.0,11.34000015258789,19.559999465942383
5560.0,10.880000114440918,19.520000457763672
5561.0,11.140000343322754,19.540000915527344
5562.0,11.600000381469728,19.520000457763672
5563.0,12.81999969482422,19.540000915527344
5564.0,12.479999542236328,19.559999465942383
5565.0,12.359999656677246,19.600000381469727
5566.0,12.31999969482422,19.780000686645508
5567.0,12.359999656677246,19.559999465942383
5568.0,11.760000228881836,19.76000022888184
5569.0,11.399999618530272,19.6200008392334
5570.0,11.5,19.600000381469727
5571.0,11.65999984741211,19.520000457763672
5572.0,11.880000114440918,19.3799991607666
5573.0,11.739999771118164,19.1200008392334
5574.0,11.979999542236328,19.440000534057617
5575.0,11.619999885559082,19.31999969482422
5576.0,11.619999885559082,19.3799991607666
5577.0,11.760000228881836,19.520000457763672
5578.0,11.979999542236328,19.420000076293945
5579.0,,19.5
5580.0,11.699999809265137,19.559999465942383
5581.0,12.279999732971191,19.39999961853028
5582.0,11.760000228881836,19.63999938964844
5583.0,11.760000228881836,19.65999984741211
5584.0,12.4399995803833,19.559999465942383
5585.0,11.800000190734863,19.5
5586.0,11.539999961853027,19.31999969482422
5587.0,12.260000228881836,19.280000686645508
5588.0,11.619999885559082,19.280000686645508
5589.0,,19.440000534057617
5590.0,12.34000015258789,19.5
5591.0,11.300000190734863,19.57999992370605
5592.0,11.399999618530272,19.6200008392334
5593.0,,19.600000381469727
5594.0,11.739999771118164,19.6200008392334
5595.0,11.65999984741211,19.600000381469727
5596.0,11.859999656677246,19.520000457763672
5597.0,12.0,19.440000534057617
5598.0,11.779999732971191,19.440000534057617
5599.0,11.779999732971191,19.65999984741211
5600.0,12.020000457763672,19.559999465942383
5601.0,,19.440000534057617
5602.0,12.0,19.520000457763672
5603.0,11.880000114440918,19.5
5604.0,11.380000114440918,19.239999771118164
5605.0,12.020000457763672,19.559999465942383
5606.0,11.760000228881836,19.6200008392334
5607.0,11.739999771118164,19.31999969482422
5608.0,11.699999809265137,19.57999992370605
5609.0,11.760000228881836,19.420000076293945
5610.0,11.640000343322754,19.13999938964844
5611.0,12.239999771118164,19.13999938964844
5612.0,10.960000038146973,18.799999237060547
5613.0,11.880000114440918,19.100000381469727
5614.0,11.460000038146973,19.21999931335449
5615.0,11.65999984741211,19.280000686645508
5616.0,11.0600004196167,19.299999237060547
5617.0,,19.18000030517578
5618.0,12.15999984741211,18.780000686645508
5619.0,,19.0
5620.0,11.31999969482422,18.920000076293945
5621.0,11.600000381469728,19.100000381469727
5622.0,11.880000114440918,19.420000076293945
5623.0,11.720000267028809,19.07999992370605
5624.0,11.779999732971191,19.420000076293945
5625.0,12.020000457763672,19.600000381469727
5626.0,11.739999771118164,19.020000457763672
5627.0,12.079999923706056,19.34000015258789
5628.0,,19.299999237060547
5629.0,,19.059999465942383
5630.0,11.68000030517578,19.239999771118164
5631.0,11.859999656677246,19.239999771118164
5632.0,11.880000114440918,19.559999465942383
5633.0,12.18000030517578,19.63999938964844
5634.0,11.699999809265137,19.5
5635.0,11.579999923706056,19.559999465942383
5636.0,11.600000381469728,19.36000061035156
5637.0,11.979999542236328,19.239999771118164
5638.0,11.65999984741211,19.540000915527344
5639.0,11.880000114440918,19.3799991607666
5640.0,11.81999969482422,19.39999961853028
5641.0,11.779999732971191,19.5
5642.0,11.920000076293944,19.3799991607666
5643.0,11.979999542236328,19.559999465942383
5644.0,11.779999732971191,19.31999969482422
5645.0,11.65999984741211,19.26000022888184
5646.0,11.960000038146973,19.21999931335449
5647.0,11.779999732971191,19.21999931335449
5648.0,12.119999885559082,19.3799991607666
5649.0,12.0600004196167,19.520000457763672
5650.0,,19.440000534057617
5651.0,11.859999656677246,19.71999931335449
5652.0,12.31999969482422,19.799999237060547
5653.0,11.859999656677246,19.81999969482422
5654.0,12.220000267028809,19.520000457763672
5655.0,12.119999885559082,19.31999969482422
5656.0,11.739999771118164,19.440000534057617
5657.0,11.880000114440918,19.65999984741211
5658.0,11.81999969482422,19.600000381469727
5659.0,11.220000267028809,19.63999938964844
5660.0,11.65999984741211,19.26000022888184
5661.0,11.84000015258789,19.6200008392334
5662.0,12.020000457763672,19.520000457763672
5663.0,12.520000457763672,19.600000381469727
5664.0,12.100000381469728,19.479999542236328
5665.0,11.140000343322754,19.420000076293945
5666.0,12.239999771118164,19.36000061035156
5667.0,11.760000228881836,19.239999771118164
5668.0,11.899999618530272,19.479999542236328
5669.0,11.899999618530272,19.540000915527344
5670.0,11.880000114440918,19.600000381469727
5671.0,12.399999618530272,19.600000381469727
5672.0,,19.600000381469727
5673.0,12.31999969482422,19.520000457763672
5674.0,,19.5
5675.0,12.279999732971191,19.559999465942383
5676.0,11.800000190734863,19.559999465942383
5677.0,12.579999923706056,19.65999984741211
5678.0,12.079999923706056,19.71999931335449
5679.0,12.399999618530272,19.239999771118164
5680.0,,19.420000076293945
5681.0,11.84000015258789,19.440000534057617
5682.0,11.880000114440918,19.299999237060547
5683.0,11.779999732971191,19.200000762939453
5684.0,11.699999809265137,19.18000030517578
5685.0,12.039999961853027,19.520000457763672
5686.0,11.779999732971191,19.600000381469727
5687.0,,19.520000457763672
5688.0,12.15999984741211,19.479999542236328
5689.0,,19.540000915527344
5690.0,11.9399995803833,19.65999984741211
5691.0,,19.86000061035156
5692.0,12.18000030517578,19.600000381469727
5693.0,,19.63999938964844
5694.0,12.020000457763672,19.780000686645508
5695.0,11.84000015258789,19.799999237060547
5696.0,12.0,19.71999931335449
5697.0,11.81999969482422,19.700000762939453
5698.0,11.68000030517578,19.34000015258789
5699.0,11.739999771118164,19.34000015258789
5700.0,,19.3799991607666
5701.0,,19.81999969482422
5702.0,11.380000114440918,19.81999969482422
5703.0,12.720000267028809,18.8799991607666
5704.0,11.640000343322754,19.21999931335449
5705.0,12.18000030517578,19.540000915527344
5706.0,,19.3799991607666
5707.0,,19.799999237060547
5708.0,12.020000457763672,19.540000915527344
5709.0,,19.76000022888184
5710.0,11.699999809265137,19.76000022888184
5711.0,11.81999969482422,19.799999237060547
5712.0,,19.6200008392334
5713.0,11.65999984741211,19.780000686645508
5714.0,12.239999771118164,19.420000076293945
5715.0,,19.81999969482422
5716.0,12.65999984741211,19.979999542236328
5717.0,,19.780000686645508
5718.0,11.9399995803833,19.6200008392334
5719.0,12.380000114440918,20.020000457763672
5720.0,12.260000228881836,19.84000015258789
5721.0,12.579999923706056,19.979999542236328
5722.0,12.619999885559082,19.940000534057617
5723.0,12.859999656677246,19.6200008392334
5724.0,,19.700000762939453
5725.0,12.68000030517578,19.6200008392334
5726.0,13.020000457763672,19.700000762939453
5727.0,,19.559999465942383
5728.0,11.960000038146973,19.739999771118164
5729.0,,19.81999969482422
5730.0,12.720000267028809,19.739999771118164
5731.0,12.300000190734863,19.600000381469727
5732.0,12.199999809265137,19.65999984741211
5733.0,11.399999618530272,19.780000686645508
5734.0,12.220000267028809,19.780000686645508
5735.0,,19.65999984741211
5736.0,11.260000228881836,19.6200008392334
5737.0,12.420000076293944,19.81999969482422
5738.0,,19.780000686645508
5739.0,,19.780000686645508
5740.0,,19.76000022888184
5741.0,11.5600004196167,19.8799991607666
5742.0,11.619999885559082,19.71999931335449
5743.0,12.079999923706056,19.71999931335449
5744.0,12.279999732971191,19.700000762939453
5745.0,12.34000015258789,19.34000015258789
5746.0,11.600000381469728,19.799999237060547
5747.0,11.960000038146973,19.540000915527344
5748.0,12.479999542236328,19.8799991607666
5749.0,12.18000030517578,19.76000022888184
5750.0,12.220000267028809,19.76000022888184
5751.0,12.18000030517578,19.63999938964844
5752.0,12.15999984741211,19.559999465942383
5753.0,12.300000190734863,19.76000022888184
5754.0,12.260000228881836,19.86000061035156
5755.0,12.18000030517578,19.71999931335449
5756.0,,19.540000915527344
5757.0,12.68000030517578,19.76000022888184
5758.0,11.960000038146973,19.3799991607666
5759.0,12.920000076293944,19.420000076293945
5760.0,11.979999542236328,19.68000030517578
5761.0,,19.780000686645508
5762.0,12.899999618530272,19.700000762939453
5763.0,11.619999885559082,19.76000022888184
5764.0,12.279999732971191,19.540000915527344
5765.0,11.420000076293944,19.739999771118164
5766.0,12.579999923706056,19.780000686645508
5767.0,12.5600004196167,19.81999969482422
5768.0,12.359999656677246,19.700000762939453
5769.0,12.34000015258789,19.65999984741211
5770.0,12.420000076293944,19.81999969482422
5771.0,12.4399995803833,19.6200008392334
5772.0,,19.76000022888184
5773.0,12.779999732971191,19.71999931335449
5774.0,11.960000038146973,19.459999084472656
5775.0,12.399999618530272,19.71999931335449
5776.0,,19.68000030517578
5777.0,11.960000038146973,19.71999931335449
5778.0,12.0600004196167,19.76000022888184
5779.0,,19.8799991607666
5780.0,12.260000228881836,19.81999969482422
5781.0,,19.700000762939453
5782.0,12.5,19.71999931335449
5783.0,11.84000015258789,19.76000022888184
5784.0,12.420000076293944,19.5
5785.0,12.18000030517578,19.81999969482422
5786.0,11.880000114440918,19.780000686645508
5787.0,,19.89999961853028
5788.0,12.460000038146973,19.76000022888184
5789.0,,19.780000686645508
5790.0,11.979999542236328,19.700000762939453
5791.0,12.0600004196167,19.8799991607666
5792.0,12.18000030517578,19.799999237060547
5793.0,11.9399995803833,19.84000015258789
5794.0,12.0,19.739999771118164
5795.0,12.380000114440918,19.559999465942383
5796.0,12.380000114440918,19.459999084472656
5797.0,12.300000190734863,19.540000915527344
5798.0,12.5,19.799999237060547
5799.0,12.899999618530272,19.940000534057617
5800.0,12.0600004196167,19.81999969482422
5801.0,12.31999969482422,19.63999938964844
5802.0,12.300000190734863,19.700000762939453
5803.0,12.140000343322754,19.600000381469727
5804.0,12.0600004196167,19.600000381469727
5805.0,12.039999961853027,19.6200008392334
5806.0,12.119999885559082,19.780000686645508
5807.0,12.18000030517578,19.799999237060547
5808.0,12.5,19.86000061035156
5809.0,12.520000457763672,19.68000030517578
5810.0,12.34000015258789,19.780000686645508
5811.0,12.399999618530272,19.81999969482422
5812.0,12.239999771118164,19.799999237060547
5813.0,12.020000457763672,19.63999938964844
5814.0,12.15999984741211,19.700000762939453
5815.0,12.279999732971191,19.559999465942383
5816.0,11.9399995803833,19.520000457763672
5817.0,12.18000030517578,19.700000762939453
5818.0,11.859999656677246,19.700000762939453
5819.0,12.579999923706056,19.780000686645508
5820.0,11.739999771118164,19.940000534057617
5821.0,11.479999542236328,19.940000534057617
5822.0,11.720000267028809,19.84000015258789
5823.0,11.68000030517578,19.86000061035156
5824.0,,19.89999961853028
5825.0,12.100000381469728,19.940000534057617
5826.0,12.220000267028809,19.940000534057617
5827.0,11.699999809265137,19.959999084472656
5828.0,11.979999542236328,19.920000076293945
5829.0,11.960000038146973,20.07999992370605
5830.0,12.34000015258789,19.86000061035156
5831.0,11.9399995803833,19.84000015258789
5832.0,12.079999923706056,19.86000061035156
5833.0,12.199999809265137,19.920000076293945
5834.0,12.079999923706056,19.86000061035156
5835.0,12.119999885559082,19.86000061035156
5836.0,,20.07999992370605
5837.0,12.300000190734863,20.1200008392334
5838.0,12.380000114440918,20.0
5839.0,12.18000030517578,19.979999542236328
5840.0,12.380000114440918,19.940000534057617
5841.0,12.0,19.8799991607666
5842.0,11.539999961853027,20.040000915527344
5843.0,12.359999656677246,20.059999465942383
5844.0,11.760000228881836,19.920000076293945
5845.0,11.84000015258789,19.8799991607666
5846.0,11.779999732971191,19.520000457763672
5847.0,11.960000038146973,19.8799991607666
5848.0,11.979999542236328,20.040000915527344
5849.0,12.65999984741211,19.8799991607666
5850.0,12.0,20.059999465942383
5851.0,12.0600004196167,19.8799991607666
5852.0,12.0,19.799999237060547
5853.0,11.5600004196167,19.71999931335449
5854.0,11.699999809265137,19.57999992370605
5855.0,12.5,19.65999984741211
5856.0,11.65999984741211,19.540000915527344
5857.0,11.800000190734863,19.86000061035156
5858.0,12.18000030517578,20.020000457763672
5859.0,11.699999809265137,20.020000457763672
5860.0,12.140000343322754,20.0
5861.0,11.760000228881836,20.07999992370605
5862.0,12.079999923706056,20.100000381469727
5863.0,11.979999542236328,20.040000915527344
5864.0,11.720000267028809,20.07999992370605
5865.0,11.68000030517578,20.059999465942383
5866.0,11.9399995803833,19.959999084472656
5867.0,12.020000457763672,19.8799991607666
5868.0,11.979999542236328,19.8799991607666
5869.0,12.020000457763672,19.979999542236328
5870.0,11.800000190734863,19.920000076293945
5871.0,12.239999771118164,19.920000076293945
5872.0,12.34000015258789,19.979999542236328
5873.0,12.359999656677246,19.920000076293945
5874.0,,19.959999084472656
5875.0,11.84000015258789,19.84000015258789
5876.0,,20.0
5877.0,11.859999656677246,19.81999969482422
5878.0,11.859999656677246,19.81999969482422
5879.0,11.779999732971191,19.84000015258789
5880.0,12.119999885559082,19.920000076293945
5881.0,12.239999771118164,19.959999084472656
5882.0,12.300000190734863,19.8799991607666
5883.0,,19.8799991607666
5884.0,12.81999969482422,19.89999961853028
5885.0,,20.020000457763672
5886.0,12.699999809265137,19.65999984741211
5887.0,12.5,20.040000915527344
5888.0,12.260000228881836,19.239999771118164
5889.0,12.119999885559082,19.84000015258789
5890.0,12.18000030517578,19.520000457763672
5891.0,12.079999923706056,19.84000015258789
5892.0,12.039999961853027,19.780000686645508
5893.0,11.899999618530272,19.600000381469727
5894.0,11.920000076293944,19.3799991607666
5895.0,11.920000076293944,19.979999542236328
5896.0,11.84000015258789,19.86000061035156
5897.0,12.039999961853027,20.059999465942383
5898.0,11.920000076293944,20.100000381469727
5899.0,11.420000076293944,20.0
5900.0,12.579999923706056,20.1200008392334
5901.0,11.359999656677246,19.959999084472656
5902.0,11.5600004196167,20.15999984741211
5903.0,12.300000190734863,19.940000534057617
5904.0,,20.100000381469727
5905.0,,20.34000015258789
5906.0,,20.239999771118164
5907.0,12.18000030517578,20.07999992370605
5908.0,12.579999923706056,19.81999969482422
5909.0,12.18000030517578,19.780000686645508
5910.0,11.800000190734863,19.940000534057617
5911.0,11.31999969482422,19.440000534057617
5912.0,12.34000015258789,19.799999237060547
5913.0,12.380000114440918,20.299999237060547
5914.0,11.460000038146973,19.780000686645508
5915.0,12.960000038146973,19.81999969482422
5916.0,12.140000343322754,19.81999969482422
5917.0,12.039999961853027,19.8799991607666
5918.0,11.739999771118164,19.959999084472656
5919.0,11.699999809265137,19.979999542236328
5920.0,12.100000381469728,19.959999084472656
5921.0,12.279999732971191,19.940000534057617
5922.0,12.18000030517578,19.76000022888184
5923.0,12.0600004196167,20.040000915527344
5924.0,12.460000038146973,20.020000457763672
5925.0,12.119999885559082,19.940000534057617
5926.0,,20.040000915527344
5927.0,11.760000228881836,19.89999961853028
5928.0,12.760000228881836,19.8799991607666
5929.0,12.15999984741211,19.920000076293945
5930.0,12.859999656677246,19.940000534057617
5931.0,,19.940000534057617
5932.0,12.84000015258789,20.1200008392334
5933.0,,19.76000022888184
5934.0,,19.940000534057617
5935.0,12.300000190734863,19.780000686645508
5936.0,,19.780000686645508
5937.0,12.65999984741211,19.780000686645508
5938.0,12.039999961853027,19.700000762939453
5939.0,12.65999984741211,19.700000762939453
5940.0,,20.07999992370605
5941.0,,19.84000015258789
5942.0,11.899999618530272,19.540000915527344
5943.0,11.960000038146973,19.71999931335449
5944.0,,19.8799991607666
5945.0,12.079999923706056,19.940000534057617
5946.0,,19.21999931335449
5947.0,12.34000015258789,19.8799991607666
5948.0,,19.739999771118164
5949.0,,19.8799991607666
5950.0,,19.739999771118164
5951.0,11.9399995803833,19.8799991607666
5952.0,,19.920000076293945
5953.0,12.0600004196167,19.600000381469727
5954.0,11.880000114440918,19.84000015258789
5955.0,,19.739999771118164
5956.0,,19.68000030517578
5957.0,,19.68000030517578
5958.0,,19.440000534057617
5959.0,12.960000038146973,19.440000534057617
5960.0,12.260000228881836,19.600000381469727
5961.0,12.779999732971191,19.86000061035156
5962.0,,20.059999465942383
5963.0,12.020000457763672,20.07999992370605
5964.0,12.600000381469728,20.059999465942383
5965.0,,20.07999992370605
5966.0,12.15999984741211,20.21999931335449
5967.0,12.260000228881836,20.21999931335449
5968.0,11.960000038146973,20.26000022888184
5969.0,12.18000030517578,20.18000030517578
5970.0,12.0,20.13999938964844
5971.0,11.960000038146973,20.13999938964844
5972.0,12.720000267028809,20.13999938964844
5973.0,12.039999961853027,20.299999237060547
5974.0,11.880000114440918,20.07999992370605
5975.0,12.539999961853027,20.13999938964844
5976.0,12.380000114440918,20.040000915527344
5977.0,13.0,19.86000061035156
5978.0,13.0,20.299999237060547
5979.0,11.9399995803833,20.21999931335449
5980.0,11.960000038146973,20.1200008392334
5981.0,11.9399995803833,20.200000762939453
5982.0,12.619999885559082,20.239999771118164
5983.0,11.640000343322754,20.239999771118164
5984.0,12.359999656677246,20.3799991607666
5985.0,12.420000076293944,20.559999465942383
5986.0,,20.959999084472656
5987.0,12.84000015258789,20.76000022888184
5988.0,12.520000457763672,20.6200008392334
5989.0,12.359999656677246,20.520000457763672
5990.0,11.779999732971191,19.920000076293945
5991.0,12.34000015258789,20.420000076293945
5992.0,12.579999923706056,20.65999984741211
5993.0,12.880000114440918,20.15999984741211
5994.0,12.920000076293944,20.07999992370605
5995.0,12.579999923706056,20.200000762939453
5996.0,12.399999618530272,20.13999938964844
5997.0,12.5,20.1200008392334
5998.0,12.600000381469728,20.07999992370605
5999.0,12.279999732971191,20.299999237060547
6000.0,11.699999809265137,20.479999542236328
6001.0,,20.15999984741211
6002.0,12.100000381469728,20.13999938964844
6003.0,,20.5
6004.0,11.960000038146973,20.420000076293945
6005.0,12.140000343322754,20.15999984741211
6006.0,12.760000228881836,20.18000030517578
6007.0,12.5600004196167,20.459999084472656
6008.0,12.420000076293944,20.420000076293945
6009.0,12.65999984741211,20.39999961853028
6010.0,12.260000228881836,20.459999084472656
6011.0,,20.459999084472656
6012.0,11.960000038146973,20.299999237060547
6013.0,12.760000228881836,20.239999771118164
6014.0,11.380000114440918,20.21999931335449
6015.0,12.15999984741211,20.15999984741211
6016.0,12.079999923706056,20.07999992370605
6017.0,,20.200000762939453
6018.0,,20.21999931335449
6019.0,11.359999656677246,20.15999984741211
6020.0,13.119999885559082,20.15999984741211
6021.0,11.640000343322754,20.239999771118164
6022.0,12.380000114440918,20.1200008392334
6023.0,12.479999542236328,20.239999771118164
6024.0,12.600000381469728,20.239999771118164
6025.0,12.5,20.3799991607666
6026.0,12.300000190734863,19.8799991607666
6027.0,12.220000267028809,20.520000457763672
6028.0,12.300000190734863,20.57999992370605
6029.0,12.600000381469728,20.200000762939453
6030.0,12.399999618530272,20.440000534057617
6031.0,12.34000015258789,20.21999931335449
6032.0,12.4399995803833,20.26000022888184
6033.0,12.34000015258789,20.200000762939453
6034.0,12.0600004196167,20.299999237060547
6035.0,13.140000343322754,20.57999992370605
6036.0,,20.86000061035156
6037.0,12.65999984741211,20.520000457763672
6038.0,11.979999542236328,20.559999465942383
6039.0,12.5,20.34000015258789
6040.0,12.880000114440918,20.520000457763672
6041.0,,20.520000457763672
6042.0,12.859999656677246,20.5
6043.0,12.380000114440918,19.979999542236328
6044.0,12.220000267028809,20.34000015258789
6045.0,13.100000381469728,20.020000457763672
6046.0,12.979999542236328,19.920000076293945
6047.0,12.800000190734863,20.020000457763672
6048.0,12.81999969482422,20.200000762939453
6049.0,12.760000228881836,20.040000915527344
6050.0,12.020000457763672,20.07999992370605
6051.0,12.460000038146973,20.15999984741211
6052.0,12.039999961853027,20.200000762939453
6053.0,12.18000030517578,20.600000381469727
6054.0,12.279999732971191,20.34000015258789
6055.0,12.220000267028809,19.700000762939453
6056.0,12.640000343322754,20.200000762939453
6057.0,12.420000076293944,20.420000076293945
6058.0,12.579999923706056,20.07999992370605
6059.0,12.5600004196167,19.68000030517578
6060.0,12.380000114440918,19.959999084472656
6061.0,12.34000015258789,20.36000061035156
6062.0,12.31999969482422,19.6200008392334
6063.0,12.279999732971191,19.6200008392334
6064.0,12.4399995803833,19.5
6065.0,12.300000190734863,19.940000534057617
6066.0,12.399999618530272,20.459999084472656
6067.0,12.81999969482422,20.540000915527344
6068.0,12.880000114440918,20.479999542236328
6069.0,12.720000267028809,20.959999084472656
6070.0,12.34000015258789,20.71999931335449
6071.0,12.81999969482422,20.31999969482422
6072.0,12.880000114440918,20.57999992370605
6073.0,12.5600004196167,20.559999465942383
6074.0,12.420000076293944,20.5
6075.0,12.279999732971191,20.540000915527344
6076.0,13.140000343322754,20.459999084472656
6077.0,12.31999969482422,20.479999542236328
6078.0,12.600000381469728,20.07999992370605
6079.0,12.760000228881836,20.26000022888184
6080.0,13.300000190734863,20.34000015258789
6081.0,12.859999656677246,20.520000457763672
6082.0,12.399999618530272,20.57999992370605
6083.0,12.84000015258789,20.239999771118164
6084.0,12.65999984741211,20.13999938964844
6085.0,12.199999809265137,20.739999771118164
6086.0,12.899999618530272,20.280000686645508
6087.0,12.699999809265137,20.5
6088.0,12.899999618530272,20.280000686645508
6089.0,13.0600004196167,20.299999237060547
6090.0,12.520000457763672,20.520000457763672
6091.0,12.579999923706056,20.459999084472656
6092.0,12.640000343322754,20.31999969482422
6093.0,12.34000015258789,20.26000022888184
6094.0,12.4399995803833,20.479999542236328
6095.0,12.460000038146973,20.39999961853028
6096.0,12.460000038146973,20.26000022888184
6097.0,12.479999542236328,20.26000022888184
6098.0,12.479999542236328,19.739999771118164
6099.0,12.479999542236328,19.89999961853028
6100.0,12.460000038146973,20.200000762939453
6101.0,12.420000076293944,20.200000762939453
6102.0,12.720000267028809,20.459999084472656
6103.0,12.539999961853027,20.5
6104.0,12.600000381469728,20.739999771118164
6105.0,12.199999809265137,20.26000022888184
6106.0,12.220000267028809,20.31999969482422
6107.0,12.18000030517578,20.420000076293945
6108.0,12.18000030517578,20.520000457763672
6109.0,11.84000015258789,20.57999992370605
6110.0,12.239999771118164,20.459999084472656
6111.0,12.220000267028809,20.68000030517578
6112.0,12.15999984741211,20.68000030517578
6113.0,11.720000267028809,20.6200008392334
6114.0,12.18000030517578,20.5
6115.0,11.68000030517578,20.81999969482422
6116.0,12.380000114440918,21.15999984741211
6117.0,12.039999961853027,20.65999984741211
6118.0,12.420000076293944,20.84000015258789
6119.0,12.5,20.600000381469727
6120.0,12.460000038146973,20.940000534057617
6121.0,12.15999984741211,20.920000076293945
6122.0,12.34000015258789,21.18000030517578
6123.0,12.18000030517578,21.18000030517578
6124.0,12.119999885559082,21.31999969482422
6125.0,12.140000343322754,21.239999771118164
6126.0,12.239999771118164,21.059999465942383
6127.0,12.5600004196167,20.76000022888184
6128.0,12.800000190734863,20.65999984741211
6129.0,11.699999809265137,20.540000915527344
6130.0,12.779999732971191,20.420000076293945
6131.0,,20.57999992370605
6132.0,12.239999771118164,20.540000915527344
6133.0,12.420000076293944,20.68000030517578
6134.0,12.380000114440918,20.3799991607666
6135.0,12.31999969482422,20.6200008392334
6136.0,12.5,20.739999771118164
6137.0,12.579999923706056,20.739999771118164
6138.0,12.579999923706056,20.739999771118164
6139.0,12.460000038146973,20.6200008392334
6140.0,12.140000343322754,20.76000022888184
6141.0,12.520000457763672,20.540000915527344
6142.0,12.520000457763672,20.459999084472656
6143.0,12.34000015258789,20.520000457763672
6144.0,11.960000038146973,20.6200008392334
6145.0,12.619999885559082,20.21999931335449
6146.0,,20.479999542236328
6147.0,12.239999771118164,20.34000015258789
6148.0,12.18000030517578,20.200000762939453
6149.0,12.520000457763672,20.21999931335449
6150.0,12.600000381469728,20.36000061035156
6151.0,12.279999732971191,20.540000915527344
6152.0,12.460000038146973,20.520000457763672
6153.0,12.420000076293944,20.479999542236328
6154.0,12.199999809265137,20.520000457763672
6155.0,12.399999618530272,20.57999992370605
6156.0,12.15999984741211,20.540000915527344
6157.0,12.279999732971191,20.26000022888184
6158.0,12.0600004196167,20.299999237060547
6159.0,12.300000190734863,20.57999992370605
6160.0,12.300000190734863,20.57999992370605
6161.0,12.5600004196167,20.520000457763672
6162.0,12.420000076293944,20.440000534057617
6163.0,12.539999961853027,20.420000076293945
6164.0,11.720000267028809,20.479999542236328
6165.0,12.880000114440918,20.520000457763672
6166.0,12.420000076293944,20.420000076293945
6167.0,12.359999656677246,20.420000076293945
6168.0,12.460000038146973,20.520000457763672
6169.0,12.31999969482422,20.3799991607666
6170.0,12.4399995803833,20.299999237060547
6171.0,12.039999961853027,20.3799991607666
6172.0,12.18000030517578,20.31999969482422
6173.0,12.880000114440918,20.13999938964844
6174.0,12.279999732971191,20.100000381469727
6175.0,12.579999923706056,20.31999969482422
6176.0,11.960000038146973,20.39999961853028
6177.0,12.579999923706056,20.36000061035156
6178.0,12.079999923706056,20.420000076293945
6179.0,12.420000076293944,20.459999084472656
6180.0,12.600000381469728,20.420000076293945
6181.0,12.520000457763672,20.5
6182.0,,20.3799991607666
6183.0,11.640000343322754,20.26000022888184
6184.0,11.800000190734863,20.520000457763672
6185.0,12.460000038146973,20.479999542236328
6186.0,11.779999732971191,20.36000061035156
6187.0,12.15999984741211,20.459999084472656
6188.0,12.300000190734863,20.239999771118164
6189.0,12.020000457763672,20.31999969482422
6190.0,12.619999885559082,20.26000022888184
6191.0,12.31999969482422,20.3799991607666
6192.0,12.5,20.479999542236328
6193.0,12.34000015258789,20.280000686645508
6194.0,12.15999984741211,20.57999992370605
6195.0,12.720000267028809,20.39999961853028
6196.0,12.18000030517578,20.280000686645508
6197.0,12.279999732971191,19.959999084472656
6198.0,12.31999969482422,20.15999984741211
6199.0,12.199999809265137,20.420000076293945
6200.0,12.220000267028809,20.5
6201.0,12.359999656677246,20.39999961853028
6202.0,12.079999923706056,20.420000076293945
6203.0,12.279999732971191,20.15999984741211
6204.0,12.420000076293944,20.34000015258789
6205.0,12.739999771118164,20.68000030517578
6206.0,12.5,20.68000030517578
6207.0,12.5600004196167,20.5
6208.0,12.34000015258789,20.559999465942383
6209.0,12.260000228881836,20.71999931335449
6210.0,12.34000015258789,20.739999771118164
6211.0,12.0,20.5
6212.0,12.260000228881836,20.5
6213.0,12.460000038146973,20.479999542236328
6214.0,12.020000457763672,20.5
6215.0,12.279999732971191,20.239999771118164
6216.0,12.260000228881836,20.420000076293945
6217.0,12.720000267028809,20.520000457763672
6218.0,13.020000457763672,20.459999084472656
6219.0,12.81999969482422,20.479999542236328
6220.0,12.779999732971191,20.459999084472656
6221.0,12.720000267028809,20.57999992370605
6222.0,12.979999542236328,20.5
6223.0,12.119999885559082,20.34000015258789
6224.0,12.199999809265137,20.3799991607666
6225.0,12.220000267028809,20.479999542236328
6226.0,12.199999809265137,20.39999961853028
6227.0,12.15999984741211,20.3799991607666
6228.0,12.239999771118164,20.39999961853028
6229.0,12.260000228881836,20.440000534057617
6230.0,12.260000228881836,20.34000015258789
6231.0,12.380000114440918,20.700000762939453
6232.0,12.220000267028809,20.57999992370605
6233.0,12.460000038146973,20.3799991607666
6234.0,12.199999809265137,20.540000915527344
6235.0,12.039999961853027,20.26000022888184
6236.0,11.68000030517578,20.39999961853028
6237.0,12.420000076293944,20.479999542236328
6238.0,11.65999984741211,20.65999984741211
6239.0,12.239999771118164,20.65999984741211
6240.0,12.31999969482422,20.3799991607666
6241.0,,20.5
6242.0,,20.559999465942383
6243.0,,20.479999542236328
6244.0,11.520000457763672,20.5
6245.0,12.31999969482422,20.479999542236328
6246.0,12.220000267028809,20.540000915527344
6247.0,12.300000190734863,20.21999931335449
6248.0,12.420000076293944,20.39999961853028
6249.0,12.199999809265137,20.5
6250.0,12.539999961853027,20.020000457763672
6251.0,12.079999923706056,20.15999984741211
6252.0,12.279999732971191,20.26000022888184
6253.0,12.479999542236328,20.21999931335449
6254.0,12.239999771118164,20.100000381469727
6255.0,12.119999885559082,20.34000015258789
6256.0,12.119999885559082,20.5
6257.0,12.140000343322754,20.739999771118164
6258.0,12.399999618530272,19.979999542236328
6259.0,11.859999656677246,20.3799991607666
6260.0,12.4399995803833,20.76000022888184
6261.0,12.420000076293944,20.68000030517578
6262.0,12.600000381469728,20.63999938964844
6263.0,12.880000114440918,20.739999771118164
6264.0,11.699999809265137,20.540000915527344
6265.0,12.539999961853027,20.71999931335449
6266.0,,20.68000030517578
6267.0,12.760000228881836,20.799999237060547
6268.0,12.720000267028809,20.76000022888184
6269.0,12.520000457763672,20.780000686645508
6270.0,12.300000190734863,20.780000686645508
6271.0,12.380000114440918,21.0
6272.0,12.220000267028809,20.700000762939453
6273.0,13.0600004196167,20.540000915527344
6274.0,12.119999885559082,20.559999465942383
6275.0,12.5,20.780000686645508
6276.0,12.399999618530272,20.600000381469727
6277.0,12.359999656677246,20.520000457763672
6278.0,12.5,20.57999992370605
6279.0,12.920000076293944,20.57999992370605
6280.0,12.359999656677246,20.76000022888184
6281.0,12.5,20.520000457763672
6282.0,12.720000267028809,20.65999984741211
6283.0,13.100000381469728,20.600000381469727
6284.0,12.899999618530272,20.6200008392334
6285.0,12.699999809265137,20.57999992370605
6286.0,12.5600004196167,20.520000457763672
6287.0,,20.65999984741211
6288.0,12.020000457763672,20.799999237060547
6289.0,,20.68000030517578
6290.0,13.079999923706056,20.6200008392334
6291.0,11.720000267028809,20.780000686645508
6292.0,,20.84000015258789
6293.0,,20.68000030517578
6294.0,11.699999809265137,20.6200008392334
6295.0,,20.57999992370605
6296.0,12.34000015258789,20.84000015258789
6297.0,12.220000267028809,20.8799991607666
6298.0,12.31999969482422,20.81999969482422
6299.0,12.640000343322754,20.799999237060547
6300.0,,20.84000015258789
6301.0,12.600000381469728,20.8799991607666
6302.0,13.380000114440918,20.63999938964844
6303.0,13.140000343322754,20.700000762939453
6304.0,12.579999923706056,20.780000686645508
6305.0,12.420000076293944,20.63999938964844
6306.0,12.359999656677246,20.559999465942383
6307.0,12.4399995803833,20.239999771118164
6308.0,12.460000038146973,20.440000534057617
6309.0,12.279999732971191,20.6200008392334
6310.0,12.5,20.299999237060547
6311.0,12.5600004196167,20.020000457763672
6312.0,12.4399995803833,20.739999771118164
6313.0,12.4399995803833,20.739999771118164
6314.0,12.920000076293944,20.559999465942383
6315.0,12.84000015258789,20.71999931335449
6316.0,12.640000343322754,20.86000061035156
6317.0,12.779999732971191,20.86000061035156
6318.0,12.5600004196167,20.57999992370605
6319.0,12.9399995803833,20.68000030517578
6320.0,12.920000076293944,20.780000686645508
6321.0,13.020000457763672,20.799999237060547
6322.0,12.65999984741211,20.739999771118164
6323.0,12.579999923706056,20.81999969482422
6324.0,12.619999885559082,20.84000015258789
6325.0,13.0600004196167,20.71999931335449
6326.0,13.199999809265137,20.739999771118164
6327.0,,20.89999961853028
6328.0,12.65999984741211,21.13999938964844
6329.0,12.739999771118164,20.780000686645508
6330.0,12.420000076293944,20.89999961853028
6331.0,11.859999656677246,20.89999961853028
6332.0,12.81999969482422,20.76000022888184
6333.0,12.720000267028809,20.780000686645508
6334.0,12.579999923706056,20.71999931335449
6335.0,12.920000076293944,20.780000686645508
6336.0,12.5600004196167,20.6200008392334
6337.0,,20.600000381469727
6338.0,12.640000343322754,20.89999961853028
6339.0,12.579999923706056,20.8799991607666
6340.0,12.779999732971191,20.780000686645508
6341.0,12.619999885559082,20.76000022888184
6342.0,12.619999885559082,20.68000030517578
6343.0,12.899999618530272,20.780000686645508
6344.0,12.9399995803833,20.780000686645508
6345.0,12.380000114440918,20.799999237060547
6346.0,12.539999961853027,20.8799991607666
6347.0,12.640000343322754,20.600000381469727
6348.0,12.65999984741211,20.700000762939453
6349.0,12.760000228881836,20.07999992370605
6350.0,12.65999984741211,20.520000457763672
6351.0,13.34000015258789,20.520000457763672
6352.0,12.720000267028809,20.600000381469727
6353.0,13.31999969482422,20.71999931335449
6354.0,11.720000267028809,20.799999237060547
6355.0,11.9399995803833,20.84000015258789
6356.0,11.699999809265137,20.76000022888184
6357.0,12.380000114440918,20.8799991607666
6358.0,12.079999923706056,20.799999237060547
6359.0,12.899999618530272,20.780000686645508
6360.0,12.15999984741211,20.76000022888184
6361.0,12.739999771118164,20.81999969482422
6362.0,12.739999771118164,20.81999969482422
6363.0,12.579999923706056,20.84000015258789
6364.0,12.739999771118164,20.780000686645508
6365.0,12.119999885559082,20.420000076293945
6366.0,13.100000381469728,20.89999961853028
6367.0,12.5600004196167,20.63999938964844
6368.0,12.619999885559082,20.5
6369.0,12.739999771118164,20.780000686645508
6370.0,13.18000030517578,20.239999771118164
6371.0,12.65999984741211,20.459999084472656
6372.0,,20.280000686645508
6373.0,12.68000030517578,20.5
6374.0,12.579999923706056,20.559999465942383
6375.0,12.579999923706056,20.239999771118164
6376.0,12.880000114440918,20.280000686645508
6377.0,12.81999969482422,20.239999771118164
6378.0,12.899999618530272,20.26000022888184
6379.0,13.119999885559082,20.420000076293945
6380.0,13.4399995803833,20.81999969482422
6381.0,13.119999885559082,20.780000686645508
6382.0,13.18000030517578,20.940000534057617
6383.0,12.520000457763672,20.979999542236328
6384.0,12.579999923706056,20.739999771118164
6385.0,13.140000343322754,21.1200008392334
6386.0,13.34000015258789,21.0
6387.0,13.4399995803833,21.15999984741211
6388.0,12.220000267028809,21.059999465942383
6389.0,12.199999809265137,20.739999771118164
6390.0,13.15999984741211,20.979999542236328
6391.0,12.800000190734863,21.100000381469727
6392.0,12.619999885559082,21.100000381469727
6393.0,12.880000114440918,21.020000457763672
6394.0,12.739999771118164,21.440000534057617
6395.0,13.300000190734863,21.31999969482422
6396.0,12.960000038146973,21.26000022888184
6397.0,13.359999656677246,21.059999465942383
6398.0,13.300000190734863,20.86000061035156
6399.0,13.119999885559082,20.86000061035156
6400.0,13.619999885559082,20.780000686645508
6401.0,12.800000190734863,20.780000686645508
6402.0,12.979999542236328,20.07999992370605
6403.0,12.720000267028809,20.459999084472656
6404.0,12.84000015258789,20.36000061035156
6405.0,12.579999923706056,20.68000030517578
6406.0,,20.780000686645508
6407.0,13.15999984741211,20.780000686645508
6408.0,13.079999923706056,20.81999969482422
6409.0,13.699999809265137,21.18000030517578
6410.0,13.380000114440918,20.8799991607666
6411.0,13.239999771118164,20.65999984741211
6412.0,12.859999656677246,20.84000015258789
6413.0,12.68000030517578,20.84000015258789
6414.0,12.81999969482422,20.780000686645508
6415.0,12.460000038146973,20.780000686645508
6416.0,12.81999969482422,21.100000381469727
6417.0,12.81999969482422,21.040000915527344
6418.0,,20.8799991607666
6419.0,,20.8799991607666
6420.0,12.720000267028809,20.89999961853028
6421.0,12.81999969482422,21.0
6422.0,12.34000015258789,20.84000015258789
6423.0,11.859999656677246,20.959999084472656
6424.0,12.65999984741211,21.280000686645508
6425.0,12.34000015258789,21.020000457763672
6426.0,,20.89999961853028
6427.0,13.100000381469728,21.3799991607666
6428.0,12.779999732971191,21.15999984741211
6429.0,12.079999923706056,21.15999984741211
6430.0,,21.13999938964844
6431.0,13.420000076293944,21.21999931335449
6432.0,12.65999984741211,21.07999992370605
6433.0,13.5600004196167,21.200000762939453
6434.0,12.81999969482422,21.239999771118164
6435.0,12.460000038146973,21.21999931335449
6436.0,12.539999961853027,21.299999237060547
6437.0,,21.239999771118164
6438.0,12.5600004196167,21.21999931335449
6439.0,13.140000343322754,21.059999465942383
6440.0,12.739999771118164,21.040000915527344
6441.0,13.079999923706056,21.26000022888184
6442.0,12.920000076293944,21.200000762939453
6443.0,13.039999961853027,21.020000457763672
6444.0,12.65999984741211,21.07999992370605
6445.0,12.520000457763672,21.0
6446.0,12.399999618530272,20.89999961853028
6447.0,11.779999732971191,20.68000030517578
6448.0,12.520000457763672,20.739999771118164
6449.0,,20.739999771118164
6450.0,12.380000114440918,20.81999969482422
6451.0,12.399999618530272,20.76000022888184
6452.0,,20.799999237060547
6453.0,12.739999771118164,21.1200008392334
6454.0,12.279999732971191,20.84000015258789
6455.0,12.399999618530272,20.65999984741211
6456.0,12.31999969482422,20.65999984741211
6457.0,12.4399995803833,20.700000762939453
6458.0,12.579999923706056,20.89999961853028
6459.0,13.039999961853027,21.100000381469727
6460.0,13.220000267028809,21.07999992370605
6461.0,12.779999732971191,21.020000457763672
6462.0,12.039999961853027,20.89999961853028
6463.0,12.9399995803833,21.299999237060547
6464.0,,20.940000534057617
6465.0,12.81999969482422,21.26000022888184
6466.0,12.420000076293944,21.239999771118164
6467.0,12.260000228881836,21.299999237060547
6468.0,12.600000381469728,21.21999931335449
6469.0,12.65999984741211,21.239999771118164
6470.0,13.300000190734863,21.07999992370605
6471.0,12.579999923706056,20.84000015258789
6472.0,11.9399995803833,21.07999992370605
6473.0,,21.059999465942383
6474.0,13.260000228881836,21.479999542236328
6475.0,13.4399995803833,21.479999542236328
6476.0,13.619999885559082,20.940000534057617
6477.0,12.460000038146973,20.920000076293945
6478.0,13.460000038146973,20.940000534057617
6479.0,12.739999771118164,21.1200008392334
6480.0,12.65999984741211,20.920000076293945
6481.0,11.920000076293944,20.940000534057617
6482.0,12.199999809265137,20.940000534057617
6483.0,12.579999923706056,20.600000381469727
6484.0,12.100000381469728,21.059999465942383
6485.0,,20.559999465942383
6486.0,12.65999984741211,20.799999237060547
6487.0,,21.479999542236328
6488.0,,22.1200008392334
6489.0,12.5,21.959999084472656
6490.0,,21.84000015258789
6491.0,12.619999885559082,21.459999084472656
6492.0,12.600000381469728,21.76000022888184
6493.0,13.0,21.5
6494.0,12.300000190734863,21.479999542236328
6495.0,12.579999923706056,21.18000030517578
6496.0,12.460000038146973,21.479999542236328
6497.0,12.579999923706056,22.1200008392334
6498.0,,21.86000061035156
6499.0,12.260000228881836,21.18000030517578
6500.0,12.979999542236328,21.15999984741211
6501.0,12.960000038146973,21.479999542236328
6502.0,13.020000457763672,21.420000076293945
6503.0,13.619999885559082,21.63999938964844
6504.0,13.619999885559082,21.780000686645508
6505.0,12.979999542236328,21.520000457763672
6506.0,,21.18000030517578
6507.0,,20.979999542236328
6508.0,12.81999969482422,21.1200008392334
6509.0,12.18000030517578,21.020000457763672
6510.0,12.460000038146973,21.100000381469727
6511.0,12.68000030517578,21.299999237060547
6512.0,13.619999885559082,21.100000381469727
6513.0,12.800000190734863,21.0
6514.0,13.260000228881836,21.07999992370605
6515.0,,21.040000915527344
6516.0,12.84000015258789,21.239999771118164
6517.0,,21.18000030517578
6518.0,12.5600004196167,21.059999465942383
6519.0,,21.21999931335449
6520.0,12.380000114440918,21.420000076293945
6521.0,12.739999771118164,21.200000762939453
6522.0,13.739999771118164,20.84000015258789
6523.0,12.920000076293944,20.76000022888184
6524.0,12.779999732971191,
6525.0,12.68000030517578,21.0
6526.0,12.84000015258789,21.739999771118164
6527.0,12.880000114440918,21.13999938964844
6528.0,,21.440000534057617
6529.0,,20.65999984741211
6530.0,,21.479999542236328
6531.0,,21.799999237060547
6532.0,12.579999923706056,21.440000534057617
6533.0,,21.239999771118164
6534.0,12.979999542236328,21.479999542236328
6535.0,12.65999984741211,21.18000030517578
6536.0,12.699999809265137,21.18000030517578
6537.0,12.699999809265137,20.920000076293945
6538.0,12.84000015258789,20.920000076293945
6539.0,12.5,21.100000381469727
6540.0,12.65999984741211,20.84000015258789
6541.0,12.579999923706056,21.059999465942383
6542.0,,20.739999771118164
6543.0,12.460000038146973,20.920000076293945
6544.0,,20.940000534057617
6545.0,12.199999809265137,20.65999984741211
6546.0,12.34000015258789,20.84000015258789
6547.0,11.9399995803833,20.739999771118164
6548.0,12.5,20.940000534057617
6549.0,13.119999885559082,20.84000015258789
6550.0,13.0600004196167,20.84000015258789
6551.0,12.779999732971191,20.8799991607666
6552.0,12.9399995803833,21.0
6553.0,,21.0
6554.0,,21.040000915527344
6555.0,,21.299999237060547
6556.0,,21.26000022888184
6557.0,11.880000114440918,21.299999237060547
6558.0,13.0600004196167,21.239999771118164
6559.0,12.859999656677246,21.13999938964844
6560.0,11.979999542236328,21.07999992370605
6561.0,,21.200000762939453
6562.0,13.300000190734863,21.200000762939453
6563.0,,21.31999969482422
6564.0,12.600000381469728,21.13999938964844
6565.0,13.619999885559082,21.1200008392334
6566.0,13.479999542236328,21.0
6567.0,12.920000076293944,21.3799991607666
6568.0,13.640000343322754,21.100000381469727
6569.0,,20.86000061035156
6570.0,12.65999984741211,21.020000457763672
6571.0,,20.89999961853028
6572.0,,20.920000076293945
6573.0,12.979999542236328,21.15999984741211
6574.0,12.899999618530272,21.059999465942383
6575.0,,21.13999938964844
6576.0,,21.18000030517578
6577.0,12.800000190734863,21.100000381469727
6578.0,12.720000267028809,21.020000457763672
6579.0,12.460000038146973,20.89999961853028
6580.0,12.380000114440918,20.84000015258789
6581.0,,20.36000061035156
6582.0,12.880000114440918,21.059999465942383
6583.0,12.300000190734863,21.059999465942383
6584.0,12.81999969482422,21.020000457763672
6585.0,12.65999984741211,21.020000457763672
6586.0,12.720000267028809,21.15999984741211
6587.0,12.640000343322754,20.81999969482422
6588.0,12.920000076293944,21.07999992370605
6589.0,12.760000228881836,20.979999542236328
6590.0,12.420000076293944,20.959999084472656
6591.0,13.0,20.76000022888184
6592.0,12.979999542236328,21.1200008392334
6593.0,12.68000030517578,21.31999969482422
6594.0,12.979999542236328,20.07999992370605
6595.0,,21.21999931335449
6596.0,,21.059999465942383
6597.0,,20.84000015258789
6598.0,,21.040000915527344
6599.0,,21.07999992370605
6600.0,,21.36000061035156
6601.0,13.0600004196167,21.15999984741211
6602.0,11.920000076293944,20.520000457763672
6603.0,12.760000228881836,20.540000915527344
6604.0,12.65999984741211,20.84000015258789
6605.0,12.859999656677246,21.36000061035156
6606.0,12.720000267028809,21.239999771118164
6607.0,12.579999923706056,21.200000762939453
6608.0,12.619999885559082,21.07999992370605
6609.0,12.34000015258789,21.040000915527344
6610.0,12.520000457763672,21.040000915527344
6611.0,12.779999732971191,20.940000534057617
6612.0,,20.81999969482422
6613.0,12.880000114440918,21.020000457763672
6614.0,12.720000267028809,20.700000762939453
6615.0,12.880000114440918,20.36000061035156
6616.0,13.15999984741211,20.68000030517578
6617.0,,20.76000022888184
6618.0,,20.8799991607666
6619.0,,20.84000015258789
6620.0,,20.84000015258789
6621.0,,20.89999961853028
6622.0,12.81999969482422,20.68000030517578
6623.0,13.220000267028809,21.1200008392334
6624.0,13.140000343322754,20.81999969482422
6625.0,12.720000267028809,21.1200008392334
6626.0,12.640000343322754,20.700000762939453
6627.0,12.479999542236328,21.1200008392334
6628.0,12.739999771118164,21.15999984741211
6629.0,,21.020000457763672
6630.0,12.760000228881836,20.979999542236328
6631.0,12.739999771118164,21.040000915527344
6632.0,,21.200000762939453
6633.0,,21.239999771118164
6634.0,,21.3799991607666
6635.0,13.140000343322754,21.239999771118164
6636.0,13.039999961853027,21.13999938964844
6637.0,13.5,21.13999938964844
6638.0,13.300000190734863,21.200000762939453
6639.0,13.079999923706056,21.1200008392334
6640.0,13.31999969482422,21.18000030517578
6641.0,13.199999809265137,20.959999084472656
6642.0,12.739999771118164,21.200000762939453
6643.0,13.100000381469728,21.020000457763672
6644.0,13.039999961853027,21.13999938964844
6645.0,12.720000267028809,21.15999984741211
6646.0,12.880000114440918,21.280000686645508
6647.0,12.859999656677246,20.920000076293945
6648.0,12.800000190734863,21.059999465942383
6649.0,13.039999961853027,21.1200008392334
6650.0,12.65999984741211,20.979999542236328
6651.0,,20.959999084472656
6652.0,12.68000030517578,20.739999771118164
6653.0,12.920000076293944,21.1200008392334
6654.0,12.0,21.6200008392334
6655.0,12.899999618530272,21.13999938964844
6656.0,12.9399995803833,21.15999984741211
6657.0,12.600000381469728,21.21999931335449
6658.0,12.800000190734863,21.18000030517578
6659.0,12.899999618530272,20.959999084472656
6660.0,12.380000114440918,21.15999984741211
6661.0,12.899999618530272,21.31999969482422
6662.0,,21.059999465942383
6663.0,12.520000457763672,21.1200008392334
6664.0,,21.13999938964844
6665.0,12.34000015258789,21.26000022888184
6666.0,12.15999984741211,21.18000030517578
6667.0,,21.26000022888184
6668.0,12.720000267028809,21.299999237060547
6669.0,12.779999732971191,21.200000762939453
6670.0,12.640000343322754,21.1200008392334
6671.0,13.020000457763672,21.15999984741211
6672.0,12.260000228881836,21.34000015258789
6673.0,12.68000030517578,21.3799991607666
6674.0,12.81999969482422,21.479999542236328
6675.0,13.020000457763672,21.299999237060547
6676.0,13.020000457763672,21.479999542236328
6677.0,12.68000030517578,21.420000076293945
6678.0,12.859999656677246,21.299999237060547
6679.0,12.600000381469728,21.299999237060547
6680.0,,21.420000076293945
6681.0,13.479999542236328,21.459999084472656
6682.0,12.920000076293944,21.26000022888184
6683.0,13.020000457763672,21.200000762939453
6684.0,12.859999656677246,21.07999992370605
6685.0,13.260000228881836,21.0
6686.0,13.199999809265137,21.100000381469727
6687.0,13.039999961853027,21.059999465942383
6688.0,13.079999923706056,21.34000015258789
6689.0,13.020000457763672,21.26000022888184
6690.0,13.020000457763672,21.020000457763672
6691.0,12.899999618530272,21.040000915527344
6692.0,12.81999969482422,20.959999084472656
6693.0,,20.84000015258789
6694.0,13.15999984741211,21.100000381469727
6695.0,,20.68000030517578
6696.0,,21.21999931335449
6697.0,,21.420000076293945
6698.0,,21.3799991607666
6699.0,,21.65999984741211
6700.0,,20.76000022888184
6701.0,12.020000457763672,21.18000030517578
6702.0,12.979999542236328,21.459999084472656
6703.0,,20.63999938964844
6704.0,12.81999969482422,20.940000534057617
6705.0,12.460000038146973,21.200000762939453
6706.0,12.300000190734863,21.479999542236328
6707.0,13.140000343322754,20.81999969482422
6708.0,12.960000038146973,21.3799991607666
6709.0,,21.440000534057617
6710.0,13.079999923706056,21.479999542236328
6711.0,13.100000381469728,20.920000076293945
6712.0,13.260000228881836,21.0
6713.0,12.920000076293944,21.1200008392334
6714.0,12.800000190734863,21.13999938964844
6715.0,12.5,21.36000061035156
6716.0,13.31999969482422,21.31999969482422
6717.0,13.619999885559082,21.13999938964844
6718.0,13.0,21.18000030517578
6719.0,13.039999961853027,21.299999237060547
6720.0,12.779999732971191,21.34000015258789
6721.0,12.81999969482422,20.979999542236328
6722.0,12.899999618530272,21.36000061035156
6723.0,13.020000457763672,21.31999969482422
6724.0,13.0600004196167,21.0
6725.0,,21.100000381469727
6726.0,13.31999969482422,20.84000015258789
6727.0,13.15999984741211,20.979999542236328
6728.0,12.579999923706056,20.89999961853028
6729.0,13.020000457763672,21.040000915527344
6730.0,13.119999885559082,21.0
6731.0,12.960000038146973,21.18000030517578
6732.0,12.899999618530272,21.200000762939453
6733.0,,21.420000076293945
6734.0,,21.440000534057617
6735.0,13.579999923706056,21.26000022888184
6736.0,13.420000076293944,21.5
6737.0,12.739999771118164,21.15999984741211
6738.0,12.699999809265137,21.34000015258789
6739.0,12.979999542236328,21.200000762939453
6740.0,13.0600004196167,21.26000022888184
6741.0,,21.26000022888184
6742.0,13.199999809265137,21.1200008392334
6743.0,12.899999618530272,21.200000762939453
6744.0,13.300000190734863,21.299999237060547
6745.0,13.0600004196167,21.299999237060547
6746.0,13.15999984741211,21.479999542236328
6747.0,,21.3799991607666
6748.0,,21.34000015258789
6749.0,,21.239999771118164
6750.0,,21.020000457763672
6751.0,,21.040000915527344
6752.0,13.0,20.89999961853028
6753.0,,21.07999992370605
6754.0,,20.799999237060547
6755.0,12.779999732971191,20.89999961853028
6756.0,12.859999656677246,20.920000076293945
6757.0,13.31999969482422,20.89999961853028
6758.0,13.380000114440918,21.520000457763672
6759.0,13.460000038146973,21.459999084472656
6760.0,13.15999984741211,21.13999938964844
6761.0,12.81999969482422,21.18000030517578
6762.0,13.260000228881836,21.780000686645508
6763.0,12.739999771118164,21.920000076293945
6764.0,13.539999961853027,21.739999771118164
6765.0,12.739999771118164,21.57999992370605
6766.0,,21.15999984741211
6767.0,13.079999923706056,21.1200008392334
6768.0,12.68000030517578,21.299999237060547
6769.0,12.239999771118164,21.13999938964844
6770.0,13.0600004196167,21.280000686645508
6771.0,13.140000343322754,20.920000076293945
6772.0,13.18000030517578,21.040000915527344
6773.0,13.68000030517578,21.34000015258789
6774.0,,21.520000457763672
6775.0,13.300000190734863,21.440000534057617
6776.0,13.720000267028809,21.440000534057617
6777.0,13.279999732971191,21.420000076293945
6778.0,13.4399995803833,20.89999961853028
6779.0,13.300000190734863,21.200000762939453
6780.0,13.539999961853027,21.15999984741211
6781.0,12.399999618530272,21.540000915527344
6782.0,12.81999969482422,21.299999237060547
6783.0,12.720000267028809,21.1200008392334
6784.0,12.720000267028809,20.959999084472656
6785.0,,20.89999961853028
6786.0,12.81999969482422,20.8799991607666
6787.0,12.899999618530272,20.89999961853028
6788.0,,20.940000534057617
6789.0,13.539999961853027,21.13999938964844
6790.0,,21.299999237060547
6791.0,13.239999771118164,21.21999931335449
6792.0,12.760000228881836,21.3799991607666
6793.0,,21.34000015258789
6794.0,12.100000381469728,21.520000457763672
6795.0,13.239999771118164,21.440000534057617
6796.0,,21.459999084472656
6797.0,,21.21999931335449
6798.0,12.279999732971191,21.36000061035156
6799.0,12.079999923706056,21.3799991607666
6800.0,12.140000343322754,21.36000061035156
6801.0,12.420000076293944,21.18000030517578
6802.0,,21.799999237060547
6803.0,,22.15999984741211
6804.0,,21.68000030517578
6805.0,,21.700000762939453
6806.0,,21.81999969482422
6807.0,,21.959999084472656
6808.0,,21.700000762939453
6809.0,12.380000114440918,21.559999465942383
6810.0,13.359999656677246,21.540000915527344
6811.0,13.0600004196167,21.76000022888184
6812.0,13.31999969482422,21.479999542236328
6813.0,13.34000015258789,21.57999992370605
6814.0,13.140000343322754,21.65999984741211
6815.0,12.859999656677246,21.63999938964844
6816.0,12.979999542236328,21.540000915527344
6817.0,12.65999984741211,21.57999992370605
6818.0,13.020000457763672,21.459999084472656
6819.0,12.699999809265137,21.239999771118164
6820.0,13.31999969482422,21.0
6821.0,13.100000381469728,21.3799991607666
6822.0,13.15999984741211,21.299999237060547
6823.0,,21.520000457763672
6824.0,,21.68000030517578
6825.0,,21.5
6826.0,,21.63999938964844
6827.0,,21.63999938964844
6828.0,,21.63999938964844
6829.0,,21.84000015258789
6830.0,13.779999732971191,21.739999771118164
6831.0,,21.540000915527344
6832.0,,21.63999938964844
6833.0,,21.86000061035156
6834.0,,21.71999931335449
6835.0,,21.63999938964844
6836.0,,21.57999992370605
6837.0,13.220000267028809,21.700000762939453
6838.0,,21.799999237060547
6839.0,12.18000030517578,21.65999984741211
6840.0,,21.700000762939453
6841.0,,21.63999938964844
6842.0,,21.63999938964844
6843.0,12.140000343322754,21.700000762939453
6844.0,13.579999923706056,21.520000457763672
6845.0,13.119999885559082,21.799999237060547
6846.0,13.0600004196167,21.520000457763672
6847.0,12.359999656677246,21.71999931335449
6848.0,12.9399995803833,21.6200008392334
6849.0,13.100000381469728,21.600000381469727
6850.0,13.359999656677246,21.479999542236328
6851.0,12.880000114440918,21.6200008392334
6852.0,13.539999961853027,21.479999542236328
6853.0,12.640000343322754,21.559999465942383
6854.0,12.359999656677246,21.739999771118164
6855.0,13.5,21.559999465942383
6856.0,12.84000015258789,21.600000381469727
6857.0,13.15999984741211,21.71999931335449
6858.0,13.239999771118164,21.600000381469727
6859.0,13.039999961853027,21.63999938964844
6860.0,13.0600004196167,21.63999938964844
6861.0,13.359999656677246,21.600000381469727
6862.0,13.220000267028809,21.739999771118164
6863.0,12.960000038146973,21.799999237060547
6864.0,13.199999809265137,21.799999237060547
6865.0,13.0600004196167,21.780000686645508
6866.0,13.039999961853027,21.84000015258789
6867.0,13.380000114440918,21.84000015258789
6868.0,13.619999885559082,21.71999931335449
6869.0,13.380000114440918,21.68000030517578
6870.0,13.460000038146973,21.68000030517578
6871.0,13.5,21.700000762939453
6872.0,13.399999618530272,21.76000022888184
6873.0,12.760000228881836,21.63999938964844
6874.0,13.300000190734863,21.63999938964844
6875.0,12.760000228881836,21.559999465942383
6876.0,13.100000381469728,21.65999984741211
6877.0,12.68000030517578,21.799999237060547
6878.0,13.81999969482422,21.89999961853028
6879.0,,21.65999984741211
6880.0,13.31999969482422,21.84000015258789
6881.0,13.0600004196167,21.920000076293945
6882.0,12.960000038146973,21.739999771118164
6883.0,12.65999984741211,21.65999984741211
6884.0,,21.559999465942383
6885.0,13.0600004196167,21.68000030517578
6886.0,13.640000343322754,21.739999771118164
6887.0,,21.200000762939453
6888.0,,21.68000030517578
6889.0,12.420000076293944,21.76000022888184
6890.0,14.100000381469728,21.799999237060547
6891.0,13.279999732971191,21.65999984741211
6892.0,13.18000030517578,21.600000381469727
6893.0,13.140000343322754,21.520000457763672
6894.0,13.15999984741211,21.299999237060547
6895.0,13.020000457763672,21.5
6896.0,13.420000076293944,21.39999961853028
6897.0,12.84000015258789,21.36000061035156
6898.0,12.84000015258789,21.459999084472656
6899.0,13.239999771118164,21.57999992370605
6900.0,13.0600004196167,21.600000381469727
6901.0,,21.63999938964844
6902.0,13.079999923706056,21.71999931335449
6903.0,13.420000076293944,21.799999237060547
6904.0,12.859999656677246,21.920000076293945
6905.0,13.100000381469728,21.89999961853028
6906.0,,21.799999237060547
6907.0,13.140000343322754,21.76000022888184
6908.0,,21.63999938964844
6909.0,13.119999885559082,21.57999992370605
6910.0,13.619999885559082,21.65999984741211
6911.0,13.420000076293944,21.63999938964844
6912.0,12.4399995803833,21.76000022888184
6913.0,,21.799999237060547
6914.0,,21.89999961853028
6915.0,,21.799999237060547
6916.0,12.899999618530272,21.81999969482422
6917.0,12.84000015258789,21.799999237060547
6918.0,13.359999656677246,21.89999961853028
6919.0,13.15999984741211,21.57999992370605
6920.0,13.520000457763672,21.84000015258789
6921.0,13.100000381469728,21.84000015258789
6922.0,13.140000343322754,21.84000015258789
6923.0,,21.81999969482422
6924.0,13.260000228881836,21.540000915527344
6925.0,12.979999542236328,21.479999542236328
6926.0,13.039999961853027,21.920000076293945
6927.0,13.15999984741211,21.76000022888184
6928.0,12.81999969482422,21.63999938964844
6929.0,12.960000038146973,21.5
6930.0,12.979999542236328,21.8799991607666
6931.0,13.5,21.739999771118164
6932.0,13.039999961853027,21.700000762939453
6933.0,13.520000457763672,21.63999938964844
6934.0,,21.520000457763672
6935.0,13.239999771118164,21.21999931335449
6936.0,12.81999969482422,21.68000030517578
6937.0,13.380000114440918,21.540000915527344
6938.0,13.380000114440918,21.76000022888184
6939.0,13.300000190734863,21.84000015258789
6940.0,,21.8799991607666
6941.0,,21.959999084472656
6942.0,13.640000343322754,21.84000015258789
6943.0,12.5,21.84000015258789
6944.0,13.18000030517578,21.71999931335449
6945.0,13.34000015258789,21.979999542236328
6946.0,13.140000343322754,21.739999771118164
6947.0,13.15999984741211,21.799999237060547
6948.0,13.479999542236328,21.6200008392334
6949.0,13.520000457763672,21.57999992370605
6950.0,13.31999969482422,21.68000030517578
6951.0,,21.780000686645508
6952.0,13.140000343322754,21.780000686645508
6953.0,13.140000343322754,21.799999237060547
6954.0,13.399999618530272,21.799999237060547
6955.0,13.100000381469728,21.71999931335449
6956.0,13.100000381469728,21.76000022888184
6957.0,13.600000381469728,21.799999237060547
6958.0,13.520000457763672,21.799999237060547
6959.0,13.399999618530272,21.520000457763672
6960.0,13.239999771118164,21.920000076293945
6961.0,,21.739999771118164
6962.0,12.640000343322754,22.020000457763672
6963.0,,21.700000762939453
6964.0,13.020000457763672,21.8799991607666
6965.0,13.0600004196167,21.520000457763672
6966.0,12.739999771118164,21.520000457763672
6967.0,12.4399995803833,21.76000022888184
6968.0,13.539999961853027,22.0
6969.0,13.239999771118164,21.739999771118164
6970.0,12.520000457763672,21.940000534057617
6971.0,13.460000038146973,21.5
6972.0,13.600000381469728,21.57999992370605
6973.0,13.260000228881836,21.799999237060547
6974.0,,21.89999961853028
6975.0,,21.6200008392334
6976.0,,21.700000762939453
6977.0,,21.739999771118164
6978.0,12.920000076293944,21.86000061035156
6979.0,13.460000038146973,21.84000015258789
6980.0,,21.780000686645508
6981.0,,21.940000534057617
6982.0,13.880000114440918,21.920000076293945
6983.0,13.420000076293944,21.81999969482422
6984.0,13.699999809265137,22.0
6985.0,13.640000343322754,21.799999237060547
6986.0,13.119999885559082,21.8799991607666
6987.0,13.739999771118164,21.780000686645508
6988.0,13.279999732971191,21.780000686645508
6989.0,,21.959999084472656
6990.0,,21.920000076293945
6991.0,,21.940000534057617
6992.0,13.34000015258789,21.799999237060547
6993.0,14.020000457763672,21.959999084472656
6994.0,13.15999984741211,21.940000534057617
6995.0,13.420000076293944,21.940000534057617
6996.0,13.140000343322754,21.959999084472656
6997.0,13.65999984741211,21.799999237060547
6998.0,13.239999771118164,22.0
6999.0,13.15999984741211,21.920000076293945
7000.0,13.220000267028809,21.459999084472656
7001.0,13.460000038146973,21.89999961853028
7002.0,13.5600004196167,20.920000076293945
7003.0,13.65999984741211,21.84000015258789
7004.0,13.300000190734863,21.059999465942383
7005.0,13.079999923706056,21.68000030517578
7006.0,13.739999771118164,21.15999984741211
7007.0,,21.15999984741211
7008.0,13.020000457763672,21.21999931335449
7009.0,,21.239999771118164
7010.0,,21.6200008392334
7011.0,,21.65999984741211
7012.0,13.460000038146973,21.3799991607666
7013.0,,21.479999542236328
7014.0,,21.76000022888184
7015.0,,21.63999938964844
7016.0,13.34000015258789,21.63999938964844
7017.0,,21.71999931335449
7018.0,14.100000381469728,21.739999771118164
7019.0,14.119999885559082,21.940000534057617
7020.0,,21.739999771118164
7021.0,,21.299999237060547
7022.0,13.65999984741211,21.700000762939453
7023.0,,21.71999931335449
7024.0,,21.86000061035156
7025.0,12.859999656677246,21.57999992370605
7026.0,,21.559999465942383
7027.0,12.699999809265137,21.81999969482422
7028.0,13.039999961853027,21.479999542236328
7029.0,12.539999961853027,21.6200008392334
7030.0,,21.459999084472656
7031.0,,21.739999771118164
7032.0,13.140000343322754,21.520000457763672
7033.0,,21.940000534057617
7034.0,13.239999771118164,21.86000061035156
7035.0,12.81999969482422,21.86000061035156
7036.0,13.0600004196167,21.540000915527344
7037.0,13.359999656677246,21.940000534057617
7038.0,13.4399995803833,21.940000534057617
7039.0,,21.940000534057617
7040.0,12.65999984741211,22.07999992370605
7041.0,,21.739999771118164
7042.0,,21.700000762939453
7043.0,13.31999969482422,22.18000030517578
7044.0,13.260000228881836,21.5
7045.0,12.4399995803833,21.6200008392334
7046.0,12.699999809265137,21.979999542236328
7047.0,12.380000114440918,21.979999542236328
7048.0,,22.059999465942383
7049.0,13.460000038146973,22.0
7050.0,13.260000228881836,22.1200008392334
7051.0,,21.940000534057617
7052.0,13.380000114440918,22.1200008392334
7053.0,12.420000076293944,22.15999984741211
7054.0,13.380000114440918,22.0
7055.0,,22.059999465942383
7056.0,,22.020000457763672
7057.0,,21.739999771118164
7058.0,,21.89999961853028
7059.0,,21.979999542236328
7060.0,14.260000228881836,21.940000534057617
7061.0,,21.81999969482422
7062.0,12.579999923706056,21.959999084472656
7063.0,12.880000114440918,22.040000915527344
7064.0,13.5,22.059999465942383
7065.0,12.65999984741211,21.8799991607666
7066.0,13.0600004196167,22.100000381469727
7067.0,13.079999923706056,21.21999931335449
7068.0,13.420000076293944,21.600000381469727
7069.0,13.300000190734863,
7070.0,13.699999809265137,21.5
7071.0,,21.299999237060547
7072.0,,22.100000381469727
7073.0,13.800000190734863,21.420000076293945
7074.0,13.31999969482422,21.959999084472656
7075.0,13.9399995803833,21.76000022888184
7076.0,13.460000038146973,21.63999938964844
7077.0,,21.420000076293945
7078.0,,21.420000076293945
7079.0,12.720000267028809,21.21999931335449
7080.0,13.399999618530272,21.299999237060547
7081.0,13.239999771118164,21.239999771118164
7082.0,13.779999732971191,21.21999931335449
7083.0,12.899999618530272,21.479999542236328
7084.0,12.899999618530272,21.31999969482422
7085.0,,21.76000022888184
7086.0,,21.89999961853028
7087.0,13.260000228881836,21.8799991607666
7088.0,13.539999961853027,22.0
7089.0,13.140000343322754,21.71999931335449
7090.0,13.220000267028809,21.8799991607666
7091.0,13.520000457763672,22.18000030517578
7092.0,13.399999618530272,21.81999969482422
7093.0,,21.299999237060547
7094.0,13.399999618530272,21.57999992370605
7095.0,,21.020000457763672
7096.0,13.539999961853027,22.26000022888184
7097.0,13.5,22.020000457763672
7098.0,,20.979999542236328
7099.0,,21.21999931335449
7100.0,12.4399995803833,21.18000030517578
7101.0,,21.15999984741211
7102.0,13.479999542236328,21.440000534057617
7103.0,,21.780000686645508
7104.0,13.039999961853027,21.57999992370605
7105.0,13.140000343322754,21.81999969482422
7106.0,13.260000228881836,22.040000915527344
7107.0,,21.979999542236328
7108.0,14.15999984741211,22.13999938964844
7109.0,,22.239999771118164
7110.0,,22.07999992370605
7111.0,,22.15999984741211
7112.0,,22.31999969482422
7113.0,12.9399995803833,22.059999465942383
7114.0,,22.020000457763672
7115.0,,21.89999961853028
7116.0,,22.21999931335449
7117.0,13.359999656677246,22.1200008392334
7118.0,12.979999542236328,22.21999931335449
7119.0,13.9399995803833,22.18000030517578
7120.0,12.760000228881836,22.280000686645508
7121.0,,22.1200008392334
7122.0,14.100000381469728,22.21999931335449
7123.0,14.100000381469728,22.18000030517578
7124.0,14.0600004196167,22.26000022888184
7125.0,,22.280000686645508
7126.0,13.460000038146973,21.8799991607666
7127.0,,22.07999992370605
7128.0,13.140000343322754,22.020000457763672
7129.0,,21.86000061035156
7130.0,13.699999809265137,21.84000015258789
7131.0,,21.700000762939453
7132.0,14.020000457763672,22.059999465942383
7133.0,13.279999732971191,22.200000762939453
7134.0,13.720000267028809,22.26000022888184
7135.0,13.479999542236328,22.100000381469727
7136.0,13.34000015258789,22.239999771118164
7137.0,,21.739999771118164
7138.0,13.779999732971191,21.799999237060547
7139.0,,21.65999984741211
7140.0,,21.540000915527344
7141.0,13.260000228881836,21.89999961853028
7142.0,12.84000015258789,21.86000061035156
7143.0,,21.799999237060547
7144.0,,22.100000381469727
7145.0,13.380000114440918,21.86000061035156
7146.0,14.239999771118164,22.07999992370605
7147.0,,22.299999237060547
7148.0,13.979999542236328,22.13999938964844
7149.0,13.119999885559082,22.21999931335449
7150.0,,22.21999931335449
7151.0,12.859999656677246,22.18000030517578
7152.0,13.039999961853027,21.979999542236328
7153.0,13.260000228881836,21.71999931335449
7154.0,14.420000076293944,22.34000015258789
7155.0,13.260000228881836,22.420000076293945
7156.0,13.220000267028809,22.15999984741211
7157.0,,21.8799991607666
7158.0,13.699999809265137,21.89999961853028
7159.0,13.31999969482422,22.13999938964844
7160.0,13.300000190734863,22.100000381469727
7161.0,13.300000190734863,22.26000022888184
7162.0,13.9399995803833,21.940000534057617
7163.0,,22.100000381469727
7164.0,,22.280000686645508
7165.0,,22.280000686645508
7166.0,13.5600004196167,22.18000030517578
7167.0,,22.059999465942383
7168.0,,21.86000061035156
7169.0,13.539999961853027,21.920000076293945
7170.0,,22.0
7171.0,,22.100000381469727
7172.0,13.079999923706056,22.13999938964844
7173.0,12.9399995803833,22.26000022888184
7174.0,,22.31999969482422
7175.0,13.65999984741211,22.26000022888184
7176.0,13.460000038146973,22.239999771118164
7177.0,13.31999969482422,22.299999237060547
7178.0,13.199999809265137,22.299999237060547
7179.0,13.420000076293944,22.239999771118164
7180.0,13.460000038146973,22.299999237060547
7181.0,13.539999961853027,22.31999969482422
7182.0,13.31999969482422,22.15999984741211
7183.0,13.359999656677246,22.280000686645508
7184.0,12.859999656677246,22.040000915527344
7185.0,,22.1200008392334
7186.0,14.100000381469728,22.31999969482422
7187.0,,22.1200008392334
7188.0,13.380000114440918,22.239999771118164
7189.0,12.65999984741211,22.280000686645508
7190.0,13.18000030517578,22.31999969482422
7191.0,13.380000114440918,22.21999931335449
7192.0,12.81999969482422,22.200000762939453
7193.0,,22.239999771118164
7194.0,13.859999656677246,22.13999938964844
7195.0,12.640000343322754,21.940000534057617
7196.0,13.420000076293944,22.34000015258789
7197.0,13.380000114440918,22.280000686645508
7198.0,12.520000457763672,22.280000686645508
7199.0,13.140000343322754,22.200000762939453
7200.0,13.220000267028809,22.21999931335449
7201.0,,22.36000061035156
7202.0,12.880000114440918,22.18000030517578
7203.0,,22.36000061035156
7204.0,,22.239999771118164
7205.0,14.4399995803833,22.1200008392334
7206.0,13.619999885559082,22.299999237060547
7207.0,,22.200000762939453
7208.0,13.579999923706056,22.540000915527344
7209.0,14.0,22.420000076293945
7210.0,12.68000030517578,22.100000381469727
7211.0,13.119999885559082,22.280000686645508
7212.0,,22.21999931335449
7213.0,,22.280000686645508
7214.0,,22.280000686645508
7215.0,,22.39999961853028
7216.0,,22.239999771118164
7217.0,12.739999771118164,22.280000686645508
7218.0,13.81999969482422,22.479999542236328
7219.0,13.15999984741211,22.440000534057617
7220.0,,22.440000534057617
7221.0,13.300000190734863,22.299999237060547
7222.0,,22.31999969482422
7223.0,13.619999885559082,22.200000762939453
7224.0,13.380000114440918,22.200000762939453
7225.0,13.5600004196167,22.280000686645508
7226.0,13.859999656677246,22.13999938964844
7227.0,13.399999618530272,22.280000686645508
7228.0,13.779999732971191,22.200000762939453
7229.0,13.5600004196167,22.34000015258789
7230.0,,22.239999771118164
7231.0,12.84000015258789,22.13999938964844
7232.0,13.300000190734863,22.200000762939453
7233.0,13.9399995803833,22.34000015258789
7234.0,,22.21999931335449
7235.0,13.399999618530272,22.299999237060547
7236.0,13.479999542236328,22.1200008392334
7237.0,,22.200000762939453
7238.0,13.18000030517578,22.020000457763672
7239.0,,22.26000022888184
7240.0,14.420000076293944,22.07999992370605
7241.0,12.520000457763672,22.18000030517578
7242.0,,22.059999465942383
7243.0,13.920000076293944,22.040000915527344
7244.0,13.15999984741211,22.18000030517578
7245.0,13.420000076293944,22.34000015258789
7246.0,12.960000038146973,22.39999961853028
7247.0,,22.540000915527344
7248.0,13.140000343322754,22.479999542236328
7249.0,13.640000343322754,22.39999961853028
7250.0,13.31999969482422,22.479999542236328
7251.0,13.380000114440918,22.440000534057617
7252.0,13.359999656677246,22.479999542236328
7253.0,12.920000076293944,22.440000534057617
7254.0,13.359999656677246,22.479999542236328
7255.0,13.300000190734863,22.440000534057617
7256.0,13.140000343322754,22.540000915527344
7257.0,,22.39999961853028
7258.0,13.859999656677246,22.68000030517578
7259.0,,22.459999084472656
7260.0,13.479999542236328,22.68000030517578
7261.0,13.300000190734863,22.39999961853028
7262.0,13.300000190734863,22.5
7263.0,14.18000030517578,22.63999938964844
7264.0,13.0600004196167,22.39999961853028
7265.0,13.119999885559082,22.39999961853028
7266.0,12.920000076293944,22.540000915527344
7267.0,13.520000457763672,22.440000534057617
7268.0,13.539999961853027,22.39999961853028
7269.0,13.239999771118164,22.39999961853028
7270.0,12.960000038146973,22.440000534057617
7271.0,13.039999961853027,22.5
7272.0,13.100000381469728,22.559999465942383
7273.0,13.68000030517578,22.559999465942383
7274.0,13.18000030517578,22.6200008392334
7275.0,12.960000038146973,22.57999992370605
7276.0,12.800000190734863,22.39999961853028
7277.0,12.880000114440918,22.520000457763672
7278.0,12.81999969482422,22.3799991607666
7279.0,13.600000381469728,22.299999237060547
7280.0,13.119999885559082,22.459999084472656
7281.0,13.279999732971191,22.440000534057617
7282.0,13.520000457763672,22.280000686645508
7283.0,13.420000076293944,22.280000686645508
7284.0,13.4399995803833,22.31999969482422
7285.0,13.579999923706056,22.34000015258789
7286.0,13.380000114440918,22.39999961853028
7287.0,12.979999542236328,22.5
7288.0,13.18000030517578,22.520000457763672
7289.0,13.34000015258789,22.459999084472656
7290.0,13.479999542236328,22.6200008392334
7291.0,13.239999771118164,22.65999984741211
7292.0,13.899999618530272,22.71999931335449
7293.0,13.859999656677246,22.6200008392334
7294.0,14.359999656677246,22.479999542236328
7295.0,13.34000015258789,22.559999465942383
7296.0,13.119999885559082,22.540000915527344
7297.0,13.460000038146973,22.479999542236328
7298.0,13.300000190734863,22.459999084472656
7299.0,13.420000076293944,22.459999084472656
7300.0,13.460000038146973,22.479999542236328
7301.0,13.539999961853027,22.540000915527344
7302.0,13.380000114440918,22.5
7303.0,13.020000457763672,22.459999084472656
7304.0,13.140000343322754,22.440000534057617
7305.0,13.399999618530272,22.459999084472656
7306.0,13.5600004196167,22.479999542236328
7307.0,13.779999732971191,22.520000457763672
7308.0,13.779999732971191,22.5
7309.0,13.5,22.520000457763672
7310.0,13.4399995803833,22.440000534057617
7311.0,13.279999732971191,22.479999542236328
7312.0,13.539999961853027,22.36000061035156
7313.0,,22.39999961853028
7314.0,13.520000457763672,22.459999084472656
7315.0,13.4399995803833,22.3799991607666
7316.0,13.079999923706056,22.520000457763672
7317.0,13.18000030517578,22.34000015258789
7318.0,13.520000457763672,22.600000381469727
7319.0,13.380000114440918,22.3799991607666
7320.0,13.4399995803833,22.459999084472656
7321.0,13.619999885559082,22.420000076293945
7322.0,13.84000015258789,22.520000457763672
7323.0,13.619999885559082,22.600000381469727
7324.0,13.5600004196167,22.600000381469727
7325.0,,22.68000030517578
7326.0,13.220000267028809,22.65999984741211
7327.0,13.119999885559082,22.700000762939453
7328.0,,22.3799991607666
7329.0,12.920000076293944,22.3799991607666
7330.0,12.899999618530272,22.040000915527344
7331.0,13.399999618530272,22.63999938964844
7332.0,13.31999969482422,22.6200008392334
7333.0,,22.71999931335449
7334.0,13.600000381469728,22.71999931335449
7335.0,,22.26000022888184
7336.0,,22.200000762939453
7337.0,,22.26000022888184
7338.0,,22.239999771118164
7339.0,12.760000228881836,22.13999938964844
7340.0,13.119999885559082,22.299999237060547
7341.0,,22.059999465942383
7342.0,13.34000015258789,22.65999984741211
7343.0,13.539999961853027,22.200000762939453
7344.0,13.619999885559082,22.479999542236328
7345.0,13.699999809265137,22.700000762939453
7346.0,13.68000030517578,22.700000762939453
7347.0,,22.76000022888184
7348.0,13.300000190734863,22.6200008392334
7349.0,13.539999961853027,22.559999465942383
7350.0,,22.3799991607666
7351.0,13.4399995803833,22.6200008392334
7352.0,12.84000015258789,22.57999992370605
7353.0,12.600000381469728,22.3799991607666
7354.0,12.9399995803833,22.420000076293945
7355.0,13.359999656677246,22.299999237060547
7356.0,13.5600004196167,22.63999938964844
7357.0,13.399999618530272,22.3799991607666
7358.0,14.020000457763672,22.559999465942383
7359.0,13.220000267028809,22.540000915527344
7360.0,14.020000457763672,22.63999938964844
7361.0,13.5600004196167,22.799999237060547
7362.0,,22.459999084472656
7363.0,13.84000015258789,22.280000686645508
7364.0,,22.36000061035156
7365.0,13.039999961853027,22.39999961853028
7366.0,13.619999885559082,22.57999992370605
7367.0,13.520000457763672,22.34000015258789
7368.0,13.220000267028809,22.5
7369.0,13.619999885559082,22.520000457763672
7370.0,,22.65999984741211
7371.0,,22.36000061035156
7372.0,13.300000190734863,22.3799991607666
7373.0,12.84000015258789,22.76000022888184
7374.0,13.619999885559082,22.700000762939453
7375.0,13.65999984741211,22.559999465942383
7376.0,13.720000267028809,22.540000915527344
7377.0,13.859999656677246,22.600000381469727
7378.0,13.300000190734863,22.63999938964844
7379.0,13.720000267028809,22.600000381469727
7380.0,13.600000381469728,22.600000381469727
7381.0,13.859999656677246,22.63999938964844
7382.0,14.020000457763672,22.600000381469727
7383.0,13.800000190734863,22.479999542236328
7384.0,13.619999885559082,22.540000915527344
7385.0,13.31999969482422,22.71999931335449
7386.0,13.399999618530272,22.76000022888184
7387.0,13.300000190734863,22.84000015258789
7388.0,13.220000267028809,22.920000076293945
7389.0,12.800000190734863,22.780000686645508
7390.0,,22.71999931335449
7391.0,13.34000015258789,22.68000030517578
7392.0,13.5600004196167,22.6200008392334
7393.0,13.859999656677246,22.63999938964844
7394.0,13.520000457763672,22.65999984741211
7395.0,,22.5
7396.0,14.479999542236328,22.600000381469727
7397.0,,22.63999938964844
7398.0,,22.39999961853028
7399.0,,22.31999969482422
7400.0,,22.600000381469727
7401.0,13.539999961853027,22.739999771118164
7402.0,12.579999923706056,22.780000686645508
7403.0,,22.799999237060547
7404.0,13.619999885559082,22.57999992370605
7405.0,13.619999885559082,22.39999961853028
7406.0,,22.3799991607666
7407.0,,22.36000061035156
7408.0,,22.299999237060547
7409.0,,22.21999931335449
7410.0,,22.36000061035156
7411.0,,22.540000915527344
7412.0,13.5600004196167,22.63999938964844
7413.0,,22.6200008392334
7414.0,13.460000038146973,22.68000030517578
7415.0,13.359999656677246,22.57999992370605
7416.0,13.699999809265137,22.600000381469727
7417.0,,22.65999984741211
7418.0,13.5,22.68000030517578
7419.0,13.520000457763672,22.71999931335449
7420.0,,22.6200008392334
7421.0,,22.68000030517578
7422.0,,22.700000762939453
7423.0,12.979999542236328,22.540000915527344
7424.0,13.420000076293944,22.540000915527344
7425.0,13.9399995803833,22.86000061035156
7426.0,13.619999885559082,22.600000381469727
7427.0,13.300000190734863,22.739999771118164
7428.0,13.100000381469728,22.780000686645508
7429.0,12.539999961853027,22.84000015258789
7430.0,13.460000038146973,22.8799991607666
7431.0,,22.799999237060547
7432.0,,22.76000022888184
7433.0,14.039999961853027,22.84000015258789
7434.0,,22.71999931335449
7435.0,,22.76000022888184
7436.0,14.279999732971191,22.780000686645508
7437.0,13.520000457763672,22.63999938964844
7438.0,,22.65999984741211
7439.0,13.479999542236328,22.479999542236328
7440.0,13.600000381469728,22.700000762939453
7441.0,13.65999984741211,22.600000381469727
7442.0,14.100000381469728,22.780000686645508
7443.0,,22.799999237060547
7444.0,,22.84000015258789
7445.0,,22.780000686645508
7446.0,13.420000076293944,22.799999237060547
7447.0,,22.81999969482422
7448.0,13.619999885559082,22.6200008392334
7449.0,13.539999961853027,22.71999931335449
7450.0,,22.540000915527344
7451.0,,22.799999237060547
7452.0,12.880000114440918,22.8799991607666
7453.0,,22.84000015258789
7454.0,,22.799999237060547
7455.0,,22.799999237060547
7456.0,,22.799999237060547
7457.0,12.5600004196167,22.959999084472656
7458.0,13.140000343322754,22.920000076293945
7459.0,12.9399995803833,22.920000076293945
7460.0,12.65999984741211,22.940000534057617
7461.0,12.68000030517578,22.959999084472656
7462.0,12.859999656677246,23.040000915527344
7463.0,14.420000076293944,23.07999992370605
7464.0,12.739999771118164,23.020000457763672
7465.0,,23.07999992370605
7466.0,13.9399995803833,23.0
7467.0,,23.020000457763672
7468.0,13.520000457763672,22.8799991607666
7469.0,,22.979999542236328
7470.0,12.640000343322754,22.940000534057617
7471.0,13.020000457763672,22.920000076293945
7472.0,,22.959999084472656
7473.0,14.34000015258789,22.979999542236328
7474.0,,22.920000076293945
7475.0,13.600000381469728,22.89999961853028
7476.0,13.81999969482422,22.86000061035156
7477.0,14.5,22.8799991607666
7478.0,14.18000030517578,22.81999969482422
7479.0,13.479999542236328,22.89999961853028
7480.0,,22.940000534057617
7481.0,,22.920000076293945
7482.0,13.399999618530272,23.020000457763672
7483.0,,22.979999542236328
7484.0,13.979999542236328,23.0
7485.0,12.520000457763672,22.940000534057617
7486.0,,22.979999542236328
7487.0,14.420000076293944,22.86000061035156
7488.0,12.68000030517578,23.020000457763672
7489.0,13.619999885559082,22.920000076293945
7490.0,13.619999885559082,22.979999542236328
7491.0,13.079999923706056,22.959999084472656
7492.0,14.039999961853027,22.959999084472656
7493.0,13.18000030517578,23.020000457763672
7494.0,,23.0
7495.0,,23.13999938964844
7496.0,13.020000457763672,22.979999542236328
7497.0,,23.13999938964844
7498.0,13.0600004196167,23.07999992370605
7499.0,,23.07999992370605
7500.0,,23.0
7501.0,,22.940000534057617
7502.0,13.359999656677246,22.979999542236328
7503.0,13.619999885559082,23.020000457763672
7504.0,13.880000114440918,23.020000457763672
7505.0,12.5,22.979999542236328
7506.0,14.100000381469728,22.940000534057617
7507.0,,22.979999542236328
7508.0,,23.020000457763672
7509.0,,22.920000076293945
7510.0,13.359999656677246,22.89999961853028
7511.0,,22.89999961853028
7512.0,,22.8799991607666
7513.0,,22.81999969482422
7514.0,,22.8799991607666
7515.0,14.199999809265137,22.920000076293945
7516.0,,23.0
7517.0,,22.959999084472656
7518.0,,22.86000061035156
7519.0,,22.8799991607666
7520.0,,22.920000076293945
7521.0,14.420000076293944,22.84000015258789
7522.0,,23.059999465942383
7523.0,,22.89999961853028
7524.0,,22.780000686645508
7525.0,14.34000015258789,22.84000015258789
7526.0,,22.86000061035156
7527.0,13.859999656677246,22.780000686645508
7528.0,14.380000114440918,22.8799991607666
7529.0,14.420000076293944,22.89999961853028
7530.0,,23.100000381469727
7531.0,14.300000190734863,23.020000457763672
7532.0,,22.940000534057617
7533.0,,22.979999542236328
7534.0,,23.280000686645508
7535.0,13.84000015258789,22.89999961853028
7536.0,13.960000038146973,23.18000030517578
7537.0,14.0600004196167,23.059999465942383
7538.0,13.9399995803833,23.239999771118164
7539.0,13.199999809265137,23.21999931335449
7540.0,14.479999542236328,23.0
7541.0,12.800000190734863,23.239999771118164
7542.0,,23.040000915527344
7543.0,,23.100000381469727
7544.0,,23.040000915527344
7545.0,,23.1200008392334
7546.0,,23.21999931335449
7547.0,,23.13999938964844
7548.0,,23.299999237060547
7549.0,,23.059999465942383
7550.0,,23.0
7551.0,13.479999542236328,22.959999084472656
7552.0,,23.0
7553.0,13.9399995803833,23.040000915527344
7554.0,,23.100000381469727
7555.0,,23.18000030517578
7556.0,14.31999969482422,23.1200008392334
7557.0,12.979999542236328,23.18000030517578
7558.0,,23.040000915527344
7559.0,,23.13999938964844
7560.0,13.539999961853027,23.21999931335449
7561.0,14.420000076293944,23.040000915527344
7562.0,14.34000015258789,23.13999938964844
7563.0,14.140000343322754,23.100000381469727
7564.0,13.65999984741211,23.07999992370605
7565.0,,23.200000762939453
7566.0,,23.100000381469727
7567.0,14.220000267028809,23.13999938964844
7568.0,,23.07999992370605
7569.0,14.220000267028809,23.13999938964844
7570.0,,23.18000030517578
7571.0,14.4399995803833,23.040000915527344
7572.0,13.720000267028809,23.13999938964844
7573.0,,23.18000030517578
7574.0,,23.07999992370605
7575.0,13.979999542236328,23.200000762939453
7576.0,13.579999923706056,23.100000381469727
7577.0,13.640000343322754,23.239999771118164
7578.0,13.760000228881836,23.18000030517578
7579.0,13.9399995803833,23.200000762939453
7580.0,,23.100000381469727
7581.0,,23.18000030517578
7582.0,13.65999984741211,23.200000762939453
7583.0,13.420000076293944,23.26000022888184
7584.0,13.9399995803833,23.13999938964844
7585.0,13.720000267028809,23.13999938964844
7586.0,14.15999984741211,23.18000030517578
7587.0,14.079999923706056,23.18000030517578
7588.0,13.859999656677246,23.34000015258789
7589.0,13.920000076293944,23.18000030517578
7590.0,14.0600004196167,23.200000762939453
7591.0,14.0,23.18000030517578
7592.0,13.380000114440918,23.299999237060547
7593.0,13.779999732971191,23.299999237060547
7594.0,13.420000076293944,23.459999084472656
7595.0,13.460000038146973,23.559999465942383
7596.0,14.020000457763672,23.420000076293945
7597.0,13.640000343322754,23.559999465942383
7598.0,13.619999885559082,23.31999969482422
7599.0,13.859999656677246,23.34000015258789
7600.0,13.520000457763672,23.18000030517578
7601.0,13.479999542236328,23.34000015258789
7602.0,13.859999656677246,23.34000015258789
7603.0,13.220000267028809,23.040000915527344
7604.0,13.260000228881836,23.200000762939453
7605.0,13.34000015258789,23.040000915527344
7606.0,12.699999809265137,23.020000457763672
7607.0,,23.040000915527344
7608.0,12.539999961853027,23.040000915527344
7609.0,13.100000381469728,23.020000457763672
7610.0,13.619999885559082,23.200000762939453
7611.0,13.460000038146973,22.959999084472656
7612.0,13.460000038146973,23.13999938964844
7613.0,13.699999809265137,23.459999084472656
7614.0,13.579999923706056,23.200000762939453
7615.0,13.84000015258789,23.239999771118164
7616.0,13.720000267028809,23.34000015258789
7617.0,13.520000457763672,23.31999969482422
7618.0,13.5,23.18000030517578
7619.0,12.84000015258789,23.13999938964844
7620.0,13.359999656677246,23.1200008392334
7621.0,12.960000038146973,23.07999992370605
7622.0,12.720000267028809,23.07999992370605
7623.0,13.479999542236328,23.13999938964844
7624.0,12.859999656677246,23.13999938964844
7625.0,13.68000030517578,23.239999771118164
7626.0,,23.13999938964844
7627.0,,23.13999938964844
7628.0,13.9399995803833,23.100000381469727
7629.0,13.0,23.1200008392334
7630.0,13.5600004196167,23.13999938964844
7631.0,13.640000343322754,23.239999771118164
7632.0,14.31999969482422,23.15999984741211
7633.0,13.720000267028809,23.18000030517578
7634.0,13.880000114440918,23.13999938964844
7635.0,14.199999809265137,23.07999992370605
7636.0,,23.13999938964844
7637.0,13.979999542236328,23.13999938964844
7638.0,,23.100000381469727
7639.0,13.460000038146973,23.07999992370605
7640.0,13.699999809265137,23.100000381469727
7641.0,13.460000038146973,23.100000381469727
7642.0,13.34000015258789,23.07999992370605
7643.0,13.739999771118164,23.040000915527344
7644.0,13.279999732971191,23.040000915527344
7645.0,13.5600004196167,23.1200008392334
7646.0,13.739999771118164,23.040000915527344
7647.0,13.65999984741211,23.100000381469727
7648.0,13.539999961853027,23.07999992370605
7649.0,12.720000267028809,23.18000030517578
7650.0,,23.100000381469727
7651.0,12.68000030517578,23.040000915527344
7652.0,13.079999923706056,23.059999465942383
7653.0,12.81999969482422,23.07999992370605
7654.0,13.31999969482422,23.040000915527344
7655.0,14.140000343322754,23.100000381469727
7656.0,13.68000030517578,23.18000030517578
7657.0,13.739999771118164,23.13999938964844
7658.0,13.619999885559082,23.239999771118164
7659.0,13.880000114440918,23.26000022888184
7660.0,13.979999542236328,23.26000022888184
7661.0,14.039999961853027,23.200000762939453
7662.0,14.119999885559082,23.239999771118164
7663.0,,23.18000030517578
7664.0,,23.13999938964844
7665.0,13.479999542236328,23.13999938964844
7666.0,14.34000015258789,23.13999938964844
7667.0,13.84000015258789,23.13999938964844
7668.0,14.520000457763672,23.200000762939453
7669.0,,23.13999938964844
7670.0,13.9399995803833,23.13999938964844
7671.0,,23.15999984741211
7672.0,,23.18000030517578
7673.0,,23.239999771118164
7674.0,13.720000267028809,23.26000022888184
7675.0,14.260000228881836,23.13999938964844
7676.0,14.100000381469728,23.200000762939453
7677.0,13.31999969482422,23.36000061035156
7678.0,14.18000030517578,23.18000030517578
7679.0,,23.1200008392334
7680.0,13.65999984741211,23.31999969482422
7681.0,14.039999961853027,23.18000030517578
7682.0,13.279999732971191,23.26000022888184
7683.0,13.880000114440918,23.459999084472656
7684.0,14.079999923706056,23.200000762939453
7685.0,13.34000015258789,23.34000015258789
7686.0,14.100000381469728,23.26000022888184
7687.0,,23.36000061035156
7688.0,,23.3799991607666
7689.0,,23.459999084472656
7690.0,,23.34000015258789
7691.0,,23.440000534057617
7692.0,13.699999809265137,23.68000030517578
7693.0,,23.280000686645508
7694.0,13.960000038146973,23.26000022888184
7695.0,14.119999885559082,23.34000015258789
7696.0,,23.299999237060547
7697.0,13.640000343322754,23.440000534057617
7698.0,,23.479999542236328
7699.0,14.039999961853027,23.280000686645508
7700.0,13.5600004196167,23.440000534057617
7701.0,13.859999656677246,23.34000015258789
7702.0,13.220000267028809,23.299999237060547
7703.0,,23.239999771118164
7704.0,,23.280000686645508
7705.0,14.18000030517578,23.299999237060547
7706.0,,23.13999938964844
7707.0,,23.239999771118164
7708.0,14.4399995803833,23.280000686645508
7709.0,,23.18000030517578
7710.0,14.420000076293944,23.07999992370605
7711.0,,23.26000022888184
7712.0,14.18000030517578,23.200000762939453
7713.0,13.619999885559082,23.239999771118164
7714.0,13.859999656677246,23.13999938964844
7715.0,13.760000228881836,23.07999992370605
7716.0,,23.18000030517578
7717.0,,23.34000015258789
7718.0,,23.31999969482422
7719.0,13.260000228881836,23.36000061035156
7720.0,,23.280000686645508
7721.0,,23.5
7722.0,,23.299999237060547
7723.0,,23.5
7724.0,,23.280000686645508
7725.0,14.15999984741211,23.36000061035156
7726.0,14.199999809265137,23.239999771118164
7727.0,,23.299999237060547
7728.0,,23.15999984741211
7729.0,,23.15999984741211
7730.0,,23.21999931335449
7731.0,,23.31999969482422
7732.0,12.84000015258789,23.13999938964844
7733.0,,23.13999938964844
7734.0,,23.13999938964844
7735.0,,23.31999969482422
7736.0,,23.3799991607666
7737.0,,23.26000022888184
7738.0,,23.39999961853028
7739.0,,23.31999969482422
7740.0,,23.26000022888184
7741.0,,23.299999237060547
7742.0,,23.299999237060547
7743.0,,23.39999961853028
7744.0,,23.31999969482422
7745.0,,23.26000022888184
7746.0,,23.34000015258789
7747.0,14.31999969482422,23.3799991607666
7748.0,,23.36000061035156
7749.0,,23.299999237060547
7750.0,,23.420000076293945
7751.0,,23.280000686645508
7752.0,,23.36000061035156
7753.0,12.979999542236328,23.36000061035156
7754.0,13.460000038146973,23.34000015258789
7755.0,,23.36000061035156
7756.0,,23.31999969482422
7757.0,,23.34000015258789
7758.0,14.520000457763672,23.31999969482422
7759.0,,23.26000022888184
7760.0,13.880000114440918,23.34000015258789
7761.0,,23.3799991607666
7762.0,,23.520000457763672
7763.0,13.279999732971191,23.440000534057617
7764.0,13.380000114440918,23.479999542236328
7765.0,14.260000228881836,23.3799991607666
7766.0,12.899999618530272,23.39999961853028
7767.0,13.640000343322754,23.420000076293945
7768.0,14.100000381469728,23.39999961853028
7769.0,,23.39999961853028
7770.0,14.260000228881836,23.18000030517578
7771.0,,23.100000381469727
7772.0,,23.280000686645508
7773.0,12.739999771118164,23.34000015258789
7774.0,12.760000228881836,23.18000030517578
7775.0,,23.34000015258789
7776.0,,23.57999992370605
7777.0,13.460000038146973,23.440000534057617
7778.0,,23.36000061035156
7779.0,,23.280000686645508
7780.0,,23.299999237060547
7781.0,13.300000190734863,23.540000915527344
7782.0,,23.299999237060547
7783.0,,23.36000061035156
7784.0,14.100000381469728,23.21999931335449
7785.0,,23.459999084472656
7786.0,,23.020000457763672
7787.0,13.9399995803833,22.89999961853028
7788.0,,23.07999992370605
7789.0,13.15999984741211,23.36000061035156
7790.0,,23.31999969482422
7791.0,,23.3799991607666
7792.0,,23.36000061035156
7793.0,,23.36000061035156
7794.0,,23.36000061035156
7795.0,,23.540000915527344
7796.0,,23.36000061035156
7797.0,,23.420000076293945
7798.0,,23.36000061035156
7799.0,,23.3799991607666
7800.0,,23.3799991607666
7801.0,,23.459999084472656
7802.0,,23.5
7803.0,,23.479999542236328
7804.0,,23.65999984741211
7805.0,,23.65999984741211
7806.0,,23.479999542236328
7807.0,,23.440000534057617
7808.0,,23.440000534057617
7809.0,,23.65999984741211
7810.0,,23.420000076293945
7811.0,,23.540000915527344
7812.0,,23.299999237060547
7813.0,,23.440000534057617
7814.0,,23.059999465942383
7815.0,,23.440000534057617
7816.0,,23.39999961853028
7817.0,13.640000343322754,23.459999084472656
7818.0,,23.479999542236328
7819.0,,23.540000915527344
7820.0,12.760000228881836,23.3799991607666
7821.0,13.300000190734863,23.459999084472656
7822.0,,23.520000457763672
7823.0,,23.700000762939453
7824.0,,23.31999969482422
7825.0,,23.39999961853028
7826.0,,23.18000030517578
7827.0,,23.479999542236328
7828.0,,23.3799991607666
7829.0,14.260000228881836,23.31999969482422
7830.0,,23.34000015258789
7831.0,,23.39999961853028
7832.0,,23.26000022888184
7833.0,13.699999809265137,23.31999969482422
7834.0,,23.459999084472656
7835.0,13.65999984741211,23.440000534057617
7836.0,,23.39999961853028
7837.0,,23.420000076293945
7838.0,12.68000030517578,23.39999961853028
7839.0,,23.280000686645508
7840.0,,23.36000061035156
7841.0,,23.21999931335449
7842.0,,23.440000534057617
7843.0,,23.040000915527344
7844.0,,23.26000022888184
7845.0,,23.020000457763672
7846.0,,23.3799991607666
7847.0,,23.520000457763672
7848.0,,23.600000381469727
7849.0,,23.57999992370605
7850.0,,23.540000915527344
7851.0,,23.68000030517578
7852.0,13.720000267028809,23.36000061035156
7853.0,,23.459999084472656
7854.0,13.699999809265137,23.280000686645508
7855.0,,23.299999237060547
7856.0,,23.459999084472656
7857.0,,23.239999771118164
7858.0,,23.21999931335449
7859.0,,23.5
7860.0,,23.13999938964844
7861.0,14.140000343322754,23.34000015258789
7862.0,,23.299999237060547
7863.0,,23.200000762939453
7864.0,,23.21999931335449
7865.0,,23.5
7866.0,,23.31999969482422
7867.0,12.5600004196167,23.63999938964844
7868.0,,23.36000061035156
7869.0,,23.739999771118164
7870.0,,23.26000022888184
7871.0,,23.040000915527344
7872.0,,22.8799991607666
7873.0,,23.059999465942383
7874.0,,23.0
7875.0,14.199999809265137,22.459999084472656
7876.0,,23.459999084472656
7877.0,,23.63999938964844
7878.0,,23.5
7879.0,,23.3799991607666
7880.0,,23.280000686645508
7881.0,,22.979999542236328
7882.0,,23.13999938964844
7883.0,,23.059999465942383
7884.0,,23.21999931335449
7885.0,,23.1200008392334
7886.0,,23.239999771118164
7887.0,,22.89999961853028
7888.0,,23.13999938964844
7889.0,,23.15999984741211
7890.0,,23.34000015258789
7891.0,,23.200000762939453
7892.0,,23.63999938964844
7893.0,,23.3799991607666
7894.0,,23.600000381469727
7895.0,,23.18000030517578
7896.0,,23.15999984741211
7897.0,13.739999771118164,23.15999984741211
7898.0,,22.8799991607666
7899.0,,23.81999969482422
7900.0,,23.059999465942383
7901.0,,23.18000030517578
7902.0,,22.8799991607666
7903.0,12.979999542236328,23.040000915527344
7904.0,12.520000457763672,23.280000686645508
7905.0,13.079999923706056,23.5
7906.0,,23.63999938964844
7907.0,,23.600000381469727
7908.0,,23.34000015258789
7909.0,,23.520000457763672
7910.0,,23.6200008392334
7911.0,,23.57999992370605
7912.0,,23.559999465942383
7913.0,,23.600000381469727
7914.0,,23.6200008392334
7915.0,,23.3799991607666
7916.0,,23.559999465942383
7917.0,,23.520000457763672
7918.0,,23.86000061035156
7919.0,,23.479999542236328
7920.0,,23.39999961853028
7921.0,,23.299999237060547
7922.0,14.260000228881836,23.57999992370605
7923.0,12.760000228881836,23.280000686645508
7924.0,,23.3799991607666
7925.0,,23.26000022888184
7926.0,,23.3799991607666
7927.0,,23.63999938964844
7928.0,,23.39999961853028
7929.0,,23.68000030517578
7930.0,13.979999542236328,23.420000076293945
7931.0,,23.34000015258789
7932.0,14.100000381469728,23.3799991607666
7933.0,,23.459999084472656
7934.0,14.420000076293944,23.420000076293945
7935.0,14.399999618530272,23.63999938964844
7936.0,,23.420000076293945
7937.0,14.119999885559082,23.459999084472656
7938.0,,23.200000762939453
7939.0,,23.479999542236328
7940.0,,23.420000076293945
7941.0,,23.5
7942.0,,23.239999771118164
7943.0,,23.39999961853028
7944.0,,23.299999237060547
7945.0,,23.26000022888184
7946.0,13.300000190734863,23.3799991607666
7947.0,,23.420000076293945
7948.0,14.0600004196167,23.18000030517578
7949.0,12.979999542236328,23.76000022888184
7950.0,14.279999732971191,23.63999938964844
7951.0,12.81999969482422,23.15999984741211
7952.0,13.5600004196167,23.020000457763672
7953.0,,23.1200008392334
7954.0,13.5600004196167,22.979999542236328
7955.0,13.619999885559082,23.15999984741211
7956.0,,23.15999984741211
7957.0,14.420000076293944,23.26000022888184
7958.0,,23.280000686645508
7959.0,,23.059999465942383
7960.0,,23.3799991607666
7961.0,,23.34000015258789
7962.0,,23.34000015258789
7963.0,,23.420000076293945
7964.0,,23.34000015258789
7965.0,,23.540000915527344
7966.0,,23.63999938964844
7967.0,,23.479999542236328
7968.0,,23.540000915527344
7969.0,,23.100000381469727
7970.0,,23.540000915527344
7971.0,,23.39999961853028
7972.0,,23.059999465942383
7973.0,,23.540000915527344
7974.0,,23.39999961853028
7975.0,,23.299999237060547
7976.0,,23.299999237060547
7977.0,,23.21999931335449
7978.0,,23.31999969482422
7979.0,,23.15999984741211
7980.0,,23.459999084472656
7981.0,,23.559999465942383
7982.0,,23.84000015258789
7983.0,,23.86000061035156
7984.0,,23.36000061035156
7985.0,,23.700000762939453
7986.0,,23.559999465942383
7987.0,14.100000381469728,23.39999961853028
7988.0,14.520000457763672,23.65999984741211
7989.0,,23.39999961853028
7990.0,14.239999771118164,23.479999542236328
7991.0,13.699999809265137,23.65999984741211
7992.0,,23.799999237060547
7993.0,13.81999969482422,23.84000015258789
7994.0,,23.739999771118164
7995.0,,23.780000686645508
7996.0,,23.65999984741211
7997.0,,23.700000762939453
7998.0,14.0600004196167,23.71999931335449
7999.0,,23.739999771118164
8000.0,,23.86000061035156
8001.0,,23.71999931335449
8002.0,,23.89999961853028
8003.0,,23.76000022888184
8004.0,,23.920000076293945
8005.0,,23.700000762939453
8006.0,,23.780000686645508
8007.0,,23.739999771118164
8008.0,,23.700000762939453
8009.0,13.140000343322754,23.799999237060547
8010.0,,23.86000061035156
8011.0,,23.71999931335449
8012.0,13.380000114440918,23.81999969482422
8013.0,,23.65999984741211
8014.0,,23.65999984741211
8015.0,13.699999809265137,23.65999984741211
8016.0,,23.86000061035156
8017.0,13.079999923706056,23.780000686645508
8018.0,,23.71999931335449
8019.0,13.199999809265137,23.65999984741211
8020.0,,23.739999771118164
8021.0,,23.81999969482422
8022.0,,23.76000022888184
8023.0,,23.76000022888184
8024.0,,23.940000534057617
8025.0,,24.0
8026.0,,23.799999237060547
8027.0,,23.57999992370605
8028.0,,23.459999084472656
8029.0,,23.84000015258789
8030.0,,23.739999771118164
8031.0,,23.68000030517578
8032.0,12.65999984741211,23.68000030517578
8033.0,,23.86000061035156
8034.0,,23.57999992370605
8035.0,14.100000381469728,23.5
8036.0,,23.799999237060547
8037.0,,23.540000915527344
8038.0,,23.700000762939453
8039.0,,23.780000686645508
8040.0,,23.799999237060547
8041.0,,23.86000061035156
8042.0,12.699999809265137,23.799999237060547
8043.0,,23.780000686645508
8044.0,,23.540000915527344
8045.0,,23.3799991607666
8046.0,,23.479999542236328
8047.0,,23.63999938964844
8048.0,,23.68000030517578
8049.0,,23.86000061035156
8050.0,,23.71999931335449
8051.0,,23.86000061035156
8052.0,,23.799999237060547
8053.0,14.260000228881836,23.739999771118164
8054.0,,23.89999961853028
8055.0,14.079999923706056,23.8799991607666
8056.0,,23.86000061035156
8057.0,,23.71999931335449
8058.0,,23.89999961853028
8059.0,14.5,23.8799991607666
8060.0,,23.86000061035156
8061.0,,23.81999969482422
8062.0,13.100000381469728,23.86000061035156
8063.0,13.020000457763672,23.84000015258789
8064.0,,23.84000015258789
8065.0,13.640000343322754,23.8799991607666
8066.0,,23.940000534057617
8067.0,,23.71999931335449
8068.0,,24.1200008392334
8069.0,,23.700000762939453
8070.0,,23.84000015258789
8071.0,,23.739999771118164
8072.0,,23.86000061035156
8073.0,,23.86000061035156
8074.0,,23.65999984741211
8075.0,,23.940000534057617
8076.0,,24.100000381469727
8077.0,,24.13999938964844
8078.0,,23.8799991607666
8079.0,,23.89999961853028
8080.0,,23.89999961853028
8081.0,,24.020000457763672
8082.0,,24.100000381469727
8083.0,,24.0
8084.0,,24.0
8085.0,,23.940000534057617
8086.0,,24.020000457763672
8087.0,,23.89999961853028
8088.0,13.619999885559082,23.81999969482422
8089.0,,23.8799991607666
8090.0,13.880000114440918,23.8799991607666
8091.0,13.640000343322754,23.8799991607666
8092.0,,24.100000381469727
8093.0,13.300000190734863,23.89999961853028
8094.0,14.100000381469728,24.0
8095.0,14.100000381469728,23.979999542236328
8096.0,14.199999809265137,23.81999969482422
8097.0,14.359999656677246,24.100000381469727
8098.0,,23.81999969482422
8099.0,,24.020000457763672
8100.0,,23.799999237060547
8101.0,,24.020000457763672
8102.0,14.260000228881836,24.07999992370605
8103.0,,23.84000015258789
8104.0,13.800000190734863,24.0
8105.0,13.619999885559082,23.68000030517578
8106.0,14.380000114440918,24.100000381469727
8107.0,,23.86000061035156
8108.0,,24.020000457763672
8109.0,,23.920000076293945
8110.0,,23.86000061035156
8111.0,,23.76000022888184
8112.0,,24.0
8113.0,14.420000076293944,23.57999992370605
8114.0,14.260000228881836,23.979999542236328
8115.0,,23.979999542236328
8116.0,,24.020000457763672
8117.0,14.380000114440918,23.940000534057617
8118.0,,24.020000457763672
8119.0,,24.040000915527344
8120.0,,23.780000686645508
8121.0,13.520000457763672,24.15999984741211
8122.0,,23.86000061035156
8123.0,13.15999984741211,23.940000534057617
8124.0,,24.26000022888184
8125.0,,24.020000457763672
8126.0,,24.020000457763672
8127.0,14.260000228881836,23.89999961853028
8128.0,14.300000190734863,24.100000381469727
8129.0,,23.940000534057617
8130.0,14.239999771118164,23.81999969482422
8131.0,14.34000015258789,24.040000915527344
8132.0,13.979999542236328,23.780000686645508
8133.0,14.5,23.86000061035156
8134.0,14.479999542236328,23.86000061035156
8135.0,13.84000015258789,23.86000061035156
8136.0,,24.020000457763672
8137.0,,23.459999084472656
8138.0,,24.18000030517578
8139.0,,23.979999542236328
8140.0,,23.920000076293945
8141.0,,23.81999969482422
8142.0,,23.68000030517578
8143.0,,23.71999931335449
8144.0,,24.040000915527344
8145.0,,23.86000061035156
8146.0,,23.71999931335449
8147.0,,23.979999542236328
8148.0,,23.700000762939453
8149.0,13.239999771118164,23.89999961853028
8150.0,,24.239999771118164
8151.0,13.779999732971191,24.239999771118164
8152.0,14.199999809265137,24.040000915527344
8153.0,14.020000457763672,24.239999771118164
8154.0,,23.940000534057617
8155.0,,23.8799991607666
8156.0,,23.940000534057617
8157.0,,24.280000686645508
8158.0,13.9399995803833,23.600000381469727
8159.0,,23.979999542236328
8160.0,,23.920000076293945
8161.0,,23.739999771118164
8162.0,,24.020000457763672
8163.0,,24.21999931335449
8164.0,,24.200000762939453
8165.0,,24.059999465942383
8166.0,,24.040000915527344
8167.0,,24.100000381469727
8168.0,13.779999732971191,23.86000061035156
8169.0,,23.81999969482422
8170.0,,23.71999931335449
8171.0,,24.299999237060547
8172.0,,23.920000076293945
8173.0,,24.059999465942383
8174.0,,23.739999771118164
8175.0,,23.940000534057617
8176.0,,24.18000030517578
8177.0,,24.18000030517578
8178.0,,24.21999931335449
8179.0,,24.18000030517578
8180.0,,24.540000915527344
8181.0,,23.959999084472656
8182.0,,24.280000686645508
8183.0,,23.86000061035156
8184.0,,23.959999084472656
8185.0,,23.739999771118164
8186.0,,24.18000030517578
8187.0,,23.8799991607666
8188.0,,23.65999984741211
8189.0,13.220000267028809,23.76000022888184
8190.0,13.140000343322754,23.700000762939453
8191.0,13.300000190734863,23.68000030517578
8192.0,13.0,23.700000762939453
8193.0,,23.86000061035156
8194.0,,23.71999931335449
8195.0,,23.559999465942383
8196.0,,23.63999938964844
8197.0,,23.420000076293945
8198.0,,23.26000022888184
8199.0,,23.420000076293945
8200.0,,24.040000915527344
8201.0,,24.040000915527344
8202.0,,23.89999961853028
8203.0,,23.479999542236328
8204.0,,23.600000381469727
8205.0,,23.81999969482422
8206.0,,23.6200008392334
8207.0,,23.520000457763672
8208.0,,24.0
8209.0,,23.739999771118164
8210.0,,23.65999984741211
8211.0,,23.65999984741211
8212.0,,23.71999931335449
8213.0,,23.600000381469727
8214.0,,23.700000762939453
8215.0,,23.18000030517578
8216.0,13.140000343322754,23.76000022888184
8217.0,14.34000015258789,24.479999542236328
8218.0,,24.13999938964844
8219.0,,24.07999992370605
8220.0,,24.13999938964844
8221.0,,23.8799991607666
8222.0,,24.440000534057617
8223.0,,24.299999237060547
8224.0,,24.299999237060547
8225.0,,24.34000015258789
8226.0,,24.07999992370605
8227.0,,24.200000762939453
8228.0,,24.239999771118164
8229.0,,23.959999084472656
8230.0,14.479999542236328,24.13999938964844
8231.0,,23.63999938964844
8232.0,,24.57999992370605
8233.0,,23.540000915527344
8234.0,,24.07999992370605
8235.0,13.0600004196167,23.979999542236328
8236.0,,24.420000076293945
8237.0,13.140000343322754,23.89999961853028
8238.0,,24.07999992370605
8239.0,13.300000190734863,24.26000022888184
8240.0,,24.100000381469727
8241.0,,24.34000015258789
8242.0,,24.18000030517578
8243.0,14.300000190734863,24.34000015258789
8244.0,,24.36000061035156
8245.0,,24.520000457763672
8246.0,,24.36000061035156
8247.0,,24.34000015258789
8248.0,,24.239999771118164
8249.0,,24.13999938964844
8250.0,12.920000076293944,23.959999084472656
8251.0,,23.739999771118164
8252.0,,24.020000457763672
8253.0,,24.18000030517578
8254.0,,24.31999969482422
8255.0,,24.39999961853028
8256.0,,24.36000061035156
8257.0,,24.420000076293945
8258.0,,24.100000381469727
8259.0,,24.36000061035156
8260.0,,24.100000381469727
8261.0,,24.100000381469727
8262.0,,24.479999542236328
8263.0,,24.299999237060547
8264.0,,24.059999465942383
8265.0,,24.36000061035156
8266.0,,24.15999984741211
8267.0,14.199999809265137,24.299999237060547
8268.0,,23.81999969482422
8269.0,,24.13999938964844
8270.0,,24.07999992370605
8271.0,,24.479999542236328
8272.0,,24.040000915527344
8273.0,,24.31999969482422
8274.0,,24.540000915527344
8275.0,,24.440000534057617
8276.0,,24.31999969482422
8277.0,,24.18000030517578
8278.0,13.960000038146973,24.100000381469727
8279.0,,24.39999961853028
8280.0,,24.39999961853028
8281.0,,24.600000381469727
8282.0,,24.31999969482422
8283.0,,24.540000915527344
8284.0,,24.3799991607666
8285.0,,24.39999961853028
8286.0,,24.31999969482422
8287.0,13.380000114440918,24.65999984741211
8288.0,,24.5
8289.0,,24.280000686645508
8290.0,,24.5
8291.0,,24.3799991607666
8292.0,,24.559999465942383
8293.0,,24.420000076293945
8294.0,,24.21999931335449
8295.0,,24.440000534057617
8296.0,,24.420000076293945
8297.0,,24.520000457763672
8298.0,,24.559999465942383
8299.0,,24.440000534057617
8300.0,,24.520000457763672
8301.0,,24.600000381469727
8302.0,,24.15999984741211
8303.0,,24.34000015258789
8304.0,,24.31999969482422
8305.0,,24.39999961853028
8306.0,,24.200000762939453
8307.0,,24.34000015258789
8308.0,,24.26000022888184
8309.0,,24.31999969482422
8310.0,,24.18000030517578
8311.0,,24.15999984741211
8312.0,,24.0
8313.0,,24.299999237060547
8314.0,,24.479999542236328
8315.0,,24.34000015258789
8316.0,13.81999969482422,23.700000762939453
8317.0,,24.36000061035156
8318.0,13.239999771118164,23.57999992370605
8319.0,,24.31999969482422
8320.0,,24.239999771118164
8321.0,13.739999771118164,24.36000061035156
8322.0,,23.21999931335449
8323.0,13.619999885559082,24.5
8324.0,,23.799999237060547
8325.0,,24.63999938964844
8326.0,13.100000381469728,24.520000457763672
8327.0,,24.520000457763672
8328.0,,24.459999084472656
8329.0,,24.700000762939453
8330.0,,24.68000030517578
8331.0,,24.520000457763672
8332.0,,24.63999938964844
8333.0,,
8334.0,14.260000228881836,24.700000762939453
8335.0,,24.059999465942383
8336.0,,23.8799991607666
8337.0,,24.34000015258789
8338.0,,23.979999542236328
8339.0,,24.520000457763672
8340.0,,24.059999465942383
8341.0,,24.280000686645508
8342.0,,24.5
8343.0,,24.479999542236328
8344.0,,24.57999992370605
8345.0,,24.81999969482422
8346.0,,24.34000015258789
8347.0,,24.63999938964844
8348.0,,24.39999961853028
8349.0,,24.600000381469727
8350.0,,24.57999992370605
8351.0,,24.420000076293945
8352.0,,24.65999984741211
8353.0,,24.600000381469727
8354.0,,24.63999938964844
8355.0,12.579999923706056,24.57999992370605
8356.0,,24.780000686645508
8357.0,,24.780000686645508
8358.0,,24.86000061035156
8359.0,,24.739999771118164
8360.0,,24.420000076293945
8361.0,,24.739999771118164
8362.0,,24.299999237060547
8363.0,,24.84000015258789
8364.0,,24.739999771118164
8365.0,,24.81999969482422
8366.0,,24.81999969482422
8367.0,,24.76000022888184
8368.0,,24.86000061035156
8369.0,,24.81999969482422
8370.0,,
8371.0,,24.940000534057617
8372.0,,24.76000022888184
8373.0,,24.84000015258789
8374.0,,24.65999984741211
8375.0,,24.81999969482422
8376.0,,
8377.0,,24.84000015258789
8378.0,,24.979999542236328
8379.0,14.119999885559082,24.959999084472656
8380.0,,24.68000030517578
8381.0,,24.81999969482422
8382.0,,24.700000762939453
8383.0,,24.68000030517578
8384.0,,24.65999984741211
8385.0,,24.71999931335449
8386.0,,24.780000686645508
8387.0,,24.81999969482422
8388.0,,24.799999237060547
8389.0,,
8390.0,,
8391.0,,
8392.0,,
8393.0,,24.940000534057617
8394.0,,24.89999961853028
8395.0,,
8396.0,14.279999732971191,
8397.0,,
8398.0,,
8399.0,,
8400.0,13.420000076293944,
8401.0,,
8402.0,,
8403.0,,
8404.0,,
8405.0,,
8406.0,,
8407.0,,
8408.0,,
8409.0,,
8410.0,,24.63999938964844
8411.0,,
8412.0,14.359999656677246,24.68000030517578
8413.0,,24.780000686645508
8414.0,,24.540000915527344
8415.0,,24.71999931335449
8416.0,,24.76000022888184
8417.0,,24.700000762939453
8418.0,,
8419.0,,
8420.0,,24.39999961853028
8421.0,,24.520000457763672
8422.0,,
8423.0,14.260000228881836,
8424.0,,24.540000915527344
8425.0,,
8426.0,,23.479999542236328
8427.0,,
8428.0,,
8429.0,,
8430.0,,23.239999771118164
8431.0,,
8432.0,,23.040000915527344
8433.0,,
8434.0,,
8435.0,,
8436.0,,
8437.0,13.300000190734863,
8438.0,,
8439.0,,
8440.0,,
8441.0,,24.18000030517578
8442.0,,
8443.0,,
8444.0,,23.940000534057617
8445.0,,
8446.0,,24.100000381469727
8447.0,,24.780000686645508
8448.0,13.619999885559082,24.68000030517578
8449.0,14.020000457763672,24.739999771118164
8450.0,,
8451.0,,
8452.0,,
8453.0,,
8454.0,,24.18000030517578
8455.0,,
8456.0,,
8457.0,,24.979999542236328
8458.0,,24.3799991607666
8459.0,12.779999732971191,23.940000534057617
8460.0,13.31999969482422,24.31999969482422
8461.0,,24.520000457763672
8462.0,,24.200000762939453
8463.0,,24.540000915527344
8464.0,,24.57999992370605
8465.0,,24.739999771118164
8466.0,,24.84000015258789
8467.0,,23.39999961853028
8468.0,,24.8799991607666
8469.0,,22.440000534057617
8470.0,,
8471.0,,
8472.0,,
8473.0,,
8474.0,,
8475.0,,
8476.0,,
8477.0,,
8478.0,,
8479.0,,
8480.0,,24.799999237060547
8481.0,,25.020000457763672
8482.0,,
8483.0,,24.940000534057617
8484.0,,24.68000030517578
8485.0,,24.600000381469727
8486.0,,
8487.0,,
8488.0,,
8489.0,,
8490.0,,
8491.0,,
8492.0,,
8493.0,,
8494.0,,
8495.0,,24.979999542236328
8496.0,,
8497.0,,
8498.0,,
8499.0,,
8500.0,,
8501.0,,
8502.0,,24.700000762939453
8503.0,,24.89999961853028
8504.0,,
8505.0,,
8506.0,,
8507.0,,
8508.0,,24.739999771118164
8509.0,,
8510.0,,
8511.0,,
8512.0,,
8513.0,,
8514.0,,24.84000015258789
8515.0,,
8516.0,,24.84000015258789
8517.0,,23.959999084472656
8518.0,,24.76000022888184
8519.0,,23.979999542236328
8520.0,,
8521.0,,24.0
8522.0,,23.86000061035156
8523.0,,24.07999992370605
8524.0,,24.3799991607666
8525.0,,24.299999237060547
8526.0,,24.1200008392334
8527.0,,24.76000022888184
8528.0,,24.21999931335449
8529.0,,24.84000015258789
8530.0,,24.5
8531.0,,24.479999542236328
8532.0,,24.440000534057617
8533.0,,24.36000061035156
8534.0,,24.76000022888184
8535.0,,24.13999938964844
8536.0,,23.71999931335449
8537.0,,23.81999969482422
8538.0,,23.57999992370605
8539.0,,23.799999237060547
8540.0,13.260000228881836,23.739999771118164
8541.0,,23.940000534057617
8542.0,,23.940000534057617
8543.0,,24.21999931335449
8544.0,,24.020000457763672
8545.0,,24.21999931335449
8546.0,,24.13999938964844
8547.0,,24.059999465942383
8548.0,,24.100000381469727
8549.0,,24.440000534057617
8550.0,,24.63999938964844
8551.0,,24.68000030517578
8552.0,,24.21999931335449
8553.0,,24.739999771118164
8554.0,,24.5
8555.0,,24.86000061035156
8556.0,,24.76000022888184
8557.0,,24.81999969482422
8558.0,,24.81999969482422
8559.0,,24.100000381469727
8560.0,,24.5
8561.0,,25.020000457763672
8562.0,,24.86000061035156
8563.0,,24.6200008392334
8564.0,,24.63999938964844
8565.0,,24.6200008392334
8566.0,,23.979999542236328
8567.0,,24.1200008392334
8568.0,,24.100000381469727
8569.0,,23.940000534057617
8570.0,,23.6200008392334
8571.0,,22.920000076293945
8572.0,,23.13999938964844
8573.0,,23.020000457763672
8574.0,,24.200000762939453
8575.0,,24.18000030517578
8576.0,,23.540000915527344
8577.0,,24.21999931335449
8578.0,,24.100000381469727
8579.0,,23.459999084472656
8580.0,,
8581.0,,
8582.0,,23.280000686645508
8583.0,,24.059999465942383
8584.0,,23.31999969482422
8585.0,14.300000190734863,23.84000015258789
8586.0,,23.68000030517578
8587.0,,23.299999237060547
8588.0,,24.459999084472656
8589.0,,24.059999465942383
8590.0,,24.65999984741211
8591.0,,23.299999237060547
8592.0,,22.739999771118164
8593.0,,
8594.0,,
8595.0,,23.559999465942383
8596.0,,
8597.0,,24.34000015258789
8598.0,,23.520000457763672
8599.0,,23.8799991607666
8600.0,,25.020000457763672
8601.0,,
8602.0,,
8603.0,,
8604.0,,
8605.0,,
8606.0,,
8607.0,,
8608.0,,
8609.0,,
8610.0,,
8611.0,,24.84000015258789
8612.0,,
8613.0,,
8614.0,,
8615.0,14.31999969482422,
8616.0,,
8617.0,14.420000076293944,
8618.0,,
8619.0,,
8620.0,,
8621.0,,
8622.0,,
8623.0,,
8624.0,,
8625.0,,
8626.0,,
8627.0,,
8628.0,,
8629.0,,
