p_pick_sec,s_pick_sec,denoised_channels
49.20000076293945,73.55999755859375,0.0
48.400001525878906,68.44000244140625,1.0
64.5199966430664,77.19999694824219,2.0
48.68000030517578,74.36000061035156,3.0
230.1999969482422,74.27999877929688,4.0
50.91999816894531,73.36000061035156,5.0
50.31999969482422,74.08000183105469,6.0
50.2400016784668,73.36000061035156,7.0
49.91999816894531,73.76000213623047,8.0
73.87999725341797,73.87999725341797,9.0
47.84000015258789,73.87999725341797,10.0
0.0,0.0,11.0
0.0,0.0,12.0
47.400001525878906,0.0,13.0
158.8000030517578,0.0,14.0
158.63999938964844,0.0,15.0
0.0,0.0,16.0
229.72000122070312,231.67999267578125,17.0
230.67999267578125,231.55999755859372,18.0
231.0,231.75999450683597,19.0
72.36000061035156,230.75999450683597,20.0
72.36000061035156,86.63999938964844,21.0
72.36000061035156,0.0,22.0
72.19999694824219,0.0,23.0
0.0,0.0,24.0
4.440000057220459,4.760000228881836,25.0
214.47999572753903,0.0,26.0
214.47999572753903,0.0,27.0
45.20000076293945,0.0,28.0
45.47999954223633,0.0,29.0
45.84000015258789,54.119998931884766,30.0
45.2400016784668,222.3600006103516,31.0
45.08000183105469,222.75999450683597,32.0
0.0,223.0,33.0
220.0800018310547,0.0,34.0
219.8800048828125,0.0,35.0
219.6000061035156,0.0,36.0
53.47999954223633,0.0,37.0
53.47999954223633,54.15999984741211,38.0
53.47999954223633,54.119998931884766,39.0
53.15999984741211,222.83999633789065,40.0
53.31999969482422,223.0,41.0
88.36000061035156,223.27999877929688,42.0
201.63999938964844,222.9199981689453,43.0
201.8000030517578,223.0,44.0
53.47999954223633,222.9199981689453,45.0
52.720001220703125,67.36000061035156,46.0
52.68000030517578,66.91999816894531,47.0
52.68000030517578,67.12000274658203,48.0
52.43999862670898,223.0800018310547,49.0
52.119998931884766,88.87999725341797,50.0
52.27999877929688,88.16000366210938,51.0
52.15999984741211,215.3999938964844,52.0
52.20000076293945,215.2400054931641,53.0
52.68000030517578,215.3999938964844,54.0
52.43999862670898,215.2400054931641,55.0
52.79999923706055,215.16000366210935,56.0
52.36000061035156,215.2400054931641,57.0
52.36000061035156,86.87999725341797,58.0
52.27999877929688,87.08000183105469,59.0
52.36000061035156,87.19999694824219,60.0
52.15999984741211,86.80000305175781,61.0
52.31999969482422,86.4800033569336,62.0
52.43999862670898,86.04000091552734,63.0
52.63999938964844,85.91999816894531,64.0
52.08000183105469,55.7599983215332,65.0
52.08000183105469,85.68000030517578,66.0
51.91999816894531,222.72000122070312,67.0
51.91999816894531,222.75999450683597,68.0
51.91999816894531,222.9199981689453,69.0
51.880001068115234,100.27999877929688,70.0
51.7599983215332,222.9600067138672,71.0
51.84000015258789,224.63999938964844,72.0
51.7599983215332,100.08000183105467,73.0
51.91999816894531,100.55999755859376,74.0
51.91999816894531,101.04000091552734,75.0
52.08000183105469,100.76000213623048,76.0
52.08000183105469,101.27999877929688,77.0
52.2400016784668,222.16000366210935,78.0
52.400001525878906,222.9199981689453,79.0
52.560001373291016,222.0800018310547,80.0
53.040000915527344,224.72000122070312,81.0
52.79999923706055,225.75999450683597,82.0
52.400001525878906,56.08000183105469,83.0
52.2400016784668,56.59999847412109,84.0
52.2400016784668,56.36000061035156,85.0
52.31999969482422,87.27999877929688,86.0
52.36000061035156,86.83999633789062,87.0
52.31999969482422,55.20000076293945,88.0
52.31999969482422,87.5199966430664,89.0
52.31999969482422,58.47999954223633,90.0
52.400001525878906,55.560001373291016,91.0
52.36000061035156,56.63999938964844,92.0
52.400001525878906,55.91999816894531,93.0
52.400001525878906,57.31999969482422,94.0
52.63999938964844,58.52000045776367,95.0
52.63999938964844,113.36000061035156,96.0
52.720001220703125,101.44000244140624,97.0
52.79999923706055,113.63999938964844,98.0
52.7599983215332,113.36000061035156,99.0
52.880001068115234,113.68000030517578,100.0
113.31999969482422,113.31999969482422,101.0
113.12000274658205,113.4000015258789,102.0
113.16000366210938,113.4000015258789,103.0
112.68000030517578,113.16000366210938,104.0
112.16000366210938,158.36000061035156,105.0
112.16000366210938,112.36000061035156,106.0
111.55999755859376,135.44000244140625,107.0
53.15999984741211,168.67999267578125,108.0
52.59999847412109,168.36000061035156,109.0
52.400001525878906,111.72000122070312,110.0
52.47999954223633,57.08000183105469,111.0
52.560001373291016,56.040000915527344,112.0
52.59999847412109,55.68000030517578,113.0
52.79999923706055,55.959999084472656,114.0
52.7599983215332,215.9600067138672,115.0
52.79999923706055,55.720001220703125,116.0
52.79999923706055,56.040000915527344,117.0
52.880001068115234,225.5200042724609,118.0
52.91999816894531,226.27999877929688,119.0
52.880001068115234,56.68000030517578,120.0
53.08000183105469,57.2400016784668,121.0
53.119998931884766,56.959999084472656,122.0
53.20000076293945,56.63999938964844,123.0
53.20000076293945,147.0,124.0
53.27999877929688,57.0,125.0
53.040000915527344,96.4000015258789,126.0
53.119998931884766,94.23999786376952,127.0
53.119998931884766,95.87999725341795,128.0
52.880001068115234,97.0,129.0
53.47999954223633,95.5199966430664,130.0
53.7599983215332,57.47999954223633,131.0
53.7599983215332,95.4000015258789,132.0
53.52000045776367,95.8000030517578,133.0
53.15999984741211,56.7599983215332,134.0
52.959999084472656,56.959999084472656,135.0
53.0,56.68000030517578,136.0
53.040000915527344,57.0,137.0
53.040000915527344,56.52000045776367,138.0
53.20000076293945,56.43999862670898,139.0
53.31999969482422,56.68000030517578,140.0
53.31999969482422,55.959999084472656,141.0
53.20000076293945,56.08000183105469,142.0
53.79999923706055,55.63999938964844,143.0
54.31999969482422,54.68000030517578,144.0
54.43999862670898,56.040000915527344,145.0
48.040000915527344,55.400001525878906,146.0
238.32000732421875,147.27999877929688,147.0
47.7599983215332,55.47999954223633,148.0
106.31999969482422,113.63999938964844,149.0
105.95999908447266,203.0,150.0
105.36000061035156,136.24000549316406,151.0
106.87999725341795,130.75999450683594,152.0
106.91999816894533,130.32000732421875,153.0
109.95999908447266,131.0399932861328,154.0
113.0,130.1199951171875,155.0
119.55999755859376,131.44000244140625,156.0
238.16000366210935,130.27999877929688,157.0
109.16000366210938,1.2799999713897705,158.0
107.27999877929688,124.68000030517578,159.0
109.1999969482422,126.4800033569336,160.0
107.91999816894533,125.72000122070312,161.0
114.12000274658205,126.91999816894533,162.0
108.83999633789062,124.4800033569336,163.0
109.08000183105467,177.39999389648438,164.0
109.04000091552734,123.0,165.0
106.31999969482422,55.59999847412109,166.0
111.08000183105467,119.4000015258789,167.0
109.4800033569336,178.52000427246094,168.0
54.36000061035156,0.0,169.0
94.5999984741211,110.68000030517578,170.0
53.91999816894531,66.5199966430664,171.0
54.2400016784668,67.08000183105469,172.0
95.55999755859376,36.91999816894531,173.0
54.31999969482422,55.36000061035156,174.0
53.79999923706055,54.959999084472656,175.0
53.91999816894531,55.08000183105469,176.0
53.63999938964844,54.52000045776367,177.0
52.84000015258789,161.24000549316406,178.0
52.720001220703125,165.63999938964844,179.0
52.560001373291016,55.720001220703125,180.0
52.400001525878906,116.31999969482422,181.0
52.08000183105469,54.52000045776367,182.0
52.20000076293945,66.76000213623047,183.0
52.63999938964844,115.95999908447266,184.0
52.20000076293945,67.91999816894531,185.0
53.31999969482422,161.0399932861328,186.0
52.43999862670898,53.63999938964844,187.0
52.36000061035156,55.91999816894531,188.0
52.68000030517578,53.2400016784668,189.0
49.36000061035156,54.0,190.0
52.47999954223633,52.84000015258789,191.0
238.32000732421875,53.2400016784668,192.0
52.59999847412109,53.15999984741211,193.0
94.08000183105467,54.08000183105469,194.0
93.87999725341795,167.8000030517578,195.0
94.12000274658205,53.79999923706055,196.0
93.63999938964844,56.040000915527344,197.0
52.560001373291016,53.040000915527344,198.0
44.47999954223633,53.84000015258789,199.0
93.8000030517578,93.76000213623048,200.0
43.7599983215332,53.31999969482422,201.0
93.8000030517578,93.8000030517578,202.0
43.880001068115234,53.43999862670898,203.0
93.91999816894533,116.27999877929688,204.0
43.59999847412109,116.5199966430664,205.0
116.4000015258789,116.91999816894533,206.0
116.23999786376952,53.59999847412109,207.0
52.880001068115234,116.63999938964844,208.0
52.880001068115234,53.79999923706055,209.0
52.59999847412109,114.95999908447266,210.0
52.880001068115234,54.27999877929688,211.0
52.560001373291016,163.0399932861328,212.0
53.36000061035156,117.23999786376952,213.0
53.47999954223633,117.16000366210938,214.0
52.84000015258789,117.4800033569336,215.0
52.880001068115234,117.12000274658205,216.0
52.84000015258789,53.63999938964844,217.0
52.43999862670898,117.23999786376952,218.0
52.31999969482422,53.15999984741211,219.0
52.560001373291016,52.68000030517578,220.0
52.68000030517578,52.52000045776367,221.0
52.15999984741211,52.84000015258789,222.0
52.2400016784668,52.91999816894531,223.0
53.0,110.31999969482422,224.0
52.720001220703125,53.720001220703125,225.0
52.720001220703125,117.27999877929688,226.0
53.47999954223633,110.23999786376952,227.0
52.43999862670898,160.75999450683594,228.0
52.27999877929688,117.91999816894533,229.0
52.880001068115234,161.1199951171875,230.0
52.52000045776367,117.27999877929688,231.0
52.560001373291016,117.1999969482422,232.0
52.68000030517578,117.08000183105467,233.0
95.72000122070312,113.76000213623048,234.0
53.15999984741211,113.16000366210938,235.0
53.08000183105469,107.83999633789062,236.0
53.119998931884766,95.0,237.0
53.79999923706055,95.4800033569336,238.0
53.43999862670898,95.31999969482422,239.0
53.43999862670898,94.27999877929688,240.0
53.63999938964844,95.16000366210938,241.0
53.08000183105469,95.04000091552734,242.0
95.4000015258789,95.63999938964844,243.0
94.83999633789062,95.55999755859376,244.0
52.52000045776367,95.91999816894533,245.0
95.4000015258789,96.04000091552734,246.0
95.5199966430664,96.83999633789062,247.0
52.63999938964844,95.27999877929688,248.0
52.84000015258789,98.04000091552734,249.0
52.68000030517578,97.4000015258789,250.0
53.08000183105469,95.16000366210938,251.0
52.91999816894531,96.4000015258789,252.0
53.400001525878906,97.76000213623048,253.0
52.84000015258789,96.5999984741211,254.0
53.43999862670898,161.0399932861328,255.0
53.63999938964844,161.0399932861328,256.0
52.84000015258789,160.8000030517578,257.0
53.52000045776367,161.36000061035156,258.0
52.7599983215332,161.36000061035156,259.0
53.20000076293945,161.0,260.0
53.119998931884766,160.83999633789062,261.0
53.2400016784668,161.44000244140625,262.0
53.040000915527344,161.24000549316406,263.0
53.15999984741211,160.27999877929688,264.0
92.68000030517578,112.4800033569336,265.0
52.880001068115234,113.12000274658205,266.0
52.84000015258789,111.91999816894533,267.0
52.84000015258789,113.08000183105467,268.0
53.15999984741211,111.76000213623048,269.0
53.20000076293945,111.5199966430664,270.0
52.959999084472656,112.68000030517578,271.0
53.119998931884766,112.72000122070312,272.0
52.91999816894531,112.95999908447266,273.0
52.84000015258789,113.04000091552734,274.0
52.7599983215332,112.63999938964844,275.0
52.68000030517578,113.0,276.0
52.52000045776367,112.91999816894533,277.0
52.43999862670898,112.5199966430664,278.0
52.20000076293945,111.4800033569336,279.0
52.27999877929688,112.1999969482422,280.0
52.36000061035156,109.95999908447266,281.0
52.119998931884766,110.4000015258789,282.0
51.91999816894531,109.76000213623048,283.0
52.040000915527344,110.63999938964844,284.0
52.040000915527344,109.68000030517578,285.0
51.959999084472656,100.4000015258789,286.0
52.040000915527344,99.12000274658205,287.0
51.91999816894531,99.31999969482422,288.0
52.0,99.44000244140624,289.0
52.0,99.23999786376952,290.0
52.040000915527344,99.4000015258789,291.0
51.959999084472656,98.91999816894533,292.0
52.0,99.44000244140624,293.0
52.0,99.27999877929688,294.0
51.79999923706055,98.95999908447266,295.0
52.040000915527344,95.36000061035156,296.0
51.880001068115234,95.55999755859376,297.0
51.84000015258789,95.76000213623048,298.0
51.959999084472656,95.12000274658205,299.0
51.84000015258789,95.16000366210938,300.0
51.959999084472656,94.31999969482422,301.0
51.79999923706055,94.5199966430664,302.0
51.84000015258789,94.76000213623048,303.0
51.7599983215332,95.12000274658205,304.0
51.560001373291016,94.8000030517578,305.0
51.720001220703125,94.4800033569336,306.0
51.7599983215332,96.4800033569336,307.0
51.720001220703125,94.8000030517578,308.0
51.79999923706055,91.5999984741211,309.0
51.68000030517578,92.27999877929688,310.0
51.68000030517578,91.91999816894533,311.0
51.63999938964844,91.76000213623048,312.0
51.68000030517578,92.27999877929688,313.0
51.7599983215332,91.31999969482422,314.0
51.880001068115234,227.32000732421875,315.0
51.79999923706055,227.1999969482422,316.0
51.84000015258789,95.87999725341795,317.0
51.84000015258789,226.75999450683597,318.0
51.7599983215332,226.0399932861328,319.0
51.7599983215332,225.55999755859372,320.0
51.68000030517578,96.72000122070312,321.0
51.68000030517578,225.47999572753903,322.0
51.59999847412109,225.1999969482422,323.0
51.68000030517578,225.47999572753903,324.0
51.7599983215332,98.87999725341795,325.0
51.7599983215332,225.3600006103516,326.0
51.7599983215332,97.91999816894533,327.0
51.7599983215332,97.5199966430664,328.0
51.68000030517578,98.4000015258789,329.0
51.63999938964844,98.0,330.0
51.560001373291016,98.12000274658205,331.0
51.68000030517578,97.87999725341795,332.0
51.47999954223633,97.76000213623048,333.0
51.47999954223633,97.1999969482422,334.0
51.560001373291016,225.67999267578125,335.0
51.2400016784668,225.3999938964844,336.0
51.31999969482422,56.52000045776367,337.0
51.2400016784668,224.83999633789065,338.0
51.43999862670898,223.44000244140625,339.0
51.52000045776367,90.1999969482422,340.0
52.2400016784668,225.47999572753903,341.0
51.880001068115234,90.31999969482422,342.0
52.20000076293945,225.47999572753903,343.0
52.52000045776367,90.8000030517578,344.0
52.79999923706055,225.9600067138672,345.0
52.91999816894531,90.0,346.0
52.91999816894531,89.63999938964844,347.0
52.84000015258789,89.63999938964844,348.0
53.0,226.67999267578125,349.0
53.0,227.27999877929688,350.0
53.0,54.79999923706055,351.0
53.0,227.16000366210935,352.0
52.91999816894531,90.04000091552734,353.0
52.880001068115234,90.0,354.0
52.79999923706055,90.68000030517578,355.0
52.560001373291016,90.12000274658205,356.0
52.7599983215332,90.04000091552734,357.0
52.7599983215332,89.87999725341797,358.0
52.7599983215332,89.63999938964844,359.0
52.79999923706055,89.63999938964844,360.0
53.119998931884766,89.4000015258789,361.0
51.27999877929688,89.36000061035156,362.0
48.400001525878906,89.5199966430664,363.0
50.31999969482422,89.55999755859375,364.0
48.7599983215332,89.55999755859375,365.0
48.720001220703125,52.43999862670898,366.0
48.52000045776367,50.91999816894531,367.0
48.040000915527344,89.83999633789062,368.0
47.119998931884766,89.95999908447266,369.0
52.84000015258789,53.560001373291016,370.0
47.119998931884766,54.27999877929688,371.0
47.43999862670898,226.2400054931641,372.0
47.43999862670898,92.91999816894533,373.0
48.119998931884766,94.4800033569336,374.0
52.7599983215332,94.4800033569336,375.0
52.52000045776367,94.08000183105467,376.0
52.31999969482422,94.76000213623048,377.0
52.36000061035156,94.23999786376952,378.0
49.959999084472656,94.63999938964844,379.0
51.119998931884766,95.4000015258789,380.0
50.400001525878906,93.95999908447266,381.0
50.560001373291016,94.76000213623048,382.0
50.2400016784668,93.4000015258789,383.0
50.560001373291016,94.36000061035156,384.0
50.119998931884766,92.87999725341795,385.0
51.36000061035156,89.44000244140625,386.0
51.27999877929688,89.95999908447266,387.0
51.68000030517578,97.12000274658205,388.0
51.68000030517578,91.0,389.0
51.63999938964844,94.44000244140624,390.0
51.20000076293945,92.4000015258789,391.0
51.880001068115234,94.4000015258789,392.0
51.880001068115234,90.4800033569336,393.0
51.84000015258789,89.5199966430664,394.0
51.63999938964844,89.5199966430664,395.0
51.79999923706055,89.5999984741211,396.0
51.7599983215332,89.31999969482422,397.0
51.720001220703125,89.55999755859375,398.0
51.7599983215332,53.2400016784668,399.0
51.84000015258789,53.31999969482422,400.0
52.08000183105469,54.040000915527344,401.0
52.08000183105469,54.43999862670898,402.0
52.2400016784668,54.119998931884766,403.0
52.20000076293945,54.91999816894531,404.0
52.119998931884766,54.68000030517578,405.0
52.0,55.31999969482422,406.0
51.7599983215332,54.68000030517578,407.0
52.59999847412109,54.84000015258789,408.0
52.400001525878906,54.959999084472656,409.0
52.0,91.5199966430664,410.0
51.91999816894531,92.31999969482422,411.0
51.91999816894531,89.4800033569336,412.0
51.880001068115234,90.1999969482422,413.0
52.040000915527344,90.1999969482422,414.0
51.7599983215332,89.87999725341797,415.0
51.84000015258789,226.9600067138672,416.0
52.119998931884766,216.6000061035156,417.0
51.7599983215332,239.9600067138672,418.0
52.15999984741211,105.8000030517578,419.0
52.47999954223633,54.400001525878906,420.0
52.560001373291016,54.36000061035156,421.0
52.68000030517578,95.16000366210938,422.0
52.560001373291016,218.3999938964844,423.0
52.43999862670898,69.19999694824219,424.0
52.08000183105469,68.5199966430664,425.0
52.31999969482422,97.44000244140624,426.0
51.91999816894531,239.9600067138672,427.0
51.7599983215332,68.31999969482422,428.0
51.0,239.9600067138672,429.0
51.0,239.9600067138672,430.0
50.59999847412109,239.9600067138672,431.0
50.59999847412109,239.9600067138672,432.0
50.0,239.9600067138672,433.0
50.27999877929688,239.9600067138672,434.0
50.20000076293945,239.9600067138672,435.0
50.2400016784668,98.63999938964844,436.0
50.2400016784668,52.2400016784668,437.0
50.36000061035156,53.040000915527344,438.0
50.59999847412109,53.20000076293945,439.0
50.880001068115234,53.27999877929688,440.0
50.7599983215332,53.08000183105469,441.0
51.0,223.44000244140625,442.0
50.68000030517578,222.0399932861328,443.0
50.880001068115234,221.67999267578125,444.0
50.31999969482422,221.67999267578125,445.0
50.880001068115234,221.55999755859372,446.0
50.720001220703125,221.8800048828125,447.0
50.84000015258789,221.27999877929688,448.0
50.52000045776367,89.83999633789062,449.0
50.79999923706055,54.47999954223633,450.0
51.040000915527344,91.16000366210938,451.0
50.84000015258789,53.68000030517578,452.0
50.7599983215332,53.880001068115234,453.0
50.91999816894531,226.16000366210935,454.0
50.27999877929688,99.5199966430664,455.0
50.27999877929688,99.44000244140624,456.0
50.720001220703125,217.47999572753903,457.0
50.959999084472656,102.04000091552734,458.0
51.0,100.36000061035156,459.0
51.119998931884766,102.44000244140624,460.0
51.43999862670898,102.76000213623048,461.0
51.43999862670898,102.27999877929688,462.0
51.27999877929688,103.31999969482422,463.0
51.20000076293945,118.63999938964844,464.0
51.08000183105469,104.5999984741211,465.0
49.68000030517578,104.5999984741211,466.0
49.20000076293945,104.44000244140624,467.0
49.400001525878906,53.52000045776367,468.0
50.59999847412109,103.63999938964844,469.0
50.59999847412109,104.12000274658205,470.0
50.36000061035156,104.08000183105467,471.0
51.0,103.91999816894533,472.0
50.43999862670898,104.04000091552734,473.0
51.31999969482422,99.91999816894533,474.0
51.43999862670898,104.08000183105467,475.0
51.560001373291016,99.27999877929688,476.0
51.36000061035156,104.0,477.0
51.720001220703125,104.04000091552734,478.0
51.63999938964844,115.08000183105467,479.0
51.36000061035156,104.1999969482422,480.0
51.040000915527344,104.5199966430664,481.0
51.36000061035156,104.72000122070312,482.0
51.119998931884766,104.68000030517578,483.0
51.0,104.4000015258789,484.0
51.2400016784668,104.4800033569336,485.0
51.43999862670898,217.63999938964844,486.0
51.68000030517578,217.55999755859372,487.0
52.0,217.32000732421875,488.0
52.08000183105469,52.43999862670898,489.0
52.119998931884766,52.68000030517578,490.0
52.15999984741211,88.23999786376953,491.0
52.08000183105469,104.08000183105467,492.0
51.68000030517578,88.31999969482422,493.0
51.84000015258789,88.5999984741211,494.0
50.63999938964844,88.91999816894531,495.0
51.7599983215332,88.83999633789062,496.0
51.43999862670898,88.91999816894531,497.0
51.0,89.0,498.0
52.15999984741211,88.72000122070312,499.0
51.43999862670898,89.23999786376953,500.0
52.36000061035156,228.3600006103516,501.0
52.36000061035156,88.95999908447266,502.0
51.040000915527344,89.0,503.0
52.040000915527344,89.23999786376953,504.0
50.560001373291016,228.27999877929688,505.0
50.91999816894531,89.83999633789062,506.0
51.31999969482422,68.83999633789062,507.0
51.47999954223633,220.72000122070312,508.0
51.52000045776367,66.4000015258789,509.0
52.08000183105469,220.44000244140625,510.0
52.27999877929688,68.23999786376953,511.0
52.20000076293945,67.87999725341797,512.0
52.20000076293945,228.0,513.0
52.0,87.76000213623047,514.0
52.0,228.32000732421875,515.0
51.79999923706055,88.91999816894531,516.0
51.79999923706055,228.75999450683597,517.0
51.91999816894531,87.91999816894531,518.0
51.36000061035156,228.63999938964844,519.0
51.880001068115234,87.91999816894531,520.0
51.43999862670898,72.68000030517578,521.0
51.08000183105469,87.12000274658203,522.0
51.119998931884766,72.87999725341797,523.0
51.2400016784668,86.5199966430664,524.0
51.15999984741211,73.23999786376953,525.0
51.15999984741211,228.5200042724609,526.0
50.79999923706055,228.16000366210935,527.0
50.68000030517578,228.32000732421875,528.0
50.7599983215332,73.55999755859375,529.0
49.91999816894531,222.0399932861328,530.0
51.0,221.5200042724609,531.0
50.08000183105469,222.1999969482422,532.0
51.20000076293945,221.1999969482422,533.0
51.119998931884766,66.19999694824219,534.0
51.43999862670898,66.16000366210938,535.0
51.27999877929688,65.5999984741211,536.0
51.119998931884766,83.4800033569336,537.0
51.2400016784668,65.4800033569336,538.0
51.36000061035156,83.16000366210938,539.0
51.47999954223633,85.5199966430664,540.0
51.400001525878906,222.1199951171875,541.0
51.27999877929688,222.1199951171875,542.0
51.119998931884766,68.5199966430664,543.0
51.400001525878906,67.4000015258789,544.0
50.68000030517578,71.44000244140625,545.0
51.880001068115234,66.80000305175781,546.0
51.63999938964844,239.9600067138672,547.0
52.2400016784668,65.87999725341797,548.0
52.15999984741211,67.95999908447266,549.0
51.84000015258789,64.19999694824219,550.0
52.400001525878906,220.1999969482422,551.0
52.15999984741211,222.0800018310547,552.0
52.27999877929688,74.44000244140625,553.0
52.20000076293945,222.67999267578125,554.0
52.43999862670898,67.55999755859375,555.0
52.27999877929688,222.8000030517578,556.0
52.27999877929688,65.72000122070312,557.0
52.2400016784668,74.04000091552734,558.0
52.31999969482422,220.0399932861328,559.0
52.59999847412109,221.16000366210935,560.0
52.68000030517578,220.3600006103516,561.0
52.52000045776367,53.400001525878906,562.0
52.52000045776367,63.7599983215332,563.0
52.59999847412109,217.44000244140625,564.0
52.84000015258789,64.0,565.0
52.720001220703125,63.0,566.0
52.43999862670898,63.15999984741211,567.0
52.43999862670898,63.43999862670898,568.0
52.52000045776367,63.36000061035156,569.0
52.91999816894531,63.119998931884766,570.0
52.91999816894531,224.75999450683597,571.0
52.959999084472656,91.63999938964844,572.0
53.15999984741211,92.76000213623048,573.0
53.27999877929688,95.16000366210938,574.0
52.880001068115234,92.4800033569336,575.0
53.63999938964844,63.040000915527344,576.0
52.79999923706055,86.95999908447266,577.0
52.880001068115234,94.87999725341795,578.0
52.59999847412109,92.68000030517578,579.0
52.36000061035156,95.4800033569336,580.0
52.27999877929688,86.80000305175781,581.0
52.119998931884766,222.1999969482422,582.0
51.79999923706055,86.31999969482422,583.0
51.720001220703125,87.12000274658203,584.0
51.7599983215332,87.87999725341797,585.0
51.720001220703125,87.91999816894531,586.0
51.68000030517578,87.68000030517578,587.0
51.43999862670898,88.16000366210938,588.0
50.79999923706055,88.44000244140625,589.0
50.91999816894531,88.27999877929688,590.0
50.84000015258789,88.27999877929688,591.0
50.720001220703125,79.72000122070312,592.0
50.720001220703125,218.32000732421875,593.0
50.68000030517578,219.27999877929688,594.0
50.720001220703125,219.8000030517578,595.0
50.7599983215332,218.83999633789065,596.0
50.7599983215332,88.72000122070312,597.0
50.79999923706055,87.80000305175781,598.0
50.79999923706055,88.91999816894531,599.0
50.79999923706055,88.68000030517578,600.0
50.2400016784668,66.5199966430664,601.0
50.15999984741211,89.23999786376953,602.0
50.15999984741211,65.0,603.0
50.15999984741211,89.12000274658203,604.0
50.0,219.6000061035156,605.0
50.15999984741211,223.27999877929688,606.0
50.0,108.08000183105467,607.0
49.91999816894531,223.55999755859372,608.0
50.52000045776367,107.95999908447266,609.0
50.43999862670898,223.0800018310547,610.0
50.52000045776367,89.80000305175781,611.0
50.47999954223633,222.9600067138672,612.0
50.43999862670898,223.47999572753903,613.0
50.31999969482422,223.3600006103516,614.0
50.63999938964844,223.3999938964844,615.0
50.720001220703125,223.1999969482422,616.0
49.68000030517578,223.47999572753903,617.0
49.560001373291016,89.16000366210938,618.0
49.52000045776367,89.04000091552734,619.0
49.20000076293945,89.04000091552734,620.0
49.08000183105469,222.9600067138672,621.0
48.880001068115234,223.1199951171875,622.0
48.52000045776367,223.32000732421875,623.0
48.560001373291016,222.32000732421875,624.0
48.52000045776367,222.16000366210935,625.0
48.47999954223633,222.1199951171875,626.0
48.560001373291016,222.44000244140625,627.0
48.880001068115234,222.6000061035156,628.0
48.63999938964844,222.1199951171875,629.0
48.7599983215332,220.83999633789065,630.0
48.63999938964844,221.27999877929688,631.0
48.720001220703125,221.27999877929688,632.0
48.79999923706055,222.0399932861328,633.0
48.720001220703125,222.44000244140625,634.0
48.63999938964844,222.2400054931641,635.0
48.15999984741211,221.8000030517578,636.0
48.2400016784668,57.7599983215332,637.0
48.91999816894531,56.7599983215332,638.0
49.119998931884766,56.52000045776367,639.0
49.52000045776367,56.720001220703125,640.0
49.79999923706055,221.83999633789065,641.0
49.880001068115234,223.0800018310547,642.0
49.63999938964844,222.8000030517578,643.0
49.880001068115234,223.27999877929688,644.0
49.7599983215332,223.16000366210935,645.0
50.119998931884766,223.0,646.0
50.15999984741211,68.19999694824219,647.0
50.47999954223633,54.08000183105469,648.0
51.2400016784668,221.67999267578125,649.0
51.63999938964844,58.68000030517578,650.0
51.560001373291016,69.16000366210938,651.0
51.560001373291016,59.7599983215332,652.0
51.59999847412109,70.91999816894531,653.0
51.27999877929688,57.15999984741211,654.0
50.959999084472656,74.5199966430664,655.0
51.59999847412109,77.4000015258789,656.0
51.43999862670898,57.15999984741211,657.0
52.27999877929688,57.720001220703125,658.0
51.84000015258789,57.47999954223633,659.0
52.08000183105469,57.27999877929688,660.0
51.7599983215332,221.32000732421875,661.0
51.720001220703125,220.27999877929688,662.0
51.560001373291016,221.1999969482422,663.0
51.63999938964844,221.0399932861328,664.0
51.720001220703125,220.55999755859372,665.0
51.7599983215332,76.44000244140625,666.0
51.7599983215332,76.31999969482422,667.0
51.52000045776367,219.1999969482422,668.0
51.15999984741211,75.87999725341797,669.0
51.08000183105469,76.16000366210938,670.0
50.91999816894531,76.04000091552734,671.0
51.040000915527344,84.19999694824219,672.0
51.20000076293945,218.8000030517578,673.0
50.959999084472656,103.44000244140624,674.0
51.15999984741211,103.76000213623048,675.0
50.27999877929688,94.83999633789062,676.0
50.47999954223633,96.63999938964844,677.0
50.720001220703125,95.27999877929688,678.0
50.91999816894531,96.76000213623048,679.0
50.91999816894531,97.68000030517578,680.0
50.84000015258789,104.68000030517578,681.0
51.119998931884766,239.9600067138672,682.0
51.31999969482422,239.9600067138672,683.0
51.27999877929688,74.68000030517578,684.0
51.43999862670898,75.04000091552734,685.0
51.27999877929688,75.55999755859375,686.0
51.27999877929688,75.0,687.0
51.040000915527344,222.8800048828125,688.0
51.0,222.72000122070312,689.0
50.79999923706055,223.16000366210935,690.0
50.959999084472656,223.0,691.0
51.52000045776367,223.1199951171875,692.0
51.27999877929688,222.63999938964844,693.0
51.68000030517578,222.16000366210935,694.0
51.68000030517578,222.3999938964844,695.0
51.63999938964844,222.2400054931641,696.0
51.880001068115234,222.27999877929688,697.0
51.880001068115234,222.47999572753903,698.0
51.91999816894531,63.2400016784668,699.0
51.63999938964844,76.08000183105469,700.0
51.59999847412109,75.36000061035156,701.0
51.63999938964844,74.5199966430664,702.0
51.63999938964844,54.08000183105469,703.0
51.52000045776367,55.52000045776367,704.0
51.59999847412109,63.52000045776367,705.0
51.560001373291016,220.5200042724609,706.0
51.560001373291016,221.32000732421875,707.0
51.36000061035156,61.52000045776367,708.0
51.31999969482422,223.1199951171875,709.0
51.20000076293945,239.9600067138672,710.0
51.27999877929688,60.68000030517578,711.0
51.400001525878906,222.6000061035156,712.0
51.63999938964844,61.560001373291016,713.0
51.27999877929688,222.63999938964844,714.0
51.31999969482422,63.15999984741211,715.0
51.27999877929688,62.959999084472656,716.0
51.2400016784668,63.15999984741211,717.0
51.31999969482422,63.43999862670898,718.0
51.27999877929688,63.2400016784668,719.0
51.400001525878906,63.08000183105469,720.0
51.47999954223633,62.7599983215332,721.0
51.43999862670898,63.119998931884766,722.0
51.43999862670898,239.9600067138672,723.0
51.43999862670898,62.52000045776367,724.0
51.43999862670898,239.9600067138672,725.0
51.43999862670898,62.91999816894531,726.0
51.43999862670898,65.5199966430664,727.0
51.43999862670898,62.7599983215332,728.0
51.31999969482422,64.08000183105469,729.0
51.400001525878906,63.7599983215332,730.0
51.31999969482422,239.9600067138672,731.0
51.27999877929688,63.43999862670898,732.0
50.84000015258789,63.0,733.0
50.68000030517578,239.55999755859372,734.0
50.43999862670898,62.59999847412109,735.0
51.08000183105469,62.68000030517578,736.0
51.040000915527344,62.63999938964844,737.0
51.27999877929688,62.84000015258789,738.0
51.27999877929688,63.040000915527344,739.0
51.400001525878906,62.47999954223633,740.0
51.31999969482422,63.119998931884766,741.0
51.31999969482422,62.91999816894531,742.0
51.560001373291016,63.43999862670898,743.0
51.47999954223633,63.119998931884766,744.0
51.20000076293945,93.4000015258789,745.0
51.560001373291016,93.08000183105467,746.0
51.7599983215332,93.23999786376952,747.0
51.7599983215332,93.27999877929688,748.0
51.7599983215332,93.08000183105467,749.0
51.68000030517578,93.4000015258789,750.0
51.63999938964844,93.0,751.0
51.52000045776367,93.4800033569336,752.0
51.52000045776367,92.95999908447266,753.0
51.47999954223633,94.04000091552734,754.0
51.52000045776367,62.84000015258789,755.0
51.36000061035156,94.68000030517578,756.0
51.560001373291016,62.880001068115234,757.0
51.59999847412109,62.63999938964844,758.0
51.560001373291016,61.52000045776367,759.0
51.560001373291016,92.87999725341795,760.0
51.43999862670898,239.9600067138672,761.0
51.63999938964844,92.83999633789062,762.0
51.52000045776367,239.9600067138672,763.0
51.47999954223633,92.4800033569336,764.0
51.27999877929688,239.9600067138672,765.0
50.43999862670898,239.9600067138672,766.0
50.720001220703125,239.9600067138672,767.0
50.31999969482422,239.9600067138672,768.0
50.79999923706055,94.04000091552734,769.0
50.91999816894531,239.9600067138672,770.0
50.2400016784668,93.72000122070312,771.0
50.7599983215332,239.9600067138672,772.0
50.52000045776367,93.5199966430664,773.0
50.720001220703125,93.23999786376952,774.0
50.7599983215332,93.23999786376952,775.0
50.720001220703125,93.31999969482422,776.0
50.79999923706055,93.63999938964844,777.0
50.43999862670898,93.0,778.0
50.560001373291016,93.31999969482422,779.0
50.63999938964844,93.5199966430664,780.0
49.52000045776367,93.23999786376952,781.0
49.84000015258789,223.8800048828125,782.0
49.36000061035156,223.0800018310547,783.0
49.119998931884766,220.55999755859372,784.0
49.040000915527344,78.63999938964844,785.0
49.040000915527344,84.5199966430664,786.0
49.20000076293945,86.12000274658203,787.0
49.27999877929688,93.91999816894533,788.0
50.15999984741211,79.63999938964844,789.0
49.720001220703125,92.5199966430664,790.0
49.68000030517578,92.36000061035156,791.0
50.040000915527344,93.16000366210938,792.0
49.63999938964844,77.0,793.0
49.63999938964844,219.1199951171875,794.0
49.91999816894531,77.12000274658203,795.0
49.880001068115234,91.76000213623048,796.0
50.43999862670898,220.27999877929688,797.0
50.880001068115234,219.8000030517578,798.0
50.36000061035156,219.63999938964844,799.0
50.0,92.5999984741211,800.0
49.84000015258789,92.55999755859376,801.0
49.52000045776367,220.16000366210935,802.0
49.880001068115234,91.44000244140624,803.0
49.720001220703125,91.91999816894533,804.0
49.43999862670898,91.4800033569336,805.0
49.880001068115234,93.83999633789062,806.0
49.560001373291016,91.0,807.0
49.52000045776367,70.27999877929688,808.0
49.43999862670898,70.91999816894531,809.0
49.63999938964844,92.08000183105467,810.0
50.20000076293945,86.31999969482422,811.0
49.68000030517578,220.1999969482422,812.0
50.15999984741211,220.0800018310547,813.0
49.68000030517578,220.8000030517578,814.0
49.560001373291016,220.3999938964844,815.0
48.79999923706055,220.9199981689453,816.0
48.47999954223633,53.20000076293945,817.0
49.27999877929688,220.9199981689453,818.0
50.7599983215332,87.76000213623047,819.0
50.720001220703125,239.9600067138672,820.0
51.040000915527344,239.9600067138672,821.0
51.15999984741211,239.9600067138672,822.0
50.84000015258789,239.55999755859372,823.0
50.20000076293945,61.36000061035156,824.0
50.7599983215332,58.880001068115234,825.0
50.560001373291016,56.040000915527344,826.0
50.84000015258789,58.560001373291016,827.0
49.880001068115234,56.31999969482422,828.0
49.84000015258789,227.1999969482422,829.0
49.720001220703125,53.68000030517578,830.0
49.59999847412109,227.32000732421875,831.0
49.880001068115234,219.1999969482422,832.0
50.15999984741211,53.59999847412109,833.0
50.2400016784668,94.23999786376952,834.0
50.31999969482422,225.5200042724609,835.0
50.68000030517578,54.720001220703125,836.0
50.68000030517578,54.63999938964844,837.0
50.63999938964844,225.47999572753903,838.0
51.15999984741211,54.880001068115234,839.0
51.31999969482422,226.3999938964844,840.0
51.36000061035156,54.59999847412109,841.0
51.43999862670898,224.8000030517578,842.0
51.47999954223633,225.55999755859372,843.0
51.959999084472656,222.83999633789065,844.0
51.84000015258789,223.63999938964844,845.0
52.0,61.959999084472656,846.0
52.040000915527344,61.20000076293945,847.0
52.20000076293945,221.0800018310547,848.0
52.20000076293945,221.63999938964844,849.0
52.119998931884766,221.27999877929688,850.0
52.15999984741211,97.76000213623048,851.0
51.84000015258789,222.0800018310547,852.0
51.79999923706055,221.0399932861328,853.0
51.68000030517578,239.9600067138672,854.0
51.84000015258789,239.9600067138672,855.0
51.2400016784668,239.9600067138672,856.0
51.15999984741211,82.76000213623047,857.0
51.31999969482422,81.36000061035156,858.0
51.2400016784668,220.9199981689453,859.0
51.119998931884766,57.119998931884766,860.0
51.43999862670898,56.959999084472656,861.0
51.43999862670898,57.400001525878906,862.0
51.47999954223633,57.560001373291016,863.0
51.880001068115234,57.84000015258789,864.0
52.27999877929688,57.959999084472656,865.0
52.27999877929688,57.79999923706055,866.0
52.2400016784668,58.040000915527344,867.0
51.52000045776367,58.040000915527344,868.0
51.68000030517578,58.119998931884766,869.0
51.31999969482422,58.15999984741211,870.0
52.0,58.52000045776367,871.0
52.08000183105469,58.20000076293945,872.0
51.880001068115234,58.27999877929688,873.0
51.7599983215332,58.119998931884766,874.0
51.43999862670898,56.84000015258789,875.0
51.20000076293945,57.31999969482422,876.0
51.43999862670898,57.08000183105469,877.0
51.47999954223633,57.560001373291016,878.0
51.880001068115234,57.63999938964844,879.0
52.0,57.119998931884766,880.0
52.119998931884766,57.7599983215332,881.0
51.7599983215332,57.91999816894531,882.0
51.880001068115234,58.20000076293945,883.0
52.15999984741211,58.47999954223633,884.0
52.119998931884766,58.36000061035156,885.0
51.880001068115234,58.7599983215332,886.0
51.7599983215332,58.52000045776367,887.0
51.68000030517578,59.08000183105469,888.0
51.36000061035156,56.84000015258789,889.0
51.560001373291016,227.9600067138672,890.0
52.0,102.72000122070312,891.0
52.0,102.5999984741211,892.0
51.68000030517578,102.23999786376952,893.0
52.0,103.23999786376952,894.0
52.040000915527344,103.23999786376952,895.0
51.7599983215332,103.5199966430664,896.0
51.36000061035156,78.55999755859375,897.0
51.36000061035156,78.5999984741211,898.0
51.20000076293945,77.91999816894531,899.0
51.84000015258789,78.63999938964844,900.0
51.959999084472656,55.15999984741211,901.0
52.08000183105469,55.119998931884766,902.0
52.20000076293945,78.55999755859375,903.0
51.79999923706055,51.79999923706055,904.0
51.2400016784668,53.47999954223633,905.0
50.47999954223633,233.1199951171875,906.0
50.68000030517578,53.68000030517578,907.0
50.84000015258789,232.1999969482422,908.0
50.68000030517578,54.040000915527344,909.0
50.84000015258789,55.91999816894531,910.0
51.31999969482422,57.08000183105469,911.0
51.720001220703125,57.560001373291016,912.0
52.040000915527344,57.400001525878906,913.0
51.79999923706055,57.63999938964844,914.0
51.7599983215332,57.959999084472656,915.0
51.880001068115234,58.20000076293945,916.0
51.2400016784668,58.43999862670898,917.0
50.959999084472656,58.59999847412109,918.0
50.31999969482422,58.59999847412109,919.0
50.31999969482422,58.59999847412109,920.0
50.91999816894531,58.68000030517578,921.0
51.91999816894531,224.0399932861328,922.0
51.7599983215332,223.83999633789065,923.0
51.79999923706055,57.560001373291016,924.0
51.47999954223633,56.27999877929688,925.0
49.880001068115234,57.0,926.0
49.79999923706055,56.20000076293945,927.0
49.52000045776367,55.31999969482422,928.0
49.880001068115234,55.2400016784668,929.0
49.880001068115234,54.91999816894531,930.0
49.68000030517578,55.2400016784668,931.0
49.79999923706055,54.2400016784668,932.0
49.68000030517578,56.0,933.0
50.68000030517578,58.119998931884766,934.0
51.0,55.0,935.0
51.43999862670898,55.0,936.0
51.0,61.63999938964844,937.0
50.79999923706055,52.84000015258789,938.0
50.959999084472656,53.2400016784668,939.0
51.59999847412109,53.08000183105469,940.0
51.720001220703125,53.119998931884766,941.0
51.84000015258789,53.08000183105469,942.0
51.880001068115234,62.59999847412109,943.0
51.959999084472656,61.720001220703125,944.0
51.91999816894531,61.15999984741211,945.0
51.84000015258789,61.560001373291016,946.0
51.560001373291016,62.27999877929688,947.0
51.880001068115234,61.36000061035156,948.0
51.91999816894531,233.0800018310547,949.0
52.119998931884766,62.15999984741211,950.0
52.040000915527344,62.47999954223633,951.0
51.959999084472656,62.15999984741211,952.0
51.15999984741211,62.040000915527344,953.0
51.15999984741211,68.0,954.0
50.68000030517578,51.880001068115234,955.0
50.52000045776367,51.08000183105469,956.0
50.560001373291016,52.08000183105469,957.0
50.59999847412109,52.43999862670898,958.0
51.2400016784668,52.68000030517578,959.0
50.560001373291016,228.9199981689453,960.0
51.720001220703125,66.63999938964844,961.0
51.63999938964844,239.9600067138672,962.0
52.52000045776367,53.52000045776367,963.0
52.63999938964844,52.560001373291016,964.0
52.79999923706055,223.3999938964844,965.0
51.63999938964844,223.72000122070312,966.0
51.47999954223633,60.880001068115234,967.0
51.0,61.560001373291016,968.0
51.560001373291016,61.84000015258789,969.0
51.63999938964844,61.43999862670898,970.0
51.63999938964844,83.76000213623047,971.0
51.560001373291016,239.9600067138672,972.0
52.119998931884766,84.08000183105469,973.0
52.27999877929688,83.5999984741211,974.0
52.400001525878906,83.5999984741211,975.0
52.47999954223633,83.12000274658203,976.0
52.36000061035156,53.0,977.0
52.040000915527344,53.08000183105469,978.0
51.43999862670898,52.84000015258789,979.0
51.79999923706055,52.84000015258789,980.0
51.400001525878906,52.720001220703125,981.0
51.91999816894531,53.15999984741211,982.0
51.7599983215332,52.880001068115234,983.0
52.15999984741211,52.880001068115234,984.0
50.959999084472656,52.68000030517578,985.0
50.7599983215332,89.68000030517578,986.0
50.68000030517578,86.83999633789062,987.0
50.959999084472656,86.80000305175781,988.0
51.040000915527344,239.9600067138672,989.0
51.7599983215332,239.9600067138672,990.0
51.68000030517578,79.5999984741211,991.0
51.79999923706055,79.83999633789062,992.0
51.880001068115234,80.04000091552734,993.0
51.79999923706055,52.7599983215332,994.0
51.959999084472656,76.0,995.0
51.959999084472656,239.9600067138672,996.0
51.79999923706055,239.9600067138672,997.0
51.31999969482422,239.9600067138672,998.0
52.15999984741211,239.9600067138672,999.0
52.20000076293945,82.95999908447266,1000.0
52.36000061035156,62.119998931884766,1001.0
52.59999847412109,84.12000274658203,1002.0
52.36000061035156,85.72000122070312,1003.0
52.720001220703125,85.83999633789062,1004.0
52.31999969482422,85.80000305175781,1005.0
52.27999877929688,53.040000915527344,1006.0
52.43999862670898,85.87999725341797,1007.0
52.040000915527344,86.0,1008.0
52.27999877929688,239.9600067138672,1009.0
52.59999847412109,68.19999694824219,1010.0
52.59999847412109,68.44000244140625,1011.0
52.47999954223633,69.31999969482422,1012.0
52.040000915527344,73.68000030517578,1013.0
51.880001068115234,73.55999755859375,1014.0
51.68000030517578,73.4800033569336,1015.0
51.52000045776367,73.27999877929688,1016.0
51.36000061035156,73.36000061035156,1017.0
51.36000061035156,73.0,1018.0
51.2400016784668,73.04000091552734,1019.0
51.27999877929688,52.84000015258789,1020.0
51.08000183105469,52.59999847412109,1021.0
50.7599983215332,239.9600067138672,1022.0
51.2400016784668,52.79999923706055,1023.0
51.36000061035156,71.44000244140625,1024.0
51.31999969482422,71.04000091552734,1025.0
51.43999862670898,219.9600067138672,1026.0
51.560001373291016,91.4000015258789,1027.0
51.560001373291016,92.12000274658205,1028.0
51.68000030517578,91.12000274658205,1029.0
51.63999938964844,91.31999969482422,1030.0
51.79999923706055,53.400001525878906,1031.0
51.560001373291016,52.47999954223633,1032.0
51.47999954223633,53.63999938964844,1033.0
50.84000015258789,53.119998931884766,1034.0
51.15999984741211,53.08000183105469,1035.0
51.36000061035156,52.91999816894531,1036.0
51.79999923706055,85.0,1037.0
51.63999938964844,87.4800033569336,1038.0
51.43999862670898,84.83999633789062,1039.0
51.7599983215332,239.9600067138672,1040.0
51.880001068115234,70.19999694824219,1041.0
52.36000061035156,69.55999755859375,1042.0
51.720001220703125,69.04000091552734,1043.0
51.68000030517578,239.9600067138672,1044.0
51.43999862670898,69.23999786376953,1045.0
51.040000915527344,75.80000305175781,1046.0
51.720001220703125,77.23999786376953,1047.0
51.08000183105469,78.27999877929688,1048.0
51.47999954223633,52.880001068115234,1049.0
51.68000030517578,52.560001373291016,1050.0
51.560001373291016,52.720001220703125,1051.0
51.68000030517578,52.08000183105469,1052.0
51.7599983215332,52.7599983215332,1053.0
51.7599983215332,239.9600067138672,1054.0
51.560001373291016,239.9600067138672,1055.0
51.560001373291016,239.9600067138672,1056.0
51.31999969482422,239.9600067138672,1057.0
51.400001525878906,239.9600067138672,1058.0
50.91999816894531,53.0,1059.0
50.47999954223633,223.55999755859372,1060.0
48.63999938964844,52.84000015258789,1061.0
49.119998931884766,52.880001068115234,1062.0
49.47999954223633,53.119998931884766,1063.0
51.400001525878906,52.880001068115234,1064.0
51.36000061035156,53.560001373291016,1065.0
51.560001373291016,53.720001220703125,1066.0
51.0,54.84000015258789,1067.0
50.79999923706055,54.91999816894531,1068.0
50.68000030517578,53.63999938964844,1069.0
51.15999984741211,53.400001525878906,1070.0
51.63999938964844,53.880001068115234,1071.0
51.47999954223633,53.79999923706055,1072.0
51.0,53.47999954223633,1073.0
51.040000915527344,223.32000732421875,1074.0
51.68000030517578,75.63999938964844,1075.0
51.2400016784668,223.5200042724609,1076.0
51.400001525878906,224.72000122070312,1077.0
52.20000076293945,224.83999633789065,1078.0
53.040000915527344,224.5200042724609,1079.0
52.2400016784668,223.32000732421875,1080.0
52.2400016784668,222.3600006103516,1081.0
52.08000183105469,221.47999572753903,1082.0
52.08000183105469,57.400001525878906,1083.0
51.7599983215332,221.47999572753903,1084.0
51.68000030517578,221.44000244140625,1085.0
51.7599983215332,221.16000366210935,1086.0
51.43999862670898,71.27999877929688,1087.0
51.43999862670898,71.23999786376953,1088.0
52.0,71.44000244140625,1089.0
51.79999923706055,61.119998931884766,1090.0
52.20000076293945,61.0,1091.0
52.0,55.31999969482422,1092.0
51.880001068115234,55.59999847412109,1093.0
51.959999084472656,53.880001068115234,1094.0
52.0,222.9199981689453,1095.0
52.08000183105469,223.5200042724609,1096.0
52.31999969482422,222.83999633789065,1097.0
52.720001220703125,223.67999267578125,1098.0
52.720001220703125,223.9600067138672,1099.0
52.63999938964844,224.2400054931641,1100.0
52.43999862670898,224.27999877929688,1101.0
52.36000061035156,224.44000244140625,1102.0
52.119998931884766,224.47999572753903,1103.0
52.20000076293945,224.47999572753903,1104.0
52.31999969482422,224.55999755859372,1105.0
52.2400016784668,89.87999725341797,1106.0
51.959999084472656,52.880001068115234,1107.0
51.84000015258789,53.0,1108.0
52.119998931884766,88.87999725341797,1109.0
51.91999816894531,88.55999755859375,1110.0
52.040000915527344,88.5999984741211,1111.0
51.91999816894531,88.63999938964844,1112.0
51.91999816894531,54.79999923706055,1113.0
51.880001068115234,53.52000045776367,1114.0
51.959999084472656,223.32000732421875,1115.0
52.040000915527344,220.27999877929688,1116.0
52.040000915527344,221.3999938964844,1117.0
52.15999984741211,223.47999572753903,1118.0
52.20000076293945,224.8800048828125,1119.0
52.15999984741211,223.63999938964844,1120.0
51.959999084472656,224.0399932861328,1121.0
51.79999923706055,223.44000244140625,1122.0
51.720001220703125,223.44000244140625,1123.0
51.7599983215332,223.83999633789065,1124.0
51.59999847412109,223.1199951171875,1125.0
51.91999816894531,222.83999633789065,1126.0
51.560001373291016,222.55999755859372,1127.0
51.43999862670898,55.79999923706055,1128.0
51.36000061035156,55.119998931884766,1129.0
51.560001373291016,55.20000076293945,1130.0
51.560001373291016,54.84000015258789,1131.0
51.560001373291016,54.68000030517578,1132.0
51.31999969482422,54.36000061035156,1133.0
51.63999938964844,54.59999847412109,1134.0
50.7599983215332,54.52000045776367,1135.0
51.43999862670898,223.0399932861328,1136.0
50.720001220703125,53.68000030517578,1137.0
51.27999877929688,222.67999267578125,1138.0
50.84000015258789,222.32000732421875,1139.0
51.68000030517578,221.55999755859372,1140.0
51.560001373291016,53.880001068115234,1141.0
51.63999938964844,91.4800033569336,1142.0
51.31999969482422,91.8000030517578,1143.0
51.84000015258789,53.119998931884766,1144.0
51.560001373291016,53.119998931884766,1145.0
51.560001373291016,94.16000366210938,1146.0
51.52000045776367,92.72000122070312,1147.0
51.0,91.8000030517578,1148.0
51.2400016784668,92.0,1149.0
50.91999816894531,91.91999816894533,1150.0
51.15999984741211,91.5999984741211,1151.0
50.91999816894531,92.27999877929688,1152.0
51.31999969482422,221.8800048828125,1153.0
51.20000076293945,221.1999969482422,1154.0
50.68000030517578,222.1999969482422,1155.0
50.7599983215332,221.5200042724609,1156.0
50.43999862670898,52.720001220703125,1157.0
50.59999847412109,52.63999938964844,1158.0
50.68000030517578,53.0,1159.0
50.720001220703125,52.47999954223633,1160.0
50.720001220703125,52.720001220703125,1161.0
50.91999816894531,221.5200042724609,1162.0
51.68000030517578,52.959999084472656,1163.0
51.31999969482422,221.9199981689453,1164.0
51.0,53.2400016784668,1165.0
50.84000015258789,91.91999816894533,1166.0
51.2400016784668,91.31999969482422,1167.0
51.08000183105469,92.12000274658205,1168.0
52.119998931884766,91.91999816894533,1169.0
51.59999847412109,91.95999908447266,1170.0
51.7599983215332,92.23999786376952,1171.0
51.36000061035156,91.87999725341795,1172.0
51.040000915527344,92.16000366210938,1173.0
51.040000915527344,91.83999633789062,1174.0
51.36000061035156,91.63999938964844,1175.0
51.15999984741211,91.68000030517578,1176.0
51.560001373291016,91.5999984741211,1177.0
51.79999923706055,91.5199966430664,1178.0
52.36000061035156,91.83999633789062,1179.0
51.119998931884766,91.31999969482422,1180.0
51.68000030517578,91.31999969482422,1181.0
51.52000045776367,91.1999969482422,1182.0
51.959999084472656,90.87999725341795,1183.0
51.560001373291016,91.04000091552734,1184.0
51.43999862670898,91.12000274658205,1185.0
51.15999984741211,91.5999984741211,1186.0
51.0,91.5999984741211,1187.0
50.91999816894531,91.5999984741211,1188.0
50.47999954223633,52.68000030517578,1189.0
50.880001068115234,92.1999969482422,1190.0
51.2400016784668,91.76000213623048,1191.0
51.08000183105469,91.23999786376952,1192.0
51.27999877929688,90.87999725341795,1193.0
50.959999084472656,53.400001525878906,1194.0
50.79999923706055,91.5999984741211,1195.0
51.119998931884766,90.95999908447266,1196.0
50.959999084472656,52.47999954223633,1197.0
43.43999862670898,52.36000061035156,1198.0
43.119998931884766,52.20000076293945,1199.0
43.36000061035156,52.040000915527344,1200.0
43.43999862670898,52.040000915527344,1201.0
43.43999862670898,52.040000915527344,1202.0
43.43999862670898,52.31999969482422,1203.0
43.84000015258789,92.4800033569336,1204.0
50.79999923706055,91.83999633789062,1205.0
50.400001525878906,91.5199966430664,1206.0
50.79999923706055,92.4000015258789,1207.0
50.59999847412109,51.91999816894531,1208.0
50.79999923706055,92.83999633789062,1209.0
51.08000183105469,93.04000091552734,1210.0
51.08000183105469,215.72000122070312,1211.0
51.0,93.4800033569336,1212.0
50.720001220703125,52.31999969482422,1213.0
50.27999877929688,52.59999847412109,1214.0
50.31999969482422,52.040000915527344,1215.0
50.59999847412109,52.040000915527344,1216.0
50.84000015258789,52.040000915527344,1217.0
50.91999816894531,52.119998931884766,1218.0
50.91999816894531,52.0,1219.0
51.0,52.31999969482422,1220.0
50.68000030517578,52.27999877929688,1221.0
50.7599983215332,52.27999877929688,1222.0
50.68000030517578,52.560001373291016,1223.0
50.47999954223633,52.52000045776367,1224.0
50.63999938964844,136.1199951171875,1225.0
50.52000045776367,52.43999862670898,1226.0
51.36000061035156,52.31999969482422,1227.0
44.63999938964844,52.7599983215332,1228.0
44.59999847412109,52.27999877929688,1229.0
44.7599983215332,52.20000076293945,1230.0
44.959999084472656,52.59999847412109,1231.0
44.79999923706055,51.91999816894531,1232.0
44.959999084472656,52.59999847412109,1233.0
44.47999954223633,52.2400016784668,1234.0
44.720001220703125,52.2400016784668,1235.0
44.27999877929688,52.59999847412109,1236.0
44.880001068115234,52.52000045776367,1237.0
44.880001068115234,52.59999847412109,1238.0
45.47999954223633,52.36000061035156,1239.0
45.84000015258789,52.7599983215332,1240.0
45.47999954223633,52.63999938964844,1241.0
46.15999984741211,52.2400016784668,1242.0
45.08000183105469,217.83999633789065,1243.0
49.68000030517578,217.9600067138672,1244.0
50.63999938964844,58.91999816894531,1245.0
50.91999816894531,60.400001525878906,1246.0
51.2400016784668,64.91999816894531,1247.0
51.31999969482422,62.52000045776367,1248.0
51.52000045776367,62.52000045776367,1249.0
51.68000030517578,62.2400016784668,1250.0
51.47999954223633,219.8800048828125,1251.0
51.43999862670898,58.2400016784668,1252.0
51.560001373291016,58.0,1253.0
51.43999862670898,58.0,1254.0
51.68000030517578,55.959999084472656,1255.0
51.47999954223633,56.20000076293945,1256.0
51.43999862670898,56.15999984741211,1257.0
50.959999084472656,56.400001525878906,1258.0
51.2400016784668,54.59999847412109,1259.0
51.0,53.2400016784668,1260.0
51.68000030517578,52.59999847412109,1261.0
51.59999847412109,53.0,1262.0
51.880001068115234,52.59999847412109,1263.0
51.68000030517578,52.68000030517578,1264.0
51.68000030517578,53.400001525878906,1265.0
51.68000030517578,53.560001373291016,1266.0
51.68000030517578,53.47999954223633,1267.0
51.36000061035156,53.7599983215332,1268.0
51.119998931884766,55.36000061035156,1269.0
50.63999938964844,59.2400016784668,1270.0
50.79999923706055,59.400001525878906,1271.0
50.560001373291016,59.560001373291016,1272.0
50.560001373291016,61.08000183105469,1273.0
50.47999954223633,60.15999984741211,1274.0
51.2400016784668,61.0,1275.0
51.36000061035156,60.7599983215332,1276.0
51.68000030517578,57.720001220703125,1277.0
51.63999938964844,56.52000045776367,1278.0
51.68000030517578,56.20000076293945,1279.0
51.43999862670898,56.84000015258789,1280.0
51.36000061035156,57.59999847412109,1281.0
51.0,86.0,1282.0
50.84000015258789,53.400001525878906,1283.0
47.68000030517578,53.2400016784668,1284.0
47.36000061035156,53.0,1285.0
47.20000076293945,52.959999084472656,1286.0
47.59999847412109,52.880001068115234,1287.0
48.400001525878906,52.91999816894531,1288.0
49.31999969482422,52.84000015258789,1289.0
48.119998931884766,52.91999816894531,1290.0
51.63999938964844,52.91999816894531,1291.0
50.560001373291016,52.68000030517578,1292.0
52.119998931884766,52.43999862670898,1293.0
49.959999084472656,52.400001525878906,1294.0
51.040000915527344,52.59999847412109,1295.0
51.040000915527344,52.52000045776367,1296.0
51.2400016784668,52.68000030517578,1297.0
51.59999847412109,52.59999847412109,1298.0
51.7599983215332,52.68000030517578,1299.0
51.84000015258789,52.63999938964844,1300.0
52.040000915527344,52.59999847412109,1301.0
52.08000183105469,52.68000030517578,1302.0
52.08000183105469,52.7599983215332,1303.0
52.08000183105469,53.08000183105469,1304.0
52.08000183105469,53.2400016784668,1305.0
52.27999877929688,53.08000183105469,1306.0
52.2400016784668,53.63999938964844,1307.0
52.15999984741211,53.27999877929688,1308.0
51.880001068115234,53.0,1309.0
51.720001220703125,53.400001525878906,1310.0
51.2400016784668,53.63999938964844,1311.0
48.720001220703125,53.959999084472656,1312.0
48.720001220703125,53.880001068115234,1313.0
51.08000183105469,84.08000183105469,1314.0
51.119998931884766,54.880001068115234,1315.0
51.400001525878906,53.31999969482422,1316.0
51.400001525878906,53.040000915527344,1317.0
51.31999969482422,52.91999816894531,1318.0
51.119998931884766,52.560001373291016,1319.0
51.959999084472656,52.52000045776367,1320.0
52.400001525878906,52.59999847412109,1321.0
52.43999862670898,52.400001525878906,1322.0
52.08000183105469,52.27999877929688,1323.0
52.0,52.27999877929688,1324.0
51.59999847412109,52.43999862670898,1325.0
218.0,52.119998931884766,1326.0
51.720001220703125,52.119998931884766,1327.0
50.91999816894531,51.91999816894531,1328.0
51.59999847412109,52.27999877929688,1329.0
51.2400016784668,52.0,1330.0
51.31999969482422,52.36000061035156,1331.0
51.119998931884766,52.43999862670898,1332.0
50.959999084472656,52.040000915527344,1333.0
51.20000076293945,51.84000015258789,1334.0
51.0,51.91999816894531,1335.0
51.119998931884766,51.79999923706055,1336.0
51.0,51.79999923706055,1337.0
50.7599983215332,51.880001068115234,1338.0
50.63999938964844,51.7599983215332,1339.0
50.91999816894531,51.880001068115234,1340.0
50.91999816894531,51.880001068115234,1341.0
50.720001220703125,51.959999084472656,1342.0
50.91999816894531,51.91999816894531,1343.0
50.63999938964844,51.91999816894531,1344.0
51.040000915527344,51.880001068115234,1345.0
45.040000915527344,51.959999084472656,1346.0
45.040000915527344,52.0,1347.0
45.31999969482422,51.84000015258789,1348.0
51.31999969482422,51.68000030517578,1349.0
51.2400016784668,51.720001220703125,1350.0
51.36000061035156,51.7599983215332,1351.0
51.36000061035156,51.63999938964844,1352.0
51.119998931884766,220.3600006103516,1353.0
51.119998931884766,220.6000061035156,1354.0
50.040000915527344,220.5200042724609,1355.0
51.2400016784668,220.44000244140625,1356.0
51.59999847412109,220.6000061035156,1357.0
51.2400016784668,52.720001220703125,1358.0
51.20000076293945,52.36000061035156,1359.0
51.31999969482422,52.15999984741211,1360.0
51.63999938964844,52.0,1361.0
51.7599983215332,220.3999938964844,1362.0
51.31999969482422,52.36000061035156,1363.0
51.36000061035156,220.3600006103516,1364.0
51.36000061035156,219.8800048828125,1365.0
51.43999862670898,219.55999755859372,1366.0
51.36000061035156,94.4800033569336,1367.0
51.36000061035156,94.4800033569336,1368.0
51.43999862670898,239.9600067138672,1369.0
51.20000076293945,239.9600067138672,1370.0
51.15999984741211,239.9600067138672,1371.0
50.91999816894531,89.4800033569336,1372.0
51.040000915527344,219.6000061035156,1373.0
50.43999862670898,218.9600067138672,1374.0
51.08000183105469,219.1199951171875,1375.0
51.20000076293945,219.44000244140625,1376.0
51.2400016784668,219.6000061035156,1377.0
51.36000061035156,220.1199951171875,1378.0
51.43999862670898,220.32000732421875,1379.0
51.15999984741211,220.3999938964844,1380.0
51.63999938964844,220.3999938964844,1381.0
51.68000030517578,220.0399932861328,1382.0
51.15999984741211,220.0800018310547,1383.0
51.119998931884766,239.9600067138672,1384.0
51.15999984741211,239.9600067138672,1385.0
51.36000061035156,239.9600067138672,1386.0
51.560001373291016,239.9600067138672,1387.0
51.560001373291016,239.9600067138672,1388.0
50.91999816894531,239.9600067138672,1389.0
50.91999816894531,239.9600067138672,1390.0
50.7599983215332,220.55999755859372,1391.0
50.91999816894531,220.72000122070312,1392.0
50.880001068115234,221.0,1393.0
51.040000915527344,221.0399932861328,1394.0
51.2400016784668,221.0,1395.0
51.20000076293945,221.1999969482422,1396.0
51.43999862670898,221.1199951171875,1397.0
51.31999969482422,221.3999938964844,1398.0
51.47999954223633,221.16000366210935,1399.0
51.31999969482422,221.0800018310547,1400.0
51.47999954223633,221.0,1401.0
51.43999862670898,220.8800048828125,1402.0
51.560001373291016,221.0,1403.0
51.52000045776367,220.55999755859372,1404.0
51.560001373291016,220.75999450683597,1405.0
51.36000061035156,220.3999938964844,1406.0
51.2400016784668,220.72000122070312,1407.0
51.119998931884766,220.32000732421875,1408.0
220.0399932861328,53.400001525878906,1409.0
219.72000122070312,53.0,1410.0
219.9600067138672,52.68000030517578,1411.0
219.8800048828125,239.9600067138672,1412.0
51.43999862670898,239.9600067138672,1413.0
51.31999969482422,239.9600067138672,1414.0
51.36000061035156,239.9600067138672,1415.0
51.119998931884766,239.9600067138672,1416.0
51.2400016784668,71.4800033569336,1417.0
51.2400016784668,221.9600067138672,1418.0
51.36000061035156,222.0399932861328,1419.0
51.36000061035156,222.0800018310547,1420.0
51.400001525878906,221.9600067138672,1421.0
51.560001373291016,221.63999938964844,1422.0
51.560001373291016,221.63999938964844,1423.0
50.91999816894531,220.83999633789065,1424.0
51.119998931884766,220.6000061035156,1425.0
51.119998931884766,220.83999633789065,1426.0
50.47999954223633,220.75999450683597,1427.0
50.68000030517578,53.52000045776367,1428.0
50.52000045776367,52.59999847412109,1429.0
52.040000915527344,53.400001525878906,1430.0
52.0,52.7599983215332,1431.0
51.880001068115234,220.2400054931641,1432.0
51.63999938964844,220.1199951171875,1433.0
51.43999862670898,53.2400016784668,1434.0
51.47999954223633,52.7599983215332,1435.0
51.560001373291016,52.52000045776367,1436.0
51.68000030517578,52.7599983215332,1437.0
51.560001373291016,220.55999755859372,1438.0
52.040000915527344,220.8800048828125,1439.0
51.36000061035156,220.67999267578125,1440.0
51.47999954223633,87.04000091552734,1441.0
51.59999847412109,221.3999938964844,1442.0
51.52000045776367,70.80000305175781,1443.0
51.560001373291016,221.44000244140625,1444.0
51.63999938964844,239.9600067138672,1445.0
51.720001220703125,221.44000244140625,1446.0
51.68000030517578,52.36000061035156,1447.0
51.2400016784668,52.08000183105469,1448.0
51.400001525878906,222.5200042724609,1449.0
51.47999954223633,223.2400054931641,1450.0
51.15999984741211,52.7599983215332,1451.0
51.119998931884766,82.91999816894531,1452.0
50.91999816894531,82.91999816894531,1453.0
50.52000045776367,220.8800048828125,1454.0
50.59999847412109,220.63999938964844,1455.0
50.63999938964844,220.5200042724609,1456.0
50.59999847412109,220.83999633789065,1457.0
51.20000076293945,220.55999755859372,1458.0
50.400001525878906,220.75999450683597,1459.0
50.52000045776367,220.67999267578125,1460.0
50.119998931884766,220.67999267578125,1461.0
51.2400016784668,221.32000732421875,1462.0
51.63999938964844,222.1199951171875,1463.0
51.560001373291016,222.0399932861328,1464.0
51.47999954223633,220.9600067138672,1465.0
50.959999084472656,220.75999450683597,1466.0
51.36000061035156,220.3600006103516,1467.0
51.040000915527344,220.63999938964844,1468.0
50.7599983215332,220.44000244140625,1469.0
50.68000030517578,220.8800048828125,1470.0
50.91999816894531,220.63999938964844,1471.0
50.91999816894531,221.1999969482422,1472.0
50.7599983215332,221.3600006103516,1473.0
50.119998931884766,221.3600006103516,1474.0
50.52000045776367,80.83999633789062,1475.0
50.31999969482422,80.5199966430664,1476.0
49.400001525878906,80.72000122070312,1477.0
49.43999862670898,80.68000030517578,1478.0
49.68000030517578,80.63999938964844,1479.0
50.27999877929688,80.44000244140625,1480.0
50.720001220703125,232.72000122070312,1481.0
51.400001525878906,239.9600067138672,1482.0
51.43999862670898,232.63999938964844,1483.0
51.63999938964844,239.9600067138672,1484.0
51.91999816894531,232.32000732421875,1485.0
51.79999923706055,239.9600067138672,1486.0
51.63999938964844,74.08000183105469,1487.0
51.400001525878906,239.9600067138672,1488.0
51.43999862670898,221.32000732421875,1489.0
51.2400016784668,221.0399932861328,1490.0
50.7599983215332,220.9600067138672,1491.0
50.84000015258789,220.8800048828125,1492.0
50.91999816894531,220.72000122070312,1493.0
220.6000061035156,220.83999633789065,1494.0
51.040000915527344,220.55999755859372,1495.0
220.2400054931641,239.9600067138672,1496.0
220.47999572753903,239.9600067138672,1497.0
220.63999938964844,231.1999969482422,1498.0
220.63999938964844,239.9600067138672,1499.0
50.7599983215332,218.9600067138672,1500.0
50.63999938964844,239.9600067138672,1501.0
50.68000030517578,219.1199951171875,1502.0
50.84000015258789,218.9600067138672,1503.0
50.7599983215332,218.9600067138672,1504.0
51.119998931884766,239.9600067138672,1505.0
51.119998931884766,53.79999923706055,1506.0
50.880001068115234,219.8800048828125,1507.0
50.84000015258789,219.6000061035156,1508.0
50.720001220703125,219.8000030517578,1509.0
51.040000915527344,219.27999877929688,1510.0
50.47999954223633,65.16000366210938,1511.0
50.720001220703125,220.27999877929688,1512.0
51.31999969482422,220.44000244140625,1513.0
51.20000076293945,219.47999572753903,1514.0
51.560001373291016,220.1199951171875,1515.0
51.400001525878906,220.44000244140625,1516.0
51.36000061035156,220.72000122070312,1517.0
51.43999862670898,52.20000076293945,1518.0
51.43999862670898,52.2400016784668,1519.0
50.880001068115234,52.27999877929688,1520.0
50.720001220703125,66.27999877929688,1521.0
50.47999954223633,220.8000030517578,1522.0
50.79999923706055,221.0,1523.0
50.52000045776367,51.47999954223633,1524.0
50.31999969482422,220.8800048828125,1525.0
50.15999984741211,54.560001373291016,1526.0
50.119998931884766,54.79999923706055,1527.0
50.040000915527344,55.119998931884766,1528.0
50.08000183105469,55.27999877929688,1529.0
50.52000045776367,55.43999862670898,1530.0
51.0,55.79999923706055,1531.0
51.43999862670898,56.63999938964844,1532.0
51.400001525878906,56.52000045776367,1533.0
51.560001373291016,56.84000015258789,1534.0
51.31999969482422,56.880001068115234,1535.0
51.400001525878906,222.1999969482422,1536.0
51.59999847412109,56.119998931884766,1537.0
51.560001373291016,56.040000915527344,1538.0
51.63999938964844,55.91999816894531,1539.0
51.59999847412109,56.43999862670898,1540.0
51.560001373291016,56.880001068115234,1541.0
51.52000045776367,56.27999877929688,1542.0
51.52000045776367,56.560001373291016,1543.0
51.79999923706055,56.20000076293945,1544.0
51.84000015258789,54.79999923706055,1545.0
52.040000915527344,56.31999969482422,1546.0
51.880001068115234,223.1199951171875,1547.0
51.68000030517578,56.040000915527344,1548.0
51.47999954223633,55.79999923706055,1549.0
51.119998931884766,56.2400016784668,1550.0
51.43999862670898,56.52000045776367,1551.0
51.43999862670898,57.040000915527344,1552.0
51.400001525878906,57.15999984741211,1553.0
51.59999847412109,57.47999954223633,1554.0
51.560001373291016,146.32000732421875,1555.0
51.560001373291016,61.31999969482422,1556.0
51.560001373291016,61.15999984741211,1557.0
51.959999084472656,60.68000030517578,1558.0
51.2400016784668,59.63999938964844,1559.0
51.43999862670898,59.47999954223633,1560.0
51.7599983215332,59.0,1561.0
51.31999969482422,58.720001220703125,1562.0
51.47999954223633,58.91999816894531,1563.0
50.91999816894531,58.880001068115234,1564.0
50.560001373291016,59.52000045776367,1565.0
50.63999938964844,58.63999938964844,1566.0
50.43999862670898,58.79999923706055,1567.0
50.91999816894531,59.20000076293945,1568.0
50.91999816894531,59.2400016784668,1569.0
51.08000183105469,59.43999862670898,1570.0
51.15999984741211,145.0,1571.0
51.2400016784668,58.59999847412109,1572.0
51.52000045776367,145.39999389648438,1573.0
51.59999847412109,58.040000915527344,1574.0
51.43999862670898,57.20000076293945,1575.0
51.63999938964844,57.040000915527344,1576.0
51.63999938964844,56.720001220703125,1577.0
51.47999954223633,92.5199966430664,1578.0
51.36000061035156,92.55999755859376,1579.0
51.0,92.4000015258789,1580.0
51.119998931884766,92.4000015258789,1581.0
51.040000915527344,92.0,1582.0
51.119998931884766,92.27999877929688,1583.0
51.119998931884766,92.23999786376952,1584.0
51.15999984741211,92.55999755859376,1585.0
51.27999877929688,92.91999816894533,1586.0
51.59999847412109,92.91999816894533,1587.0
51.7599983215332,92.76000213623048,1588.0
51.720001220703125,92.4000015258789,1589.0
51.560001373291016,56.43999862670898,1590.0
51.59999847412109,56.47999954223633,1591.0
51.040000915527344,56.040000915527344,1592.0
51.720001220703125,56.27999877929688,1593.0
51.52000045776367,56.15999984741211,1594.0
51.27999877929688,55.63999938964844,1595.0
51.959999084472656,55.15999984741211,1596.0
51.959999084472656,55.36000061035156,1597.0
51.959999084472656,55.52000045776367,1598.0
51.720001220703125,55.560001373291016,1599.0
51.720001220703125,55.59999847412109,1600.0
51.400001525878906,54.91999816894531,1601.0
51.560001373291016,54.27999877929688,1602.0
51.400001525878906,54.0,1603.0
51.560001373291016,57.119998931884766,1604.0
51.59999847412109,59.720001220703125,1605.0
51.59999847412109,60.59999847412109,1606.0
51.68000030517578,61.560001373291016,1607.0
51.68000030517578,220.75999450683597,1608.0
51.52000045776367,219.83999633789065,1609.0
51.36000061035156,220.2400054931641,1610.0
51.36000061035156,219.32000732421875,1611.0
51.36000061035156,65.68000030517578,1612.0
51.36000061035156,53.47999954223633,1613.0
51.31999969482422,64.44000244140625,1614.0
51.20000076293945,65.0,1615.0
51.20000076293945,219.47999572753903,1616.0
50.959999084472656,51.84000015258789,1617.0
51.08000183105469,219.16000366210935,1618.0
51.15999984741211,51.7599983215332,1619.0
51.08000183105469,52.560001373291016,1620.0
51.119998931884766,52.720001220703125,1621.0
51.36000061035156,52.91999816894531,1622.0
51.36000061035156,53.20000076293945,1623.0
51.36000061035156,52.2400016784668,1624.0
51.08000183105469,52.15999984741211,1625.0
50.91999816894531,52.52000045776367,1626.0
50.880001068115234,51.91999816894531,1627.0
51.27999877929688,51.7599983215332,1628.0
51.08000183105469,52.400001525878906,1629.0
51.27999877929688,52.720001220703125,1630.0
51.2400016784668,53.15999984741211,1631.0
51.2400016784668,53.31999969482422,1632.0
51.15999984741211,53.68000030517578,1633.0
51.08000183105469,54.119998931884766,1634.0
50.91999816894531,53.720001220703125,1635.0
51.040000915527344,53.91999816894531,1636.0
50.91999816894531,51.720001220703125,1637.0
51.20000076293945,53.2400016784668,1638.0
51.2400016784668,53.27999877929688,1639.0
50.959999084472656,53.0,1640.0
51.040000915527344,52.91999816894531,1641.0
51.040000915527344,52.880001068115234,1642.0
50.959999084472656,52.91999816894531,1643.0
50.959999084472656,52.68000030517578,1644.0
51.08000183105469,52.91999816894531,1645.0
50.959999084472656,52.36000061035156,1646.0
51.0,52.59999847412109,1647.0
51.040000915527344,52.84000015258789,1648.0
50.91999816894531,53.08000183105469,1649.0
51.119998931884766,53.400001525878906,1650.0
51.2400016784668,53.15999984741211,1651.0
51.040000915527344,52.880001068115234,1652.0
51.2400016784668,92.91999816894533,1653.0
51.0,93.27999877929688,1654.0
51.08000183105469,92.76000213623048,1655.0
51.040000915527344,56.47999954223633,1656.0
50.59999847412109,56.79999923706055,1657.0
50.47999954223633,56.47999954223633,1658.0
50.880001068115234,56.959999084472656,1659.0
50.36000061035156,56.400001525878906,1660.0
50.959999084472656,56.720001220703125,1661.0
50.720001220703125,56.560001373291016,1662.0
50.880001068115234,90.8000030517578,1663.0
51.52000045776367,91.91999816894533,1664.0
51.7599983215332,56.47999954223633,1665.0
51.68000030517578,56.7599983215332,1666.0
51.7599983215332,57.040000915527344,1667.0
51.720001220703125,56.7599983215332,1668.0
52.20000076293945,57.47999954223633,1669.0
52.20000076293945,54.20000076293945,1670.0
51.560001373291016,53.15999984741211,1671.0
51.560001373291016,53.720001220703125,1672.0
51.68000030517578,56.959999084472656,1673.0
51.400001525878906,57.79999923706055,1674.0
51.31999969482422,57.79999923706055,1675.0
51.59999847412109,57.7599983215332,1676.0
51.79999923706055,57.68000030517578,1677.0
51.68000030517578,56.2400016784668,1678.0
51.79999923706055,53.20000076293945,1679.0
51.84000015258789,54.31999969482422,1680.0
51.79999923706055,98.63999938964844,1681.0
51.79999923706055,55.400001525878906,1682.0
51.52000045776367,55.2400016784668,1683.0
51.59999847412109,55.63999938964844,1684.0
51.63999938964844,55.47999954223633,1685.0
51.84000015258789,56.20000076293945,1686.0
51.720001220703125,58.2400016784668,1687.0
51.79999923706055,57.08000183105469,1688.0
51.84000015258789,90.0,1689.0
51.52000045776367,54.15999984741211,1690.0
51.7599983215332,90.31999969482422,1691.0
51.560001373291016,55.91999816894531,1692.0
51.79999923706055,55.91999816894531,1693.0
51.84000015258789,56.59999847412109,1694.0
52.040000915527344,56.400001525878906,1695.0
51.959999084472656,52.560001373291016,1696.0
52.08000183105469,58.63999938964844,1697.0
51.91999816894531,57.91999816894531,1698.0
51.880001068115234,57.43999862670898,1699.0
52.15999984741211,57.2400016784668,1700.0
51.63999938964844,56.880001068115234,1701.0
52.040000915527344,57.08000183105469,1702.0
51.400001525878906,56.68000030517578,1703.0
51.08000183105469,56.68000030517578,1704.0
50.68000030517578,56.720001220703125,1705.0
51.560001373291016,57.63999938964844,1706.0
51.0,94.4000015258789,1707.0
51.20000076293945,95.4000015258789,1708.0
50.91999816894531,54.400001525878906,1709.0
51.040000915527344,53.52000045776367,1710.0
51.0,53.560001373291016,1711.0
51.400001525878906,53.400001525878906,1712.0
51.36000061035156,55.43999862670898,1713.0
51.31999969482422,52.880001068115234,1714.0
51.36000061035156,52.63999938964844,1715.0
51.400001525878906,53.15999984741211,1716.0
51.400001525878906,52.68000030517578,1717.0
51.560001373291016,55.0,1718.0
51.7599983215332,53.119998931884766,1719.0
51.720001220703125,55.15999984741211,1720.0
51.720001220703125,57.36000061035156,1721.0
51.91999816894531,56.36000061035156,1722.0
52.27999877929688,56.20000076293945,1723.0
52.0,56.59999847412109,1724.0
52.08000183105469,55.7599983215332,1725.0
52.43999862670898,55.79999923706055,1726.0
52.52000045776367,53.31999969482422,1727.0
51.560001373291016,100.87999725341795,1728.0
51.2400016784668,57.31999969482422,1729.0
51.43999862670898,57.79999923706055,1730.0
51.400001525878906,56.15999984741211,1731.0
51.59999847412109,58.59999847412109,1732.0
51.52000045776367,53.84000015258789,1733.0
50.84000015258789,54.0,1734.0
51.560001373291016,60.52000045776367,1735.0
51.15999984741211,60.15999984741211,1736.0
50.68000030517578,60.84000015258789,1737.0
50.400001525878906,60.52000045776367,1738.0
50.400001525878906,61.15999984741211,1739.0
50.79999923706055,61.15999984741211,1740.0
50.7599983215332,60.560001373291016,1741.0
51.15999984741211,60.560001373291016,1742.0
51.36000061035156,60.63999938964844,1743.0
51.31999969482422,60.959999084472656,1744.0
51.119998931884766,239.9600067138672,1745.0
50.79999923706055,239.9600067138672,1746.0
50.68000030517578,239.9600067138672,1747.0
50.36000061035156,52.7599983215332,1748.0
50.27999877929688,239.9600067138672,1749.0
50.119998931884766,218.3999938964844,1750.0
49.959999084472656,63.400001525878906,1751.0
50.20000076293945,219.67999267578125,1752.0
50.119998931884766,53.47999954223633,1753.0
50.36000061035156,220.32000732421875,1754.0
50.7599983215332,58.43999862670898,1755.0
51.0,58.27999877929688,1756.0
51.43999862670898,222.0800018310547,1757.0
51.560001373291016,222.2400054931641,1758.0
51.52000045776367,222.2400054931641,1759.0
51.59999847412109,222.1999969482422,1760.0
51.2400016784668,63.31999969482422,1761.0
51.2400016784668,63.84000015258789,1762.0
50.880001068115234,63.84000015258789,1763.0
51.040000915527344,64.19999694824219,1764.0
51.36000061035156,221.55999755859372,1765.0
51.119998931884766,62.20000076293945,1766.0
51.36000061035156,221.63999938964844,1767.0
51.27999877929688,221.6000061035156,1768.0
51.43999862670898,221.32000732421875,1769.0
51.59999847412109,60.91999816894531,1770.0
51.59999847412109,221.72000122070312,1771.0
51.47999954223633,221.2400054931641,1772.0
51.560001373291016,221.3999938964844,1773.0
51.119998931884766,221.32000732421875,1774.0
51.43999862670898,62.400001525878906,1775.0
51.400001525878906,57.20000076293945,1776.0
51.36000061035156,221.0,1777.0
51.400001525878906,62.68000030517578,1778.0
51.880001068115234,62.959999084472656,1779.0
52.31999969482422,221.0,1780.0
51.84000015258789,220.67999267578125,1781.0
51.2400016784668,220.6000061035156,1782.0
51.15999984741211,220.55999755859372,1783.0
50.79999923706055,220.55999755859372,1784.0
50.43999862670898,220.6000061035156,1785.0
51.0,220.5200042724609,1786.0
51.59999847412109,220.0800018310547,1787.0
51.52000045776367,59.959999084472656,1788.0
51.720001220703125,59.68000030517578,1789.0
51.7599983215332,59.959999084472656,1790.0
51.2400016784668,60.0,1791.0
51.63999938964844,59.880001068115234,1792.0
51.31999969482422,60.52000045776367,1793.0
51.59999847412109,60.040000915527344,1794.0
51.15999984741211,219.2400054931641,1795.0
50.959999084472656,58.720001220703125,1796.0
50.91999816894531,218.1999969482422,1797.0
51.040000915527344,219.5200042724609,1798.0
51.560001373291016,218.83999633789065,1799.0
51.2400016784668,218.83999633789065,1800.0
51.31999969482422,218.1199951171875,1801.0
51.36000061035156,219.0,1802.0
51.720001220703125,52.08000183105469,1803.0
51.31999969482422,219.3600006103516,1804.0
51.47999954223633,219.1999969482422,1805.0
51.560001373291016,219.1999969482422,1806.0
51.400001525878906,51.91999816894531,1807.0
51.43999862670898,53.15999984741211,1808.0
51.47999954223633,52.400001525878906,1809.0
51.79999923706055,53.08000183105469,1810.0
51.560001373291016,52.400001525878906,1811.0
51.47999954223633,52.47999954223633,1812.0
51.63999938964844,53.0,1813.0
51.68000030517578,52.720001220703125,1814.0
51.84000015258789,221.32000732421875,1815.0
51.63999938964844,53.31999969482422,1816.0
51.68000030517578,52.63999938964844,1817.0
51.880001068115234,53.15999984741211,1818.0
51.880001068115234,53.20000076293945,1819.0
52.0,53.15999984741211,1820.0
52.119998931884766,68.16000366210938,1821.0
51.91999816894531,62.59999847412109,1822.0
51.59999847412109,62.560001373291016,1823.0
51.68000030517578,62.43999862670898,1824.0
51.68000030517578,61.63999938964844,1825.0
51.91999816894531,55.400001525878906,1826.0
51.84000015258789,54.79999923706055,1827.0
51.959999084472656,54.7599983215332,1828.0
51.79999923706055,54.720001220703125,1829.0
51.36000061035156,55.400001525878906,1830.0
50.27999877929688,54.400001525878906,1831.0
49.91999816894531,53.84000015258789,1832.0
49.47999954223633,61.31999969482422,1833.0
49.7599983215332,61.91999816894531,1834.0
49.59999847412109,61.880001068115234,1835.0
50.27999877929688,62.560001373291016,1836.0
50.959999084472656,62.27999877929688,1837.0
51.560001373291016,55.0,1838.0
51.43999862670898,57.400001525878906,1839.0
51.400001525878906,56.7599983215332,1840.0
51.0,61.79999923706055,1841.0
50.47999954223633,55.52000045776367,1842.0
50.0,62.59999847412109,1843.0
50.20000076293945,221.67999267578125,1844.0
50.15999984741211,58.720001220703125,1845.0
216.75999450683597,63.119998931884766,1846.0
50.36000061035156,62.27999877929688,1847.0
217.27999877929688,62.43999862670898,1848.0
51.400001525878906,61.880001068115234,1849.0
51.400001525878906,59.040000915527344,1850.0
51.63999938964844,58.7599983215332,1851.0
51.31999969482422,58.15999984741211,1852.0
51.43999862670898,57.52000045776367,1853.0
51.560001373291016,227.0399932861328,1854.0
51.560001373291016,57.7599983215332,1855.0
51.79999923706055,63.7599983215332,1856.0
51.47999954223633,63.400001525878906,1857.0
51.400001525878906,63.59999847412109,1858.0
51.31999969482422,217.47999572753903,1859.0
50.7599983215332,55.720001220703125,1860.0
51.400001525878906,55.880001068115234,1861.0
51.0,56.400001525878906,1862.0
51.2400016784668,56.31999969482422,1863.0
51.0,56.2400016784668,1864.0
51.040000915527344,56.59999847412109,1865.0
51.119998931884766,57.119998931884766,1866.0
51.560001373291016,56.36000061035156,1867.0
51.560001373291016,57.15999984741211,1868.0
51.560001373291016,56.63999938964844,1869.0
51.47999954223633,56.84000015258789,1870.0
51.68000030517578,57.040000915527344,1871.0
217.72000122070312,226.9600067138672,1872.0
217.6000061035156,56.040000915527344,1873.0
51.040000915527344,57.15999984741211,1874.0
50.68000030517578,74.0,1875.0
50.79999923706055,72.68000030517578,1876.0
50.91999816894531,59.52000045776367,1877.0
51.040000915527344,60.0,1878.0
51.720001220703125,60.959999084472656,1879.0
51.31999969482422,59.560001373291016,1880.0
51.119998931884766,53.52000045776367,1881.0
51.79999923706055,56.20000076293945,1882.0
51.15999984741211,56.040000915527344,1883.0
50.91999816894531,56.959999084472656,1884.0
51.400001525878906,59.720001220703125,1885.0
50.959999084472656,239.9600067138672,1886.0
51.560001373291016,60.52000045776367,1887.0
51.43999862670898,60.560001373291016,1888.0
51.27999877929688,60.560001373291016,1889.0
51.59999847412109,68.12000274658203,1890.0
51.560001373291016,63.27999877929688,1891.0
51.400001525878906,239.9600067138672,1892.0
51.7599983215332,239.9600067138672,1893.0
51.7599983215332,219.9199981689453,1894.0
51.560001373291016,219.8000030517578,1895.0
51.43999862670898,220.6000061035156,1896.0
51.15999984741211,220.5200042724609,1897.0
50.79999923706055,220.3999938964844,1898.0
50.91999816894531,220.1199951171875,1899.0
51.0,219.75999450683597,1900.0
51.08000183105469,70.63999938964844,1901.0
51.0,218.72000122070312,1902.0
50.880001068115234,52.36000061035156,1903.0
50.880001068115234,52.36000061035156,1904.0
50.84000015258789,56.31999969482422,1905.0
50.79999923706055,56.52000045776367,1906.0
50.560001373291016,55.79999923706055,1907.0
50.68000030517578,53.31999969482422,1908.0
50.59999847412109,52.79999923706055,1909.0
51.2400016784668,53.27999877929688,1910.0
51.52000045776367,52.84000015258789,1911.0
51.52000045776367,52.79999923706055,1912.0
51.43999862670898,52.400001525878906,1913.0
51.119998931884766,52.400001525878906,1914.0
50.84000015258789,51.91999816894531,1915.0
49.84000015258789,51.7599983215332,1916.0
49.040000915527344,52.0,1917.0
49.560001373291016,220.3999938964844,1918.0
49.31999969482422,60.7599983215332,1919.0
49.84000015258789,61.27999877929688,1920.0
50.2400016784668,60.560001373291016,1921.0
49.68000030517578,58.08000183105469,1922.0
50.7599983215332,57.119998931884766,1923.0
51.119998931884766,219.3999938964844,1924.0
51.36000061035156,219.0800018310547,1925.0
51.400001525878906,218.67999267578125,1926.0
51.400001525878906,56.52000045776367,1927.0
51.47999954223633,56.20000076293945,1928.0
51.36000061035156,57.400001525878906,1929.0
51.15999984741211,219.44000244140625,1930.0
51.36000061035156,57.43999862670898,1931.0
50.880001068115234,57.31999969482422,1932.0
52.0,56.31999969482422,1933.0
51.2400016784668,57.959999084472656,1934.0
51.560001373291016,57.959999084472656,1935.0
50.84000015258789,58.63999938964844,1936.0
51.400001525878906,236.55999755859372,1937.0
51.47999954223633,236.55999755859372,1938.0
51.720001220703125,236.1199951171875,1939.0
51.27999877929688,59.31999969482422,1940.0
51.91999816894531,239.9600067138672,1941.0
52.27999877929688,236.3600006103516,1942.0
51.959999084472656,235.9199981689453,1943.0
52.47999954223633,239.9600067138672,1944.0
52.119998931884766,236.9600067138672,1945.0
51.880001068115234,59.27999877929688,1946.0
51.959999084472656,55.400001525878906,1947.0
51.040000915527344,55.27999877929688,1948.0
51.08000183105469,239.9600067138672,1949.0
51.0,55.0,1950.0
51.119998931884766,54.52000045776367,1951.0
50.84000015258789,54.959999084472656,1952.0
50.959999084472656,66.44000244140625,1953.0
51.0,55.79999923706055,1954.0
51.400001525878906,56.400001525878906,1955.0
51.63999938964844,57.36000061035156,1956.0
51.84000015258789,58.59999847412109,1957.0
52.040000915527344,57.040000915527344,1958.0
52.040000915527344,239.9600067138672,1959.0
52.27999877929688,234.1199951171875,1960.0
52.36000061035156,233.1999969482422,1961.0
52.36000061035156,67.83999633789062,1962.0
52.20000076293945,233.83999633789065,1963.0
51.68000030517578,66.63999938964844,1964.0
51.560001373291016,234.6000061035156,1965.0
51.68000030517578,233.6000061035156,1966.0
51.63999938964844,66.76000213623047,1967.0
52.2400016784668,71.83999633789062,1968.0
52.040000915527344,66.5999984741211,1969.0
51.720001220703125,67.4800033569336,1970.0
52.27999877929688,67.12000274658203,1971.0
51.68000030517578,66.63999938964844,1972.0
51.400001525878906,239.9600067138672,1973.0
51.08000183105469,68.23999786376953,1974.0
51.400001525878906,239.9600067138672,1975.0
51.52000045776367,58.20000076293945,1976.0
51.59999847412109,220.8000030517578,1977.0
51.119998931884766,220.2400054931641,1978.0
51.08000183105469,220.3600006103516,1979.0
51.47999954223633,220.6000061035156,1980.0
51.720001220703125,220.6000061035156,1981.0
51.400001525878906,220.1999969482422,1982.0
51.47999954223633,220.16000366210935,1983.0
51.15999984741211,220.3600006103516,1984.0
51.63999938964844,219.9199981689453,1985.0
51.59999847412109,220.1999969482422,1986.0
51.560001373291016,219.8800048828125,1987.0
51.36000061035156,220.0399932861328,1988.0
51.20000076293945,219.47999572753903,1989.0
50.91999816894531,219.9199981689453,1990.0
50.79999923706055,68.27999877929688,1991.0
50.91999816894531,68.27999877929688,1992.0
50.59999847412109,68.23999786376953,1993.0
51.0,67.19999694824219,1994.0
50.7599983215332,66.16000366210938,1995.0
50.84000015258789,62.27999877929688,1996.0
50.84000015258789,69.16000366210938,1997.0
51.560001373291016,69.04000091552734,1998.0
51.560001373291016,221.47999572753903,1999.0
51.560001373291016,221.72000122070312,2000.0
51.63999938964844,221.63999938964844,2001.0
51.43999862670898,221.55999755859372,2002.0
50.84000015258789,221.63999938964844,2003.0
50.959999084472656,221.55999755859372,2004.0
51.0,55.59999847412109,2005.0
51.31999969482422,55.040000915527344,2006.0
51.31999969482422,55.84000015258789,2007.0
51.040000915527344,55.560001373291016,2008.0
50.91999816894531,55.720001220703125,2009.0
50.52000045776367,55.36000061035156,2010.0
51.2400016784668,54.47999954223633,2011.0
51.880001068115234,54.79999923706055,2012.0
51.47999954223633,53.91999816894531,2013.0
51.880001068115234,54.08000183105469,2014.0
51.52000045776367,53.68000030517578,2015.0
51.79999923706055,53.7599983215332,2016.0
51.27999877929688,220.72000122070312,2017.0
51.31999969482422,221.44000244140625,2018.0
51.31999969482422,221.47999572753903,2019.0
51.52000045776367,53.560001373291016,2020.0
51.560001373291016,53.63999938964844,2021.0
51.52000045776367,53.63999938964844,2022.0
50.59999847412109,53.59999847412109,2023.0
50.52000045776367,53.59999847412109,2024.0
51.31999969482422,53.560001373291016,2025.0
50.52000045776367,53.91999816894531,2026.0
50.720001220703125,54.7599983215332,2027.0
50.91999816894531,55.31999969482422,2028.0
51.560001373291016,218.3600006103516,2029.0
51.47999954223633,55.68000030517578,2030.0
51.63999938964844,218.1199951171875,2031.0
51.7599983215332,218.0399932861328,2032.0
51.08000183105469,218.5200042724609,2033.0
50.84000015258789,219.0800018310547,2034.0
51.63999938964844,55.720001220703125,2035.0
51.400001525878906,218.6000061035156,2036.0
51.400001525878906,74.16000366210938,2037.0
51.7599983215332,74.31999969482422,2038.0
51.20000076293945,74.23999786376953,2039.0
50.84000015258789,216.0,2040.0
51.0,217.72000122070312,2041.0
50.59999847412109,217.75999450683597,2042.0
51.0,217.3999938964844,2043.0
51.15999984741211,216.9199981689453,2044.0
51.08000183105469,216.75999450683597,2045.0
51.27999877929688,216.9600067138672,2046.0
51.040000915527344,217.2400054931641,2047.0
51.27999877929688,217.8000030517578,2048.0
51.2400016784668,218.0,2049.0
50.959999084472656,218.1199951171875,2050.0
215.9199981689453,217.0399932861328,2051.0
216.0399932861328,217.16000366210935,2052.0
216.0800018310547,216.63999938964844,2053.0
52.47999954223633,216.5200042724609,2054.0
52.400001525878906,216.83999633789065,2055.0
52.20000076293945,59.31999969482422,2056.0
52.15999984741211,59.31999969482422,2057.0
52.2400016784668,59.2400016784668,2058.0
51.79999923706055,58.040000915527344,2059.0
51.880001068115234,58.43999862670898,2060.0
51.47999954223633,75.0,2061.0
51.36000061035156,74.76000213623047,2062.0
51.31999969482422,74.19999694824219,2063.0
51.2400016784668,74.31999969482422,2064.0
51.63999938964844,74.31999969482422,2065.0
51.47999954223633,73.16000366210938,2066.0
51.20000076293945,79.76000213623047,2067.0
50.91999816894531,51.79999923706055,2068.0
50.880001068115234,83.87999725341797,2069.0
51.2400016784668,83.16000366210938,2070.0
51.15999984741211,81.91999816894531,2071.0
51.31999969482422,82.4800033569336,2072.0
51.31999969482422,81.72000122070312,2073.0
50.91999816894531,239.9600067138672,2074.0
51.2400016784668,79.55999755859375,2075.0
51.63999938964844,74.95999908447266,2076.0
51.36000061035156,239.55999755859372,2077.0
51.20000076293945,239.9600067138672,2078.0
51.040000915527344,239.9600067138672,2079.0
51.08000183105469,60.27999877929688,2080.0
50.63999938964844,74.08000183105469,2081.0
50.31999969482422,74.68000030517578,2082.0
49.68000030517578,73.68000030517578,2083.0
49.43999862670898,73.68000030517578,2084.0
49.36000061035156,74.72000122070312,2085.0
49.959999084472656,239.9600067138672,2086.0
50.08000183105469,239.9600067138672,2087.0
50.15999984741211,239.9600067138672,2088.0
50.27999877929688,51.400001525878906,2089.0
50.52000045776367,55.63999938964844,2090.0
50.52000045776367,55.7599983215332,2091.0
50.91999816894531,53.040000915527344,2092.0
50.36000061035156,55.68000030517578,2093.0
50.91999816894531,57.27999877929688,2094.0
50.59999847412109,57.91999816894531,2095.0
50.63999938964844,83.44000244140625,2096.0
50.79999923706055,56.959999084472656,2097.0
51.36000061035156,56.52000045776367,2098.0
51.400001525878906,55.400001525878906,2099.0
51.91999816894531,53.0,2100.0
51.7599983215332,68.87999725341797,2101.0
52.68000030517578,71.31999969482422,2102.0
51.560001373291016,221.0399932861328,2103.0
51.400001525878906,55.0,2104.0
51.400001525878906,221.67999267578125,2105.0
51.560001373291016,221.8000030517578,2106.0
51.79999923706055,58.15999984741211,2107.0
52.0,63.08000183105469,2108.0
52.0,64.5999984741211,2109.0
52.27999877929688,64.4000015258789,2110.0
52.20000076293945,67.68000030517578,2111.0
52.08000183105469,63.880001068115234,2112.0
50.7599983215332,61.84000015258789,2113.0
50.400001525878906,63.119998931884766,2114.0
50.15999984741211,53.15999984741211,2115.0
50.119998931884766,62.15999984741211,2116.0
51.560001373291016,54.20000076293945,2117.0
51.560001373291016,53.880001068115234,2118.0
51.880001068115234,53.720001220703125,2119.0
51.47999954223633,61.36000061035156,2120.0
51.880001068115234,61.880001068115234,2121.0
51.880001068115234,61.36000061035156,2122.0
50.119998931884766,62.43999862670898,2123.0
50.79999923706055,62.27999877929688,2124.0
49.63999938964844,62.560001373291016,2125.0
51.31999969482422,217.2400054931641,2126.0
51.31999969482422,62.27999877929688,2127.0
51.52000045776367,57.91999816894531,2128.0
51.720001220703125,57.880001068115234,2129.0
52.0,58.040000915527344,2130.0
51.720001220703125,58.15999984741211,2131.0
51.43999862670898,58.2400016784668,2132.0
51.52000045776367,58.0,2133.0
51.400001525878906,58.31999969482422,2134.0
52.59999847412109,62.79999923706055,2135.0
52.119998931884766,57.959999084472656,2136.0
52.59999847412109,62.7599983215332,2137.0
52.20000076293945,59.040000915527344,2138.0
52.7599983215332,57.560001373291016,2139.0
52.27999877929688,56.7599983215332,2140.0
52.7599983215332,56.040000915527344,2141.0
52.43999862670898,56.52000045776367,2142.0
52.36000061035156,56.68000030517578,2143.0
52.040000915527344,57.36000061035156,2144.0
52.400001525878906,57.08000183105469,2145.0
52.68000030517578,56.68000030517578,2146.0
52.91999816894531,56.720001220703125,2147.0
52.59999847412109,56.52000045776367,2148.0
52.59999847412109,56.52000045776367,2149.0
52.59999847412109,56.20000076293945,2150.0
52.08000183105469,55.400001525878906,2151.0
51.7599983215332,58.959999084472656,2152.0
51.2400016784668,59.720001220703125,2153.0
50.880001068115234,59.68000030517578,2154.0
50.720001220703125,60.68000030517578,2155.0
50.959999084472656,60.0,2156.0
51.040000915527344,221.72000122070312,2157.0
51.31999969482422,55.720001220703125,2158.0
51.400001525878906,56.20000076293945,2159.0
51.040000915527344,221.8000030517578,2160.0
52.040000915527344,221.63999938964844,2161.0
51.79999923706055,221.72000122070312,2162.0
52.08000183105469,221.55999755859372,2163.0
52.0,221.63999938964844,2164.0
51.79999923706055,221.9600067138672,2165.0
51.880001068115234,222.1199951171875,2166.0
51.68000030517578,223.0,2167.0
51.560001373291016,60.68000030517578,2168.0
51.15999984741211,60.52000045776367,2169.0
50.91999816894531,59.79999923706055,2170.0
51.040000915527344,59.400001525878906,2171.0
51.36000061035156,60.20000076293945,2172.0
216.72000122070312,59.560001373291016,2173.0
216.67999267578125,59.68000030517578,2174.0
216.55999755859372,239.9600067138672,2175.0
216.0399932861328,239.9600067138672,2176.0
45.47999954223633,58.20000076293945,2177.0
215.3600006103516,239.9600067138672,2178.0
46.119998931884766,56.7599983215332,2179.0
215.5200042724609,56.63999938964844,2180.0
215.55999755859372,239.9600067138672,2181.0
51.68000030517578,58.119998931884766,2182.0
215.8000030517578,58.15999984741211,2183.0
51.7599983215332,58.31999969482422,2184.0
51.68000030517578,59.0,2185.0
51.63999938964844,59.63999938964844,2186.0
51.91999816894531,239.9600067138672,2187.0
51.560001373291016,60.2400016784668,2188.0
51.59999847412109,60.560001373291016,2189.0
51.63999938964844,60.84000015258789,2190.0
51.31999969482422,52.08000183105469,2191.0
217.1199951171875,51.27999877929688,2192.0
216.9600067138672,51.15999984741211,2193.0
50.79999923706055,59.27999877929688,2194.0
50.63999938964844,59.0,2195.0
49.84000015258789,58.79999923706055,2196.0
49.720001220703125,58.959999084472656,2197.0
51.119998931884766,59.2400016784668,2198.0
48.43999862670898,239.9600067138672,2199.0
50.91999816894531,239.2400054931641,2200.0
217.0399932861328,50.63999938964844,2201.0
216.55999755859372,50.79999923706055,2202.0
216.83999633789065,51.119998931884766,2203.0
51.119998931884766,239.9600067138672,2204.0
50.84000015258789,239.9600067138672,2205.0
50.84000015258789,216.9199981689453,2206.0
51.040000915527344,51.52000045776367,2207.0
50.84000015258789,51.560001373291016,2208.0
50.880001068115234,217.0800018310547,2209.0
51.0,216.72000122070312,2210.0
50.84000015258789,54.59999847412109,2211.0
50.84000015258789,54.79999923706055,2212.0
49.959999084472656,55.0,2213.0
49.720001220703125,54.880001068115234,2214.0
49.91999816894531,55.08000183105469,2215.0
50.47999954223633,56.400001525878906,2216.0
50.08000183105469,56.400001525878906,2217.0
50.59999847412109,57.040000915527344,2218.0
50.720001220703125,56.7599983215332,2219.0
51.119998931884766,57.63999938964844,2220.0
50.91999816894531,57.2400016784668,2221.0
51.119998931884766,57.400001525878906,2222.0
51.15999984741211,57.47999954223633,2223.0
51.15999984741211,239.9600067138672,2224.0
51.040000915527344,239.9600067138672,2225.0
51.400001525878906,239.9600067138672,2226.0
51.400001525878906,239.9600067138672,2227.0
51.36000061035156,239.9600067138672,2228.0
51.08000183105469,87.08000183105469,2229.0
50.84000015258789,239.9600067138672,2230.0
50.08000183105469,239.9600067138672,2231.0
51.040000915527344,58.119998931884766,2232.0
51.2400016784668,58.36000061035156,2233.0
51.08000183105469,58.31999969482422,2234.0
51.31999969482422,58.43999862670898,2235.0
51.2400016784668,58.31999969482422,2236.0
51.08000183105469,219.32000732421875,2237.0
50.720001220703125,233.8800048828125,2238.0
50.560001373291016,233.83999633789065,2239.0
50.36000061035156,67.72000122070312,2240.0
50.400001525878906,69.31999969482422,2241.0
50.2400016784668,51.47999954223633,2242.0
50.720001220703125,62.959999084472656,2243.0
50.27999877929688,51.2400016784668,2244.0
51.0,63.959999084472656,2245.0
50.720001220703125,64.5199966430664,2246.0
51.27999877929688,64.36000061035156,2247.0
51.2400016784668,64.63999938964844,2248.0
51.880001068115234,219.27999877929688,2249.0
52.119998931884766,218.6000061035156,2250.0
52.68000030517578,55.31999969482422,2251.0
52.040000915527344,53.400001525878906,2252.0
51.08000183105469,56.52000045776367,2253.0
50.720001220703125,57.0,2254.0
50.7599983215332,57.400001525878906,2255.0
50.68000030517578,57.08000183105469,2256.0
50.720001220703125,57.720001220703125,2257.0
50.84000015258789,239.9600067138672,2258.0
50.68000030517578,57.720001220703125,2259.0
50.720001220703125,57.31999969482422,2260.0
50.720001220703125,57.0,2261.0
50.68000030517578,239.9600067138672,2262.0
50.720001220703125,239.9600067138672,2263.0
50.79999923706055,86.5999984741211,2264.0
50.68000030517578,86.68000030517578,2265.0
51.0,59.27999877929688,2266.0
51.0,239.9600067138672,2267.0
50.880001068115234,60.040000915527344,2268.0
51.119998931884766,224.67999267578125,2269.0
51.20000076293945,224.83999633789065,2270.0
51.20000076293945,224.55999755859372,2271.0
51.15999984741211,224.72000122070312,2272.0
51.2400016784668,63.36000061035156,2273.0
51.36000061035156,63.880001068115234,2274.0
51.36000061035156,65.4000015258789,2275.0
51.52000045776367,65.36000061035156,2276.0
51.43999862670898,224.3999938964844,2277.0
51.43999862670898,224.3600006103516,2278.0
51.43999862670898,224.3999938964844,2279.0
51.36000061035156,224.47999572753903,2280.0
51.560001373291016,225.0,2281.0
51.560001373291016,224.75999450683597,2282.0
51.68000030517578,62.59999847412109,2283.0
51.36000061035156,64.5999984741211,2284.0
51.31999969482422,64.76000213623047,2285.0
51.59999847412109,65.27999877929688,2286.0
51.36000061035156,65.44000244140625,2287.0
51.7599983215332,65.4000015258789,2288.0
51.2400016784668,225.1999969482422,2289.0
51.36000061035156,225.0399932861328,2290.0
51.36000061035156,225.1199951171875,2291.0
51.31999969482422,225.0800018310547,2292.0
51.43999862670898,225.0399932861328,2293.0
51.47999954223633,225.3999938964844,2294.0
51.43999862670898,224.67999267578125,2295.0
51.560001373291016,224.83999633789065,2296.0
51.43999862670898,63.15999984741211,2297.0
51.43999862670898,62.2400016784668,2298.0
51.47999954223633,61.63999938964844,2299.0
51.43999862670898,62.59999847412109,2300.0
51.31999969482422,62.7599983215332,2301.0
51.27999877929688,222.9600067138672,2302.0
51.15999984741211,61.63999938964844,2303.0
51.15999984741211,65.36000061035156,2304.0
51.2400016784668,64.76000213623047,2305.0
51.2400016784668,66.31999969482422,2306.0
51.040000915527344,65.4000015258789,2307.0
51.0,64.76000213623047,2308.0
50.720001220703125,64.95999908447266,2309.0
50.59999847412109,65.19999694824219,2310.0
50.15999984741211,64.87999725341797,2311.0
50.31999969482422,64.4000015258789,2312.0
50.79999923706055,64.4800033569336,2313.0
50.720001220703125,64.23999786376953,2314.0
51.119998931884766,64.08000183105469,2315.0
51.400001525878906,63.7599983215332,2316.0
52.08000183105469,63.36000061035156,2317.0
52.400001525878906,64.36000061035156,2318.0
52.36000061035156,63.720001220703125,2319.0
52.52000045776367,63.31999969482422,2320.0
52.52000045776367,63.31999969482422,2321.0
51.959999084472656,63.31999969482422,2322.0
51.7599983215332,63.08000183105469,2323.0
51.08000183105469,63.47999954223633,2324.0
50.79999923706055,63.400001525878906,2325.0
50.79999923706055,62.400001525878906,2326.0
50.91999816894531,62.560001373291016,2327.0
50.79999923706055,60.91999816894531,2328.0
50.79999923706055,61.68000030517578,2329.0
50.720001220703125,58.15999984741211,2330.0
50.91999816894531,62.43999862670898,2331.0
50.91999816894531,56.68000030517578,2332.0
50.91999816894531,57.15999984741211,2333.0
50.91999816894531,56.91999816894531,2334.0
50.959999084472656,56.63999938964844,2335.0
50.91999816894531,56.36000061035156,2336.0
50.91999816894531,56.68000030517578,2337.0
50.91999816894531,220.55999755859372,2338.0
50.91999816894531,62.880001068115234,2339.0
51.040000915527344,64.4000015258789,2340.0
51.119998931884766,65.23999786376953,2341.0
51.08000183105469,64.12000274658203,2342.0
51.2400016784668,64.08000183105469,2343.0
51.20000076293945,64.19999694824219,2344.0
51.2400016784668,63.2400016784668,2345.0
51.36000061035156,65.68000030517578,2346.0
51.560001373291016,63.7599983215332,2347.0
51.68000030517578,64.4800033569336,2348.0
51.7599983215332,62.400001525878906,2349.0
51.880001068115234,222.9600067138672,2350.0
51.91999816894531,63.84000015258789,2351.0
51.59999847412109,64.0,2352.0
51.31999969482422,63.7599983215332,2353.0
51.08000183105469,61.08000183105469,2354.0
50.63999938964844,222.83999633789065,2355.0
50.560001373291016,222.5200042724609,2356.0
50.15999984741211,222.0800018310547,2357.0
50.31999969482422,61.720001220703125,2358.0
50.59999847412109,222.0,2359.0
50.59999847412109,62.040000915527344,2360.0
51.0,62.040000915527344,2361.0
51.0,61.2400016784668,2362.0
51.400001525878906,62.7599983215332,2363.0
51.15999984741211,57.91999816894531,2364.0
51.63999938964844,57.47999954223633,2365.0
51.79999923706055,57.63999938964844,2366.0
55.7599983215332,57.36000061035156,2367.0
55.720001220703125,61.79999923706055,2368.0
54.959999084472656,61.63999938964844,2369.0
54.84000015258789,62.63999938964844,2370.0
54.52000045776367,62.52000045776367,2371.0
54.79999923706055,63.08000183105469,2372.0
53.47999954223633,56.119998931884766,2373.0
53.63999938964844,56.63999938964844,2374.0
51.720001220703125,58.040000915527344,2375.0
218.0800018310547,57.959999084472656,2376.0
218.2400054931641,57.040000915527344,2377.0
218.1199951171875,239.9600067138672,2378.0
218.0800018310547,57.20000076293945,2379.0
218.16000366210935,56.91999816894531,2380.0
218.16000366210935,57.15999984741211,2381.0
218.0800018310547,56.43999862670898,2382.0
218.5200042724609,56.400001525878906,2383.0
218.63999938964844,56.43999862670898,2384.0
217.83999633789065,56.119998931884766,2385.0
51.560001373291016,56.040000915527344,2386.0
53.08000183105469,56.63999938964844,2387.0
52.7599983215332,62.880001068115234,2388.0
53.27999877929688,63.08000183105469,2389.0
51.91999816894531,56.119998931884766,2390.0
53.20000076293945,64.31999969482422,2391.0
53.20000076293945,56.27999877929688,2392.0
53.0,56.27999877929688,2393.0
52.47999954223633,56.15999984741211,2394.0
52.68000030517578,222.72000122070312,2395.0
51.59999847412109,223.0800018310547,2396.0
51.400001525878906,56.2400016784668,2397.0
51.84000015258789,56.20000076293945,2398.0
51.63999938964844,56.15999984741211,2399.0
51.15999984741211,55.7599983215332,2400.0
50.15999984741211,56.52000045776367,2401.0
50.63999938964844,57.040000915527344,2402.0
50.43999862670898,56.59999847412109,2403.0
49.959999084472656,55.959999084472656,2404.0
49.959999084472656,56.0,2405.0
49.84000015258789,56.15999984741211,2406.0
49.84000015258789,56.08000183105469,2407.0
55.0,223.0,2408.0
54.43999862670898,222.8000030517578,2409.0
55.31999969482422,222.9600067138672,2410.0
55.43999862670898,222.8000030517578,2411.0
55.2400016784668,222.9199981689453,2412.0
54.959999084472656,223.6000061035156,2413.0
55.040000915527344,223.8800048828125,2414.0
53.47999954223633,223.8800048828125,2415.0
54.040000915527344,223.83999633789065,2416.0
53.2400016784668,223.67999267578125,2417.0
53.79999923706055,55.79999923706055,2418.0
52.79999923706055,55.27999877929688,2419.0
53.20000076293945,55.720001220703125,2420.0
53.0,63.31999969482422,2421.0
52.36000061035156,53.0,2422.0
52.43999862670898,223.1999969482422,2423.0
52.68000030517578,222.83999633789065,2424.0
52.08000183105469,61.560001373291016,2425.0
52.52000045776367,61.720001220703125,2426.0
51.27999877929688,61.79999923706055,2427.0
52.36000061035156,61.31999969482422,2428.0
51.43999862670898,61.20000076293945,2429.0
52.52000045776367,61.27999877929688,2430.0
52.63999938964844,62.20000076293945,2431.0
53.560001373291016,62.119998931884766,2432.0
52.84000015258789,122.83999633789062,2433.0
51.560001373291016,63.400001525878906,2434.0
51.720001220703125,123.04000091552734,2435.0
50.7599983215332,63.52000045776367,2436.0
51.119998931884766,123.27999877929688,2437.0
51.43999862670898,63.400001525878906,2438.0
221.67999267578125,222.8800048828125,2439.0
221.8000030517578,222.6000061035156,2440.0
221.16000366210935,123.72000122070312,2441.0
52.43999862670898,222.9600067138672,2442.0
222.0,222.83999633789065,2443.0
53.720001220703125,63.79999923706055,2444.0
218.1999969482422,222.63999938964844,2445.0
55.47999954223633,64.36000061035156,2446.0
54.43999862670898,63.68000030517578,2447.0
55.0,64.04000091552734,2448.0
54.959999084472656,64.04000091552734,2449.0
55.08000183105469,64.44000244140625,2450.0
52.2400016784668,63.0,2451.0
52.52000045776367,62.91999816894531,2452.0
52.43999862670898,58.27999877929688,2453.0
52.59999847412109,58.91999816894531,2454.0
52.0,58.36000061035156,2455.0
52.040000915527344,58.36000061035156,2456.0
52.31999969482422,58.59999847412109,2457.0
52.08000183105469,58.68000030517578,2458.0
52.36000061035156,62.560001373291016,2459.0
52.68000030517578,62.560001373291016,2460.0
52.040000915527344,62.36000061035156,2461.0
51.720001220703125,62.59999847412109,2462.0
51.79999923706055,62.15999984741211,2463.0
52.36000061035156,62.040000915527344,2464.0
51.720001220703125,62.20000076293945,2465.0
51.31999969482422,62.0,2466.0
55.91999816894531,62.47999954223633,2467.0
55.47999954223633,224.83999633789065,2468.0
220.55999755859372,224.72000122070312,2469.0
220.6000061035156,224.47999572753903,2470.0
57.68000030517578,61.880001068115234,2471.0
58.0,61.79999923706055,2472.0
58.27999877929688,59.27999877929688,2473.0
58.08000183105469,60.0,2474.0
58.36000061035156,59.7599983215332,2475.0
58.43999862670898,60.2400016784668,2476.0
58.880001068115234,224.3600006103516,2477.0
58.560001373291016,85.36000061035156,2478.0
58.43999862670898,60.880001068115234,2479.0
57.27999877929688,60.84000015258789,2480.0
56.59999847412109,61.47999954223633,2481.0
56.08000183105469,61.27999877929688,2482.0
52.68000030517578,61.84000015258789,2483.0
51.63999938964844,61.959999084472656,2484.0
51.959999084472656,61.79999923706055,2485.0
51.959999084472656,61.84000015258789,2486.0
51.880001068115234,61.84000015258789,2487.0
51.59999847412109,61.0,2488.0
51.7599983215332,65.31999969482422,2489.0
50.20000076293945,64.4000015258789,2490.0
49.959999084472656,65.36000061035156,2491.0
49.68000030517578,95.63999938964844,2492.0
49.31999969482422,96.08000183105467,2493.0
49.560001373291016,96.27999877929688,2494.0
49.59999847412109,95.8000030517578,2495.0
51.15999984741211,95.76000213623048,2496.0
49.7599983215332,96.04000091552734,2497.0
56.59999847412109,61.79999923706055,2498.0
55.84000015258789,95.27999877929688,2499.0
55.47999954223633,60.880001068115234,2500.0
55.400001525878906,224.72000122070312,2501.0
52.68000030517578,59.560001373291016,2502.0
54.400001525878906,59.15999984741211,2503.0
56.959999084472656,57.959999084472656,2504.0
50.0,58.52000045776367,2505.0
49.59999847412109,225.2400054931641,2506.0
49.27999877929688,59.0,2507.0
49.31999969482422,58.27999877929688,2508.0
49.68000030517578,59.400001525878906,2509.0
49.63999938964844,57.720001220703125,2510.0
52.31999969482422,59.560001373291016,2511.0
51.91999816894531,59.52000045776367,2512.0
52.560001373291016,59.36000061035156,2513.0
52.52000045776367,60.52000045776367,2514.0
52.52000045776367,222.0399932861328,2515.0
52.52000045776367,81.16000366210938,2516.0
52.52000045776367,221.32000732421875,2517.0
51.959999084472656,81.63999938964844,2518.0
52.52000045776367,81.16000366210938,2519.0
52.52000045776367,80.4800033569336,2520.0
53.040000915527344,81.16000366210938,2521.0
53.400001525878906,57.91999816894531,2522.0
52.959999084472656,60.59999847412109,2523.0
52.720001220703125,61.79999923706055,2524.0
52.43999862670898,60.959999084472656,2525.0
52.08000183105469,61.31999969482422,2526.0
51.68000030517578,60.27999877929688,2527.0
51.68000030517578,60.52000045776367,2528.0
51.31999969482422,61.27999877929688,2529.0
51.040000915527344,61.400001525878906,2530.0
51.119998931884766,61.27999877929688,2531.0
50.47999954223633,60.0,2532.0
50.31999969482422,60.52000045776367,2533.0
50.36000061035156,58.880001068115234,2534.0
50.47999954223633,59.27999877929688,2535.0
50.79999923706055,59.2400016784668,2536.0
50.7599983215332,59.27999877929688,2537.0
51.040000915527344,57.91999816894531,2538.0
51.08000183105469,57.7599983215332,2539.0
51.7599983215332,56.040000915527344,2540.0
52.84000015258789,239.9600067138672,2541.0
53.27999877929688,239.9600067138672,2542.0
53.52000045776367,239.9600067138672,2543.0
53.31999969482422,239.9600067138672,2544.0
53.31999969482422,239.9600067138672,2545.0
53.31999969482422,239.9600067138672,2546.0
53.2400016784668,239.9600067138672,2547.0
52.79999923706055,239.9600067138672,2548.0
52.720001220703125,97.08000183105467,2549.0
52.31999969482422,97.12000274658205,2550.0
52.119998931884766,97.5199966430664,2551.0
51.7599983215332,96.0,2552.0
51.880001068115234,94.16000366210938,2553.0
51.560001373291016,84.19999694824219,2554.0
51.20000076293945,101.5999984741211,2555.0
51.2400016784668,84.16000366210938,2556.0
51.880001068115234,84.44000244140625,2557.0
49.040000915527344,84.72000122070312,2558.0
52.20000076293945,84.95999908447266,2559.0
48.7599983215332,94.31999969482422,2560.0
52.31999969482422,92.4800033569336,2561.0
52.20000076293945,94.16000366210938,2562.0
52.31999969482422,86.4000015258789,2563.0
52.0,93.5199966430664,2564.0
52.27999877929688,85.4000015258789,2565.0
52.20000076293945,93.5199966430664,2566.0
52.31999969482422,95.23999786376952,2567.0
52.27999877929688,95.1999969482422,2568.0
52.119998931884766,95.55999755859376,2569.0
52.20000076293945,95.55999755859376,2570.0
52.20000076293945,95.5999984741211,2571.0
52.400001525878906,96.08000183105467,2572.0
52.400001525878906,96.4800033569336,2573.0
52.43999862670898,96.63999938964844,2574.0
52.27999877929688,95.83999633789062,2575.0
52.31999969482422,94.55999755859376,2576.0
52.0,95.04000091552734,2577.0
51.880001068115234,227.9199981689453,2578.0
51.63999938964844,94.95999908447266,2579.0
51.68000030517578,94.87999725341795,2580.0
51.63999938964844,95.91999816894533,2581.0
52.68000030517578,96.4800033569336,2582.0
52.36000061035156,96.8000030517578,2583.0
52.84000015258789,89.36000061035156,2584.0
52.7599983215332,57.7599983215332,2585.0
52.84000015258789,88.83999633789062,2586.0
52.68000030517578,58.43999862670898,2587.0
52.63999938964844,58.91999816894531,2588.0
52.63999938964844,58.7599983215332,2589.0
52.63999938964844,88.27999877929688,2590.0
52.84000015258789,58.2400016784668,2591.0
52.880001068115234,88.23999786376953,2592.0
52.880001068115234,88.55999755859375,2593.0
52.63999938964844,88.27999877929688,2594.0
52.63999938964844,87.87999725341797,2595.0
52.31999969482422,225.8000030517578,2596.0
52.880001068115234,87.80000305175781,2597.0
52.31999969482422,229.3999938964844,2598.0
52.560001373291016,89.19999694824219,2599.0
52.52000045776367,230.27999877929688,2600.0
52.720001220703125,62.15999984741211,2601.0
53.31999969482422,62.0,2602.0
52.560001373291016,62.15999984741211,2603.0
52.959999084472656,62.2400016784668,2604.0
52.880001068115234,61.84000015258789,2605.0
52.52000045776367,62.20000076293945,2606.0
52.84000015258789,61.79999923706055,2607.0
52.20000076293945,62.2400016784668,2608.0
52.040000915527344,62.2400016784668,2609.0
51.400001525878906,62.36000061035156,2610.0
51.43999862670898,61.720001220703125,2611.0
51.15999984741211,62.400001525878906,2612.0
51.119998931884766,61.959999084472656,2613.0
51.08000183105469,61.79999923706055,2614.0
51.119998931884766,223.47999572753903,2615.0
51.63999938964844,223.0800018310547,2616.0
51.43999862670898,222.83999633789065,2617.0
50.91999816894531,222.83999633789065,2618.0
49.880001068115234,222.83999633789065,2619.0
49.79999923706055,222.72000122070312,2620.0
49.79999923706055,57.91999816894531,2621.0
49.63999938964844,57.91999816894531,2622.0
49.84000015258789,93.44000244140624,2623.0
49.84000015258789,93.27999877929688,2624.0
50.59999847412109,93.04000091552734,2625.0
50.119998931884766,93.16000366210938,2626.0
50.08000183105469,92.87999725341795,2627.0
49.720001220703125,93.04000091552734,2628.0
49.7599983215332,92.87999725341795,2629.0
49.720001220703125,92.87999725341795,2630.0
49.880001068115234,92.76000213623048,2631.0
49.959999084472656,59.91999816894531,2632.0
50.040000915527344,58.27999877929688,2633.0
50.040000915527344,57.040000915527344,2634.0
50.31999969482422,93.8000030517578,2635.0
50.119998931884766,92.68000030517578,2636.0
50.63999938964844,92.8000030517578,2637.0
50.68000030517578,92.55999755859376,2638.0
50.959999084472656,221.9600067138672,2639.0
50.959999084472656,222.27999877929688,2640.0
51.27999877929688,222.44000244140625,2641.0
51.27999877929688,222.27999877929688,2642.0
51.47999954223633,221.9199981689453,2643.0
51.47999954223633,221.8800048828125,2644.0
51.47999954223633,221.75999450683597,2645.0
52.20000076293945,221.67999267578125,2646.0
52.08000183105469,221.67999267578125,2647.0
51.959999084472656,221.9199981689453,2648.0
51.959999084472656,221.67999267578125,2649.0
51.400001525878906,57.79999923706055,2650.0
51.400001525878906,87.91999816894531,2651.0
50.880001068115234,58.0,2652.0
51.08000183105469,57.47999954223633,2653.0
51.36000061035156,57.63999938964844,2654.0
51.59999847412109,57.7599983215332,2655.0
52.52000045776367,57.7599983215332,2656.0
53.119998931884766,57.27999877929688,2657.0
52.91999816894531,57.15999984741211,2658.0
52.720001220703125,57.400001525878906,2659.0
53.0,57.400001525878906,2660.0
52.68000030517578,57.7599983215332,2661.0
53.040000915527344,57.2400016784668,2662.0
52.59999847412109,57.119998931884766,2663.0
52.43999862670898,57.59999847412109,2664.0
52.560001373291016,57.31999969482422,2665.0
52.43999862670898,57.47999954223633,2666.0
52.7599983215332,57.31999969482422,2667.0
52.79999923706055,57.63999938964844,2668.0
52.27999877929688,57.15999984741211,2669.0
52.43999862670898,57.31999969482422,2670.0
52.560001373291016,91.5999984741211,2671.0
52.720001220703125,56.15999984741211,2672.0
52.880001068115234,93.95999908447266,2673.0
52.880001068115234,57.15999984741211,2674.0
52.959999084472656,94.1999969482422,2675.0
53.0,56.119998931884766,2676.0
53.040000915527344,55.79999923706055,2677.0
52.880001068115234,54.040000915527344,2678.0
53.15999984741211,55.2400016784668,2679.0
53.0,54.59999847412109,2680.0
53.15999984741211,53.79999923706055,2681.0
53.400001525878906,85.63999938964844,2682.0
53.0,55.20000076293945,2683.0
52.47999954223633,86.12000274658203,2684.0
51.720001220703125,55.63999938964844,2685.0
51.43999862670898,54.84000015258789,2686.0
51.720001220703125,55.0,2687.0
51.720001220703125,53.52000045776367,2688.0
51.720001220703125,54.36000061035156,2689.0
52.2400016784668,53.2400016784668,2690.0
52.20000076293945,54.84000015258789,2691.0
52.040000915527344,53.720001220703125,2692.0
52.43999862670898,55.79999923706055,2693.0
52.68000030517578,54.59999847412109,2694.0
50.91999816894531,54.79999923706055,2695.0
49.7599983215332,54.84000015258789,2696.0
50.040000915527344,54.2400016784668,2697.0
51.59999847412109,53.959999084472656,2698.0
50.20000076293945,53.68000030517578,2699.0
49.36000061035156,54.720001220703125,2700.0
50.08000183105469,55.040000915527344,2701.0
49.959999084472656,56.27999877929688,2702.0
50.560001373291016,57.0,2703.0
50.7599983215332,56.720001220703125,2704.0
50.7599983215332,56.59999847412109,2705.0
50.7599983215332,57.400001525878906,2706.0
50.7599983215332,57.08000183105469,2707.0
50.7599983215332,57.2400016784668,2708.0
50.59999847412109,56.84000015258789,2709.0
51.15999984741211,56.68000030517578,2710.0
51.47999954223633,56.15999984741211,2711.0
50.68000030517578,56.2400016784668,2712.0
50.52000045776367,56.52000045776367,2713.0
50.2400016784668,56.560001373291016,2714.0
50.43999862670898,54.79999923706055,2715.0
50.68000030517578,55.52000045776367,2716.0
50.52000045776367,54.36000061035156,2717.0
50.08000183105469,57.7599983215332,2718.0
50.20000076293945,58.20000076293945,2719.0
49.959999084472656,57.79999923706055,2720.0
50.08000183105469,58.040000915527344,2721.0
49.84000015258789,59.68000030517578,2722.0
49.720001220703125,60.68000030517578,2723.0
49.52000045776367,51.63999938964844,2724.0
49.84000015258789,51.84000015258789,2725.0
49.63999938964844,51.59999847412109,2726.0
50.08000183105469,51.84000015258789,2727.0
50.15999984741211,51.91999816894531,2728.0
51.0,51.59999847412109,2729.0
51.2400016784668,52.08000183105469,2730.0
51.560001373291016,239.9600067138672,2731.0
51.68000030517578,239.9600067138672,2732.0
51.560001373291016,239.9600067138672,2733.0
51.47999954223633,239.9600067138672,2734.0
51.560001373291016,58.880001068115234,2735.0
49.880001068115234,58.27999877929688,2736.0
49.63999938964844,58.27999877929688,2737.0
49.63999938964844,58.400001525878906,2738.0
49.7599983215332,59.2400016784668,2739.0
49.720001220703125,58.68000030517578,2740.0
49.959999084472656,58.59999847412109,2741.0
50.15999984741211,58.27999877929688,2742.0
50.2400016784668,88.23999786376953,2743.0
50.27999877929688,51.880001068115234,2744.0
50.59999847412109,89.12000274658203,2745.0
50.79999923706055,89.19999694824219,2746.0
50.91999816894531,89.0,2747.0
50.79999923706055,89.0,2748.0
50.7599983215332,56.52000045776367,2749.0
50.7599983215332,58.2400016784668,2750.0
50.7599983215332,57.0,2751.0
50.7599983215332,56.959999084472656,2752.0
50.7599983215332,56.63999938964844,2753.0
50.68000030517578,57.119998931884766,2754.0
50.7599983215332,56.15999984741211,2755.0
51.08000183105469,55.20000076293945,2756.0
51.0,56.0,2757.0
51.43999862670898,55.84000015258789,2758.0
51.31999969482422,51.91999816894531,2759.0
51.2400016784668,57.27999877929688,2760.0
51.31999969482422,52.0,2761.0
51.47999954223633,52.2400016784668,2762.0
51.79999923706055,52.959999084472656,2763.0
51.880001068115234,53.15999984741211,2764.0
52.20000076293945,52.959999084472656,2765.0
52.20000076293945,53.20000076293945,2766.0
52.0,60.27999877929688,2767.0
51.720001220703125,56.27999877929688,2768.0
51.59999847412109,217.8800048828125,2769.0
51.880001068115234,217.16000366210935,2770.0
50.63999938964844,217.8000030517578,2771.0
49.720001220703125,217.1999969482422,2772.0
49.47999954223633,217.32000732421875,2773.0
48.880001068115234,217.32000732421875,2774.0
48.880001068115234,217.2400054931641,2775.0
48.400001525878906,52.84000015258789,2776.0
49.040000915527344,52.959999084472656,2777.0
49.36000061035156,51.400001525878906,2778.0
49.720001220703125,51.91999816894531,2779.0
50.119998931884766,51.91999816894531,2780.0
50.119998931884766,218.0800018310547,2781.0
49.959999084472656,52.08000183105469,2782.0
50.08000183105469,52.2400016784668,2783.0
50.15999984741211,53.52000045776367,2784.0
50.27999877929688,56.31999969482422,2785.0
50.68000030517578,58.27999877929688,2786.0
50.720001220703125,57.63999938964844,2787.0
51.2400016784668,56.79999923706055,2788.0
50.68000030517578,218.2400054931641,2789.0
50.91999816894531,218.9600067138672,2790.0
50.79999923706055,218.8000030517578,2791.0
50.91999816894531,52.59999847412109,2792.0
50.91999816894531,51.27999877929688,2793.0
50.59999847412109,56.84000015258789,2794.0
50.63999938964844,58.040000915527344,2795.0
50.0,57.31999969482422,2796.0
50.400001525878906,51.79999923706055,2797.0
50.0,52.7599983215332,2798.0
50.59999847412109,52.7599983215332,2799.0
50.720001220703125,219.0399932861328,2800.0
50.79999923706055,57.08000183105469,2801.0
50.880001068115234,56.84000015258789,2802.0
50.59999847412109,57.119998931884766,2803.0
50.47999954223633,56.040000915527344,2804.0
50.59999847412109,56.720001220703125,2805.0
50.400001525878906,56.47999954223633,2806.0
50.040000915527344,56.79999923706055,2807.0
49.959999084472656,56.68000030517578,2808.0
49.2400016784668,57.119998931884766,2809.0
49.959999084472656,55.959999084472656,2810.0
49.720001220703125,55.84000015258789,2811.0
49.84000015258789,53.47999954223633,2812.0
49.79999923706055,55.27999877929688,2813.0
49.880001068115234,53.560001373291016,2814.0
50.119998931884766,53.0,2815.0
52.040000915527344,53.08000183105469,2816.0
49.79999923706055,53.27999877929688,2817.0
51.15999984741211,53.040000915527344,2818.0
49.959999084472656,53.08000183105469,2819.0
49.560001373291016,53.040000915527344,2820.0
49.720001220703125,53.08000183105469,2821.0
49.79999923706055,52.31999969482422,2822.0
50.119998931884766,58.2400016784668,2823.0
50.08000183105469,53.2400016784668,2824.0
49.959999084472656,54.91999816894531,2825.0
50.040000915527344,55.720001220703125,2826.0
49.560001373291016,56.47999954223633,2827.0
50.15999984741211,56.59999847412109,2828.0
50.040000915527344,56.52000045776367,2829.0
50.400001525878906,56.400001525878906,2830.0
50.15999984741211,56.7599983215332,2831.0
50.400001525878906,56.84000015258789,2832.0
50.2400016784668,56.68000030517578,2833.0
50.47999954223633,57.20000076293945,2834.0
50.36000061035156,56.68000030517578,2835.0
50.52000045776367,56.7599983215332,2836.0
50.20000076293945,56.720001220703125,2837.0
50.040000915527344,56.52000045776367,2838.0
49.91999816894531,56.560001373291016,2839.0
49.91999816894531,56.040000915527344,2840.0
50.720001220703125,56.0,2841.0
50.36000061035156,57.47999954223633,2842.0
50.20000076293945,57.040000915527344,2843.0
50.040000915527344,57.0,2844.0
50.43999862670898,57.0,2845.0
50.720001220703125,56.84000015258789,2846.0
50.15999984741211,56.84000015258789,2847.0
50.43999862670898,58.119998931884766,2848.0
51.59999847412109,58.0,2849.0
52.720001220703125,56.43999862670898,2850.0
52.7599983215332,56.880001068115234,2851.0
51.59999847412109,56.880001068115234,2852.0
51.91999816894531,218.32000732421875,2853.0
215.0,217.8000030517578,2854.0
51.52000045776367,217.72000122070312,2855.0
51.15999984741211,217.67999267578125,2856.0
50.119998931884766,217.27999877929688,2857.0
50.31999969482422,217.5200042724609,2858.0
49.84000015258789,51.08000183105469,2859.0
49.91999816894531,218.1999969482422,2860.0
49.91999816894531,56.36000061035156,2861.0
49.959999084472656,56.36000061035156,2862.0
50.20000076293945,56.68000030517578,2863.0
50.20000076293945,56.2400016784668,2864.0
50.08000183105469,56.91999816894531,2865.0
50.15999984741211,56.59999847412109,2866.0
50.31999969482422,57.040000915527344,2867.0
50.52000045776367,56.27999877929688,2868.0
50.20000076293945,56.36000061035156,2869.0
50.08000183105469,56.20000076293945,2870.0
50.43999862670898,55.79999923706055,2871.0
50.560001373291016,216.83999633789065,2872.0
50.31999969482422,56.08000183105469,2873.0
50.20000076293945,56.7599983215332,2874.0
50.47999954223633,57.68000030517578,2875.0
50.27999877929688,58.0,2876.0
50.560001373291016,52.400001525878906,2877.0
50.68000030517578,52.7599983215332,2878.0
50.59999847412109,52.08000183105469,2879.0
50.68000030517578,217.1999969482422,2880.0
50.27999877929688,57.68000030517578,2881.0
50.47999954223633,57.720001220703125,2882.0
50.43999862670898,57.720001220703125,2883.0
50.7599983215332,57.36000061035156,2884.0
50.27999877929688,57.52000045776367,2885.0
50.59999847412109,57.43999862670898,2886.0
50.15999984741211,57.63999938964844,2887.0
50.47999954223633,57.15999984741211,2888.0
50.400001525878906,56.84000015258789,2889.0
50.400001525878906,56.68000030517578,2890.0
50.52000045776367,57.43999862670898,2891.0
50.59999847412109,56.08000183105469,2892.0
50.52000045776367,56.68000030517578,2893.0
50.20000076293945,51.400001525878906,2894.0
50.20000076293945,56.43999862670898,2895.0
49.560001373291016,56.68000030517578,2896.0
49.68000030517578,56.84000015258789,2897.0
49.52000045776367,56.36000061035156,2898.0
49.880001068115234,56.43999862670898,2899.0
49.63999938964844,56.43999862670898,2900.0
50.0,56.36000061035156,2901.0
50.040000915527344,56.040000915527344,2902.0
49.959999084472656,56.59999847412109,2903.0
50.040000915527344,56.27999877929688,2904.0
50.15999984741211,56.91999816894531,2905.0
50.2400016784668,57.2400016784668,2906.0
50.08000183105469,56.59999847412109,2907.0
49.959999084472656,56.91999816894531,2908.0
49.880001068115234,55.880001068115234,2909.0
49.959999084472656,55.959999084472656,2910.0
49.959999084472656,55.84000015258789,2911.0
50.08000183105469,220.1199951171875,2912.0
50.31999969482422,55.7599983215332,2913.0
50.36000061035156,56.119998931884766,2914.0
50.08000183105469,55.27999877929688,2915.0
50.08000183105469,56.7599983215332,2916.0
50.119998931884766,220.0800018310547,2917.0
50.119998931884766,55.7599983215332,2918.0
50.20000076293945,56.68000030517578,2919.0
50.31999969482422,56.59999847412109,2920.0
50.400001525878906,56.720001220703125,2921.0
50.36000061035156,56.63999938964844,2922.0
50.68000030517578,219.75999450683597,2923.0
50.84000015258789,220.1999969482422,2924.0
52.2400016784668,220.3999938964844,2925.0
51.91999816894531,220.9600067138672,2926.0
52.20000076293945,221.0,2927.0
52.040000915527344,221.63999938964844,2928.0
51.959999084472656,58.400001525878906,2929.0
51.720001220703125,57.47999954223633,2930.0
51.7599983215332,57.119998931884766,2931.0
51.720001220703125,57.79999923706055,2932.0
51.47999954223633,220.5200042724609,2933.0
51.20000076293945,57.15999984741211,2934.0
51.119998931884766,57.2400016784668,2935.0
51.040000915527344,58.20000076293945,2936.0
50.91999816894531,57.880001068115234,2937.0
50.720001220703125,57.52000045776367,2938.0
50.63999938964844,57.20000076293945,2939.0
50.91999816894531,57.0,2940.0
50.720001220703125,57.0,2941.0
50.47999954223633,56.36000061035156,2942.0
50.91999816894531,56.43999862670898,2943.0
50.91999816894531,55.79999923706055,2944.0
50.0,56.040000915527344,2945.0
50.31999969482422,56.040000915527344,2946.0
46.880001068115234,56.20000076293945,2947.0
47.040000915527344,56.20000076293945,2948.0
46.880001068115234,53.7599983215332,2949.0
47.119998931884766,53.720001220703125,2950.0
47.400001525878906,53.15999984741211,2951.0
52.27999877929688,220.16000366210935,2952.0
51.720001220703125,220.0,2953.0
50.47999954223633,220.16000366210935,2954.0
50.59999847412109,220.1199951171875,2955.0
50.0,220.27999877929688,2956.0
49.79999923706055,57.47999954223633,2957.0
49.43999862670898,221.0,2958.0
49.52000045776367,221.16000366210935,2959.0
49.52000045776367,220.83999633789065,2960.0
49.040000915527344,220.0800018310547,2961.0
50.59999847412109,219.83999633789065,2962.0
50.27999877929688,219.72000122070312,2963.0
50.63999938964844,53.79999923706055,2964.0
51.720001220703125,53.68000030517578,2965.0
50.36000061035156,52.59999847412109,2966.0
51.2400016784668,54.040000915527344,2967.0
51.08000183105469,219.2400054931641,2968.0
51.36000061035156,55.79999923706055,2969.0
51.36000061035156,55.880001068115234,2970.0
51.119998931884766,55.7599983215332,2971.0
50.7599983215332,56.08000183105469,2972.0
50.59999847412109,56.84000015258789,2973.0
49.84000015258789,57.119998931884766,2974.0
49.52000045776367,57.15999984741211,2975.0
49.15999984741211,57.15999984741211,2976.0
49.400001525878906,56.880001068115234,2977.0
49.959999084472656,57.7599983215332,2978.0
49.720001220703125,57.43999862670898,2979.0
49.63999938964844,57.400001525878906,2980.0
49.79999923706055,50.119998931884766,2981.0
49.400001525878906,50.36000061035156,2982.0
49.400001525878906,49.31999969482422,2983.0
48.720001220703125,221.8000030517578,2984.0
49.0,222.1199951171875,2985.0
48.400001525878906,222.0800018310547,2986.0
47.79999923706055,56.52000045776367,2987.0
47.84000015258789,56.36000061035156,2988.0
48.31999969482422,57.0,2989.0
48.959999084472656,57.08000183105469,2990.0
49.560001373291016,57.560001373291016,2991.0
50.2400016784668,57.63999938964844,2992.0
49.79999923706055,57.560001373291016,2993.0
50.20000076293945,57.400001525878906,2994.0
50.0,57.84000015258789,2995.0
50.7599983215332,57.63999938964844,2996.0
51.2400016784668,57.63999938964844,2997.0
50.47999954223633,57.59999847412109,2998.0
50.91999816894531,57.63999938964844,2999.0
51.08000183105469,91.91999816894533,3000.0
51.08000183105469,91.91999816894533,3001.0
50.880001068115234,91.87999725341795,3002.0
50.959999084472656,91.5999984741211,3003.0
217.1199951171875,239.9600067138672,3004.0
50.47999954223633,91.5999984741211,3005.0
50.63999938964844,221.0399932861328,3006.0
51.27999877929688,220.75999450683597,3007.0
214.0,220.72000122070312,3008.0
214.0,220.67999267578125,3009.0
214.0,221.0,3010.0
213.83999633789065,91.12000274658205,3011.0
214.16000366210935,221.55999755859372,3012.0
214.16000366210935,221.3999938964844,3013.0
50.20000076293945,221.55999755859372,3014.0
49.959999084472656,91.55999755859376,3015.0
49.84000015258789,91.27999877929688,3016.0
50.31999969482422,91.5999984741211,3017.0
50.720001220703125,91.5999984741211,3018.0
50.2400016784668,91.23999786376952,3019.0
50.959999084472656,219.72000122070312,3020.0
50.84000015258789,52.15999984741211,3021.0
50.31999969482422,143.8000030517578,3022.0
50.7599983215332,143.83999633789062,3023.0
50.47999954223633,144.0399932861328,3024.0
50.959999084472656,144.1199951171875,3025.0
50.79999923706055,144.16000366210938,3026.0
50.47999954223633,51.36000061035156,3027.0
50.68000030517578,51.52000045776367,3028.0
50.27999877929688,51.59999847412109,3029.0
217.27999877929688,50.27999877929688,3030.0
217.3600006103516,51.79999923706055,3031.0
216.8000030517578,217.44000244140625,3032.0
216.63999938964844,144.0399932861328,3033.0
49.0,220.1999969482422,3034.0
216.72000122070312,239.9600067138672,3035.0
216.5200042724609,239.9600067138672,3036.0
216.63999938964844,107.23999786376952,3037.0
50.0,107.23999786376952,3038.0
50.08000183105469,107.36000061035156,3039.0
50.08000183105469,81.80000305175781,3040.0
50.27999877929688,57.720001220703125,3041.0
50.08000183105469,57.31999969482422,3042.0
50.36000061035156,110.08000183105467,3043.0
50.400001525878906,92.23999786376952,3044.0
50.959999084472656,110.4800033569336,3045.0
50.959999084472656,92.55999755859376,3046.0
50.959999084472656,110.4800033569336,3047.0
50.63999938964844,109.95999908447266,3048.0
50.91999816894531,51.27999877929688,3049.0
51.08000183105469,52.2400016784668,3050.0
216.9199981689453,51.560001373291016,3051.0
50.63999938964844,52.0,3052.0
50.59999847412109,51.68000030517578,3053.0
50.79999923706055,52.0,3054.0
50.27999877929688,239.9600067138672,3055.0
50.47999954223633,107.27999877929688,3056.0
50.31999969482422,221.83999633789065,3057.0
49.959999084472656,221.83999633789065,3058.0
49.959999084472656,221.8800048828125,3059.0
49.52000045776367,93.0,3060.0
49.79999923706055,221.63999938964844,3061.0
49.880001068115234,222.1199951171875,3062.0
49.79999923706055,55.720001220703125,3063.0
50.2400016784668,239.9600067138672,3064.0
50.2400016784668,222.3600006103516,3065.0
215.67999267578125,222.0800018310547,3066.0
216.1199951171875,52.08000183105469,3067.0
216.16000366210935,52.20000076293945,3068.0
52.08000183105469,52.27999877929688,3069.0
52.15999984741211,52.2400016784668,3070.0
52.08000183105469,52.2400016784668,3071.0
52.040000915527344,52.2400016784668,3072.0
51.959999084472656,52.63999938964844,3073.0
51.959999084472656,52.2400016784668,3074.0
51.720001220703125,52.720001220703125,3075.0
51.84000015258789,52.52000045776367,3076.0
51.560001373291016,52.36000061035156,3077.0
51.560001373291016,52.7599983215332,3078.0
51.400001525878906,52.560001373291016,3079.0
50.959999084472656,86.12000274658203,3080.0
50.20000076293945,85.63999938964844,3081.0
50.040000915527344,85.63999938964844,3082.0
49.959999084472656,86.12000274658203,3083.0
50.08000183105469,86.12000274658203,3084.0
49.880001068115234,86.12000274658203,3085.0
50.040000915527344,86.12000274658203,3086.0
50.0,86.27999877929688,3087.0
49.84000015258789,86.76000213623047,3088.0
49.31999969482422,105.83999633789062,3089.0
49.63999938964844,105.08000183105467,3090.0
49.63999938964844,105.36000061035156,3091.0
50.0,105.0,3092.0
50.43999862670898,105.95999908447266,3093.0
49.63999938964844,221.55999755859372,3094.0
49.63999938964844,58.119998931884766,3095.0
49.63999938964844,57.2400016784668,3096.0
50.0,58.0,3097.0
50.15999984741211,58.0,3098.0
50.15999984741211,57.040000915527344,3099.0
50.08000183105469,57.959999084472656,3100.0
49.7599983215332,221.75999450683597,3101.0
49.880001068115234,58.20000076293945,3102.0
49.7599983215332,57.720001220703125,3103.0
49.959999084472656,222.67999267578125,3104.0
49.720001220703125,221.63999938964844,3105.0
49.959999084472656,57.36000061035156,3106.0
50.0,57.2400016784668,3107.0
50.119998931884766,57.63999938964844,3108.0
50.47999954223633,58.59999847412109,3109.0
50.52000045776367,52.52000045776367,3110.0
50.08000183105469,51.36000061035156,3111.0
51.0,51.68000030517578,3112.0
50.52000045776367,51.43999862670898,3113.0
50.68000030517578,51.560001373291016,3114.0
50.720001220703125,51.36000061035156,3115.0
50.79999923706055,51.52000045776367,3116.0
51.08000183105469,51.720001220703125,3117.0
50.84000015258789,51.59999847412109,3118.0
50.63999938964844,51.52000045776367,3119.0
50.959999084472656,51.68000030517578,3120.0
47.0,51.560001373291016,3121.0
51.119998931884766,52.040000915527344,3122.0
47.31999969482422,51.68000030517578,3123.0
50.040000915527344,52.31999969482422,3124.0
50.47999954223633,52.0,3125.0
51.08000183105469,52.20000076293945,3126.0
51.15999984741211,52.560001373291016,3127.0
51.15999984741211,52.31999969482422,3128.0
51.880001068115234,57.36000061035156,3129.0
50.36000061035156,57.43999862670898,3130.0
49.959999084472656,57.31999969482422,3131.0
49.79999923706055,57.59999847412109,3132.0
50.08000183105469,56.91999816894531,3133.0
50.31999969482422,56.880001068115234,3134.0
50.20000076293945,56.68000030517578,3135.0
50.20000076293945,221.1199951171875,3136.0
50.08000183105469,221.3999938964844,3137.0
50.119998931884766,220.16000366210935,3138.0
50.2400016784668,221.8000030517578,3139.0
50.43999862670898,57.31999969482422,3140.0
50.36000061035156,57.720001220703125,3141.0
50.59999847412109,57.47999954223633,3142.0
50.52000045776367,57.15999984741211,3143.0
50.040000915527344,57.119998931884766,3144.0
50.08000183105469,57.59999847412109,3145.0
49.720001220703125,57.63999938964844,3146.0
49.880001068115234,57.7599983215332,3147.0
49.720001220703125,57.59999847412109,3148.0
49.400001525878906,57.47999954223633,3149.0
49.52000045776367,57.400001525878906,3150.0
49.43999862670898,57.0,3151.0
49.52000045776367,52.52000045776367,3152.0
49.31999969482422,220.3999938964844,3153.0
49.15999984741211,220.83999633789065,3154.0
49.119998931884766,220.32000732421875,3155.0
49.119998931884766,220.2400054931641,3156.0
49.119998931884766,51.68000030517578,3157.0
49.31999969482422,51.119998931884766,3158.0
48.91999816894531,53.08000183105469,3159.0
48.68000030517578,52.119998931884766,3160.0
49.31999969482422,52.040000915527344,3161.0
49.400001525878906,51.08000183105469,3162.0
49.31999969482422,51.2400016784668,3163.0
49.31999969482422,50.91999816894531,3164.0
49.20000076293945,51.31999969482422,3165.0
49.20000076293945,51.47999954223633,3166.0
49.47999954223633,50.47999954223633,3167.0
49.47999954223633,51.0,3168.0
49.43999862670898,51.15999984741211,3169.0
49.63999938964844,50.59999847412109,3170.0
49.7599983215332,50.52000045776367,3171.0
49.79999923706055,220.3999938964844,3172.0
49.79999923706055,50.91999816894531,3173.0
49.720001220703125,220.75999450683597,3174.0
49.720001220703125,50.52000045776367,3175.0
49.63999938964844,50.59999847412109,3176.0
49.31999969482422,50.79999923706055,3177.0
49.43999862670898,50.91999816894531,3178.0
48.720001220703125,61.20000076293945,3179.0
48.7599983215332,61.08000183105469,3180.0
48.68000030517578,61.2400016784668,3181.0
48.880001068115234,61.68000030517578,3182.0
48.959999084472656,61.20000076293945,3183.0
48.959999084472656,61.15999984741211,3184.0
49.119998931884766,61.040000915527344,3185.0
48.880001068115234,60.040000915527344,3186.0
48.880001068115234,224.47999572753903,3187.0
48.79999923706055,225.5200042724609,3188.0
48.720001220703125,226.3600006103516,3189.0
48.68000030517578,225.47999572753903,3190.0
48.59999847412109,226.32000732421875,3191.0
48.52000045776367,226.9600067138672,3192.0
48.68000030517578,57.7599983215332,3193.0
48.63999938964844,52.959999084472656,3194.0
48.7599983215332,57.52000045776367,3195.0
49.31999969482422,57.31999969482422,3196.0
49.400001525878906,57.84000015258789,3197.0
49.52000045776367,57.59999847412109,3198.0
48.91999816894531,57.08000183105469,3199.0
48.959999084472656,56.720001220703125,3200.0
48.7599983215332,57.119998931884766,3201.0
49.119998931884766,55.79999923706055,3202.0
49.08000183105469,57.79999923706055,3203.0
49.959999084472656,57.400001525878906,3204.0
49.720001220703125,56.880001068115234,3205.0
50.08000183105469,55.15999984741211,3206.0
49.880001068115234,56.040000915527344,3207.0
49.63999938964844,54.91999816894531,3208.0
49.31999969482422,55.27999877929688,3209.0
49.15999984741211,70.5999984741211,3210.0
48.68000030517578,55.36000061035156,3211.0
48.880001068115234,56.08000183105469,3212.0
48.63999938964844,56.2400016784668,3213.0
48.7599983215332,57.36000061035156,3214.0
48.68000030517578,58.7599983215332,3215.0
49.0,59.36000061035156,3216.0
49.0,81.31999969482422,3217.0
49.47999954223633,72.76000213623047,3218.0
49.2400016784668,74.55999755859375,3219.0
49.63999938964844,221.0,3220.0
49.880001068115234,221.55999755859372,3221.0
49.959999084472656,221.1199951171875,3222.0
50.040000915527344,222.47999572753903,3223.0
50.08000183105469,222.83999633789065,3224.0
50.08000183105469,222.63999938964844,3225.0
50.2400016784668,59.400001525878906,3226.0
49.84000015258789,58.91999816894531,3227.0
50.119998931884766,60.79999923706055,3228.0
49.959999084472656,60.52000045776367,3229.0
50.08000183105469,60.84000015258789,3230.0
50.08000183105469,60.880001068115234,3231.0
49.91999816894531,60.720001220703125,3232.0
50.20000076293945,60.59999847412109,3233.0
49.959999084472656,60.959999084472656,3234.0
49.959999084472656,60.08000183105469,3235.0
49.59999847412109,59.68000030517578,3236.0
49.79999923706055,59.119998931884766,3237.0
49.560001373291016,58.880001068115234,3238.0
49.59999847412109,58.08000183105469,3239.0
49.560001373291016,58.43999862670898,3240.0
49.27999877929688,58.08000183105469,3241.0
49.68000030517578,57.959999084472656,3242.0
49.560001373291016,58.08000183105469,3243.0
48.959999084472656,57.59999847412109,3244.0
49.2400016784668,58.7599983215332,3245.0
49.43999862670898,58.68000030517578,3246.0
49.68000030517578,59.040000915527344,3247.0
49.880001068115234,58.59999847412109,3248.0
50.040000915527344,59.36000061035156,3249.0
50.0,58.15999984741211,3250.0
49.880001068115234,58.79999923706055,3251.0
49.959999084472656,59.040000915527344,3252.0
49.119998931884766,58.27999877929688,3253.0
49.68000030517578,52.91999816894531,3254.0
48.84000015258789,53.08000183105469,3255.0
48.27999877929688,52.7599983215332,3256.0
48.31999969482422,49.119998931884766,3257.0
48.08000183105469,55.63999938964844,3258.0
47.47999954223633,56.36000061035156,3259.0
47.400001525878906,56.15999984741211,3260.0
46.79999923706055,56.08000183105469,3261.0
47.119998931884766,55.84000015258789,3262.0
52.52000045776367,56.040000915527344,3263.0
47.880001068115234,55.79999923706055,3264.0
52.20000076293945,55.91999816894531,3265.0
48.08000183105469,56.20000076293945,3266.0
49.31999969482422,56.52000045776367,3267.0
50.63999938964844,56.7599983215332,3268.0
50.720001220703125,57.15999984741211,3269.0
49.91999816894531,56.47999954223633,3270.0
49.84000015258789,55.7599983215332,3271.0
49.119998931884766,57.36000061035156,3272.0
49.59999847412109,57.31999969482422,3273.0
49.43999862670898,57.400001525878906,3274.0
49.31999969482422,56.959999084472656,3275.0
49.47999954223633,50.91999816894531,3276.0
49.20000076293945,62.47999954223633,3277.0
49.52000045776367,63.43999862670898,3278.0
49.68000030517578,62.400001525878906,3279.0
49.63999938964844,61.79999923706055,3280.0
49.43999862670898,61.68000030517578,3281.0
49.36000061035156,61.040000915527344,3282.0
44.84000015258789,52.31999969482422,3283.0
45.959999084472656,52.63999938964844,3284.0
46.040000915527344,51.59999847412109,3285.0
46.20000076293945,51.880001068115234,3286.0
48.119998931884766,57.20000076293945,3287.0
48.720001220703125,57.400001525878906,3288.0
48.560001373291016,57.52000045776367,3289.0
49.20000076293945,58.27999877929688,3290.0
49.08000183105469,58.31999969482422,3291.0
49.20000076293945,223.8800048828125,3292.0
49.08000183105469,223.0800018310547,3293.0
50.0,51.720001220703125,3294.0
49.20000076293945,51.52000045776367,3295.0
49.08000183105469,53.880001068115234,3296.0
49.68000030517578,53.880001068115234,3297.0
49.959999084472656,54.36000061035156,3298.0
49.84000015258789,54.880001068115234,3299.0
50.400001525878906,55.59999847412109,3300.0
50.7599983215332,216.72000122070312,3301.0
50.79999923706055,216.67999267578125,3302.0
51.31999969482422,216.9199981689453,3303.0
50.79999923706055,216.83999633789065,3304.0
50.27999877929688,216.63999938964844,3305.0
46.560001373291016,216.75999450683597,3306.0
48.560001373291016,216.6000061035156,3307.0
48.59999847412109,60.400001525878906,3308.0
47.47999954223633,60.880001068115234,3309.0
47.84000015258789,60.43999862670898,3310.0
47.36000061035156,59.84000015258789,3311.0
47.91999816894531,59.36000061035156,3312.0
47.959999084472656,59.08000183105469,3313.0
47.7599983215332,52.119998931884766,3314.0
49.63999938964844,218.72000122070312,3315.0
49.43999862670898,53.0,3316.0
49.63999938964844,218.1199951171875,3317.0
49.36000061035156,56.68000030517578,3318.0
49.63999938964844,217.3999938964844,3319.0
49.15999984741211,216.75999450683597,3320.0
49.15999984741211,216.83999633789065,3321.0
48.84000015258789,51.880001068115234,3322.0
49.040000915527344,52.040000915527344,3323.0
48.400001525878906,216.2400054931641,3324.0
48.91999816894531,51.959999084472656,3325.0
48.79999923706055,59.0,3326.0
49.63999938964844,216.27999877929688,3327.0
49.7599983215332,59.2400016784668,3328.0
49.959999084472656,56.959999084472656,3329.0
49.47999954223633,56.040000915527344,3330.0
49.79999923706055,53.720001220703125,3331.0
50.0,53.560001373291016,3332.0
50.959999084472656,53.959999084472656,3333.0
49.31999969482422,55.79999923706055,3334.0
48.52000045776367,55.31999969482422,3335.0
48.27999877929688,56.27999877929688,3336.0
48.36000061035156,55.79999923706055,3337.0
48.040000915527344,56.59999847412109,3338.0
48.2400016784668,56.7599983215332,3339.0
48.15999984741211,56.720001220703125,3340.0
48.68000030517578,57.400001525878906,3341.0
49.43999862670898,57.08000183105469,3342.0
49.20000076293945,57.47999954223633,3343.0
49.880001068115234,57.400001525878906,3344.0
50.040000915527344,57.560001373291016,3345.0
49.2400016784668,57.36000061035156,3346.0
50.20000076293945,57.52000045776367,3347.0
49.880001068115234,56.59999847412109,3348.0
50.040000915527344,216.32000732421875,3349.0
50.36000061035156,56.79999923706055,3350.0
50.43999862670898,216.55999755859372,3351.0
51.31999969482422,55.959999084472656,3352.0
51.27999877929688,55.79999923706055,3353.0
51.20000076293945,53.52000045776367,3354.0
52.20000076293945,217.5200042724609,3355.0
51.79999923706055,54.15999984741211,3356.0
53.20000076293945,54.2400016784668,3357.0
41.63999938964844,54.08000183105469,3358.0
50.7599983215332,55.20000076293945,3359.0
42.31999969482422,54.720001220703125,3360.0
49.63999938964844,54.36000061035156,3361.0
48.36000061035156,53.880001068115234,3362.0
48.91999816894531,53.880001068115234,3363.0
49.52000045776367,53.880001068115234,3364.0
47.91999816894531,53.880001068115234,3365.0
49.0,54.119998931884766,3366.0
48.2400016784668,54.27999877929688,3367.0
49.15999984741211,54.040000915527344,3368.0
49.36000061035156,54.43999862670898,3369.0
49.47999954223633,54.400001525878906,3370.0
50.31999969482422,54.63999938964844,3371.0
49.880001068115234,54.560001373291016,3372.0
49.63999938964844,54.36000061035156,3373.0
49.7599983215332,53.880001068115234,3374.0
49.63999938964844,54.43999862670898,3375.0
50.47999954223633,53.880001068115234,3376.0
50.43999862670898,53.720001220703125,3377.0
50.59999847412109,53.79999923706055,3378.0
50.27999877929688,54.08000183105469,3379.0
50.27999877929688,54.31999969482422,3380.0
50.0,220.1999969482422,3381.0
50.20000076293945,57.08000183105469,3382.0
49.959999084472656,57.040000915527344,3383.0
50.7599983215332,57.08000183105469,3384.0
50.400001525878906,57.040000915527344,3385.0
50.59999847412109,56.720001220703125,3386.0
50.47999954223633,56.84000015258789,3387.0
50.59999847412109,56.08000183105469,3388.0
50.15999984741211,57.040000915527344,3389.0
50.59999847412109,55.880001068115234,3390.0
50.400001525878906,57.880001068115234,3391.0
50.43999862670898,57.08000183105469,3392.0
50.43999862670898,219.0800018310547,3393.0
50.119998931884766,58.20000076293945,3394.0
50.119998931884766,51.43999862670898,3395.0
50.08000183105469,53.15999984741211,3396.0
50.040000915527344,53.63999938964844,3397.0
48.68000030517578,53.68000030517578,3398.0
50.119998931884766,54.040000915527344,3399.0
49.68000030517578,53.91999816894531,3400.0
49.52000045776367,54.63999938964844,3401.0
49.2400016784668,53.560001373291016,3402.0
49.040000915527344,53.84000015258789,3403.0
49.20000076293945,54.27999877929688,3404.0
48.959999084472656,53.68000030517578,3405.0
49.040000915527344,54.43999862670898,3406.0
49.040000915527344,220.47999572753903,3407.0
49.08000183105469,221.0,3408.0
49.20000076293945,220.8800048828125,3409.0
49.43999862670898,57.119998931884766,3410.0
49.43999862670898,57.79999923706055,3411.0
50.08000183105469,57.63999938964844,3412.0
50.15999984741211,56.84000015258789,3413.0
50.59999847412109,56.43999862670898,3414.0
50.15999984741211,55.880001068115234,3415.0
50.47999954223633,55.959999084472656,3416.0
50.119998931884766,53.2400016784668,3417.0
50.36000061035156,51.43999862670898,3418.0
50.63999938964844,55.959999084472656,3419.0
48.20000076293945,51.68000030517578,3420.0
50.31999969482422,56.040000915527344,3421.0
50.15999984741211,56.15999984741211,3422.0
50.7599983215332,56.040000915527344,3423.0
49.959999084472656,55.84000015258789,3424.0
50.720001220703125,219.63999938964844,3425.0
50.400001525878906,54.7599983215332,3426.0
51.15999984741211,219.75999450683597,3427.0
50.36000061035156,217.8000030517578,3428.0
50.959999084472656,216.0,3429.0
48.959999084472656,216.6000061035156,3430.0
46.040000915527344,55.91999816894531,3431.0
49.52000045776367,217.55999755859372,3432.0
48.91999816894531,56.63999938964844,3433.0
49.720001220703125,55.2400016784668,3434.0
49.959999084472656,52.959999084472656,3435.0
50.0,53.20000076293945,3436.0
50.59999847412109,53.720001220703125,3437.0
48.84000015258789,53.47999954223633,3438.0
50.119998931884766,54.040000915527344,3439.0
49.63999938964844,53.2400016784668,3440.0
49.880001068115234,54.040000915527344,3441.0
49.880001068115234,54.84000015258789,3442.0
49.79999923706055,56.08000183105469,3443.0
50.15999984741211,56.68000030517578,3444.0
50.880001068115234,55.91999816894531,3445.0
51.0,54.15999984741211,3446.0
50.59999847412109,54.959999084472656,3447.0
50.20000076293945,220.0800018310547,3448.0
50.560001373291016,82.31999969482422,3449.0
50.7599983215332,53.400001525878906,3450.0
50.7599983215332,221.1199951171875,3451.0
50.560001373291016,53.119998931884766,3452.0
51.20000076293945,52.84000015258789,3453.0
50.59999847412109,52.91999816894531,3454.0
51.560001373291016,56.36000061035156,3455.0
49.52000045776367,56.08000183105469,3456.0
50.59999847412109,56.560001373291016,3457.0
49.400001525878906,82.4800033569336,3458.0
49.7599983215332,56.52000045776367,3459.0
48.959999084472656,82.27999877929688,3460.0
49.040000915527344,56.47999954223633,3461.0
47.84000015258789,53.59999847412109,3462.0
48.68000030517578,53.0,3463.0
48.119998931884766,52.20000076293945,3464.0
48.2400016784668,52.880001068115234,3465.0
48.400001525878906,215.32000732421875,3466.0
48.68000030517578,215.55999755859372,3467.0
48.52000045776367,215.5200042724609,3468.0
48.15999984741211,215.75999450683597,3469.0
48.27999877929688,216.1999969482422,3470.0
49.15999984741211,52.880001068115234,3471.0
49.63999938964844,215.8800048828125,3472.0
49.400001525878906,215.6000061035156,3473.0
49.59999847412109,216.0399932861328,3474.0
49.400001525878906,57.47999954223633,3475.0
49.400001525878906,216.1199951171875,3476.0
48.84000015258789,57.27999877929688,3477.0
49.31999969482422,215.6000061035156,3478.0
49.560001373291016,217.0,3479.0
49.31999969482422,57.119998931884766,3480.0
49.43999862670898,57.47999954223633,3481.0
49.63999938964844,56.91999816894531,3482.0
49.7599983215332,56.27999877929688,3483.0
50.43999862670898,54.959999084472656,3484.0
49.84000015258789,54.36000061035156,3485.0
50.27999877929688,53.040000915527344,3486.0
50.560001373291016,54.20000076293945,3487.0
50.0,52.68000030517578,3488.0
49.63999938964844,55.27999877929688,3489.0
49.15999984741211,216.0399932861328,3490.0
48.59999847412109,54.59999847412109,3491.0
48.2400016784668,216.0800018310547,3492.0
49.119998931884766,53.959999084472656,3493.0
48.400001525878906,216.16000366210935,3494.0
48.79999923706055,54.15999984741211,3495.0
49.08000183105469,215.75999450683597,3496.0
49.20000076293945,55.52000045776367,3497.0
48.959999084472656,55.52000045776367,3498.0
49.36000061035156,55.84000015258789,3499.0
49.15999984741211,218.3600006103516,3500.0
50.08000183105469,218.16000366210935,3501.0
48.7599983215332,218.44000244140625,3502.0
48.68000030517578,218.72000122070312,3503.0
48.68000030517578,53.560001373291016,3504.0
49.47999954223633,53.400001525878906,3505.0
50.27999877929688,52.959999084472656,3506.0
49.880001068115234,53.20000076293945,3507.0
50.560001373291016,53.0,3508.0
50.560001373291016,53.27999877929688,3509.0
50.91999816894531,53.400001525878906,3510.0
50.91999816894531,52.91999816894531,3511.0
50.84000015258789,52.91999816894531,3512.0
49.84000015258789,53.27999877929688,3513.0
47.79999923706055,53.20000076293945,3514.0
48.20000076293945,53.2400016784668,3515.0
48.27999877929688,53.31999969482422,3516.0
48.52000045776367,52.720001220703125,3517.0
49.20000076293945,57.91999816894531,3518.0
48.79999923706055,58.20000076293945,3519.0
49.2400016784668,58.400001525878906,3520.0
49.15999984741211,61.63999938964844,3521.0
48.59999847412109,57.91999816894531,3522.0
49.560001373291016,55.68000030517578,3523.0
48.84000015258789,56.36000061035156,3524.0
49.720001220703125,218.55999755859372,3525.0
49.79999923706055,218.32000732421875,3526.0
50.040000915527344,217.8800048828125,3527.0
49.91999816894531,218.3999938964844,3528.0
49.7599983215332,218.0399932861328,3529.0
50.15999984741211,218.5200042724609,3530.0
49.959999084472656,218.32000732421875,3531.0
50.08000183105469,218.63999938964844,3532.0
50.20000076293945,218.67999267578125,3533.0
49.84000015258789,218.72000122070312,3534.0
49.79999923706055,54.15999984741211,3535.0
49.79999923706055,62.91999816894531,3536.0
49.47999954223633,219.0399932861328,3537.0
49.47999954223633,63.84000015258789,3538.0
49.2400016784668,64.4000015258789,3539.0
49.20000076293945,218.2400054931641,3540.0
48.84000015258789,57.720001220703125,3541.0
49.43999862670898,218.47999572753903,3542.0
48.720001220703125,218.47999572753903,3543.0
49.79999923706055,55.59999847412109,3544.0
50.119998931884766,218.47999572753903,3545.0
50.400001525878906,55.43999862670898,3546.0
50.959999084472656,54.27999877929688,3547.0
213.3999938964844,53.63999938964844,3548.0
51.119998931884766,54.31999969482422,3549.0
51.2400016784668,54.31999969482422,3550.0
50.27999877929688,54.84000015258789,3551.0
51.720001220703125,54.79999923706055,3552.0
51.0,54.79999923706055,3553.0
52.20000076293945,54.84000015258789,3554.0
50.959999084472656,54.84000015258789,3555.0
49.91999816894531,54.43999862670898,3556.0
49.20000076293945,219.0399932861328,3557.0
50.400001525878906,55.08000183105469,3558.0
49.7599983215332,55.36000061035156,3559.0
50.0,56.400001525878906,3560.0
49.52000045776367,54.08000183105469,3561.0
49.79999923706055,218.63999938964844,3562.0
50.0,58.720001220703125,3563.0
50.08000183105469,54.08000183105469,3564.0
50.119998931884766,54.36000061035156,3565.0
50.15999984741211,56.040000915527344,3566.0
50.119998931884766,56.52000045776367,3567.0
50.20000076293945,56.91999816894531,3568.0
50.08000183105469,57.2400016784668,3569.0
50.20000076293945,219.9199981689453,3570.0
50.119998931884766,57.040000915527344,3571.0
50.20000076293945,219.9199981689453,3572.0
50.27999877929688,57.040000915527344,3573.0
50.27999877929688,57.36000061035156,3574.0
50.27999877929688,52.880001068115234,3575.0
50.119998931884766,52.68000030517578,3576.0
50.119998931884766,53.20000076293945,3577.0
50.08000183105469,53.27999877929688,3578.0
49.720001220703125,52.720001220703125,3579.0
49.15999984741211,51.47999954223633,3580.0
49.52000045776367,51.59999847412109,3581.0
49.52000045776367,51.91999816894531,3582.0
49.59999847412109,53.36000061035156,3583.0
49.7599983215332,56.15999984741211,3584.0
49.400001525878906,55.91999816894531,3585.0
49.36000061035156,56.560001373291016,3586.0
49.27999877929688,56.52000045776367,3587.0
49.2400016784668,56.52000045776367,3588.0
49.63999938964844,57.43999862670898,3589.0
49.63999938964844,57.36000061035156,3590.0
49.36000061035156,221.63999938964844,3591.0
49.47999954223633,221.75999450683597,3592.0
49.63999938964844,221.8000030517578,3593.0
49.91999816894531,57.400001525878906,3594.0
49.7599983215332,56.720001220703125,3595.0
49.31999969482422,56.43999862670898,3596.0
49.31999969482422,56.47999954223633,3597.0
49.20000076293945,56.20000076293945,3598.0
49.119998931884766,57.040000915527344,3599.0
49.119998931884766,56.20000076293945,3600.0
48.959999084472656,56.08000183105469,3601.0
49.20000076293945,55.79999923706055,3602.0
49.84000015258789,55.36000061035156,3603.0
48.880001068115234,55.47999954223633,3604.0
49.119998931884766,54.880001068115234,3605.0
48.91999816894531,55.7599983215332,3606.0
48.91999816894531,55.31999969482422,3607.0
49.15999984741211,55.27999877929688,3608.0
49.2400016784668,55.47999954223633,3609.0
49.119998931884766,55.68000030517578,3610.0
49.47999954223633,55.560001373291016,3611.0
49.119998931884766,55.52000045776367,3612.0
49.15999984741211,55.560001373291016,3613.0
49.400001525878906,55.79999923706055,3614.0
49.400001525878906,55.31999969482422,3615.0
49.31999969482422,54.84000015258789,3616.0
49.43999862670898,55.08000183105469,3617.0
50.36000061035156,55.400001525878906,3618.0
50.08000183105469,55.119998931884766,3619.0
49.880001068115234,55.040000915527344,3620.0
50.119998931884766,55.15999984741211,3621.0
49.880001068115234,54.720001220703125,3622.0
49.720001220703125,54.31999969482422,3623.0
49.31999969482422,55.20000076293945,3624.0
49.400001525878906,54.63999938964844,3625.0
48.84000015258789,55.20000076293945,3626.0
48.84000015258789,55.43999862670898,3627.0
48.52000045776367,55.400001525878906,3628.0
48.08000183105469,55.31999969482422,3629.0
48.20000076293945,55.0,3630.0
47.91999816894531,54.7599983215332,3631.0
47.959999084472656,54.560001373291016,3632.0
48.040000915527344,54.68000030517578,3633.0
48.560001373291016,54.15999984741211,3634.0
48.27999877929688,54.31999969482422,3635.0
49.31999969482422,54.880001068115234,3636.0
49.31999969482422,54.880001068115234,3637.0
50.31999969482422,55.2400016784668,3638.0
50.43999862670898,55.08000183105469,3639.0
50.59999847412109,220.32000732421875,3640.0
50.27999877929688,220.75999450683597,3641.0
50.119998931884766,220.83999633789065,3642.0
50.2400016784668,221.16000366210935,3643.0
49.959999084472656,52.59999847412109,3644.0
49.400001525878906,52.959999084472656,3645.0
49.560001373291016,53.68000030517578,3646.0
49.52000045776367,52.59999847412109,3647.0
49.52000045776367,53.0,3648.0
49.720001220703125,52.959999084472656,3649.0
49.7599983215332,54.119998931884766,3650.0
49.68000030517578,54.27999877929688,3651.0
49.79999923706055,54.880001068115234,3652.0
49.08000183105469,54.560001373291016,3653.0
48.959999084472656,55.08000183105469,3654.0
49.0,54.63999938964844,3655.0
48.91999816894531,53.59999847412109,3656.0
48.43999862670898,52.20000076293945,3657.0
48.119998931884766,54.63999938964844,3658.0
48.2400016784668,53.43999862670898,3659.0
47.68000030517578,53.400001525878906,3660.0
47.880001068115234,52.36000061035156,3661.0
47.0,53.040000915527344,3662.0
48.040000915527344,53.2400016784668,3663.0
48.15999984741211,53.119998931884766,3664.0
47.2400016784668,53.2400016784668,3665.0
47.7599983215332,52.84000015258789,3666.0
47.7599983215332,53.880001068115234,3667.0
47.79999923706055,54.27999877929688,3668.0
47.560001373291016,54.31999969482422,3669.0
49.31999969482422,54.52000045776367,3670.0
50.63999938964844,54.400001525878906,3671.0
50.31999969482422,55.15999984741211,3672.0
50.31999969482422,54.400001525878906,3673.0
50.63999938964844,54.040000915527344,3674.0
48.68000030517578,53.959999084472656,3675.0
47.720001220703125,53.880001068115234,3676.0
47.7599983215332,53.2400016784668,3677.0
47.43999862670898,52.84000015258789,3678.0
48.31999969482422,52.84000015258789,3679.0
48.7599983215332,53.400001525878906,3680.0
49.31999969482422,53.7599983215332,3681.0
47.720001220703125,54.36000061035156,3682.0
48.36000061035156,53.959999084472656,3683.0
47.7599983215332,53.400001525878906,3684.0
48.400001525878906,53.52000045776367,3685.0
49.08000183105469,53.400001525878906,3686.0
48.7599983215332,53.720001220703125,3687.0
49.880001068115234,56.720001220703125,3688.0
49.79999923706055,56.560001373291016,3689.0
49.79999923706055,56.2400016784668,3690.0
49.20000076293945,54.59999847412109,3691.0
49.2400016784668,56.040000915527344,3692.0
49.08000183105469,56.20000076293945,3693.0
49.119998931884766,55.84000015258789,3694.0
49.040000915527344,56.119998931884766,3695.0
49.08000183105469,56.119998931884766,3696.0
48.91999816894531,55.47999954223633,3697.0
48.959999084472656,56.040000915527344,3698.0
48.959999084472656,53.36000061035156,3699.0
49.20000076293945,55.52000045776367,3700.0
49.47999954223633,54.7599983215332,3701.0
49.27999877929688,55.400001525878906,3702.0
49.68000030517578,54.720001220703125,3703.0
49.720001220703125,54.31999969482422,3704.0
49.720001220703125,53.31999969482422,3705.0
48.2400016784668,52.7599983215332,3706.0
50.68000030517578,52.63999938964844,3707.0
48.08000183105469,52.880001068115234,3708.0
48.36000061035156,53.0,3709.0
48.720001220703125,52.91999816894531,3710.0
49.08000183105469,53.63999938964844,3711.0
48.36000061035156,54.0,3712.0
48.400001525878906,217.8800048828125,3713.0
48.119998931884766,54.15999984741211,3714.0
48.880001068115234,216.6000061035156,3715.0
49.15999984741211,216.44000244140625,3716.0
49.20000076293945,216.2400054931641,3717.0
49.119998931884766,214.5200042724609,3718.0
49.20000076293945,213.72000122070312,3719.0
49.20000076293945,213.2400054931641,3720.0
49.59999847412109,213.0800018310547,3721.0
49.15999984741211,54.43999862670898,3722.0
49.119998931884766,55.84000015258789,3723.0
49.0,55.119998931884766,3724.0
48.91999816894531,50.63999938964844,3725.0
48.68000030517578,52.68000030517578,3726.0
48.880001068115234,54.7599983215332,3727.0
48.560001373291016,51.400001525878906,3728.0
48.79999923706055,55.119998931884766,3729.0
48.59999847412109,50.43999862670898,3730.0
48.36000061035156,53.59999847412109,3731.0
48.36000061035156,51.27999877929688,3732.0
48.040000915527344,52.2400016784668,3733.0
48.040000915527344,51.31999969482422,3734.0
48.15999984741211,49.59999847412109,3735.0
47.959999084472656,51.7599983215332,3736.0
48.040000915527344,239.9600067138672,3737.0
47.560001373291016,52.63999938964844,3738.0
48.43999862670898,50.63999938964844,3739.0
48.15999984741211,50.400001525878906,3740.0
48.560001373291016,50.63999938964844,3741.0
48.20000076293945,50.91999816894531,3742.0
47.79999923706055,50.68000030517578,3743.0
47.84000015258789,50.400001525878906,3744.0
47.91999816894531,51.15999984741211,3745.0
47.400001525878906,51.27999877929688,3746.0
47.91999816894531,51.0,3747.0
47.63999938964844,50.68000030517578,3748.0
48.27999877929688,50.84000015258789,3749.0
48.2400016784668,54.0,3750.0
48.400001525878906,54.59999847412109,3751.0
48.63999938964844,57.08000183105469,3752.0
48.47999954223633,56.68000030517578,3753.0
48.63999938964844,56.36000061035156,3754.0
48.47999954223633,56.959999084472656,3755.0
48.68000030517578,56.52000045776367,3756.0
48.63999938964844,56.7599983215332,3757.0
49.040000915527344,56.47999954223633,3758.0
48.959999084472656,56.08000183105469,3759.0
49.0,56.400001525878906,3760.0
49.119998931884766,56.36000061035156,3761.0
48.959999084472656,52.79999923706055,3762.0
48.880001068115234,51.84000015258789,3763.0
48.720001220703125,51.959999084472656,3764.0
48.59999847412109,52.27999877929688,3765.0
49.0,52.0,3766.0
49.08000183105469,51.63999938964844,3767.0
48.560001373291016,51.27999877929688,3768.0
49.08000183105469,52.560001373291016,3769.0
49.31999969482422,52.720001220703125,3770.0
48.959999084472656,51.0,3771.0
48.84000015258789,51.7599983215332,3772.0
49.31999969482422,52.040000915527344,3773.0
48.880001068115234,52.560001373291016,3774.0
49.08000183105469,50.720001220703125,3775.0
49.0,50.79999923706055,3776.0
48.59999847412109,51.2400016784668,3777.0
48.68000030517578,51.15999984741211,3778.0
49.31999969482422,51.27999877929688,3779.0
48.400001525878906,52.15999984741211,3780.0
49.79999923706055,51.47999954223633,3781.0
49.880001068115234,51.27999877929688,3782.0
50.0,52.27999877929688,3783.0
50.119998931884766,51.47999954223633,3784.0
49.79999923706055,52.36000061035156,3785.0
50.15999984741211,51.959999084472656,3786.0
49.7599983215332,52.0,3787.0
49.68000030517578,216.47999572753903,3788.0
49.880001068115234,216.0800018310547,3789.0
49.560001373291016,216.2400054931641,3790.0
49.040000915527344,52.84000015258789,3791.0
50.79999923706055,52.91999816894531,3792.0
50.119998931884766,215.67999267578125,3793.0
48.91999816894531,53.0,3794.0
48.880001068115234,53.880001068115234,3795.0
49.040000915527344,215.63999938964844,3796.0
48.79999923706055,53.2400016784668,3797.0
49.040000915527344,51.79999923706055,3798.0
49.400001525878906,53.08000183105469,3799.0
48.84000015258789,52.27999877929688,3800.0
49.36000061035156,53.08000183105469,3801.0
49.15999984741211,51.880001068115234,3802.0
49.43999862670898,52.880001068115234,3803.0
49.400001525878906,52.880001068115234,3804.0
49.47999954223633,52.15999984741211,3805.0
49.27999877929688,52.880001068115234,3806.0
49.52000045776367,53.040000915527344,3807.0
49.15999984741211,51.91999816894531,3808.0
49.43999862670898,52.400001525878906,3809.0
49.959999084472656,50.84000015258789,3810.0
49.52000045776367,53.47999954223633,3811.0
49.31999969482422,54.400001525878906,3812.0
49.7599983215332,54.08000183105469,3813.0
49.720001220703125,53.47999954223633,3814.0
49.63999938964844,54.119998931884766,3815.0
49.59999847412109,54.27999877929688,3816.0
49.84000015258789,55.36000061035156,3817.0
49.63999938964844,55.400001525878906,3818.0
49.63999938964844,55.400001525878906,3819.0
49.84000015258789,53.84000015258789,3820.0
49.47999954223633,54.400001525878906,3821.0
50.0,53.959999084472656,3822.0
50.119998931884766,53.15999984741211,3823.0
50.79999923706055,53.79999923706055,3824.0
50.7599983215332,215.9199981689453,3825.0
51.08000183105469,53.31999969482422,3826.0
50.84000015258789,53.720001220703125,3827.0
50.15999984741211,53.47999954223633,3828.0
50.7599983215332,52.84000015258789,3829.0
50.119998931884766,216.5200042724609,3830.0
51.08000183105469,216.6000061035156,3831.0
51.400001525878906,52.959999084472656,3832.0
51.84000015258789,216.6000061035156,3833.0
52.119998931884766,216.5200042724609,3834.0
51.880001068115234,52.84000015258789,3835.0
52.36000061035156,53.15999984741211,3836.0
52.040000915527344,52.68000030517578,3837.0
52.08000183105469,53.0,3838.0
52.31999969482422,52.84000015258789,3839.0
52.63999938964844,52.84000015258789,3840.0
52.27999877929688,53.43999862670898,3841.0
52.15999984741211,53.20000076293945,3842.0
51.47999954223633,54.27999877929688,3843.0
50.959999084472656,53.27999877929688,3844.0
50.959999084472656,54.040000915527344,3845.0
50.43999862670898,53.08000183105469,3846.0
50.27999877929688,56.040000915527344,3847.0
50.79999923706055,52.63999938964844,3848.0
50.59999847412109,57.7599983215332,3849.0
51.0,58.0,3850.0
50.91999816894531,57.959999084472656,3851.0
51.040000915527344,57.119998931884766,3852.0
51.040000915527344,54.400001525878906,3853.0
51.0,54.119998931884766,3854.0
50.7599983215332,53.63999938964844,3855.0
50.59999847412109,53.79999923706055,3856.0
51.27999877929688,54.27999877929688,3857.0
50.880001068115234,52.7599983215332,3858.0
51.27999877929688,216.9199981689453,3859.0
50.59999847412109,217.47999572753903,3860.0
51.2400016784668,51.63999938964844,3861.0
50.59999847412109,217.0800018310547,3862.0
51.08000183105469,56.47999954223633,3863.0
51.20000076293945,51.91999816894531,3864.0
50.7599983215332,53.59999847412109,3865.0
50.959999084472656,52.2400016784668,3866.0
50.63999938964844,54.119998931884766,3867.0
51.31999969482422,216.6000061035156,3868.0
51.27999877929688,216.5200042724609,3869.0
51.15999984741211,216.2400054931641,3870.0
50.7599983215332,216.5200042724609,3871.0
50.7599983215332,53.400001525878906,3872.0
50.7599983215332,216.0399932861328,3873.0
50.959999084472656,52.84000015258789,3874.0
50.68000030517578,52.040000915527344,3875.0
51.7599983215332,215.1199951171875,3876.0
51.27999877929688,215.1999969482422,3877.0
51.91999816894531,52.63999938964844,3878.0
51.91999816894531,52.43999862670898,3879.0
51.47999954223633,52.43999862670898,3880.0
52.20000076293945,214.5200042724609,3881.0
51.560001373291016,60.59999847412109,3882.0
51.63999938964844,60.59999847412109,3883.0
51.68000030517578,60.59999847412109,3884.0
51.880001068115234,212.6000061035156,3885.0
52.08000183105469,212.5200042724609,3886.0
52.20000076293945,212.5200042724609,3887.0
52.20000076293945,214.27999877929688,3888.0
52.0,60.880001068115234,3889.0
51.84000015258789,59.08000183105469,3890.0
51.47999954223633,52.27999877929688,3891.0
51.43999862670898,218.67999267578125,3892.0
51.20000076293945,218.44000244140625,3893.0
50.59999847412109,218.1199951171875,3894.0
50.59999847412109,217.83999633789065,3895.0
50.27999877929688,217.72000122070312,3896.0
50.91999816894531,217.72000122070312,3897.0
50.31999969482422,217.2400054931641,3898.0
50.59999847412109,51.560001373291016,3899.0
49.79999923706055,51.47999954223633,3900.0
50.119998931884766,215.63999938964844,3901.0
50.36000061035156,216.1199951171875,3902.0
50.52000045776367,59.720001220703125,3903.0
50.7599983215332,60.0,3904.0
50.59999847412109,215.27999877929688,3905.0
50.68000030517578,214.83999633789065,3906.0
50.560001373291016,215.2400054931641,3907.0
50.47999954223633,215.47999572753903,3908.0
50.68000030517578,216.55999755859372,3909.0
50.59999847412109,216.16000366210935,3910.0
50.7599983215332,215.5200042724609,3911.0
50.79999923706055,220.44000244140625,3912.0
50.59999847412109,220.27999877929688,3913.0
50.959999084472656,219.1999969482422,3914.0
50.880001068115234,218.63999938964844,3915.0
216.67999267578125,218.0800018310547,3916.0
50.119998931884766,218.8800048828125,3917.0
50.27999877929688,219.0399932861328,3918.0
213.67999267578125,219.3999938964844,3919.0
214.0,219.3999938964844,3920.0
50.79999923706055,218.9199981689453,3921.0
50.63999938964844,215.1999969482422,3922.0
50.91999816894531,215.75999450683597,3923.0
50.52000045776367,215.1999969482422,3924.0
50.59999847412109,215.44000244140625,3925.0
213.8000030517578,215.27999877929688,3926.0
50.7599983215332,215.16000366210935,3927.0
50.7599983215332,215.0800018310547,3928.0
50.79999923706055,215.0,3929.0
50.959999084472656,215.0399932861328,3930.0
50.79999923706055,214.75999450683597,3931.0
50.27999877929688,214.47999572753903,3932.0
50.63999938964844,215.3600006103516,3933.0
50.47999954223633,215.27999877929688,3934.0
51.20000076293945,215.6000061035156,3935.0
51.119998931884766,215.55999755859372,3936.0
51.47999954223633,216.0,3937.0
51.59999847412109,215.55999755859372,3938.0
51.59999847412109,216.75999450683597,3939.0
215.55999755859372,215.8800048828125,3940.0
51.7599983215332,52.560001373291016,3941.0
51.84000015258789,103.44000244140624,3942.0
51.2400016784668,217.44000244140625,3943.0
51.31999969482422,216.9600067138672,3944.0
50.59999847412109,216.0399932861328,3945.0
50.15999984741211,216.5200042724609,3946.0
50.0,215.8800048828125,3947.0
50.47999954223633,215.9199981689453,3948.0
49.79999923706055,215.3600006103516,3949.0
49.959999084472656,51.400001525878906,3950.0
50.36000061035156,215.55999755859372,3951.0
50.36000061035156,215.6000061035156,3952.0
50.59999847412109,215.67999267578125,3953.0
215.1199951171875,50.91999816894531,3954.0
50.040000915527344,215.55999755859372,3955.0
49.560001373291016,215.75999450683597,3956.0
49.31999969482422,215.6000061035156,3957.0
49.63999938964844,216.0399932861328,3958.0
49.20000076293945,51.08000183105469,3959.0
49.0,52.119998931884766,3960.0
49.720001220703125,50.52000045776367,3961.0
49.68000030517578,50.84000015258789,3962.0
49.0,51.43999862670898,3963.0
49.31999969482422,57.400001525878906,3964.0
49.36000061035156,56.040000915527344,3965.0
215.32000732421875,51.040000915527344,3966.0
49.31999969482422,51.79999923706055,3967.0
215.72000122070312,52.0,3968.0
215.47999572753903,52.27999877929688,3969.0
51.040000915527344,52.36000061035156,3970.0
50.68000030517578,52.400001525878906,3971.0
50.63999938964844,53.0,3972.0
43.47999954223633,55.040000915527344,3973.0
43.43999862670898,237.0399932861328,3974.0
43.43999862670898,237.27999877929688,3975.0
50.31999969482422,237.2400054931641,3976.0
50.91999816894531,237.27999877929688,3977.0
50.959999084472656,237.0800018310547,3978.0
50.47999954223633,56.720001220703125,3979.0
50.47999954223633,237.8000030517578,3980.0
50.79999923706055,239.27999877929688,3981.0
215.75999450683597,239.9600067138672,3982.0
216.0,239.9600067138672,3983.0
216.0,239.9600067138672,3984.0
216.0399932861328,57.040000915527344,3985.0
215.9199981689453,239.9600067138672,3986.0
216.1199951171875,239.27999877929688,3987.0
216.1199951171875,237.9199981689453,3988.0
50.400001525878906,237.83999633789065,3989.0
50.47999954223633,237.72000122070312,3990.0
50.27999877929688,237.5200042724609,3991.0
50.31999969482422,237.63999938964844,3992.0
49.63999938964844,237.0,3993.0
27.959999084472656,237.3999938964844,3994.0
28.200000762939453,237.16000366210935,3995.0
236.72000122070312,236.9600067138672,3996.0
215.8800048828125,236.9199981689453,3997.0
216.0,236.47999572753903,3998.0
216.0800018310547,236.32000732421875,3999.0
216.1999969482422,236.55999755859372,4000.0
215.9199981689453,236.63999938964844,4001.0
216.6000061035156,237.1199951171875,4002.0
47.2400016784668,236.3600006103516,4003.0
47.2400016784668,118.16000366210938,4004.0
46.79999923706055,236.55999755859372,4005.0
47.59999847412109,237.1999969482422,4006.0
48.400001525878906,237.27999877929688,4007.0
48.040000915527344,237.32000732421875,4008.0
48.400001525878906,237.16000366210935,4009.0
213.9199981689453,237.0,4010.0
51.36000061035156,236.75999450683597,4011.0
50.59999847412109,51.880001068115234,4012.0
50.31999969482422,52.84000015258789,4013.0
51.2400016784668,52.560001373291016,4014.0
51.560001373291016,52.84000015258789,4015.0
51.0,52.59999847412109,4016.0
50.84000015258789,53.36000061035156,4017.0
50.91999816894531,53.560001373291016,4018.0
50.91999816894531,52.880001068115234,4019.0
51.119998931884766,56.68000030517578,4020.0
51.119998931884766,55.79999923706055,4021.0
51.880001068115234,59.2400016784668,4022.0
52.84000015258789,53.47999954223633,4023.0
51.880001068115234,53.040000915527344,4024.0
51.27999877929688,57.959999084472656,4025.0
51.20000076293945,56.720001220703125,4026.0
51.040000915527344,55.91999816894531,4027.0
51.040000915527344,55.36000061035156,4028.0
51.27999877929688,55.560001373291016,4029.0
50.880001068115234,56.20000076293945,4030.0
51.31999969482422,56.08000183105469,4031.0
51.0,57.040000915527344,4032.0
51.08000183105469,57.0,4033.0
50.959999084472656,57.0,4034.0
51.31999969482422,220.44000244140625,4035.0
51.27999877929688,220.6000061035156,4036.0
51.27999877929688,220.27999877929688,4037.0
51.47999954223633,220.8800048828125,4038.0
51.43999862670898,220.63999938964844,4039.0
52.20000076293945,220.8800048828125,4040.0
51.91999816894531,220.9600067138672,4041.0
51.47999954223633,220.6000061035156,4042.0
51.15999984741211,220.67999267578125,4043.0
50.36000061035156,54.119998931884766,4044.0
51.31999969482422,56.20000076293945,4045.0
51.31999969482422,57.040000915527344,4046.0
50.31999969482422,57.15999984741211,4047.0
51.400001525878906,57.47999954223633,4048.0
50.560001373291016,57.31999969482422,4049.0
50.880001068115234,57.560001373291016,4050.0
50.84000015258789,56.08000183105469,4051.0
51.08000183105469,56.720001220703125,4052.0
51.560001373291016,55.880001068115234,4053.0
51.43999862670898,55.720001220703125,4054.0
51.2400016784668,55.68000030517578,4055.0
51.31999969482422,55.119998931884766,4056.0
51.040000915527344,55.720001220703125,4057.0
50.91999816894531,55.15999984741211,4058.0
50.7599983215332,55.15999984741211,4059.0
50.720001220703125,54.08000183105469,4060.0
50.720001220703125,54.2400016784668,4061.0
50.52000045776367,53.43999862670898,4062.0
50.720001220703125,53.59999847412109,4063.0
51.08000183105469,51.31999969482422,4064.0
51.040000915527344,51.47999954223633,4065.0
51.040000915527344,57.0,4066.0
51.040000915527344,220.44000244140625,4067.0
50.91999816894531,59.59999847412109,4068.0
50.7599983215332,59.63999938964844,4069.0
50.720001220703125,58.47999954223633,4070.0
50.880001068115234,64.16000366210938,4071.0
50.720001220703125,68.5199966430664,4072.0
51.0,68.16000366210938,4073.0
50.91999816894531,51.63999938964844,4074.0
50.63999938964844,59.91999816894531,4075.0
51.15999984741211,60.52000045776367,4076.0
51.59999847412109,60.31999969482422,4077.0
51.63999938964844,60.52000045776367,4078.0
51.27999877929688,60.040000915527344,4079.0
51.2400016784668,59.27999877929688,4080.0
51.2400016784668,51.7599983215332,4081.0
51.119998931884766,57.959999084472656,4082.0
51.15999984741211,220.0,4083.0
51.040000915527344,145.36000061035156,4084.0
50.63999938964844,69.0,4085.0
50.560001373291016,68.83999633789062,4086.0
50.720001220703125,51.27999877929688,4087.0
50.560001373291016,50.959999084472656,4088.0
50.63999938964844,69.5199966430664,4089.0
51.0,57.959999084472656,4090.0
50.63999938964844,94.31999969482422,4091.0
50.31999969482422,58.84000015258789,4092.0
50.119998931884766,58.91999816894531,4093.0
50.119998931884766,58.63999938964844,4094.0
50.63999938964844,58.43999862670898,4095.0
49.68000030517578,58.400001525878906,4096.0
49.36000061035156,58.59999847412109,4097.0
48.84000015258789,51.2400016784668,4098.0
48.880001068115234,58.7599983215332,4099.0
48.31999969482422,57.52000045776367,4100.0
48.560001373291016,50.63999938964844,4101.0
48.560001373291016,57.20000076293945,4102.0
48.63999938964844,56.91999816894531,4103.0
48.720001220703125,220.9199981689453,4104.0
48.59999847412109,52.880001068115234,4105.0
48.36000061035156,50.880001068115234,4106.0
47.720001220703125,50.91999816894531,4107.0
47.7599983215332,51.31999969482422,4108.0
47.959999084472656,50.63999938964844,4109.0
48.040000915527344,51.08000183105469,4110.0
48.040000915527344,51.31999969482422,4111.0
48.08000183105469,220.75999450683597,4112.0
47.959999084472656,50.43999862670898,4113.0
47.400001525878906,81.83999633789062,4114.0
47.2400016784668,82.16000366210938,4115.0
47.08000183105469,53.2400016784668,4116.0
47.0,53.2400016784668,4117.0
47.040000915527344,52.31999969482422,4118.0
47.15999984741211,52.91999816894531,4119.0
47.79999923706055,52.880001068115234,4120.0
47.31999969482422,52.119998931884766,4121.0
47.880001068115234,51.400001525878906,4122.0
47.91999816894531,51.400001525878906,4123.0
47.91999816894531,57.15999984741211,4124.0
48.040000915527344,58.7599983215332,4125.0
48.400001525878906,59.47999954223633,4126.0
47.959999084472656,57.52000045776367,4127.0
48.0,52.08000183105469,4128.0
48.0,52.59999847412109,4129.0
48.31999969482422,52.08000183105469,4130.0
48.47999954223633,221.3600006103516,4131.0
48.91999816894531,221.1999969482422,4132.0
47.84000015258789,221.0399932861328,4133.0
47.959999084472656,52.68000030517578,4134.0
48.27999877929688,220.2400054931641,4135.0
47.880001068115234,218.67999267578125,4136.0
48.20000076293945,51.68000030517578,4137.0
48.15999984741211,215.83999633789065,4138.0
48.2400016784668,51.2400016784668,4139.0
48.27999877929688,220.2400054931641,4140.0
48.20000076293945,220.6000061035156,4141.0
47.84000015258789,58.119998931884766,4142.0
48.15999984741211,57.720001220703125,4143.0
48.119998931884766,51.08000183105469,4144.0
48.08000183105469,51.040000915527344,4145.0
48.720001220703125,57.31999969482422,4146.0
48.84000015258789,57.560001373291016,4147.0
49.31999969482422,57.63999938964844,4148.0
49.15999984741211,57.36000061035156,4149.0
49.2400016784668,92.5999984741211,4150.0
49.20000076293945,57.08000183105469,4151.0
49.43999862670898,57.08000183105469,4152.0
49.2400016784668,57.040000915527344,4153.0
49.040000915527344,57.2400016784668,4154.0
48.59999847412109,96.1999969482422,4155.0
48.040000915527344,56.68000030517578,4156.0
48.43999862670898,56.68000030517578,4157.0
47.47999954223633,101.83999633789062,4158.0
47.63999938964844,101.8000030517578,4159.0
47.68000030517578,56.400001525878906,4160.0
47.36000061035156,56.08000183105469,4161.0
48.040000915527344,56.959999084472656,4162.0
47.880001068115234,56.79999923706055,4163.0
47.79999923706055,56.79999923706055,4164.0
47.880001068115234,56.7599983215332,4165.0
48.47999954223633,57.08000183105469,4166.0
49.040000915527344,56.59999847412109,4167.0
49.040000915527344,56.79999923706055,4168.0
48.27999877929688,57.119998931884766,4169.0
47.880001068115234,56.7599983215332,4170.0
48.20000076293945,56.720001220703125,4171.0
47.880001068115234,54.959999084472656,4172.0
47.880001068115234,56.7599983215332,4173.0
48.52000045776367,56.400001525878906,4174.0
48.36000061035156,57.040000915527344,4175.0
48.2400016784668,56.15999984741211,4176.0
49.880001068115234,57.20000076293945,4177.0
49.20000076293945,220.9600067138672,4178.0
48.84000015258789,57.63999938964844,4179.0
48.560001373291016,100.55999755859376,4180.0
49.720001220703125,220.16000366210935,4181.0
49.0,56.79999923706055,4182.0
47.400001525878906,50.7599983215332,4183.0
47.27999877929688,52.15999984741211,4184.0
47.59999847412109,57.20000076293945,4185.0
47.08000183105469,57.119998931884766,4186.0
48.119998931884766,57.0,4187.0
48.31999969482422,56.91999816894531,4188.0
48.119998931884766,56.84000015258789,4189.0
48.68000030517578,56.720001220703125,4190.0
48.36000061035156,214.55999755859372,4191.0
48.68000030517578,57.040000915527344,4192.0
48.47999954223633,214.2400054931641,4193.0
48.2400016784668,57.040000915527344,4194.0
48.560001373291016,213.67999267578125,4195.0
48.47999954223633,219.5200042724609,4196.0
48.720001220703125,216.16000366210935,4197.0
48.52000045776367,57.47999954223633,4198.0
48.47999954223633,214.5200042724609,4199.0
48.880001068115234,216.0,4200.0
48.08000183105469,213.0399932861328,4201.0
48.36000061035156,214.8800048828125,4202.0
48.040000915527344,51.43999862670898,4203.0
48.119998931884766,50.79999923706055,4204.0
48.119998931884766,213.67999267578125,4205.0
48.27999877929688,50.400001525878906,4206.0
48.52000045776367,51.119998931884766,4207.0
48.27999877929688,213.8800048828125,4208.0
48.31999969482422,214.3999938964844,4209.0
48.27999877929688,215.0,4210.0
48.43999862670898,214.32000732421875,4211.0
48.68000030517578,56.08000183105469,4212.0
49.0,56.36000061035156,4213.0
48.91999816894531,56.119998931884766,4214.0
49.0,57.20000076293945,4215.0
49.0,56.43999862670898,4216.0
49.08000183105469,56.91999816894531,4217.0
48.959999084472656,50.560001373291016,4218.0
48.84000015258789,57.52000045776367,4219.0
48.959999084472656,56.84000015258789,4220.0
48.47999954223633,57.15999984741211,4221.0
48.79999923706055,57.36000061035156,4222.0
48.400001525878906,56.68000030517578,4223.0
47.880001068115234,214.2400054931641,4224.0
48.560001373291016,51.720001220703125,4225.0
47.959999084472656,215.55999755859372,4226.0
48.47999954223633,52.31999969482422,4227.0
48.52000045776367,53.27999877929688,4228.0
48.52000045776367,51.7599983215332,4229.0
48.59999847412109,53.7599983215332,4230.0
48.2400016784668,53.0,4231.0
48.27999877929688,215.47999572753903,4232.0
47.560001373291016,52.59999847412109,4233.0
48.43999862670898,215.9199981689453,4234.0
48.400001525878906,215.44000244140625,4235.0
48.43999862670898,56.119998931884766,4236.0
48.0,214.8000030517578,4237.0
48.20000076293945,57.560001373291016,4238.0
48.119998931884766,214.75999450683597,4239.0
48.15999984741211,215.9199981689453,4240.0
48.2400016784668,214.8800048828125,4241.0
48.15999984741211,215.67999267578125,4242.0
48.15999984741211,215.1999969482422,4243.0
48.20000076293945,53.040000915527344,4244.0
48.119998931884766,56.15999984741211,4245.0
48.040000915527344,214.63999938964844,4246.0
48.400001525878906,56.15999984741211,4247.0
48.20000076293945,58.119998931884766,4248.0
49.0,57.68000030517578,4249.0
48.400001525878906,212.9199981689453,4250.0
48.68000030517578,55.36000061035156,4251.0
47.59999847412109,53.400001525878906,4252.0
47.59999847412109,213.0,4253.0
48.0,52.59999847412109,4254.0
47.47999954223633,213.8000030517578,4255.0
46.720001220703125,53.400001525878906,4256.0
47.27999877929688,56.08000183105469,4257.0
47.47999954223633,56.400001525878906,4258.0
47.84000015258789,57.43999862670898,4259.0
48.0,58.43999862670898,4260.0
48.08000183105469,58.47999954223633,4261.0
47.959999084472656,51.43999862670898,4262.0
48.0,57.31999969482422,4263.0
48.27999877929688,215.0,4264.0
48.15999984741211,54.31999969482422,4265.0
48.400001525878906,56.08000183105469,4266.0
48.15999984741211,56.52000045776367,4267.0
48.27999877929688,56.2400016784668,4268.0
48.20000076293945,56.79999923706055,4269.0
48.36000061035156,57.119998931884766,4270.0
48.040000915527344,57.63999938964844,4271.0
48.36000061035156,57.7599983215332,4272.0
48.08000183105469,57.63999938964844,4273.0
48.68000030517578,57.63999938964844,4274.0
48.040000915527344,57.84000015258789,4275.0
47.880001068115234,73.16000366210938,4276.0
47.27999877929688,212.5200042724609,4277.0
47.2400016784668,56.15999984741211,4278.0
47.720001220703125,212.1199951171875,4279.0
47.880001068115234,56.08000183105469,4280.0
47.720001220703125,52.91999816894531,4281.0
47.959999084472656,215.5200042724609,4282.0
47.91999816894531,55.84000015258789,4283.0
48.15999984741211,215.27999877929688,4284.0
48.040000915527344,56.560001373291016,4285.0
47.880001068115234,56.59999847412109,4286.0
48.040000915527344,56.2400016784668,4287.0
47.79999923706055,56.119998931884766,4288.0
47.79999923706055,51.040000915527344,4289.0
47.959999084472656,52.68000030517578,4290.0
47.560001373291016,51.0,4291.0
47.7599983215332,56.84000015258789,4292.0
47.7599983215332,56.2400016784668,4293.0
47.720001220703125,54.52000045776367,4294.0
47.79999923706055,55.91999816894531,4295.0
47.720001220703125,56.36000061035156,4296.0
47.79999923706055,56.36000061035156,4297.0
47.63999938964844,56.040000915527344,4298.0
47.84000015258789,56.119998931884766,4299.0
48.040000915527344,57.31999969482422,4300.0
47.880001068115234,56.2400016784668,4301.0
47.959999084472656,56.0,4302.0
47.560001373291016,48.63999938964844,4303.0
47.720001220703125,57.119998931884766,4304.0
48.08000183105469,56.84000015258789,4305.0
48.119998931884766,57.36000061035156,4306.0
47.7599983215332,57.400001525878906,4307.0
48.08000183105469,57.47999954223633,4308.0
47.91999816894531,57.36000061035156,4309.0
47.84000015258789,56.84000015258789,4310.0
47.52000045776367,213.83999633789065,4311.0
47.880001068115234,213.72000122070312,4312.0
48.040000915527344,214.16000366210935,4313.0
48.20000076293945,214.3600006103516,4314.0
47.959999084472656,214.3600006103516,4315.0
48.15999984741211,214.3600006103516,4316.0
48.119998931884766,214.16000366210935,4317.0
48.040000915527344,213.9600067138672,4318.0
48.36000061035156,57.63999938964844,4319.0
48.52000045776367,213.8800048828125,4320.0
48.560001373291016,214.9199981689453,4321.0
48.27999877929688,56.79999923706055,4322.0
48.43999862670898,214.6000061035156,4323.0
48.36000061035156,56.79999923706055,4324.0
48.400001525878906,214.16000366210935,4325.0
48.400001525878906,213.8800048828125,4326.0
48.31999969482422,213.6000061035156,4327.0
48.27999877929688,56.7599983215332,4328.0
48.63999938964844,213.5200042724609,4329.0
48.79999923706055,57.040000915527344,4330.0
48.720001220703125,56.84000015258789,4331.0
48.59999847412109,56.31999969482422,4332.0
48.720001220703125,56.36000061035156,4333.0
48.68000030517578,56.52000045776367,4334.0
48.560001373291016,56.959999084472656,4335.0
48.43999862670898,56.15999984741211,4336.0
48.2400016784668,65.16000366210938,4337.0
48.47999954223633,56.27999877929688,4338.0
48.119998931884766,64.80000305175781,4339.0
48.15999984741211,64.44000244140625,4340.0
48.63999938964844,65.36000061035156,4341.0
48.36000061035156,65.19999694824219,4342.0
48.52000045776367,65.76000213623047,4343.0
48.47999954223633,65.12000274658203,4344.0
48.36000061035156,64.55999755859375,4345.0
48.2400016784668,56.20000076293945,4346.0
47.7599983215332,56.20000076293945,4347.0
47.91999816894531,56.15999984741211,4348.0
48.27999877929688,55.7599983215332,4349.0
48.0,55.27999877929688,4350.0
47.720001220703125,55.2400016784668,4351.0
48.08000183105469,53.63999938964844,4352.0
48.040000915527344,54.7599983215332,4353.0
47.84000015258789,55.52000045776367,4354.0
47.84000015258789,215.3999938964844,4355.0
47.79999923706055,56.040000915527344,4356.0
48.2400016784668,56.43999862670898,4357.0
48.0,55.43999862670898,4358.0
48.20000076293945,55.7599983215332,4359.0
48.119998931884766,56.119998931884766,4360.0
48.15999984741211,55.400001525878906,4361.0
48.36000061035156,54.79999923706055,4362.0
48.20000076293945,54.63999938964844,4363.0
48.400001525878906,54.79999923706055,4364.0
48.0,54.880001068115234,4365.0
48.08000183105469,55.43999862670898,4366.0
48.0,56.040000915527344,4367.0
47.79999923706055,56.040000915527344,4368.0
47.959999084472656,56.040000915527344,4369.0
47.84000015258789,56.20000076293945,4370.0
47.68000030517578,56.119998931884766,4371.0
48.20000076293945,55.880001068115234,4372.0
47.84000015258789,55.720001220703125,4373.0
48.08000183105469,55.7599983215332,4374.0
47.91999816894531,55.400001525878906,4375.0
47.880001068115234,55.7599983215332,4376.0
47.959999084472656,55.720001220703125,4377.0
47.91999816894531,55.59999847412109,4378.0
47.720001220703125,56.040000915527344,4379.0
48.20000076293945,55.400001525878906,4380.0
48.560001373291016,55.68000030517578,4381.0
47.91999816894531,55.7599983215332,4382.0
47.959999084472656,55.79999923706055,4383.0
48.15999984741211,55.52000045776367,4384.0
48.36000061035156,55.68000030517578,4385.0
47.91999816894531,55.52000045776367,4386.0
48.0,55.20000076293945,4387.0
48.040000915527344,55.400001525878906,4388.0
47.959999084472656,55.720001220703125,4389.0
47.84000015258789,55.84000015258789,4390.0
47.91999816894531,56.36000061035156,4391.0
48.08000183105469,56.43999862670898,4392.0
47.84000015258789,56.2400016784668,4393.0
47.43999862670898,55.720001220703125,4394.0
47.880001068115234,55.47999954223633,4395.0
47.68000030517578,214.6000061035156,4396.0
47.27999877929688,55.7599983215332,4397.0
47.47999954223633,214.2400054931641,4398.0
47.52000045776367,56.20000076293945,4399.0
47.59999847412109,214.6000061035156,4400.0
47.880001068115234,55.720001220703125,4401.0
47.08000183105469,215.1199951171875,4402.0
47.2400016784668,55.720001220703125,4403.0
47.36000061035156,55.91999816894531,4404.0
47.31999969482422,55.720001220703125,4405.0
48.31999969482422,56.0,4406.0
47.63999938964844,55.720001220703125,4407.0
47.880001068115234,56.27999877929688,4408.0
47.47999954223633,55.880001068115234,4409.0
47.560001373291016,55.560001373291016,4410.0
47.2400016784668,55.959999084472656,4411.0
46.7599983215332,55.720001220703125,4412.0
46.880001068115234,55.119998931884766,4413.0
46.880001068115234,55.119998931884766,4414.0
47.0,55.15999984741211,4415.0
47.31999969482422,55.31999969482422,4416.0
47.52000045776367,55.08000183105469,4417.0
47.27999877929688,54.84000015258789,4418.0
47.59999847412109,55.119998931884766,4419.0
47.400001525878906,54.43999862670898,4420.0
47.47999954223633,54.959999084472656,4421.0
47.63999938964844,54.43999862670898,4422.0
48.08000183105469,54.91999816894531,4423.0
48.2400016784668,214.5200042724609,4424.0
48.27999877929688,213.3999938964844,4425.0
48.52000045776367,53.7599983215332,4426.0
48.400001525878906,55.119998931884766,4427.0
48.47999954223633,55.0,4428.0
47.880001068115234,55.79999923706055,4429.0
47.959999084472656,55.959999084472656,4430.0
48.119998931884766,55.27999877929688,4431.0
47.63999938964844,55.08000183105469,4432.0
47.08000183105469,54.63999938964844,4433.0
47.79999923706055,54.63999938964844,4434.0
47.91999816894531,54.43999862670898,4435.0
48.15999984741211,52.880001068115234,4436.0
47.63999938964844,214.32000732421875,4437.0
47.08000183105469,214.44000244140625,4438.0
46.47999954223633,214.47999572753903,4439.0
46.2400016784668,214.32000732421875,4440.0
46.63999938964844,214.1999969482422,4441.0
47.59999847412109,56.27999877929688,4442.0
47.27999877929688,214.2400054931641,4443.0
47.720001220703125,213.63999938964844,4444.0
48.119998931884766,214.0399932861328,4445.0
48.15999984741211,54.79999923706055,4446.0
48.36000061035156,54.27999877929688,4447.0
48.15999984741211,53.7599983215332,4448.0
48.880001068115234,54.959999084472656,4449.0
48.20000076293945,53.79999923706055,4450.0
47.7599983215332,53.91999816894531,4451.0
47.59999847412109,54.59999847412109,4452.0
47.47999954223633,54.47999954223633,4453.0
47.79999923706055,54.20000076293945,4454.0
47.84000015258789,53.68000030517578,4455.0
47.959999084472656,53.47999954223633,4456.0
47.84000015258789,52.31999969482422,4457.0
47.91999816894531,54.43999862670898,4458.0
47.880001068115234,239.9600067138672,4459.0
47.84000015258789,53.560001373291016,4460.0
47.7599983215332,239.9600067138672,4461.0
48.15999984741211,53.68000030517578,4462.0
47.959999084472656,239.9600067138672,4463.0
48.400001525878906,214.5200042724609,4464.0
48.08000183105469,53.08000183105469,4465.0
48.15999984741211,214.44000244140625,4466.0
48.31999969482422,54.20000076293945,4467.0
48.27999877929688,214.3600006103516,4468.0
48.2400016784668,53.63999938964844,4469.0
48.27999877929688,214.67999267578125,4470.0
48.15999984741211,53.27999877929688,4471.0
48.15999984741211,54.52000045776367,4472.0
47.84000015258789,52.119998931884766,4473.0
48.119998931884766,53.880001068115234,4474.0
47.720001220703125,50.63999938964844,4475.0
48.040000915527344,50.84000015258789,4476.0
48.119998931884766,51.0,4477.0
47.84000015258789,52.2400016784668,4478.0
47.880001068115234,51.36000061035156,4479.0
48.0,56.560001373291016,4480.0
47.91999816894531,214.83999633789065,4481.0
48.36000061035156,57.119998931884766,4482.0
48.2400016784668,56.040000915527344,4483.0
47.959999084472656,56.27999877929688,4484.0
48.0,57.0,4485.0
48.36000061035156,51.040000915527344,4486.0
47.880001068115234,53.560001373291016,4487.0
48.36000061035156,56.040000915527344,4488.0
47.84000015258789,53.880001068115234,4489.0
48.15999984741211,53.880001068115234,4490.0
47.959999084472656,55.08000183105469,4491.0
47.7599983215332,54.0,4492.0
47.47999954223633,53.79999923706055,4493.0
47.79999923706055,53.0,4494.0
47.720001220703125,53.720001220703125,4495.0
47.880001068115234,52.20000076293945,4496.0
47.880001068115234,54.400001525878906,4497.0
47.52000045776367,176.39999389648438,4498.0
48.040000915527344,51.79999923706055,4499.0
47.720001220703125,54.68000030517578,4500.0
47.52000045776367,54.27999877929688,4501.0
47.27999877929688,214.1999969482422,4502.0
47.59999847412109,52.59999847412109,4503.0
47.880001068115234,213.8000030517578,4504.0
48.040000915527344,215.32000732421875,4505.0
47.959999084472656,213.8800048828125,4506.0
48.040000915527344,215.0,4507.0
48.31999969482422,214.2400054931641,4508.0
48.20000076293945,215.16000366210935,4509.0
48.119998931884766,215.63999938964844,4510.0
48.31999969482422,49.36000061035156,4511.0
48.52000045776367,216.1999969482422,4512.0
48.84000015258789,214.3999938964844,4513.0
48.880001068115234,215.8000030517578,4514.0
48.880001068115234,214.75999450683597,4515.0
48.560001373291016,215.5200042724609,4516.0
48.400001525878906,214.75999450683597,4517.0
47.91999816894531,216.5200042724609,4518.0
48.20000076293945,214.75999450683597,4519.0
47.880001068115234,55.52000045776367,4520.0
48.31999969482422,54.47999954223633,4521.0
48.59999847412109,55.47999954223633,4522.0
48.119998931884766,55.91999816894531,4523.0
47.959999084472656,213.63999938964844,4524.0
48.36000061035156,56.36000061035156,4525.0
47.59999847412109,216.5200042724609,4526.0
47.720001220703125,213.9600067138672,4527.0
47.59999847412109,215.72000122070312,4528.0
47.720001220703125,214.47999572753903,4529.0
47.880001068115234,214.5200042724609,4530.0
47.59999847412109,214.44000244140625,4531.0
47.880001068115234,213.9199981689453,4532.0
47.7599983215332,213.72000122070312,4533.0
48.08000183105469,213.8000030517578,4534.0
48.15999984741211,213.63999938964844,4535.0
47.7599983215332,213.75999450683597,4536.0
48.2400016784668,52.15999984741211,4537.0
47.7599983215332,214.5200042724609,4538.0
47.720001220703125,55.20000076293945,4539.0
47.560001373291016,213.8800048828125,4540.0
47.720001220703125,47.79999923706055,4541.0
175.44000244140625,47.47999954223633,4542.0
48.040000915527344,213.9199981689453,4543.0
212.3999938964844,47.880001068115234,4544.0
47.720001220703125,212.9600067138672,4545.0
47.68000030517578,213.16000366210935,4546.0
47.720001220703125,213.27999877929688,4547.0
47.43999862670898,213.1199951171875,4548.0
47.43999862670898,213.0,4549.0
47.68000030517578,213.47999572753903,4550.0
47.43999862670898,212.9199981689453,4551.0
47.400001525878906,55.27999877929688,4552.0
47.400001525878906,213.8800048828125,4553.0
47.59999847412109,213.0800018310547,4554.0
47.720001220703125,213.83999633789065,4555.0
47.68000030517578,213.83999633789065,4556.0
47.959999084472656,84.72000122070312,4557.0
47.91999816894531,214.3600006103516,4558.0
47.47999954223633,85.83999633789062,4559.0
47.720001220703125,216.0800018310547,4560.0
47.91999816894531,214.27999877929688,4561.0
47.79999923706055,214.75999450683597,4562.0
47.91999816894531,84.83999633789062,4563.0
48.040000915527344,54.47999954223633,4564.0
48.15999984741211,213.3999938964844,4565.0
48.08000183105469,55.20000076293945,4566.0
48.2400016784668,213.0,4567.0
47.91999816894531,212.8000030517578,4568.0
48.15999984741211,212.44000244140625,4569.0
47.91999816894531,211.9600067138672,4570.0
47.959999084472656,79.95999908447266,4571.0
48.0,211.3600006103516,4572.0
48.0,80.76000213623047,4573.0
47.63999938964844,81.0,4574.0
47.880001068115234,80.91999816894531,4575.0
47.63999938964844,81.31999969482422,4576.0
47.59999847412109,81.36000061035156,4577.0
47.720001220703125,213.2400054931641,4578.0
47.79999923706055,215.3999938964844,4579.0
47.79999923706055,213.72000122070312,4580.0
47.560001373291016,214.0399932861328,4581.0
47.31999969482422,213.63999938964844,4582.0
47.15999984741211,213.2400054931641,4583.0
47.119998931884766,83.5999984741211,4584.0
47.400001525878906,83.55999755859375,4585.0
48.119998931884766,83.55999755859375,4586.0
48.400001525878906,83.55999755859375,4587.0
48.119998931884766,83.5199966430664,4588.0
48.2400016784668,83.36000061035156,4589.0
48.08000183105469,83.23999786376953,4590.0
48.0,83.4000015258789,4591.0
47.880001068115234,83.63999938964844,4592.0
47.880001068115234,83.4800033569336,4593.0
48.52000045776367,83.5999984741211,4594.0
47.880001068115234,214.16000366210935,4595.0
47.79999923706055,83.5999984741211,4596.0
47.84000015258789,213.75999450683597,4597.0
47.52000045776367,84.83999633789062,4598.0
47.59999847412109,213.9199981689453,4599.0
47.91999816894531,84.5999984741211,4600.0
47.720001220703125,213.9600067138672,4601.0
47.720001220703125,213.67999267578125,4602.0
47.720001220703125,212.3600006103516,4603.0
84.5199966430664,122.44000244140624,4604.0
48.040000915527344,211.44000244140625,4605.0
84.63999938964844,214.9600067138672,4606.0
48.59999847412109,212.63999938964844,4607.0
48.040000915527344,84.91999816894531,4608.0
48.040000915527344,213.5200042724609,4609.0
47.720001220703125,84.87999725341797,4610.0
48.27999877929688,212.75999450683597,4611.0
47.720001220703125,84.55999755859375,4612.0
84.12000274658203,210.9600067138672,4613.0
47.720001220703125,85.12000274658203,4614.0
47.400001525878906,84.5999984741211,4615.0
84.12000274658203,84.72000122070312,4616.0
47.08000183105469,85.5199966430664,4617.0
47.119998931884766,85.4800033569336,4618.0
47.59999847412109,85.4800033569336,4619.0
47.119998931884766,85.63999938964844,4620.0
47.43999862670898,85.5199966430664,4621.0
47.43999862670898,85.16000366210938,4622.0
47.560001373291016,212.2400054931641,4623.0
47.720001220703125,85.4000015258789,4624.0
47.31999969482422,84.4800033569336,4625.0
48.040000915527344,85.36000061035156,4626.0
206.0800018310547,214.67999267578125,4627.0
47.400001525878906,85.5999984741211,4628.0
47.720001220703125,85.16000366210938,4629.0
47.720001220703125,84.83999633789062,4630.0
209.83999633789065,85.19999694824219,4631.0
47.560001373291016,85.19999694824219,4632.0
209.72000122070312,85.4000015258789,4633.0
47.43999862670898,84.83999633789062,4634.0
47.63999938964844,85.16000366210938,4635.0
47.43999862670898,84.5999984741211,4636.0
47.2400016784668,215.27999877929688,4637.0
40.20000076293945,216.55999755859372,4638.0
40.68000030517578,216.2400054931641,4639.0
40.36000061035156,215.75999450683597,4640.0
204.44000244140625,215.3999938964844,4641.0
201.83999633789065,217.0,4642.0
47.119998931884766,214.9199981689453,4643.0
202.3600006103516,215.72000122070312,4644.0
204.8000030517578,217.0800018310547,4645.0
47.84000015258789,216.27999877929688,4646.0
113.95999908447266,215.1999969482422,4647.0
113.95999908447266,215.9600067138672,4648.0
212.3999938964844,49.43999862670898,4649.0
212.55999755859372,50.20000076293945,4650.0
48.400001525878906,49.84000015258789,4651.0
48.720001220703125,212.55999755859372,4652.0
48.68000030517578,213.0399932861328,4653.0
48.68000030517578,212.47999572753903,4654.0
82.95999908447266,212.9199981689453,4655.0
48.84000015258789,213.1199951171875,4656.0
47.720001220703125,213.16000366210935,4657.0
83.36000061035156,83.5199966430664,4658.0
82.91999816894531,83.55999755859375,4659.0
48.59999847412109,83.63999938964844,4660.0
83.31999969482422,83.55999755859375,4661.0
48.68000030517578,83.4800033569336,4662.0
48.040000915527344,83.55999755859375,4663.0
83.55999755859375,83.55999755859375,4664.0
48.040000915527344,83.31999969482422,4665.0
48.36000061035156,83.4800033569336,4666.0
48.36000061035156,83.31999969482422,4667.0
48.68000030517578,83.4000015258789,4668.0
48.08000183105469,83.31999969482422,4669.0
203.6000061035156,82.91999816894531,4670.0
203.9600067138672,82.68000030517578,4671.0
47.720001220703125,82.68000030517578,4672.0
204.16000366210935,82.80000305175781,4673.0
48.31999969482422,82.31999969482422,4674.0
47.560001373291016,82.44000244140625,4675.0
47.400001525878906,82.55999755859375,4676.0
47.400001525878906,82.76000213623047,4677.0
47.7599983215332,82.72000122070312,4678.0
47.400001525878906,82.31999969482422,4679.0
47.400001525878906,212.2400054931641,4680.0
47.720001220703125,214.83999633789065,4681.0
47.43999862670898,212.67999267578125,4682.0
47.720001220703125,217.0,4683.0
47.47999954223633,214.5200042724609,4684.0
47.27999877929688,211.75999450683597,4685.0
46.959999084472656,215.0800018310547,4686.0
47.119998931884766,217.32000732421875,4687.0
47.31999969482422,56.400001525878906,4688.0
46.84000015258789,214.72000122070312,4689.0
47.20000076293945,214.5200042724609,4690.0
47.720001220703125,83.4000015258789,4691.0
48.08000183105469,83.4000015258789,4692.0
48.959999084472656,83.31999969482422,4693.0
48.68000030517578,83.4800033569336,4694.0
49.68000030517578,83.36000061035156,4695.0
47.7599983215332,83.36000061035156,4696.0
49.720001220703125,83.44000244140625,4697.0
48.43999862670898,213.3999938964844,4698.0
41.2400016784668,83.16000366210938,4699.0
48.2400016784668,83.08000183105469,4700.0
48.400001525878906,83.36000061035156,4701.0
48.68000030517578,83.36000061035156,4702.0
49.400001525878906,83.68000030517578,4703.0
48.08000183105469,83.68000030517578,4704.0
205.5200042724609,83.72000122070312,4705.0
47.7599983215332,83.72000122070312,4706.0
47.08000183105469,83.55999755859375,4707.0
47.08000183105469,83.63999938964844,4708.0
47.68000030517578,83.36000061035156,4709.0
47.68000030517578,83.36000061035156,4710.0
47.27999877929688,83.04000091552734,4711.0
47.91999816894531,82.95999908447266,4712.0
46.400001525878906,83.27999877929688,4713.0
47.47999954223633,83.12000274658203,4714.0
48.400001525878906,81.91999816894531,4715.0
47.43999862670898,82.4800033569336,4716.0
48.119998931884766,56.08000183105469,4717.0
47.15999984741211,56.2400016784668,4718.0
47.7599983215332,56.27999877929688,4719.0
47.27999877929688,56.560001373291016,4720.0
47.59999847412109,82.4000015258789,4721.0
47.720001220703125,82.4800033569336,4722.0
47.59999847412109,81.87999725341797,4723.0
46.560001373291016,82.36000061035156,4724.0
46.400001525878906,79.5999984741211,4725.0
46.959999084472656,79.76000213623047,4726.0
45.91999816894531,79.16000366210938,4727.0
45.68000030517578,80.04000091552734,4728.0
44.880001068115234,79.76000213623047,4729.0
44.2400016784668,81.12000274658203,4730.0
45.400001525878906,214.63999938964844,4731.0
48.400001525878906,82.16000366210938,4732.0
46.79999923706055,214.63999938964844,4733.0
46.59999847412109,79.27999877929688,4734.0
47.31999969482422,213.3999938964844,4735.0
47.43999862670898,79.12000274658203,4736.0
47.15999984741211,81.12000274658203,4737.0
47.79999923706055,56.08000183105469,4738.0
47.720001220703125,215.1999969482422,4739.0
47.43999862670898,214.8800048828125,4740.0
47.47999954223633,78.95999908447266,4741.0
47.400001525878906,80.23999786376953,4742.0
47.27999877929688,216.1199951171875,4743.0
47.59999847412109,208.1999969482422,4744.0
47.43999862670898,215.6000061035156,4745.0
48.0,208.75999450683597,4746.0
48.0,214.27999877929688,4747.0
48.15999984741211,55.959999084472656,4748.0
47.720001220703125,214.83999633789065,4749.0
48.15999984741211,55.59999847412109,4750.0
47.84000015258789,216.32000732421875,4751.0
48.47999954223633,216.2400054931641,4752.0
47.63999938964844,216.1999969482422,4753.0
48.59999847412109,215.72000122070312,4754.0
48.36000061035156,215.2400054931641,4755.0
48.36000061035156,216.3600006103516,4756.0
48.36000061035156,215.55999755859372,4757.0
48.31999969482422,216.16000366210935,4758.0
48.27999877929688,215.0399932861328,4759.0
48.0,214.3600006103516,4760.0
47.7599983215332,213.6000061035156,4761.0
48.15999984741211,214.27999877929688,4762.0
47.880001068115234,213.16000366210935,4763.0
47.959999084472656,213.6000061035156,4764.0
48.040000915527344,212.5200042724609,4765.0
47.720001220703125,213.9600067138672,4766.0
47.52000045776367,213.3999938964844,4767.0
44.36000061035156,212.75999450683597,4768.0
47.27999877929688,81.4000015258789,4769.0
43.27999877929688,212.75999450683597,4770.0
210.8800048828125,58.59999847412109,4771.0
43.20000076293945,81.68000030517578,4772.0
42.47999954223633,80.16000366210938,4773.0
43.27999877929688,80.12000274658203,4774.0
43.040000915527344,79.76000213623047,4775.0
41.68000030517578,49.47999954223633,4776.0
42.63999938964844,79.91999816894531,4777.0
43.400001525878906,57.040000915527344,4778.0
43.08000183105469,49.400001525878906,4779.0
43.560001373291016,50.27999877929688,4780.0
209.0,48.52000045776367,4781.0
47.63999938964844,48.08000183105469,4782.0
41.2400016784668,49.52000045776367,4783.0
45.880001068115234,81.0,4784.0
41.040000915527344,79.91999816894531,4785.0
42.47999954223633,81.12000274658203,4786.0
46.68000030517578,80.83999633789062,4787.0
43.59999847412109,81.12000274658203,4788.0
43.08000183105469,57.63999938964844,4789.0
47.36000061035156,57.52000045776367,4790.0
44.400001525878906,57.560001373291016,4791.0
46.63999938964844,58.2400016784668,4792.0
47.400001525878906,58.08000183105469,4793.0
47.27999877929688,57.959999084472656,4794.0
48.31999969482422,58.20000076293945,4795.0
47.36000061035156,57.63999938964844,4796.0
45.63999938964844,57.880001068115234,4797.0
46.959999084472656,57.43999862670898,4798.0
45.63999938964844,57.880001068115234,4799.0
46.0,58.31999969482422,4800.0
45.84000015258789,56.52000045776367,4801.0
46.31999969482422,57.68000030517578,4802.0
47.040000915527344,56.36000061035156,4803.0
47.7599983215332,213.32000732421875,4804.0
47.43999862670898,56.36000061035156,4805.0
47.880001068115234,212.0800018310547,4806.0
47.15999984741211,56.52000045776367,4807.0
47.959999084472656,49.040000915527344,4808.0
46.68000030517578,49.7599983215332,4809.0
47.43999862670898,49.040000915527344,4810.0
47.119998931884766,56.27999877929688,4811.0
46.36000061035156,212.2400054931641,4812.0
46.7599983215332,49.27999877929688,4813.0
47.720001220703125,57.36000061035156,4814.0
47.400001525878906,48.84000015258789,4815.0
44.20000076293945,57.7599983215332,4816.0
45.27999877929688,49.47999954223633,4817.0
47.36000061035156,57.959999084472656,4818.0
44.400001525878906,57.560001373291016,4819.0
47.2400016784668,48.20000076293945,4820.0
44.880001068115234,57.47999954223633,4821.0
46.91999816894531,58.43999862670898,4822.0
46.20000076293945,58.31999969482422,4823.0
46.91999816894531,58.400001525878906,4824.0
46.52000045776367,58.36000061035156,4825.0
47.15999984741211,57.91999816894531,4826.0
46.31999969482422,55.91999816894531,4827.0
45.560001373291016,56.400001525878906,4828.0
45.880001068115234,56.43999862670898,4829.0
47.15999984741211,56.08000183105469,4830.0
45.880001068115234,56.0,4831.0
47.08000183105469,214.9600067138672,4832.0
47.27999877929688,56.20000076293945,4833.0
47.36000061035156,214.5200042724609,4834.0
48.400001525878906,54.79999923706055,4835.0
47.400001525878906,215.75999450683597,4836.0
48.119998931884766,53.91999816894531,4837.0
47.7599983215332,54.2400016784668,4838.0
48.15999984741211,53.47999954223633,4839.0
44.91999816894531,56.47999954223633,4840.0
48.59999847412109,214.32000732421875,4841.0
45.59999847412109,57.36000061035156,4842.0
45.52000045776367,56.43999862670898,4843.0
45.040000915527344,57.59999847412109,4844.0
48.08000183105469,57.720001220703125,4845.0
45.36000061035156,56.68000030517578,4846.0
44.47999954223633,57.27999877929688,4847.0
44.720001220703125,58.560001373291016,4848.0
44.47999954223633,57.68000030517578,4849.0
44.720001220703125,57.47999954223633,4850.0
45.08000183105469,57.63999938964844,4851.0
47.27999877929688,57.43999862670898,4852.0
47.400001525878906,57.47999954223633,4853.0
47.43999862670898,56.52000045776367,4854.0
47.880001068115234,57.79999923706055,4855.0
47.880001068115234,56.880001068115234,4856.0
47.63999938964844,58.36000061035156,4857.0
47.84000015258789,56.720001220703125,4858.0
47.47999954223633,214.83999633789065,4859.0
47.91999816894531,56.0,4860.0
47.959999084472656,215.44000244140625,4861.0
48.36000061035156,53.84000015258789,4862.0
48.119998931884766,54.20000076293945,4863.0
47.720001220703125,214.9600067138672,4864.0
48.27999877929688,53.68000030517578,4865.0
48.040000915527344,53.720001220703125,4866.0
48.040000915527344,54.79999923706055,4867.0
48.119998931884766,210.8800048828125,4868.0
48.43999862670898,210.44000244140625,4869.0
48.36000061035156,212.0800018310547,4870.0
48.040000915527344,210.27999877929688,4871.0
48.2400016784668,215.8000030517578,4872.0
48.2400016784668,216.47999572753903,4873.0
48.15999984741211,216.9600067138672,4874.0
47.720001220703125,217.32000732421875,4875.0
48.08000183105469,217.0399932861328,4876.0
48.20000076293945,217.0800018310547,4877.0
47.959999084472656,216.9600067138672,4878.0
48.20000076293945,217.1999969482422,4879.0
48.040000915527344,217.16000366210935,4880.0
48.040000915527344,217.27999877929688,4881.0
46.7599983215332,217.0800018310547,4882.0
47.43999862670898,56.84000015258789,4883.0
46.560001373291016,216.75999450683597,4884.0
44.91999816894531,217.16000366210935,4885.0
45.84000015258789,216.83999633789065,4886.0
45.08000183105469,216.9199981689453,4887.0
46.15999984741211,216.8800048828125,4888.0
47.68000030517578,216.8000030517578,4889.0
48.040000915527344,216.8800048828125,4890.0
47.59999847412109,56.47999954223633,4891.0
47.59999847412109,65.80000305175781,4892.0
45.84000015258789,51.720001220703125,4893.0
47.15999984741211,54.119998931884766,4894.0
45.63999938964844,52.20000076293945,4895.0
47.15999984741211,213.5200042724609,4896.0
47.119998931884766,52.43999862670898,4897.0
46.63999938964844,214.47999572753903,4898.0
46.79999923706055,211.6000061035156,4899.0
47.0,212.3600006103516,4900.0
46.7599983215332,211.47999572753903,4901.0
47.720001220703125,213.3999938964844,4902.0
47.08000183105469,211.16000366210935,4903.0
47.560001373291016,213.0800018310547,4904.0
47.47999954223633,47.720001220703125,4905.0
47.720001220703125,48.20000076293945,4906.0
46.560001373291016,211.0399932861328,4907.0
47.15999984741211,48.2400016784668,4908.0
46.91999816894531,47.79999923706055,4909.0
47.400001525878906,211.32000732421875,4910.0
46.84000015258789,212.44000244140625,4911.0
47.36000061035156,211.16000366210935,4912.0
47.15999984741211,211.0,4913.0
47.68000030517578,211.16000366210935,4914.0
47.59999847412109,211.2400054931641,4915.0
48.20000076293945,212.3600006103516,4916.0
47.91999816894531,210.75999450683597,4917.0
47.2400016784668,50.47999954223633,4918.0
48.2400016784668,49.040000915527344,4919.0
47.400001525878906,49.36000061035156,4920.0
47.36000061035156,50.2400016784668,4921.0
47.31999969482422,50.43999862670898,4922.0
47.31999969482422,50.59999847412109,4923.0
47.2400016784668,50.959999084472656,4924.0
47.52000045776367,51.7599983215332,4925.0
47.47999954223633,211.16000366210935,4926.0
47.720001220703125,210.67999267578125,4927.0
47.47999954223633,212.55999755859372,4928.0
47.27999877929688,214.1999969482422,4929.0
47.59999847412109,213.5200042724609,4930.0
47.959999084472656,213.72000122070312,4931.0
44.7599983215332,213.63999938964844,4932.0
48.400001525878906,213.32000732421875,4933.0
45.959999084472656,211.8800048828125,4934.0
47.52000045776367,211.55999755859372,4935.0
47.43999862670898,211.0,4936.0
47.15999984741211,212.75999450683597,4937.0
47.400001525878906,212.2400054931641,4938.0
47.880001068115234,212.27999877929688,4939.0
48.15999984741211,212.5200042724609,4940.0
48.040000915527344,212.9199981689453,4941.0
47.959999084472656,212.67999267578125,4942.0
47.43999862670898,211.63999938964844,4943.0
48.43999862670898,213.16000366210935,4944.0
47.880001068115234,211.9600067138672,4945.0
48.36000061035156,213.2400054931641,4946.0
48.15999984741211,212.2400054931641,4947.0
47.720001220703125,213.0399932861328,4948.0
48.119998931884766,212.3999938964844,4949.0
47.959999084472656,213.55999755859372,4950.0
48.040000915527344,213.0,4951.0
47.52000045776367,213.83999633789065,4952.0
47.43999862670898,213.63999938964844,4953.0
46.47999954223633,213.8800048828125,4954.0
45.20000076293945,213.8800048828125,4955.0
47.7599983215332,50.63999938964844,4956.0
48.400001525878906,49.84000015258789,4957.0
48.08000183105469,50.47999954223633,4958.0
47.84000015258789,214.0399932861328,4959.0
48.2400016784668,214.67999267578125,4960.0
48.400001525878906,214.55999755859372,4961.0
48.79999923706055,215.2400054931641,4962.0
49.0,214.9600067138672,4963.0
49.08000183105469,50.27999877929688,4964.0
49.20000076293945,54.119998931884766,4965.0
48.84000015258789,53.79999923706055,4966.0
48.27999877929688,52.31999969482422,4967.0
47.560001373291016,212.27999877929688,4968.0
47.63999938964844,213.3600006103516,4969.0
48.720001220703125,80.5999984741211,4970.0
48.400001525878906,214.8000030517578,4971.0
48.79999923706055,213.75999450683597,4972.0
48.119998931884766,213.72000122070312,4973.0
48.040000915527344,213.0,4974.0
48.0,213.3600006103516,4975.0
47.63999938964844,51.040000915527344,4976.0
47.959999084472656,50.63999938964844,4977.0
48.36000061035156,50.63999938964844,4978.0
47.7599983215332,51.27999877929688,4979.0
48.36000061035156,51.040000915527344,4980.0
47.27999877929688,53.0,4981.0
47.43999862670898,53.84000015258789,4982.0
47.119998931884766,53.59999847412109,4983.0
47.08000183105469,51.040000915527344,4984.0
47.27999877929688,213.9199981689453,4985.0
47.560001373291016,215.1199951171875,4986.0
48.2400016784668,214.0399932861328,4987.0
47.68000030517578,214.2400054931641,4988.0
48.0,215.32000732421875,4989.0
47.84000015258789,213.3600006103516,4990.0
48.27999877929688,214.16000366210935,4991.0
47.84000015258789,212.3999938964844,4992.0
48.79999923706055,215.9199981689453,4993.0
48.27999877929688,53.52000045776367,4994.0
47.59999847412109,54.79999923706055,4995.0
47.2400016784668,55.84000015258789,4996.0
48.36000061035156,213.0399932861328,4997.0
48.2400016784668,212.55999755859372,4998.0
48.68000030517578,55.91999816894531,4999.0
48.31999969482422,212.16000366210935,5000.0
49.27999877929688,212.67999267578125,5001.0
48.7599983215332,51.43999862670898,5002.0
47.959999084472656,52.20000076293945,5003.0
47.63999938964844,52.0,5004.0
48.2400016784668,51.119998931884766,5005.0
47.91999816894531,51.43999862670898,5006.0
47.7599983215332,51.27999877929688,5007.0
48.15999984741211,51.400001525878906,5008.0
47.880001068115234,51.400001525878906,5009.0
48.040000915527344,51.720001220703125,5010.0
48.2400016784668,51.43999862670898,5011.0
48.2400016784668,52.2400016784668,5012.0
47.7599983215332,50.47999954223633,5013.0
48.20000076293945,50.040000915527344,5014.0
46.91999816894531,51.20000076293945,5015.0
47.15999984741211,50.52000045776367,5016.0
49.08000183105469,50.63999938964844,5017.0
48.79999923706055,53.2400016784668,5018.0
47.880001068115234,50.15999984741211,5019.0
48.400001525878906,50.400001525878906,5020.0
47.63999938964844,214.9600067138672,5021.0
47.20000076293945,50.20000076293945,5022.0
47.2400016784668,49.63999938964844,5023.0
47.880001068115234,212.32000732421875,5024.0
47.560001373291016,58.27999877929688,5025.0
48.27999877929688,213.0399932861328,5026.0
48.560001373291016,57.79999923706055,5027.0
48.84000015258789,213.55999755859372,5028.0
48.79999923706055,212.83999633789065,5029.0
48.560001373291016,213.75999450683597,5030.0
48.59999847412109,213.55999755859372,5031.0
48.20000076293945,214.0,5032.0
48.560001373291016,213.67999267578125,5033.0
48.31999969482422,213.0399932861328,5034.0
48.43999862670898,212.9600067138672,5035.0
48.20000076293945,212.67999267578125,5036.0
48.43999862670898,213.16000366210935,5037.0
48.15999984741211,212.8000030517578,5038.0
48.27999877929688,214.8000030517578,5039.0
48.2400016784668,213.32000732421875,5040.0
48.08000183105469,215.1199951171875,5041.0
48.0,106.95999908447266,5042.0
48.47999954223633,215.72000122070312,5043.0
48.720001220703125,214.0,5044.0
47.959999084472656,67.08000183105469,5045.0
49.27999877929688,68.44000244140625,5046.0
48.040000915527344,213.67999267578125,5047.0
49.0,67.80000305175781,5048.0
48.15999984741211,214.3600006103516,5049.0
49.720001220703125,213.0800018310547,5050.0
48.27999877929688,55.43999862670898,5051.0
48.959999084472656,214.67999267578125,5052.0
48.79999923706055,213.83999633789065,5053.0
48.59999847412109,57.0,5054.0
48.31999969482422,212.27999877929688,5055.0
48.400001525878906,212.55999755859372,5056.0
47.52000045776367,213.0399932861328,5057.0
48.52000045776367,212.9600067138672,5058.0
47.59999847412109,213.55999755859372,5059.0
48.08000183105469,213.5200042724609,5060.0
47.91999816894531,214.5200042724609,5061.0
48.43999862670898,214.47999572753903,5062.0
47.47999954223633,53.47999954223633,5063.0
48.15999984741211,51.47999954223633,5064.0
48.36000061035156,52.52000045776367,5065.0
48.79999923706055,51.91999816894531,5066.0
48.959999084472656,52.59999847412109,5067.0
49.43999862670898,52.7599983215332,5068.0
49.27999877929688,212.6000061035156,5069.0
49.0,215.0,5070.0
49.0,215.63999938964844,5071.0
49.0,53.79999923706055,5072.0
49.119998931884766,54.119998931884766,5073.0
49.08000183105469,53.47999954223633,5074.0
48.720001220703125,52.63999938964844,5075.0
49.040000915527344,53.52000045776367,5076.0
49.08000183105469,52.68000030517578,5077.0
49.0,53.52000045776367,5078.0
48.959999084472656,53.79999923706055,5079.0
49.2400016784668,53.91999816894531,5080.0
49.20000076293945,54.59999847412109,5081.0
48.79999923706055,53.400001525878906,5082.0
48.36000061035156,53.59999847412109,5083.0
48.52000045776367,53.68000030517578,5084.0
48.119998931884766,53.43999862670898,5085.0
48.36000061035156,53.68000030517578,5086.0
48.27999877929688,214.47999572753903,5087.0
48.79999923706055,56.59999847412109,5088.0
48.560001373291016,215.3999938964844,5089.0
48.84000015258789,57.31999969482422,5090.0
48.560001373291016,219.47999572753903,5091.0
48.720001220703125,219.9600067138672,5092.0
48.79999923706055,220.3600006103516,5093.0
48.47999954223633,220.0399932861328,5094.0
48.400001525878906,220.32000732421875,5095.0
48.47999954223633,220.47999572753903,5096.0
48.400001525878906,52.84000015258789,5097.0
48.63999938964844,219.8800048828125,5098.0
48.560001373291016,218.75999450683597,5099.0
48.0,219.9600067138672,5100.0
47.959999084472656,53.7599983215332,5101.0
48.560001373291016,218.8000030517578,5102.0
48.36000061035156,52.68000030517578,5103.0
48.47999954223633,53.880001068115234,5104.0
48.560001373291016,52.63999938964844,5105.0
48.720001220703125,55.47999954223633,5106.0
48.84000015258789,53.720001220703125,5107.0
49.040000915527344,56.119998931884766,5108.0
48.84000015258789,56.52000045776367,5109.0
49.119998931884766,216.9600067138672,5110.0
48.959999084472656,57.040000915527344,5111.0
48.91999816894531,57.52000045776367,5112.0
48.52000045776367,56.880001068115234,5113.0
48.91999816894531,57.27999877929688,5114.0
48.63999938964844,215.8000030517578,5115.0
48.720001220703125,57.31999969482422,5116.0
48.08000183105469,221.72000122070312,5117.0
47.7599983215332,215.83999633789065,5118.0
48.0,51.84000015258789,5119.0
47.400001525878906,222.2400054931641,5120.0
47.560001373291016,220.32000732421875,5121.0
47.52000045776367,223.47999572753903,5122.0
47.560001373291016,67.83999633789062,5123.0
47.59999847412109,68.23999786376953,5124.0
47.79999923706055,53.31999969482422,5125.0
47.79999923706055,52.47999954223633,5126.0
48.20000076293945,66.72000122070312,5127.0
48.20000076293945,51.63999938964844,5128.0
47.880001068115234,68.4000015258789,5129.0
48.400001525878906,219.67999267578125,5130.0
48.36000061035156,215.1199951171875,5131.0
49.119998931884766,219.6000061035156,5132.0
48.36000061035156,214.1199951171875,5133.0
48.68000030517578,220.55999755859372,5134.0
47.15999984741211,68.04000091552734,5135.0
47.2400016784668,215.47999572753903,5136.0
47.560001373291016,51.0,5137.0
47.43999862670898,51.15999984741211,5138.0
47.59999847412109,218.55999755859372,5139.0
47.400001525878906,216.3999938964844,5140.0
47.31999969482422,218.0399932861328,5141.0
47.720001220703125,69.19999694824219,5142.0
47.27999877929688,218.3600006103516,5143.0
47.400001525878906,70.19999694824219,5144.0
48.08000183105469,212.3999938964844,5145.0
47.59999847412109,214.47999572753903,5146.0
47.84000015258789,212.27999877929688,5147.0
46.84000015258789,70.4800033569336,5148.0
48.36000061035156,69.36000061035156,5149.0
48.36000061035156,51.79999923706055,5150.0
47.31999969482422,212.5200042724609,5151.0
48.400001525878906,50.959999084472656,5152.0
48.15999984741211,51.27999877929688,5153.0
47.63999938964844,52.040000915527344,5154.0
48.0,50.79999923706055,5155.0
48.20000076293945,50.560001373291016,5156.0
48.20000076293945,71.16000366210938,5157.0
48.43999862670898,50.400001525878906,5158.0
47.880001068115234,50.560001373291016,5159.0
47.7599983215332,71.4800033569336,5160.0
47.560001373291016,70.27999877929688,5161.0
47.08000183105469,216.3999938964844,5162.0
47.880001068115234,109.72000122070312,5163.0
48.040000915527344,215.47999572753903,5164.0
47.880001068115234,69.36000061035156,5165.0
47.91999816894531,214.83999633789065,5166.0
48.20000076293945,69.31999969482422,5167.0
47.720001220703125,70.08000183105469,5168.0
48.0,110.44000244140624,5169.0
47.36000061035156,214.67999267578125,5170.0
47.59999847412109,214.2400054931641,5171.0
47.52000045776367,214.8000030517578,5172.0
48.040000915527344,53.59999847412109,5173.0
47.08000183105469,51.59999847412109,5174.0
48.08000183105469,215.5200042724609,5175.0
47.08000183105469,53.68000030517578,5176.0
46.63999938964844,215.5200042724609,5177.0
48.27999877929688,57.15999984741211,5178.0
47.400001525878906,215.63999938964844,5179.0
48.47999954223633,215.63999938964844,5180.0
48.7599983215332,215.32000732421875,5181.0
48.400001525878906,215.63999938964844,5182.0
48.560001373291016,215.47999572753903,5183.0
47.91999816894531,215.83999633789065,5184.0
48.08000183105469,215.75999450683597,5185.0
46.36000061035156,51.560001373291016,5186.0
48.880001068115234,51.91999816894531,5187.0
49.20000076293945,215.47999572753903,5188.0
49.560001373291016,109.5199966430664,5189.0
48.52000045776367,214.9600067138672,5190.0
47.91999816894531,215.6000061035156,5191.0
48.7599983215332,57.84000015258789,5192.0
49.880001068115234,215.75999450683597,5193.0
47.880001068115234,215.1999969482422,5194.0
49.20000076293945,214.47999572753903,5195.0
48.84000015258789,214.8000030517578,5196.0
48.720001220703125,215.2400054931641,5197.0
49.27999877929688,51.15999984741211,5198.0
49.0,215.6000061035156,5199.0
48.20000076293945,215.1999969482422,5200.0
48.52000045776367,215.5200042724609,5201.0
48.7599983215332,215.2400054931641,5202.0
48.84000015258789,215.8000030517578,5203.0
49.0,215.6000061035156,5204.0
49.959999084472656,215.0399932861328,5205.0
49.880001068115234,215.47999572753903,5206.0
51.119998931884766,215.16000366210935,5207.0
51.27999877929688,214.72000122070312,5208.0
49.63999938964844,214.9600067138672,5209.0
49.720001220703125,214.3600006103516,5210.0
50.91999816894531,214.16000366210935,5211.0
50.15999984741211,53.31999969482422,5212.0
50.27999877929688,214.1999969482422,5213.0
50.79999923706055,52.43999862670898,5214.0
50.59999847412109,56.08000183105469,5215.0
50.119998931884766,53.0,5216.0
50.63999938964844,51.560001373291016,5217.0
50.15999984741211,52.31999969482422,5218.0
49.400001525878906,215.83999633789065,5219.0
50.31999969482422,51.84000015258789,5220.0
44.91999816894531,52.0,5221.0
49.720001220703125,216.75999450683597,5222.0
50.36000061035156,216.67999267578125,5223.0
48.59999847412109,51.27999877929688,5224.0
48.720001220703125,217.5200042724609,5225.0
50.31999969482422,51.7599983215332,5226.0
48.63999938964844,215.0,5227.0
49.959999084472656,215.75999450683597,5228.0
49.31999969482422,215.63999938964844,5229.0
44.36000061035156,216.0800018310547,5230.0
43.91999816894531,216.0,5231.0
44.59999847412109,52.52000045776367,5232.0
43.63999938964844,52.59999847412109,5233.0
44.2400016784668,52.52000045776367,5234.0
42.59999847412109,52.52000045776367,5235.0
51.91999816894531,52.52000045776367,5236.0
43.91999816894531,52.47999954223633,5237.0
43.560001373291016,52.68000030517578,5238.0
49.63999938964844,52.84000015258789,5239.0
50.119998931884766,51.880001068115234,5240.0
49.91999816894531,52.31999969482422,5241.0
49.68000030517578,52.31999969482422,5242.0
49.20000076293945,52.84000015258789,5243.0
51.20000076293945,52.31999969482422,5244.0
49.959999084472656,52.15999984741211,5245.0
50.63999938964844,53.15999984741211,5246.0
44.720001220703125,52.15999984741211,5247.0
49.43999862670898,52.84000015258789,5248.0
50.15999984741211,51.560001373291016,5249.0
42.7599983215332,52.959999084472656,5250.0
49.84000015258789,53.20000076293945,5251.0
213.0,52.84000015258789,5252.0
50.27999877929688,52.84000015258789,5253.0
49.959999084472656,51.84000015258789,5254.0
49.400001525878906,51.7599983215332,5255.0
49.08000183105469,51.47999954223633,5256.0
49.20000076293945,52.2400016784668,5257.0
48.79999923706055,51.880001068115234,5258.0
50.59999847412109,51.91999816894531,5259.0
48.560001373291016,58.31999969482422,5260.0
47.880001068115234,56.400001525878906,5261.0
49.0,92.16000366210938,5262.0
48.84000015258789,91.5199966430664,5263.0
49.040000915527344,55.08000183105469,5264.0
49.20000076293945,214.9600067138672,5265.0
50.31999969482422,55.63999938964844,5266.0
49.36000061035156,53.880001068115234,5267.0
50.119998931884766,88.91999816894531,5268.0
49.720001220703125,56.52000045776367,5269.0
49.91999816894531,88.44000244140625,5270.0
50.08000183105469,57.119998931884766,5271.0
49.959999084472656,88.55999755859375,5272.0
49.7599983215332,215.1999969482422,5273.0
49.36000061035156,56.08000183105469,5274.0
49.0,214.55999755859372,5275.0
48.720001220703125,57.52000045776367,5276.0
48.7599983215332,214.32000732421875,5277.0
48.560001373291016,92.5199966430664,5278.0
48.880001068115234,214.0399932861328,5279.0
48.959999084472656,56.43999862670898,5280.0
49.08000183105469,56.7599983215332,5281.0
49.84000015258789,56.400001525878906,5282.0
47.720001220703125,54.63999938964844,5283.0
49.47999954223633,50.560001373291016,5284.0
48.68000030517578,53.720001220703125,5285.0
48.7599983215332,215.72000122070312,5286.0
48.31999969482422,216.44000244140625,5287.0
49.20000076293945,215.9199981689453,5288.0
48.20000076293945,216.16000366210935,5289.0
48.7599983215332,215.5200042724609,5290.0
49.68000030517578,215.16000366210935,5291.0
49.0,215.3999938964844,5292.0
49.400001525878906,214.75999450683597,5293.0
48.7599983215332,49.959999084472656,5294.0
48.7599983215332,215.0,5295.0
49.43999862670898,214.0800018310547,5296.0
48.79999923706055,214.83999633789065,5297.0
49.31999969482422,213.72000122070312,5298.0
48.959999084472656,215.27999877929688,5299.0
48.720001220703125,214.5200042724609,5300.0
49.0,214.9600067138672,5301.0
48.84000015258789,55.52000045776367,5302.0
49.0,54.959999084472656,5303.0
48.959999084472656,55.31999969482422,5304.0
48.63999938964844,239.9600067138672,5305.0
48.79999923706055,215.0800018310547,5306.0
48.959999084472656,239.9600067138672,5307.0
48.91999816894531,58.400001525878906,5308.0
48.79999923706055,239.9600067138672,5309.0
48.63999938964844,239.9600067138672,5310.0
48.63999938964844,239.27999877929688,5311.0
48.79999923706055,239.9600067138672,5312.0
48.7599983215332,236.8800048828125,5313.0
48.79999923706055,239.1999969482422,5314.0
48.68000030517578,57.36000061035156,5315.0
49.119998931884766,57.79999923706055,5316.0
48.43999862670898,60.27999877929688,5317.0
49.040000915527344,51.20000076293945,5318.0
49.119998931884766,239.9600067138672,5319.0
49.720001220703125,214.0,5320.0
49.20000076293945,214.83999633789065,5321.0
49.63999938964844,214.8800048828125,5322.0
49.2400016784668,214.27999877929688,5323.0
48.15999984741211,214.3999938964844,5324.0
49.0,57.959999084472656,5325.0
48.15999984741211,53.79999923706055,5326.0
50.43999862670898,77.08000183105469,5327.0
50.31999969482422,57.79999923706055,5328.0
50.560001373291016,57.63999938964844,5329.0
50.68000030517578,52.84000015258789,5330.0
51.08000183105469,215.0,5331.0
51.47999954223633,53.040000915527344,5332.0
51.43999862670898,53.47999954223633,5333.0
51.43999862670898,213.3600006103516,5334.0
49.880001068115234,51.91999816894531,5335.0
49.880001068115234,54.040000915527344,5336.0
49.52000045776367,53.59999847412109,5337.0
51.43999862670898,53.400001525878906,5338.0
49.27999877929688,53.43999862670898,5339.0
49.15999984741211,52.68000030517578,5340.0
49.52000045776367,51.040000915527344,5341.0
49.959999084472656,51.84000015258789,5342.0
49.84000015258789,51.119998931884766,5343.0
49.720001220703125,239.9600067138672,5344.0
49.959999084472656,50.36000061035156,5345.0
50.040000915527344,212.83999633789065,5346.0
50.720001220703125,52.0,5347.0
49.08000183105469,212.67999267578125,5348.0
48.84000015258789,52.91999816894531,5349.0
48.36000061035156,52.68000030517578,5350.0
49.2400016784668,53.119998931884766,5351.0
49.7599983215332,58.0,5352.0
48.84000015258789,58.2400016784668,5353.0
48.91999816894531,239.27999877929688,5354.0
49.47999954223633,58.84000015258789,5355.0
51.15999984741211,58.7599983215332,5356.0
50.20000076293945,58.959999084472656,5357.0
50.91999816894531,219.44000244140625,5358.0
50.43999862670898,50.84000015258789,5359.0
49.79999923706055,219.16000366210935,5360.0
49.84000015258789,50.880001068115234,5361.0
49.880001068115234,216.9199981689453,5362.0
49.68000030517578,216.67999267578125,5363.0
49.2400016784668,217.3600006103516,5364.0
49.52000045776367,51.63999938964844,5365.0
50.27999877929688,52.880001068115234,5366.0
51.400001525878906,52.91999816894531,5367.0
51.91999816894531,52.84000015258789,5368.0
51.31999969482422,52.84000015258789,5369.0
51.47999954223633,52.31999969482422,5370.0
50.79999923706055,52.0,5371.0
50.84000015258789,51.43999862670898,5372.0
51.0,216.83999633789065,5373.0
51.15999984741211,214.44000244140625,5374.0
50.84000015258789,217.1199951171875,5375.0
50.040000915527344,51.040000915527344,5376.0
50.119998931884766,216.9199981689453,5377.0
49.84000015258789,50.91999816894531,5378.0
49.15999984741211,217.1999969482422,5379.0
48.31999969482422,56.560001373291016,5380.0
48.2400016784668,57.52000045776367,5381.0
47.880001068115234,216.3600006103516,5382.0
48.91999816894531,51.43999862670898,5383.0
48.68000030517578,216.44000244140625,5384.0
48.84000015258789,57.15999984741211,5385.0
48.880001068115234,56.0,5386.0
48.43999862670898,55.68000030517578,5387.0
49.0,56.20000076293945,5388.0
48.84000015258789,57.119998931884766,5389.0
49.43999862670898,214.83999633789065,5390.0
48.91999816894531,215.9600067138672,5391.0
49.119998931884766,214.83999633789065,5392.0
49.15999984741211,216.27999877929688,5393.0
49.119998931884766,54.119998931884766,5394.0
48.7599983215332,217.5200042724609,5395.0
49.36000061035156,54.84000015258789,5396.0
47.63999938964844,55.119998931884766,5397.0
48.52000045776367,219.0,5398.0
49.040000915527344,219.0800018310547,5399.0
48.84000015258789,218.6000061035156,5400.0
48.040000915527344,219.0800018310547,5401.0
47.79999923706055,218.5200042724609,5402.0
47.880001068115234,218.44000244140625,5403.0
47.720001220703125,217.9600067138672,5404.0
48.040000915527344,218.55999755859372,5405.0
48.31999969482422,217.8000030517578,5406.0
48.2400016784668,54.84000015258789,5407.0
48.0,52.91999816894531,5408.0
49.68000030517578,52.63999938964844,5409.0
48.08000183105469,53.20000076293945,5410.0
48.52000045776367,52.08000183105469,5411.0
48.52000045776367,216.1999969482422,5412.0
48.68000030517578,51.040000915527344,5413.0
49.63999938964844,53.68000030517578,5414.0
49.79999923706055,216.44000244140625,5415.0
50.0,51.31999969482422,5416.0
49.84000015258789,51.119998931884766,5417.0
49.31999969482422,215.55999755859372,5418.0
50.27999877929688,55.91999816894531,5419.0
48.560001373291016,56.36000061035156,5420.0
50.15999984741211,56.08000183105469,5421.0
48.52000045776367,54.79999923706055,5422.0
49.08000183105469,57.400001525878906,5423.0
48.68000030517578,54.560001373291016,5424.0
49.0,51.2400016784668,5425.0
48.560001373291016,56.43999862670898,5426.0
48.84000015258789,221.6000061035156,5427.0
48.47999954223633,56.68000030517578,5428.0
48.84000015258789,222.8800048828125,5429.0
49.08000183105469,56.68000030517578,5430.0
49.040000915527344,56.20000076293945,5431.0
49.31999969482422,56.47999954223633,5432.0
49.0,56.68000030517578,5433.0
48.400001525878906,56.47999954223633,5434.0
214.0399932861328,54.2400016784668,5435.0
213.67999267578125,52.68000030517578,5436.0
213.83999633789065,52.2400016784668,5437.0
51.31999969482422,51.880001068115234,5438.0
51.040000915527344,51.84000015258789,5439.0
50.59999847412109,51.560001373291016,5440.0
50.43999862670898,51.560001373291016,5441.0
50.84000015258789,51.59999847412109,5442.0
50.36000061035156,216.2400054931641,5443.0
49.720001220703125,215.9199981689453,5444.0
50.119998931884766,216.16000366210935,5445.0
49.63999938964844,216.3600006103516,5446.0
49.27999877929688,216.0399932861328,5447.0
49.68000030517578,216.1999969482422,5448.0
49.68000030517578,57.68000030517578,5449.0
49.84000015258789,216.0399932861328,5450.0
49.84000015258789,51.15999984741211,5451.0
50.20000076293945,52.84000015258789,5452.0
48.880001068115234,53.79999923706055,5453.0
48.959999084472656,54.08000183105469,5454.0
48.52000045776367,54.119998931884766,5455.0
48.79999923706055,52.31999969482422,5456.0
48.720001220703125,50.68000030517578,5457.0
48.959999084472656,51.27999877929688,5458.0
48.47999954223633,51.47999954223633,5459.0
49.040000915527344,53.0,5460.0
48.400001525878906,53.400001525878906,5461.0
48.400001525878906,53.63999938964844,5462.0
48.0,52.52000045776367,5463.0
48.400001525878906,51.43999862670898,5464.0
48.36000061035156,52.040000915527344,5465.0
48.31999969482422,50.68000030517578,5466.0
49.27999877929688,51.880001068115234,5467.0
49.27999877929688,239.9600067138672,5468.0
49.20000076293945,239.9600067138672,5469.0
48.79999923706055,239.9600067138672,5470.0
49.20000076293945,52.400001525878906,5471.0
49.84000015258789,51.0,5472.0
50.15999984741211,52.59999847412109,5473.0
50.63999938964844,239.9600067138672,5474.0
50.119998931884766,51.119998931884766,5475.0
50.15999984741211,54.63999938964844,5476.0
49.31999969482422,53.31999969482422,5477.0
49.400001525878906,52.84000015258789,5478.0
49.2400016784668,54.959999084472656,5479.0
49.0,53.560001373291016,5480.0
48.84000015258789,54.91999816894531,5481.0
49.36000061035156,215.63999938964844,5482.0
48.560001373291016,57.08000183105469,5483.0
48.47999954223633,53.880001068115234,5484.0
48.59999847412109,56.0,5485.0
48.2400016784668,52.119998931884766,5486.0
48.20000076293945,215.27999877929688,5487.0
47.84000015258789,51.2400016784668,5488.0
47.36000061035156,51.400001525878906,5489.0
47.880001068115234,51.08000183105469,5490.0
47.43999862670898,52.15999984741211,5491.0
47.47999954223633,217.16000366210935,5492.0
47.68000030517578,217.3999938964844,5493.0
47.36000061035156,52.15999984741211,5494.0
47.119998931884766,216.44000244140625,5495.0
46.91999816894531,53.119998931884766,5496.0
46.91999816894531,53.20000076293945,5497.0
46.7599983215332,53.560001373291016,5498.0
47.0,52.43999862670898,5499.0
47.20000076293945,52.31999969482422,5500.0
47.400001525878906,52.63999938964844,5501.0
47.31999969482422,51.91999816894531,5502.0
49.720001220703125,52.27999877929688,5503.0
48.27999877929688,51.91999816894531,5504.0
47.59999847412109,71.76000213623047,5505.0
49.31999969482422,216.27999877929688,5506.0
49.959999084472656,214.6000061035156,5507.0
49.43999862670898,217.3999938964844,5508.0
50.400001525878906,216.83999633789065,5509.0
48.27999877929688,217.1199951171875,5510.0
49.47999954223633,217.0,5511.0
48.720001220703125,65.4000015258789,5512.0
48.59999847412109,56.959999084472656,5513.0
48.31999969482422,56.20000076293945,5514.0
48.7599983215332,65.72000122070312,5515.0
48.720001220703125,217.0800018310547,5516.0
48.36000061035156,217.8800048828125,5517.0
48.08000183105469,218.1199951171875,5518.0
48.2400016784668,61.31999969482422,5519.0
47.880001068115234,62.31999969482422,5520.0
47.959999084472656,55.79999923706055,5521.0
47.91999816894531,55.560001373291016,5522.0
48.68000030517578,55.43999862670898,5523.0
47.59999847412109,56.0,5524.0
48.20000076293945,223.2400054931641,5525.0
47.36000061035156,52.27999877929688,5526.0
47.79999923706055,223.9199981689453,5527.0
47.52000045776367,54.79999923706055,5528.0
47.59999847412109,223.3600006103516,5529.0
47.7599983215332,221.8800048828125,5530.0
47.880001068115234,222.5200042724609,5531.0
47.68000030517578,55.7599983215332,5532.0
47.27999877929688,55.43999862670898,5533.0
47.63999938964844,55.43999862670898,5534.0
47.31999969482422,55.43999862670898,5535.0
47.59999847412109,222.16000366210935,5536.0
48.36000061035156,222.9600067138672,5537.0
48.880001068115234,52.20000076293945,5538.0
47.79999923706055,223.32000732421875,5539.0
49.2400016784668,219.16000366210935,5540.0
49.119998931884766,223.1199951171875,5541.0
49.36000061035156,218.47999572753903,5542.0
49.08000183105469,50.63999938964844,5543.0
49.31999969482422,217.6000061035156,5544.0
48.08000183105469,51.2400016784668,5545.0
48.59999847412109,218.2400054931641,5546.0
47.959999084472656,68.4800033569336,5547.0
47.720001220703125,217.32000732421875,5548.0
47.47999954223633,66.87999725341797,5549.0
47.43999862670898,55.880001068115234,5550.0
47.040000915527344,56.119998931884766,5551.0
47.63999938964844,48.08000183105469,5552.0
47.720001220703125,56.27999877929688,5553.0
47.31999969482422,222.47999572753903,5554.0
48.0,56.0,5555.0
47.400001525878906,55.880001068115234,5556.0
47.880001068115234,220.72000122070312,5557.0
47.560001373291016,52.2400016784668,5558.0
48.040000915527344,53.63999938964844,5559.0
47.27999877929688,55.560001373291016,5560.0
47.880001068115234,52.27999877929688,5561.0
48.040000915527344,56.08000183105469,5562.0
47.31999969482422,56.15999984741211,5563.0
47.52000045776367,53.7599983215332,5564.0
50.36000061035156,53.040000915527344,5565.0
47.08000183105469,52.959999084472656,5566.0
47.27999877929688,55.08000183105469,5567.0
47.63999938964844,52.040000915527344,5568.0
48.91999816894531,55.959999084472656,5569.0
48.08000183105469,56.84000015258789,5570.0
48.2400016784668,56.119998931884766,5571.0
48.040000915527344,57.47999954223633,5572.0
47.84000015258789,57.59999847412109,5573.0
48.52000045776367,51.400001525878906,5574.0
47.91999816894531,62.47999954223633,5575.0
48.20000076293945,54.47999954223633,5576.0
46.91999816894531,51.59999847412109,5577.0
48.2400016784668,63.15999984741211,5578.0
48.20000076293945,51.43999862670898,5579.0
48.0,217.44000244140625,5580.0
47.59999847412109,51.880001068115234,5581.0
48.20000076293945,217.0,5582.0
48.08000183105469,216.3999938964844,5583.0
47.27999877929688,51.2400016784668,5584.0
48.59999847412109,216.72000122070312,5585.0
48.2400016784668,51.15999984741211,5586.0
49.0,52.040000915527344,5587.0
48.2400016784668,217.32000732421875,5588.0
48.68000030517578,52.47999954223633,5589.0
48.52000045776367,217.5200042724609,5590.0
47.959999084472656,54.560001373291016,5591.0
47.63999938964844,51.36000061035156,5592.0
48.31999969482422,216.67999267578125,5593.0
48.31999969482422,52.84000015258789,5594.0
48.040000915527344,53.47999954223633,5595.0
48.31999969482422,53.2400016784668,5596.0
48.68000030517578,217.55999755859372,5597.0
49.31999969482422,51.91999816894531,5598.0
49.0,51.720001220703125,5599.0
48.84000015258789,53.20000076293945,5600.0
49.0,52.68000030517578,5601.0
49.7599983215332,52.20000076293945,5602.0
50.119998931884766,51.68000030517578,5603.0
37.880001068115234,50.880001068115234,5604.0
49.84000015258789,51.47999954223633,5605.0
49.040000915527344,51.560001373291016,5606.0
48.59999847412109,51.880001068115234,5607.0
50.27999877929688,52.400001525878906,5608.0
49.0,52.15999984741211,5609.0
49.20000076293945,53.040000915527344,5610.0
48.91999816894531,52.91999816894531,5611.0
48.91999816894531,53.040000915527344,5612.0
49.2400016784668,52.959999084472656,5613.0
49.08000183105469,52.52000045776367,5614.0
48.68000030517578,51.959999084472656,5615.0
49.119998931884766,53.15999984741211,5616.0
48.7599983215332,54.15999984741211,5617.0
48.959999084472656,52.880001068115234,5618.0
49.119998931884766,53.47999954223633,5619.0
48.59999847412109,54.040000915527344,5620.0
49.15999984741211,55.400001525878906,5621.0
48.84000015258789,53.59999847412109,5622.0
49.31999969482422,54.08000183105469,5623.0
48.84000015258789,54.27999877929688,5624.0
47.7599983215332,51.720001220703125,5625.0
48.400001525878906,54.2400016784668,5626.0
47.560001373291016,52.47999954223633,5627.0
47.7599983215332,51.7599983215332,5628.0
48.08000183105469,51.040000915527344,5629.0
48.08000183105469,52.0,5630.0
48.400001525878906,50.52000045776367,5631.0
48.2400016784668,52.36000061035156,5632.0
49.52000045776367,51.91999816894531,5633.0
48.63999938964844,219.47999572753903,5634.0
48.880001068115234,52.31999969482422,5635.0
47.959999084472656,218.9600067138672,5636.0
48.52000045776367,52.63999938964844,5637.0
48.08000183105469,51.59999847412109,5638.0
48.68000030517578,51.68000030517578,5639.0
48.08000183105469,51.560001373291016,5640.0
47.68000030517578,53.560001373291016,5641.0
49.36000061035156,50.880001068115234,5642.0
47.68000030517578,52.20000076293945,5643.0
49.52000045776367,50.52000045776367,5644.0
49.119998931884766,55.59999847412109,5645.0
48.20000076293945,217.72000122070312,5646.0
48.52000045776367,218.0800018310547,5647.0
48.68000030517578,56.84000015258789,5648.0
48.2400016784668,218.0399932861328,5649.0
48.400001525878906,50.63999938964844,5650.0
48.040000915527344,53.47999954223633,5651.0
48.040000915527344,219.63999938964844,5652.0
48.15999984741211,55.119998931884766,5653.0
48.0,103.0,5654.0
47.63999938964844,217.63999938964844,5655.0
47.59999847412109,218.0,5656.0
47.47999954223633,103.5199966430664,5657.0
47.20000076293945,217.9600067138672,5658.0
48.040000915527344,217.0399932861328,5659.0
48.040000915527344,217.0800018310547,5660.0
48.400001525878906,218.3600006103516,5661.0
49.119998931884766,217.3999938964844,5662.0
49.119998931884766,216.2400054931641,5663.0
48.040000915527344,54.43999862670898,5664.0
47.63999938964844,54.15999984741211,5665.0
48.36000061035156,54.2400016784668,5666.0
48.040000915527344,215.75999450683597,5667.0
47.59999847412109,54.119998931884766,5668.0
47.560001373291016,214.8000030517578,5669.0
47.84000015258789,54.2400016784668,5670.0
48.08000183105469,54.52000045776367,5671.0
47.68000030517578,54.560001373291016,5672.0
47.79999923706055,54.79999923706055,5673.0
47.560001373291016,68.23999786376953,5674.0
47.720001220703125,52.2400016784668,5675.0
47.52000045776367,213.47999572753903,5676.0
47.84000015258789,66.63999938964844,5677.0
47.560001373291016,67.76000213623047,5678.0
48.27999877929688,54.84000015258789,5679.0
48.720001220703125,53.59999847412109,5680.0
48.47999954223633,54.040000915527344,5681.0
48.36000061035156,68.27999877929688,5682.0
48.2400016784668,67.31999969482422,5683.0
48.15999984741211,67.5199966430664,5684.0
48.0,67.68000030517578,5685.0
48.20000076293945,67.08000183105469,5686.0
47.63999938964844,216.32000732421875,5687.0
48.15999984741211,216.9199981689453,5688.0
47.79999923706055,52.59999847412109,5689.0
47.560001373291016,52.20000076293945,5690.0
47.720001220703125,215.27999877929688,5691.0
47.84000015258789,214.9600067138672,5692.0
47.959999084472656,215.0,5693.0
48.20000076293945,215.1199951171875,5694.0
48.43999862670898,52.2400016784668,5695.0
48.20000076293945,52.31999969482422,5696.0
47.959999084472656,52.63999938964844,5697.0
47.880001068115234,52.2400016784668,5698.0
48.119998931884766,51.08000183105469,5699.0
48.2400016784668,51.560001373291016,5700.0
48.040000915527344,50.91999816894531,5701.0
48.20000076293945,51.7599983215332,5702.0
48.43999862670898,52.20000076293945,5703.0
47.560001373291016,214.9600067138672,5704.0
48.36000061035156,52.08000183105469,5705.0
48.27999877929688,216.72000122070312,5706.0
48.20000076293945,67.91999816894531,5707.0
47.119998931884766,53.560001373291016,5708.0
48.52000045776367,53.47999954223633,5709.0
47.84000015258789,54.47999954223633,5710.0
50.79999923706055,53.959999084472656,5711.0
42.59999847412109,51.880001068115234,5712.0
44.880001068115234,53.47999954223633,5713.0
209.9600067138672,54.560001373291016,5714.0
47.119998931884766,56.84000015258789,5715.0
45.79999923706055,53.15999984741211,5716.0
50.27999877929688,53.20000076293945,5717.0
49.720001220703125,54.52000045776367,5718.0
39.91999816894531,54.63999938964844,5719.0
49.68000030517578,54.59999847412109,5720.0
39.119998931884766,55.119998931884766,5721.0
49.63999938964844,54.84000015258789,5722.0
49.720001220703125,53.91999816894531,5723.0
50.0,53.52000045776367,5724.0
50.119998931884766,216.27999877929688,5725.0
49.63999938964844,50.119998931884766,5726.0
38.959999084472656,50.63999938964844,5727.0
49.0,215.9199981689453,5728.0
49.15999984741211,49.720001220703125,5729.0
40.040000915527344,215.27999877929688,5730.0
40.20000076293945,215.2400054931641,5731.0
45.47999954223633,215.1199951171875,5732.0
42.08000183105469,215.44000244140625,5733.0
48.68000030517578,215.44000244140625,5734.0
213.3600006103516,52.31999969482422,5735.0
47.720001220703125,52.52000045776367,5736.0
212.83999633789065,52.52000045776367,5737.0
41.08000183105469,52.7599983215332,5738.0
212.72000122070312,53.040000915527344,5739.0
212.3999938964844,53.040000915527344,5740.0
42.20000076293945,53.27999877929688,5741.0
47.47999954223633,53.400001525878906,5742.0
41.7599983215332,54.040000915527344,5743.0
47.20000076293945,54.91999816894531,5744.0
47.560001373291016,53.63999938964844,5745.0
46.47999954223633,54.119998931884766,5746.0
46.119998931884766,53.720001220703125,5747.0
46.400001525878906,215.83999633789065,5748.0
47.84000015258789,57.880001068115234,5749.0
47.119998931884766,56.959999084472656,5750.0
47.0,46.31999969482422,5751.0
44.63999938964844,56.15999984741211,5752.0
44.68000030517578,51.91999816894531,5753.0
44.15999984741211,216.16000366210935,5754.0
45.08000183105469,57.959999084472656,5755.0
44.43999862670898,57.63999938964844,5756.0
45.0,58.0,5757.0
45.2400016784668,58.27999877929688,5758.0
45.20000076293945,215.83999633789065,5759.0
45.27999877929688,216.6000061035156,5760.0
45.959999084472656,216.1199951171875,5761.0
45.68000030517578,216.75999450683597,5762.0
215.3999938964844,216.0800018310547,5763.0
46.63999938964844,216.47999572753903,5764.0
213.1199951171875,216.8000030517578,5765.0
212.0800018310547,216.9600067138672,5766.0
48.79999923706055,216.83999633789065,5767.0
44.560001373291016,216.6000061035156,5768.0
44.68000030517578,217.0,5769.0
44.2400016784668,216.5200042724609,5770.0
44.47999954223633,217.63999938964844,5771.0
44.720001220703125,216.6000061035156,5772.0
45.0,216.6000061035156,5773.0
47.400001525878906,217.16000366210935,5774.0
46.52000045776367,57.040000915527344,5775.0
46.880001068115234,216.9199981689453,5776.0
47.68000030517578,55.0,5777.0
46.400001525878906,216.75999450683597,5778.0
47.27999877929688,53.880001068115234,5779.0
47.720001220703125,216.8000030517578,5780.0
46.47999954223633,216.55999755859372,5781.0
47.720001220703125,216.44000244140625,5782.0
46.68000030517578,216.1999969482422,5783.0
47.08000183105469,216.1999969482422,5784.0
46.36000061035156,53.119998931884766,5785.0
46.43999862670898,52.15999984741211,5786.0
212.0399932861328,51.0,5787.0
45.720001220703125,51.08000183105469,5788.0
212.3600006103516,50.59999847412109,5789.0
212.63999938964844,50.63999938964844,5790.0
212.6000061035156,51.08000183105469,5791.0
37.2400016784668,50.0,5792.0
213.0399932861328,51.20000076293945,5793.0
212.63999938964844,51.31999969482422,5794.0
213.16000366210935,51.91999816894531,5795.0
212.0800018310547,52.2400016784668,5796.0
212.8000030517578,51.91999816894531,5797.0
211.75999450683597,50.7599983215332,5798.0
212.3999938964844,216.9199981689453,5799.0
212.55999755859372,215.9199981689453,5800.0
47.119998931884766,215.67999267578125,5801.0
47.27999877929688,215.44000244140625,5802.0
47.63999938964844,215.55999755859372,5803.0
47.2400016784668,54.68000030517578,5804.0
47.400001525878906,54.31999969482422,5805.0
211.5200042724609,215.8000030517578,5806.0
214.75999450683597,215.32000732421875,5807.0
211.75999450683597,215.63999938964844,5808.0
214.5200042724609,215.3999938964844,5809.0
210.3600006103516,216.27999877929688,5810.0
4.239999771118164,215.63999938964844,5811.0
211.1199951171875,217.0399932861328,5812.0
47.43999862670898,215.67999267578125,5813.0
45.84000015258789,215.9199981689453,5814.0
212.5200042724609,216.5200042724609,5815.0
46.84000015258789,55.59999847412109,5816.0
46.7599983215332,216.8000030517578,5817.0
45.36000061035156,54.27999877929688,5818.0
44.959999084472656,54.0,5819.0
45.36000061035156,53.36000061035156,5820.0
44.59999847412109,52.63999938964844,5821.0
49.52000045776367,214.5200042724609,5822.0
46.400001525878906,50.27999877929688,5823.0
49.36000061035156,55.68000030517578,5824.0
49.720001220703125,52.7599983215332,5825.0
49.2400016784668,50.959999084472656,5826.0
49.720001220703125,214.8800048828125,5827.0
48.959999084472656,78.63999938964844,5828.0
49.959999084472656,215.0800018310547,5829.0
49.47999954223633,214.0800018310547,5830.0
48.040000915527344,213.8800048828125,5831.0
49.47999954223633,214.2400054931641,5832.0
49.91999816894531,50.59999847412109,5833.0
50.27999877929688,213.0399932861328,5834.0
50.27999877929688,51.119998931884766,5835.0
211.55999755859372,50.43999862670898,5836.0
47.79999923706055,50.880001068115234,5837.0
50.08000183105469,50.43999862670898,5838.0
49.84000015258789,52.31999969482422,5839.0
212.5200042724609,51.84000015258789,5840.0
49.040000915527344,51.91999816894531,5841.0
47.560001373291016,51.400001525878906,5842.0
49.68000030517578,53.79999923706055,5843.0
48.2400016784668,52.20000076293945,5844.0
48.720001220703125,52.47999954223633,5845.0
47.7599983215332,53.47999954223633,5846.0
47.560001373291016,54.68000030517578,5847.0
45.959999084472656,52.560001373291016,5848.0
45.959999084472656,53.040000915527344,5849.0
51.119998931884766,52.31999969482422,5850.0
50.31999969482422,52.560001373291016,5851.0
48.59999847412109,51.43999862670898,5852.0
48.36000061035156,52.47999954223633,5853.0
48.560001373291016,51.720001220703125,5854.0
47.560001373291016,52.880001068115234,5855.0
47.720001220703125,54.63999938964844,5856.0
47.43999862670898,215.44000244140625,5857.0
47.040000915527344,215.27999877929688,5858.0
47.47999954223633,215.9600067138672,5859.0
48.2400016784668,215.6000061035156,5860.0
49.720001220703125,216.16000366210935,5861.0
50.08000183105469,215.8800048828125,5862.0
49.400001525878906,216.2400054931641,5863.0
50.27999877929688,53.59999847412109,5864.0
50.0,53.31999969482422,5865.0
47.560001373291016,49.400001525878906,5866.0
45.31999969482422,51.880001068115234,5867.0
47.63999938964844,56.84000015258789,5868.0
48.20000076293945,215.9600067138672,5869.0
47.36000061035156,50.7599983215332,5870.0
47.08000183105469,51.36000061035156,5871.0
48.36000061035156,53.880001068115234,5872.0
49.52000045776367,216.1199951171875,5873.0
49.31999969482422,53.79999923706055,5874.0
48.20000076293945,51.43999862670898,5875.0
212.6000061035156,51.52000045776367,5876.0
47.720001220703125,51.84000015258789,5877.0
49.79999923706055,51.7599983215332,5878.0
49.880001068115234,51.47999954223633,5879.0
211.8000030517578,51.400001525878906,5880.0
46.880001068115234,51.400001525878906,5881.0
46.68000030517578,52.20000076293945,5882.0
48.27999877929688,50.91999816894531,5883.0
47.0,53.59999847412109,5884.0
48.59999847412109,52.63999938964844,5885.0
48.119998931884766,54.119998931884766,5886.0
49.15999984741211,53.08000183105469,5887.0
49.79999923706055,52.880001068115234,5888.0
50.720001220703125,52.0,5889.0
49.880001068115234,51.400001525878906,5890.0
50.119998931884766,51.59999847412109,5891.0
50.47999954223633,56.040000915527344,5892.0
50.20000076293945,53.959999084472656,5893.0
49.08000183105469,57.36000061035156,5894.0
47.040000915527344,50.59999847412109,5895.0
48.43999862670898,57.08000183105469,5896.0
48.79999923706055,49.400001525878906,5897.0
46.43999862670898,51.880001068115234,5898.0
48.08000183105469,50.720001220703125,5899.0
49.31999969482422,50.400001525878906,5900.0
41.400001525878906,51.959999084472656,5901.0
50.040000915527344,50.52000045776367,5902.0
25.040000915527344,51.15999984741211,5903.0
49.0,51.0,5904.0
41.20000076293945,50.84000015258789,5905.0
47.79999923706055,50.959999084472656,5906.0
48.31999969482422,48.7599983215332,5907.0
48.20000076293945,51.79999923706055,5908.0
48.400001525878906,49.040000915527344,5909.0
48.36000061035156,55.27999877929688,5910.0
48.31999969482422,55.15999984741211,5911.0
48.20000076293945,55.560001373291016,5912.0
48.91999816894531,54.79999923706055,5913.0
48.91999816894531,52.91999816894531,5914.0
48.959999084472656,51.959999084472656,5915.0
49.20000076293945,51.15999984741211,5916.0
48.68000030517578,52.84000015258789,5917.0
48.560001373291016,51.68000030517578,5918.0
49.0,53.68000030517578,5919.0
47.63999938964844,52.52000045776367,5920.0
46.43999862670898,52.720001220703125,5921.0
46.27999877929688,51.59999847412109,5922.0
45.79999923706055,50.7599983215332,5923.0
48.400001525878906,52.880001068115234,5924.0
48.27999877929688,53.52000045776367,5925.0
47.36000061035156,50.15999984741211,5926.0
49.27999877929688,50.63999938964844,5927.0
50.36000061035156,51.20000076293945,5928.0
49.68000030517578,50.27999877929688,5929.0
48.040000915527344,50.31999969482422,5930.0
48.63999938964844,48.880001068115234,5931.0
210.47999572753903,48.31999969482422,5932.0
47.79999923706055,48.59999847412109,5933.0
48.36000061035156,49.27999877929688,5934.0
49.31999969482422,52.880001068115234,5935.0
48.63999938964844,53.84000015258789,5936.0
49.040000915527344,53.47999954223633,5937.0
47.720001220703125,51.959999084472656,5938.0
42.2400016784668,52.63999938964844,5939.0
47.560001373291016,53.68000030517578,5940.0
211.0800018310547,52.0,5941.0
211.44000244140625,51.7599983215332,5942.0
49.0,52.880001068115234,5943.0
212.47999572753903,52.119998931884766,5944.0
211.44000244140625,52.20000076293945,5945.0
212.0,52.27999877929688,5946.0
212.1199951171875,52.59999847412109,5947.0
212.55999755859372,149.55999755859375,5948.0
49.959999084472656,92.87999725341795,5949.0
49.720001220703125,216.72000122070312,5950.0
49.63999938964844,93.16000366210938,5951.0
216.2400054931641,55.27999877929688,5952.0
216.2400054931641,93.5999984741211,5953.0
93.0,55.52000045776367,5954.0
47.52000045776367,55.68000030517578,5955.0
217.16000366210935,93.8000030517578,5956.0
47.7599983215332,93.0,5957.0
217.1199951171875,217.0399932861328,5958.0
217.0800018310547,217.0399932861328,5959.0
45.400001525878906,46.040000915527344,5960.0
216.55999755859372,217.32000732421875,5961.0
45.20000076293945,45.720001220703125,5962.0
215.75999450683597,217.0800018310547,5963.0
45.52000045776367,45.47999954223633,5964.0
45.79999923706055,45.47999954223633,5965.0
45.2400016784668,216.6000061035156,5966.0
46.119998931884766,44.91999816894531,5967.0
46.119998931884766,89.19999694824219,5968.0
47.400001525878906,46.040000915527344,5969.0
46.7599983215332,90.04000091552734,5970.0
46.7599983215332,211.1199951171875,5971.0
46.20000076293945,89.36000061035156,5972.0
46.040000915527344,47.2400016784668,5973.0
45.27999877929688,45.959999084472656,5974.0
46.560001373291016,47.63999938964844,5975.0
45.79999923706055,46.36000061035156,5976.0
46.43999862670898,48.63999938964844,5977.0
48.52000045776367,50.119998931884766,5978.0
48.08000183105469,217.1999969482422,5979.0
46.47999954223633,48.7599983215332,5980.0
47.2400016784668,144.72000122070312,5981.0
47.560001373291016,145.0,5982.0
48.68000030517578,48.880001068115234,5983.0
48.720001220703125,145.36000061035156,5984.0
49.08000183105469,50.0,5985.0
47.7599983215332,49.31999969482422,5986.0
37.20000076293945,50.720001220703125,5987.0
46.47999954223633,49.36000061035156,5988.0
46.84000015258789,51.36000061035156,5989.0
47.400001525878906,50.91999816894531,5990.0
48.68000030517578,51.52000045776367,5991.0
46.43999862670898,51.43999862670898,5992.0
46.52000045776367,51.560001373291016,5993.0
46.15999984741211,50.84000015258789,5994.0
46.119998931884766,51.08000183105469,5995.0
47.0,50.68000030517578,5996.0
45.47999954223633,51.880001068115234,5997.0
46.43999862670898,51.36000061035156,5998.0
46.47999954223633,47.119998931884766,5999.0
48.20000076293945,70.95999908447266,6000.0
47.400001525878906,52.040000915527344,6001.0
48.400001525878906,49.119998931884766,6002.0
47.91999816894531,50.84000015258789,6003.0
48.119998931884766,61.68000030517578,6004.0
47.880001068115234,62.15999984741211,6005.0
47.400001525878906,62.15999984741211,6006.0
48.0,61.91999816894531,6007.0
48.0,61.959999084472656,6008.0
47.880001068115234,61.79999923706055,6009.0
48.040000915527344,61.47999954223633,6010.0
47.2400016784668,211.3999938964844,6011.0
48.84000015258789,51.959999084472656,6012.0
47.79999923706055,63.20000076293945,6013.0
48.08000183105469,50.0,6014.0
47.880001068115234,50.91999816894531,6015.0
47.880001068115234,51.15999984741211,6016.0
47.880001068115234,51.959999084472656,6017.0
47.720001220703125,50.63999938964844,6018.0
47.720001220703125,51.15999984741211,6019.0
48.7599983215332,51.959999084472656,6020.0
49.47999954223633,52.040000915527344,6021.0
49.560001373291016,51.43999862670898,6022.0
48.31999969482422,52.720001220703125,6023.0
47.880001068115234,51.15999984741211,6024.0
47.91999816894531,215.2400054931641,6025.0
48.15999984741211,52.720001220703125,6026.0
47.79999923706055,53.119998931884766,6027.0
47.7599983215332,53.08000183105469,6028.0
48.880001068115234,215.8800048828125,6029.0
47.959999084472656,216.1199951171875,6030.0
48.27999877929688,215.6000061035156,6031.0
47.91999816894531,216.27999877929688,6032.0
48.040000915527344,51.68000030517578,6033.0
48.15999984741211,215.8000030517578,6034.0
48.15999984741211,216.6000061035156,6035.0
47.400001525878906,216.2400054931641,6036.0
48.08000183105469,214.3600006103516,6037.0
47.68000030517578,217.9600067138672,6038.0
47.880001068115234,213.0399932861328,6039.0
48.040000915527344,219.2400054931641,6040.0
48.08000183105469,220.55999755859372,6041.0
48.31999969482422,219.44000244140625,6042.0
49.119998931884766,50.63999938964844,6043.0
48.7599983215332,51.43999862670898,6044.0
49.31999969482422,50.27999877929688,6045.0
48.63999938964844,51.43999862670898,6046.0
48.400001525878906,216.72000122070312,6047.0
48.36000061035156,51.2400016784668,6048.0
48.560001373291016,51.880001068115234,6049.0
48.52000045776367,52.560001373291016,6050.0
47.880001068115234,52.63999938964844,6051.0
48.040000915527344,54.560001373291016,6052.0
47.79999923706055,48.560001373291016,6053.0
48.36000061035156,49.119998931884766,6054.0
49.47999954223633,52.08000183105469,6055.0
48.68000030517578,54.119998931884766,6056.0
48.15999984741211,52.119998931884766,6057.0
48.52000045776367,52.91999816894531,6058.0
48.560001373291016,53.560001373291016,6059.0
48.43999862670898,54.0,6060.0
48.2400016784668,53.2400016784668,6061.0
48.20000076293945,67.76000213623047,6062.0
48.63999938964844,53.20000076293945,6063.0
48.36000061035156,53.47999954223633,6064.0
48.7599983215332,54.15999984741211,6065.0
48.36000061035156,52.47999954223633,6066.0
48.36000061035156,53.15999984741211,6067.0
48.36000061035156,54.560001373291016,6068.0
48.0,216.16000366210935,6069.0
47.63999938964844,53.68000030517578,6070.0
48.400001525878906,215.9199981689453,6071.0
48.119998931884766,53.59999847412109,6072.0
47.79999923706055,214.67999267578125,6073.0
48.08000183105469,216.2400054931641,6074.0
48.040000915527344,52.720001220703125,6075.0
48.68000030517578,215.83999633789065,6076.0
48.27999877929688,68.91999816894531,6077.0
49.68000030517578,216.2400054931641,6078.0
48.119998931884766,52.52000045776367,6079.0
49.08000183105469,53.47999954223633,6080.0
49.0,50.52000045776367,6081.0
48.20000076293945,215.75999450683597,6082.0
48.68000030517578,50.2400016784668,6083.0
48.7599983215332,214.63999938964844,6084.0
48.7599983215332,50.20000076293945,6085.0
48.040000915527344,214.47999572753903,6086.0
48.27999877929688,213.9199981689453,6087.0
48.400001525878906,213.72000122070312,6088.0
48.400001525878906,214.44000244140625,6089.0
48.63999938964844,214.55999755859372,6090.0
48.63999938964844,63.43999862670898,6091.0
48.47999954223633,63.68000030517578,6092.0
49.040000915527344,64.87999725341797,6093.0
48.880001068115234,64.08000183105469,6094.0
49.31999969482422,65.08000183105469,6095.0
48.43999862670898,212.0,6096.0
48.43999862670898,49.20000076293945,6097.0
48.400001525878906,49.880001068115234,6098.0
47.880001068115234,50.31999969482422,6099.0
49.31999969482422,49.63999938964844,6100.0
49.0,56.560001373291016,6101.0
212.0800018310547,49.7599983215332,6102.0
211.6000061035156,49.400001525878906,6103.0
211.75999450683597,52.08000183105469,6104.0
44.63999938964844,211.67999267578125,6105.0
48.68000030517578,49.79999923706055,6106.0
49.20000076293945,50.47999954223633,6107.0
48.20000076293945,56.68000030517578,6108.0
48.59999847412109,49.720001220703125,6109.0
48.31999969482422,57.0,6110.0
48.63999938964844,58.2400016784668,6111.0
48.84000015258789,49.36000061035156,6112.0
49.0,49.68000030517578,6113.0
48.68000030517578,49.84000015258789,6114.0
47.0,50.040000915527344,6115.0
48.0,57.0,6116.0
48.47999954223633,50.20000076293945,6117.0
48.040000915527344,51.08000183105469,6118.0
47.79999923706055,52.59999847412109,6119.0
47.720001220703125,61.27999877929688,6120.0
46.040000915527344,50.560001373291016,6121.0
48.560001373291016,50.31999969482422,6122.0
46.36000061035156,52.119998931884766,6123.0
49.31999969482422,90.04000091552734,6124.0
49.119998931884766,50.2400016784668,6125.0
49.31999969482422,49.7599983215332,6126.0
49.27999877929688,213.27999877929688,6127.0
49.43999862670898,50.040000915527344,6128.0
49.68000030517578,62.119998931884766,6129.0
49.43999862670898,214.55999755859372,6130.0
49.560001373291016,64.87999725341797,6131.0
49.27999877929688,65.16000366210938,6132.0
49.119998931884766,65.63999938964844,6133.0
49.31999969482422,64.19999694824219,6134.0
49.040000915527344,65.08000183105469,6135.0
49.59999847412109,62.63999938964844,6136.0
49.27999877929688,49.63999938964844,6137.0
49.119998931884766,63.08000183105469,6138.0
49.31999969482422,63.59999847412109,6139.0
49.52000045776367,63.68000030517578,6140.0
49.20000076293945,63.720001220703125,6141.0
48.84000015258789,63.7599983215332,6142.0
48.84000015258789,66.27999877929688,6143.0
49.15999984741211,212.63999938964844,6144.0
48.880001068115234,71.83999633789062,6145.0
47.91999816894531,210.9199981689453,6146.0
47.720001220703125,210.83999633789065,6147.0
48.040000915527344,211.63999938964844,6148.0
47.720001220703125,53.880001068115234,6149.0
48.31999969482422,53.880001068115234,6150.0
48.2400016784668,53.040000915527344,6151.0
48.36000061035156,57.0,6152.0
48.79999923706055,55.52000045776367,6153.0
49.119998931884766,55.560001373291016,6154.0
50.119998931884766,55.59999847412109,6155.0
48.560001373291016,52.400001525878906,6156.0
49.36000061035156,219.16000366210935,6157.0
49.68000030517578,53.84000015258789,6158.0
47.7599983215332,53.36000061035156,6159.0
48.2400016784668,219.32000732421875,6160.0
48.400001525878906,63.560001373291016,6161.0
48.36000061035156,217.44000244140625,6162.0
47.7599983215332,53.720001220703125,6163.0
48.720001220703125,53.720001220703125,6164.0
48.2400016784668,54.119998931884766,6165.0
48.59999847412109,64.23999786376953,6166.0
48.43999862670898,216.6000061035156,6167.0
48.400001525878906,215.44000244140625,6168.0
49.27999877929688,215.75999450683597,6169.0
47.560001373291016,51.43999862670898,6170.0
48.47999954223633,225.8800048828125,6171.0
47.7599983215332,53.959999084472656,6172.0
48.84000015258789,54.31999969482422,6173.0
48.880001068115234,50.47999954223633,6174.0
47.7599983215332,51.040000915527344,6175.0
48.59999847412109,51.15999984741211,6176.0
48.68000030517578,214.47999572753903,6177.0
49.0,215.83999633789065,6178.0
48.959999084472656,215.2400054931641,6179.0
48.91999816894531,214.75999450683597,6180.0
48.720001220703125,216.47999572753903,6181.0
48.52000045776367,214.83999633789065,6182.0
48.36000061035156,218.44000244140625,6183.0
49.63999938964844,214.8000030517578,6184.0
48.68000030517578,219.44000244140625,6185.0
48.91999816894531,219.0,6186.0
48.560001373291016,217.72000122070312,6187.0
48.59999847412109,218.32000732421875,6188.0
48.59999847412109,217.83999633789065,6189.0
48.47999954223633,219.47999572753903,6190.0
48.59999847412109,217.0,6191.0
48.91999816894531,64.36000061035156,6192.0
49.0,52.68000030517578,6193.0
48.7599983215332,51.43999862670898,6194.0
48.7599983215332,223.0399932861328,6195.0
48.400001525878906,222.5200042724609,6196.0
48.7599983215332,223.8800048828125,6197.0
48.560001373291016,52.43999862670898,6198.0
48.2400016784668,52.119998931884766,6199.0
48.36000061035156,52.119998931884766,6200.0
48.27999877929688,53.84000015258789,6201.0
48.43999862670898,53.959999084472656,6202.0
48.720001220703125,55.84000015258789,6203.0
48.63999938964844,216.3999938964844,6204.0
48.79999923706055,215.6000061035156,6205.0
48.15999984741211,52.59999847412109,6206.0
48.959999084472656,216.67999267578125,6207.0
48.720001220703125,216.8800048828125,6208.0
49.08000183105469,50.79999923706055,6209.0
49.27999877929688,217.16000366210935,6210.0
48.52000045776367,51.040000915527344,6211.0
48.47999954223633,217.1199951171875,6212.0
48.400001525878906,217.27999877929688,6213.0
48.47999954223633,216.72000122070312,6214.0
48.43999862670898,217.0399932861328,6215.0
48.15999984741211,217.0,6216.0
48.68000030517578,219.16000366210935,6217.0
47.959999084472656,218.63999938964844,6218.0
48.31999969482422,219.0,6219.0
47.68000030517578,51.880001068115234,6220.0
47.959999084472656,77.76000213623047,6221.0
47.27999877929688,58.59999847412109,6222.0
47.720001220703125,52.0,6223.0
47.52000045776367,222.3999938964844,6224.0
47.59999847412109,52.560001373291016,6225.0
47.63999938964844,221.63999938964844,6226.0
47.59999847412109,220.2400054931641,6227.0
47.91999816894531,220.9600067138672,6228.0
48.08000183105469,220.55999755859372,6229.0
48.7599983215332,222.16000366210935,6230.0
48.79999923706055,221.32000732421875,6231.0
48.959999084472656,221.63999938964844,6232.0
49.20000076293945,58.7599983215332,6233.0
49.119998931884766,219.0399932861328,6234.0
48.959999084472656,219.27999877929688,6235.0
48.720001220703125,57.63999938964844,6236.0
48.720001220703125,219.8800048828125,6237.0
48.52000045776367,218.0800018310547,6238.0
49.400001525878906,220.32000732421875,6239.0
48.43999862670898,217.44000244140625,6240.0
48.43999862670898,52.68000030517578,6241.0
48.15999984741211,216.44000244140625,6242.0
48.68000030517578,218.32000732421875,6243.0
48.15999984741211,51.79999923706055,6244.0
48.560001373291016,51.27999877929688,6245.0
47.720001220703125,51.720001220703125,6246.0
48.880001068115234,51.400001525878906,6247.0
47.68000030517578,51.119998931884766,6248.0
47.880001068115234,52.20000076293945,6249.0
47.7599983215332,51.27999877929688,6250.0
47.2400016784668,51.720001220703125,6251.0
47.560001373291016,51.560001373291016,6252.0
46.59999847412109,215.47999572753903,6253.0
47.7599983215332,51.59999847412109,6254.0
47.400001525878906,218.67999267578125,6255.0
47.84000015258789,220.0,6256.0
47.91999816894531,217.1999969482422,6257.0
47.880001068115234,48.7599983215332,6258.0
48.47999954223633,51.2400016784668,6259.0
47.84000015258789,51.63999938964844,6260.0
47.880001068115234,50.68000030517578,6261.0
48.2400016784668,55.0,6262.0
48.47999954223633,50.720001220703125,6263.0
48.560001373291016,219.9600067138672,6264.0
49.2400016784668,220.3999938964844,6265.0
49.0,219.63999938964844,6266.0
48.31999969482422,221.5200042724609,6267.0
48.47999954223633,220.67999267578125,6268.0
49.20000076293945,57.79999923706055,6269.0
48.36000061035156,218.2400054931641,6270.0
49.52000045776367,51.040000915527344,6271.0
48.52000045776367,50.36000061035156,6272.0
49.400001525878906,221.55999755859372,6273.0
48.27999877929688,58.52000045776367,6274.0
48.720001220703125,221.6000061035156,6275.0
48.79999923706055,57.79999923706055,6276.0
50.27999877929688,59.27999877929688,6277.0
49.27999877929688,88.27999877929688,6278.0
50.08000183105469,220.9199981689453,6279.0
49.040000915527344,53.119998931884766,6280.0
49.08000183105469,87.12000274658203,6281.0
48.31999969482422,211.72000122070312,6282.0
48.2400016784668,213.32000732421875,6283.0
48.31999969482422,212.75999450683597,6284.0
48.47999954223633,57.84000015258789,6285.0
48.560001373291016,51.560001373291016,6286.0
48.720001220703125,58.400001525878906,6287.0
49.720001220703125,59.68000030517578,6288.0
49.27999877929688,59.59999847412109,6289.0
49.43999862670898,50.7599983215332,6290.0
48.68000030517578,50.91999816894531,6291.0
47.720001220703125,51.47999954223633,6292.0
211.63999938964844,49.79999923706055,6293.0
49.08000183105469,57.720001220703125,6294.0
49.2400016784668,51.52000045776367,6295.0
49.400001525878906,219.0800018310547,6296.0
48.7599983215332,51.84000015258789,6297.0
50.119998931884766,220.6000061035156,6298.0
47.27999877929688,219.67999267578125,6299.0
47.84000015258789,60.47999954223633,6300.0
47.47999954223633,57.63999938964844,6301.0
46.79999923706055,221.3999938964844,6302.0
46.040000915527344,58.91999816894531,6303.0
47.59999847412109,53.119998931884766,6304.0
47.91999816894531,58.15999984741211,6305.0
48.68000030517578,60.08000183105469,6306.0
48.27999877929688,57.31999969482422,6307.0
47.880001068115234,58.84000015258789,6308.0
47.15999984741211,51.2400016784668,6309.0
48.0,51.15999984741211,6310.0
47.560001373291016,51.040000915527344,6311.0
48.0,53.36000061035156,6312.0
48.47999954223633,55.959999084472656,6313.0
48.040000915527344,49.7599983215332,6314.0
47.20000076293945,51.040000915527344,6315.0
47.959999084472656,51.15999984741211,6316.0
45.47999954223633,53.27999877929688,6317.0
46.36000061035156,50.720001220703125,6318.0
47.880001068115234,51.2400016784668,6319.0
47.15999984741211,52.27999877929688,6320.0
47.400001525878906,212.67999267578125,6321.0
46.400001525878906,50.720001220703125,6322.0
48.040000915527344,213.47999572753903,6323.0
47.119998931884766,86.36000061035156,6324.0
48.0,50.84000015258789,6325.0
46.52000045776367,53.040000915527344,6326.0
46.400001525878906,53.08000183105469,6327.0
45.84000015258789,223.3999938964844,6328.0
45.59999847412109,53.880001068115234,6329.0
46.720001220703125,53.400001525878906,6330.0
45.959999084472656,54.2400016784668,6331.0
48.040000915527344,56.31999969482422,6332.0
47.59999847412109,56.52000045776367,6333.0
48.31999969482422,56.2400016784668,6334.0
48.08000183105469,57.400001525878906,6335.0
48.36000061035156,57.59999847412109,6336.0
49.119998931884766,58.31999969482422,6337.0
49.31999969482422,49.20000076293945,6338.0
48.7599983215332,58.63999938964844,6339.0
49.43999862670898,49.36000061035156,6340.0
48.79999923706055,215.8000030517578,6341.0
47.7599983215332,215.32000732421875,6342.0
48.0,215.67999267578125,6343.0
48.2400016784668,215.3999938964844,6344.0
46.0,215.32000732421875,6345.0
47.27999877929688,215.63999938964844,6346.0
48.2400016784668,215.9199981689453,6347.0
48.52000045776367,215.1999969482422,6348.0
48.119998931884766,216.0,6349.0
48.20000076293945,51.08000183105469,6350.0
46.36000061035156,216.3999938964844,6351.0
48.040000915527344,215.6000061035156,6352.0
48.2400016784668,215.9199981689453,6353.0
48.400001525878906,215.47999572753903,6354.0
48.560001373291016,215.3600006103516,6355.0
47.63999938964844,215.0800018310547,6356.0
47.59999847412109,215.67999267578125,6357.0
47.08000183105469,63.15999984741211,6358.0
47.08000183105469,53.7599983215332,6359.0
47.119998931884766,50.7599983215332,6360.0
47.560001373291016,216.2400054931641,6361.0
47.560001373291016,215.6000061035156,6362.0
47.2400016784668,49.720001220703125,6363.0
47.880001068115234,51.0,6364.0
47.59999847412109,235.3999938964844,6365.0
45.15999984741211,50.560001373291016,6366.0
45.20000076293945,236.27999877929688,6367.0
48.040000915527344,50.2400016784668,6368.0
47.63999938964844,50.31999969482422,6369.0
46.91999816894531,216.1999969482422,6370.0
49.119998931884766,216.55999755859372,6371.0
47.27999877929688,216.32000732421875,6372.0
49.31999969482422,216.3999938964844,6373.0
48.68000030517578,216.32000732421875,6374.0
48.560001373291016,216.32000732421875,6375.0
48.119998931884766,49.400001525878906,6376.0
44.91999816894531,216.63999938964844,6377.0
49.400001525878906,50.68000030517578,6378.0
49.36000061035156,216.27999877929688,6379.0
48.400001525878906,216.47999572753903,6380.0
48.47999954223633,66.36000061035156,6381.0
47.91999816894531,48.84000015258789,6382.0
48.0,65.44000244140625,6383.0
47.52000045776367,215.67999267578125,6384.0
48.0,64.04000091552734,6385.0
47.400001525878906,64.83999633789062,6386.0
48.0,57.959999084472656,6387.0
47.63999938964844,63.91999816894531,6388.0
48.27999877929688,57.20000076293945,6389.0
47.91999816894531,223.2400054931641,6390.0
47.91999816894531,56.68000030517578,6391.0
47.959999084472656,56.79999923706055,6392.0
48.0,216.75999450683597,6393.0
48.0,216.6000061035156,6394.0
48.040000915527344,57.040000915527344,6395.0
47.68000030517578,216.6000061035156,6396.0
47.63999938964844,216.27999877929688,6397.0
48.119998931884766,79.4800033569336,6398.0
48.15999984741211,57.84000015258789,6399.0
47.7599983215332,78.36000061035156,6400.0
48.20000076293945,70.5999984741211,6401.0
46.84000015258789,78.5199966430664,6402.0
45.59999847412109,49.720001220703125,6403.0
44.880001068115234,239.9600067138672,6404.0
44.63999938964844,51.52000045776367,6405.0
45.31999969482422,51.27999877929688,6406.0
45.040000915527344,56.27999877929688,6407.0
45.63999938964844,218.72000122070312,6408.0
45.36000061035156,216.55999755859372,6409.0
46.63999938964844,216.8000030517578,6410.0
46.400001525878906,215.75999450683597,6411.0
47.15999984741211,217.9199981689453,6412.0
47.27999877929688,47.91999816894531,6413.0
46.63999938964844,215.27999877929688,6414.0
45.59999847412109,48.84000015258789,6415.0
46.7599983215332,72.87999725341797,6416.0
47.91999816894531,217.0399932861328,6417.0
48.040000915527344,47.959999084472656,6418.0
47.720001220703125,217.2400054931641,6419.0
47.91999816894531,215.9600067138672,6420.0
47.91999816894531,216.6000061035156,6421.0
47.400001525878906,216.44000244140625,6422.0
47.68000030517578,47.79999923706055,6423.0
46.84000015258789,79.19999694824219,6424.0
47.68000030517578,47.560001373291016,6425.0
47.59999847412109,52.08000183105469,6426.0
47.59999847412109,47.2400016784668,6427.0
48.0,215.83999633789065,6428.0
47.720001220703125,217.2400054931641,6429.0
47.79999923706055,216.72000122070312,6430.0
47.52000045776367,217.6000061035156,6431.0
47.79999923706055,48.43999862670898,6432.0
47.400001525878906,217.5200042724609,6433.0
47.59999847412109,47.880001068115234,6434.0
48.0,217.1999969482422,6435.0
47.79999923706055,47.63999938964844,6436.0
48.20000076293945,216.0800018310547,6437.0
47.84000015258789,47.880001068115234,6438.0
47.880001068115234,216.6000061035156,6439.0
47.84000015258789,216.47999572753903,6440.0
48.040000915527344,53.400001525878906,6441.0
48.040000915527344,215.16000366210935,6442.0
47.84000015258789,217.2400054931641,6443.0
47.52000045776367,216.2400054931641,6444.0
47.59999847412109,216.2400054931641,6445.0
47.31999969482422,216.83999633789065,6446.0
47.59999847412109,216.3999938964844,6447.0
47.52000045776367,52.52000045776367,6448.0
47.560001373291016,47.959999084472656,6449.0
47.400001525878906,47.400001525878906,6450.0
47.63999938964844,215.63999938964844,6451.0
47.31999969482422,214.55999755859372,6452.0
47.59999847412109,56.08000183105469,6453.0
47.400001525878906,215.83999633789065,6454.0
47.79999923706055,78.95999908447266,6455.0
47.63999938964844,216.67999267578125,6456.0
47.59999847412109,216.8800048828125,6457.0
47.91999816894531,214.9199981689453,6458.0
47.63999938964844,216.9600067138672,6459.0
47.79999923706055,216.32000732421875,6460.0
47.119998931884766,217.0800018310547,6461.0
47.400001525878906,217.63999938964844,6462.0
46.91999816894531,217.72000122070312,6463.0
45.36000061035156,216.9600067138672,6464.0
45.63999938964844,47.79999923706055,6465.0
47.720001220703125,217.63999938964844,6466.0
48.400001525878906,216.72000122070312,6467.0
48.040000915527344,216.9199981689453,6468.0
48.400001525878906,216.3999938964844,6469.0
47.43999862670898,216.6000061035156,6470.0
49.47999954223633,216.3999938964844,6471.0
47.68000030517578,55.47999954223633,6472.0
48.880001068115234,69.4800033569336,6473.0
47.959999084472656,68.95999908447266,6474.0
48.15999984741211,70.23999786376953,6475.0
47.880001068115234,218.0800018310547,6476.0
47.91999816894531,56.959999084472656,6477.0
47.959999084472656,56.79999923706055,6478.0
47.63999938964844,216.0800018310547,6479.0
47.63999938964844,216.3999938964844,6480.0
47.400001525878906,52.36000061035156,6481.0
46.84000015258789,216.55999755859372,6482.0
46.959999084472656,217.16000366210935,6483.0
47.47999954223633,216.44000244140625,6484.0
47.63999938964844,215.8000030517578,6485.0
48.040000915527344,216.75999450683597,6486.0
48.0,216.0800018310547,6487.0
48.2400016784668,217.3999938964844,6488.0
48.040000915527344,216.5200042724609,6489.0
47.08000183105469,216.63999938964844,6490.0
46.2400016784668,216.75999450683597,6491.0
47.79999923706055,216.72000122070312,6492.0
47.08000183105469,216.67999267578125,6493.0
48.0,48.91999816894531,6494.0
48.52000045776367,48.68000030517578,6495.0
47.959999084472656,49.400001525878906,6496.0
48.43999862670898,48.59999847412109,6497.0
48.400001525878906,84.76000213623047,6498.0
48.08000183105469,215.32000732421875,6499.0
47.7599983215332,215.27999877929688,6500.0
47.68000030517578,215.0800018310547,6501.0
47.84000015258789,216.1999969482422,6502.0
48.15999984741211,216.16000366210935,6503.0
48.040000915527344,216.0800018310547,6504.0
48.15999984741211,216.44000244140625,6505.0
48.7599983215332,216.9199981689453,6506.0
48.59999847412109,216.3600006103516,6507.0
48.43999862670898,215.9199981689453,6508.0
48.20000076293945,215.32000732421875,6509.0
48.720001220703125,214.44000244140625,6510.0
48.400001525878906,215.63999938964844,6511.0
48.43999862670898,216.55999755859372,6512.0
48.36000061035156,57.63999938964844,6513.0
48.43999862670898,216.63999938964844,6514.0
47.84000015258789,215.63999938964844,6515.0
48.20000076293945,215.9199981689453,6516.0
48.47999954223633,214.16000366210935,6517.0
47.91999816894531,215.1199951171875,6518.0
48.43999862670898,215.16000366210935,6519.0
47.7599983215332,52.20000076293945,6520.0
48.20000076293945,52.79999923706055,6521.0
48.91999816894531,211.8800048828125,6522.0
47.79999923706055,52.27999877929688,6523.0
48.52000045776367,78.72000122070312,6524.0
48.27999877929688,52.31999969482422,6525.0
48.20000076293945,211.67999267578125,6526.0
48.560001373291016,51.68000030517578,6527.0
48.15999984741211,81.19999694824219,6528.0
48.15999984741211,213.1999969482422,6529.0
48.08000183105469,81.68000030517578,6530.0
48.040000915527344,49.36000061035156,6531.0
48.36000061035156,50.36000061035156,6532.0
48.36000061035156,77.27999877929688,6533.0
48.2400016784668,56.31999969482422,6534.0
47.7599983215332,48.7599983215332,6535.0
47.43999862670898,82.12000274658203,6536.0
47.52000045776367,49.040000915527344,6537.0
47.63999938964844,82.31999969482422,6538.0
48.119998931884766,81.80000305175781,6539.0
48.400001525878906,215.8000030517578,6540.0
48.52000045776367,216.0399932861328,6541.0
48.59999847412109,215.8000030517578,6542.0
48.36000061035156,51.0,6543.0
49.63999938964844,52.400001525878906,6544.0
48.59999847412109,50.040000915527344,6545.0
48.43999862670898,56.36000061035156,6546.0
48.7599983215332,219.1999969482422,6547.0
48.36000061035156,51.79999923706055,6548.0
48.15999984741211,50.68000030517578,6549.0
49.720001220703125,218.32000732421875,6550.0
48.36000061035156,50.79999923706055,6551.0
49.52000045776367,214.67999267578125,6552.0
49.08000183105469,51.59999847412109,6553.0
49.400001525878906,107.91999816894533,6554.0
49.040000915527344,51.91999816894531,6555.0
49.36000061035156,52.91999816894531,6556.0
46.68000030517578,51.880001068115234,6557.0
49.68000030517578,53.560001373291016,6558.0
47.040000915527344,212.32000732421875,6559.0
48.720001220703125,212.55999755859372,6560.0
48.43999862670898,212.1199951171875,6561.0
48.15999984741211,81.04000091552734,6562.0
47.79999923706055,47.959999084472656,6563.0
47.15999984741211,50.31999969482422,6564.0
46.959999084472656,136.47999572753906,6565.0
46.720001220703125,136.83999633789062,6566.0
47.43999862670898,47.91999816894531,6567.0
46.36000061035156,53.0,6568.0
46.47999954223633,48.20000076293945,6569.0
46.560001373291016,216.75999450683597,6570.0
46.2400016784668,216.67999267578125,6571.0
46.720001220703125,216.47999572753903,6572.0
46.31999969482422,215.83999633789065,6573.0
46.560001373291016,53.91999816894531,6574.0
46.880001068115234,48.59999847412109,6575.0
46.119998931884766,51.91999816894531,6576.0
47.36000061035156,50.20000076293945,6577.0
47.43999862670898,217.3999938964844,6578.0
47.119998931884766,47.47999954223633,6579.0
46.63999938964844,50.52000045776367,6580.0
46.7599983215332,47.08000183105469,6581.0
46.79999923706055,49.959999084472656,6582.0
47.27999877929688,50.27999877929688,6583.0
48.68000030517578,48.7599983215332,6584.0
47.08000183105469,216.5200042724609,6585.0
48.20000076293945,215.83999633789065,6586.0
49.0,216.3600006103516,6587.0
50.0,214.9199981689453,6588.0
49.7599983215332,219.27999877929688,6589.0
47.08000183105469,53.08000183105469,6590.0
48.52000045776367,52.79999923706055,6591.0
47.720001220703125,52.79999923706055,6592.0
48.52000045776367,52.560001373291016,6593.0
47.119998931884766,52.63999938964844,6594.0
46.68000030517578,51.91999816894531,6595.0
47.0,49.15999984741211,6596.0
48.27999877929688,50.84000015258789,6597.0
47.08000183105469,211.83999633789065,6598.0
47.08000183105469,53.040000915527344,6599.0
47.400001525878906,48.59999847412109,6600.0
47.2400016784668,52.20000076293945,6601.0
46.91999816894531,51.0,6602.0
47.59999847412109,52.31999969482422,6603.0
46.68000030517578,50.959999084472656,6604.0
47.560001373291016,52.52000045776367,6605.0
47.15999984741211,51.0,6606.0
47.84000015258789,52.880001068115234,6607.0
47.31999969482422,52.040000915527344,6608.0
46.720001220703125,53.36000061035156,6609.0
46.91999816894531,52.400001525878906,6610.0
47.08000183105469,52.040000915527344,6611.0
47.560001373291016,51.31999969482422,6612.0
47.63999938964844,52.08000183105469,6613.0
49.560001373291016,50.52000045776367,6614.0
48.720001220703125,51.91999816894531,6615.0
48.91999816894531,51.040000915527344,6616.0
47.63999938964844,51.20000076293945,6617.0
46.79999923706055,53.0,6618.0
47.52000045776367,52.68000030517578,6619.0
48.7599983215332,52.040000915527344,6620.0
47.91999816894531,53.0,6621.0
49.2400016784668,53.560001373291016,6622.0
48.52000045776367,217.3999938964844,6623.0
49.040000915527344,216.83999633789065,6624.0
47.7599983215332,217.2400054931641,6625.0
48.2400016784668,217.55999755859372,6626.0
210.1199951171875,220.32000732421875,6627.0
48.84000015258789,66.76000213623047,6628.0
48.880001068115234,221.55999755859372,6629.0
48.68000030517578,66.80000305175781,6630.0
48.63999938964844,93.16000366210938,6631.0
48.08000183105469,221.83999633789065,6632.0
48.040000915527344,68.08000183105469,6633.0
48.2400016784668,50.47999954223633,6634.0
45.47999954223633,72.44000244140625,6635.0
48.880001068115234,93.5199966430664,6636.0
48.08000183105469,217.2400054931641,6637.0
48.84000015258789,216.0800018310547,6638.0
49.0,221.47999572753903,6639.0
48.720001220703125,221.3999938964844,6640.0
48.880001068115234,50.68000030517578,6641.0
49.040000915527344,216.5200042724609,6642.0
48.43999862670898,51.08000183105469,6643.0
49.119998931884766,71.63999938964844,6644.0
48.400001525878906,73.87999725341797,6645.0
48.27999877929688,75.4800033569336,6646.0
48.43999862670898,69.36000061035156,6647.0
47.43999862670898,56.20000076293945,6648.0
48.20000076293945,56.43999862670898,6649.0
48.560001373291016,56.63999938964844,6650.0
48.36000061035156,57.43999862670898,6651.0
48.91999816894531,57.27999877929688,6652.0
48.119998931884766,51.959999084472656,6653.0
48.20000076293945,51.59999847412109,6654.0
48.84000015258789,52.560001373291016,6655.0
48.68000030517578,51.2400016784668,6656.0
49.15999984741211,52.0,6657.0
48.79999923706055,217.75999450683597,6658.0
48.2400016784668,52.959999084472656,6659.0
48.27999877929688,217.1999969482422,6660.0
48.47999954223633,216.1999969482422,6661.0
48.68000030517578,216.8800048828125,6662.0
48.720001220703125,216.0800018310547,6663.0
48.560001373291016,49.560001373291016,6664.0
48.79999923706055,54.52000045776367,6665.0
48.59999847412109,78.76000213623047,6666.0
49.119998931884766,216.1199951171875,6667.0
48.47999954223633,54.20000076293945,6668.0
48.47999954223633,78.5999984741211,6669.0
48.91999816894531,79.31999969482422,6670.0
48.27999877929688,56.720001220703125,6671.0
48.47999954223633,57.040000915527344,6672.0
48.27999877929688,56.47999954223633,6673.0
48.47999954223633,56.720001220703125,6674.0
48.27999877929688,214.2400054931641,6675.0
48.52000045776367,52.84000015258789,6676.0
48.52000045776367,52.560001373291016,6677.0
49.15999984741211,213.9600067138672,6678.0
48.68000030517578,52.7599983215332,6679.0
48.959999084472656,52.040000915527344,6680.0
48.880001068115234,214.47999572753903,6681.0
48.84000015258789,56.68000030517578,6682.0
48.7599983215332,215.6000061035156,6683.0
49.0,56.43999862670898,6684.0
47.59999847412109,56.08000183105469,6685.0
48.59999847412109,50.15999984741211,6686.0
47.68000030517578,55.68000030517578,6687.0
48.880001068115234,50.68000030517578,6688.0
48.2400016784668,52.119998931884766,6689.0
48.59999847412109,56.52000045776367,6690.0
48.08000183105469,73.4000015258789,6691.0
48.63999938964844,50.27999877929688,6692.0
46.84000015258789,51.15999984741211,6693.0
48.720001220703125,218.5200042724609,6694.0
48.720001220703125,50.31999969482422,6695.0
48.91999816894531,51.59999847412109,6696.0
49.400001525878906,219.27999877929688,6697.0
49.20000076293945,222.32000732421875,6698.0
49.20000076293945,76.23999786376953,6699.0
48.880001068115234,74.5199966430664,6700.0
49.040000915527344,76.72000122070312,6701.0
49.119998931884766,71.63999938964844,6702.0
48.880001068115234,75.95999908447266,6703.0
49.20000076293945,75.87999725341797,6704.0
48.959999084472656,54.15999984741211,6705.0
49.43999862670898,76.68000030517578,6706.0
49.52000045776367,76.23999786376953,6707.0
49.31999969482422,71.44000244140625,6708.0
49.720001220703125,75.55999755859375,6709.0
49.36000061035156,213.2400054931641,6710.0
49.400001525878906,76.19999694824219,6711.0
49.040000915527344,70.95999908447266,6712.0
48.63999938964844,75.44000244140625,6713.0
48.91999816894531,78.63999938964844,6714.0
48.63999938964844,214.55999755859372,6715.0
48.47999954223633,52.27999877929688,6716.0
48.7599983215332,56.43999862670898,6717.0
48.59999847412109,53.20000076293945,6718.0
48.880001068115234,50.400001525878906,6719.0
48.36000061035156,53.47999954223633,6720.0
48.59999847412109,77.87999725341797,6721.0
48.880001068115234,53.68000030517578,6722.0
48.400001525878906,79.87999725341797,6723.0
48.84000015258789,77.19999694824219,6724.0
48.52000045776367,56.43999862670898,6725.0
48.560001373291016,239.9600067138672,6726.0
48.63999938964844,76.27999877929688,6727.0
48.84000015258789,57.68000030517578,6728.0
48.47999954223633,76.5199966430664,6729.0
48.880001068115234,56.63999938964844,6730.0
48.27999877929688,215.75999450683597,6731.0
48.20000076293945,216.8800048828125,6732.0
48.27999877929688,216.44000244140625,6733.0
48.59999847412109,74.31999969482422,6734.0
48.79999923706055,216.3600006103516,6735.0
48.7599983215332,217.3999938964844,6736.0
48.7599983215332,74.31999969482422,6737.0
48.68000030517578,216.55999755859372,6738.0
49.0,73.72000122070312,6739.0
48.68000030517578,217.16000366210935,6740.0
49.400001525878906,216.55999755859372,6741.0
48.79999923706055,73.55999755859375,6742.0
49.08000183105469,74.68000030517578,6743.0
48.959999084472656,74.04000091552734,6744.0
48.7599983215332,74.04000091552734,6745.0
48.79999923706055,73.87999725341797,6746.0
49.0,74.19999694824219,6747.0
49.08000183105469,73.63999938964844,6748.0
49.0,73.19999694824219,6749.0
49.0,74.63999938964844,6750.0
49.0,217.2400054931641,6751.0
48.15999984741211,52.040000915527344,6752.0
48.7599983215332,55.720001220703125,6753.0
48.20000076293945,51.59999847412109,6754.0
49.040000915527344,56.15999984741211,6755.0
47.880001068115234,55.720001220703125,6756.0
48.84000015258789,56.47999954223633,6757.0
49.0,217.32000732421875,6758.0
49.20000076293945,54.15999984741211,6759.0
48.7599983215332,217.6000061035156,6760.0
48.36000061035156,52.43999862670898,6761.0
45.15999984741211,51.59999847412109,6762.0
45.959999084472656,52.91999816894531,6763.0
47.720001220703125,52.63999938964844,6764.0
47.91999816894531,52.08000183105469,6765.0
47.91999816894531,52.20000076293945,6766.0
47.7599983215332,51.59999847412109,6767.0
47.91999816894531,52.2400016784668,6768.0
48.20000076293945,52.27999877929688,6769.0
47.720001220703125,52.31999969482422,6770.0
47.880001068115234,52.040000915527344,6771.0
48.31999969482422,51.0,6772.0
49.040000915527344,51.880001068115234,6773.0
49.0,51.880001068115234,6774.0
49.20000076293945,50.52000045776367,6775.0
48.79999923706055,49.91999816894531,6776.0
48.959999084472656,50.27999877929688,6777.0
48.400001525878906,51.91999816894531,6778.0
48.720001220703125,52.84000015258789,6779.0
48.7599983215332,52.84000015258789,6780.0
48.7599983215332,52.63999938964844,6781.0
48.959999084472656,53.15999984741211,6782.0
49.2400016784668,53.27999877929688,6783.0
49.0,54.43999862670898,6784.0
49.84000015258789,52.68000030517578,6785.0
48.91999816894531,52.43999862670898,6786.0
49.59999847412109,53.7599983215332,6787.0
49.560001373291016,216.27999877929688,6788.0
49.400001525878906,54.15999984741211,6789.0
48.880001068115234,75.23999786376953,6790.0
49.63999938964844,53.040000915527344,6791.0
48.79999923706055,52.84000015258789,6792.0
49.0,51.20000076293945,6793.0
48.31999969482422,239.9600067138672,6794.0
48.43999862670898,239.9600067138672,6795.0
48.68000030517578,49.08000183105469,6796.0
48.7599983215332,49.20000076293945,6797.0
48.0,51.2400016784668,6798.0
48.47999954223633,213.16000366210935,6799.0
48.7599983215332,50.47999954223633,6800.0
48.7599983215332,213.27999877929688,6801.0
48.79999923706055,214.16000366210935,6802.0
48.63999938964844,213.0,6803.0
48.91999816894531,71.87999725341797,6804.0
49.040000915527344,54.31999969482422,6805.0
48.31999969482422,51.68000030517578,6806.0
49.63999938964844,52.84000015258789,6807.0
47.720001220703125,50.7599983215332,6808.0
49.36000061035156,52.880001068115234,6809.0
48.040000915527344,48.560001373291016,6810.0
48.880001068115234,213.63999938964844,6811.0
48.880001068115234,215.0800018310547,6812.0
48.68000030517578,213.44000244140625,6813.0
48.959999084472656,71.36000061035156,6814.0
48.43999862670898,213.47999572753903,6815.0
48.040000915527344,212.8800048828125,6816.0
47.880001068115234,52.08000183105469,6817.0
48.15999984741211,212.9600067138672,6818.0
47.68000030517578,50.43999862670898,6819.0
48.08000183105469,50.36000061035156,6820.0
47.91999816894531,50.68000030517578,6821.0
48.63999938964844,50.959999084472656,6822.0
49.15999984741211,50.91999816894531,6823.0
48.68000030517578,70.80000305175781,6824.0
48.68000030517578,50.63999938964844,6825.0
47.68000030517578,49.84000015258789,6826.0
48.43999862670898,50.47999954223633,6827.0
49.15999984741211,50.31999969482422,6828.0
48.43999862670898,50.79999923706055,6829.0
49.47999954223633,50.400001525878906,6830.0
48.08000183105469,213.8800048828125,6831.0
48.68000030517578,49.959999084472656,6832.0
47.59999847412109,49.7599983215332,6833.0
47.91999816894531,216.5200042724609,6834.0
48.15999984741211,50.84000015258789,6835.0
47.720001220703125,217.8000030517578,6836.0
47.959999084472656,229.0399932861328,6837.0
47.720001220703125,51.040000915527344,6838.0
48.84000015258789,216.8000030517578,6839.0
49.119998931884766,214.6000061035156,6840.0
49.31999969482422,69.55999755859375,6841.0
49.31999969482422,214.47999572753903,6842.0
49.040000915527344,217.1999969482422,6843.0
49.15999984741211,89.0,6844.0
48.79999923706055,51.91999816894531,6845.0
49.119998931884766,217.72000122070312,6846.0
48.400001525878906,50.20000076293945,6847.0
48.20000076293945,214.8800048828125,6848.0
48.31999969482422,214.0,6849.0
48.2400016784668,213.9600067138672,6850.0
48.43999862670898,214.72000122070312,6851.0
48.36000061035156,212.3600006103516,6852.0
48.31999969482422,214.3600006103516,6853.0
48.560001373291016,212.3600006103516,6854.0
48.2400016784668,71.55999755859375,6855.0
48.68000030517578,213.47999572753903,6856.0
48.15999984741211,220.2400054931641,6857.0
48.47999954223633,222.8000030517578,6858.0
48.119998931884766,222.6000061035156,6859.0
48.2400016784668,82.36000061035156,6860.0
48.47999954223633,222.3600006103516,6861.0
48.040000915527344,221.72000122070312,6862.0
48.52000045776367,65.44000244140625,6863.0
48.43999862670898,221.3999938964844,6864.0
48.040000915527344,221.27999877929688,6865.0
48.560001373291016,221.3999938964844,6866.0
47.91999816894531,221.72000122070312,6867.0
48.36000061035156,221.16000366210935,6868.0
48.43999862670898,221.16000366210935,6869.0
48.31999969482422,221.3999938964844,6870.0
48.36000061035156,221.3999938964844,6871.0
48.119998931884766,221.32000732421875,6872.0
48.20000076293945,220.72000122070312,6873.0
48.36000061035156,221.1199951171875,6874.0
47.63999938964844,220.9600067138672,6875.0
48.52000045776367,220.67999267578125,6876.0
49.040000915527344,221.1199951171875,6877.0
48.15999984741211,220.0399932861328,6878.0
49.720001220703125,221.1999969482422,6879.0
48.400001525878906,65.0,6880.0
49.59999847412109,65.23999786376953,6881.0
48.31999969482422,66.55999755859375,6882.0
49.15999984741211,49.720001220703125,6883.0
48.36000061035156,210.8000030517578,6884.0
48.91999816894531,65.95999908447266,6885.0
48.560001373291016,65.16000366210938,6886.0
48.040000915527344,64.19999694824219,6887.0
49.31999969482422,67.76000213623047,6888.0
48.79999923706055,68.72000122070312,6889.0
48.7599983215332,68.0,6890.0
48.47999954223633,68.87999725341797,6891.0
48.560001373291016,212.44000244140625,6892.0
48.36000061035156,68.27999877929688,6893.0
48.63999938964844,68.31999969482422,6894.0
49.20000076293945,66.4800033569336,6895.0
48.720001220703125,68.44000244140625,6896.0
49.560001373291016,66.5199966430664,6897.0
48.91999816894531,68.5999984741211,6898.0
49.400001525878906,66.95999908447266,6899.0
49.59999847412109,224.16000366210935,6900.0
49.52000045776367,71.12000274658203,6901.0
49.52000045776367,69.63999938964844,6902.0
49.2400016784668,71.55999755859375,6903.0
49.119998931884766,71.55999755859375,6904.0
49.400001525878906,71.0,6905.0
49.08000183105469,73.55999755859375,6906.0
49.31999969482422,68.44000244140625,6907.0
48.7599983215332,66.36000061035156,6908.0
49.31999969482422,221.8800048828125,6909.0
48.7599983215332,223.2400054931641,6910.0
49.08000183105469,222.1999969482422,6911.0
48.31999969482422,69.5199966430664,6912.0
48.36000061035156,73.36000061035156,6913.0
48.400001525878906,51.36000061035156,6914.0
48.36000061035156,73.04000091552734,6915.0
48.040000915527344,50.959999084472656,6916.0
48.400001525878906,51.36000061035156,6917.0
48.040000915527344,213.32000732421875,6918.0
48.400001525878906,52.720001220703125,6919.0
48.119998931884766,214.75999450683597,6920.0
47.84000015258789,73.55999755859375,6921.0
48.08000183105469,214.63999938964844,6922.0
47.880001068115234,215.32000732421875,6923.0
47.959999084472656,216.3600006103516,6924.0
47.91999816894531,217.0399932861328,6925.0
48.119998931884766,216.5200042724609,6926.0
48.880001068115234,216.6000061035156,6927.0
49.63999938964844,216.6000061035156,6928.0
50.31999969482422,216.9199981689453,6929.0
49.959999084472656,216.75999450683597,6930.0
38.880001068115234,50.400001525878906,6931.0
49.68000030517578,216.63999938964844,6932.0
48.040000915527344,48.68000030517578,6933.0
49.31999969482422,216.44000244140625,6934.0
48.20000076293945,50.560001373291016,6935.0
48.040000915527344,216.3999938964844,6936.0
48.040000915527344,215.72000122070312,6937.0
48.15999984741211,215.5200042724609,6938.0
47.91999816894531,215.1199951171875,6939.0
47.91999816894531,214.27999877929688,6940.0
47.91999816894531,214.6000061035156,6941.0
48.2400016784668,214.1199951171875,6942.0
47.720001220703125,215.5200042724609,6943.0
48.560001373291016,215.1999969482422,6944.0
47.91999816894531,216.32000732421875,6945.0
48.040000915527344,216.44000244140625,6946.0
47.91999816894531,50.20000076293945,6947.0
48.15999984741211,50.880001068115234,6948.0
47.880001068115234,50.68000030517578,6949.0
47.880001068115234,52.400001525878906,6950.0
217.0399932861328,53.52000045776367,6951.0
46.959999084472656,49.560001373291016,6952.0
48.720001220703125,55.84000015258789,6953.0
46.880001068115234,50.63999938964844,6954.0
48.43999862670898,215.55999755859372,6955.0
48.91999816894531,52.040000915527344,6956.0
48.59999847412109,214.9199981689453,6957.0
48.91999816894531,51.59999847412109,6958.0
49.08000183105469,51.15999984741211,6959.0
48.47999954223633,51.119998931884766,6960.0
48.27999877929688,51.31999969482422,6961.0
49.0,50.400001525878906,6962.0
49.040000915527344,49.79999923706055,6963.0
95.5999984741211,110.76000213623048,6964.0
48.91999816894531,54.560001373291016,6965.0
47.720001220703125,96.0,6966.0
48.560001373291016,234.9600067138672,6967.0
47.720001220703125,236.2400054931641,6968.0
47.2400016784668,110.83999633789062,6969.0
48.68000030517578,237.5200042724609,6970.0
216.6000061035156,235.9199981689453,6971.0
48.560001373291016,236.0800018310547,6972.0
216.55999755859372,235.9199981689453,6973.0
49.08000183105469,236.0800018310547,6974.0
48.959999084472656,236.1999969482422,6975.0
49.2400016784668,235.9199981689453,6976.0
49.08000183105469,236.6000061035156,6977.0
48.31999969482422,236.72000122070312,6978.0
49.040000915527344,55.47999954223633,6979.0
214.67999267578125,53.68000030517578,6980.0
214.44000244140625,98.31999969482422,6981.0
48.84000015258789,53.63999938964844,6982.0
48.68000030517578,217.44000244140625,6983.0
48.68000030517578,53.7599983215332,6984.0
48.63999938964844,217.2400054931641,6985.0
48.52000045776367,109.91999816894533,6986.0
48.31999969482422,54.0,6987.0
48.040000915527344,216.8000030517578,6988.0
48.27999877929688,53.59999847412109,6989.0
48.15999984741211,53.52000045776367,6990.0
48.08000183105469,216.6000061035156,6991.0
48.59999847412109,217.32000732421875,6992.0
48.52000045776367,216.67999267578125,6993.0
48.36000061035156,216.9199981689453,6994.0
48.36000061035156,216.55999755859372,6995.0
48.52000045776367,53.119998931884766,6996.0
48.36000061035156,215.16000366210935,6997.0
47.7599983215332,109.0,6998.0
48.91999816894531,53.119998931884766,6999.0
47.91999816894531,52.84000015258789,7000.0
48.36000061035156,52.959999084472656,7001.0
48.68000030517578,52.52000045776367,7002.0
48.31999969482422,51.91999816894531,7003.0
48.63999938964844,52.040000915527344,7004.0
48.47999954223633,51.43999862670898,7005.0
48.52000045776367,52.560001373291016,7006.0
48.27999877929688,50.52000045776367,7007.0
48.59999847412109,52.0,7008.0
48.52000045776367,51.79999923706055,7009.0
48.43999862670898,51.91999816894531,7010.0
48.560001373291016,49.7599983215332,7011.0
49.0,51.400001525878906,7012.0
48.7599983215332,50.84000015258789,7013.0
48.7599983215332,52.59999847412109,7014.0
48.400001525878906,51.63999938964844,7015.0
48.59999847412109,221.8000030517578,7016.0
47.720001220703125,74.31999969482422,7017.0
47.43999862670898,109.23999786376952,7018.0
48.68000030517578,51.119998931884766,7019.0
36.08000183105469,49.0,7020.0
48.560001373291016,50.52000045776367,7021.0
48.959999084472656,50.08000183105469,7022.0
48.36000061035156,217.47999572753903,7023.0
48.7599983215332,50.43999862670898,7024.0
48.36000061035156,218.0399932861328,7025.0
48.720001220703125,50.27999877929688,7026.0
48.47999954223633,217.75999450683597,7027.0
48.79999923706055,49.63999938964844,7028.0
48.52000045776367,217.3999938964844,7029.0
48.68000030517578,217.8000030517578,7030.0
49.119998931884766,217.2400054931641,7031.0
48.720001220703125,49.08000183105469,7032.0
48.959999084472656,217.72000122070312,7033.0
48.959999084472656,52.36000061035156,7034.0
48.720001220703125,217.44000244140625,7035.0
48.91999816894531,217.44000244140625,7036.0
48.79999923706055,52.2400016784668,7037.0
48.84000015258789,52.560001373291016,7038.0
48.91999816894531,53.0,7039.0
49.040000915527344,216.8000030517578,7040.0
48.400001525878906,216.9199981689453,7041.0
49.08000183105469,49.43999862670898,7042.0
48.959999084472656,216.3600006103516,7043.0
48.68000030517578,49.47999954223633,7044.0
48.560001373291016,214.9600067138672,7045.0
48.68000030517578,51.63999938964844,7046.0
48.52000045776367,49.7599983215332,7047.0
48.84000015258789,49.0,7048.0
48.68000030517578,49.15999984741211,7049.0
48.84000015258789,49.84000015258789,7050.0
48.400001525878906,49.119998931884766,7051.0
48.36000061035156,49.2400016784668,7052.0
48.52000045776367,49.36000061035156,7053.0
47.959999084472656,50.08000183105469,7054.0
48.560001373291016,49.91999816894531,7055.0
48.040000915527344,216.9199981689453,7056.0
48.79999923706055,50.27999877929688,7057.0
48.27999877929688,49.63999938964844,7058.0
48.400001525878906,216.83999633789065,7059.0
48.36000061035156,49.47999954223633,7060.0
48.20000076293945,217.0,7061.0
48.36000061035156,49.400001525878906,7062.0
48.31999969482422,216.8000030517578,7063.0
48.560001373291016,216.83999633789065,7064.0
48.560001373291016,217.16000366210935,7065.0
49.08000183105469,216.83999633789065,7066.0
35.63999938964844,49.59999847412109,7067.0
48.52000045776367,217.44000244140625,7068.0
48.68000030517578,50.52000045776367,7069.0
48.63999938964844,49.720001220703125,7070.0
48.52000045776367,217.1199951171875,7071.0
48.15999984741211,49.7599983215332,7072.0
48.959999084472656,49.47999954223633,7073.0
48.43999862670898,214.9199981689453,7074.0
48.7599983215332,215.16000366210935,7075.0
49.08000183105469,49.43999862670898,7076.0
48.68000030517578,215.0,7077.0
48.119998931884766,214.67999267578125,7078.0
48.08000183105469,56.36000061035156,7079.0
47.36000061035156,215.72000122070312,7080.0
47.68000030517578,215.1199951171875,7081.0
47.59999847412109,215.83999633789065,7082.0
47.959999084472656,215.83999633789065,7083.0
48.119998931884766,215.5200042724609,7084.0
48.720001220703125,216.0800018310547,7085.0
48.68000030517578,51.0,7086.0
49.0,52.560001373291016,7087.0
48.43999862670898,52.7599983215332,7088.0
48.040000915527344,52.27999877929688,7089.0
48.7599983215332,50.68000030517578,7090.0
46.27999877929688,51.0,7091.0
46.43999862670898,50.84000015258789,7092.0
46.43999862670898,46.59999847412109,7093.0
47.63999938964844,50.7599983215332,7094.0
47.400001525878906,51.31999969482422,7095.0
49.119998931884766,52.959999084472656,7096.0
48.84000015258789,53.68000030517578,7097.0
49.20000076293945,53.560001373291016,7098.0
49.2400016784668,52.2400016784668,7099.0
48.720001220703125,50.959999084472656,7100.0
49.0,49.63999938964844,7101.0
47.91999816894531,214.8000030517578,7102.0
48.2400016784668,215.0399932861328,7103.0
48.2400016784668,215.55999755859372,7104.0
48.36000061035156,87.04000091552734,7105.0
48.91999816894531,49.720001220703125,7106.0
47.91999816894531,49.880001068115234,7107.0
48.91999816894531,50.59999847412109,7108.0
47.880001068115234,49.0,7109.0
47.720001220703125,49.36000061035156,7110.0
47.720001220703125,49.20000076293945,7111.0
47.84000015258789,48.84000015258789,7112.0
47.47999954223633,51.040000915527344,7113.0
47.20000076293945,48.79999923706055,7114.0
47.59999847412109,49.15999984741211,7115.0
47.08000183105469,48.7599983215332,7116.0
47.400001525878906,48.84000015258789,7117.0
47.43999862670898,49.15999984741211,7118.0
47.2400016784668,48.36000061035156,7119.0
47.36000061035156,47.63999938964844,7120.0
47.31999969482422,47.959999084472656,7121.0
47.08000183105469,215.9600067138672,7122.0
45.720001220703125,47.959999084472656,7123.0
47.63999938964844,216.44000244140625,7124.0
47.560001373291016,215.9600067138672,7125.0
47.720001220703125,216.83999633789065,7126.0
47.720001220703125,48.43999862670898,7127.0
47.720001220703125,49.040000915527344,7128.0
48.27999877929688,48.43999862670898,7129.0
47.880001068115234,50.119998931884766,7130.0
48.52000045776367,50.08000183105469,7131.0
48.08000183105469,144.39999389648438,7132.0
47.91999816894531,50.63999938964844,7133.0
48.08000183105469,56.63999938964844,7134.0
47.720001220703125,52.040000915527344,7135.0
48.119998931884766,52.79999923706055,7136.0
47.27999877929688,52.560001373291016,7137.0
47.79999923706055,51.47999954223633,7138.0
48.0,216.5200042724609,7139.0
48.720001220703125,215.8800048828125,7140.0
48.47999954223633,216.16000366210935,7141.0
48.880001068115234,146.9600067138672,7142.0
48.31999969482422,71.16000366210938,7143.0
49.2400016784668,50.15999984741211,7144.0
49.36000061035156,50.59999847412109,7145.0
49.27999877929688,53.15999984741211,7146.0
48.91999816894531,51.43999862670898,7147.0
49.560001373291016,53.52000045776367,7148.0
49.119998931884766,51.560001373291016,7149.0
49.15999984741211,217.75999450683597,7150.0
48.68000030517578,50.2400016784668,7151.0
49.15999984741211,217.67999267578125,7152.0
48.880001068115234,69.5199966430664,7153.0
48.36000061035156,70.80000305175781,7154.0
48.400001525878906,216.0800018310547,7155.0
48.2400016784668,216.16000366210935,7156.0
48.08000183105469,216.0399932861328,7157.0
48.560001373291016,215.9199981689453,7158.0
48.84000015258789,216.1199951171875,7159.0
49.040000915527344,215.9600067138672,7160.0
49.2400016784668,216.3600006103516,7161.0
48.68000030517578,216.1199951171875,7162.0
48.880001068115234,216.6000061035156,7163.0
48.880001068115234,49.880001068115234,7164.0
48.43999862670898,216.8800048828125,7165.0
48.91999816894531,49.7599983215332,7166.0
48.52000045776367,216.3600006103516,7167.0
49.119998931884766,216.1999969482422,7168.0
48.47999954223633,216.44000244140625,7169.0
48.91999816894531,215.8800048828125,7170.0
48.08000183105469,216.2400054931641,7171.0
48.0,215.55999755859372,7172.0
47.91999816894531,50.31999969482422,7173.0
47.68000030517578,215.2400054931641,7174.0
47.560001373291016,52.68000030517578,7175.0
47.84000015258789,214.8800048828125,7176.0
48.040000915527344,215.2400054931641,7177.0
48.040000915527344,49.0,7178.0
48.43999862670898,50.36000061035156,7179.0
47.720001220703125,49.400001525878906,7180.0
48.68000030517578,49.91999816894531,7181.0
48.20000076293945,50.47999954223633,7182.0
47.79999923706055,50.119998931884766,7183.0
48.2400016784668,51.47999954223633,7184.0
47.880001068115234,50.08000183105469,7185.0
47.63999938964844,215.2400054931641,7186.0
48.31999969482422,49.52000045776367,7187.0
47.27999877929688,50.47999954223633,7188.0
48.31999969482422,51.08000183105469,7189.0
47.560001373291016,50.43999862670898,7190.0
46.7599983215332,51.08000183105469,7191.0
46.59999847412109,51.08000183105469,7192.0
44.040000915527344,51.15999984741211,7193.0
48.68000030517578,50.7599983215332,7194.0
214.9600067138672,50.84000015258789,7195.0
48.7599983215332,51.31999969482422,7196.0
49.0,50.400001525878906,7197.0
49.08000183105469,51.31999969482422,7198.0
48.720001220703125,50.52000045776367,7199.0
48.880001068115234,50.52000045776367,7200.0
48.720001220703125,50.63999938964844,7201.0
48.560001373291016,50.31999969482422,7202.0
48.84000015258789,50.91999816894531,7203.0
48.08000183105469,50.119998931884766,7204.0
48.720001220703125,51.7599983215332,7205.0
48.040000915527344,84.23999786376953,7206.0
47.79999923706055,84.44000244140625,7207.0
48.560001373291016,84.83999633789062,7208.0
47.959999084472656,50.720001220703125,7209.0
48.880001068115234,85.08000183105469,7210.0
49.040000915527344,84.72000122070312,7211.0
47.7599983215332,50.59999847412109,7212.0
47.400001525878906,51.880001068115234,7213.0
47.59999847412109,51.08000183105469,7214.0
47.59999847412109,51.0,7215.0
47.63999938964844,51.040000915527344,7216.0
47.59999847412109,50.720001220703125,7217.0
47.880001068115234,51.040000915527344,7218.0
47.31999969482422,50.15999984741211,7219.0
47.52000045776367,50.63999938964844,7220.0
47.040000915527344,49.47999954223633,7221.0
48.0,216.55999755859372,7222.0
47.400001525878906,49.720001220703125,7223.0
49.040000915527344,50.36000061035156,7224.0
49.36000061035156,51.08000183105469,7225.0
49.959999084472656,50.91999816894531,7226.0
49.31999969482422,51.2400016784668,7227.0
48.36000061035156,50.959999084472656,7228.0
47.720001220703125,50.36000061035156,7229.0
47.59999847412109,217.0800018310547,7230.0
47.31999969482422,50.040000915527344,7231.0
47.400001525878906,49.63999938964844,7232.0
47.63999938964844,215.8000030517578,7233.0
47.08000183105469,50.68000030517578,7234.0
47.040000915527344,215.8000030517578,7235.0
47.47999954223633,50.720001220703125,7236.0
46.79999923706055,215.5200042724609,7237.0
48.880001068115234,49.959999084472656,7238.0
48.79999923706055,50.36000061035156,7239.0
49.400001525878906,49.880001068115234,7240.0
47.720001220703125,47.560001373291016,7241.0
47.20000076293945,49.560001373291016,7242.0
47.08000183105469,48.52000045776367,7243.0
7.760000228881836,49.08000183105469,7244.0
48.2400016784668,50.720001220703125,7245.0
48.720001220703125,215.32000732421875,7246.0
48.63999938964844,216.5200042724609,7247.0
46.119998931884766,216.32000732421875,7248.0
49.08000183105469,216.32000732421875,7249.0
47.040000915527344,216.5200042724609,7250.0
48.2400016784668,49.63999938964844,7251.0
47.720001220703125,216.5200042724609,7252.0
48.400001525878906,49.47999954223633,7253.0
205.5200042724609,216.5200042724609,7254.0
48.040000915527344,216.3600006103516,7255.0
48.2400016784668,216.3600006103516,7256.0
206.44000244140625,48.27999877929688,7257.0
206.5200042724609,48.720001220703125,7258.0
46.43999862670898,48.52000045776367,7259.0
47.720001220703125,48.91999816894531,7260.0
47.08000183105469,48.68000030517578,7261.0
48.0,49.36000061035156,7262.0
47.31999969482422,48.880001068115234,7263.0
48.2400016784668,49.7599983215332,7264.0
214.16000366210935,221.2400054931641,7265.0
47.59999847412109,221.27999877929688,7266.0
47.59999847412109,49.20000076293945,7267.0
214.32000732421875,220.9199981689453,7268.0
47.36000061035156,49.08000183105469,7269.0
46.7599983215332,49.31999969482422,7270.0
46.08000183105469,50.2400016784668,7271.0
46.79999923706055,49.20000076293945,7272.0
46.08000183105469,50.20000076293945,7273.0
46.52000045776367,49.43999862670898,7274.0
47.08000183105469,50.7599983215332,7275.0
212.9199981689453,49.2400016784668,7276.0
46.7599983215332,50.68000030517578,7277.0
212.9600067138672,49.43999862670898,7278.0
213.0800018310547,50.43999862670898,7279.0
213.16000366210935,49.08000183105469,7280.0
47.400001525878906,49.79999923706055,7281.0
213.72000122070312,48.43999862670898,7282.0
47.720001220703125,49.08000183105469,7283.0
46.720001220703125,50.560001373291016,7284.0
47.720001220703125,50.47999954223633,7285.0
48.560001373291016,50.119998931884766,7286.0
49.63999938964844,50.52000045776367,7287.0
213.83999633789065,50.0,7288.0
49.0,50.27999877929688,7289.0
214.0,50.959999084472656,7290.0
47.720001220703125,50.400001525878906,7291.0
46.43999862670898,50.119998931884766,7292.0
45.52000045776367,51.15999984741211,7293.0
46.119998931884766,51.08000183105469,7294.0
46.63999938964844,50.59999847412109,7295.0
46.36000061035156,50.560001373291016,7296.0
47.560001373291016,49.880001068115234,7297.0
214.44000244140625,50.2400016784668,7298.0
47.43999862670898,50.20000076293945,7299.0
47.720001220703125,49.880001068115234,7300.0
47.68000030517578,49.720001220703125,7301.0
48.560001373291016,50.040000915527344,7302.0
47.2400016784668,49.47999954223633,7303.0
47.720001220703125,48.43999862670898,7304.0
47.400001525878906,50.27999877929688,7305.0
47.720001220703125,49.0,7306.0
48.08000183105469,50.27999877929688,7307.0
47.36000061035156,52.040000915527344,7308.0
47.720001220703125,49.880001068115234,7309.0
47.84000015258789,50.040000915527344,7310.0
214.44000244140625,50.31999969482422,7311.0
48.59999847412109,50.720001220703125,7312.0
49.0,51.36000061035156,7313.0
48.91999816894531,51.08000183105469,7314.0
48.36000061035156,50.20000076293945,7315.0
47.880001068115234,51.52000045776367,7316.0
47.84000015258789,51.27999877929688,7317.0
47.7599983215332,51.7599983215332,7318.0
47.560001373291016,51.880001068115234,7319.0
47.959999084472656,51.27999877929688,7320.0
47.43999862670898,51.27999877929688,7321.0
48.040000915527344,51.880001068115234,7322.0
47.2400016784668,50.720001220703125,7323.0
47.880001068115234,52.880001068115234,7324.0
48.15999984741211,215.9600067138672,7325.0
47.59999847412109,215.8000030517578,7326.0
48.20000076293945,49.63999938964844,7327.0
47.63999938964844,48.2400016784668,7328.0
47.43999862670898,48.7599983215332,7329.0
47.720001220703125,48.91999816894531,7330.0
47.36000061035156,48.27999877929688,7331.0
47.20000076293945,49.36000061035156,7332.0
47.7599983215332,48.68000030517578,7333.0
44.560001373291016,49.36000061035156,7334.0
47.720001220703125,49.15999984741211,7335.0
46.79999923706055,48.68000030517578,7336.0
48.08000183105469,49.959999084472656,7337.0
47.63999938964844,216.3600006103516,7338.0
48.08000183105469,49.52000045776367,7339.0
47.31999969482422,216.3600006103516,7340.0
208.3999938964844,216.44000244140625,7341.0
209.0800018310547,216.44000244140625,7342.0
208.0800018310547,216.44000244140625,7343.0
48.79999923706055,216.44000244140625,7344.0
47.720001220703125,216.3600006103516,7345.0
48.560001373291016,49.36000061035156,7346.0
47.7599983215332,50.040000915527344,7347.0
48.880001068115234,49.7599983215332,7348.0
48.880001068115234,216.27999877929688,7349.0
48.59999847412109,216.3600006103516,7350.0
48.43999862670898,216.3600006103516,7351.0
48.560001373291016,216.1199951171875,7352.0
48.43999862670898,216.0399932861328,7353.0
48.84000015258789,215.72000122070312,7354.0
48.59999847412109,215.6000061035156,7355.0
48.63999938964844,215.32000732421875,7356.0
48.2400016784668,215.55999755859372,7357.0
48.52000045776367,49.59999847412109,7358.0
47.7599983215332,49.59999847412109,7359.0
48.400001525878906,215.44000244140625,7360.0
48.68000030517578,215.75999450683597,7361.0
49.040000915527344,215.9199981689453,7362.0
48.959999084472656,50.27999877929688,7363.0
49.27999877929688,215.6000061035156,7364.0
48.880001068115234,50.0,7365.0
47.52000045776367,50.0,7366.0
47.43999862670898,50.20000076293945,7367.0
47.63999938964844,215.16000366210935,7368.0
47.7599983215332,215.32000732421875,7369.0
47.119998931884766,215.3999938964844,7370.0
47.63999938964844,50.68000030517578,7371.0
46.720001220703125,49.880001068115234,7372.0
48.720001220703125,50.31999969482422,7373.0
48.36000061035156,215.0,7374.0
49.43999862670898,51.47999954223633,7375.0
49.63999938964844,214.6000061035156,7376.0
49.08000183105469,50.36000061035156,7377.0
49.20000076293945,50.52000045776367,7378.0
48.400001525878906,50.119998931884766,7379.0
47.79999923706055,50.08000183105469,7380.0
47.400001525878906,49.84000015258789,7381.0
47.040000915527344,50.15999984741211,7382.0
47.43999862670898,49.880001068115234,7383.0
47.63999938964844,50.040000915527344,7384.0
47.7599983215332,49.959999084472656,7385.0
206.9199981689453,50.0,7386.0
48.68000030517578,49.959999084472656,7387.0
206.6000061035156,49.79999923706055,7388.0
47.7599983215332,49.880001068115234,7389.0
49.119998931884766,49.880001068115234,7390.0
48.400001525878906,49.880001068115234,7391.0
49.15999984741211,50.20000076293945,7392.0
48.08000183105469,49.91999816894531,7393.0
48.84000015258789,49.959999084472656,7394.0
48.79999923706055,49.63999938964844,7395.0
48.52000045776367,49.959999084472656,7396.0
48.08000183105469,49.560001373291016,7397.0
47.720001220703125,48.91999816894531,7398.0
47.59999847412109,49.15999984741211,7399.0
47.720001220703125,48.7599983215332,7400.0
47.2400016784668,48.560001373291016,7401.0
47.59999847412109,216.6000061035156,7402.0
48.47999954223633,48.91999816894531,7403.0
48.36000061035156,49.08000183105469,7404.0
47.959999084472656,48.59999847412109,7405.0
47.63999938964844,49.36000061035156,7406.0
47.79999923706055,49.720001220703125,7407.0
48.08000183105469,49.2400016784668,7408.0
48.0,49.47999954223633,7409.0
48.2400016784668,49.47999954223633,7410.0
47.84000015258789,49.63999938964844,7411.0
47.959999084472656,49.59999847412109,7412.0
47.560001373291016,49.63999938964844,7413.0
47.36000061035156,49.43999862670898,7414.0
47.43999862670898,49.119998931884766,7415.0
46.43999862670898,48.7599983215332,7416.0
47.08000183105469,49.27999877929688,7417.0
47.47999954223633,49.31999969482422,7418.0
47.27999877929688,49.79999923706055,7419.0
47.720001220703125,49.560001373291016,7420.0
48.79999923706055,51.400001525878906,7421.0
48.720001220703125,50.20000076293945,7422.0
49.119998931884766,50.0,7423.0
48.79999923706055,216.27999877929688,7424.0
48.959999084472656,216.9199981689453,7425.0
49.15999984741211,50.20000076293945,7426.0
49.0,50.119998931884766,7427.0
48.36000061035156,217.0800018310547,7428.0
49.2400016784668,49.720001220703125,7429.0
48.68000030517578,216.6000061035156,7430.0
49.31999969482422,49.720001220703125,7431.0
48.52000045776367,49.2400016784668,7432.0
49.27999877929688,50.0,7433.0
33.400001525878906,49.720001220703125,7434.0
49.31999969482422,49.63999938964844,7435.0
49.20000076293945,49.68000030517578,7436.0
49.31999969482422,50.0,7437.0
49.040000915527344,49.959999084472656,7438.0
48.400001525878906,49.400001525878906,7439.0
48.720001220703125,50.959999084472656,7440.0
48.720001220703125,50.79999923706055,7441.0
48.880001068115234,49.720001220703125,7442.0
48.720001220703125,50.84000015258789,7443.0
48.47999954223633,49.79999923706055,7444.0
48.68000030517578,49.79999923706055,7445.0
48.400001525878906,49.47999954223633,7446.0
48.2400016784668,49.63999938964844,7447.0
47.91999816894531,49.400001525878906,7448.0
47.91999816894531,49.119998931884766,7449.0
48.560001373291016,49.27999877929688,7450.0
48.2400016784668,49.040000915527344,7451.0
48.36000061035156,49.79999923706055,7452.0
47.720001220703125,48.91999816894531,7453.0
47.560001373291016,49.52000045776367,7454.0
47.79999923706055,48.84000015258789,7455.0
47.63999938964844,48.84000015258789,7456.0
48.040000915527344,53.400001525878906,7457.0
48.119998931884766,52.2400016784668,7458.0
48.0,51.560001373291016,7459.0
48.31999969482422,51.63999938964844,7460.0
47.720001220703125,51.040000915527344,7461.0
47.720001220703125,49.119998931884766,7462.0
48.08000183105469,51.52000045776367,7463.0
47.720001220703125,48.7599983215332,7464.0
47.560001373291016,216.5200042724609,7465.0
47.720001220703125,51.63999938964844,7466.0
47.400001525878906,50.7599983215332,7467.0
47.52000045776367,50.47999954223633,7468.0
47.560001373291016,50.119998931884766,7469.0
48.040000915527344,50.119998931884766,7470.0
47.63999938964844,48.68000030517578,7471.0
47.720001220703125,48.27999877929688,7472.0
46.79999923706055,48.84000015258789,7473.0
47.720001220703125,50.27999877929688,7474.0
47.720001220703125,48.040000915527344,7475.0
47.2400016784668,49.7599983215332,7476.0
48.36000061035156,48.68000030517578,7477.0
48.68000030517578,48.59999847412109,7478.0
48.84000015258789,49.52000045776367,7479.0
48.31999969482422,48.20000076293945,7480.0
48.560001373291016,49.47999954223633,7481.0
48.47999954223633,49.08000183105469,7482.0
47.720001220703125,49.560001373291016,7483.0
47.119998931884766,50.43999862670898,7484.0
47.720001220703125,50.08000183105469,7485.0
46.47999954223633,211.63999938964844,7486.0
46.43999862670898,51.91999816894531,7487.0
46.0,53.040000915527344,7488.0
45.59999847412109,50.63999938964844,7489.0
46.040000915527344,214.63999938964844,7490.0
45.63999938964844,216.0800018310547,7491.0
46.560001373291016,215.2400054931641,7492.0
46.84000015258789,216.27999877929688,7493.0
47.400001525878906,216.44000244140625,7494.0
47.68000030517578,51.43999862670898,7495.0
47.7599983215332,216.3600006103516,7496.0
46.959999084472656,50.27999877929688,7497.0
48.79999923706055,50.43999862670898,7498.0
47.68000030517578,50.119998931884766,7499.0
47.400001525878906,216.3600006103516,7500.0
47.400001525878906,53.15999984741211,7501.0
48.20000076293945,53.27999877929688,7502.0
47.119998931884766,51.63999938964844,7503.0
48.119998931884766,53.400001525878906,7504.0
49.31999969482422,51.7599983215332,7505.0
212.8800048828125,235.72000122070312,7506.0
211.8800048828125,237.0800018310547,7507.0
214.0,73.31999969482422,7508.0
48.27999877929688,218.32000732421875,7509.0
47.79999923706055,48.31999969482422,7510.0
48.31999969482422,72.72000122070312,7511.0
47.880001068115234,52.91999816894531,7512.0
48.31999969482422,52.20000076293945,7513.0
48.08000183105469,52.959999084472656,7514.0
47.7599983215332,52.0,7515.0
47.959999084472656,52.560001373291016,7516.0
47.720001220703125,51.52000045776367,7517.0
47.720001220703125,49.040000915527344,7518.0
47.400001525878906,50.68000030517578,7519.0
47.720001220703125,49.43999862670898,7520.0
47.880001068115234,49.79999923706055,7521.0
48.68000030517578,73.08000183105469,7522.0
47.91999816894531,50.43999862670898,7523.0
47.720001220703125,51.119998931884766,7524.0
48.27999877929688,49.63999938964844,7525.0
48.400001525878906,51.43999862670898,7526.0
48.68000030517578,50.400001525878906,7527.0
47.68000030517578,51.08000183105469,7528.0
48.7599983215332,50.720001220703125,7529.0
48.59999847412109,51.08000183105469,7530.0
48.36000061035156,51.560001373291016,7531.0
48.400001525878906,51.31999969482422,7532.0
48.2400016784668,52.119998931884766,7533.0
48.15999984741211,52.68000030517578,7534.0
48.47999954223633,52.880001068115234,7535.0
47.7599983215332,52.84000015258789,7536.0
47.880001068115234,52.560001373291016,7537.0
47.43999862670898,52.31999969482422,7538.0
47.720001220703125,51.79999923706055,7539.0
47.31999969482422,52.720001220703125,7540.0
47.400001525878906,51.880001068115234,7541.0
48.040000915527344,52.43999862670898,7542.0
47.27999877929688,52.119998931884766,7543.0
47.119998931884766,235.83999633789065,7544.0
47.36000061035156,51.79999923706055,7545.0
47.720001220703125,52.20000076293945,7546.0
48.31999969482422,52.43999862670898,7547.0
47.84000015258789,72.5999984741211,7548.0
48.08000183105469,72.23999786376953,7549.0
48.959999084472656,215.0,7550.0
47.47999954223633,53.040000915527344,7551.0
49.27999877929688,215.1199951171875,7552.0
47.400001525878906,52.79999923706055,7553.0
47.720001220703125,53.720001220703125,7554.0
47.2400016784668,51.2400016784668,7555.0
47.91999816894531,52.84000015258789,7556.0
47.15999984741211,52.31999969482422,7557.0
47.720001220703125,134.75999450683594,7558.0
48.36000061035156,52.31999969482422,7559.0
48.560001373291016,135.1999969482422,7560.0
47.720001220703125,51.560001373291016,7561.0
48.560001373291016,51.36000061035156,7562.0
47.720001220703125,51.720001220703125,7563.0
48.68000030517578,134.75999450683594,7564.0
49.0,161.72000122070312,7565.0
48.59999847412109,49.79999923706055,7566.0
48.91999816894531,49.91999816894531,7567.0
48.68000030517578,50.31999969482422,7568.0
48.59999847412109,49.79999923706055,7569.0
48.47999954223633,160.36000061035156,7570.0
160.27999877929688,160.36000061035156,7571.0
49.040000915527344,51.20000076293945,7572.0
48.720001220703125,50.79999923706055,7573.0
49.15999984741211,129.8800048828125,7574.0
48.880001068115234,136.52000427246094,7575.0
48.91999816894531,50.0,7576.0
48.36000061035156,53.43999862670898,7577.0
48.43999862670898,48.52000045776367,7578.0
48.08000183105469,48.119998931884766,7579.0
48.68000030517578,161.0,7580.0
47.31999969482422,160.75999450683594,7581.0
160.39999389648438,161.1199951171875,7582.0
159.9600067138672,184.2400054931641,7583.0
127.4000015258789,227.0800018310547,7584.0
160.55999755859375,184.9199981689453,7585.0
127.72000122070312,160.16000366210938,7586.0
42.59999847412109,96.04000091552734,7587.0
159.55999755859375,159.72000122070312,7588.0
160.0800018310547,160.36000061035156,7589.0
107.4000015258789,130.16000366210938,7590.0
129.8000030517578,160.55999755859375,7591.0
106.16000366210938,129.83999633789062,7592.0
105.4800033569336,160.36000061035156,7593.0
108.12000274658205,130.39999389648438,7594.0
106.1999969482422,108.27999877929688,7595.0
47.31999969482422,108.08000183105467,7596.0
106.5199966430664,130.0399932861328,7597.0
47.040000915527344,227.27999877929688,7598.0
41.91999816894531,129.16000366210938,7599.0
47.27999877929688,73.87999725341797,7600.0
43.27999877929688,47.720001220703125,7601.0
43.52000045776367,48.119998931884766,7602.0
45.43999862670898,48.119998931884766,7603.0
47.2400016784668,48.040000915527344,7604.0
45.68000030517578,48.36000061035156,7605.0
47.040000915527344,48.15999984741211,7606.0
45.79999923706055,47.720001220703125,7607.0
47.720001220703125,108.4000015258789,7608.0
47.79999923706055,48.08000183105469,7609.0
47.040000915527344,47.720001220703125,7610.0
47.79999923706055,48.47999954223633,7611.0
47.47999954223633,48.20000076293945,7612.0
47.560001373291016,47.720001220703125,7613.0
47.59999847412109,48.36000061035156,7614.0
47.119998931884766,48.15999984741211,7615.0
46.36000061035156,104.63999938964844,7616.0
45.47999954223633,127.72000122070312,7617.0
45.63999938964844,137.36000061035156,7618.0
47.36000061035156,127.55999755859376,7619.0
45.43999862670898,128.67999267578125,7620.0
45.560001373291016,215.9199981689453,7621.0
238.9600067138672,216.8800048828125,7622.0
104.5199966430664,162.27999877929688,7623.0
238.9600067138672,48.040000915527344,7624.0
46.43999862670898,48.2400016784668,7625.0
238.8800048828125,160.0800018310547,7626.0
47.27999877929688,217.6000061035156,7627.0
47.2400016784668,47.720001220703125,7628.0
47.43999862670898,47.79999923706055,7629.0
47.7599983215332,47.720001220703125,7630.0
47.43999862670898,47.720001220703125,7631.0
46.52000045776367,48.27999877929688,7632.0
46.68000030517578,78.36000061035156,7633.0
46.7599983215332,48.47999954223633,7634.0
46.31999969482422,78.44000244140625,7635.0
45.959999084472656,48.560001373291016,7636.0
45.720001220703125,47.720001220703125,7637.0
45.15999984741211,48.79999923706055,7638.0
45.43999862670898,48.68000030517578,7639.0
44.84000015258789,48.7599983215332,7640.0
45.36000061035156,48.880001068115234,7641.0
44.59999847412109,48.59999847412109,7642.0
46.040000915527344,48.08000183105469,7643.0
47.0,47.52000045776367,7644.0
46.52000045776367,47.52000045776367,7645.0
46.720001220703125,48.2400016784668,7646.0
46.560001373291016,78.44000244140625,7647.0
46.880001068115234,48.040000915527344,7648.0
46.880001068115234,47.720001220703125,7649.0
47.0,61.31999969482422,7650.0
46.79999923706055,221.3600006103516,7651.0
47.31999969482422,55.400001525878906,7652.0
46.7599983215332,54.040000915527344,7653.0
47.08000183105469,54.400001525878906,7654.0
47.560001373291016,59.08000183105469,7655.0
47.31999969482422,60.2400016784668,7656.0
47.400001525878906,59.400001525878906,7657.0
47.43999862670898,59.68000030517578,7658.0
47.79999923706055,60.08000183105469,7659.0
47.15999984741211,216.3999938964844,7660.0
47.52000045776367,58.91999816894531,7661.0
47.720001220703125,59.720001220703125,7662.0
47.560001373291016,58.720001220703125,7663.0
47.7599983215332,218.6000061035156,7664.0
47.43999862670898,59.36000061035156,7665.0
47.59999847412109,59.2400016784668,7666.0
48.43999862670898,59.79999923706055,7667.0
47.08000183105469,103.1999969482422,7668.0
48.08000183105469,216.0399932861328,7669.0
47.880001068115234,60.7599983215332,7670.0
47.15999984741211,216.5200042724609,7671.0
47.68000030517578,60.47999954223633,7672.0
47.720001220703125,155.24000549316406,7673.0
212.55999755859372,214.75999450683597,7674.0
49.040000915527344,214.1999969482422,7675.0
47.400001525878906,215.1999969482422,7676.0
48.91999816894531,239.9600067138672,7677.0
47.560001373291016,215.2400054931641,7678.0
212.44000244140625,214.0,7679.0
48.52000045776367,214.63999938964844,7680.0
211.32000732421875,213.2400054931641,7681.0
211.16000366210935,214.55999755859372,7682.0
46.91999816894531,76.63999938964844,7683.0
48.43999862670898,51.959999084472656,7684.0
47.20000076293945,51.31999969482422,7685.0
48.2400016784668,51.560001373291016,7686.0
46.84000015258789,51.68000030517578,7687.0
48.2400016784668,51.63999938964844,7688.0
47.43999862670898,51.08000183105469,7689.0
47.7599983215332,51.040000915527344,7690.0
46.91999816894531,51.040000915527344,7691.0
46.880001068115234,51.27999877929688,7692.0
47.560001373291016,50.880001068115234,7693.0
47.47999954223633,51.2400016784668,7694.0
47.880001068115234,50.959999084472656,7695.0
213.27999877929688,51.2400016784668,7696.0
46.68000030517578,51.20000076293945,7697.0
46.959999084472656,51.36000061035156,7698.0
213.3600006103516,51.63999938964844,7699.0
46.31999969482422,50.79999923706055,7700.0
46.43999862670898,51.63999938964844,7701.0
46.52000045776367,51.15999984741211,7702.0
46.79999923706055,52.15999984741211,7703.0
46.68000030517578,52.63999938964844,7704.0
47.08000183105469,52.560001373291016,7705.0
46.7599983215332,52.59999847412109,7706.0
47.119998931884766,52.040000915527344,7707.0
47.63999938964844,52.7599983215332,7708.0
47.040000915527344,52.27999877929688,7709.0
46.720001220703125,53.15999984741211,7710.0
46.880001068115234,52.68000030517578,7711.0
46.43999862670898,52.84000015258789,7712.0
47.040000915527344,52.560001373291016,7713.0
46.880001068115234,51.84000015258789,7714.0
48.720001220703125,50.7599983215332,7715.0
48.560001373291016,214.32000732421875,7716.0
47.91999816894531,50.119998931884766,7717.0
47.0,50.63999938964844,7718.0
46.68000030517578,49.59999847412109,7719.0
46.959999084472656,50.31999969482422,7720.0
46.59999847412109,50.15999984741211,7721.0
46.79999923706055,51.560001373291016,7722.0
46.52000045776367,51.2400016784668,7723.0
46.91999816894531,50.27999877929688,7724.0
46.63999938964844,50.040000915527344,7725.0
48.040000915527344,49.52000045776367,7726.0
47.52000045776367,50.08000183105469,7727.0
48.2400016784668,50.119998931884766,7728.0
47.720001220703125,50.27999877929688,7729.0
48.79999923706055,50.119998931884766,7730.0
47.79999923706055,215.3999938964844,7731.0
48.15999984741211,49.63999938964844,7732.0
47.08000183105469,50.31999969482422,7733.0
212.16000366210935,50.47999954223633,7734.0
47.27999877929688,51.15999984741211,7735.0
47.52000045776367,50.880001068115234,7736.0
47.36000061035156,50.15999984741211,7737.0
47.880001068115234,50.119998931884766,7738.0
48.08000183105469,50.63999938964844,7739.0
47.720001220703125,50.47999954223633,7740.0
47.63999938964844,50.68000030517578,7741.0
47.560001373291016,50.36000061035156,7742.0
211.8000030517578,50.119998931884766,7743.0
212.83999633789065,50.400001525878906,7744.0
212.27999877929688,51.36000061035156,7745.0
50.040000915527344,51.040000915527344,7746.0
46.84000015258789,51.400001525878906,7747.0
47.47999954223633,50.720001220703125,7748.0
46.68000030517578,51.43999862670898,7749.0
47.15999984741211,51.63999938964844,7750.0
47.400001525878906,51.880001068115234,7751.0
46.720001220703125,51.91999816894531,7752.0
47.47999954223633,52.63999938964844,7753.0
47.040000915527344,51.880001068115234,7754.0
46.959999084472656,51.91999816894531,7755.0
47.119998931884766,51.27999877929688,7756.0
46.43999862670898,51.31999969482422,7757.0
47.08000183105469,50.720001220703125,7758.0
46.560001373291016,50.52000045776367,7759.0
45.880001068115234,50.31999969482422,7760.0
46.7599983215332,50.7599983215332,7761.0
46.84000015258789,51.0,7762.0
46.79999923706055,216.44000244140625,7763.0
46.91999816894531,216.0800018310547,7764.0
47.84000015258789,215.83999633789065,7765.0
47.47999954223633,216.0800018310547,7766.0
46.7599983215332,50.36000061035156,7767.0
47.560001373291016,51.20000076293945,7768.0
47.040000915527344,50.720001220703125,7769.0
48.27999877929688,51.2400016784668,7770.0
47.400001525878906,51.0,7771.0
47.47999954223633,51.040000915527344,7772.0
47.2400016784668,51.20000076293945,7773.0
47.2400016784668,51.2400016784668,7774.0
47.400001525878906,51.47999954223633,7775.0
47.400001525878906,50.91999816894531,7776.0
48.119998931884766,52.0,7777.0
47.08000183105469,216.6000061035156,7778.0
48.84000015258789,52.2400016784668,7779.0
47.560001373291016,216.83999633789065,7780.0
48.79999923706055,216.5200042724609,7781.0
47.91999816894531,216.67999267578125,7782.0
214.1199951171875,216.27999877929688,7783.0
47.59999847412109,216.63999938964844,7784.0
48.52000045776367,216.0399932861328,7785.0
48.720001220703125,50.560001373291016,7786.0
48.68000030517578,50.91999816894531,7787.0
48.880001068115234,50.560001373291016,7788.0
47.560001373291016,50.52000045776367,7789.0
48.2400016784668,50.400001525878906,7790.0
47.52000045776367,50.91999816894531,7791.0
47.959999084472656,50.119998931884766,7792.0
48.47999954223633,51.20000076293945,7793.0
48.31999969482422,216.3999938964844,7794.0
48.59999847412109,51.560001373291016,7795.0
47.31999969482422,216.3600006103516,7796.0
210.47999572753903,216.8000030517578,7797.0
210.75999450683597,51.560001373291016,7798.0
48.47999954223633,51.20000076293945,7799.0
210.8000030517578,51.560001373291016,7800.0
49.560001373291016,216.3600006103516,7801.0
211.6000061035156,81.36000061035156,7802.0
212.3600006103516,216.5200042724609,7803.0
50.27999877929688,215.32000732421875,7804.0
214.8000030517578,215.9600067138672,7805.0
50.27999877929688,216.27999877929688,7806.0
49.959999084472656,50.91999816894531,7807.0
215.3600006103516,217.63999938964844,7808.0
214.63999938964844,50.15999984741211,7809.0
214.63999938964844,215.8800048828125,7810.0
49.79999923706055,60.47999954223633,7811.0
49.52000045776367,52.43999862670898,7812.0
49.52000045776367,215.8000030517578,7813.0
49.20000076293945,52.15999984741211,7814.0
48.91999816894531,53.040000915527344,7815.0
49.720001220703125,53.52000045776367,7816.0
47.79999923706055,52.52000045776367,7817.0
49.0,53.2400016784668,7818.0
48.59999847412109,52.040000915527344,7819.0
49.0,52.2400016784668,7820.0
48.59999847412109,52.15999984741211,7821.0
50.08000183105469,51.27999877929688,7822.0
49.31999969482422,51.720001220703125,7823.0
50.59999847412109,51.52000045776367,7824.0
46.52000045776367,216.0,7825.0
46.84000015258789,51.79999923706055,7826.0
48.400001525878906,239.9600067138672,7827.0
47.63999938964844,50.7599983215332,7828.0
47.79999923706055,219.32000732421875,7829.0
47.880001068115234,50.31999969482422,7830.0
47.119998931884766,51.79999923706055,7831.0
47.08000183105469,53.43999862670898,7832.0
212.9199981689453,51.31999969482422,7833.0
47.400001525878906,51.63999938964844,7834.0
213.2400054931641,50.63999938964844,7835.0
213.6000061035156,50.47999954223633,7836.0
213.44000244140625,50.0,7837.0
49.31999969482422,50.27999877929688,7838.0
213.44000244140625,50.27999877929688,7839.0
49.59999847412109,214.67999267578125,7840.0
49.31999969482422,216.8000030517578,7841.0
49.63999938964844,216.0399932861328,7842.0
49.20000076293945,50.560001373291016,7843.0
49.31999969482422,215.63999938964844,7844.0
48.560001373291016,54.79999923706055,7845.0
48.880001068115234,215.16000366210935,7846.0
214.0399932861328,53.720001220703125,7847.0
213.1999969482422,215.47999572753903,7848.0
213.6000061035156,54.560001373291016,7849.0
48.59999847412109,82.80000305175781,7850.0
213.5200042724609,50.0,7851.0
48.84000015258789,215.3999938964844,7852.0
213.9199981689453,217.1199951171875,7853.0
48.68000030517578,215.8800048828125,7854.0
50.2400016784668,51.27999877929688,7855.0
47.52000045776367,216.67999267578125,7856.0
50.36000061035156,51.560001373291016,7857.0
50.15999984741211,216.0399932861328,7858.0
50.2400016784668,51.560001373291016,7859.0
50.2400016784668,216.27999877929688,7860.0
50.52000045776367,217.1999969482422,7861.0
50.31999969482422,51.040000915527344,7862.0
50.560001373291016,216.3600006103516,7863.0
50.2400016784668,51.880001068115234,7864.0
49.84000015258789,56.119998931884766,7865.0
50.59999847412109,216.3600006103516,7866.0
47.59999847412109,52.560001373291016,7867.0
51.880001068115234,215.67999267578125,7868.0
214.3600006103516,51.43999862670898,7869.0
50.63999938964844,215.9600067138672,7870.0
50.59999847412109,216.9199981689453,7871.0
50.63999938964844,218.9199981689453,7872.0
49.79999923706055,216.44000244140625,7873.0
49.63999938964844,51.08000183105469,7874.0
50.31999969482422,217.2400054931641,7875.0
48.720001220703125,215.9600067138672,7876.0
50.0,218.55999755859372,7877.0
48.880001068115234,215.72000122070312,7878.0
50.31999969482422,51.119998931884766,7879.0
49.040000915527344,215.32000732421875,7880.0
49.560001373291016,216.0800018310547,7881.0
48.47999954223633,215.44000244140625,7882.0
48.880001068115234,215.32000732421875,7883.0
47.68000030517578,50.91999816894531,7884.0
48.52000045776367,215.55999755859372,7885.0
47.43999862670898,215.5200042724609,7886.0
47.720001220703125,216.0399932861328,7887.0
47.720001220703125,215.8800048828125,7888.0
46.959999084472656,215.8800048828125,7889.0
48.2400016784668,215.6000061035156,7890.0
211.63999938964844,216.0399932861328,7891.0
47.7599983215332,216.0399932861328,7892.0
211.6000061035156,215.9600067138672,7893.0
48.08000183105469,215.75999450683597,7894.0
48.040000915527344,48.52000045776367,7895.0
48.43999862670898,215.63999938964844,7896.0
47.720001220703125,216.1199951171875,7897.0
47.720001220703125,215.83999633789065,7898.0
47.720001220703125,216.47999572753903,7899.0
47.84000015258789,216.8000030517578,7900.0
47.400001525878906,216.8800048828125,7901.0
47.63999938964844,217.16000366210935,7902.0
47.20000076293945,216.55999755859372,7903.0
47.400001525878906,216.8000030517578,7904.0
47.52000045776367,216.8000030517578,7905.0
47.43999862670898,216.5200042724609,7906.0
47.43999862670898,216.72000122070312,7907.0
47.43999862670898,50.880001068115234,7908.0
47.720001220703125,51.36000061035156,7909.0
47.59999847412109,50.84000015258789,7910.0
47.7599983215332,51.2400016784668,7911.0
47.68000030517578,51.040000915527344,7912.0
47.20000076293945,51.15999984741211,7913.0
47.52000045776367,50.959999084472656,7914.0
47.43999862670898,216.3600006103516,7915.0
47.59999847412109,73.36000061035156,7916.0
47.43999862670898,221.8000030517578,7917.0
48.27999877929688,72.95999908447266,7918.0
48.15999984741211,73.08000183105469,7919.0
48.31999969482422,73.16000366210938,7920.0
48.31999969482422,73.55999755859375,7921.0
48.2400016784668,217.0,7922.0
48.040000915527344,72.95999908447266,7923.0
48.20000076293945,217.0800018310547,7924.0
47.91999816894531,216.5200042724609,7925.0
47.959999084472656,217.32000732421875,7926.0
48.0,221.63999938964844,7927.0
47.84000015258789,220.75999450683597,7928.0
47.959999084472656,221.27999877929688,7929.0
47.91999816894531,49.91999816894531,7930.0
48.20000076293945,51.400001525878906,7931.0
48.040000915527344,220.75999450683597,7932.0
212.8000030517578,221.1999969482422,7933.0
48.720001220703125,50.2400016784668,7934.0
48.79999923706055,51.7599983215332,7935.0
49.040000915527344,58.08000183105469,7936.0
48.79999923706055,51.720001220703125,7937.0
49.52000045776367,58.43999862670898,7938.0
212.9199981689453,51.959999084472656,7939.0
212.83999633789065,52.59999847412109,7940.0
212.9199981689453,51.720001220703125,7941.0
213.0,86.36000061035156,7942.0
212.8800048828125,52.119998931884766,7943.0
213.16000366210935,86.19999694824219,7944.0
213.44000244140625,51.7599983215332,7945.0
47.7599983215332,51.91999816894531,7946.0
213.5200042724609,51.59999847412109,7947.0
48.31999969482422,51.720001220703125,7948.0
47.91999816894531,52.15999984741211,7949.0
48.47999954223633,51.68000030517578,7950.0
213.67999267578125,52.2400016784668,7951.0
48.119998931884766,219.1199951171875,7952.0
47.68000030517578,219.47999572753903,7953.0
48.040000915527344,50.880001068115234,7954.0
47.720001220703125,50.47999954223633,7955.0
48.15999984741211,219.32000732421875,7956.0
47.43999862670898,217.8000030517578,7957.0
48.68000030517578,218.32000732421875,7958.0
47.91999816894531,51.31999969482422,7959.0
48.31999969482422,51.31999969482422,7960.0
49.0,50.36000061035156,7961.0
49.31999969482422,51.63999938964844,7962.0
49.119998931884766,219.8000030517578,7963.0
48.959999084472656,219.67999267578125,7964.0
49.52000045776367,52.20000076293945,7965.0
49.560001373291016,52.959999084472656,7966.0
49.31999969482422,219.0399932861328,7967.0
49.59999847412109,53.31999969482422,7968.0
48.880001068115234,52.91999816894531,7969.0
49.7599983215332,52.31999969482422,7970.0
49.400001525878906,52.2400016784668,7971.0
49.040000915527344,52.27999877929688,7972.0
49.52000045776367,51.79999923706055,7973.0
49.040000915527344,52.31999969482422,7974.0
49.0,52.31999969482422,7975.0
48.720001220703125,52.040000915527344,7976.0
48.84000015258789,52.20000076293945,7977.0
214.0800018310547,221.27999877929688,7978.0
49.63999938964844,52.0,7979.0
49.59999847412109,51.7599983215332,7980.0
213.1999969482422,51.68000030517578,7981.0
49.68000030517578,51.36000061035156,7982.0
49.27999877929688,51.2400016784668,7983.0
49.15999984741211,51.47999954223633,7984.0
49.08000183105469,51.880001068115234,7985.0
49.15999984741211,52.31999969482422,7986.0
49.2400016784668,52.31999969482422,7987.0
49.2400016784668,52.27999877929688,7988.0
49.31999969482422,52.040000915527344,7989.0
49.15999984741211,51.91999816894531,7990.0
48.84000015258789,51.560001373291016,7991.0
48.720001220703125,51.59999847412109,7992.0
48.15999984741211,51.84000015258789,7993.0
48.47999954223633,52.119998931884766,7994.0
48.20000076293945,52.959999084472656,7995.0
48.68000030517578,52.720001220703125,7996.0
48.43999862670898,52.84000015258789,7997.0
48.47999954223633,52.63999938964844,7998.0
48.43999862670898,53.119998931884766,7999.0
48.79999923706055,53.0,8000.0
48.68000030517578,52.68000030517578,8001.0
48.560001373291016,52.119998931884766,8002.0
48.880001068115234,51.31999969482422,8003.0
48.27999877929688,52.0,8004.0
48.7599983215332,49.720001220703125,8005.0
48.59999847412109,51.59999847412109,8006.0
48.2400016784668,48.36000061035156,8007.0
48.52000045776367,52.47999954223633,8008.0
48.47999954223633,53.52000045776367,8009.0
49.20000076293945,53.91999816894531,8010.0
213.67999267578125,218.44000244140625,8011.0
49.31999969482422,53.63999938964844,8012.0
50.560001373291016,53.59999847412109,8013.0
49.31999969482422,54.119998931884766,8014.0
49.08000183105469,54.20000076293945,8015.0
48.040000915527344,217.47999572753903,8016.0
49.400001525878906,53.84000015258789,8017.0
48.79999923706055,217.2400054931641,8018.0
49.20000076293945,217.47999572753903,8019.0
48.68000030517578,52.31999969482422,8020.0
49.040000915527344,216.44000244140625,8021.0
49.560001373291016,52.91999816894531,8022.0
49.040000915527344,215.9600067138672,8023.0
49.7599983215332,216.1199951171875,8024.0
49.400001525878906,216.27999877929688,8025.0
49.79999923706055,215.8800048828125,8026.0
49.7599983215332,216.3600006103516,8027.0
50.2400016784668,52.84000015258789,8028.0
49.84000015258789,215.8000030517578,8029.0
50.08000183105469,215.63999938964844,8030.0
49.880001068115234,215.5200042724609,8031.0
49.880001068115234,215.8000030517578,8032.0
49.91999816894531,215.8000030517578,8033.0
49.47999954223633,215.67999267578125,8034.0
49.959999084472656,215.63999938964844,8035.0
214.75999450683597,215.72000122070312,8036.0
214.83999633789065,215.72000122070312,8037.0
214.55999755859372,215.32000732421875,8038.0
214.8000030517578,215.27999877929688,8039.0
50.36000061035156,215.47999572753903,8040.0
49.31999969482422,53.040000915527344,8041.0
49.63999938964844,215.9600067138672,8042.0
49.15999984741211,216.16000366210935,8043.0
49.63999938964844,216.27999877929688,8044.0
49.52000045776367,216.27999877929688,8045.0
49.31999969482422,216.3999938964844,8046.0
49.84000015258789,216.1199951171875,8047.0
49.31999969482422,216.44000244140625,8048.0
49.52000045776367,215.5200042724609,8049.0
49.15999984741211,216.27999877929688,8050.0
49.08000183105469,215.83999633789065,8051.0
49.27999877929688,216.0399932861328,8052.0
48.959999084472656,215.75999450683597,8053.0
49.119998931884766,216.1999969482422,8054.0
48.720001220703125,216.0800018310547,8055.0
49.31999969482422,216.3600006103516,8056.0
49.27999877929688,216.5200042724609,8057.0
49.31999969482422,216.0399932861328,8058.0
49.63999938964844,51.400001525878906,8059.0
214.72000122070312,216.0800018310547,8060.0
49.63999938964844,215.72000122070312,8061.0
49.36000061035156,216.3600006103516,8062.0
49.959999084472656,217.16000366210935,8063.0
49.47999954223633,216.75999450683597,8064.0
49.79999923706055,216.1999969482422,8065.0
49.43999862670898,53.79999923706055,8066.0
49.400001525878906,215.72000122070312,8067.0
48.68000030517578,215.44000244140625,8068.0
49.31999969482422,215.75999450683597,8069.0
49.31999969482422,215.67999267578125,8070.0
49.36000061035156,215.9600067138672,8071.0
48.68000030517578,215.8000030517578,8072.0
49.43999862670898,215.8800048828125,8073.0
48.880001068115234,215.55999755859372,8074.0
48.36000061035156,215.6000061035156,8075.0
48.7599983215332,214.27999877929688,8076.0
49.119998931884766,215.9600067138672,8077.0
48.79999923706055,215.16000366210935,8078.0
49.119998931884766,52.959999084472656,8079.0
49.119998931884766,215.3600006103516,8080.0
49.7599983215332,53.15999984741211,8081.0
49.63999938964844,215.9600067138672,8082.0
49.0,213.1199951171875,8083.0
101.23999786376952,213.63999938964844,8084.0
48.560001373291016,212.8800048828125,8085.0
48.59999847412109,212.6000061035156,8086.0
48.36000061035156,212.75999450683597,8087.0
48.2400016784668,212.44000244140625,8088.0
48.68000030517578,212.63999938964844,8089.0
196.3999938964844,212.27999877929688,8090.0
48.68000030517578,213.8000030517578,8091.0
48.400001525878906,213.32000732421875,8092.0
49.0,215.3999938964844,8093.0
48.68000030517578,214.44000244140625,8094.0
48.68000030517578,214.47999572753903,8095.0
48.36000061035156,214.8000030517578,8096.0
48.20000076293945,213.6000061035156,8097.0
201.32000732421875,215.3999938964844,8098.0
214.0399932861328,215.63999938964844,8099.0
212.55999755859372,52.84000015258789,8100.0
48.040000915527344,215.63999938964844,8101.0
213.67999267578125,214.75999450683597,8102.0
48.84000015258789,215.63999938964844,8103.0
214.27999877929688,216.1199951171875,8104.0
204.8800048828125,215.2400054931641,8105.0
49.31999969482422,214.55999755859372,8106.0
49.15999984741211,215.0,8107.0
49.20000076293945,214.9199981689453,8108.0
48.2400016784668,215.16000366210935,8109.0
214.0399932861328,214.9600067138672,8110.0
48.040000915527344,54.720001220703125,8111.0
48.68000030517578,215.0,8112.0
49.0,214.3600006103516,8113.0
49.63999938964844,214.44000244140625,8114.0
48.68000030517578,214.2400054931641,8115.0
49.0,213.8800048828125,8116.0
208.1999969482422,212.8000030517578,8117.0
205.0800018310547,213.44000244140625,8118.0
47.720001220703125,55.36000061035156,8119.0
204.8800048828125,213.63999938964844,8120.0
47.119998931884766,213.16000366210935,8121.0
47.43999862670898,213.83999633789065,8122.0
48.2400016784668,213.0399932861328,8123.0
36.08000183105469,213.32000732421875,8124.0
199.2400054931641,213.5200042724609,8125.0
49.0,212.27999877929688,8126.0
49.0,214.0800018310547,8127.0
49.400001525878906,212.1999969482422,8128.0
48.84000015258789,213.6000061035156,8129.0
48.68000030517578,213.32000732421875,8130.0
48.59999847412109,213.75999450683597,8131.0
48.79999923706055,214.47999572753903,8132.0
48.68000030517578,213.83999633789065,8133.0
48.68000030517578,214.83999633789065,8134.0
48.36000061035156,214.72000122070312,8135.0
48.880001068115234,215.27999877929688,8136.0
48.36000061035156,213.9199981689453,8137.0
48.47999954223633,215.2400054931641,8138.0
50.040000915527344,57.63999938964844,8139.0
49.20000076293945,50.560001373291016,8140.0
49.720001220703125,50.91999816894531,8141.0
49.040000915527344,49.79999923706055,8142.0
48.36000061035156,48.7599983215332,8143.0
48.400001525878906,217.6000061035156,8144.0
48.31999969482422,215.16000366210935,8145.0
48.720001220703125,50.27999877929688,8146.0
49.08000183105469,55.84000015258789,8147.0
49.20000076293945,55.2400016784668,8148.0
49.08000183105469,214.5200042724609,8149.0
49.0,55.119998931884766,8150.0
49.31999969482422,214.83999633789065,8151.0
49.08000183105469,214.5200042724609,8152.0
48.08000183105469,214.55999755859372,8153.0
49.15999984741211,214.0,8154.0
48.880001068115234,51.560001373291016,8155.0
49.52000045776367,52.68000030517578,8156.0
49.0,52.2400016784668,8157.0
49.31999969482422,52.2400016784668,8158.0
49.08000183105469,52.400001525878906,8159.0
49.0,49.79999923706055,8160.0
49.0,49.400001525878906,8161.0
48.15999984741211,49.68000030517578,8162.0
48.52000045776367,49.720001220703125,8163.0
42.959999084472656,50.47999954223633,8164.0
48.27999877929688,49.47999954223633,8165.0
42.27999877929688,50.68000030517578,8166.0
48.59999847412109,50.959999084472656,8167.0
186.63999938964844,212.27999877929688,8168.0
49.91999816894531,50.43999862670898,8169.0
204.5200042724609,213.9600067138672,8170.0
49.560001373291016,50.08000183105469,8171.0
203.55999755859372,214.1999969482422,8172.0
48.720001220703125,212.6000061035156,8173.0
48.43999862670898,52.27999877929688,8174.0
49.0,53.0,8175.0
48.47999954223633,53.08000183105469,8176.0
49.52000045776367,52.880001068115234,8177.0
49.400001525878906,52.0,8178.0
49.15999984741211,52.20000076293945,8179.0
49.36000061035156,216.3600006103516,8180.0
44.20000076293945,216.83999633789065,8181.0
204.1199951171875,216.47999572753903,8182.0
212.83999633789065,217.67999267578125,8183.0
203.0,216.0399932861328,8184.0
49.08000183105469,52.7599983215332,8185.0
48.040000915527344,215.9600067138672,8186.0
48.720001220703125,216.1999969482422,8187.0
48.119998931884766,216.55999755859372,8188.0
99.4800033569336,118.68000030517578,8189.0
48.2400016784668,48.59999847412109,8190.0
210.16000366210935,217.44000244140625,8191.0
210.47999572753903,217.1999969482422,8192.0
49.31999969482422,52.31999969482422,8193.0
48.84000015258789,49.31999969482422,8194.0
47.91999816894531,215.2400054931641,8195.0
211.63999938964844,215.16000366210935,8196.0
37.400001525878906,215.55999755859372,8197.0
48.880001068115234,53.27999877929688,8198.0
211.47999572753903,215.8000030517578,8199.0
49.0,215.16000366210935,8200.0
202.63999938964844,215.9199981689453,8201.0
49.0,215.67999267578125,8202.0
35.400001525878906,49.040000915527344,8203.0
202.32000732421875,49.040000915527344,8204.0
202.63999938964844,216.55999755859372,8205.0
202.75999450683597,216.44000244140625,8206.0
48.720001220703125,217.0800018310547,8207.0
48.68000030517578,53.84000015258789,8208.0
49.08000183105469,216.27999877929688,8209.0
48.91999816894531,215.55999755859372,8210.0
35.63999938964844,49.040000915527344,8211.0
48.68000030517578,52.20000076293945,8212.0
48.31999969482422,51.59999847412109,8213.0
49.0,52.36000061035156,8214.0
47.880001068115234,217.47999572753903,8215.0
49.0,216.8800048828125,8216.0
208.16000366210935,217.55999755859372,8217.0
203.55999755859372,217.2400054931641,8218.0
207.72000122070312,216.83999633789065,8219.0
202.32000732421875,216.0,8220.0
214.9600067138672,216.1999969482422,8221.0
35.84000015258789,216.3600006103516,8222.0
34.599998474121094,215.9600067138672,8223.0
214.16000366210935,216.5200042724609,8224.0
214.16000366210935,216.0399932861328,8225.0
49.36000061035156,215.83999633789065,8226.0
36.15999984741211,216.0800018310547,8227.0
36.119998931884766,215.47999572753903,8228.0
212.9199981689453,215.9600067138672,8229.0
48.91999816894531,216.0399932861328,8230.0
49.20000076293945,215.8000030517578,8231.0
48.68000030517578,215.8000030517578,8232.0
34.91999816894531,216.3999938964844,8233.0
35.08000183105469,216.16000366210935,8234.0
34.959999084472656,216.67999267578125,8235.0
35.119998931884766,49.91999816894531,8236.0
210.83999633789065,213.8000030517578,8237.0
35.119998931884766,49.43999862670898,8238.0
35.119998931884766,212.27999877929688,8239.0
35.119998931884766,49.0,8240.0
35.79999923706055,216.44000244140625,8241.0
211.63999938964844,124.44000244140624,8242.0
36.15999984741211,216.75999450683597,8243.0
48.119998931884766,216.44000244140625,8244.0
47.720001220703125,216.1199951171875,8245.0
48.63999938964844,216.5200042724609,8246.0
48.560001373291016,216.32000732421875,8247.0
48.7599983215332,216.27999877929688,8248.0
48.31999969482422,126.36000061035156,8249.0
48.959999084472656,89.4000015258789,8250.0
48.52000045776367,89.5999984741211,8251.0
48.68000030517578,215.8000030517578,8252.0
213.3999938964844,215.63999938964844,8253.0
211.75999450683597,215.63999938964844,8254.0
210.6000061035156,216.8800048828125,8255.0
211.8000030517578,215.0399932861328,8256.0
49.15999984741211,215.3999938964844,8257.0
213.27999877929688,56.15999984741211,8258.0
213.75999450683597,57.119998931884766,8259.0
213.47999572753903,57.119998931884766,8260.0
213.5200042724609,56.880001068115234,8261.0
213.3999938964844,56.27999877929688,8262.0
213.32000732421875,224.2400054931641,8263.0
212.8800048828125,216.9600067138672,8264.0
213.1999969482422,113.08000183105467,8265.0
212.72000122070312,215.5200042724609,8266.0
212.72000122070312,214.75999450683597,8267.0
48.47999954223633,214.8000030517578,8268.0
48.36000061035156,55.91999816894531,8269.0
48.47999954223633,56.08000183105469,8270.0
47.7599983215332,56.43999862670898,8271.0
48.08000183105469,55.7599983215332,8272.0
48.040000915527344,56.27999877929688,8273.0
48.0,56.119998931884766,8274.0
47.720001220703125,56.560001373291016,8275.0
47.7599983215332,56.040000915527344,8276.0
47.08000183105469,215.1199951171875,8277.0
47.20000076293945,56.08000183105469,8278.0
212.44000244140625,215.47999572753903,8279.0
212.1199951171875,216.3600006103516,8280.0
211.8000030517578,216.83999633789065,8281.0
211.6000061035156,216.44000244140625,8282.0
211.9199981689453,216.5200042724609,8283.0
215.2400054931641,216.6000061035156,8284.0
214.8000030517578,216.27999877929688,8285.0
48.27999877929688,54.63999938964844,8286.0
90.91999816894533,216.0800018310547,8287.0
47.7599983215332,216.1999969482422,8288.0
209.0,216.27999877929688,8289.0
210.3999938964844,216.67999267578125,8290.0
209.0399932861328,216.3600006103516,8291.0
209.83999633789065,216.3999938964844,8292.0
209.9199981689453,216.3600006103516,8293.0
209.5200042724609,216.3999938964844,8294.0
209.1999969482422,216.1199951171875,8295.0
209.5200042724609,216.8000030517578,8296.0
209.44000244140625,53.36000061035156,8297.0
48.880001068115234,53.20000076293945,8298.0
210.16000366210935,217.1199951171875,8299.0
48.68000030517578,52.959999084472656,8300.0
48.720001220703125,90.5999984741211,8301.0
48.400001525878906,48.84000015258789,8302.0
48.36000061035156,50.52000045776367,8303.0
48.2400016784668,48.52000045776367,8304.0
210.8000030517578,219.0399932861328,8305.0
211.6000061035156,219.2400054931641,8306.0
211.44000244140625,239.3600006103516,8307.0
210.67999267578125,236.6000061035156,8308.0
237.8000030517578,237.8800048828125,8309.0
50.040000915527344,51.59999847412109,8310.0
49.31999969482422,52.36000061035156,8311.0
92.55999755859376,117.36000061035156,8312.0
49.0,49.400001525878906,8313.0
48.880001068115234,70.80000305175781,8314.0
49.040000915527344,56.68000030517578,8315.0
49.0,70.63999938964844,8316.0
238.44000244140625,71.55999755859375,8317.0
92.83999633789062,239.9600067138672,8318.0
92.83999633789062,237.67999267578125,8319.0
238.72000122070312,239.9600067138672,8320.0
211.44000244140625,237.72000122070312,8321.0
112.63999938964844,120.4800033569336,8322.0
210.9600067138672,237.8800048828125,8323.0
237.8800048828125,239.27999877929688,8324.0
47.720001220703125,238.55999755859372,8325.0
197.6000061035156,237.9600067138672,8326.0
44.040000915527344,220.55999755859372,8327.0
45.2400016784668,238.1199951171875,8328.0
43.91999816894531,219.2400054931641,8329.0
44.20000076293945,47.880001068115234,8330.0
44.400001525878906,51.0,8331.0
40.720001220703125,112.36000061035156,8332.0
49.040000915527344,51.560001373291016,8333.0
49.31999969482422,53.119998931884766,8334.0
49.0,52.52000045776367,8335.0
48.68000030517578,52.91999816894531,8336.0
48.720001220703125,112.4800033569336,8337.0
49.0,52.720001220703125,8338.0
49.31999969482422,52.15999984741211,8339.0
49.31999969482422,49.79999923706055,8340.0
50.15999984741211,51.0,8341.0
38.84000015258789,49.91999816894531,8342.0
38.7599983215332,215.55999755859372,8343.0
49.27999877929688,49.720001220703125,8344.0
48.880001068115234,50.27999877929688,8345.0
48.84000015258789,92.91999816894533,8346.0
48.720001220703125,49.0,8347.0
48.27999877929688,204.67999267578125,8348.0
48.27999877929688,49.0,8349.0
48.720001220703125,204.27999877929688,8350.0
48.7599983215332,50.63999938964844,8351.0
48.59999847412109,49.43999862670898,8352.0
39.91999816894531,50.59999847412109,8353.0
49.68000030517578,50.31999969482422,8354.0
36.720001220703125,50.52000045776367,8355.0
37.15999984741211,49.84000015258789,8356.0
49.119998931884766,50.400001525878906,8357.0
202.6000061035156,50.119998931884766,8358.0
49.0,51.119998931884766,8359.0
49.040000915527344,49.720001220703125,8360.0
48.68000030517578,56.20000076293945,8361.0
48.2400016784668,216.0399932861328,8362.0
48.040000915527344,216.16000366210935,8363.0
48.27999877929688,205.63999938964844,8364.0
48.36000061035156,215.2400054931641,8365.0
48.08000183105469,49.08000183105469,8366.0
48.31999969482422,214.9199981689453,8367.0
47.91999816894531,50.68000030517578,8368.0
48.0,214.2400054931641,8369.0
48.31999969482422,50.68000030517578,8370.0
47.880001068115234,48.0,8371.0
48.36000061035156,49.59999847412109,8372.0
47.91999816894531,56.79999923706055,8373.0
49.31999969482422,58.27999877929688,8374.0
48.560001373291016,50.36000061035156,8375.0
49.08000183105469,215.3999938964844,8376.0
37.52000045776367,51.7599983215332,8377.0
49.31999969482422,51.47999954223633,8378.0
50.59999847412109,51.91999816894531,8379.0
48.68000030517578,214.8800048828125,8380.0
49.040000915527344,52.79999923706055,8381.0
48.959999084472656,57.15999984741211,8382.0
48.79999923706055,49.27999877929688,8383.0
49.2400016784668,56.52000045776367,8384.0
48.560001373291016,56.720001220703125,8385.0
48.79999923706055,50.20000076293945,8386.0
48.400001525878906,48.7599983215332,8387.0
47.959999084472656,48.7599983215332,8388.0
47.47999954223633,48.43999862670898,8389.0
47.720001220703125,48.47999954223633,8390.0
48.040000915527344,48.400001525878906,8391.0
48.0,48.68000030517578,8392.0
48.15999984741211,216.0399932861328,8393.0
48.400001525878906,78.95999908447266,8394.0
48.27999877929688,52.84000015258789,8395.0
48.0,78.5199966430664,8396.0
48.2400016784668,78.72000122070312,8397.0
48.040000915527344,78.27999877929688,8398.0
48.560001373291016,48.59999847412109,8399.0
48.52000045776367,79.08000183105469,8400.0
48.959999084472656,78.83999633789062,8401.0
48.720001220703125,89.5199966430664,8402.0
48.91999816894531,89.16000366210938,8403.0
79.4000015258789,89.72000122070312,8404.0
79.04000091552734,89.55999755859375,8405.0
48.040000915527344,213.0800018310547,8406.0
78.63999938964844,48.63999938964844,8407.0
48.0,211.63999938964844,8408.0
79.72000122070312,48.31999969482422,8409.0
47.91999816894531,80.08000183105469,8410.0
199.44000244140625,47.31999969482422,8411.0
199.75999450683597,214.32000732421875,8412.0
198.83999633789065,47.15999984741211,8413.0
47.7599983215332,216.63999938964844,8414.0
47.400001525878906,81.12000274658203,8415.0
46.91999816894531,218.8000030517578,8416.0
47.91999816894531,220.9600067138672,8417.0
47.08000183105469,217.9600067138672,8418.0
50.84000015258789,220.27999877929688,8419.0
48.20000076293945,52.20000076293945,8420.0
51.08000183105469,51.91999816894531,8421.0
47.27999877929688,51.119998931884766,8422.0
200.2400054931641,49.47999954223633,8423.0
200.75999450683597,220.3600006103516,8424.0
46.91999816894531,47.959999084472656,8425.0
81.08000183105469,97.4000015258789,8426.0
47.31999969482422,219.9600067138672,8427.0
46.79999923706055,97.72000122070312,8428.0
198.75999450683597,97.44000244140624,8429.0
199.75999450683597,220.27999877929688,8430.0
42.63999938964844,55.79999923706055,8431.0
48.040000915527344,97.16000366210938,8432.0
48.040000915527344,220.44000244140625,8433.0
47.720001220703125,219.83999633789065,8434.0
47.560001373291016,220.6000061035156,8435.0
47.7599983215332,219.44000244140625,8436.0
47.27999877929688,221.63999938964844,8437.0
199.1199951171875,219.9600067138672,8438.0
47.43999862670898,220.3600006103516,8439.0
88.83999633789062,221.63999938964844,8440.0
198.8800048828125,219.6000061035156,8441.0
199.6000061035156,221.2400054931641,8442.0
199.47999572753903,219.55999755859372,8443.0
48.040000915527344,220.9199981689453,8444.0
199.3999938964844,219.1999969482422,8445.0
199.1999969482422,221.3999938964844,8446.0
198.83999633789065,207.1199951171875,8447.0
198.8000030517578,221.8000030517578,8448.0
197.3600006103516,206.47999572753903,8449.0
197.3999938964844,206.9199981689453,8450.0
196.8800048828125,206.63999938964844,8451.0
198.63999938964844,51.27999877929688,8452.0
197.0399932861328,51.119998931884766,8453.0
198.47999572753903,51.43999862670898,8454.0
42.59999847412109,51.79999923706055,8455.0
41.63999938964844,51.31999969482422,8456.0
42.59999847412109,52.20000076293945,8457.0
42.59999847412109,51.119998931884766,8458.0
42.15999984741211,52.27999877929688,8459.0
50.27999877929688,51.560001373291016,8460.0
0.0,1.399999976158142,8461.0
42.27999877929688,52.400001525878906,8462.0
42.59999847412109,1.2400000095367432,8463.0
205.1199951171875,53.20000076293945,8464.0
95.5199966430664,52.91999816894531,8465.0
43.880001068115234,52.959999084472656,8466.0
95.08000183105467,96.87999725341795,8467.0
43.880001068115234,52.880001068115234,8468.0
43.959999084472656,53.0,8469.0
197.8800048828125,52.880001068115234,8470.0
44.0,53.15999984741211,8471.0
43.959999084472656,53.2400016784668,8472.0
44.15999984741211,52.880001068115234,8473.0
44.52000045776367,53.0,8474.0
53.08000183105469,52.959999084472656,8475.0
44.52000045776367,53.2400016784668,8476.0
44.0,52.84000015258789,8477.0
43.68000030517578,52.84000015258789,8478.0
42.59999847412109,0.0,8479.0
42.68000030517578,52.84000015258789,8480.0
43.31999969482422,81.63999938964844,8481.0
42.15999984741211,95.12000274658205,8482.0
42.15999984741211,0.0,8483.0
42.119998931884766,94.83999633789062,8484.0
41.84000015258789,1.0399999618530271,8485.0
206.0399932861328,95.44000244140624,8486.0
42.119998931884766,2.4800000190734863,8487.0
95.72000122070312,217.9600067138672,8488.0
51.560001373291016,2.400000095367432,8489.0
95.44000244140624,0.0,8490.0
42.68000030517578,95.12000274658205,8491.0
42.560001373291016,95.4000015258789,8492.0
42.59999847412109,54.15999984741211,8493.0
42.2400016784668,95.4800033569336,8494.0
41.84000015258789,95.91999816894533,8495.0
42.31999969482422,63.880001068115234,8496.0
42.040000915527344,63.560001373291016,8497.0
42.119998931884766,64.04000091552734,8498.0
42.20000076293945,63.959999084472656,8499.0
42.31999969482422,64.4800033569336,8500.0
42.15999984741211,64.19999694824219,8501.0
42.0,205.8000030517578,8502.0
42.59999847412109,95.16000366210938,8503.0
43.040000915527344,94.87999725341795,8504.0
45.52000045776367,95.12000274658205,8505.0
45.959999084472656,94.91999816894533,8506.0
94.76000213623048,95.0,8507.0
95.1999969482422,95.0,8508.0
238.47999572753903,95.4000015258789,8509.0
95.16000366210938,103.83999633789062,8510.0
238.32000732421875,95.27999877929688,8511.0
95.72000122070312,238.32000732421875,8512.0
226.47999572753903,237.8800048828125,8513.0
226.55999755859372,238.1999969482422,8514.0
234.0,236.0399932861328,8515.0
229.75999450683597,233.63999938964844,8516.0
232.75999450683597,234.3600006103516,8517.0
230.63999938964844,233.3999938964844,8518.0
228.8000030517578,234.16000366210935,8519.0
232.32000732421875,234.5200042724609,8520.0
232.1199951171875,235.44000244140625,8521.0
232.0399932861328,233.9199981689453,8522.0
233.0399932861328,234.5200042724609,8523.0
232.8800048828125,235.32000732421875,8524.0
233.3600006103516,239.9600067138672,8525.0
233.63999938964844,238.8000030517578,8526.0
233.47999572753903,236.0399932861328,8527.0
233.83999633789065,239.2400054931641,8528.0
233.2400054931641,239.3600006103516,8529.0
