p_pick_sec,s_pick_sec,denoised_channels
87.72000122070312,238.27999877929688,0.0
238.32000732421875,133.1999969482422,1.0
97.68000030517578,108.68000030517578,2.0
99.23999786376953,125.0,3.0
48.040000915527344,64.83999633789062,4.0
7.400000095367432,122.27999877929688,5.0
53.15999984741211,74.0,6.0
38.31999969482422,124.08000183105469,7.0
43.91999816894531,73.12000274658203,8.0
65.95999908447266,0.0,9.0
44.20000076293945,74.5999984741211,10.0
64.5999984741211,74.19999694824219,11.0
192.0800018310547,195.8000030517578,12.0
130.16000366210938,134.1199951171875,13.0
130.47999572753906,72.08000183105469,14.0
12.039999961853027,159.44000244140625,15.0
52.91999816894531,77.95999908447266,16.0
52.720001220703125,76.72000122070312,17.0
52.959999084472656,75.27999877929688,18.0
53.040000915527344,78.16000366210938,19.0
52.91999816894531,78.80000305175781,20.0
52.84000015258789,77.5199966430664,21.0
52.7599983215332,77.83999633789062,22.0
52.79999923706055,77.83999633789062,23.0
52.599998474121094,79.12000274658203,24.0
10.920000076293945,10.760000228881836,25.0
53.560001373291016,77.83999633789062,26.0
53.040000915527344,77.16000366210938,27.0
52.84000015258789,78.63999938964844,28.0
53.31999969482422,77.80000305175781,29.0
53.880001068115234,78.23999786376953,30.0
53.7599983215332,79.95999908447266,31.0
52.84000015258789,73.19999694824219,32.0
52.84000015258789,78.12000274658203,33.0
53.08000183105469,71.91999816894531,34.0
53.63999938964844,72.08000183105469,35.0
53.36000061035156,71.5999984741211,36.0
53.279998779296875,71.5999984741211,37.0
53.84000015258789,83.87999725341797,38.0
53.68000030517578,70.87999725341797,39.0
53.720001220703125,78.63999938964844,40.0
45.79999923706055,169.39999389648438,41.0
52.720001220703125,224.27999877929688,42.0
52.36000061035156,239.9600067138672,43.0
52.720001220703125,131.72000122070312,44.0
53.47999954223633,131.63999938964844,45.0
53.47999954223633,86.76000213623047,46.0
52.959999084472656,87.12000274658203,47.0
53.400001525878906,87.5999984741211,48.0
52.720001220703125,87.80000305175781,49.0
52.439998626708984,87.91999816894531,50.0
87.76000213623047,88.04000091552734,51.0
100.83999633789062,130.0399932861328,52.0
86.0,87.76000213623047,53.0
54.7599983215332,86.44000244140625,54.0
54.31999969482422,87.16000366210938,55.0
52.599998474121094,83.68000030517578,56.0
53.0,84.68000030517578,57.0
52.720001220703125,84.16000366210938,58.0
52.08000183105469,90.83999633789062,59.0
52.2400016784668,91.19999694824219,60.0
52.720001220703125,78.19999694824219,61.0
52.959999084472656,77.0,62.0
53.279998779296875,77.87999725341797,63.0
52.79999923706055,76.04000091552734,64.0
52.599998474121094,76.16000366210938,65.0
54.400001525878906,76.4000015258789,66.0
52.31999969482422,76.55999755859375,67.0
52.2400016784668,76.72000122070312,68.0
52.040000915527344,77.19999694824219,69.0
52.040000915527344,77.31999969482422,70.0
52.040000915527344,220.0800018310547,71.0
51.599998474121094,220.72000122070312,72.0
51.7599983215332,220.63999938964844,73.0
52.400001525878906,220.9600067138672,74.0
53.0,222.1199951171875,75.0
53.599998474121094,225.16000366210938,76.0
52.91999816894531,78.12000274658203,77.0
52.880001068115234,57.959999084472656,78.0
53.0,53.79999923706055,79.0
52.880001068115234,53.84000015258789,80.0
53.279998779296875,55.79999923706055,81.0
53.31999969482422,55.7599983215332,82.0
53.439998626708984,56.20000076293945,83.0
53.040000915527344,57.400001525878906,84.0
52.52000045776367,56.560001373291016,85.0
52.47999954223633,55.7599983215332,86.0
52.439998626708984,55.68000030517578,87.0
52.08000183105469,55.0,88.0
52.0,218.44000244140625,89.0
52.040000915527344,218.9600067138672,90.0
52.2400016784668,83.55999755859375,91.0
52.31999969482422,224.9199981689453,92.0
52.47999954223633,56.15999984741211,93.0
52.47999954223633,55.68000030517578,94.0
52.31999969482422,56.31999969482422,95.0
52.84000015258789,56.2400016784668,96.0
52.91999816894531,56.15999984741211,97.0
52.720001220703125,222.1999969482422,98.0
53.2400016784668,62.31999969482422,99.0
53.68000030517578,53.599998474121094,100.0
131.24000549316406,170.0,101.0
130.9600067138672,194.9199981689453,102.0
210.47999572753906,212.67999267578125,103.0
239.0800018310547,112.72000122070312,104.0
54.2400016784668,54.119998931884766,105.0
53.63999938964844,131.39999389648438,106.0
53.31999969482422,239.9600067138672,107.0
53.0,224.83999633789062,108.0
52.52000045776367,135.8800048828125,109.0
52.119998931884766,221.36000061035156,110.0
52.2400016784668,56.599998474121094,111.0
52.08000183105469,56.880001068115234,112.0
52.279998779296875,215.72000122070312,113.0
52.2400016784668,216.16000366210938,114.0
52.15999984741211,217.52000427246094,115.0
52.20000076293945,222.67999267578125,116.0
52.2400016784668,54.63999938964844,117.0
52.36000061035156,222.55999755859375,118.0
52.84000015258789,56.79999923706055,119.0
52.720001220703125,217.0800018310547,120.0
52.599998474121094,57.36000061035156,121.0
52.599998474121094,216.83999633789062,122.0
53.2400016784668,221.60000610351562,123.0
53.36000061035156,77.27999877929688,124.0
53.2400016784668,221.55999755859375,125.0
52.7599983215332,215.72000122070312,126.0
52.400001525878906,55.52000045776367,127.0
52.720001220703125,216.0,128.0
52.400001525878906,220.0,129.0
52.400001525878906,53.84000015258789,130.0
53.15999984741211,219.60000610351562,131.0
53.63999938964844,216.8800048828125,132.0
54.880001068115234,56.36000061035156,133.0
53.31999969482422,53.959999084472656,134.0
53.0,53.15999984741211,135.0
56.040000915527344,80.12000274658203,136.0
52.720001220703125,215.0800018310547,137.0
52.560001373291016,215.52000427246094,138.0
52.560001373291016,214.72000122070312,139.0
52.7599983215332,215.1999969482422,140.0
52.91999816894531,214.75999450683594,141.0
52.15999984741211,220.52000427246094,142.0
52.040000915527344,220.32000732421875,143.0
51.79999923706055,92.04000091552734,144.0
53.439998626708984,115.08000183105469,145.0
52.2400016784668,17.639999389648438,146.0
55.959999084472656,149.9199981689453,147.0
83.87999725341797,83.55999755859375,148.0
56.2400016784668,56.20000076293945,149.0
131.72000122070312,145.83999633789062,150.0
128.32000732421875,144.83999633789062,151.0
100.55999755859375,212.0,152.0
127.55999755859375,137.60000610351562,153.0
176.75999450683594,135.1199951171875,154.0
38.91999816894531,0.0,155.0
118.76000213623047,131.24000549316406,156.0
30.600000381469727,54.47999954223633,157.0
116.72000122070312,219.32000732421875,158.0
114.76000213623047,60.08000183105469,159.0
219.72000122070312,220.0800018310547,160.0
115.87999725341797,127.5199966430664,161.0
122.27999877929688,122.04000091552734,162.0
182.16000366210938,54.599998474121094,163.0
49.560001373291016,120.08000183105469,164.0
52.84000015258789,54.15999984741211,165.0
178.24000549316406,119.76000213623047,166.0
44.2400016784668,187.36000061035156,167.0
41.63999938964844,138.60000610351562,168.0
41.52000045776367,184.8000030517578,169.0
159.1999969482422,82.91999816894531,170.0
134.44000244140625,185.8000030517578,171.0
37.040000915527344,77.23999786376953,172.0
57.7599983215332,77.83999633789062,173.0
54.119998931884766,77.16000366210938,174.0
54.63999938964844,74.04000091552734,175.0
54.560001373291016,75.55999755859375,176.0
54.31999969482422,73.31999969482422,177.0
54.52000045776367,0.0,178.0
54.279998779296875,79.83999633789062,179.0
54.959999084472656,0.0,180.0
54.599998474121094,78.04000091552734,181.0
53.959999084472656,76.72000122070312,182.0
53.15999984741211,76.91999816894531,183.0
53.15999984741211,71.16000366210938,184.0
52.560001373291016,76.5199966430664,185.0
49.20000076293945,71.27999877929688,186.0
88.04000091552734,88.16000366210938,187.0
21.200000762939453,50.400001525878906,188.0
136.24000549316406,189.60000610351562,189.0
19.719999313354492,49.7599983215332,190.0
21.479999542236328,185.8000030517578,191.0
181.75999450683594,108.63999938964844,192.0
182.39999389648438,221.72000122070312,193.0
105.80000305175781,105.76000213623047,194.0
43.36000061035156,56.52000045776367,195.0
42.279998779296875,224.63999938964844,196.0
13.680000305175781,97.36000061035156,197.0
54.599998474121094,220.9199981689453,198.0
53.720001220703125,218.63999938964844,199.0
52.959999084472656,94.12000274658203,200.0
52.84000015258789,94.27999877929688,201.0
53.84000015258789,147.83999633789062,202.0
53.31999969482422,213.44000244140625,203.0
55.08000183105469,141.16000366210938,204.0
53.63999938964844,14.520000457763672,205.0
53.84000015258789,85.4800033569336,206.0
53.040000915527344,84.55999755859375,207.0
52.68000030517578,87.19999694824219,208.0
52.52000045776367,52.279998779296875,209.0
53.36000061035156,83.83999633789062,210.0
53.31999969482422,63.47999954223633,211.0
53.68000030517578,127.80000305175781,212.0
53.880001068115234,78.5999984741211,213.0
53.20000076293945,75.27999877929688,214.0
54.91999816894531,235.36000061035156,215.0
56.560001373291016,119.44000244140625,216.0
53.79999923706055,239.9600067138672,217.0
53.47999954223633,121.63999938964844,218.0
53.279998779296875,75.4000015258789,219.0
52.84000015258789,239.9600067138672,220.0
52.52000045776367,91.5999984741211,221.0
49.400001525878906,66.4800033569336,222.0
53.279998779296875,64.44000244140625,223.0
53.08000183105469,62.279998779296875,224.0
53.91999816894531,64.16000366210938,225.0
53.959999084472656,63.439998626708984,226.0
54.63999938964844,108.23999786376953,227.0
53.47999954223633,105.19999694824219,228.0
53.31999969482422,215.24000549316406,229.0
53.84000015258789,54.400001525878906,230.0
54.279998779296875,239.9600067138672,231.0
53.52000045776367,175.47999572753906,232.0
56.400001525878906,78.44000244140625,233.0
54.08000183105469,74.04000091552734,234.0
53.2400016784668,220.47999572753906,235.0
53.52000045776367,220.0,236.0
52.84000015258789,62.15999984741211,237.0
53.400001525878906,66.23999786376953,238.0
53.2400016784668,53.52000045776367,239.0
53.08000183105469,91.95999908447266,240.0
52.91999816894531,239.9600067138672,241.0
53.63999938964844,93.0,242.0
53.79999923706055,87.4800033569336,243.0
53.439998626708984,124.87999725341797,244.0
53.560001373291016,226.9199981689453,245.0
53.959999084472656,84.36000061035156,246.0
53.560001373291016,82.08000183105469,247.0
53.47999954223633,78.95999908447266,248.0
53.63999938964844,83.04000091552734,249.0
52.84000015258789,78.80000305175781,250.0
53.31999969482422,220.72000122070312,251.0
53.560001373291016,222.44000244140625,252.0
54.119998931884766,239.9600067138672,253.0
53.47999954223633,224.8800048828125,254.0
53.08000183105469,78.72000122070312,255.0
53.119998931884766,92.76000213623047,256.0
53.2400016784668,215.0399932861328,257.0
52.31999969482422,225.27999877929688,258.0
51.2400016784668,226.1199951171875,259.0
53.68000030517578,53.720001220703125,260.0
49.79999923706055,220.27999877929688,261.0
53.47999954223633,54.439998626708984,262.0
53.79999923706055,83.12000274658203,263.0
53.08000183105469,54.880001068115234,264.0
53.720001220703125,55.439998626708984,265.0
53.79999923706055,57.79999923706055,266.0
53.439998626708984,57.400001525878906,267.0
54.720001220703125,56.91999816894531,268.0
53.91999816894531,82.80000305175781,269.0
53.15999984741211,225.1999969482422,270.0
51.959999084472656,83.91999816894531,271.0
52.79999923706055,82.36000061035156,272.0
53.279998779296875,82.0,273.0
53.2400016784668,81.31999969482422,274.0
53.15999984741211,82.36000061035156,275.0
53.0,81.36000061035156,276.0
52.7599983215332,83.31999969482422,277.0
52.63999938964844,225.1199951171875,278.0
53.040000915527344,239.9600067138672,279.0
52.47999954223633,239.9600067138672,280.0
52.959999084472656,226.16000366210938,281.0
52.720001220703125,239.9600067138672,282.0
52.7599983215332,82.23999786376953,283.0
52.91999816894531,83.23999786376953,284.0
52.52000045776367,72.91999816894531,285.0
52.720001220703125,239.9600067138672,286.0
53.119998931884766,226.0800018310547,287.0
53.63999938964844,73.4000015258789,288.0
52.599998474121094,239.9600067138672,289.0
52.91999816894531,239.9600067138672,290.0
53.20000076293945,239.9600067138672,291.0
52.91999816894531,220.63999938964844,292.0
52.400001525878906,62.439998626708984,293.0
53.2400016784668,224.47999572753906,294.0
52.84000015258789,224.16000366210938,295.0
51.79999923706055,224.72000122070312,296.0
52.0,73.5199966430664,297.0
51.880001068115234,72.83999633789062,298.0
52.36000061035156,73.36000061035156,299.0
52.20000076293945,72.55999755859375,300.0
52.279998779296875,73.36000061035156,301.0
52.08000183105469,73.12000274658203,302.0
52.08000183105469,73.12000274658203,303.0
52.119998931884766,239.9600067138672,304.0
51.91999816894531,72.23999786376953,305.0
52.15999984741211,239.9600067138672,306.0
51.880001068115234,239.9600067138672,307.0
51.79999923706055,73.16000366210938,308.0
51.79999923706055,239.9600067138672,309.0
52.040000915527344,73.5199966430664,310.0
51.68000030517578,239.9600067138672,311.0
52.08000183105469,63.20000076293945,312.0
52.08000183105469,221.36000061035156,313.0
52.0,239.9600067138672,314.0
52.119998931884766,222.32000732421875,315.0
52.040000915527344,72.87999725341797,316.0
52.08000183105469,239.9600067138672,317.0
52.08000183105469,72.08000183105469,318.0
51.84000015258789,239.9600067138672,319.0
51.880001068115234,78.4800033569336,320.0
51.84000015258789,224.8000030517578,321.0
52.20000076293945,77.87999725341797,322.0
52.20000076293945,224.8800048828125,323.0
52.08000183105469,225.72000122070312,324.0
52.20000076293945,225.8000030517578,325.0
51.880001068115234,225.32000732421875,326.0
52.08000183105469,225.24000549316406,327.0
52.20000076293945,225.27999877929688,328.0
51.959999084472656,225.8000030517578,329.0
51.84000015258789,225.52000427246094,330.0
51.79999923706055,225.36000061035156,331.0
51.959999084472656,225.75999450683594,332.0
52.20000076293945,225.55999755859375,333.0
52.08000183105469,98.5199966430664,334.0
52.52000045776367,227.1999969482422,335.0
53.08000183105469,225.75999450683594,336.0
52.47999954223633,225.9199981689453,337.0
51.560001373291016,225.63999938964844,338.0
53.47999954223633,88.95999908447266,339.0
52.68000030517578,224.75999450683594,340.0
52.84000015258789,225.0800018310547,341.0
52.91999816894531,224.8800048828125,342.0
52.119998931884766,90.36000061035156,343.0
53.47999954223633,89.95999908447266,344.0
53.52000045776367,89.80000305175781,345.0
53.439998626708984,90.04000091552734,346.0
52.599998474121094,90.23999786376953,347.0
52.47999954223633,89.83999633789062,348.0
52.439998626708984,89.91999816894531,349.0
52.15999984741211,90.08000183105469,350.0
51.959999084472656,89.83999633789062,351.0
51.599998474121094,90.31999969482422,352.0
52.599998474121094,90.4000015258789,353.0
52.119998931884766,90.27999877929688,354.0
52.2400016784668,89.95999908447266,355.0
52.52000045776367,89.68000030517578,356.0
51.91999816894531,89.83999633789062,357.0
52.560001373291016,89.91999816894531,358.0
50.68000030517578,87.0,359.0
51.880001068115234,68.55999755859375,360.0
51.439998626708984,92.04000091552734,361.0
51.959999084472656,70.4000015258789,362.0
47.52000045776367,88.12000274658203,363.0
52.31999969482422,89.16000366210938,364.0
47.84000015258789,88.95999908447266,365.0
48.880001068115234,89.5199966430664,366.0
47.400001525878906,48.119998931884766,367.0
47.119998931884766,50.91999816894531,368.0
45.959999084472656,89.0,369.0
47.560001373291016,52.439998626708984,370.0
46.599998474121094,88.44000244140625,371.0
52.959999084472656,83.08000183105469,372.0
53.119998931884766,91.16000366210938,373.0
52.400001525878906,92.08000183105469,374.0
53.15999984741211,69.91999816894531,375.0
53.0,70.31999969482422,376.0
52.84000015258789,85.0,377.0
52.84000015258789,53.68000030517578,378.0
52.68000030517578,79.12000274658203,379.0
52.279998779296875,86.80000305175781,380.0
52.79999923706055,229.9600067138672,381.0
51.47999954223633,56.279998779296875,382.0
50.599998474121094,239.9600067138672,383.0
52.52000045776367,86.95999908447266,384.0
53.0,87.44000244140625,385.0
52.52000045776367,87.44000244140625,386.0
52.31999969482422,86.80000305175781,387.0
53.119998931884766,220.27999877929688,388.0
52.959999084472656,85.0,389.0
53.36000061035156,85.16000366210938,390.0
53.119998931884766,84.76000213623047,391.0
53.279998779296875,66.36000061035156,392.0
52.7599983215332,63.79999923706055,393.0
53.36000061035156,64.12000274658203,394.0
52.84000015258789,53.279998779296875,395.0
52.84000015258789,85.55999755859375,396.0
52.91999816894531,69.12000274658203,397.0
52.63999938964844,83.72000122070312,398.0
52.52000045776367,81.04000091552734,399.0
53.0,82.4800033569336,400.0
52.439998626708984,239.9600067138672,401.0
52.31999969482422,80.87999725341797,402.0
51.880001068115234,68.4800033569336,403.0
52.279998779296875,87.19999694824219,404.0
52.119998931884766,81.68000030517578,405.0
51.880001068115234,65.08000183105469,406.0
51.439998626708984,64.27999877929688,407.0
51.7599983215332,66.36000061035156,408.0
51.720001220703125,66.4800033569336,409.0
51.279998779296875,65.36000061035156,410.0
53.439998626708984,65.5199966430664,411.0
52.040000915527344,65.72000122070312,412.0
52.560001373291016,66.12000274658203,413.0
52.720001220703125,218.1999969482422,414.0
52.31999969482422,65.83999633789062,415.0
52.68000030517578,64.5199966430664,416.0
52.36000061035156,79.5999984741211,417.0
52.880001068115234,87.55999755859375,418.0
52.20000076293945,226.16000366210938,419.0
51.7599983215332,68.95999908447266,420.0
54.040000915527344,73.23999786376953,421.0
53.31999969482422,62.959999084472656,422.0
53.0,62.31999969482422,423.0
52.52000045776367,52.959999084472656,424.0
52.79999923706055,65.83999633789062,425.0
52.31999969482422,65.72000122070312,426.0
52.52000045776367,69.55999755859375,427.0
52.20000076293945,239.9600067138672,428.0
52.040000915527344,65.80000305175781,429.0
52.040000915527344,89.19999694824219,430.0
51.2400016784668,239.9600067138672,431.0
51.400001525878906,239.9600067138672,432.0
51.47999954223633,239.9600067138672,433.0
51.08000183105469,239.9600067138672,434.0
51.7599983215332,82.44000244140625,435.0
51.91999816894531,89.72000122070312,436.0
52.15999984741211,88.72000122070312,437.0
52.0,81.19999694824219,438.0
50.68000030517578,79.44000244140625,439.0
51.15999984741211,74.5999984741211,440.0
50.52000045776367,70.91999816894531,441.0
51.15999984741211,96.08000183105469,442.0
52.20000076293945,87.4800033569336,443.0
53.08000183105469,99.91999816894531,444.0
52.720001220703125,81.19999694824219,445.0
52.7599983215332,81.19999694824219,446.0
52.7599983215332,52.880001068115234,447.0
52.560001373291016,220.39999389648438,448.0
52.68000030517578,97.44000244140625,449.0
52.599998474121094,218.75999450683594,450.0
52.880001068115234,210.60000610351562,451.0
52.599998474121094,88.08000183105469,452.0
52.52000045776367,89.08000183105469,453.0
52.599998474121094,89.36000061035156,454.0
52.880001068115234,88.91999816894531,455.0
52.68000030517578,98.16000366210938,456.0
52.20000076293945,98.31999969482422,457.0
52.68000030517578,89.80000305175781,458.0
52.119998931884766,99.12000274658203,459.0
52.52000045776367,89.04000091552734,460.0
51.560001373291016,97.87999725341797,461.0
52.400001525878906,98.91999816894531,462.0
52.52000045776367,225.24000549316406,463.0
52.84000015258789,98.72000122070312,464.0
52.279998779296875,88.95999908447266,465.0
52.68000030517578,99.16000366210938,466.0
52.2400016784668,81.36000061035156,467.0
52.040000915527344,98.5999984741211,468.0
51.63999938964844,83.44000244140625,469.0
49.68000030517578,87.5199966430664,470.0
52.52000045776367,83.27999877929688,471.0
52.720001220703125,88.0,472.0
52.0,239.9600067138672,473.0
52.279998779296875,88.4000015258789,474.0
52.84000015258789,87.95999908447266,475.0
52.439998626708984,88.27999877929688,476.0
51.959999084472656,239.9600067138672,477.0
52.599998474121094,80.5999984741211,478.0
51.15999984741211,239.9600067138672,479.0
52.15999984741211,88.5999984741211,480.0
52.63999938964844,88.12000274658203,481.0
51.52000045776367,88.44000244140625,482.0
51.400001525878906,56.15999984741211,483.0
51.47999954223633,88.27999877929688,484.0
51.400001525878906,88.95999908447266,485.0
51.959999084472656,87.23999786376953,486.0
51.91999816894531,87.36000061035156,487.0
51.84000015258789,87.83999633789062,488.0
52.599998474121094,217.52000427246094,489.0
52.08000183105469,87.44000244140625,490.0
51.79999923706055,88.63999938964844,491.0
52.36000061035156,87.19999694824219,492.0
49.400001525878906,88.36000061035156,493.0
52.2400016784668,88.80000305175781,494.0
51.880001068115234,87.91999816894531,495.0
52.119998931884766,89.04000091552734,496.0
50.040000915527344,87.68000030517578,497.0
52.15999984741211,88.12000274658203,498.0
50.119998931884766,88.76000213623047,499.0
49.400001525878906,88.68000030517578,500.0
46.7599983215332,88.16000366210938,501.0
45.79999923706055,55.400001525878906,502.0
55.400001525878906,87.5999984741211,503.0
38.7599983215332,56.15999984741211,504.0
52.720001220703125,68.95999908447266,505.0
54.439998626708984,55.439998626708984,506.0
53.36000061035156,54.36000061035156,507.0
53.08000183105469,55.400001525878906,508.0
52.2400016784668,66.16000366210938,509.0
52.31999969482422,85.87999725341797,510.0
52.36000061035156,65.27999877929688,511.0
52.959999084472656,68.08000183105469,512.0
52.20000076293945,56.119998931884766,513.0
51.880001068115234,59.68000030517578,514.0
52.36000061035156,55.040000915527344,515.0
52.31999969482422,54.7599983215332,516.0
52.31999969482422,123.95999908447266,517.0
50.279998779296875,71.63999938964844,518.0
48.47999954223633,61.63999938964844,519.0
49.15999984741211,87.91999816894531,520.0
49.040000915527344,74.44000244140625,521.0
52.400001525878906,73.83999633789062,522.0
53.400001525878906,55.439998626708984,523.0
54.119998931884766,71.4000015258789,524.0
53.599998474121094,74.23999786376953,525.0
53.15999984741211,82.83999633789062,526.0
51.79999923706055,73.68000030517578,527.0
52.599998474121094,75.44000244140625,528.0
51.36000061035156,68.4000015258789,529.0
52.119998931884766,68.5999984741211,530.0
53.0,68.27999877929688,531.0
52.439998626708984,64.68000030517578,532.0
51.880001068115234,63.52000045776367,533.0
52.08000183105469,83.04000091552734,534.0
52.040000915527344,66.44000244140625,535.0
51.400001525878906,64.95999908447266,536.0
50.720001220703125,65.36000061035156,537.0
51.439998626708984,239.55999755859375,538.0
51.91999816894531,82.95999908447266,539.0
50.91999816894531,67.31999969482422,540.0
52.08000183105469,66.08000183105469,541.0
52.040000915527344,221.9600067138672,542.0
50.79999923706055,82.4000015258789,543.0
48.880001068115234,66.95999908447266,544.0
49.880001068115234,66.36000061035156,545.0
51.959999084472656,65.4800033569336,546.0
52.15999984741211,56.560001373291016,547.0
51.880001068115234,65.0,548.0
52.0,61.15999984741211,549.0
52.47999954223633,66.68000030517578,550.0
52.7599983215332,63.880001068115234,551.0
52.720001220703125,72.68000030517578,552.0
51.720001220703125,63.36000061035156,553.0
51.2400016784668,93.23999786376953,554.0
50.31999969482422,63.0,555.0
51.720001220703125,55.15999984741211,556.0
50.040000915527344,56.119998931884766,557.0
46.400001525878906,92.23999786376953,558.0
50.119998931884766,53.79999923706055,559.0
48.880001068115234,0.0,560.0
38.560001373291016,54.15999984741211,561.0
36.52000045776367,52.08000183105469,562.0
32.439998626708984,50.91999816894531,563.0
34.959999084472656,52.84000015258789,564.0
31.760000228881836,217.32000732421875,565.0
35.08000183105469,53.279998779296875,566.0
51.400001525878906,216.39999389648438,567.0
31.920000076293945,31.8799991607666,568.0
49.31999969482422,65.44000244140625,569.0
52.63999938964844,63.0,570.0
40.040000915527344,225.44000244140625,571.0
50.560001373291016,95.55999755859375,572.0
38.400001525878906,43.2400016784668,573.0
41.52000045776367,53.84000015258789,574.0
51.7599983215332,224.8000030517578,575.0
47.439998626708984,95.4000015258789,576.0
47.7599983215332,95.5199966430664,577.0
49.52000045776367,94.95999908447266,578.0
52.79999923706055,95.0,579.0
48.119998931884766,214.0399932861328,580.0
52.279998779296875,64.72000122070312,581.0
52.0,87.5999984741211,582.0
51.68000030517578,87.44000244140625,583.0
51.79999923706055,87.44000244140625,584.0
51.400001525878906,87.55999755859375,585.0
52.0,87.63999938964844,586.0
51.91999816894531,87.68000030517578,587.0
51.63999938964844,88.04000091552734,588.0
51.2400016784668,87.36000061035156,589.0
51.36000061035156,87.27999877929688,590.0
52.040000915527344,88.08000183105469,591.0
51.91999816894531,87.95999908447266,592.0
51.0,87.44000244140625,593.0
52.0,84.72000122070312,594.0
50.599998474121094,107.80000305175781,595.0
51.040000915527344,107.87999725341797,596.0
51.560001373291016,108.12000274658203,597.0
52.599998474121094,86.55999755859375,598.0
51.36000061035156,107.55999755859375,599.0
50.47999954223633,107.63999938964844,600.0
50.47999954223633,88.80000305175781,601.0
49.959999084472656,107.4000015258789,602.0
50.15999984741211,107.80000305175781,603.0
51.279998779296875,89.31999969482422,604.0
50.959999084472656,89.31999969482422,605.0
50.880001068115234,108.0,606.0
51.7599983215332,108.27999877929688,607.0
50.439998626708984,107.80000305175781,608.0
52.08000183105469,108.36000061035156,609.0
50.31999969482422,108.44000244140625,610.0
50.91999816894531,55.880001068115234,611.0
53.040000915527344,56.91999816894531,612.0
50.400001525878906,89.55999755859375,613.0
50.720001220703125,89.55999755859375,614.0
50.15999984741211,89.63999938964844,615.0
51.0,89.87999725341797,616.0
50.36000061035156,89.44000244140625,617.0
51.880001068115234,90.04000091552734,618.0
51.63999938964844,89.04000091552734,619.0
51.47999954223633,89.4800033569336,620.0
51.47999954223633,89.55999755859375,621.0
51.2400016784668,90.27999877929688,622.0
51.36000061035156,89.95999908447266,623.0
51.560001373291016,90.23999786376953,624.0
51.36000061035156,89.80000305175781,625.0
52.040000915527344,89.72000122070312,626.0
51.36000061035156,90.12000274658203,627.0
51.119998931884766,89.87999725341797,628.0
51.2400016784668,89.4800033569336,629.0
51.439998626708984,89.87999725341797,630.0
51.560001373291016,89.87999725341797,631.0
52.400001525878906,90.27999877929688,632.0
51.880001068115234,62.599998474121094,633.0
51.720001220703125,108.5999984741211,634.0
50.31999969482422,76.55999755859375,635.0
50.599998474121094,76.63999938964844,636.0
48.63999938964844,57.560001373291016,637.0
50.31999969482422,76.55999755859375,638.0
51.0,75.87999725341797,639.0
51.119998931884766,57.400001525878906,640.0
51.439998626708984,57.63999938964844,641.0
51.15999984741211,57.040000915527344,642.0
51.7599983215332,56.36000061035156,643.0
50.959999084472656,54.63999938964844,644.0
51.63999938964844,54.880001068115234,645.0
49.279998779296875,53.959999084472656,646.0
52.400001525878906,57.720001220703125,647.0
52.31999969482422,57.400001525878906,648.0
52.400001525878906,58.84000015258789,649.0
51.36000061035156,57.439998626708984,650.0
52.439998626708984,88.4800033569336,651.0
52.20000076293945,223.8000030517578,652.0
51.84000015258789,225.0399932861328,653.0
51.08000183105469,56.31999969482422,654.0
51.47999954223633,57.31999969482422,655.0
52.15999984741211,76.4000015258789,656.0
52.36000061035156,76.36000061035156,657.0
52.560001373291016,58.31999969482422,658.0
52.959999084472656,68.44000244140625,659.0
53.119998931884766,58.31999969482422,660.0
52.63999938964844,225.67999267578125,661.0
52.7599983215332,58.279998779296875,662.0
51.880001068115234,58.959999084472656,663.0
51.959999084472656,58.0,664.0
51.91999816894531,58.599998474121094,665.0
52.31999969482422,103.04000091552734,666.0
52.0,221.27999877929688,667.0
51.959999084472656,96.12000274658203,668.0
51.0,66.31999969482422,669.0
52.279998779296875,58.91999816894531,670.0
52.31999969482422,239.9600067138672,671.0
52.20000076293945,66.4800033569336,672.0
52.279998779296875,74.12000274658203,673.0
52.20000076293945,215.16000366210938,674.0
52.52000045776367,74.4800033569336,675.0
52.119998931884766,95.0,676.0
51.880001068115234,239.55999755859375,677.0
50.7599983215332,239.9600067138672,678.0
50.599998474121094,56.08000183105469,679.0
51.880001068115234,76.4800033569336,680.0
51.2400016784668,74.95999908447266,681.0
51.68000030517578,239.9600067138672,682.0
51.880001068115234,102.91999816894531,683.0
51.63999938964844,239.9600067138672,684.0
50.91999816894531,239.9600067138672,685.0
51.36000061035156,239.9600067138672,686.0
51.36000061035156,239.9600067138672,687.0
51.08000183105469,75.27999877929688,688.0
51.63999938964844,96.83999633789062,689.0
51.63999938964844,75.87999725341797,690.0
51.47999954223633,75.27999877929688,691.0
51.880001068115234,75.91999816894531,692.0
51.560001373291016,101.68000030517578,693.0
52.400001525878906,103.0,694.0
51.84000015258789,97.27999877929688,695.0
51.52000045776367,97.63999938964844,696.0
51.560001373291016,97.5199966430664,697.0
50.79999923706055,222.44000244140625,698.0
52.20000076293945,56.040000915527344,699.0
52.279998779296875,222.67999267578125,700.0
52.52000045776367,224.52000427246094,701.0
51.880001068115234,55.560001373291016,702.0
52.36000061035156,224.44000244140625,703.0
52.040000915527344,239.9600067138672,704.0
51.47999954223633,54.560001373291016,705.0
50.91999816894531,97.04000091552734,706.0
52.439998626708984,62.279998779296875,707.0
51.959999084472656,223.9199981689453,708.0
51.400001525878906,224.27999877929688,709.0
51.47999954223633,222.44000244140625,710.0
52.040000915527344,223.60000610351562,711.0
52.08000183105469,222.67999267578125,712.0
52.400001525878906,222.1999969482422,713.0
52.040000915527344,222.1999969482422,714.0
52.279998779296875,222.27999877929688,715.0
51.20000076293945,222.16000366210938,716.0
51.400001525878906,222.39999389648438,717.0
50.720001220703125,223.32000732421875,718.0
51.599998474121094,224.47999572753906,719.0
50.7599983215332,63.36000061035156,720.0
52.439998626708984,62.880001068115234,721.0
52.52000045776367,63.0,722.0
51.880001068115234,63.119998931884766,723.0
52.15999984741211,62.84000015258789,724.0
51.47999954223633,62.63999938964844,725.0
52.040000915527344,62.599998474121094,726.0
51.84000015258789,63.08000183105469,727.0
51.36000061035156,63.7599983215332,728.0
51.7599983215332,56.52000045776367,729.0
51.439998626708984,221.44000244140625,730.0
51.52000045776367,221.8800048828125,731.0
51.63999938964844,105.23999786376953,732.0
51.63999938964844,221.9600067138672,733.0
51.7599983215332,104.44000244140625,734.0
51.91999816894531,92.87999725341797,735.0
51.720001220703125,92.91999816894531,736.0
51.47999954223633,60.84000015258789,737.0
51.68000030517578,62.720001220703125,738.0
52.2400016784668,93.08000183105469,739.0
51.68000030517578,62.52000045776367,740.0
52.040000915527344,62.880001068115234,741.0
51.68000030517578,62.91999816894531,742.0
51.720001220703125,60.79999923706055,743.0
51.79999923706055,62.720001220703125,744.0
52.47999954223633,62.91999816894531,745.0
52.599998474121094,63.119998931884766,746.0
52.439998626708984,92.44000244140625,747.0
52.439998626708984,62.0,748.0
52.79999923706055,92.5199966430664,749.0
52.040000915527344,92.5999984741211,750.0
52.36000061035156,92.5999984741211,751.0
53.47999954223633,63.15999984741211,752.0
51.15999984741211,62.52000045776367,753.0
50.400001525878906,91.27999877929688,754.0
51.2400016784668,62.36000061035156,755.0
52.36000061035156,92.55999755859375,756.0
52.08000183105469,93.5999984741211,757.0
52.0,91.76000213623047,758.0
52.720001220703125,223.24000549316406,759.0
52.560001373291016,220.8000030517578,760.0
52.20000076293945,63.279998779296875,761.0
52.2400016784668,91.91999816894531,762.0
51.79999923706055,93.95999908447266,763.0
53.0,63.7599983215332,764.0
51.959999084472656,92.55999755859375,765.0
51.68000030517578,239.9600067138672,766.0
52.08000183105469,92.55999755859375,767.0
51.959999084472656,93.27999877929688,768.0
51.119998931884766,93.4800033569336,769.0
50.599998474121094,93.5199966430664,770.0
50.7599983215332,93.36000061035156,771.0
51.959999084472656,92.87999725341797,772.0
50.959999084472656,92.95999908447266,773.0
52.119998931884766,92.55999755859375,774.0
51.2400016784668,92.19999694824219,775.0
48.439998626708984,92.08000183105469,776.0
50.0,93.16000366210938,777.0
52.040000915527344,92.63999938964844,778.0
52.439998626708984,93.72000122070312,779.0
51.91999816894531,92.87999725341797,780.0
52.040000915527344,92.95999908447266,781.0
51.439998626708984,93.72000122070312,782.0
52.7599983215332,82.16000366210938,783.0
52.63999938964844,92.0,784.0
52.880001068115234,54.31999969482422,785.0
52.2400016784668,93.19999694824219,786.0
52.79999923706055,92.76000213623047,787.0
52.20000076293945,227.8800048828125,788.0
52.63999938964844,92.12000274658203,789.0
51.959999084472656,92.87999725341797,790.0
51.2400016784668,61.119998931884766,791.0
51.560001373291016,78.16000366210938,792.0
51.68000030517578,76.08000183105469,793.0
52.36000061035156,92.72000122070312,794.0
52.040000915527344,92.76000213623047,795.0
52.15999984741211,92.12000274658203,796.0
52.31999969482422,91.5999984741211,797.0
52.400001525878906,91.31999969482422,798.0
52.36000061035156,54.599998474121094,799.0
52.599998474121094,92.4000015258789,800.0
53.040000915527344,54.7599983215332,801.0
52.68000030517578,81.16000366210938,802.0
52.52000045776367,80.87999725341797,803.0
50.63999938964844,53.599998474121094,804.0
50.040000915527344,89.36000061035156,805.0
51.720001220703125,62.52000045776367,806.0
51.599998474121094,61.08000183105469,807.0
49.7599983215332,58.040000915527344,808.0
50.279998779296875,63.84000015258789,809.0
50.52000045776367,53.91999816894531,810.0
51.15999984741211,220.75999450683594,811.0
51.2400016784668,93.0,812.0
51.31999969482422,71.08000183105469,813.0
51.279998779296875,93.08000183105469,814.0
51.040000915527344,69.95999908447266,815.0
50.959999084472656,92.91999816894531,816.0
50.79999923706055,88.12000274658203,817.0
51.20000076293945,91.36000061035156,818.0
50.68000030517578,92.91999816894531,819.0
50.7599983215332,91.72000122070312,820.0
51.31999969482422,66.80000305175781,821.0
51.15999984741211,92.36000061035156,822.0
52.119998931884766,93.16000366210938,823.0
51.63999938964844,64.04000091552734,824.0
50.959999084472656,93.19999694824219,825.0
50.79999923706055,92.68000030517578,826.0
51.560001373291016,92.5999984741211,827.0
51.720001220703125,92.91999816894531,828.0
51.2400016784668,60.880001068115234,829.0
51.439998626708984,61.20000076293945,830.0
51.2400016784668,54.7599983215332,831.0
51.880001068115234,54.7599983215332,832.0
51.400001525878906,54.36000061035156,833.0
50.119998931884766,55.400001525878906,834.0
51.47999954223633,224.39999389648438,835.0
51.84000015258789,223.8000030517578,836.0
51.91999816894531,54.52000045776367,837.0
51.91999816894531,98.19999694824219,838.0
51.68000030517578,99.27999877929688,839.0
52.31999969482422,99.4800033569336,840.0
52.47999954223633,100.68000030517578,841.0
51.91999816894531,224.8000030517578,842.0
51.959999084472656,227.32000732421875,843.0
51.79999923706055,61.20000076293945,844.0
51.68000030517578,61.47999954223633,845.0
51.959999084472656,222.1999969482422,846.0
52.08000183105469,90.16000366210938,847.0
51.720001220703125,219.72000122070312,848.0
51.79999923706055,221.55999755859375,849.0
51.47999954223633,224.52000427246094,850.0
52.119998931884766,98.83999633789062,851.0
52.36000061035156,99.16000366210938,852.0
51.720001220703125,98.91999816894531,853.0
50.119998931884766,221.32000732421875,854.0
51.68000030517578,239.9600067138672,855.0
51.959999084472656,239.9600067138672,856.0
51.880001068115234,239.9600067138672,857.0
51.560001373291016,239.9600067138672,858.0
51.400001525878906,221.8000030517578,859.0
50.91999816894531,221.32000732421875,860.0
50.20000076293945,221.32000732421875,861.0
51.79999923706055,221.8000030517578,862.0
51.15999984741211,220.83999633789062,863.0
52.20000076293945,57.720001220703125,864.0
51.7599983215332,57.720001220703125,865.0
51.959999084472656,57.959999084472656,866.0
52.15999984741211,58.119998931884766,867.0
52.31999969482422,58.119998931884766,868.0
51.880001068115234,58.040000915527344,869.0
52.040000915527344,58.52000045776367,870.0
52.08000183105469,58.91999816894531,871.0
52.15999984741211,58.279998779296875,872.0
52.15999984741211,239.9600067138672,873.0
52.08000183105469,101.83999633789062,874.0
52.08000183105469,239.9600067138672,875.0
51.84000015258789,101.83999633789062,876.0
51.84000015258789,86.95999908447266,877.0
51.47999954223633,57.560001373291016,878.0
51.63999938964844,87.0,879.0
51.880001068115234,239.9600067138672,880.0
51.7599983215332,86.83999633789062,881.0
51.84000015258789,216.83999633789062,882.0
52.15999984741211,59.2400016784668,883.0
51.720001220703125,81.63999938964844,884.0
51.2400016784668,82.04000091552734,885.0
51.79999923706055,221.0800018310547,886.0
51.560001373291016,216.60000610351562,887.0
51.560001373291016,99.31999969482422,888.0
51.36000061035156,101.5199966430664,889.0
51.15999984741211,101.55999755859375,890.0
51.31999969482422,102.16000366210938,891.0
52.0,102.08000183105469,892.0
50.720001220703125,100.95999908447266,893.0
50.68000030517578,101.0,894.0
48.560001373291016,101.23999786376953,895.0
48.959999084472656,101.91999816894531,896.0
49.2400016784668,77.72000122070312,897.0
50.599998474121094,77.68000030517578,898.0
51.36000061035156,78.76000213623047,899.0
51.68000030517578,89.63999938964844,900.0
51.91999816894531,239.9600067138672,901.0
51.880001068115234,239.9600067138672,902.0
52.08000183105469,100.55999755859375,903.0
52.279998779296875,68.0,904.0
51.31999969482422,239.9600067138672,905.0
50.84000015258789,100.63999938964844,906.0
50.439998626708984,100.19999694824219,907.0
50.400001525878906,101.0,908.0
50.15999984741211,100.44000244140625,909.0
50.119998931884766,100.44000244140625,910.0
50.36000061035156,221.39999389648438,911.0
51.599998474121094,221.32000732421875,912.0
52.040000915527344,70.91999816894531,913.0
51.68000030517578,221.1999969482422,914.0
52.08000183105469,217.55999755859375,915.0
51.7599983215332,57.959999084472656,916.0
51.959999084472656,58.439998626708984,917.0
51.79999923706055,58.599998474121094,918.0
50.720001220703125,58.720001220703125,919.0
49.880001068115234,58.84000015258789,920.0
51.47999954223633,59.0,921.0
51.68000030517578,58.91999816894531,922.0
52.20000076293945,59.36000061035156,923.0
51.91999816894531,223.32000732421875,924.0
52.0,220.67999267578125,925.0
51.880001068115234,68.16000366210938,926.0
51.880001068115234,54.36000061035156,927.0
52.119998931884766,54.439998626708984,928.0
52.7599983215332,54.91999816894531,929.0
52.400001525878906,54.52000045776367,930.0
51.599998474121094,54.040000915527344,931.0
51.400001525878906,53.560001373291016,932.0
51.0,51.2400016784668,933.0
51.279998779296875,58.79999923706055,934.0
50.52000045776367,87.0,935.0
51.400001525878906,57.2400016784668,936.0
50.79999923706055,52.040000915527344,937.0
50.880001068115234,52.119998931884766,938.0
50.959999084472656,52.279998779296875,939.0
50.47999954223633,51.880001068115234,940.0
49.7599983215332,51.880001068115234,941.0
51.439998626708984,52.15999984741211,942.0
51.79999923706055,52.560001373291016,943.0
51.599998474121094,67.44000244140625,944.0
51.20000076293945,58.400001525878906,945.0
51.400001525878906,58.040000915527344,946.0
50.7599983215332,57.560001373291016,947.0
51.08000183105469,61.2400016784668,948.0
51.08000183105469,230.1999969482422,949.0
51.2400016784668,63.0,950.0
52.119998931884766,62.79999923706055,951.0
52.119998931884766,239.9600067138672,952.0
50.79999923706055,239.9600067138672,953.0
49.959999084472656,225.1999969482422,954.0
50.68000030517578,69.16000366210938,955.0
50.400001525878906,220.0800018310547,956.0
50.7599983215332,89.4800033569336,957.0
50.439998626708984,76.95999908447266,958.0
51.79999923706055,76.80000305175781,959.0
51.439998626708984,228.75999450683594,960.0
50.7599983215332,219.24000549316406,961.0
51.2400016784668,71.68000030517578,962.0
52.119998931884766,88.19999694824219,963.0
51.68000030517578,223.67999267578125,964.0
51.7599983215332,89.19999694824219,965.0
51.560001373291016,53.2400016784668,966.0
51.439998626708984,220.75999450683594,967.0
50.0,219.8000030517578,968.0
51.63999938964844,217.16000366210938,969.0
50.31999969482422,60.84000015258789,970.0
51.31999969482422,83.83999633789062,971.0
51.08000183105469,83.04000091552734,972.0
51.08000183105469,82.4800033569336,973.0
50.959999084472656,83.23999786376953,974.0
51.400001525878906,83.31999969482422,975.0
51.560001373291016,53.08000183105469,976.0
51.91999816894531,53.0,977.0
51.7599983215332,53.2400016784668,978.0
52.0,53.279998779296875,979.0
51.880001068115234,53.08000183105469,980.0
51.7599983215332,79.95999908447266,981.0
51.599998474121094,52.79999923706055,982.0
51.439998626708984,84.76000213623047,983.0
50.79999923706055,52.400001525878906,984.0
49.880001068115234,52.400001525878906,985.0
51.119998931884766,52.20000076293945,986.0
50.599998474121094,87.27999877929688,987.0
50.36000061035156,51.31999969482422,988.0
50.880001068115234,226.67999267578125,989.0
51.560001373291016,90.95999908447266,990.0
51.20000076293945,239.9600067138672,991.0
50.52000045776367,51.880001068115234,992.0
51.2400016784668,52.599998474121094,993.0
51.439998626708984,239.9600067138672,994.0
51.2400016784668,52.20000076293945,995.0
51.7599983215332,82.0,996.0
51.560001373291016,67.5999984741211,997.0
51.7599983215332,81.16000366210938,998.0
51.79999923706055,79.5199966430664,999.0
52.040000915527344,79.44000244140625,1000.0
52.31999969482422,73.31999969482422,1001.0
52.36000061035156,83.95999908447266,1002.0
52.31999969482422,220.36000061035156,1003.0
52.439998626708984,63.119998931884766,1004.0
52.599998474121094,84.95999908447266,1005.0
52.36000061035156,68.5199966430664,1006.0
52.439998626708984,226.39999389648438,1007.0
52.31999969482422,85.83999633789062,1008.0
51.31999969482422,86.0,1009.0
51.599998474121094,84.91999816894531,1010.0
51.36000061035156,226.27999877929688,1011.0
50.599998474121094,74.0,1012.0
50.31999969482422,84.08000183105469,1013.0
49.91999816894531,83.12000274658203,1014.0
49.720001220703125,74.19999694824219,1015.0
50.31999969482422,239.9600067138672,1016.0
50.279998779296875,239.9600067138672,1017.0
51.560001373291016,72.87999725341797,1018.0
51.2400016784668,73.0,1019.0
50.84000015258789,73.12000274658203,1020.0
51.0,73.23999786376953,1021.0
50.599998474121094,72.63999938964844,1022.0
50.79999923706055,239.9600067138672,1023.0
50.560001373291016,92.63999938964844,1024.0
50.560001373291016,91.0,1025.0
50.63999938964844,69.83999633789062,1026.0
50.84000015258789,219.8000030517578,1027.0
51.599998474121094,91.76000213623047,1028.0
52.15999984741211,91.44000244140625,1029.0
52.36000061035156,219.36000061035156,1030.0
52.36000061035156,91.0,1031.0
52.400001525878906,218.0399932861328,1032.0
52.08000183105469,53.279998779296875,1033.0
51.880001068115234,52.880001068115234,1034.0
51.439998626708984,219.8800048828125,1035.0
51.79999923706055,219.0399932861328,1036.0
51.400001525878906,222.27999877929688,1037.0
51.63999938964844,88.95999908447266,1038.0
51.720001220703125,87.68000030517578,1039.0
51.63999938964844,89.44000244140625,1040.0
51.880001068115234,89.04000091552734,1041.0
51.880001068115234,88.4000015258789,1042.0
51.79999923706055,70.63999938964844,1043.0
51.599998474121094,224.67999267578125,1044.0
50.400001525878906,225.47999572753906,1045.0
50.279998779296875,225.32000732421875,1046.0
50.79999923706055,88.44000244140625,1047.0
51.400001525878906,225.39999389648438,1048.0
51.040000915527344,224.83999633789062,1049.0
51.79999923706055,224.52000427246094,1050.0
51.720001220703125,221.0,1051.0
51.7599983215332,220.47999572753906,1052.0
51.7599983215332,220.72000122070312,1053.0
51.79999923706055,239.9600067138672,1054.0
51.91999816894531,91.5999984741211,1055.0
51.279998779296875,239.9600067138672,1056.0
50.91999816894531,239.9600067138672,1057.0
50.36000061035156,239.9600067138672,1058.0
49.959999084472656,239.9600067138672,1059.0
50.0,239.9600067138672,1060.0
48.720001220703125,239.9600067138672,1061.0
48.720001220703125,91.72000122070312,1062.0
51.439998626708984,223.9600067138672,1063.0
52.0,92.5199966430664,1064.0
51.20000076293945,92.08000183105469,1065.0
51.68000030517578,92.44000244140625,1066.0
51.08000183105469,223.9600067138672,1067.0
49.880001068115234,223.8800048828125,1068.0
49.79999923706055,92.76000213623047,1069.0
50.119998931884766,92.23999786376953,1070.0
50.400001525878906,52.36000061035156,1071.0
52.31999969482422,93.19999694824219,1072.0
51.63999938964844,92.16000366210938,1073.0
51.79999923706055,91.19999694824219,1074.0
51.36000061035156,221.75999450683594,1075.0
51.400001525878906,223.72000122070312,1076.0
50.79999923706055,225.83999633789062,1077.0
50.79999923706055,90.83999633789062,1078.0
51.880001068115234,74.12000274658203,1079.0
50.880001068115234,220.24000549316406,1080.0
50.63999938964844,220.63999938964844,1081.0
51.08000183105469,220.36000061035156,1082.0
51.52000045776367,220.0399932861328,1083.0
51.720001220703125,219.39999389648438,1084.0
51.68000030517578,219.0800018310547,1085.0
51.7599983215332,218.9600067138672,1086.0
51.84000015258789,217.9199981689453,1087.0
51.2400016784668,70.76000213623047,1088.0
52.040000915527344,66.16000366210938,1089.0
52.36000061035156,71.04000091552734,1090.0
52.36000061035156,63.720001220703125,1091.0
52.36000061035156,222.55999755859375,1092.0
52.7599983215332,63.79999923706055,1093.0
52.279998779296875,219.0800018310547,1094.0
52.52000045776367,218.60000610351562,1095.0
52.52000045776367,220.0,1096.0
52.63999938964844,219.83999633789062,1097.0
52.20000076293945,220.27999877929688,1098.0
52.52000045776367,221.63999938964844,1099.0
52.52000045776367,222.67999267578125,1100.0
52.52000045776367,223.83999633789062,1101.0
52.279998779296875,224.44000244140625,1102.0
52.0,224.47999572753906,1103.0
51.959999084472656,224.27999877929688,1104.0
52.08000183105469,224.36000061035156,1105.0
51.560001373291016,89.19999694824219,1106.0
51.560001373291016,89.0,1107.0
50.599998474121094,88.87999725341797,1108.0
51.31999969482422,88.44000244140625,1109.0
52.08000183105469,88.83999633789062,1110.0
51.400001525878906,58.2400016784668,1111.0
51.400001525878906,88.83999633789062,1112.0
51.880001068115234,87.63999938964844,1113.0
51.7599983215332,217.55999755859375,1114.0
51.7599983215332,218.1199951171875,1115.0
51.47999954223633,218.36000061035156,1116.0
51.720001220703125,219.27999877929688,1117.0
51.2400016784668,219.75999450683594,1118.0
51.0,222.60000610351562,1119.0
51.2400016784668,92.23999786376953,1120.0
51.08000183105469,224.1999969482422,1121.0
51.20000076293945,51.91999816894531,1122.0
51.15999984741211,91.5999984741211,1123.0
51.15999984741211,91.80000305175781,1124.0
50.959999084472656,91.27999877929688,1125.0
51.2400016784668,221.1199951171875,1126.0
50.599998474121094,221.16000366210938,1127.0
50.7599983215332,221.16000366210938,1128.0
49.47999954223633,221.9199981689453,1129.0
51.0,221.72000122070312,1130.0
51.2400016784668,221.0,1131.0
51.36000061035156,221.39999389648438,1132.0
51.31999969482422,222.27999877929688,1133.0
51.2400016784668,223.1999969482422,1134.0
51.2400016784668,90.16000366210938,1135.0
50.91999816894531,89.72000122070312,1136.0
50.91999816894531,88.68000030517578,1137.0
51.040000915527344,94.68000030517578,1138.0
51.31999969482422,95.08000183105469,1139.0
51.68000030517578,92.91999816894531,1140.0
51.68000030517578,93.87999725341797,1141.0
51.63999938964844,92.87999725341797,1142.0
51.47999954223633,51.91999816894531,1143.0
51.84000015258789,93.19999694824219,1144.0
51.84000015258789,239.9600067138672,1145.0
51.720001220703125,112.55999755859375,1146.0
51.36000061035156,218.55999755859375,1147.0
50.47999954223633,218.72000122070312,1148.0
50.79999923706055,91.95999908447266,1149.0
50.47999954223633,92.4000015258789,1150.0
50.720001220703125,92.08000183105469,1151.0
50.63999938964844,91.63999938964844,1152.0
50.47999954223633,91.36000061035156,1153.0
50.63999938964844,91.36000061035156,1154.0
50.15999984741211,91.08000183105469,1155.0
50.15999984741211,91.76000213623047,1156.0
50.2400016784668,91.76000213623047,1157.0
50.400001525878906,91.76000213623047,1158.0
50.119998931884766,92.08000183105469,1159.0
50.400001525878906,92.23999786376953,1160.0
50.36000061035156,91.27999877929688,1161.0
50.720001220703125,92.08000183105469,1162.0
50.52000045776367,92.27999877929688,1163.0
50.68000030517578,91.23999786376953,1164.0
50.52000045776367,91.95999908447266,1165.0
50.31999969482422,91.5999984741211,1166.0
50.52000045776367,91.5999984741211,1167.0
50.7599983215332,91.4800033569336,1168.0
50.2400016784668,91.44000244140625,1169.0
50.52000045776367,91.5999984741211,1170.0
50.2400016784668,91.76000213623047,1171.0
50.31999969482422,91.55999755859375,1172.0
50.91999816894531,91.91999816894531,1173.0
50.0,91.80000305175781,1174.0
51.439998626708984,91.5999984741211,1175.0
49.63999938964844,91.5199966430664,1176.0
51.560001373291016,91.87999725341797,1177.0
51.2400016784668,91.4000015258789,1178.0
51.0,91.80000305175781,1179.0
50.560001373291016,91.27999877929688,1180.0
50.84000015258789,91.19999694824219,1181.0
50.63999938964844,90.72000122070312,1182.0
51.119998931884766,90.87999725341797,1183.0
51.040000915527344,90.83999633789062,1184.0
50.47999954223633,90.91999816894531,1185.0
51.0,90.95999908447266,1186.0
51.2400016784668,91.80000305175781,1187.0
50.08000183105469,91.76000213623047,1188.0
49.959999084472656,91.04000091552734,1189.0
50.400001525878906,90.95999908447266,1190.0
50.63999938964844,91.19999694824219,1191.0
50.119998931884766,91.19999694824219,1192.0
50.560001373291016,91.55999755859375,1193.0
50.959999084472656,91.4000015258789,1194.0
50.959999084472656,89.5999984741211,1195.0
50.08000183105469,52.0,1196.0
50.279998779296875,220.27999877929688,1197.0
50.2400016784668,220.27999877929688,1198.0
49.79999923706055,220.36000061035156,1199.0
49.84000015258789,90.68000030517578,1200.0
49.08000183105469,221.47999572753906,1201.0
49.08000183105469,221.0,1202.0
49.47999954223633,220.67999267578125,1203.0
49.720001220703125,220.63999938964844,1204.0
49.720001220703125,91.68000030517578,1205.0
50.47999954223633,91.27999877929688,1206.0
51.15999984741211,220.83999633789062,1207.0
51.15999984741211,221.55999755859375,1208.0
51.08000183105469,51.959999084472656,1209.0
50.47999954223633,51.119998931884766,1210.0
50.91999816894531,221.0800018310547,1211.0
51.15999984741211,221.0800018310547,1212.0
50.63999938964844,72.04000091552734,1213.0
50.0,81.23999786376953,1214.0
50.439998626708984,82.0,1215.0
50.439998626708984,80.91999816894531,1216.0
50.31999969482422,78.68000030517578,1217.0
50.7599983215332,51.279998779296875,1218.0
50.720001220703125,84.55999755859375,1219.0
50.84000015258789,84.55999755859375,1220.0
50.31999969482422,52.880001068115234,1221.0
50.31999969482422,52.439998626708984,1222.0
49.880001068115234,53.68000030517578,1223.0
50.15999984741211,220.16000366210938,1224.0
50.15999984741211,220.1999969482422,1225.0
50.040000915527344,219.9600067138672,1226.0
50.52000045776367,62.15999984741211,1227.0
50.599998474121094,62.119998931884766,1228.0
50.279998779296875,220.67999267578125,1229.0
49.560001373291016,63.20000076293945,1230.0
51.119998931884766,221.32000732421875,1231.0
49.47999954223633,221.83999633789062,1232.0
49.63999938964844,52.36000061035156,1233.0
50.31999969482422,94.5999984741211,1234.0
50.47999954223633,61.15999984741211,1235.0
50.720001220703125,220.36000061035156,1236.0
50.2400016784668,66.44000244140625,1237.0
50.68000030517578,219.39999389648438,1238.0
50.439998626708984,62.959999084472656,1239.0
50.91999816894531,61.20000076293945,1240.0
51.79999923706055,66.4800033569336,1241.0
51.68000030517578,66.36000061035156,1242.0
51.0,58.959999084472656,1243.0
51.119998931884766,59.439998626708984,1244.0
51.15999984741211,58.959999084472656,1245.0
51.400001525878906,59.20000076293945,1246.0
51.36000061035156,64.72000122070312,1247.0
51.63999938964844,64.68000030517578,1248.0
51.47999954223633,63.959999084472656,1249.0
51.439998626708984,63.959999084472656,1250.0
51.36000061035156,79.12000274658203,1251.0
51.2400016784668,75.4000015258789,1252.0
51.2400016784668,220.52000427246094,1253.0
50.79999923706055,66.68000030517578,1254.0
51.36000061035156,66.16000366210938,1255.0
50.91999816894531,66.80000305175781,1256.0
51.119998931884766,64.5199966430664,1257.0
51.040000915527344,79.23999786376953,1258.0
51.279998779296875,79.87999725341797,1259.0
50.040000915527344,79.19999694824219,1260.0
51.15999984741211,79.4800033569336,1261.0
50.91999816894531,223.8000030517578,1262.0
51.560001373291016,79.12000274658203,1263.0
51.599998474121094,61.91999816894531,1264.0
51.79999923706055,224.16000366210938,1265.0
51.959999084472656,239.9600067138672,1266.0
51.91999816894531,239.9600067138672,1267.0
51.720001220703125,239.9600067138672,1268.0
51.47999954223633,239.9600067138672,1269.0
51.47999954223633,60.84000015258789,1270.0
51.31999969482422,239.9600067138672,1271.0
51.279998779296875,77.4800033569336,1272.0
51.15999984741211,66.12000274658203,1273.0
51.36000061035156,55.84000015258789,1274.0
51.560001373291016,77.31999969482422,1275.0
51.0,78.63999938964844,1276.0
51.63999938964844,63.720001220703125,1277.0
51.560001373291016,239.55999755859375,1278.0
51.68000030517578,239.55999755859375,1279.0
51.52000045776367,79.23999786376953,1280.0
51.84000015258789,81.83999633789062,1281.0
52.15999984741211,84.5999984741211,1282.0
52.0,239.9600067138672,1283.0
51.119998931884766,53.52000045776367,1284.0
51.52000045776367,222.27999877929688,1285.0
51.040000915527344,52.7599983215332,1286.0
51.79999923706055,52.47999954223633,1287.0
52.0,239.9600067138672,1288.0
52.08000183105469,68.4000015258789,1289.0
51.7599983215332,109.12000274658203,1290.0
50.959999084472656,220.39999389648438,1291.0
51.279998779296875,220.72000122070312,1292.0
51.68000030517578,52.68000030517578,1293.0
50.52000045776367,53.36000061035156,1294.0
50.7599983215332,239.9600067138672,1295.0
51.040000915527344,81.08000183105469,1296.0
51.040000915527344,239.9600067138672,1297.0
50.31999969482422,239.9600067138672,1298.0
50.79999923706055,78.5999984741211,1299.0
51.63999938964844,78.4800033569336,1300.0
51.599998474121094,78.5999984741211,1301.0
51.599998474121094,79.0,1302.0
51.84000015258789,75.72000122070312,1303.0
51.880001068115234,75.4000015258789,1304.0
49.880001068115234,112.83999633789062,1305.0
52.0,112.72000122070312,1306.0
52.0,112.76000213623047,1307.0
51.84000015258789,112.55999755859375,1308.0
52.0,53.08000183105469,1309.0
52.0,53.0,1310.0
50.439998626708984,53.2400016784668,1311.0
50.79999923706055,57.91999816894531,1312.0
49.7599983215332,58.08000183105469,1313.0
50.91999816894531,57.84000015258789,1314.0
51.2400016784668,57.400001525878906,1315.0
50.7599983215332,55.52000045776367,1316.0
50.79999923706055,53.47999954223633,1317.0
51.20000076293945,222.39999389648438,1318.0
51.08000183105469,222.55999755859375,1319.0
51.959999084472656,222.1199951171875,1320.0
51.68000030517578,52.2400016784668,1321.0
51.84000015258789,218.0800018310547,1322.0
52.08000183105469,220.39999389648438,1323.0
51.880001068115234,239.9600067138672,1324.0
51.7599983215332,239.9600067138672,1325.0
51.400001525878906,51.959999084472656,1326.0
51.400001525878906,219.44000244140625,1327.0
50.84000015258789,239.9600067138672,1328.0
50.91999816894531,239.9600067138672,1329.0
50.119998931884766,239.9600067138672,1330.0
51.119998931884766,239.9600067138672,1331.0
51.63999938964844,239.9600067138672,1332.0
51.2400016784668,239.9600067138672,1333.0
51.47999954223633,220.75999450683594,1334.0
51.31999969482422,80.91999816894531,1335.0
50.7599983215332,52.040000915527344,1336.0
51.15999984741211,79.55999755859375,1337.0
51.20000076293945,225.8000030517578,1338.0
50.560001373291016,225.63999938964844,1339.0
50.84000015258789,51.52000045776367,1340.0
50.84000015258789,51.439998626708984,1341.0
50.84000015258789,51.31999969482422,1342.0
50.720001220703125,51.2400016784668,1343.0
50.7599983215332,51.560001373291016,1344.0
50.7599983215332,51.279998779296875,1345.0
50.880001068115234,51.400001525878906,1346.0
50.7599983215332,51.20000076293945,1347.0
50.84000015258789,84.63999938964844,1348.0
51.2400016784668,220.0,1349.0
51.400001525878906,220.83999633789062,1350.0
51.439998626708984,84.91999816894531,1351.0
51.47999954223633,220.60000610351562,1352.0
51.400001525878906,220.39999389648438,1353.0
50.959999084472656,86.16000366210938,1354.0
51.040000915527344,220.39999389648438,1355.0
51.119998931884766,220.16000366210938,1356.0
51.439998626708984,220.24000549316406,1357.0
51.36000061035156,219.8000030517578,1358.0
51.36000061035156,219.67999267578125,1359.0
51.52000045776367,219.36000061035156,1360.0
51.7599983215332,219.8800048828125,1361.0
51.279998779296875,219.60000610351562,1362.0
50.7599983215332,51.959999084472656,1363.0
51.720001220703125,52.36000061035156,1364.0
51.560001373291016,82.04000091552734,1365.0
51.63999938964844,77.0,1366.0
51.36000061035156,221.9199981689453,1367.0
51.36000061035156,52.84000015258789,1368.0
51.36000061035156,63.439998626708984,1369.0
51.599998474121094,221.24000549316406,1370.0
51.31999969482422,221.0399932861328,1371.0
51.2400016784668,220.75999450683594,1372.0
51.15999984741211,220.44000244140625,1373.0
50.959999084472656,61.040000915527344,1374.0
51.20000076293945,220.39999389648438,1375.0
51.400001525878906,219.9199981689453,1376.0
51.400001525878906,239.9600067138672,1377.0
51.63999938964844,82.5999984741211,1378.0
51.79999923706055,220.44000244140625,1379.0
51.880001068115234,221.0800018310547,1380.0
51.560001373291016,239.9600067138672,1381.0
51.720001220703125,221.0,1382.0
51.63999938964844,239.9600067138672,1383.0
51.2400016784668,220.72000122070312,1384.0
51.439998626708984,221.16000366210938,1385.0
51.400001525878906,220.52000427246094,1386.0
51.47999954223633,225.8000030517578,1387.0
51.47999954223633,225.72000122070312,1388.0
51.47999954223633,239.9600067138672,1389.0
51.439998626708984,63.15999984741211,1390.0
51.68000030517578,219.8000030517578,1391.0
51.47999954223633,219.9600067138672,1392.0
51.31999969482422,220.27999877929688,1393.0
51.36000061035156,220.8800048828125,1394.0
51.439998626708984,220.75999450683594,1395.0
51.400001525878906,220.9199981689453,1396.0
51.52000045776367,220.9199981689453,1397.0
51.36000061035156,220.83999633789062,1398.0
51.400001525878906,220.27999877929688,1399.0
51.2400016784668,220.27999877929688,1400.0
51.560001373291016,220.1199951171875,1401.0
51.52000045776367,220.1199951171875,1402.0
51.47999954223633,220.24000549316406,1403.0
51.599998474121094,220.1999969482422,1404.0
51.2400016784668,220.27999877929688,1405.0
51.36000061035156,220.24000549316406,1406.0
50.79999923706055,220.36000061035156,1407.0
50.91999816894531,220.52000427246094,1408.0
51.68000030517578,52.84000015258789,1409.0
50.91999816894531,220.0399932861328,1410.0
51.560001373291016,219.75999450683594,1411.0
51.720001220703125,219.67999267578125,1412.0
51.439998626708984,77.95999908447266,1413.0
51.400001525878906,52.7599983215332,1414.0
50.91999816894531,239.9600067138672,1415.0
51.52000045776367,62.20000076293945,1416.0
51.0,221.16000366210938,1417.0
50.439998626708984,239.9600067138672,1418.0
50.7599983215332,239.9600067138672,1419.0
50.7599983215332,221.72000122070312,1420.0
50.84000015258789,221.32000732421875,1421.0
51.52000045776367,221.27999877929688,1422.0
51.040000915527344,221.55999755859375,1423.0
51.08000183105469,221.0800018310547,1424.0
51.599998474121094,220.27999877929688,1425.0
51.400001525878906,220.75999450683594,1426.0
50.400001525878906,220.1199951171875,1427.0
50.15999984741211,220.0399932861328,1428.0
51.2400016784668,52.68000030517578,1429.0
49.36000061035156,219.39999389648438,1430.0
51.84000015258789,219.52000427246094,1431.0
51.880001068115234,219.0800018310547,1432.0
51.79999923706055,219.24000549316406,1433.0
51.68000030517578,220.1199951171875,1434.0
51.959999084472656,219.39999389648438,1435.0
51.959999084472656,218.16000366210938,1436.0
52.0,218.63999938964844,1437.0
51.880001068115234,218.9199981689453,1438.0
52.040000915527344,218.16000366210938,1439.0
52.20000076293945,218.75999450683594,1440.0
51.720001220703125,221.83999633789062,1441.0
51.84000015258789,239.9600067138672,1442.0
51.36000061035156,239.9600067138672,1443.0
51.439998626708984,83.4000015258789,1444.0
51.2400016784668,83.0,1445.0
50.91999816894531,220.24000549316406,1446.0
51.47999954223633,81.68000030517578,1447.0
51.63999938964844,79.83999633789062,1448.0
51.7599983215332,220.36000061035156,1449.0
51.720001220703125,225.27999877929688,1450.0
51.439998626708984,225.1199951171875,1451.0
51.20000076293945,82.19999694824219,1452.0
51.08000183105469,52.31999969482422,1453.0
51.279998779296875,82.31999969482422,1454.0
51.31999969482422,82.27999877929688,1455.0
51.31999969482422,82.19999694824219,1456.0
50.31999969482422,220.36000061035156,1457.0
51.2400016784668,82.83999633789062,1458.0
50.7599983215332,239.9600067138672,1459.0
50.400001525878906,220.44000244140625,1460.0
50.400001525878906,239.9600067138672,1461.0
51.119998931884766,88.4800033569336,1462.0
51.7599983215332,87.4800033569336,1463.0
51.47999954223633,74.4000015258789,1464.0
51.400001525878906,224.47999572753906,1465.0
51.52000045776367,220.0399932861328,1466.0
51.040000915527344,220.36000061035156,1467.0
50.119998931884766,219.47999572753906,1468.0
50.63999938964844,234.63999938964844,1469.0
49.959999084472656,234.0,1470.0
49.720001220703125,232.55999755859375,1471.0
49.91999816894531,232.47999572753906,1472.0
50.79999923706055,233.36000061035156,1473.0
51.119998931884766,239.9600067138672,1474.0
51.119998931884766,221.39999389648438,1475.0
50.959999084472656,221.83999633789062,1476.0
50.439998626708984,222.1199951171875,1477.0
50.63999938964844,222.1999969482422,1478.0
51.68000030517578,222.24000549316406,1479.0
50.040000915527344,67.31999969482422,1480.0
51.400001525878906,239.9600067138672,1481.0
49.15999984741211,239.9600067138672,1482.0
51.439998626708984,239.9600067138672,1483.0
51.439998626708984,235.39999389648438,1484.0
51.79999923706055,236.0,1485.0
51.720001220703125,239.9600067138672,1486.0
51.880001068115234,239.9600067138672,1487.0
51.79999923706055,239.9600067138672,1488.0
51.560001373291016,220.83999633789062,1489.0
51.15999984741211,239.9600067138672,1490.0
51.47999954223633,221.0800018310547,1491.0
51.040000915527344,239.9600067138672,1492.0
51.279998779296875,239.9600067138672,1493.0
51.119998931884766,220.75999450683594,1494.0
51.040000915527344,220.60000610351562,1495.0
51.2400016784668,220.60000610351562,1496.0
51.720001220703125,220.1999969482422,1497.0
51.79999923706055,220.0399932861328,1498.0
51.36000061035156,82.5999984741211,1499.0
50.720001220703125,82.36000061035156,1500.0
50.91999816894531,82.80000305175781,1501.0
50.439998626708984,218.8800048828125,1502.0
50.7599983215332,219.1199951171875,1503.0
51.0,218.9600067138672,1504.0
50.84000015258789,218.72000122070312,1505.0
51.040000915527344,66.04000091552734,1506.0
50.2400016784668,218.67999267578125,1507.0
50.720001220703125,219.0,1508.0
51.0,239.9600067138672,1509.0
51.119998931884766,239.9600067138672,1510.0
51.439998626708984,222.0,1511.0
51.400001525878906,219.36000061035156,1512.0
51.400001525878906,222.52000427246094,1513.0
51.720001220703125,219.0,1514.0
51.720001220703125,218.67999267578125,1515.0
51.400001525878906,220.9199981689453,1516.0
51.560001373291016,220.63999938964844,1517.0
51.560001373291016,52.560001373291016,1518.0
51.7599983215332,63.15999984741211,1519.0
51.7599983215332,63.84000015258789,1520.0
51.84000015258789,63.91999816894531,1521.0
50.91999816894531,97.36000061035156,1522.0
50.68000030517578,96.80000305175781,1523.0
50.47999954223633,220.60000610351562,1524.0
50.439998626708984,101.83999633789062,1525.0
50.36000061035156,239.9600067138672,1526.0
50.880001068115234,239.9600067138672,1527.0
50.91999816894531,239.9600067138672,1528.0
50.7599983215332,239.9600067138672,1529.0
50.52000045776367,239.9600067138672,1530.0
51.400001525878906,59.68000030517578,1531.0
51.79999923706055,239.9600067138672,1532.0
52.040000915527344,235.63999938964844,1533.0
51.79999923706055,232.24000549316406,1534.0
51.439998626708984,221.8000030517578,1535.0
51.63999938964844,221.32000732421875,1536.0
51.79999923706055,221.44000244140625,1537.0
50.7599983215332,221.32000732421875,1538.0
51.15999984741211,239.9600067138672,1539.0
51.31999969482422,239.9600067138672,1540.0
51.08000183105469,235.9600067138672,1541.0
51.63999938964844,235.9600067138672,1542.0
51.63999938964844,239.9600067138672,1543.0
51.79999923706055,239.9600067138672,1544.0
51.68000030517578,239.9600067138672,1545.0
50.959999084472656,60.91999816894531,1546.0
51.20000076293945,239.9600067138672,1547.0
50.91999816894531,239.9600067138672,1548.0
51.20000076293945,229.63999938964844,1549.0
51.0,230.72000122070312,1550.0
51.08000183105469,222.67999267578125,1551.0
51.040000915527344,222.0399932861328,1552.0
51.279998779296875,223.52000427246094,1553.0
51.720001220703125,56.2400016784668,1554.0
51.400001525878906,220.0,1555.0
51.7599983215332,61.36000061035156,1556.0
51.63999938964844,60.439998626708984,1557.0
51.20000076293945,60.279998779296875,1558.0
51.880001068115234,226.32000732421875,1559.0
51.959999084472656,225.83999633789062,1560.0
52.31999969482422,225.8800048828125,1561.0
51.720001220703125,225.39999389648438,1562.0
51.31999969482422,226.0399932861328,1563.0
51.52000045776367,224.0,1564.0
51.15999984741211,58.91999816894531,1565.0
51.119998931884766,60.040000915527344,1566.0
51.08000183105469,60.040000915527344,1567.0
51.08000183105469,59.599998474121094,1568.0
51.2400016784668,228.9199981689453,1569.0
51.15999984741211,239.9600067138672,1570.0
51.47999954223633,239.9600067138672,1571.0
51.31999969482422,239.9600067138672,1572.0
50.84000015258789,239.9600067138672,1573.0
51.15999984741211,219.55999755859375,1574.0
51.15999984741211,218.9199981689453,1575.0
51.79999923706055,222.83999633789062,1576.0
51.36000061035156,223.0,1577.0
50.959999084472656,223.55999755859375,1578.0
50.720001220703125,223.55999755859375,1579.0
50.599998474121094,221.52000427246094,1580.0
50.880001068115234,221.72000122070312,1581.0
50.720001220703125,220.9199981689453,1582.0
50.439998626708984,239.9600067138672,1583.0
50.2400016784668,57.63999938964844,1584.0
50.959999084472656,229.72000122070312,1585.0
51.279998779296875,93.23999786376953,1586.0
51.36000061035156,224.63999938964844,1587.0
51.84000015258789,224.8000030517578,1588.0
51.7599983215332,224.52000427246094,1589.0
51.79999923706055,224.44000244140625,1590.0
51.720001220703125,223.9600067138672,1591.0
51.84000015258789,223.32000732421875,1592.0
51.959999084472656,222.83999633789062,1593.0
51.91999816894531,222.72000122070312,1594.0
52.400001525878906,223.0800018310547,1595.0
52.31999969482422,222.52000427246094,1596.0
52.47999954223633,239.9600067138672,1597.0
52.68000030517578,54.720001220703125,1598.0
52.040000915527344,227.24000549316406,1599.0
51.08000183105469,227.63999938964844,1600.0
51.31999969482422,219.16000366210938,1601.0
51.2400016784668,220.0399932861328,1602.0
50.720001220703125,219.72000122070312,1603.0
51.2400016784668,219.9600067138672,1604.0
51.599998474121094,220.9199981689453,1605.0
51.79999923706055,220.63999938964844,1606.0
51.91999816894531,220.16000366210938,1607.0
51.68000030517578,52.560001373291016,1608.0
51.68000030517578,52.08000183105469,1609.0
51.560001373291016,220.36000061035156,1610.0
51.47999954223633,219.55999755859375,1611.0
50.720001220703125,218.24000549316406,1612.0
50.560001373291016,219.72000122070312,1613.0
50.279998779296875,219.1999969482422,1614.0
50.15999984741211,50.959999084472656,1615.0
50.0,51.31999969482422,1616.0
49.91999816894531,51.439998626708984,1617.0
50.119998931884766,218.39999389648438,1618.0
50.15999984741211,51.0,1619.0
50.0,51.720001220703125,1620.0
50.52000045776367,51.439998626708984,1621.0
51.720001220703125,52.560001373291016,1622.0
51.439998626708984,52.47999954223633,1623.0
51.560001373291016,51.599998474121094,1624.0
51.119998931884766,51.79999923706055,1625.0
50.31999969482422,51.91999816894531,1626.0
49.36000061035156,51.79999923706055,1627.0
51.279998779296875,51.959999084472656,1628.0
51.400001525878906,52.08000183105469,1629.0
51.47999954223633,219.8800048828125,1630.0
51.400001525878906,51.599998474121094,1631.0
51.2400016784668,51.79999923706055,1632.0
50.959999084472656,51.47999954223633,1633.0
50.91999816894531,52.400001525878906,1634.0
50.15999984741211,217.55999755859375,1635.0
50.720001220703125,51.439998626708984,1636.0
50.720001220703125,51.31999969482422,1637.0
51.0,51.36000061035156,1638.0
50.880001068115234,51.279998779296875,1639.0
50.91999816894531,51.68000030517578,1640.0
50.439998626708984,217.0399932861328,1641.0
50.599998474121094,216.1199951171875,1642.0
50.0,51.7599983215332,1643.0
50.31999969482422,51.36000061035156,1644.0
51.63999938964844,216.27999877929688,1645.0
50.91999816894531,52.15999984741211,1646.0
50.7599983215332,222.67999267578125,1647.0
49.79999923706055,53.08000183105469,1648.0
50.52000045776367,222.44000244140625,1649.0
51.20000076293945,53.040000915527344,1650.0
50.63999938964844,239.9600067138672,1651.0
50.31999969482422,239.9600067138672,1652.0
50.959999084472656,239.9600067138672,1653.0
50.720001220703125,239.9600067138672,1654.0
50.52000045776367,239.9600067138672,1655.0
50.560001373291016,218.1199951171875,1656.0
49.91999816894531,217.16000366210938,1657.0
49.79999923706055,216.9199981689453,1658.0
49.880001068115234,217.32000732421875,1659.0
49.91999816894531,49.84000015258789,1660.0
50.400001525878906,217.60000610351562,1661.0
50.599998474121094,217.9199981689453,1662.0
50.68000030517578,218.47999572753906,1663.0
51.31999969482422,219.27999877929688,1664.0
51.36000061035156,218.16000366210938,1665.0
51.599998474121094,219.44000244140625,1666.0
51.7599983215332,219.9199981689453,1667.0
51.68000030517578,218.8800048828125,1668.0
52.0,56.720001220703125,1669.0
51.439998626708984,52.79999923706055,1670.0
51.119998931884766,53.880001068115234,1671.0
50.880001068115234,51.47999954223633,1672.0
50.63999938964844,53.08000183105469,1673.0
50.560001373291016,52.91999816894531,1674.0
50.91999816894531,57.08000183105469,1675.0
50.84000015258789,57.08000183105469,1676.0
51.08000183105469,219.1999969482422,1677.0
51.880001068115234,219.52000427246094,1678.0
51.31999969482422,218.47999572753906,1679.0
51.119998931884766,53.040000915527344,1680.0
51.880001068115234,221.1199951171875,1681.0
51.63999938964844,63.400001525878906,1682.0
52.119998931884766,220.67999267578125,1683.0
52.08000183105469,220.52000427246094,1684.0
51.880001068115234,220.27999877929688,1685.0
51.720001220703125,219.47999572753906,1686.0
51.119998931884766,219.55999755859375,1687.0
51.119998931884766,78.5999984741211,1688.0
51.400001525878906,219.9600067138672,1689.0
51.08000183105469,221.36000061035156,1690.0
51.599998474121094,53.7599983215332,1691.0
51.68000030517578,227.72000122070312,1692.0
52.040000915527344,94.31999969482422,1693.0
51.880001068115234,57.560001373291016,1694.0
51.7599983215332,219.52000427246094,1695.0
51.63999938964844,219.47999572753906,1696.0
51.959999084472656,63.599998474121094,1697.0
52.0,63.880001068115234,1698.0
51.79999923706055,220.72000122070312,1699.0
51.959999084472656,92.36000061035156,1700.0
52.040000915527344,57.400001525878906,1701.0
52.08000183105469,57.31999969482422,1702.0
52.279998779296875,239.9600067138672,1703.0
52.31999969482422,56.52000045776367,1704.0
51.400001525878906,56.880001068115234,1705.0
50.279998779296875,58.0,1706.0
51.79999923706055,220.67999267578125,1707.0
51.52000045776367,239.9600067138672,1708.0
50.68000030517578,220.9199981689453,1709.0
50.79999923706055,220.9600067138672,1710.0
51.20000076293945,221.1999969482422,1711.0
51.36000061035156,221.39999389648438,1712.0
51.2400016784668,54.36000061035156,1713.0
51.400001525878906,220.55999755859375,1714.0
50.79999923706055,51.52000045776367,1715.0
51.560001373291016,51.560001373291016,1716.0
51.36000061035156,51.91999816894531,1717.0
51.79999923706055,52.20000076293945,1718.0
51.720001220703125,52.400001525878906,1719.0
51.560001373291016,220.60000610351562,1720.0
51.52000045776367,58.7599983215332,1721.0
52.040000915527344,58.599998474121094,1722.0
52.36000061035156,57.400001525878906,1723.0
51.2400016784668,57.08000183105469,1724.0
51.31999969482422,56.279998779296875,1725.0
51.68000030517578,54.36000061035156,1726.0
51.08000183105469,56.20000076293945,1727.0
50.79999923706055,217.0800018310547,1728.0
50.599998474121094,95.72000122070312,1729.0
51.52000045776367,97.80000305175781,1730.0
51.20000076293945,58.400001525878906,1731.0
51.79999923706055,58.119998931884766,1732.0
51.7599983215332,218.44000244140625,1733.0
51.880001068115234,119.5199966430664,1734.0
51.84000015258789,119.27999877929688,1735.0
51.2400016784668,218.24000549316406,1736.0
50.68000030517578,239.9600067138672,1737.0
50.599998474121094,220.0800018310547,1738.0
50.31999969482422,220.36000061035156,1739.0
50.599998474121094,60.119998931884766,1740.0
50.36000061035156,58.20000076293945,1741.0
50.63999938964844,220.67999267578125,1742.0
51.2400016784668,220.32000732421875,1743.0
51.15999984741211,220.60000610351562,1744.0
51.2400016784668,239.9600067138672,1745.0
51.63999938964844,239.9600067138672,1746.0
50.91999816894531,51.119998931884766,1747.0
51.0,239.9600067138672,1748.0
50.720001220703125,239.9600067138672,1749.0
50.20000076293945,239.9600067138672,1750.0
50.52000045776367,62.439998626708984,1751.0
49.439998626708984,239.9600067138672,1752.0
49.880001068115234,239.9600067138672,1753.0
49.31999969482422,219.72000122070312,1754.0
50.15999984741211,219.55999755859375,1755.0
50.119998931884766,220.1999969482422,1756.0
51.880001068115234,221.75999450683594,1757.0
51.279998779296875,221.67999267578125,1758.0
51.880001068115234,221.8800048828125,1759.0
51.20000076293945,222.0,1760.0
51.279998779296875,220.60000610351562,1761.0
51.2400016784668,221.24000549316406,1762.0
50.959999084472656,220.1199951171875,1763.0
50.68000030517578,218.75999450683594,1764.0
50.7599983215332,218.9199981689453,1765.0
49.08000183105469,62.599998474121094,1766.0
51.279998779296875,221.0800018310547,1767.0
51.040000915527344,60.7599983215332,1768.0
51.15999984741211,60.119998931884766,1769.0
51.36000061035156,59.959999084472656,1770.0
51.20000076293945,221.0800018310547,1771.0
51.15999984741211,59.63999938964844,1772.0
51.400001525878906,60.20000076293945,1773.0
51.36000061035156,59.47999954223633,1774.0
51.959999084472656,220.75999450683594,1775.0
51.52000045776367,220.60000610351562,1776.0
51.52000045776367,220.9199981689453,1777.0
52.20000076293945,221.1999969482422,1778.0
51.959999084472656,220.63999938964844,1779.0
51.91999816894531,220.39999389648438,1780.0
52.84000015258789,220.1999969482422,1781.0
52.84000015258789,220.27999877929688,1782.0
52.36000061035156,220.0,1783.0
50.36000061035156,219.36000061035156,1784.0
50.63999938964844,219.9600067138672,1785.0
51.36000061035156,220.1199951171875,1786.0
50.720001220703125,51.040000915527344,1787.0
51.040000915527344,55.040000915527344,1788.0
51.15999984741211,218.72000122070312,1789.0
50.599998474121094,59.400001525878906,1790.0
50.959999084472656,217.60000610351562,1791.0
50.68000030517578,216.52000427246094,1792.0
50.7599983215332,217.52000427246094,1793.0
50.63999938964844,218.8800048828125,1794.0
50.79999923706055,217.75999450683594,1795.0
50.91999816894531,219.52000427246094,1796.0
51.0,218.8000030517578,1797.0
50.36000061035156,78.80000305175781,1798.0
50.47999954223633,81.68000030517578,1799.0
51.15999984741211,220.16000366210938,1800.0
51.400001525878906,80.91999816894531,1801.0
51.720001220703125,218.39999389648438,1802.0
51.599998474121094,218.0,1803.0
51.599998474121094,218.63999938964844,1804.0
51.63999938964844,219.83999633789062,1805.0
51.79999923706055,220.36000061035156,1806.0
51.47999954223633,220.16000366210938,1807.0
51.560001373291016,220.44000244140625,1808.0
51.84000015258789,219.1199951171875,1809.0
51.7599983215332,219.27999877929688,1810.0
51.599998474121094,218.47999572753906,1811.0
51.040000915527344,91.19999694824219,1812.0
51.040000915527344,239.9600067138672,1813.0
50.720001220703125,51.91999816894531,1814.0
51.15999984741211,51.91999816894531,1815.0
51.08000183105469,221.36000061035156,1816.0
51.08000183105469,51.79999923706055,1817.0
51.36000061035156,51.84000015258789,1818.0
51.36000061035156,52.0,1819.0
51.68000030517578,52.400001525878906,1820.0
51.91999816894531,61.279998779296875,1821.0
51.720001220703125,61.560001373291016,1822.0
51.279998779296875,62.279998779296875,1823.0
51.2400016784668,62.279998779296875,1824.0
51.599998474121094,62.20000076293945,1825.0
52.040000915527344,217.32000732421875,1826.0
51.959999084472656,62.439998626708984,1827.0
52.599998474121094,217.32000732421875,1828.0
52.52000045776367,217.63999938964844,1829.0
51.400001525878906,229.44000244140625,1830.0
52.439998626708984,229.47999572753906,1831.0
52.7599983215332,229.63999938964844,1832.0
51.47999954223633,61.959999084472656,1833.0
50.040000915527344,62.68000030517578,1834.0
50.08000183105469,62.68000030517578,1835.0
51.720001220703125,239.9600067138672,1836.0
52.040000915527344,227.24000549316406,1837.0
51.720001220703125,228.44000244140625,1838.0
51.15999984741211,56.47999954223633,1839.0
51.560001373291016,225.8800048828125,1840.0
50.52000045776367,225.39999389648438,1841.0
50.119998931884766,58.439998626708984,1842.0
49.2400016784668,58.52000045776367,1843.0
49.08000183105469,217.24000549316406,1844.0
49.119998931884766,214.36000061035156,1845.0
50.79999923706055,212.9600067138672,1846.0
51.08000183105469,215.24000549316406,1847.0
50.720001220703125,217.63999938964844,1848.0
51.119998931884766,62.439998626708984,1849.0
52.599998474121094,219.63999938964844,1850.0
51.959999084472656,93.0,1851.0
51.880001068115234,93.08000183105469,1852.0
51.15999984741211,92.68000030517578,1853.0
51.119998931884766,226.9199981689453,1854.0
50.91999816894531,226.75999450683594,1855.0
51.15999984741211,63.560001373291016,1856.0
51.0,63.79999923706055,1857.0
50.7599983215332,62.880001068115234,1858.0
51.15999984741211,63.31999969482422,1859.0
50.7599983215332,217.8000030517578,1860.0
50.84000015258789,217.63999938964844,1861.0
50.400001525878906,218.0800018310547,1862.0
50.0,56.68000030517578,1863.0
50.2400016784668,56.52000045776367,1864.0
48.040000915527344,56.20000076293945,1865.0
47.279998779296875,52.959999084472656,1866.0
48.400001525878906,57.2400016784668,1867.0
49.20000076293945,57.0,1868.0
50.040000915527344,239.9600067138672,1869.0
51.2400016784668,239.9600067138672,1870.0
217.55999755859375,228.27999877929688,1871.0
51.2400016784668,239.9600067138672,1872.0
51.119998931884766,239.9600067138672,1873.0
50.91999816894531,239.9600067138672,1874.0
51.560001373291016,74.16000366210938,1875.0
50.84000015258789,75.16000366210938,1876.0
50.20000076293945,73.55999755859375,1877.0
51.15999984741211,72.5999984741211,1878.0
50.599998474121094,219.72000122070312,1879.0
51.15999984741211,218.9199981689453,1880.0
50.439998626708984,219.44000244140625,1881.0
51.880001068115234,57.84000015258789,1882.0
51.880001068115234,219.0399932861328,1883.0
51.36000061035156,57.560001373291016,1884.0
51.040000915527344,58.119998931884766,1885.0
50.68000030517578,84.83999633789062,1886.0
51.08000183105469,239.9600067138672,1887.0
51.20000076293945,67.83999633789062,1888.0
50.91999816894531,225.52000427246094,1889.0
51.15999984741211,68.76000213623047,1890.0
51.63999938964844,65.63999938964844,1891.0
51.560001373291016,64.08000183105469,1892.0
51.880001068115234,64.23999786376953,1893.0
51.959999084472656,63.79999923706055,1894.0
51.720001220703125,64.04000091552734,1895.0
51.52000045776367,239.9600067138672,1896.0
51.84000015258789,239.9600067138672,1897.0
51.47999954223633,218.52000427246094,1898.0
50.599998474121094,219.55999755859375,1899.0
51.08000183105469,220.52000427246094,1900.0
51.2400016784668,220.32000732421875,1901.0
51.79999923706055,99.83999633789062,1902.0
51.15999984741211,239.9600067138672,1903.0
51.279998779296875,239.9600067138672,1904.0
49.36000061035156,56.7599983215332,1905.0
51.2400016784668,57.15999984741211,1906.0
51.560001373291016,77.04000091552734,1907.0
51.47999954223633,218.16000366210938,1908.0
50.63999938964844,51.720001220703125,1909.0
51.560001373291016,214.32000732421875,1910.0
51.7599983215332,217.1199951171875,1911.0
51.47999954223633,220.0,1912.0
51.439998626708984,239.9600067138672,1913.0
51.47999954223633,103.68000030517578,1914.0
51.2400016784668,239.9600067138672,1915.0
51.08000183105469,51.79999923706055,1916.0
51.15999984741211,239.9600067138672,1917.0
50.279998779296875,239.9600067138672,1918.0
49.84000015258789,219.44000244140625,1919.0
50.279998779296875,239.9600067138672,1920.0
49.2400016784668,60.68000030517578,1921.0
49.08000183105469,59.15999984741211,1922.0
48.52000045776367,239.9600067138672,1923.0
49.880001068115234,57.880001068115234,1924.0
47.7599983215332,57.560001373291016,1925.0
48.63999938964844,57.400001525878906,1926.0
51.15999984741211,57.560001373291016,1927.0
50.47999954223633,57.2400016784668,1928.0
51.68000030517578,215.47999572753906,1929.0
51.439998626708984,215.55999755859375,1930.0
51.0,217.75999450683594,1931.0
51.0,239.9600067138672,1932.0
50.400001525878906,239.9600067138672,1933.0
50.20000076293945,235.9600067138672,1934.0
49.47999954223633,235.55999755859375,1935.0
49.7599983215332,235.47999572753906,1936.0
51.0,236.1999969482422,1937.0
51.119998931884766,235.52000427246094,1938.0
51.400001525878906,236.52000427246094,1939.0
51.720001220703125,237.0,1940.0
53.0,237.0399932861328,1941.0
50.20000076293945,236.60000610351562,1942.0
52.79999923706055,236.1199951171875,1943.0
52.36000061035156,236.36000061035156,1944.0
52.7599983215332,239.9600067138672,1945.0
50.08000183105469,236.83999633789062,1946.0
52.08000183105469,236.67999267578125,1947.0
52.79999923706055,239.9600067138672,1948.0
51.79999923706055,239.9600067138672,1949.0
52.68000030517578,239.9600067138672,1950.0
52.279998779296875,239.9600067138672,1951.0
50.91999816894531,56.2400016784668,1952.0
51.91999816894531,55.31999969482422,1953.0
51.31999969482422,235.8800048828125,1954.0
52.36000061035156,55.400001525878906,1955.0
50.959999084472656,57.47999954223633,1956.0
51.08000183105469,56.91999816894531,1957.0
51.959999084472656,57.720001220703125,1958.0
51.599998474121094,57.560001373291016,1959.0
51.880001068115234,239.9600067138672,1960.0
51.959999084472656,239.9600067138672,1961.0
51.79999923706055,239.9600067138672,1962.0
51.2400016784668,62.79999923706055,1963.0
51.63999938964844,59.91999816894531,1964.0
51.560001373291016,64.31999969482422,1965.0
51.279998779296875,65.87999725341797,1966.0
51.36000061035156,65.63999938964844,1967.0
51.79999923706055,239.9600067138672,1968.0
51.560001373291016,65.44000244140625,1969.0
51.720001220703125,239.9600067138672,1970.0
52.279998779296875,65.83999633789062,1971.0
51.880001068115234,65.80000305175781,1972.0
50.439998626708984,65.72000122070312,1973.0
51.0,65.95999908447266,1974.0
51.15999984741211,237.8000030517578,1975.0
50.84000015258789,68.27999877929688,1976.0
52.63999938964844,56.68000030517578,1977.0
51.720001220703125,220.9199981689453,1978.0
51.560001373291016,99.95999908447266,1979.0
52.0,220.83999633789062,1980.0
51.560001373291016,220.8000030517578,1981.0
50.560001373291016,220.0399932861328,1982.0
51.47999954223633,220.16000366210938,1983.0
51.279998779296875,220.0399932861328,1984.0
51.79999923706055,219.67999267578125,1985.0
51.119998931884766,219.83999633789062,1986.0
51.400001525878906,218.8000030517578,1987.0
51.15999984741211,218.8800048828125,1988.0
51.040000915527344,217.8800048828125,1989.0
50.599998474121094,66.44000244140625,1990.0
50.7599983215332,58.2400016784668,1991.0
51.15999984741211,65.87999725341797,1992.0
51.15999984741211,67.55999755859375,1993.0
50.599998474121094,66.5199966430664,1994.0
50.560001373291016,58.0,1995.0
50.20000076293945,58.439998626708984,1996.0
51.15999984741211,239.9600067138672,1997.0
48.439998626708984,57.7599983215332,1998.0
51.08000183105469,239.9600067138672,1999.0
50.36000061035156,221.52000427246094,2000.0
50.52000045776367,221.1199951171875,2001.0
52.0,77.80000305175781,2002.0
51.720001220703125,221.1199951171875,2003.0
50.79999923706055,221.24000549316406,2004.0
51.400001525878906,221.47999572753906,2005.0
51.7599983215332,221.0399932861328,2006.0
51.720001220703125,221.16000366210938,2007.0
50.7599983215332,56.0,2008.0
50.7599983215332,221.36000061035156,2009.0
51.119998931884766,220.0800018310547,2010.0
52.08000183105469,52.959999084472656,2011.0
52.08000183105469,53.20000076293945,2012.0
52.119998931884766,53.47999954223633,2013.0
52.439998626708984,53.08000183105469,2014.0
52.439998626708984,52.91999816894531,2015.0
52.15999984741211,52.880001068115234,2016.0
51.720001220703125,53.119998931884766,2017.0
51.2400016784668,52.47999954223633,2018.0
50.08000183105469,52.84000015258789,2019.0
50.20000076293945,53.08000183105469,2020.0
50.7599983215332,52.68000030517578,2021.0
50.84000015258789,52.7599983215332,2022.0
50.31999969482422,52.31999969482422,2023.0
50.31999969482422,53.31999969482422,2024.0
50.91999816894531,53.400001525878906,2025.0
51.31999969482422,218.67999267578125,2026.0
51.20000076293945,219.8800048828125,2027.0
50.7599983215332,216.9199981689453,2028.0
50.52000045776367,216.83999633789062,2029.0
51.560001373291016,218.83999633789062,2030.0
51.08000183105469,218.0,2031.0
50.720001220703125,217.32000732421875,2032.0
50.36000061035156,217.24000549316406,2033.0
50.119998931884766,218.72000122070312,2034.0
50.20000076293945,55.68000030517578,2035.0
50.040000915527344,217.0,2036.0
49.2400016784668,73.83999633789062,2037.0
49.20000076293945,216.1999969482422,2038.0
50.08000183105469,215.8800048828125,2039.0
215.83999633789062,215.8800048828125,2040.0
49.720001220703125,216.44000244140625,2041.0
50.0,215.83999633789062,2042.0
49.959999084472656,216.44000244140625,2043.0
50.84000015258789,216.44000244140625,2044.0
50.599998474121094,216.27999877929688,2045.0
50.08000183105469,216.27999877929688,2046.0
50.68000030517578,216.36000061035156,2047.0
51.31999969482422,217.24000549316406,2048.0
50.36000061035156,217.32000732421875,2049.0
49.599998474121094,216.75999450683594,2050.0
50.63999938964844,216.52000427246094,2051.0
50.279998779296875,217.24000549316406,2052.0
50.560001373291016,216.16000366210938,2053.0
50.68000030517578,76.04000091552734,2054.0
50.560001373291016,239.9600067138672,2055.0
52.36000061035156,82.68000030517578,2056.0
52.119998931884766,239.9600067138672,2057.0
51.560001373291016,239.9600067138672,2058.0
52.15999984741211,239.9600067138672,2059.0
51.91999816894531,81.63999938964844,2060.0
51.79999923706055,61.2400016784668,2061.0
51.720001220703125,74.08000183105469,2062.0
51.560001373291016,74.27999877929688,2063.0
51.560001373291016,73.08000183105469,2064.0
51.47999954223633,81.68000030517578,2065.0
51.279998779296875,81.95999908447266,2066.0
51.279998779296875,81.08000183105469,2067.0
51.15999984741211,81.4800033569336,2068.0
50.31999969482422,216.52000427246094,2069.0
50.279998779296875,83.0,2070.0
50.7599983215332,82.04000091552734,2071.0
51.2400016784668,82.0,2072.0
51.47999954223633,81.12000274658203,2073.0
50.68000030517578,76.08000183105469,2074.0
50.91999816894531,76.5199966430664,2075.0
51.400001525878906,239.9600067138672,2076.0
51.52000045776367,239.9600067138672,2077.0
51.439998626708984,80.4000015258789,2078.0
51.08000183105469,239.9600067138672,2079.0
50.52000045776367,73.87999725341797,2080.0
50.91999816894531,74.04000091552734,2081.0
50.47999954223633,239.9600067138672,2082.0
50.20000076293945,73.72000122070312,2083.0
50.2400016784668,82.08000183105469,2084.0
49.79999923706055,82.55999755859375,2085.0
49.599998474121094,74.63999938964844,2086.0
49.959999084472656,83.4000015258789,2087.0
49.36000061035156,83.5999984741211,2088.0
50.52000045776367,82.12000274658203,2089.0
50.08000183105469,81.31999969482422,2090.0
50.720001220703125,76.5199966430664,2091.0
50.91999816894531,217.47999572753906,2092.0
50.63999938964844,217.36000061035156,2093.0
50.560001373291016,217.1999969482422,2094.0
50.63999938964844,216.55999755859375,2095.0
50.84000015258789,217.55999755859375,2096.0
51.15999984741211,74.5999984741211,2097.0
50.040000915527344,83.04000091552734,2098.0
49.880001068115234,82.16000366210938,2099.0
216.55999755859375,53.36000061035156,2100.0
51.880001068115234,219.60000610351562,2101.0
52.20000076293945,69.87999725341797,2102.0
51.91999816894531,69.23999786376953,2103.0
52.040000915527344,82.63999938964844,2104.0
51.439998626708984,220.8000030517578,2105.0
50.31999969482422,221.39999389648438,2106.0
52.08000183105469,65.31999969482422,2107.0
51.720001220703125,64.4000015258789,2108.0
51.47999954223633,64.23999786376953,2109.0
51.84000015258789,64.0,2110.0
50.08000183105469,63.279998779296875,2111.0
51.84000015258789,63.52000045776367,2112.0
51.91999816894531,63.47999954223633,2113.0
52.279998779296875,63.52000045776367,2114.0
49.68000030517578,53.36000061035156,2115.0
50.119998931884766,53.0,2116.0
49.20000076293945,52.119998931884766,2117.0
49.119998931884766,52.439998626708984,2118.0
49.720001220703125,53.63999938964844,2119.0
49.720001220703125,53.91999816894531,2120.0
52.040000915527344,53.959999084472656,2121.0
52.279998779296875,61.880001068115234,2122.0
49.15999984741211,216.75999450683594,2123.0
49.15999984741211,216.83999633789062,2124.0
49.79999923706055,216.75999450683594,2125.0
50.880001068115234,217.16000366210938,2126.0
51.720001220703125,217.72000122070312,2127.0
50.91999816894531,216.72000122070312,2128.0
51.400001525878906,239.9600067138672,2129.0
51.560001373291016,220.8800048828125,2130.0
51.79999923706055,58.08000183105469,2131.0
51.63999938964844,58.20000076293945,2132.0
51.560001373291016,58.52000045776367,2133.0
51.52000045776367,224.47999572753906,2134.0
51.880001068115234,61.08000183105469,2135.0
51.560001373291016,224.8000030517578,2136.0
51.880001068115234,62.119998931884766,2137.0
51.880001068115234,61.15999984741211,2138.0
52.31999969482422,57.68000030517578,2139.0
52.560001373291016,56.20000076293945,2140.0
47.52000045776367,55.68000030517578,2141.0
48.119998931884766,55.91999816894531,2142.0
47.84000015258789,57.31999969482422,2143.0
50.720001220703125,239.9600067138672,2144.0
51.439998626708984,55.63999938964844,2145.0
52.7599983215332,55.79999923706055,2146.0
51.880001068115234,54.439998626708984,2147.0
52.0,225.52000427246094,2148.0
51.7599983215332,54.599998474121094,2149.0
51.560001373291016,224.83999633789062,2150.0
51.2400016784668,53.15999984741211,2151.0
51.400001525878906,225.39999389648438,2152.0
51.119998931884766,225.83999633789062,2153.0
51.47999954223633,225.63999938964844,2154.0
51.439998626708984,62.119998931884766,2155.0
51.2400016784668,225.32000732421875,2156.0
51.560001373291016,58.400001525878906,2157.0
51.2400016784668,57.36000061035156,2158.0
51.2400016784668,57.7599983215332,2159.0
51.119998931884766,58.599998474121094,2160.0
51.7599983215332,221.63999938964844,2161.0
51.959999084472656,221.32000732421875,2162.0
51.79999923706055,221.0800018310547,2163.0
51.7599983215332,221.16000366210938,2164.0
51.79999923706055,59.31999969482422,2165.0
52.68000030517578,87.12000274658203,2166.0
51.91999816894531,221.9600067138672,2167.0
51.79999923706055,223.0,2168.0
51.08000183105469,224.52000427246094,2169.0
51.52000045776367,225.24000549316406,2170.0
51.20000076293945,225.0399932861328,2171.0
51.560001373291016,58.959999084472656,2172.0
51.119998931884766,59.400001525878906,2173.0
47.31999969482422,59.84000015258789,2174.0
52.040000915527344,60.2400016784668,2175.0
47.0,57.91999816894531,2176.0
46.31999969482422,57.79999923706055,2177.0
51.15999984741211,57.0,2178.0
45.91999816894531,57.560001373291016,2179.0
45.79999923706055,237.55999755859375,2180.0
51.400001525878906,239.9600067138672,2181.0
45.63999938964844,237.16000366210938,2182.0
50.959999084472656,58.720001220703125,2183.0
51.560001373291016,58.7599983215332,2184.0
51.63999938964844,58.91999816894531,2185.0
51.84000015258789,67.55999755859375,2186.0
51.68000030517578,60.15999984741211,2187.0
51.79999923706055,235.24000549316406,2188.0
51.68000030517578,239.9600067138672,2189.0
51.36000061035156,59.040000915527344,2190.0
50.7599983215332,57.63999938964844,2191.0
51.560001373291016,56.2400016784668,2192.0
51.63999938964844,56.91999816894531,2193.0
49.68000030517578,236.9199981689453,2194.0
50.31999969482422,58.0,2195.0
49.959999084472656,57.47999954223633,2196.0
50.08000183105469,51.08000183105469,2197.0
47.279998779296875,235.9600067138672,2198.0
48.47999954223633,239.9600067138672,2199.0
47.68000030517578,51.84000015258789,2200.0
49.7599983215332,80.04000091552734,2201.0
48.15999984741211,236.60000610351562,2202.0
50.599998474121094,80.4000015258789,2203.0
50.47999954223633,80.63999938964844,2204.0
50.47999954223633,216.67999267578125,2205.0
50.880001068115234,79.5999984741211,2206.0
51.0,79.0,2207.0
50.91999816894531,76.04000091552734,2208.0
50.91999816894531,216.67999267578125,2209.0
52.279998779296875,216.67999267578125,2210.0
51.279998779296875,216.75999450683594,2211.0
50.84000015258789,216.8000030517578,2212.0
50.2400016784668,217.8000030517578,2213.0
49.880001068115234,219.1999969482422,2214.0
49.720001220703125,56.47999954223633,2215.0
49.31999969482422,239.9600067138672,2216.0
49.439998626708984,239.9600067138672,2217.0
49.7599983215332,239.9600067138672,2218.0
50.279998779296875,239.9600067138672,2219.0
50.20000076293945,239.9600067138672,2220.0
49.91999816894531,239.9600067138672,2221.0
50.279998779296875,239.9600067138672,2222.0
50.7599983215332,239.9600067138672,2223.0
50.720001220703125,239.9600067138672,2224.0
50.36000061035156,239.52000427246094,2225.0
50.68000030517578,239.9600067138672,2226.0
50.599998474121094,88.4800033569336,2227.0
48.560001373291016,239.9600067138672,2228.0
48.400001525878906,87.31999969482422,2229.0
48.560001373291016,239.9600067138672,2230.0
49.720001220703125,87.44000244140625,2231.0
49.84000015258789,239.9600067138672,2232.0
50.52000045776367,235.8000030517578,2233.0
49.880001068115234,58.36000061035156,2234.0
50.279998779296875,239.9600067138672,2235.0
50.63999938964844,82.5199966430664,2236.0
50.599998474121094,88.4800033569336,2237.0
50.959999084472656,86.87999725341797,2238.0
50.31999969482422,87.80000305175781,2239.0
50.400001525878906,239.9600067138672,2240.0
50.279998779296875,219.72000122070312,2241.0
50.439998626708984,219.63999938964844,2242.0
50.2400016784668,219.47999572753906,2243.0
49.79999923706055,239.9600067138672,2244.0
50.040000915527344,218.72000122070312,2245.0
49.880001068115234,218.47999572753906,2246.0
51.400001525878906,64.72000122070312,2247.0
51.68000030517578,64.16000366210938,2248.0
52.84000015258789,220.0800018310547,2249.0
52.91999816894531,219.16000366210938,2250.0
53.08000183105469,218.75999450683594,2251.0
53.15999984741211,217.75999450683594,2252.0
52.119998931884766,219.0,2253.0
51.040000915527344,218.60000610351562,2254.0
51.119998931884766,218.8000030517578,2255.0
51.2400016784668,218.0800018310547,2256.0
51.2400016784668,218.1999969482422,2257.0
51.31999969482422,218.75999450683594,2258.0
51.15999984741211,220.0800018310547,2259.0
52.0,222.8800048828125,2260.0
51.91999816894531,55.7599983215332,2261.0
52.119998931884766,54.599998474121094,2262.0
51.279998779296875,87.76000213623047,2263.0
50.720001220703125,239.27999877929688,2264.0
50.599998474121094,85.95999908447266,2265.0
50.47999954223633,239.9600067138672,2266.0
50.880001068115234,83.87999725341797,2267.0
51.119998931884766,239.9600067138672,2268.0
51.439998626708984,239.9600067138672,2269.0
51.400001525878906,239.9600067138672,2270.0
51.279998779296875,239.9600067138672,2271.0
51.47999954223633,239.9600067138672,2272.0
51.2400016784668,239.9600067138672,2273.0
51.36000061035156,224.83999633789062,2274.0
51.36000061035156,65.19999694824219,2275.0
51.2400016784668,66.19999694824219,2276.0
51.439998626708984,224.24000549316406,2277.0
52.20000076293945,224.83999633789062,2278.0
51.31999969482422,225.39999389648438,2279.0
50.63999938964844,225.0800018310547,2280.0
51.36000061035156,225.47999572753906,2281.0
51.2400016784668,224.83999633789062,2282.0
51.31999969482422,225.39999389648438,2283.0
51.0,223.60000610351562,2284.0
51.119998931884766,58.599998474121094,2285.0
51.720001220703125,223.55999755859375,2286.0
51.68000030517578,223.9600067138672,2287.0
51.68000030517578,223.0399932861328,2288.0
51.68000030517578,223.39999389648438,2289.0
51.720001220703125,62.84000015258789,2290.0
51.63999938964844,223.52000427246094,2291.0
50.91999816894531,60.560001373291016,2292.0
51.0,59.08000183105469,2293.0
51.20000076293945,64.19999694824219,2294.0
51.68000030517578,62.7599983215332,2295.0
51.63999938964844,223.72000122070312,2296.0
51.439998626708984,221.9600067138672,2297.0
51.36000061035156,223.63999938964844,2298.0
51.36000061035156,61.52000045776367,2299.0
51.400001525878906,61.68000030517578,2300.0
50.68000030517578,223.0,2301.0
50.91999816894531,222.1199951171875,2302.0
50.91999816894531,222.55999755859375,2303.0
51.560001373291016,66.68000030517578,2304.0
51.36000061035156,217.0800018310547,2305.0
51.2400016784668,221.16000366210938,2306.0
51.47999954223633,220.47999572753906,2307.0
51.36000061035156,82.0,2308.0
51.560001373291016,221.16000366210938,2309.0
51.560001373291016,66.31999969482422,2310.0
50.79999923706055,220.75999450683594,2311.0
51.15999984741211,220.52000427246094,2312.0
51.15999984741211,220.27999877929688,2313.0
50.91999816894531,220.27999877929688,2314.0
50.720001220703125,220.36000061035156,2315.0
51.2400016784668,218.44000244140625,2316.0
52.52000045776367,64.5199966430664,2317.0
52.08000183105469,63.040000915527344,2318.0
52.20000076293945,217.9199981689453,2319.0
52.08000183105469,63.720001220703125,2320.0
52.880001068115234,63.2400016784668,2321.0
51.959999084472656,63.599998474121094,2322.0
51.720001220703125,53.31999969482422,2323.0
51.2400016784668,53.2400016784668,2324.0
51.7599983215332,217.47999572753906,2325.0
50.279998779296875,62.84000015258789,2326.0
50.20000076293945,62.91999816894531,2327.0
50.040000915527344,62.36000061035156,2328.0
49.91999816894531,49.959999084472656,2329.0
50.560001373291016,50.439998626708984,2330.0
50.720001220703125,50.68000030517578,2331.0
50.47999954223633,51.400001525878906,2332.0
50.7599983215332,218.39999389648438,2333.0
50.20000076293945,52.91999816894531,2334.0
49.52000045776367,55.439998626708984,2335.0
49.0,53.47999954223633,2336.0
51.560001373291016,52.68000030517578,2337.0
51.880001068115234,51.79999923706055,2338.0
51.880001068115234,51.31999969482422,2339.0
51.400001525878906,51.79999923706055,2340.0
51.63999938964844,52.439998626708984,2341.0
51.2400016784668,63.880001068115234,2342.0
51.2400016784668,65.19999694824219,2343.0
51.560001373291016,65.0,2344.0
51.2400016784668,64.72000122070312,2345.0
51.15999984741211,64.5199966430664,2346.0
52.0,221.60000610351562,2347.0
50.91999816894531,83.87999725341797,2348.0
53.52000045776367,221.27999877929688,2349.0
52.119998931884766,217.63999938964844,2350.0
51.279998779296875,56.91999816894531,2351.0
51.08000183105469,57.08000183105469,2352.0
51.31999969482422,54.52000045776367,2353.0
51.31999969482422,51.599998474121094,2354.0
51.439998626708984,51.52000045776367,2355.0
50.880001068115234,50.91999816894531,2356.0
51.439998626708984,52.279998779296875,2357.0
51.0,51.400001525878906,2358.0
51.36000061035156,51.400001525878906,2359.0
51.040000915527344,58.119998931884766,2360.0
51.400001525878906,221.63999938964844,2361.0
51.15999984741211,221.72000122070312,2362.0
50.720001220703125,58.0,2363.0
50.439998626708984,57.959999084472656,2364.0
50.08000183105469,57.36000061035156,2365.0
50.7599983215332,222.32000732421875,2366.0
50.599998474121094,63.15999984741211,2367.0
50.79999923706055,56.31999969482422,2368.0
53.119998931884766,84.23999786376953,2369.0
53.0,55.79999923706055,2370.0
50.599998474121094,55.400001525878906,2371.0
50.400001525878906,55.63999938964844,2372.0
50.84000015258789,56.08000183105469,2373.0
51.0,55.79999923706055,2374.0
50.91999816894531,54.7599983215332,2375.0
50.91999816894531,54.36000061035156,2376.0
50.79999923706055,239.9600067138672,2377.0
51.560001373291016,57.15999984741211,2378.0
51.68000030517578,57.040000915527344,2379.0
51.31999969482422,57.040000915527344,2380.0
56.560001373291016,56.720001220703125,2381.0
55.7599983215332,56.68000030517578,2382.0
55.7599983215332,56.52000045776367,2383.0
54.63999938964844,56.0,2384.0
53.7599983215332,55.599998474121094,2385.0
52.7599983215332,56.08000183105469,2386.0
51.08000183105469,55.63999938964844,2387.0
51.2400016784668,55.52000045776367,2388.0
50.91999816894531,56.439998626708984,2389.0
51.15999984741211,56.599998474121094,2390.0
51.2400016784668,64.4000015258789,2391.0
50.720001220703125,55.79999923706055,2392.0
50.599998474121094,60.880001068115234,2393.0
50.84000015258789,221.0,2394.0
51.31999969482422,63.119998931884766,2395.0
51.0,221.75999450683594,2396.0
50.599998474121094,222.63999938964844,2397.0
50.84000015258789,87.04000091552734,2398.0
51.08000183105469,86.83999633789062,2399.0
50.7599983215332,239.9600067138672,2400.0
50.560001373291016,239.9600067138672,2401.0
50.439998626708984,86.19999694824219,2402.0
50.279998779296875,222.0800018310547,2403.0
50.279998779296875,63.2400016784668,2404.0
49.959999084472656,62.91999816894531,2405.0
49.959999084472656,222.55999755859375,2406.0
49.720001220703125,55.63999938964844,2407.0
49.959999084472656,68.5199966430664,2408.0
49.959999084472656,55.79999923706055,2409.0
50.7599983215332,68.91999816894531,2410.0
55.400001525878906,67.31999969482422,2411.0
55.560001373291016,222.32000732421875,2412.0
55.400001525878906,222.47999572753906,2413.0
55.720001220703125,223.0399932861328,2414.0
54.84000015258789,222.75999450683594,2415.0
51.560001373291016,55.79999923706055,2416.0
52.040000915527344,55.7599983215332,2417.0
51.79999923706055,64.95999908447266,2418.0
51.68000030517578,64.23999786376953,2419.0
52.400001525878906,66.44000244140625,2420.0
51.79999923706055,63.20000076293945,2421.0
51.7599983215332,52.040000915527344,2422.0
51.7599983215332,52.119998931884766,2423.0
51.08000183105469,51.79999923706055,2424.0
51.720001220703125,52.7599983215332,2425.0
51.84000015258789,61.20000076293945,2426.0
51.2400016784668,61.15999984741211,2427.0
50.720001220703125,61.63999938964844,2428.0
50.439998626708984,223.0,2429.0
50.63999938964844,62.36000061035156,2430.0
50.63999938964844,212.67999267578125,2431.0
51.79999923706055,63.2400016784668,2432.0
50.68000030517578,98.44000244140625,2433.0
51.720001220703125,63.400001525878906,2434.0
50.31999969482422,64.19999694824219,2435.0
51.0,63.08000183105469,2436.0
49.959999084472656,63.720001220703125,2437.0
50.119998931884766,63.2400016784668,2438.0
49.720001220703125,62.63999938964844,2439.0
49.47999954223633,63.040000915527344,2440.0
50.279998779296875,222.55999755859375,2441.0
49.7599983215332,62.7599983215332,2442.0
51.720001220703125,222.67999267578125,2443.0
49.959999084472656,62.91999816894531,2444.0
52.880001068115234,62.7599983215332,2445.0
52.040000915527344,63.08000183105469,2446.0
53.31999969482422,62.84000015258789,2447.0
52.7599983215332,63.2400016784668,2448.0
53.959999084472656,63.880001068115234,2449.0
51.880001068115234,64.5199966430664,2450.0
52.84000015258789,63.880001068115234,2451.0
52.959999084472656,225.1999969482422,2452.0
52.720001220703125,97.5199966430664,2453.0
51.439998626708984,58.599998474121094,2454.0
51.36000061035156,59.2400016784668,2455.0
51.560001373291016,59.2400016784668,2456.0
51.68000030517578,97.68000030517578,2457.0
51.439998626708984,61.84000015258789,2458.0
51.560001373291016,62.7599983215332,2459.0
51.959999084472656,62.959999084472656,2460.0
51.959999084472656,62.84000015258789,2461.0
51.880001068115234,62.880001068115234,2462.0
51.959999084472656,62.7599983215332,2463.0
51.959999084472656,62.959999084472656,2464.0
51.880001068115234,59.79999923706055,2465.0
51.79999923706055,62.599998474121094,2466.0
51.7599983215332,61.63999938964844,2467.0
51.880001068115234,59.279998779296875,2468.0
51.880001068115234,224.16000366210938,2469.0
52.36000061035156,61.63999938964844,2470.0
52.119998931884766,62.36000061035156,2471.0
51.15999984741211,224.75999450683594,2472.0
52.0,60.36000061035156,2473.0
52.279998779296875,61.31999969482422,2474.0
51.79999923706055,61.560001373291016,2475.0
57.63999938964844,59.560001373291016,2476.0
51.720001220703125,61.400001525878906,2477.0
51.720001220703125,62.91999816894531,2478.0
51.720001220703125,60.720001220703125,2479.0
51.2400016784668,60.560001373291016,2480.0
51.439998626708984,61.040000915527344,2481.0
51.79999923706055,62.0,2482.0
52.119998931884766,61.84000015258789,2483.0
51.880001068115234,62.31999969482422,2484.0
52.0,62.880001068115234,2485.0
51.79999923706055,62.15999984741211,2486.0
51.880001068115234,61.84000015258789,2487.0
51.959999084472656,62.52000045776367,2488.0
51.36000061035156,62.47999954223633,2489.0
51.560001373291016,62.0,2490.0
51.2400016784668,63.2400016784668,2491.0
49.52000045776367,62.439998626708984,2492.0
50.08000183105469,62.47999954223633,2493.0
49.15999984741211,63.63999938964844,2494.0
52.400001525878906,62.91999816894531,2495.0
52.52000045776367,63.15999984741211,2496.0
52.119998931884766,62.959999084472656,2497.0
52.439998626708984,63.119998931884766,2498.0
53.439998626708984,62.439998626708984,2499.0
51.720001220703125,61.880001068115234,2500.0
51.31999969482422,239.9600067138672,2501.0
51.36000061035156,82.4000015258789,2502.0
51.720001220703125,58.439998626708984,2503.0
51.2400016784668,83.5199966430664,2504.0
51.720001220703125,57.959999084472656,2505.0
52.040000915527344,223.55999755859375,2506.0
50.31999969482422,84.5999984741211,2507.0
52.52000045776367,87.91999816894531,2508.0
51.2400016784668,222.1999969482422,2509.0
49.31999969482422,220.67999267578125,2510.0
49.47999954223633,81.44000244140625,2511.0
49.84000015258789,220.75999450683594,2512.0
50.20000076293945,87.19999694824219,2513.0
49.959999084472656,79.12000274658203,2514.0
51.20000076293945,220.0,2515.0
50.040000915527344,79.83999633789062,2516.0
51.119998931884766,220.0,2517.0
51.0,220.1199951171875,2518.0
51.31999969482422,79.68000030517578,2519.0
52.0,79.23999786376953,2520.0
52.91999816894531,78.83999633789062,2521.0
52.7599983215332,78.63999938964844,2522.0
52.279998779296875,79.0,2523.0
52.439998626708984,78.72000122070312,2524.0
52.439998626708984,58.040000915527344,2525.0
52.400001525878906,85.04000091552734,2526.0
51.560001373291016,59.15999984741211,2527.0
51.560001373291016,59.47999954223633,2528.0
51.560001373291016,60.68000030517578,2529.0
50.31999969482422,60.599998474121094,2530.0
51.31999969482422,61.040000915527344,2531.0
50.68000030517578,70.4000015258789,2532.0
50.08000183105469,61.15999984741211,2533.0
50.91999816894531,233.83999633789062,2534.0
50.439998626708984,235.83999633789062,2535.0
50.79999923706055,235.47999572753906,2536.0
50.15999984741211,235.1199951171875,2537.0
50.79999923706055,235.0399932861328,2538.0
51.52000045776367,55.15999984741211,2539.0
51.68000030517578,57.2400016784668,2540.0
52.63999938964844,239.9600067138672,2541.0
52.439998626708984,58.400001525878906,2542.0
53.15999984741211,59.31999969482422,2543.0
52.560001373291016,61.52000045776367,2544.0
52.84000015258789,239.27999877929688,2545.0
52.400001525878906,237.83999633789062,2546.0
52.439998626708984,239.27999877929688,2547.0
52.119998931884766,239.27999877929688,2548.0
51.79999923706055,239.9600067138672,2549.0
51.84000015258789,239.9600067138672,2550.0
51.79999923706055,96.55999755859375,2551.0
51.79999923706055,98.16000366210938,2552.0
51.720001220703125,101.4800033569336,2553.0
51.84000015258789,99.19999694824219,2554.0
50.720001220703125,103.12000274658203,2555.0
51.119998931884766,101.76000213623047,2556.0
47.560001373291016,52.08000183105469,2557.0
47.91999816894531,221.72000122070312,2558.0
47.31999969482422,221.60000610351562,2559.0
47.439998626708984,221.63999938964844,2560.0
47.279998779296875,221.63999938964844,2561.0
52.599998474121094,94.87999725341797,2562.0
46.7599983215332,61.36000061035156,2563.0
50.599998474121094,51.400001525878906,2564.0
50.0,50.52000045776367,2565.0
50.439998626708984,51.279998779296875,2566.0
51.63999938964844,52.47999954223633,2567.0
51.880001068115234,51.84000015258789,2568.0
52.20000076293945,96.08000183105469,2569.0
52.119998931884766,96.08000183105469,2570.0
52.08000183105469,96.55999755859375,2571.0
52.08000183105469,96.23999786376953,2572.0
52.20000076293945,96.4800033569336,2573.0
52.08000183105469,75.91999816894531,2574.0
52.08000183105469,76.4000015258789,2575.0
52.31999969482422,76.36000061035156,2576.0
52.400001525878906,76.12000274658203,2577.0
51.959999084472656,76.0,2578.0
52.0,76.55999755859375,2579.0
51.91999816894531,71.76000213623047,2580.0
51.880001068115234,76.72000122070312,2581.0
52.0,72.4000015258789,2582.0
52.7599983215332,58.040000915527344,2583.0
52.52000045776367,58.119998931884766,2584.0
52.279998779296875,76.80000305175781,2585.0
52.52000045776367,58.47999954223633,2586.0
53.31999969482422,58.63999938964844,2587.0
51.91999816894531,89.0,2588.0
52.52000045776367,58.91999816894531,2589.0
52.20000076293945,58.91999816894531,2590.0
53.0,58.91999816894531,2591.0
52.7599983215332,58.119998931884766,2592.0
52.91999816894531,58.880001068115234,2593.0
52.68000030517578,81.5199966430664,2594.0
52.20000076293945,87.91999816894531,2595.0
51.20000076293945,231.9600067138672,2596.0
50.20000076293945,62.79999923706055,2597.0
50.47999954223633,232.0399932861328,2598.0
51.720001220703125,231.16000366210938,2599.0
51.79999923706055,62.68000030517578,2600.0
51.720001220703125,86.76000213623047,2601.0
51.36000061035156,62.63999938964844,2602.0
51.400001525878906,62.560001373291016,2603.0
51.400001525878906,59.599998474121094,2604.0
51.36000061035156,60.599998474121094,2605.0
50.91999816894531,61.20000076293945,2606.0
51.119998931884766,61.79999923706055,2607.0
51.36000061035156,62.31999969482422,2608.0
51.560001373291016,59.400001525878906,2609.0
51.439998626708984,58.720001220703125,2610.0
51.36000061035156,61.599998474121094,2611.0
51.31999969482422,60.119998931884766,2612.0
51.119998931884766,59.15999984741211,2613.0
51.36000061035156,223.1199951171875,2614.0
50.63999938964844,223.0800018310547,2615.0
51.52000045776367,223.0800018310547,2616.0
51.2400016784668,222.83999633789062,2617.0
50.68000030517578,222.60000610351562,2618.0
49.720001220703125,92.87999725341797,2619.0
50.720001220703125,92.72000122070312,2620.0
50.63999938964844,222.83999633789062,2621.0
49.040000915527344,93.5999984741211,2622.0
49.63999938964844,93.44000244140625,2623.0
49.720001220703125,93.44000244140625,2624.0
50.08000183105469,93.63999938964844,2625.0
49.439998626708984,93.4000015258789,2626.0
49.47999954223633,93.23999786376953,2627.0
49.560001373291016,93.72000122070312,2628.0
49.79999923706055,93.16000366210938,2629.0
49.15999984741211,93.5999984741211,2630.0
49.36000061035156,93.36000061035156,2631.0
51.2400016784668,93.0,2632.0
49.31999969482422,214.60000610351562,2633.0
49.31999969482422,93.23999786376953,2634.0
50.119998931884766,93.63999938964844,2635.0
49.720001220703125,93.16000366210938,2636.0
51.880001068115234,93.5999984741211,2637.0
55.279998779296875,75.76000213623047,2638.0
51.08000183105469,76.5199966430664,2639.0
49.63999938964844,76.55999755859375,2640.0
49.68000030517578,221.63999938964844,2641.0
52.84000015258789,221.47999572753906,2642.0
50.040000915527344,221.63999938964844,2643.0
51.439998626708984,221.60000610351562,2644.0
52.7599983215332,221.39999389648438,2645.0
52.84000015258789,221.52000427246094,2646.0
52.959999084472656,57.31999969482422,2647.0
52.79999923706055,57.880001068115234,2648.0
52.560001373291016,56.599998474121094,2649.0
51.560001373291016,57.439998626708984,2650.0
50.959999084472656,52.68000030517578,2651.0
50.7599983215332,56.91999816894531,2652.0
50.880001068115234,56.52000045776367,2653.0
51.599998474121094,58.400001525878906,2654.0
52.36000061035156,221.9199981689453,2655.0
51.599998474121094,57.2400016784668,2656.0
52.7599983215332,54.52000045776367,2657.0
53.0,55.439998626708984,2658.0
47.599998474121094,56.2400016784668,2659.0
53.08000183105469,56.7599983215332,2660.0
52.880001068115234,53.68000030517578,2661.0
53.08000183105469,57.0,2662.0
53.08000183105469,54.0,2663.0
52.79999923706055,58.040000915527344,2664.0
53.47999954223633,54.0,2665.0
52.560001373291016,117.63999938964844,2666.0
52.91999816894531,220.1999969482422,2667.0
52.52000045776367,86.68000030517578,2668.0
52.63999938964844,220.32000732421875,2669.0
52.31999969482422,219.60000610351562,2670.0
52.68000030517578,53.20000076293945,2671.0
52.439998626708984,52.84000015258789,2672.0
52.31999969482422,222.27999877929688,2673.0
52.720001220703125,52.7599983215332,2674.0
52.7599983215332,52.68000030517578,2675.0
52.7599983215332,52.52000045776367,2676.0
52.720001220703125,52.2400016784668,2677.0
52.68000030517578,217.0,2678.0
52.040000915527344,53.560001373291016,2679.0
52.47999954223633,53.63999938964844,2680.0
52.84000015258789,52.599998474121094,2681.0
52.84000015258789,52.36000061035156,2682.0
52.720001220703125,53.47999954223633,2683.0
53.08000183105469,55.959999084472656,2684.0
52.599998474121094,84.95999908447266,2685.0
52.400001525878906,85.19999694824219,2686.0
52.439998626708984,53.36000061035156,2687.0
52.400001525878906,53.20000076293945,2688.0
52.52000045776367,218.9199981689453,2689.0
51.52000045776367,52.36000061035156,2690.0
51.36000061035156,52.599998474121094,2691.0
51.91999816894531,52.36000061035156,2692.0
52.68000030517578,90.12000274658203,2693.0
52.31999969482422,90.0,2694.0
49.79999923706055,90.44000244140625,2695.0
49.439998626708984,90.5199966430664,2696.0
49.31999969482422,90.36000061035156,2697.0
50.279998779296875,90.27999877929688,2698.0
50.52000045776367,54.880001068115234,2699.0
50.52000045776367,56.15999984741211,2700.0
50.119998931884766,56.68000030517578,2701.0
50.439998626708984,56.400001525878906,2702.0
50.599998474121094,90.5999984741211,2703.0
49.47999954223633,90.44000244140625,2704.0
50.91999816894531,66.44000244140625,2705.0
50.7599983215332,216.52000427246094,2706.0
50.91999816894531,214.1999969482422,2707.0
50.7599983215332,57.599998474121094,2708.0
50.400001525878906,56.84000015258789,2709.0
51.08000183105469,55.7599983215332,2710.0
52.91999816894531,55.63999938964844,2711.0
51.36000061035156,55.959999084472656,2712.0
51.2400016784668,55.720001220703125,2713.0
50.31999969482422,85.31999969482422,2714.0
51.439998626708984,217.9600067138672,2715.0
49.560001373291016,218.0399932861328,2716.0
50.36000061035156,218.1999969482422,2717.0
49.79999923706055,218.55999755859375,2718.0
50.31999969482422,219.27999877929688,2719.0
50.279998779296875,218.0800018310547,2720.0
50.31999969482422,59.84000015258789,2721.0
49.52000045776367,60.439998626708984,2722.0
49.560001373291016,60.720001220703125,2723.0
49.15999984741211,60.880001068115234,2724.0
49.959999084472656,239.9600067138672,2725.0
49.7599983215332,60.880001068115234,2726.0
49.84000015258789,239.9600067138672,2727.0
49.560001373291016,61.7599983215332,2728.0
50.7599983215332,51.2400016784668,2729.0
50.91999816894531,239.9600067138672,2730.0
51.20000076293945,51.63999938964844,2731.0
51.439998626708984,86.68000030517578,2732.0
51.47999954223633,86.12000274658203,2733.0
51.7599983215332,58.36000061035156,2734.0
51.560001373291016,58.439998626708984,2735.0
50.959999084472656,58.279998779296875,2736.0
49.63999938964844,59.0,2737.0
48.84000015258789,63.20000076293945,2738.0
48.52000045776367,63.400001525878906,2739.0
48.720001220703125,58.2400016784668,2740.0
49.47999954223633,221.16000366210938,2741.0
49.63999938964844,220.16000366210938,2742.0
49.400001525878906,51.0,2743.0
50.720001220703125,50.7599983215332,2744.0
49.7599983215332,50.68000030517578,2745.0
50.040000915527344,86.95999908447266,2746.0
50.599998474121094,87.95999908447266,2747.0
50.400001525878906,87.12000274658203,2748.0
50.0,92.4800033569336,2749.0
49.91999816894531,57.47999954223633,2750.0
49.84000015258789,57.79999923706055,2751.0
49.63999938964844,56.63999938964844,2752.0
49.84000015258789,56.040000915527344,2753.0
50.52000045776367,87.68000030517578,2754.0
49.959999084472656,88.0,2755.0
51.47999954223633,235.44000244140625,2756.0
50.880001068115234,220.9600067138672,2757.0
51.47999954223633,221.27999877929688,2758.0
51.2400016784668,221.0,2759.0
51.439998626708984,84.5199966430664,2760.0
51.720001220703125,218.47999572753906,2761.0
52.0,220.36000061035156,2762.0
51.959999084472656,220.32000732421875,2763.0
52.20000076293945,220.32000732421875,2764.0
52.20000076293945,60.119998931884766,2765.0
52.68000030517578,59.599998474121094,2766.0
52.560001373291016,216.8800048828125,2767.0
52.47999954223633,216.9199981689453,2768.0
52.560001373291016,216.9199981689453,2769.0
49.36000061035156,58.040000915527344,2770.0
48.959999084472656,57.0,2771.0
48.20000076293945,217.24000549316406,2772.0
48.52000045776367,216.9199981689453,2773.0
48.439998626708984,217.32000732421875,2774.0
49.560001373291016,217.63999938964844,2775.0
48.84000015258789,52.599998474121094,2776.0
48.599998474121094,217.8000030517578,2777.0
49.84000015258789,217.8000030517578,2778.0
50.52000045776367,217.8000030517578,2779.0
49.47999954223633,217.8000030517578,2780.0
49.959999084472656,50.84000015258789,2781.0
50.36000061035156,218.60000610351562,2782.0
49.52000045776367,50.439998626708984,2783.0
49.79999923706055,50.599998474121094,2784.0
49.599998474121094,239.9600067138672,2785.0
50.560001373291016,219.72000122070312,2786.0
51.08000183105469,92.72000122070312,2787.0
50.52000045776367,81.23999786376953,2788.0
50.52000045776367,216.16000366210938,2789.0
50.7599983215332,91.83999633789062,2790.0
50.599998474121094,79.04000091552734,2791.0
50.439998626708984,51.2400016784668,2792.0
50.439998626708984,217.63999938964844,2793.0
50.36000061035156,219.47999572753906,2794.0
50.720001220703125,59.68000030517578,2795.0
50.52000045776367,57.959999084472656,2796.0
50.52000045776367,58.20000076293945,2797.0
50.15999984741211,57.959999084472656,2798.0
49.599998474121094,51.400001525878906,2799.0
49.720001220703125,65.04000091552734,2800.0
50.15999984741211,218.9600067138672,2801.0
50.08000183105469,219.0800018310547,2802.0
50.31999969482422,57.040000915527344,2803.0
50.20000076293945,56.52000045776367,2804.0
50.279998779296875,220.1199951171875,2805.0
50.279998779296875,56.439998626708984,2806.0
49.880001068115234,56.47999954223633,2807.0
50.119998931884766,56.79999923706055,2808.0
50.119998931884766,56.7599983215332,2809.0
49.560001373291016,54.91999816894531,2810.0
49.0,220.36000061035156,2811.0
49.47999954223633,54.040000915527344,2812.0
49.15999984741211,51.63999938964844,2813.0
48.84000015258789,53.15999984741211,2814.0
51.15999984741211,53.119998931884766,2815.0
51.36000061035156,222.1999969482422,2816.0
51.47999954223633,52.79999923706055,2817.0
50.84000015258789,52.36000061035156,2818.0
51.15999984741211,51.959999084472656,2819.0
50.279998779296875,52.20000076293945,2820.0
49.959999084472656,52.279998779296875,2821.0
50.08000183105469,57.63999938964844,2822.0
50.08000183105469,58.0,2823.0
49.7599983215332,57.560001373291016,2824.0
50.439998626708984,51.15999984741211,2825.0
50.47999954223633,56.439998626708984,2826.0
49.47999954223633,56.36000061035156,2827.0
49.959999084472656,54.279998779296875,2828.0
49.720001220703125,54.040000915527344,2829.0
49.63999938964844,62.68000030517578,2830.0
49.400001525878906,56.599998474121094,2831.0
49.439998626708984,56.599998474121094,2832.0
49.880001068115234,216.9199981689453,2833.0
49.400001525878906,57.0,2834.0
49.599998474121094,56.7599983215332,2835.0
49.439998626708984,57.15999984741211,2836.0
49.959999084472656,56.7599983215332,2837.0
49.79999923706055,56.52000045776367,2838.0
49.2400016784668,53.279998779296875,2839.0
50.119998931884766,52.84000015258789,2840.0
49.2400016784668,218.36000061035156,2841.0
50.36000061035156,56.52000045776367,2842.0
49.63999938964844,56.7599983215332,2843.0
49.959999084472656,57.400001525878906,2844.0
50.31999969482422,217.55999755859375,2845.0
51.400001525878906,56.91999816894531,2846.0
50.20000076293945,215.8800048828125,2847.0
50.84000015258789,82.31999969482422,2848.0
50.439998626708984,215.55999755859375,2849.0
50.79999923706055,57.880001068115234,2850.0
50.08000183105469,57.560001373291016,2851.0
51.0,54.15999984741211,2852.0
50.439998626708984,52.7599983215332,2853.0
49.68000030517578,57.0,2854.0
50.279998779296875,52.439998626708984,2855.0
49.52000045776367,52.91999816894531,2856.0
50.599998474121094,52.880001068115234,2857.0
49.560001373291016,52.040000915527344,2858.0
50.439998626708984,216.0399932861328,2859.0
50.720001220703125,52.52000045776367,2860.0
50.400001525878906,239.9600067138672,2861.0
49.279998779296875,57.560001373291016,2862.0
49.68000030517578,57.560001373291016,2863.0
49.52000045776367,56.119998931884766,2864.0
50.040000915527344,56.91999816894531,2865.0
50.08000183105469,57.560001373291016,2866.0
50.20000076293945,219.1999969482422,2867.0
50.2400016784668,57.2400016784668,2868.0
50.400001525878906,217.63999938964844,2869.0
50.15999984741211,216.1199951171875,2870.0
49.79999923706055,215.8000030517578,2871.0
49.7599983215332,216.67999267578125,2872.0
49.91999816894531,57.560001373291016,2873.0
50.2400016784668,58.119998931884766,2874.0
50.119998931884766,58.0,2875.0
50.20000076293945,57.31999969482422,2876.0
49.400001525878906,51.0,2877.0
49.720001220703125,50.720001220703125,2878.0
50.15999984741211,52.439998626708984,2879.0
49.7599983215332,53.63999938964844,2880.0
49.84000015258789,216.75999450683594,2881.0
49.63999938964844,51.84000015258789,2882.0
50.20000076293945,57.2400016784668,2883.0
50.119998931884766,57.15999984741211,2884.0
50.599998474121094,57.31999969482422,2885.0
49.880001068115234,57.439998626708984,2886.0
50.52000045776367,57.31999969482422,2887.0
50.91999816894531,57.720001220703125,2888.0
50.84000015258789,216.27999877929688,2889.0
50.68000030517578,57.15999984741211,2890.0
50.52000045776367,56.91999816894531,2891.0
50.47999954223633,57.15999984741211,2892.0
50.20000076293945,56.52000045776367,2893.0
50.08000183105469,50.52000045776367,2894.0
49.47999954223633,50.36000061035156,2895.0
49.31999969482422,50.0,2896.0
48.79999923706055,50.040000915527344,2897.0
49.599998474121094,51.959999084472656,2898.0
50.599998474121094,57.880001068115234,2899.0
49.91999816894531,56.20000076293945,2900.0
49.63999938964844,56.439998626708984,2901.0
49.560001373291016,56.68000030517578,2902.0
50.119998931884766,56.63999938964844,2903.0
50.040000915527344,56.36000061035156,2904.0
49.84000015258789,56.439998626708984,2905.0
49.720001220703125,57.0,2906.0
49.84000015258789,79.44000244140625,2907.0
49.7599983215332,78.80000305175781,2908.0
49.439998626708984,218.36000061035156,2909.0
49.720001220703125,219.0800018310547,2910.0
49.63999938964844,218.9199981689453,2911.0
50.15999984741211,56.7599983215332,2912.0
50.08000183105469,55.63999938964844,2913.0
50.31999969482422,54.0,2914.0
50.2400016784668,50.47999954223633,2915.0
50.31999969482422,211.16000366210938,2916.0
50.040000915527344,79.55999755859375,2917.0
50.52000045776367,81.0,2918.0
50.400001525878906,218.47999572753906,2919.0
49.720001220703125,56.68000030517578,2920.0
49.599998474121094,56.560001373291016,2921.0
51.279998779296875,52.2400016784668,2922.0
50.79999923706055,51.91999816894531,2923.0
51.2400016784668,51.91999816894531,2924.0
51.20000076293945,57.400001525878906,2925.0
51.720001220703125,221.16000366210938,2926.0
52.15999984741211,220.8000030517578,2927.0
51.79999923706055,57.2400016784668,2928.0
52.0,58.119998931884766,2929.0
51.20000076293945,58.439998626708984,2930.0
51.720001220703125,57.79999923706055,2931.0
51.400001525878906,58.439998626708984,2932.0
51.52000045776367,59.0,2933.0
51.439998626708984,56.439998626708984,2934.0
51.52000045776367,57.63999938964844,2935.0
51.2400016784668,57.959999084472656,2936.0
51.040000915527344,57.560001373291016,2937.0
51.2400016784668,57.52000045776367,2938.0
51.279998779296875,57.880001068115234,2939.0
51.15999984741211,57.63999938964844,2940.0
50.439998626708984,57.47999954223633,2941.0
50.47999954223633,58.040000915527344,2942.0
50.439998626708984,57.63999938964844,2943.0
50.040000915527344,54.0,2944.0
47.7599983215332,55.119998931884766,2945.0
47.720001220703125,56.119998931884766,2946.0
46.7599983215332,55.63999938964844,2947.0
46.7599983215332,55.560001373291016,2948.0
47.439998626708984,52.63999938964844,2949.0
51.2400016784668,52.20000076293945,2950.0
51.91999816894531,219.24000549316406,2951.0
51.2400016784668,220.75999450683594,2952.0
51.0,220.27999877929688,2953.0
52.119998931884766,220.36000061035156,2954.0
51.599998474121094,52.63999938964844,2955.0
50.63999938964844,220.27999877929688,2956.0
50.68000030517578,73.76000213623047,2957.0
49.68000030517578,50.599998474121094,2958.0
49.400001525878906,220.67999267578125,2959.0
49.08000183105469,220.52000427246094,2960.0
49.400001525878906,220.44000244140625,2961.0
50.08000183105469,56.959999084472656,2962.0
51.84000015258789,55.68000030517578,2963.0
50.279998779296875,220.0399932861328,2964.0
51.91999816894531,53.2400016784668,2965.0
52.08000183105469,219.52000427246094,2966.0
51.08000183105469,53.68000030517578,2967.0
51.560001373291016,52.400001525878906,2968.0
51.400001525878906,52.400001525878906,2969.0
51.400001525878906,52.279998779296875,2970.0
50.91999816894531,53.400001525878906,2971.0
51.040000915527344,52.119998931884766,2972.0
50.439998626708984,53.31999969482422,2973.0
49.47999954223633,53.84000015258789,2974.0
50.08000183105469,57.0,2975.0
49.560001373291016,56.63999938964844,2976.0
49.439998626708984,220.67999267578125,2977.0
49.560001373291016,57.63999938964844,2978.0
49.63999938964844,57.880001068115234,2979.0
49.79999923706055,57.79999923706055,2980.0
49.47999954223633,50.84000015258789,2981.0
50.68000030517578,55.15999984741211,2982.0
49.959999084472656,50.560001373291016,2983.0
49.79999923706055,50.63999938964844,2984.0
49.31999969482422,221.72000122070312,2985.0
50.47999954223633,221.8800048828125,2986.0
50.52000045776367,57.63999938964844,2987.0
50.439998626708984,50.560001373291016,2988.0
50.2400016784668,55.400001525878906,2989.0
49.7599983215332,56.47999954223633,2990.0
49.84000015258789,56.52000045776367,2991.0
50.599998474121094,57.15999984741211,2992.0
49.880001068115234,57.0,2993.0
49.400001525878906,56.7599983215332,2994.0
49.880001068115234,56.599998474121094,2995.0
49.31999969482422,56.279998779296875,2996.0
50.279998779296875,57.2400016784668,2997.0
49.959999084472656,58.040000915527344,2998.0
50.7599983215332,58.08000183105469,2999.0
49.959999084472656,58.20000076293945,3000.0
49.880001068115234,58.400001525878906,3001.0
50.959999084472656,90.4000015258789,3002.0
51.2400016784668,59.119998931884766,3003.0
50.880001068115234,58.599998474121094,3004.0
51.040000915527344,220.0800018310547,3005.0
50.84000015258789,220.67999267578125,3006.0
51.119998931884766,72.08000183105469,3007.0
50.84000015258789,221.0800018310547,3008.0
51.68000030517578,220.36000061035156,3009.0
50.68000030517578,57.91999816894531,3010.0
49.79999923706055,57.08000183105469,3011.0
49.47999954223633,56.040000915527344,3012.0
48.47999954223633,55.439998626708984,3013.0
48.880001068115234,221.47999572753906,3014.0
49.560001373291016,55.79999923706055,3015.0
52.400001525878906,58.68000030517578,3016.0
50.20000076293945,58.79999923706055,3017.0
51.439998626708984,61.31999969482422,3018.0
51.279998779296875,62.119998931884766,3019.0
51.31999969482422,62.7599983215332,3020.0
51.31999969482422,218.1999969482422,3021.0
50.400001525878906,67.12000274658203,3022.0
48.68000030517578,64.76000213623047,3023.0
51.79999923706055,64.12000274658203,3024.0
50.52000045776367,62.84000015258789,3025.0
50.560001373291016,63.0,3026.0
50.47999954223633,62.84000015258789,3027.0
50.7599983215332,51.31999969482422,3028.0
50.720001220703125,51.15999984741211,3029.0
50.08000183105469,50.68000030517578,3030.0
49.91999816894531,50.0,3031.0
49.15999984741211,50.20000076293945,3032.0
49.720001220703125,51.36000061035156,3033.0
48.20000076293945,79.76000213623047,3034.0
48.91999816894531,79.4000015258789,3035.0
48.84000015258789,79.44000244140625,3036.0
49.119998931884766,78.5999984741211,3037.0
49.63999938964844,76.27999877929688,3038.0
49.720001220703125,81.5199966430664,3039.0
49.47999954223633,57.2400016784668,3040.0
49.15999984741211,57.119998931884766,3041.0
50.040000915527344,57.0,3042.0
49.63999938964844,56.36000061035156,3043.0
50.279998779296875,57.0,3044.0
49.79999923706055,53.08000183105469,3045.0
50.7599983215332,58.31999969482422,3046.0
49.959999084472656,51.0,3047.0
50.439998626708984,51.36000061035156,3048.0
50.36000061035156,51.720001220703125,3049.0
51.279998779296875,54.84000015258789,3050.0
51.7599983215332,55.47999954223633,3051.0
52.119998931884766,55.0,3052.0
50.84000015258789,51.36000061035156,3053.0
51.31999969482422,222.0399932861328,3054.0
51.79999923706055,55.31999969482422,3055.0
51.15999984741211,57.880001068115234,3056.0
51.2400016784668,219.27999877929688,3057.0
49.720001220703125,63.439998626708984,3058.0
49.400001525878906,63.36000061035156,3059.0
49.7599983215332,63.040000915527344,3060.0
49.63999938964844,62.91999816894531,3061.0
49.959999084472656,62.36000061035156,3062.0
49.2400016784668,59.08000183105469,3063.0
49.720001220703125,81.0,3064.0
49.880001068115234,239.9600067138672,3065.0
50.20000076293945,55.15999984741211,3066.0
51.15999984741211,53.68000030517578,3067.0
50.52000045776367,54.47999954223633,3068.0
51.7599983215332,218.60000610351562,3069.0
51.63999938964844,56.47999954223633,3070.0
51.79999923706055,52.439998626708984,3071.0
51.880001068115234,54.0,3072.0
51.79999923706055,218.1199951171875,3073.0
51.279998779296875,216.1999969482422,3074.0
51.08000183105469,219.52000427246094,3075.0
51.959999084472656,65.31999969482422,3076.0
51.79999923706055,65.23999786376953,3077.0
52.040000915527344,54.2400016784668,3078.0
51.15999984741211,54.20000076293945,3079.0
51.31999969482422,64.04000091552734,3080.0
49.720001220703125,53.31999969482422,3081.0
49.720001220703125,217.63999938964844,3082.0
50.599998474121094,214.9199981689453,3083.0
50.08000183105469,215.24000549316406,3084.0
49.7599983215332,214.27999877929688,3085.0
49.91999816894531,214.44000244140625,3086.0
50.279998779296875,80.76000213623047,3087.0
50.040000915527344,215.0,3088.0
50.040000915527344,214.1199951171875,3089.0
49.79999923706055,56.63999938964844,3090.0
50.36000061035156,215.16000366210938,3091.0
50.040000915527344,53.84000015258789,3092.0
50.36000061035156,215.55999755859375,3093.0
49.959999084472656,55.880001068115234,3094.0
49.880001068115234,54.959999084472656,3095.0
49.959999084472656,56.08000183105469,3096.0
49.880001068115234,221.27999877929688,3097.0
49.63999938964844,221.60000610351562,3098.0
50.36000061035156,55.20000076293945,3099.0
49.63999938964844,221.0,3100.0
50.119998931884766,222.0800018310547,3101.0
49.91999816894531,222.60000610351562,3102.0
50.880001068115234,222.27999877929688,3103.0
50.720001220703125,57.36000061035156,3104.0
49.79999923706055,56.63999938964844,3105.0
50.84000015258789,220.55999755859375,3106.0
50.720001220703125,57.0,3107.0
50.08000183105469,105.04000091552734,3108.0
50.279998779296875,74.08000183105469,3109.0
50.2400016784668,104.5199966430664,3110.0
50.400001525878906,104.76000213623047,3111.0
51.119998931884766,104.19999694824219,3112.0
51.119998931884766,104.5999984741211,3113.0
51.119998931884766,104.5199966430664,3114.0
51.119998931884766,104.27999877929688,3115.0
51.279998779296875,103.95999908447266,3116.0
50.47999954223633,103.76000213623047,3117.0
50.15999984741211,51.31999969482422,3118.0
50.279998779296875,51.36000061035156,3119.0
49.47999954223633,239.9600067138672,3120.0
51.2400016784668,51.36000061035156,3121.0
49.279998779296875,104.19999694824219,3122.0
51.31999969482422,51.68000030517578,3123.0
51.20000076293945,100.4000015258789,3124.0
51.560001373291016,239.9600067138672,3125.0
50.47999954223633,71.4800033569336,3126.0
50.47999954223633,103.55999755859375,3127.0
51.040000915527344,71.5999984741211,3128.0
49.400001525878906,69.87999725341797,3129.0
50.36000061035156,70.87999725341797,3130.0
49.720001220703125,219.67999267578125,3131.0
49.880001068115234,66.16000366210938,3132.0
49.560001373291016,57.959999084472656,3133.0
50.52000045776367,61.36000061035156,3134.0
49.720001220703125,104.16000366210938,3135.0
49.720001220703125,53.0,3136.0
50.040000915527344,106.19999694824219,3137.0
51.08000183105469,105.80000305175781,3138.0
50.2400016784668,106.16000366210938,3139.0
50.08000183105469,105.83999633789062,3140.0
50.20000076293945,105.4800033569336,3141.0
50.20000076293945,71.5999984741211,3142.0
50.119998931884766,74.31999969482422,3143.0
50.15999984741211,73.91999816894531,3144.0
50.040000915527344,75.91999816894531,3145.0
49.47999954223633,76.23999786376953,3146.0
49.31999969482422,73.44000244140625,3147.0
49.15999984741211,75.27999877929688,3148.0
48.91999816894531,74.80000305175781,3149.0
48.63999938964844,73.5199966430664,3150.0
48.63999938964844,74.76000213623047,3151.0
48.7599983215332,221.0800018310547,3152.0
48.47999954223633,220.8000030517578,3153.0
49.08000183105469,62.91999816894531,3154.0
51.2400016784668,73.63999938964844,3155.0
49.119998931884766,61.720001220703125,3156.0
49.0,61.52000045776367,3157.0
49.2400016784668,61.36000061035156,3158.0
49.79999923706055,53.47999954223633,3159.0
48.0,215.60000610351562,3160.0
49.599998474121094,107.04000091552734,3161.0
49.15999984741211,49.47999954223633,3162.0
48.84000015258789,48.91999816894531,3163.0
49.7599983215332,49.720001220703125,3164.0
49.7599983215332,107.12000274658203,3165.0
49.63999938964844,48.84000015258789,3166.0
49.20000076293945,214.9600067138672,3167.0
49.0,51.279998779296875,3168.0
48.880001068115234,107.36000061035156,3169.0
49.119998931884766,51.599998474121094,3170.0
49.2400016784668,49.84000015258789,3171.0
49.0,50.36000061035156,3172.0
49.0,52.279998779296875,3173.0
49.0,51.959999084472656,3174.0
49.31999969482422,49.720001220703125,3175.0
48.7599983215332,51.880001068115234,3176.0
48.7599983215332,217.72000122070312,3177.0
48.68000030517578,216.72000122070312,3178.0
48.79999923706055,105.87999725341797,3179.0
48.959999084472656,62.279998779296875,3180.0
48.91999816894531,61.68000030517578,3181.0
48.84000015258789,62.68000030517578,3182.0
48.31999969482422,213.9600067138672,3183.0
48.599998474121094,106.19999694824219,3184.0
48.68000030517578,105.27999877929688,3185.0
48.36000061035156,62.119998931884766,3186.0
48.599998474121094,62.0,3187.0
48.599998474121094,225.0800018310547,3188.0
48.439998626708984,76.63999938964844,3189.0
48.47999954223633,224.83999633789062,3190.0
48.400001525878906,239.9600067138672,3191.0
48.91999816894531,71.95999908447266,3192.0
48.47999954223633,72.12000274658203,3193.0
48.84000015258789,72.16000366210938,3194.0
49.0,71.87999725341797,3195.0
49.31999969482422,72.19999694824219,3196.0
49.439998626708984,71.4000015258789,3197.0
49.0,71.55999755859375,3198.0
49.2400016784668,57.08000183105469,3199.0
50.720001220703125,71.0,3200.0
49.959999084472656,71.4000015258789,3201.0
50.08000183105469,71.16000366210938,3202.0
49.040000915527344,56.279998779296875,3203.0
48.880001068115234,56.040000915527344,3204.0
49.47999954223633,53.720001220703125,3205.0
49.560001373291016,61.0,3206.0
48.119998931884766,56.119998931884766,3207.0
48.599998474121094,70.68000030517578,3208.0
49.84000015258789,71.36000061035156,3209.0
47.599998474121094,69.72000122070312,3210.0
49.31999969482422,70.16000366210938,3211.0
48.36000061035156,58.52000045776367,3212.0
48.880001068115234,57.880001068115234,3213.0
47.959999084472656,56.15999984741211,3214.0
48.7599983215332,70.27999877929688,3215.0
48.599998474121094,69.23999786376953,3216.0
48.15999984741211,68.80000305175781,3217.0
50.119998931884766,69.44000244140625,3218.0
49.560001373291016,206.83999633789062,3219.0
49.08000183105469,71.80000305175781,3220.0
49.31999969482422,70.87999725341797,3221.0
49.040000915527344,71.80000305175781,3222.0
49.15999984741211,68.72000122070312,3223.0
49.63999938964844,68.95999908447266,3224.0
49.68000030517578,216.1199951171875,3225.0
49.79999923706055,216.75999450683594,3226.0
49.63999938964844,69.63999938964844,3227.0
49.599998474121094,68.44000244140625,3228.0
49.84000015258789,67.19999694824219,3229.0
50.36000061035156,73.23999786376953,3230.0
50.119998931884766,71.80000305175781,3231.0
50.2400016784668,61.79999923706055,3232.0
50.47999954223633,60.84000015258789,3233.0
50.279998779296875,60.880001068115234,3234.0
49.439998626708984,60.880001068115234,3235.0
49.040000915527344,60.880001068115234,3236.0
46.79999923706055,61.15999984741211,3237.0
49.31999969482422,60.959999084472656,3238.0
49.31999969482422,58.20000076293945,3239.0
49.400001525878906,59.279998779296875,3240.0
49.439998626708984,216.1999969482422,3241.0
49.31999969482422,215.8800048828125,3242.0
49.439998626708984,57.15999984741211,3243.0
48.79999923706055,215.72000122070312,3244.0
49.31999969482422,57.560001373291016,3245.0
48.63999938964844,52.20000076293945,3246.0
49.47999954223633,58.560001373291016,3247.0
49.31999969482422,58.279998779296875,3248.0
49.63999938964844,73.72000122070312,3249.0
49.959999084472656,51.040000915527344,3250.0
49.599998474121094,74.04000091552734,3251.0
49.08000183105469,73.72000122070312,3252.0
49.959999084472656,74.0,3253.0
48.84000015258789,73.91999816894531,3254.0
48.52000045776367,49.79999923706055,3255.0
48.20000076293945,49.0,3256.0
47.63999938964844,47.400001525878906,3257.0
47.20000076293945,47.08000183105469,3258.0
47.279998779296875,56.279998779296875,3259.0
47.599998474121094,56.47999954223633,3260.0
52.31999969482422,55.880001068115234,3261.0
50.63999938964844,55.84000015258789,3262.0
47.7599983215332,56.279998779296875,3263.0
50.720001220703125,56.0,3264.0
50.2400016784668,56.040000915527344,3265.0
52.119998931884766,55.7599983215332,3266.0
49.7599983215332,56.20000076293945,3267.0
51.68000030517578,55.880001068115234,3268.0
50.7599983215332,55.720001220703125,3269.0
50.119998931884766,216.27999877929688,3270.0
50.79999923706055,56.400001525878906,3271.0
49.52000045776367,216.52000427246094,3272.0
49.20000076293945,58.439998626708984,3273.0
49.52000045776367,216.44000244140625,3274.0
49.560001373291016,65.19999694824219,3275.0
48.79999923706055,59.36000061035156,3276.0
49.47999954223633,65.27999877929688,3277.0
49.560001373291016,63.0,3278.0
49.36000061035156,62.91999816894531,3279.0
49.47999954223633,62.400001525878906,3280.0
48.36000061035156,49.2400016784668,3281.0
49.36000061035156,52.279998779296875,3282.0
49.2400016784668,50.7599983215332,3283.0
47.880001068115234,51.68000030517578,3284.0
48.08000183105469,50.880001068115234,3285.0
49.63999938964844,69.36000061035156,3286.0
49.880001068115234,57.79999923706055,3287.0
49.720001220703125,57.31999969482422,3288.0
49.959999084472656,56.7599983215332,3289.0
50.36000061035156,224.83999633789062,3290.0
49.79999923706055,57.63999938964844,3291.0
49.0,52.720001220703125,3292.0
50.15999984741211,216.8000030517578,3293.0
50.47999954223633,53.2400016784668,3294.0
49.47999954223633,62.91999816894531,3295.0
49.47999954223633,63.31999969482422,3296.0
49.959999084472656,51.2400016784668,3297.0
50.040000915527344,215.8000030517578,3298.0
49.63999938964844,53.31999969482422,3299.0
49.36000061035156,58.20000076293945,3300.0
49.47999954223633,216.9600067138672,3301.0
50.36000061035156,56.52000045776367,3302.0
50.439998626708984,56.400001525878906,3303.0
51.2400016784668,57.720001220703125,3304.0
50.63999938964844,57.040000915527344,3305.0
50.880001068115234,217.27999877929688,3306.0
49.79999923706055,216.8800048828125,3307.0
50.15999984741211,60.040000915527344,3308.0
49.31999969482422,60.84000015258789,3309.0
49.040000915527344,60.439998626708984,3310.0
50.08000183105469,60.279998779296875,3311.0
49.15999984741211,60.15999984741211,3312.0
49.15999984741211,59.400001525878906,3313.0
48.79999923706055,60.880001068115234,3314.0
50.560001373291016,217.55999755859375,3315.0
49.560001373291016,217.8800048828125,3316.0
49.400001525878906,218.1999969482422,3317.0
49.47999954223633,55.91999816894531,3318.0
49.560001373291016,220.0399932861328,3319.0
49.63999938964844,58.84000015258789,3320.0
49.560001373291016,58.20000076293945,3321.0
49.560001373291016,66.36000061035156,3322.0
49.560001373291016,66.04000091552734,3323.0
49.31999969482422,65.19999694824219,3324.0
49.599998474121094,64.12000274658203,3325.0
49.47999954223633,60.20000076293945,3326.0
50.31999969482422,66.5999984741211,3327.0
50.040000915527344,217.8000030517578,3328.0
50.400001525878906,217.24000549316406,3329.0
50.52000045776367,66.36000061035156,3330.0
50.52000045776367,218.1999969482422,3331.0
50.47999954223633,214.63999938964844,3332.0
50.84000015258789,65.36000061035156,3333.0
49.36000061035156,65.31999969482422,3334.0
50.91999816894531,56.68000030517578,3335.0
49.63999938964844,55.2400016784668,3336.0
49.7599983215332,214.52000427246094,3337.0
49.560001373291016,215.0800018310547,3338.0
48.880001068115234,56.7599983215332,3339.0
49.119998931884766,56.880001068115234,3340.0
48.52000045776367,57.040000915527344,3341.0
49.08000183105469,57.08000183105469,3342.0
49.47999954223633,57.0,3343.0
49.31999969482422,57.0,3344.0
49.720001220703125,57.2400016784668,3345.0
49.47999954223633,57.400001525878906,3346.0
49.84000015258789,57.2400016784668,3347.0
50.040000915527344,57.15999984741211,3348.0
50.040000915527344,102.95999908447266,3349.0
55.119998931884766,57.119998931884766,3350.0
51.279998779296875,239.9600067138672,3351.0
51.439998626708984,57.79999923706055,3352.0
51.7599983215332,55.84000015258789,3353.0
52.040000915527344,216.9600067138672,3354.0
53.63999938964844,54.84000015258789,3355.0
52.20000076293945,216.9199981689453,3356.0
51.63999938964844,56.959999084472656,3357.0
50.31999969482422,54.52000045776367,3358.0
49.2400016784668,54.040000915527344,3359.0
51.2400016784668,55.20000076293945,3360.0
51.20000076293945,54.08000183105469,3361.0
52.52000045776367,53.63999938964844,3362.0
48.959999084472656,53.400001525878906,3363.0
47.63999938964844,68.72000122070312,3364.0
49.2400016784668,52.91999816894531,3365.0
49.20000076293945,53.15999984741211,3366.0
49.439998626708984,54.20000076293945,3367.0
50.279998779296875,53.63999938964844,3368.0
51.52000045776367,73.76000213623047,3369.0
50.47999954223633,54.15999984741211,3370.0
49.560001373291016,53.20000076293945,3371.0
48.279998779296875,53.20000076293945,3372.0
49.79999923706055,54.15999984741211,3373.0
50.20000076293945,53.560001373291016,3374.0
50.36000061035156,214.44000244140625,3375.0
50.119998931884766,53.36000061035156,3376.0
50.0,53.31999969482422,3377.0
50.119998931884766,53.47999954223633,3378.0
51.119998931884766,54.400001525878906,3379.0
49.47999954223633,53.959999084472656,3380.0
50.720001220703125,54.31999969482422,3381.0
49.79999923706055,56.880001068115234,3382.0
49.959999084472656,56.959999084472656,3383.0
50.84000015258789,218.8000030517578,3384.0
50.15999984741211,57.47999954223633,3385.0
50.040000915527344,219.0399932861328,3386.0
50.400001525878906,218.47999572753906,3387.0
50.0,218.8000030517578,3388.0
48.68000030517578,56.79999923706055,3389.0
50.15999984741211,57.08000183105469,3390.0
50.79999923706055,54.880001068115234,3391.0
51.2400016784668,218.0,3392.0
50.52000045776367,57.2400016784668,3393.0
50.119998931884766,57.720001220703125,3394.0
49.959999084472656,57.959999084472656,3395.0
50.36000061035156,55.15999984741211,3396.0
50.040000915527344,58.36000061035156,3397.0
49.2400016784668,56.68000030517578,3398.0
50.119998931884766,54.36000061035156,3399.0
49.63999938964844,52.880001068115234,3400.0
48.720001220703125,216.27999877929688,3401.0
47.91999816894531,53.91999816894531,3402.0
48.47999954223633,51.47999954223633,3403.0
44.91999816894531,54.52000045776367,3404.0
49.2400016784668,72.04000091552734,3405.0
49.68000030517578,71.44000244140625,3406.0
49.31999969482422,220.1999969482422,3407.0
49.31999969482422,71.04000091552734,3408.0
49.52000045776367,217.24000549316406,3409.0
49.84000015258789,218.27999877929688,3410.0
49.84000015258789,217.63999938964844,3411.0
48.91999816894531,56.20000076293945,3412.0
49.47999954223633,56.279998779296875,3413.0
49.47999954223633,216.9199981689453,3414.0
50.119998931884766,55.720001220703125,3415.0
49.84000015258789,219.1199951171875,3416.0
49.52000045776367,56.279998779296875,3417.0
49.959999084472656,56.040000915527344,3418.0
49.63999938964844,53.400001525878906,3419.0
49.52000045776367,52.119998931884766,3420.0
49.36000061035156,218.8800048828125,3421.0
48.439998626708984,52.599998474121094,3422.0
49.31999969482422,218.72000122070312,3423.0
49.91999816894531,219.44000244140625,3424.0
49.959999084472656,218.36000061035156,3425.0
49.959999084472656,217.72000122070312,3426.0
49.959999084472656,217.55999755859375,3427.0
50.08000183105469,56.91999816894531,3428.0
50.15999984741211,57.08000183105469,3429.0
50.08000183105469,56.720001220703125,3430.0
49.47999954223633,57.439998626708984,3431.0
49.880001068115234,57.47999954223633,3432.0
49.959999084472656,59.040000915527344,3433.0
45.400001525878906,57.63999938964844,3434.0
51.15999984741211,216.24000549316406,3435.0
51.040000915527344,55.91999816894531,3436.0
50.2400016784668,60.08000183105469,3437.0
49.400001525878906,59.880001068115234,3438.0
50.040000915527344,53.79999923706055,3439.0
49.2400016784668,53.15999984741211,3440.0
49.119998931884766,53.400001525878906,3441.0
48.560001373291016,58.2400016784668,3442.0
49.119998931884766,59.560001373291016,3443.0
48.7599983215332,57.279998779296875,3444.0
49.959999084472656,53.36000061035156,3445.0
49.36000061035156,215.32000732421875,3446.0
49.560001373291016,53.599998474121094,3447.0
49.119998931884766,57.68000030517578,3448.0
49.439998626708984,82.0,3449.0
49.599998474121094,58.0,3450.0
50.119998931884766,53.959999084472656,3451.0
50.08000183105469,59.31999969482422,3452.0
49.63999938964844,216.75999450683594,3453.0
51.47999954223633,239.9600067138672,3454.0
50.68000030517578,54.279998779296875,3455.0
49.68000030517578,55.0,3456.0
51.0,239.9600067138672,3457.0
50.36000061035156,82.27999877929688,3458.0
47.439998626708984,239.9600067138672,3459.0
174.8000030517578,82.72000122070312,3460.0
110.44000244140625,133.27999877929688,3461.0
49.68000030517578,215.1199951171875,3462.0
48.720001220703125,215.32000732421875,3463.0
48.52000045776367,61.52000045776367,3464.0
48.400001525878906,60.880001068115234,3465.0
48.959999084472656,60.91999816894531,3466.0
49.68000030517578,60.47999954223633,3467.0
49.560001373291016,52.20000076293945,3468.0
48.119998931884766,52.880001068115234,3469.0
49.2400016784668,59.720001220703125,3470.0
49.15999984741211,215.44000244140625,3471.0
49.599998474121094,215.67999267578125,3472.0
49.959999084472656,215.27999877929688,3473.0
49.15999984741211,59.959999084472656,3474.0
48.599998474121094,60.84000015258789,3475.0
49.08000183105469,62.68000030517578,3476.0
49.0,59.84000015258789,3477.0
48.959999084472656,59.52000045776367,3478.0
49.36000061035156,59.040000915527344,3479.0
49.15999984741211,53.63999938964844,3480.0
49.08000183105469,53.2400016784668,3481.0
49.119998931884766,215.83999633789062,3482.0
48.84000015258789,56.119998931884766,3483.0
49.439998626708984,52.439998626708984,3484.0
49.20000076293945,55.63999938964844,3485.0
50.15999984741211,53.400001525878906,3486.0
50.36000061035156,54.119998931884766,3487.0
45.47999954223633,52.68000030517578,3488.0
49.47999954223633,53.2400016784668,3489.0
49.720001220703125,53.47999954223633,3490.0
48.560001373291016,215.44000244140625,3491.0
48.63999938964844,56.20000076293945,3492.0
49.2400016784668,52.2400016784668,3493.0
47.68000030517578,215.83999633789062,3494.0
48.880001068115234,215.9199981689453,3495.0
49.400001525878906,216.0,3496.0
49.560001373291016,216.0800018310547,3497.0
48.79999923706055,217.52000427246094,3498.0
49.279998779296875,216.1999969482422,3499.0
49.7599983215332,54.0,3500.0
48.560001373291016,51.560001373291016,3501.0
47.599998474121094,60.84000015258789,3502.0
46.439998626708984,51.0,3503.0
47.880001068115234,52.31999969482422,3504.0
48.720001220703125,53.20000076293945,3505.0
49.560001373291016,51.880001068115234,3506.0
49.63999938964844,52.91999816894531,3507.0
49.47999954223633,52.47999954223633,3508.0
50.400001525878906,53.119998931884766,3509.0
50.599998474121094,53.20000076293945,3510.0
49.7599983215332,53.2400016784668,3511.0
50.52000045776367,53.15999984741211,3512.0
50.119998931884766,53.400001525878906,3513.0
51.0,53.84000015258789,3514.0
49.68000030517578,52.52000045776367,3515.0
50.0,51.959999084472656,3516.0
49.0,56.599998474121094,3517.0
49.91999816894531,57.7599983215332,3518.0
49.2400016784668,217.24000549316406,3519.0
49.2400016784668,217.72000122070312,3520.0
49.040000915527344,64.23999786376953,3521.0
48.91999816894531,216.52000427246094,3522.0
48.720001220703125,216.60000610351562,3523.0
49.79999923706055,217.72000122070312,3524.0
49.52000045776367,218.55999755859375,3525.0
50.040000915527344,218.60000610351562,3526.0
49.439998626708984,218.0,3527.0
49.31999969482422,218.0800018310547,3528.0
49.91999816894531,218.16000366210938,3529.0
49.47999954223633,218.0,3530.0
49.2400016784668,218.16000366210938,3531.0
49.599998474121094,217.83999633789062,3532.0
50.2400016784668,218.16000366210938,3533.0
51.040000915527344,63.79999923706055,3534.0
50.439998626708984,53.400001525878906,3535.0
50.720001220703125,63.52000045776367,3536.0
50.63999938964844,64.19999694824219,3537.0
50.68000030517578,218.9199981689453,3538.0
50.560001373291016,63.84000015258789,3539.0
50.720001220703125,61.439998626708984,3540.0
49.79999923706055,57.79999923706055,3541.0
50.400001525878906,218.1199951171875,3542.0
50.880001068115234,217.60000610351562,3543.0
50.08000183105469,217.67999267578125,3544.0
50.52000045776367,218.63999938964844,3545.0
50.959999084472656,54.08000183105469,3546.0
50.720001220703125,218.0,3547.0
50.84000015258789,53.47999954223633,3548.0
47.63999938964844,217.72000122070312,3549.0
50.119998931884766,217.9600067138672,3550.0
52.84000015258789,54.2400016784668,3551.0
52.040000915527344,54.63999938964844,3552.0
48.400001525878906,53.7599983215332,3553.0
49.84000015258789,53.560001373291016,3554.0
49.040000915527344,53.79999923706055,3555.0
48.68000030517578,54.31999969482422,3556.0
49.15999984741211,216.44000244140625,3557.0
49.119998931884766,218.24000549316406,3558.0
49.31999969482422,51.119998931884766,3559.0
50.119998931884766,53.20000076293945,3560.0
49.63999938964844,214.16000366210938,3561.0
49.91999816894531,53.84000015258789,3562.0
49.31999969482422,51.040000915527344,3563.0
50.720001220703125,217.1999969482422,3564.0
49.15999984741211,54.0,3565.0
50.31999969482422,51.119998931884766,3566.0
50.68000030517578,56.15999984741211,3567.0
50.36000061035156,58.7599983215332,3568.0
50.279998779296875,218.67999267578125,3569.0
50.15999984741211,58.279998779296875,3570.0
49.959999084472656,53.560001373291016,3571.0
49.959999084472656,213.52000427246094,3572.0
50.0,55.79999923706055,3573.0
50.439998626708984,213.55999755859375,3574.0
49.84000015258789,74.95999908447266,3575.0
50.0,51.880001068115234,3576.0
48.880001068115234,53.20000076293945,3577.0
49.20000076293945,52.52000045776367,3578.0
48.91999816894531,52.20000076293945,3579.0
49.52000045776367,221.24000549316406,3580.0
49.279998779296875,216.47999572753906,3581.0
48.720001220703125,51.15999984741211,3582.0
49.31999969482422,215.32000732421875,3583.0
48.560001373291016,51.720001220703125,3584.0
49.91999816894531,55.599998474121094,3585.0
48.439998626708984,58.31999969482422,3586.0
49.040000915527344,214.75999450683594,3587.0
49.79999923706055,214.0399932861328,3588.0
49.439998626708984,57.91999816894531,3589.0
49.2400016784668,58.79999923706055,3590.0
46.91999816894531,58.040000915527344,3591.0
48.599998474121094,51.2400016784668,3592.0
48.7599983215332,214.0399932861328,3593.0
49.599998474121094,51.560001373291016,3594.0
48.0,53.15999984741211,3595.0
50.119998931884766,56.119998931884766,3596.0
48.7599983215332,55.599998474121094,3597.0
49.08000183105469,55.7599983215332,3598.0
48.599998474121094,52.36000061035156,3599.0
49.36000061035156,53.040000915527344,3600.0
48.36000061035156,53.36000061035156,3601.0
50.439998626708984,53.68000030517578,3602.0
49.47999954223633,55.20000076293945,3603.0
49.15999984741211,55.439998626708984,3604.0
49.119998931884766,54.0,3605.0
49.68000030517578,54.36000061035156,3606.0
48.880001068115234,53.279998779296875,3607.0
48.31999969482422,52.47999954223633,3608.0
48.36000061035156,222.24000549316406,3609.0
48.52000045776367,221.63999938964844,3610.0
48.52000045776367,56.279998779296875,3611.0
48.68000030517578,55.599998474121094,3612.0
47.63999938964844,216.32000732421875,3613.0
48.36000061035156,55.720001220703125,3614.0
48.36000061035156,215.75999450683594,3615.0
48.7599983215332,53.400001525878906,3616.0
48.279998779296875,53.20000076293945,3617.0
49.08000183105469,53.959999084472656,3618.0
49.15999984741211,55.599998474121094,3619.0
49.959999084472656,55.119998931884766,3620.0
50.119998931884766,55.2400016784668,3621.0
49.63999938964844,55.31999969482422,3622.0
49.7599983215332,55.36000061035156,3623.0
49.08000183105469,54.599998474121094,3624.0
50.08000183105469,52.040000915527344,3625.0
49.15999984741211,221.39999389648438,3626.0
48.91999816894531,221.60000610351562,3627.0
46.91999816894531,54.20000076293945,3628.0
48.47999954223633,51.959999084472656,3629.0
48.279998779296875,211.16000366210938,3630.0
49.08000183105469,73.0,3631.0
48.91999816894531,53.63999938964844,3632.0
49.959999084472656,52.7599983215332,3633.0
49.400001525878906,53.20000076293945,3634.0
49.2400016784668,221.36000061035156,3635.0
49.599998474121094,52.68000030517578,3636.0
49.79999923706055,220.36000061035156,3637.0
50.119998931884766,221.0399932861328,3638.0
50.720001220703125,220.72000122070312,3639.0
49.79999923706055,53.68000030517578,3640.0
49.2400016784668,220.32000732421875,3641.0
48.84000015258789,108.27999877929688,3642.0
50.20000076293945,221.47999572753906,3643.0
48.599998474121094,108.19999694824219,3644.0
48.400001525878906,211.0800018310547,3645.0
49.2400016784668,215.27999877929688,3646.0
49.31999969482422,213.39999389648438,3647.0
49.2400016784668,69.16000366210938,3648.0
49.20000076293945,52.439998626708984,3649.0
49.0,52.47999954223633,3650.0
49.20000076293945,55.400001525878906,3651.0
49.08000183105469,70.76000213623047,3652.0
49.2400016784668,55.400001525878906,3653.0
49.2400016784668,54.20000076293945,3654.0
49.08000183105469,55.400001525878906,3655.0
48.599998474121094,54.31999969482422,3656.0
48.52000045776367,54.15999984741211,3657.0
49.79999923706055,214.27999877929688,3658.0
48.15999984741211,52.880001068115234,3659.0
50.68000030517578,53.84000015258789,3660.0
50.63999938964844,53.439998626708984,3661.0
49.08000183105469,214.52000427246094,3662.0
50.560001373291016,52.7599983215332,3663.0
50.63999938964844,213.63999938964844,3664.0
47.720001220703125,52.400001525878906,3665.0
48.279998779296875,52.880001068115234,3666.0
49.47999954223633,212.1199951171875,3667.0
50.31999969482422,211.47999572753906,3668.0
48.20000076293945,211.8800048828125,3669.0
48.279998779296875,212.9199981689453,3670.0
50.47999954223633,51.720001220703125,3671.0
50.63999938964844,53.2400016784668,3672.0
49.15999984741211,211.32000732421875,3673.0
51.400001525878906,211.8000030517578,3674.0
51.599998474121094,52.560001373291016,3675.0
49.52000045776367,53.2400016784668,3676.0
47.79999923706055,52.68000030517578,3677.0
50.599998474121094,52.63999938964844,3678.0
49.599998474121094,52.959999084472656,3679.0
50.20000076293945,51.2400016784668,3680.0
49.880001068115234,53.36000061035156,3681.0
49.599998474121094,52.47999954223633,3682.0
48.91999816894531,106.19999694824219,3683.0
48.20000076293945,52.279998779296875,3684.0
48.47999954223633,211.16000366210938,3685.0
49.279998779296875,52.15999984741211,3686.0
49.15999984741211,58.439998626708984,3687.0
50.0,54.31999969482422,3688.0
50.08000183105469,56.560001373291016,3689.0
50.36000061035156,54.52000045776367,3690.0
49.599998474121094,57.15999984741211,3691.0
48.68000030517578,56.400001525878906,3692.0
49.08000183105469,55.959999084472656,3693.0
48.7599983215332,56.08000183105469,3694.0
49.439998626708984,213.47999572753906,3695.0
49.08000183105469,52.7599983215332,3696.0
49.52000045776367,212.27999877929688,3697.0
49.08000183105469,212.1199951171875,3698.0
49.040000915527344,53.2400016784668,3699.0
48.7599983215332,212.75999450683594,3700.0
48.959999084472656,212.83999633789062,3701.0
49.400001525878906,53.880001068115234,3702.0
49.68000030517578,213.0800018310547,3703.0
46.79999923706055,53.31999969482422,3704.0
50.36000061035156,215.0399932861328,3705.0
50.0,102.5999984741211,3706.0
50.91999816894531,52.84000015258789,3707.0
51.20000076293945,66.04000091552734,3708.0
49.880001068115234,52.119998931884766,3709.0
49.959999084472656,52.439998626708984,3710.0
49.68000030517578,52.279998779296875,3711.0
48.52000045776367,52.599998474121094,3712.0
48.880001068115234,52.959999084472656,3713.0
48.880001068115234,216.44000244140625,3714.0
48.84000015258789,216.52000427246094,3715.0
48.47999954223633,216.1199951171875,3716.0
49.560001373291016,51.47999954223633,3717.0
49.119998931884766,50.84000015258789,3718.0
49.119998931884766,215.16000366210938,3719.0
49.31999969482422,53.720001220703125,3720.0
49.119998931884766,212.1999969482422,3721.0
49.0,55.63999938964844,3722.0
49.560001373291016,54.040000915527344,3723.0
50.36000061035156,212.36000061035156,3724.0
49.0,53.880001068115234,3725.0
49.880001068115234,212.27999877929688,3726.0
49.63999938964844,211.8800048828125,3727.0
48.880001068115234,49.52000045776367,3728.0
45.279998779296875,54.720001220703125,3729.0
48.68000030517578,211.8800048828125,3730.0
48.31999969482422,212.27999877929688,3731.0
47.79999923706055,51.959999084472656,3732.0
48.79999923706055,211.9600067138672,3733.0
49.439998626708984,52.599998474121094,3734.0
49.63999938964844,52.560001373291016,3735.0
49.36000061035156,53.08000183105469,3736.0
211.72000122070312,50.599998474121094,3737.0
46.36000061035156,239.9600067138672,3738.0
48.560001373291016,50.91999816894531,3739.0
49.2400016784668,239.9600067138672,3740.0
48.68000030517578,51.439998626708984,3741.0
48.20000076293945,51.0,3742.0
48.36000061035156,52.84000015258789,3743.0
49.2400016784668,211.8800048828125,3744.0
49.2400016784668,52.279998779296875,3745.0
49.0,212.0399932861328,3746.0
48.63999938964844,211.55999755859375,3747.0
49.31999969482422,212.32000732421875,3748.0
50.08000183105469,50.63999938964844,3749.0
50.720001220703125,51.68000030517578,3750.0
48.79999923706055,211.39999389648438,3751.0
49.0,53.20000076293945,3752.0
50.400001525878906,55.79999923706055,3753.0
48.959999084472656,69.08000183105469,3754.0
49.20000076293945,214.16000366210938,3755.0
49.63999938964844,57.08000183105469,3756.0
49.2400016784668,56.84000015258789,3757.0
48.79999923706055,56.720001220703125,3758.0
48.91999816894531,55.68000030517578,3759.0
48.720001220703125,56.400001525878906,3760.0
48.560001373291016,56.2400016784668,3761.0
48.91999816894531,211.72000122070312,3762.0
48.91999816894531,53.36000061035156,3763.0
48.91999816894531,55.52000045776367,3764.0
49.08000183105469,211.8800048828125,3765.0
48.79999923706055,211.8000030517578,3766.0
49.20000076293945,211.16000366210938,3767.0
49.63999938964844,57.040000915527344,3768.0
49.119998931884766,57.2400016784668,3769.0
49.20000076293945,51.08000183105469,3770.0
49.63999938964844,57.68000030517578,3771.0
49.20000076293945,56.84000015258789,3772.0
49.2400016784668,55.959999084472656,3773.0
49.63999938964844,54.08000183105469,3774.0
49.63999938964844,50.560001373291016,3775.0
49.63999938964844,217.67999267578125,3776.0
49.439998626708984,217.1199951171875,3777.0
49.79999923706055,50.91999816894531,3778.0
49.439998626708984,51.119998931884766,3779.0
49.15999984741211,52.720001220703125,3780.0
49.08000183105469,51.52000045776367,3781.0
49.880001068115234,53.439998626708984,3782.0
50.279998779296875,52.91999816894531,3783.0
50.36000061035156,216.24000549316406,3784.0
50.439998626708984,53.400001525878906,3785.0
50.599998474121094,52.599998474121094,3786.0
50.20000076293945,215.60000610351562,3787.0
49.599998474121094,215.67999267578125,3788.0
51.0,72.12000274658203,3789.0
50.47999954223633,71.91999816894531,3790.0
49.68000030517578,51.959999084472656,3791.0
49.79999923706055,215.24000549316406,3792.0
49.15999984741211,215.44000244140625,3793.0
48.599998474121094,215.16000366210938,3794.0
49.0,215.32000732421875,3795.0
48.84000015258789,215.47999572753906,3796.0
48.79999923706055,52.400001525878906,3797.0
48.47999954223633,52.880001068115234,3798.0
49.15999984741211,52.119998931884766,3799.0
48.20000076293945,50.68000030517578,3800.0
48.15999984741211,51.31999969482422,3801.0
48.880001068115234,52.84000015258789,3802.0
48.439998626708984,51.880001068115234,3803.0
48.20000076293945,52.119998931884766,3804.0
48.560001373291016,51.959999084472656,3805.0
48.560001373291016,52.84000015258789,3806.0
49.47999954223633,52.52000045776367,3807.0
48.560001373291016,52.7599983215332,3808.0
49.31999969482422,52.68000030517578,3809.0
48.91999816894531,52.400001525878906,3810.0
48.7599983215332,52.63999938964844,3811.0
48.79999923706055,52.400001525878906,3812.0
49.63999938964844,53.08000183105469,3813.0
50.08000183105469,52.040000915527344,3814.0
49.400001525878906,53.720001220703125,3815.0
49.31999969482422,53.47999954223633,3816.0
49.31999969482422,53.63999938964844,3817.0
49.31999969482422,53.31999969482422,3818.0
49.279998779296875,95.63999938964844,3819.0
49.15999984741211,51.720001220703125,3820.0
49.0,52.7599983215332,3821.0
48.84000015258789,53.68000030517578,3822.0
48.79999923706055,53.63999938964844,3823.0
48.79999923706055,53.599998474121094,3824.0
48.880001068115234,56.20000076293945,3825.0
49.79999923706055,53.880001068115234,3826.0
50.63999938964844,53.959999084472656,3827.0
50.880001068115234,215.44000244140625,3828.0
52.040000915527344,52.79999923706055,3829.0
216.1199951171875,52.84000015258789,3830.0
51.47999954223633,53.2400016784668,3831.0
52.36000061035156,52.79999923706055,3832.0
52.439998626708984,52.880001068115234,3833.0
52.7599983215332,216.52000427246094,3834.0
52.279998779296875,52.959999084472656,3835.0
52.599998474121094,53.0,3836.0
50.439998626708984,52.91999816894531,3837.0
52.439998626708984,53.040000915527344,3838.0
52.7599983215332,53.279998779296875,3839.0
52.2400016784668,52.84000015258789,3840.0
52.08000183105469,53.20000076293945,3841.0
52.20000076293945,52.959999084472656,3842.0
52.560001373291016,53.20000076293945,3843.0
52.15999984741211,53.20000076293945,3844.0
52.400001525878906,53.599998474121094,3845.0
51.560001373291016,53.20000076293945,3846.0
51.20000076293945,52.84000015258789,3847.0
51.439998626708984,53.599998474121094,3848.0
47.400001525878906,53.0,3849.0
49.79999923706055,53.2400016784668,3850.0
50.439998626708984,52.599998474121094,3851.0
50.15999984741211,52.79999923706055,3852.0
49.959999084472656,53.0,3853.0
49.720001220703125,53.119998931884766,3854.0
49.47999954223633,53.279998779296875,3855.0
49.68000030517578,51.7599983215332,3856.0
50.439998626708984,53.63999938964844,3857.0
50.68000030517578,216.9600067138672,3858.0
50.84000015258789,55.720001220703125,3859.0
50.439998626708984,51.279998779296875,3860.0
50.36000061035156,57.439998626708984,3861.0
50.279998779296875,217.36000061035156,3862.0
50.20000076293945,217.44000244140625,3863.0
50.31999969482422,88.5999984741211,3864.0
50.2400016784668,88.91999816894531,3865.0
50.20000076293945,51.040000915527344,3866.0
50.47999954223633,51.91999816894531,3867.0
51.400001525878906,52.599998474121094,3868.0
51.0,51.400001525878906,3869.0
50.7599983215332,216.1199951171875,3870.0
51.0,51.2400016784668,3871.0
50.880001068115234,51.959999084472656,3872.0
50.20000076293945,52.279998779296875,3873.0
50.880001068115234,215.32000732421875,3874.0
51.08000183105469,51.79999923706055,3875.0
49.79999923706055,51.720001220703125,3876.0
51.119998931884766,215.16000366210938,3877.0
51.15999984741211,215.32000732421875,3878.0
48.84000015258789,215.0800018310547,3879.0
50.84000015258789,215.24000549316406,3880.0
51.2400016784668,215.32000732421875,3881.0
50.79999923706055,60.0,3882.0
50.959999084472656,60.279998779296875,3883.0
51.52000045776367,214.8800048828125,3884.0
51.47999954223633,78.68000030517578,3885.0
52.279998779296875,212.60000610351562,3886.0
52.31999969482422,70.12000274658203,3887.0
52.08000183105469,52.36000061035156,3888.0
52.0,52.36000061035156,3889.0
51.79999923706055,52.880001068115234,3890.0
51.15999984741211,53.15999984741211,3891.0
51.0,52.560001373291016,3892.0
51.63999938964844,52.84000015258789,3893.0
51.0,218.24000549316406,3894.0
51.439998626708984,53.2400016784668,3895.0
51.119998931884766,52.68000030517578,3896.0
50.47999954223633,58.400001525878906,3897.0
50.119998931884766,52.84000015258789,3898.0
49.20000076293945,52.36000061035156,3899.0
49.560001373291016,52.119998931884766,3900.0
49.599998474121094,51.400001525878906,3901.0
49.880001068115234,51.880001068115234,3902.0
49.2400016784668,215.16000366210938,3903.0
50.20000076293945,69.36000061035156,3904.0
49.880001068115234,214.60000610351562,3905.0
50.08000183105469,214.67999267578125,3906.0
49.720001220703125,215.60000610351562,3907.0
49.7599983215332,213.75999450683594,3908.0
49.79999923706055,213.9600067138672,3909.0
49.880001068115234,214.27999877929688,3910.0
50.2400016784668,52.2400016784668,3911.0
50.439998626708984,213.63999938964844,3912.0
50.63999938964844,51.7599983215332,3913.0
50.560001373291016,51.720001220703125,3914.0
49.880001068115234,52.400001525878906,3915.0
50.08000183105469,218.8000030517578,3916.0
49.63999938964844,219.47999572753906,3917.0
49.79999923706055,219.27999877929688,3918.0
49.0,57.959999084472656,3919.0
49.560001373291016,58.2400016784668,3920.0
48.91999816894531,57.7599983215332,3921.0
49.20000076293945,49.47999954223633,3922.0
48.84000015258789,216.27999877929688,3923.0
49.2400016784668,215.52000427246094,3924.0
49.63999938964844,215.67999267578125,3925.0
50.68000030517578,215.47999572753906,3926.0
50.84000015258789,61.0,3927.0
49.47999954223633,214.9600067138672,3928.0
49.79999923706055,215.16000366210938,3929.0
49.880001068115234,215.1199951171875,3930.0
49.52000045776367,215.24000549316406,3931.0
49.47999954223633,215.47999572753906,3932.0
49.7599983215332,215.44000244140625,3933.0
49.720001220703125,216.0399932861328,3934.0
50.599998474121094,215.1999969482422,3935.0
50.47999954223633,215.72000122070312,3936.0
50.400001525878906,60.560001373291016,3937.0
50.36000061035156,62.040000915527344,3938.0
51.15999984741211,61.91999816894531,3939.0
49.959999084472656,61.20000076293945,3940.0
50.20000076293945,62.84000015258789,3941.0
51.08000183105469,62.52000045776367,3942.0
49.560001373291016,61.880001068115234,3943.0
50.36000061035156,52.68000030517578,3944.0
49.79999923706055,61.31999969482422,3945.0
50.36000061035156,61.439998626708984,3946.0
49.36000061035156,51.720001220703125,3947.0
48.91999816894531,215.47999572753906,3948.0
49.0,215.0800018310547,3949.0
50.040000915527344,52.20000076293945,3950.0
49.959999084472656,51.52000045776367,3951.0
50.279998779296875,51.599998474121094,3952.0
50.439998626708984,51.20000076293945,3953.0
49.720001220703125,56.560001373291016,3954.0
49.560001373291016,56.79999923706055,3955.0
48.84000015258789,52.279998779296875,3956.0
48.720001220703125,52.36000061035156,3957.0
49.119998931884766,216.8000030517578,3958.0
48.84000015258789,53.0,3959.0
48.7599983215332,239.9600067138672,3960.0
48.52000045776367,239.1999969482422,3961.0
48.84000015258789,238.16000366210938,3962.0
48.560001373291016,53.400001525878906,3963.0
49.15999984741211,57.47999954223633,3964.0
214.9199981689453,51.47999954223633,3965.0
49.279998779296875,52.439998626708984,3966.0
48.84000015258789,52.2400016784668,3967.0
48.08000183105469,49.79999923706055,3968.0
215.1199951171875,52.15999984741211,3969.0
51.040000915527344,237.8800048828125,3970.0
49.880001068115234,53.279998779296875,3971.0
47.880001068115234,236.75999450683594,3972.0
50.720001220703125,236.9199981689453,3973.0
49.15999984741211,237.0800018310547,3974.0
49.68000030517578,236.47999572753906,3975.0
48.720001220703125,236.36000061035156,3976.0
51.0,236.44000244140625,3977.0
49.560001373291016,63.08000183105469,3978.0
49.68000030517578,236.60000610351562,3979.0
48.63999938964844,56.880001068115234,3980.0
48.52000045776367,237.24000549316406,3981.0
49.52000045776367,56.959999084472656,3982.0
49.439998626708984,56.7599983215332,3983.0
49.31999969482422,57.400001525878906,3984.0
49.7599983215332,57.08000183105469,3985.0
49.63999938964844,57.2400016784668,3986.0
49.959999084472656,239.9600067138672,3987.0
49.7599983215332,239.9600067138672,3988.0
49.84000015258789,239.9600067138672,3989.0
49.63999938964844,237.47999572753906,3990.0
49.400001525878906,239.9600067138672,3991.0
50.119998931884766,56.68000030517578,3992.0
49.880001068115234,236.27999877929688,3993.0
49.47999954223633,236.1199951171875,3994.0
49.439998626708984,60.599998474121094,3995.0
49.47999954223633,60.439998626708984,3996.0
52.91999816894531,235.8800048828125,3997.0
52.91999816894531,235.60000610351562,3998.0
214.16000366210938,235.8800048828125,3999.0
48.15999984741211,236.67999267578125,4000.0
47.959999084472656,58.84000015258789,4001.0
47.959999084472656,60.119998931884766,4002.0
47.959999084472656,58.68000030517578,4003.0
47.560001373291016,58.91999816894531,4004.0
47.720001220703125,58.7599983215332,4005.0
47.52000045776367,57.63999938964844,4006.0
48.560001373291016,57.2400016784668,4007.0
49.36000061035156,57.2400016784668,4008.0
50.31999969482422,60.08000183105469,4009.0
51.79999923706055,52.880001068115234,4010.0
51.63999938964844,51.47999954223633,4011.0
51.20000076293945,51.560001373291016,4012.0
48.91999816894531,215.8800048828125,4013.0
48.52000045776367,57.400001525878906,4014.0
50.36000061035156,57.2400016784668,4015.0
51.7599983215332,52.560001373291016,4016.0
51.720001220703125,52.79999923706055,4017.0
50.52000045776367,215.55999755859375,4018.0
51.720001220703125,53.31999969482422,4019.0
50.52000045776367,53.68000030517578,4020.0
50.599998474121094,51.599998474121094,4021.0
50.720001220703125,58.15999984741211,4022.0
49.959999084472656,58.119998931884766,4023.0
51.0,58.68000030517578,4024.0
50.959999084472656,58.08000183105469,4025.0
51.2400016784668,58.040000915527344,4026.0
50.36000061035156,63.959999084472656,4027.0
50.720001220703125,57.47999954223633,4028.0
51.08000183105469,63.79999923706055,4029.0
50.68000030517578,64.19999694824219,4030.0
51.08000183105469,55.400001525878906,4031.0
50.79999923706055,57.79999923706055,4032.0
50.68000030517578,239.9600067138672,4033.0
50.84000015258789,62.91999816894531,4034.0
50.52000045776367,56.52000045776367,4035.0
49.7599983215332,56.439998626708984,4036.0
50.36000061035156,73.83999633789062,4037.0
50.040000915527344,57.91999816894531,4038.0
50.63999938964844,221.39999389648438,4039.0
52.2400016784668,221.52000427246094,4040.0
48.91999816894531,61.560001373291016,4041.0
47.0,61.20000076293945,4042.0
46.720001220703125,221.0800018310547,4043.0
47.720001220703125,221.0,4044.0
48.2400016784668,220.83999633789062,4045.0
48.52000045776367,220.44000244140625,4046.0
48.279998779296875,57.2400016784668,4047.0
47.560001373291016,57.79999923706055,4048.0
49.20000076293945,57.720001220703125,4049.0
48.68000030517578,58.0,4050.0
49.0,58.0,4051.0
49.2400016784668,61.52000045776367,4052.0
51.400001525878906,77.36000061035156,4053.0
50.47999954223633,77.4800033569336,4054.0
50.720001220703125,57.47999954223633,4055.0
51.400001525878906,62.7599983215332,4056.0
50.880001068115234,56.119998931884766,4057.0
50.599998474121094,53.599998474121094,4058.0
50.7599983215332,65.31999969482422,4059.0
50.439998626708984,57.15999984741211,4060.0
50.439998626708984,57.84000015258789,4061.0
50.47999954223633,55.63999938964844,4062.0
50.959999084472656,57.959999084472656,4063.0
50.959999084472656,57.7599983215332,4064.0
50.0,217.47999572753906,4065.0
50.720001220703125,63.720001220703125,4066.0
50.959999084472656,64.5199966430664,4067.0
50.08000183105469,64.4000015258789,4068.0
49.560001373291016,60.720001220703125,4069.0
48.91999816894531,59.400001525878906,4070.0
48.84000015258789,64.19999694824219,4071.0
49.79999923706055,217.52000427246094,4072.0
50.2400016784668,62.880001068115234,4073.0
50.36000061035156,63.880001068115234,4074.0
51.31999969482422,224.83999633789062,4075.0
51.279998779296875,64.04000091552734,4076.0
45.20000076293945,61.279998779296875,4077.0
49.68000030517578,59.959999084472656,4078.0
48.36000061035156,60.08000183105469,4079.0
49.31999969482422,59.31999969482422,4080.0
50.36000061035156,219.83999633789062,4081.0
51.040000915527344,219.24000549316406,4082.0
51.15999984741211,218.75999450683594,4083.0
50.91999816894531,58.439998626708984,4084.0
50.599998474121094,218.1199951171875,4085.0
50.84000015258789,217.47999572753906,4086.0
50.7599983215332,216.67999267578125,4087.0
50.84000015258789,69.5999984741211,4088.0
51.0,68.27999877929688,4089.0
51.040000915527344,68.19999694824219,4090.0
50.720001220703125,68.04000091552734,4091.0
50.599998474121094,214.72000122070312,4092.0
50.560001373291016,57.880001068115234,4093.0
46.720001220703125,58.279998779296875,4094.0
45.63999938964844,58.36000061035156,4095.0
49.040000915527344,59.31999969482422,4096.0
49.15999984741211,58.880001068115234,4097.0
48.47999954223633,59.0,4098.0
48.79999923706055,212.9199981689453,4099.0
48.439998626708984,212.75999450683594,4100.0
48.68000030517578,58.15999984741211,4101.0
47.880001068115234,50.68000030517578,4102.0
48.2400016784668,52.68000030517578,4103.0
48.880001068115234,58.119998931884766,4104.0
48.7599983215332,57.720001220703125,4105.0
48.599998474121094,57.880001068115234,4106.0
48.0,51.20000076293945,4107.0
48.279998779296875,49.68000030517578,4108.0
48.15999984741211,61.400001525878906,4109.0
47.79999923706055,61.63999938964844,4110.0
48.15999984741211,215.1199951171875,4111.0
47.08000183105469,92.19999694824219,4112.0
47.2400016784668,215.9199981689453,4113.0
47.720001220703125,57.880001068115234,4114.0
47.439998626708984,53.31999969482422,4115.0
47.2400016784668,57.31999969482422,4116.0
47.08000183105469,215.1999969482422,4117.0
46.959999084472656,53.400001525878906,4118.0
46.599998474121094,52.68000030517578,4119.0
48.279998779296875,52.720001220703125,4120.0
47.560001373291016,52.15999984741211,4121.0
47.880001068115234,51.2400016784668,4122.0
48.36000061035156,94.36000061035156,4123.0
48.560001373291016,94.83999633789062,4124.0
47.79999923706055,92.5999984741211,4125.0
47.959999084472656,67.4000015258789,4126.0
48.0,92.19999694824219,4127.0
47.52000045776367,213.72000122070312,4128.0
47.880001068115234,53.31999969482422,4129.0
48.439998626708984,134.0800018310547,4130.0
49.08000183105469,134.16000366210938,4131.0
48.47999954223633,220.63999938964844,4132.0
48.7599983215332,221.1199951171875,4133.0
48.439998626708984,57.880001068115234,4134.0
48.040000915527344,58.7599983215332,4135.0
47.84000015258789,92.63999938964844,4136.0
48.400001525878906,92.55999755859375,4137.0
47.68000030517578,93.23999786376953,4138.0
47.599998474121094,91.76000213623047,4139.0
47.560001373291016,91.72000122070312,4140.0
47.720001220703125,92.19999694824219,4141.0
47.20000076293945,211.47999572753906,4142.0
48.040000915527344,57.84000015258789,4143.0
48.400001525878906,221.39999389648438,4144.0
48.2400016784668,58.400001525878906,4145.0
48.400001525878906,63.560001373291016,4146.0
48.2400016784668,210.44000244140625,4147.0
48.959999084472656,58.560001373291016,4148.0
49.040000915527344,57.79999923706055,4149.0
47.91999816894531,66.08000183105469,4150.0
48.63999938964844,57.91999816894531,4151.0
48.31999969482422,52.36000061035156,4152.0
48.439998626708984,57.400001525878906,4153.0
48.52000045776367,57.599998474121094,4154.0
48.20000076293945,56.84000015258789,4155.0
48.2400016784668,57.560001373291016,4156.0
48.31999969482422,221.27999877929688,4157.0
48.68000030517578,222.36000061035156,4158.0
48.31999969482422,56.119998931884766,4159.0
48.31999969482422,51.040000915527344,4160.0
47.880001068115234,51.2400016784668,4161.0
48.040000915527344,239.9600067138672,4162.0
47.20000076293945,215.52000427246094,4163.0
48.08000183105469,51.08000183105469,4164.0
47.2400016784668,213.39999389648438,4165.0
48.560001373291016,57.0,4166.0
49.15999984741211,57.439998626708984,4167.0
48.84000015258789,56.63999938964844,4168.0
49.0,215.39999389648438,4169.0
49.2400016784668,59.15999984741211,4170.0
48.84000015258789,57.439998626708984,4171.0
48.119998931884766,215.60000610351562,4172.0
48.08000183105469,57.040000915527344,4173.0
49.08000183105469,214.9199981689453,4174.0
48.91999816894531,57.31999969482422,4175.0
48.2400016784668,220.52000427246094,4176.0
48.119998931884766,56.040000915527344,4177.0
48.0,57.279998779296875,4178.0
47.63999938964844,56.36000061035156,4179.0
48.7599983215332,57.0,4180.0
48.68000030517578,53.0,4181.0
49.040000915527344,53.15999984741211,4182.0
49.0,58.63999938964844,4183.0
49.20000076293945,58.63999938964844,4184.0
48.2400016784668,51.119998931884766,4185.0
47.400001525878906,57.959999084472656,4186.0
48.040000915527344,57.36000061035156,4187.0
47.7599983215332,56.52000045776367,4188.0
46.880001068115234,56.36000061035156,4189.0
48.31999969482422,56.720001220703125,4190.0
48.68000030517578,56.08000183105469,4191.0
46.0,58.0,4192.0
47.880001068115234,110.83999633789062,4193.0
48.20000076293945,57.31999969482422,4194.0
48.68000030517578,218.60000610351562,4195.0
48.47999954223633,57.31999969482422,4196.0
49.119998931884766,215.0399932861328,4197.0
48.20000076293945,219.52000427246094,4198.0
48.599998474121094,58.47999954223633,4199.0
48.880001068115234,58.31999969482422,4200.0
49.2400016784668,213.63999938964844,4201.0
49.599998474121094,58.279998779296875,4202.0
48.47999954223633,98.08000183105469,4203.0
49.119998931884766,215.63999938964844,4204.0
49.0,97.87999725341797,4205.0
49.119998931884766,239.9600067138672,4206.0
48.91999816894531,51.040000915527344,4207.0
49.0,214.36000061035156,4208.0
48.959999084472656,56.79999923706055,4209.0
49.119998931884766,56.20000076293945,4210.0
49.15999984741211,68.95999908447266,4211.0
48.20000076293945,212.44000244140625,4212.0
49.15999984741211,57.279998779296875,4213.0
49.279998779296875,57.15999984741211,4214.0
48.439998626708984,239.9600067138672,4215.0
48.68000030517578,57.68000030517578,4216.0
48.7599983215332,57.119998931884766,4217.0
49.439998626708984,57.68000030517578,4218.0
49.119998931884766,58.31999969482422,4219.0
49.040000915527344,239.9600067138672,4220.0
49.36000061035156,50.47999954223633,4221.0
48.599998474121094,57.31999969482422,4222.0
49.0,214.0399932861328,4223.0
48.880001068115234,239.9600067138672,4224.0
49.08000183105469,96.23999786376953,4225.0
48.720001220703125,53.31999969482422,4226.0
47.599998474121094,52.20000076293945,4227.0
47.959999084472656,54.119998931884766,4228.0
47.63999938964844,52.52000045776367,4229.0
48.279998779296875,54.7599983215332,4230.0
47.47999954223633,215.67999267578125,4231.0
47.720001220703125,54.119998931884766,4232.0
49.439998626708984,216.52000427246094,4233.0
48.08000183105469,51.63999938964844,4234.0
48.119998931884766,52.84000015258789,4235.0
49.52000045776367,239.9600067138672,4236.0
48.91999816894531,215.0,4237.0
48.31999969482422,212.75999450683594,4238.0
48.36000061035156,239.9600067138672,4239.0
48.0,56.560001373291016,4240.0
48.20000076293945,211.24000549316406,4241.0
48.2400016784668,214.75999450683594,4242.0
48.040000915527344,213.9600067138672,4243.0
47.63999938964844,50.2400016784668,4244.0
48.20000076293945,217.75999450683594,4245.0
47.880001068115234,56.68000030517578,4246.0
47.52000045776367,56.599998474121094,4247.0
47.91999816894531,58.08000183105469,4248.0
48.15999984741211,57.7599983215332,4249.0
49.439998626708984,57.959999084472656,4250.0
48.279998779296875,53.599998474121094,4251.0
48.959999084472656,212.36000061035156,4252.0
49.0,53.20000076293945,4253.0
49.15999984741211,55.279998779296875,4254.0
48.84000015258789,56.52000045776367,4255.0
47.880001068115234,56.84000015258789,4256.0
47.84000015258789,55.400001525878906,4257.0
47.63999938964844,53.720001220703125,4258.0
47.720001220703125,57.2400016784668,4259.0
48.08000183105469,50.08000183105469,4260.0
48.20000076293945,52.720001220703125,4261.0
48.279998779296875,53.7599983215332,4262.0
48.119998931884766,53.15999984741211,4263.0
48.20000076293945,214.1999969482422,4264.0
48.31999969482422,52.84000015258789,4265.0
48.040000915527344,52.68000030517578,4266.0
47.2400016784668,52.880001068115234,4267.0
48.7599983215332,56.63999938964844,4268.0
49.0,214.67999267578125,4269.0
48.279998779296875,50.31999969482422,4270.0
48.31999969482422,53.599998474121094,4271.0
48.439998626708984,213.55999755859375,4272.0
48.599998474121094,50.959999084472656,4273.0
48.7599983215332,53.20000076293945,4274.0
48.47999954223633,57.15999984741211,4275.0
48.84000015258789,49.400001525878906,4276.0
49.040000915527344,51.880001068115234,4277.0
48.52000045776367,50.880001068115234,4278.0
48.36000061035156,211.8800048828125,4279.0
48.400001525878906,52.31999969482422,4280.0
48.15999984741211,52.560001373291016,4281.0
48.720001220703125,57.7599983215332,4282.0
47.79999923706055,52.79999923706055,4283.0
48.400001525878906,53.63999938964844,4284.0
48.560001373291016,53.2400016784668,4285.0
48.599998474121094,52.279998779296875,4286.0
48.880001068115234,51.63999938964844,4287.0
48.439998626708984,55.599998474121094,4288.0
48.20000076293945,51.08000183105469,4289.0
48.279998779296875,52.36000061035156,4290.0
48.279998779296875,52.63999938964844,4291.0
48.439998626708984,53.599998474121094,4292.0
48.040000915527344,50.2400016784668,4293.0
47.84000015258789,54.2400016784668,4294.0
48.040000915527344,54.119998931884766,4295.0
47.959999084472656,55.08000183105469,4296.0
48.31999969482422,55.08000183105469,4297.0
47.720001220703125,55.2400016784668,4298.0
47.400001525878906,55.15999984741211,4299.0
47.15999984741211,52.0,4300.0
47.20000076293945,51.2400016784668,4301.0
48.08000183105469,52.36000061035156,4302.0
48.400001525878906,56.08000183105469,4303.0
48.31999969482422,56.880001068115234,4304.0
48.720001220703125,57.400001525878906,4305.0
48.560001373291016,58.31999969482422,4306.0
48.400001525878906,59.63999938964844,4307.0
48.91999816894531,57.08000183105469,4308.0
48.79999923706055,212.9199981689453,4309.0
36.20000076293945,56.31999969482422,4310.0
48.79999923706055,57.20000076293945,4311.0
48.68000030517578,55.7599983215332,4312.0
48.84000015258789,211.8000030517578,4313.0
48.959999084472656,61.36000061035156,4314.0
48.119998931884766,213.9600067138672,4315.0
48.20000076293945,213.24000549316406,4316.0
48.36000061035156,62.720001220703125,4317.0
48.36000061035156,213.24000549316406,4318.0
48.880001068115234,214.83999633789062,4319.0
48.959999084472656,66.44000244140625,4320.0
48.880001068115234,213.24000549316406,4321.0
47.63999938964844,212.83999633789062,4322.0
49.2400016784668,57.959999084472656,4323.0
48.720001220703125,57.15999984741211,4324.0
49.040000915527344,57.36000061035156,4325.0
44.08000183105469,54.79999923706055,4326.0
48.68000030517578,212.9199981689453,4327.0
49.0,56.439998626708984,4328.0
49.0,56.52000045776367,4329.0
48.47999954223633,56.400001525878906,4330.0
48.79999923706055,212.83999633789062,4331.0
49.0,56.47999954223633,4332.0
48.959999084472656,56.119998931884766,4333.0
49.0,55.599998474121094,4334.0
48.68000030517578,56.47999954223633,4335.0
48.52000045776367,56.08000183105469,4336.0
48.84000015258789,56.880001068115234,4337.0
48.36000061035156,65.68000030517578,4338.0
48.560001373291016,65.4800033569336,4339.0
47.880001068115234,64.72000122070312,4340.0
47.720001220703125,65.68000030517578,4341.0
48.7599983215332,65.16000366210938,4342.0
48.400001525878906,67.04000091552734,4343.0
47.63999938964844,66.72000122070312,4344.0
49.2400016784668,65.16000366210938,4345.0
47.84000015258789,65.68000030517578,4346.0
48.720001220703125,56.08000183105469,4347.0
48.7599983215332,56.08000183105469,4348.0
49.08000183105469,55.959999084472656,4349.0
47.040000915527344,56.119998931884766,4350.0
49.2400016784668,55.720001220703125,4351.0
48.20000076293945,54.119998931884766,4352.0
48.15999984741211,56.15999984741211,4353.0
48.47999954223633,55.7599983215332,4354.0
47.68000030517578,56.040000915527344,4355.0
48.20000076293945,56.040000915527344,4356.0
47.15999984741211,56.560001373291016,4357.0
48.36000061035156,56.560001373291016,4358.0
47.79999923706055,56.47999954223633,4359.0
50.15999984741211,56.68000030517578,4360.0
48.79999923706055,56.15999984741211,4361.0
49.31999969482422,56.560001373291016,4362.0
48.91999816894531,56.08000183105469,4363.0
49.0,56.2400016784668,4364.0
48.84000015258789,55.439998626708984,4365.0
49.400001525878906,56.720001220703125,4366.0
48.47999954223633,56.20000076293945,4367.0
47.79999923706055,56.119998931884766,4368.0
45.84000015258789,56.279998779296875,4369.0
47.880001068115234,55.84000015258789,4370.0
48.52000045776367,55.959999084472656,4371.0
47.0,56.119998931884766,4372.0
46.959999084472656,55.880001068115234,4373.0
47.560001373291016,55.79999923706055,4374.0
48.08000183105469,55.880001068115234,4375.0
47.040000915527344,56.20000076293945,4376.0
47.959999084472656,55.68000030517578,4377.0
47.400001525878906,55.720001220703125,4378.0
49.959999084472656,55.7599983215332,4379.0
44.20000076293945,54.959999084472656,4380.0
47.91999816894531,55.68000030517578,4381.0
48.68000030517578,55.560001373291016,4382.0
49.08000183105469,55.79999923706055,4383.0
48.7599983215332,55.279998779296875,4384.0
48.52000045776367,55.119998931884766,4385.0
47.31999969482422,55.720001220703125,4386.0
48.040000915527344,52.599998474121094,4387.0
47.63999938964844,54.79999923706055,4388.0
48.08000183105469,55.560001373291016,4389.0
48.2400016784668,55.599998474121094,4390.0
47.20000076293945,55.599998474121094,4391.0
48.279998779296875,55.68000030517578,4392.0
48.36000061035156,55.08000183105469,4393.0
47.880001068115234,55.15999984741211,4394.0
48.68000030517578,55.63999938964844,4395.0
48.040000915527344,55.08000183105469,4396.0
45.63999938964844,55.279998779296875,4397.0
44.2400016784668,55.0,4398.0
47.20000076293945,55.79999923706055,4399.0
46.68000030517578,54.36000061035156,4400.0
48.439998626708984,55.119998931884766,4401.0
44.79999923706055,54.040000915527344,4402.0
46.7599983215332,55.52000045776367,4403.0
49.15999984741211,53.880001068115234,4404.0
49.52000045776367,55.439998626708984,4405.0
46.2400016784668,56.2400016784668,4406.0
48.08000183105469,56.31999969482422,4407.0
48.91999816894531,55.439998626708984,4408.0
48.31999969482422,55.599998474121094,4409.0
47.7599983215332,55.400001525878906,4410.0
46.91999816894531,55.52000045776367,4411.0
35.720001220703125,53.720001220703125,4412.0
53.63999938964844,54.52000045776367,4413.0
49.31999969482422,56.36000061035156,4414.0
48.52000045776367,56.040000915527344,4415.0
48.880001068115234,55.15999984741211,4416.0
48.040000915527344,55.20000076293945,4417.0
47.560001373291016,55.119998931884766,4418.0
48.560001373291016,54.599998474121094,4419.0
48.91999816894531,54.79999923706055,4420.0
48.20000076293945,215.39999389648438,4421.0
48.84000015258789,88.23999786376953,4422.0
48.20000076293945,88.27999877929688,4423.0
46.7599983215332,54.959999084472656,4424.0
47.880001068115234,88.12000274658203,4425.0
45.91999816894531,43.720001220703125,4426.0
47.959999084472656,54.63999938964844,4427.0
48.15999984741211,57.040000915527344,4428.0
47.91999816894531,54.79999923706055,4429.0
47.84000015258789,55.279998779296875,4430.0
47.84000015258789,55.119998931884766,4431.0
48.36000061035156,54.959999084472656,4432.0
46.79999923706055,54.91999816894531,4433.0
47.599998474121094,54.36000061035156,4434.0
48.15999984741211,52.91999816894531,4435.0
47.959999084472656,53.720001220703125,4436.0
48.15999984741211,47.08000183105469,4437.0
44.36000061035156,54.599998474121094,4438.0
47.52000045776367,47.880001068115234,4439.0
45.599998474121094,54.880001068115234,4440.0
47.279998779296875,238.27999877929688,4441.0
47.20000076293945,46.119998931884766,4442.0
47.20000076293945,47.08000183105469,4443.0
47.400001525878906,54.20000076293945,4444.0
47.63999938964844,53.880001068115234,4445.0
47.08000183105469,54.20000076293945,4446.0
48.119998931884766,54.47999954223633,4447.0
48.439998626708984,54.119998931884766,4448.0
48.279998779296875,213.24000549316406,4449.0
49.08000183105469,54.52000045776367,4450.0
47.880001068115234,54.47999954223633,4451.0
47.31999969482422,54.279998779296875,4452.0
47.560001373291016,54.52000045776367,4453.0
47.400001525878906,54.20000076293945,4454.0
48.47999954223633,55.880001068115234,4455.0
47.84000015258789,54.63999938964844,4456.0
48.36000061035156,54.36000061035156,4457.0
48.2400016784668,54.400001525878906,4458.0
49.119998931884766,52.7599983215332,4459.0
48.040000915527344,49.47999954223633,4460.0
48.36000061035156,54.91999816894531,4461.0
47.91999816894531,54.47999954223633,4462.0
47.84000015258789,47.47999954223633,4463.0
48.560001373291016,53.63999938964844,4464.0
48.400001525878906,50.91999816894531,4465.0
47.91999816894531,49.15999984741211,4466.0
47.68000030517578,53.91999816894531,4467.0
48.79999923706055,54.439998626708984,4468.0
48.040000915527344,54.7599983215332,4469.0
48.52000045776367,213.8800048828125,4470.0
48.439998626708984,51.15999984741211,4471.0
46.599998474121094,51.400001525878906,4472.0
48.08000183105469,214.67999267578125,4473.0
48.20000076293945,51.7599983215332,4474.0
48.36000061035156,50.959999084472656,4475.0
48.52000045776367,239.9600067138672,4476.0
48.599998474121094,214.67999267578125,4477.0
48.439998626708984,214.52000427246094,4478.0
48.040000915527344,213.9199981689453,4479.0
47.79999923706055,213.67999267578125,4480.0
48.2400016784668,214.1999969482422,4481.0
49.0,51.040000915527344,4482.0
47.560001373291016,52.15999984741211,4483.0
48.63999938964844,53.959999084472656,4484.0
49.0,52.2400016784668,4485.0
45.79999923706055,56.400001525878906,4486.0
48.279998779296875,57.279998779296875,4487.0
48.439998626708984,55.36000061035156,4488.0
48.47999954223633,55.880001068115234,4489.0
48.2400016784668,53.959999084472656,4490.0
48.84000015258789,54.79999923706055,4491.0
48.68000030517578,54.20000076293945,4492.0
47.959999084472656,54.79999923706055,4493.0
47.439998626708984,54.20000076293945,4494.0
47.599998474121094,52.68000030517578,4495.0
47.880001068115234,55.20000076293945,4496.0
47.720001220703125,239.9600067138672,4497.0
47.400001525878906,239.9600067138672,4498.0
47.91999816894531,235.63999938964844,4499.0
48.0,215.27999877929688,4500.0
48.119998931884766,215.8000030517578,4501.0
48.439998626708984,49.040000915527344,4502.0
48.560001373291016,51.400001525878906,4503.0
48.68000030517578,213.72000122070312,4504.0
48.560001373291016,214.83999633789062,4505.0
48.52000045776367,54.400001525878906,4506.0
48.08000183105469,51.119998931884766,4507.0
48.040000915527344,50.279998779296875,4508.0
47.880001068115234,216.39999389648438,4509.0
48.08000183105469,49.63999938964844,4510.0
47.68000030517578,50.31999969482422,4511.0
47.47999954223633,50.47999954223633,4512.0
47.7599983215332,49.2400016784668,4513.0
47.599998474121094,211.9600067138672,4514.0
48.31999969482422,51.400001525878906,4515.0
48.119998931884766,52.20000076293945,4516.0
48.279998779296875,52.63999938964844,4517.0
47.279998779296875,54.20000076293945,4518.0
47.880001068115234,239.9600067138672,4519.0
47.91999816894531,215.32000732421875,4520.0
49.79999923706055,53.20000076293945,4521.0
48.040000915527344,54.79999923706055,4522.0
49.08000183105469,56.439998626708984,4523.0
45.36000061035156,57.0,4524.0
48.040000915527344,55.84000015258789,4525.0
48.20000076293945,51.959999084472656,4526.0
48.2400016784668,53.2400016784668,4527.0
48.15999984741211,53.63999938964844,4528.0
48.7599983215332,52.599998474121094,4529.0
48.2400016784668,74.0,4530.0
48.52000045776367,54.47999954223633,4531.0
47.959999084472656,51.279998779296875,4532.0
47.79999923706055,51.400001525878906,4533.0
46.15999984741211,47.0,4534.0
47.0,51.0,4535.0
47.52000045776367,47.91999816894531,4536.0
48.68000030517578,50.400001525878906,4537.0
47.959999084472656,104.44000244140625,4538.0
47.880001068115234,76.36000061035156,4539.0
48.36000061035156,58.31999969482422,4540.0
47.63999938964844,57.279998779296875,4541.0
47.79999923706055,52.439998626708984,4542.0
46.7599983215332,55.040000915527344,4543.0
47.720001220703125,215.36000061035156,4544.0
48.040000915527344,215.36000061035156,4545.0
48.15999984741211,213.16000366210938,4546.0
47.68000030517578,50.84000015258789,4547.0
48.2400016784668,215.39999389648438,4548.0
48.040000915527344,67.08000183105469,4549.0
47.52000045776367,55.040000915527344,4550.0
47.599998474121094,56.560001373291016,4551.0
47.720001220703125,57.68000030517578,4552.0
47.31999969482422,56.15999984741211,4553.0
46.84000015258789,56.20000076293945,4554.0
47.599998474121094,55.47999954223633,4555.0
47.599998474121094,214.8800048828125,4556.0
47.20000076293945,213.52000427246094,4557.0
47.400001525878906,55.84000015258789,4558.0
47.08000183105469,56.68000030517578,4559.0
47.52000045776367,55.040000915527344,4560.0
46.79999923706055,70.04000091552734,4561.0
47.119998931884766,56.20000076293945,4562.0
47.36000061035156,56.20000076293945,4563.0
47.400001525878906,50.31999969482422,4564.0
47.31999969482422,82.31999969482422,4565.0
46.91999816894531,82.23999786376953,4566.0
47.36000061035156,210.16000366210938,4567.0
46.720001220703125,212.24000549316406,4568.0
47.439998626708984,81.91999816894531,4569.0
47.31999969482422,46.84000015258789,4570.0
47.20000076293945,46.68000030517578,4571.0
47.63999938964844,50.720001220703125,4572.0
47.720001220703125,47.31999969482422,4573.0
47.79999923706055,213.39999389648438,4574.0
47.880001068115234,57.20000076293945,4575.0
48.040000915527344,239.9600067138672,4576.0
47.79999923706055,47.20000076293945,4577.0
47.880001068115234,202.1199951171875,4578.0
47.720001220703125,55.959999084472656,4579.0
47.400001525878906,86.63999938964844,4580.0
47.720001220703125,84.4000015258789,4581.0
47.79999923706055,51.400001525878906,4582.0
47.84000015258789,83.95999908447266,4583.0
48.279998779296875,51.15999984741211,4584.0
48.63999938964844,84.19999694824219,4585.0
48.68000030517578,84.4000015258789,4586.0
48.599998474121094,84.83999633789062,4587.0
48.599998474121094,85.0,4588.0
48.15999984741211,84.36000061035156,4589.0
48.439998626708984,57.08000183105469,4590.0
47.91999816894531,56.720001220703125,4591.0
45.63999938964844,56.79999923706055,4592.0
48.20000076293945,213.72000122070312,4593.0
48.15999984741211,59.31999969482422,4594.0
47.880001068115234,48.20000076293945,4595.0
48.0,55.880001068115234,4596.0
45.15999984741211,48.52000045776367,4597.0
47.52000045776367,62.15999984741211,4598.0
47.52000045776367,50.36000061035156,4599.0
47.52000045776367,47.47999954223633,4600.0
47.52000045776367,85.31999969482422,4601.0
47.720001220703125,83.16000366210938,4602.0
47.720001220703125,51.599998474121094,4603.0
47.91999816894531,57.720001220703125,4604.0
48.279998779296875,75.72000122070312,4605.0
48.439998626708984,85.63999938964844,4606.0
47.959999084472656,214.67999267578125,4607.0
48.040000915527344,213.32000732421875,4608.0
48.36000061035156,214.83999633789062,4609.0
47.91999816894531,213.1999969482422,4610.0
47.63999938964844,213.55999755859375,4611.0
47.91999816894531,213.8000030517578,4612.0
48.279998779296875,212.9199981689453,4613.0
48.15999984741211,56.560001373291016,4614.0
47.79999923706055,57.31999969482422,4615.0
47.36000061035156,56.84000015258789,4616.0
48.36000061035156,57.52000045776367,4617.0
48.0,57.0,4618.0
47.68000030517578,215.27999877929688,4619.0
48.439998626708984,215.52000427246094,4620.0
48.560001373291016,56.7599983215332,4621.0
48.439998626708984,215.8000030517578,4622.0
48.040000915527344,48.040000915527344,4623.0
48.2400016784668,56.599998474121094,4624.0
48.560001373291016,48.400001525878906,4625.0
48.560001373291016,56.52000045776367,4626.0
47.91999816894531,48.91999816894531,4627.0
47.599998474121094,50.68000030517578,4628.0
47.880001068115234,213.0399932861328,4629.0
47.08000183105469,84.83999633789062,4630.0
47.84000015258789,84.44000244140625,4631.0
47.20000076293945,51.91999816894531,4632.0
47.47999954223633,84.83999633789062,4633.0
47.84000015258789,215.24000549316406,4634.0
47.400001525878906,85.27999877929688,4635.0
47.400001525878906,48.279998779296875,4636.0
47.720001220703125,214.1199951171875,4637.0
47.959999084472656,51.15999984741211,4638.0
47.20000076293945,74.04000091552734,4639.0
47.08000183105469,43.15999984741211,4640.0
43.279998779296875,216.52000427246094,4641.0
46.880001068115234,50.040000915527344,4642.0
48.959999084472656,50.279998779296875,4643.0
47.84000015258789,214.8800048828125,4644.0
47.599998474121094,48.91999816894531,4645.0
49.279998779296875,50.31999969482422,4646.0
48.52000045776367,50.279998779296875,4647.0
48.20000076293945,50.279998779296875,4648.0
47.91999816894531,213.47999572753906,4649.0
48.279998779296875,50.7599983215332,4650.0
48.560001373291016,83.4000015258789,4651.0
48.279998779296875,48.279998779296875,4652.0
48.599998474121094,58.0,4653.0
48.880001068115234,213.75999450683594,4654.0
49.31999969482422,49.959999084472656,4655.0
49.31999969482422,50.31999969482422,4656.0
44.36000061035156,54.959999084472656,4657.0
44.36000061035156,50.400001525878906,4658.0
48.84000015258789,48.7599983215332,4659.0
47.2400016784668,47.08000183105469,4660.0
48.36000061035156,55.439998626708984,4661.0
48.52000045776367,92.76000213623047,4662.0
47.880001068115234,55.36000061035156,4663.0
48.20000076293945,56.47999954223633,4664.0
48.20000076293945,54.2400016784668,4665.0
44.52000045776367,56.52000045776367,4666.0
49.68000030517578,51.36000061035156,4667.0
48.52000045776367,51.119998931884766,4668.0
46.7599983215332,49.959999084472656,4669.0
47.959999084472656,82.80000305175781,4670.0
48.2400016784668,56.040000915527344,4671.0
48.119998931884766,50.119998931884766,4672.0
47.79999923706055,55.84000015258789,4673.0
47.720001220703125,55.47999954223633,4674.0
47.15999984741211,56.439998626708984,4675.0
47.439998626708984,51.040000915527344,4676.0
46.47999954223633,46.68000030517578,4677.0
47.119998931884766,47.31999969482422,4678.0
47.0,46.91999816894531,4679.0
47.63999938964844,55.880001068115234,4680.0
47.52000045776367,49.15999984741211,4681.0
48.08000183105469,83.55999755859375,4682.0
47.720001220703125,50.279998779296875,4683.0
47.560001373291016,82.36000061035156,4684.0
46.68000030517578,51.47999954223633,4685.0
45.08000183105469,55.20000076293945,4686.0
42.959999084472656,51.119998931884766,4687.0
48.119998931884766,53.400001525878906,4688.0
47.79999923706055,55.20000076293945,4689.0
48.08000183105469,55.0,4690.0
43.79999923706055,83.72000122070312,4691.0
43.400001525878906,50.959999084472656,4692.0
48.63999938964844,54.560001373291016,4693.0
46.560001373291016,46.68000030517578,4694.0
48.91999816894531,218.0,4695.0
48.7599983215332,84.04000091552734,4696.0
47.7599983215332,54.400001525878906,4697.0
40.720001220703125,83.72000122070312,4698.0
41.31999969482422,56.84000015258789,4699.0
45.31999969482422,55.599998474121094,4700.0
44.91999816894531,55.0,4701.0
40.68000030517578,56.08000183105469,4702.0
45.91999816894531,44.7599983215332,4703.0
39.08000183105469,57.0,4704.0
48.2400016784668,56.959999084472656,4705.0
49.36000061035156,52.040000915527344,4706.0
47.7599983215332,53.15999984741211,4707.0
8.199999809265137,48.91999816894531,4708.0
46.84000015258789,55.63999938964844,4709.0
47.560001373291016,58.08000183105469,4710.0
47.20000076293945,56.20000076293945,4711.0
47.400001525878906,57.720001220703125,4712.0
44.0,57.15999984741211,4713.0
48.84000015258789,59.15999984741211,4714.0
47.79999923706055,56.279998779296875,4715.0
48.36000061035156,50.279998779296875,4716.0
48.279998779296875,52.040000915527344,4717.0
48.20000076293945,48.91999816894531,4718.0
47.79999923706055,56.880001068115234,4719.0
48.52000045776367,55.400001525878906,4720.0
49.15999984741211,49.2400016784668,4721.0
47.880001068115234,55.7599983215332,4722.0
47.08000183105469,55.7599983215332,4723.0
47.79999923706055,50.599998474121094,4724.0
48.20000076293945,54.599998474121094,4725.0
47.560001373291016,56.400001525878906,4726.0
43.91999816894531,55.91999816894531,4727.0
48.91999816894531,54.36000061035156,4728.0
47.560001373291016,57.52000045776367,4729.0
46.91999816894531,56.599998474121094,4730.0
46.400001525878906,215.16000366210938,4731.0
47.880001068115234,56.0,4732.0
46.439998626708984,56.439998626708984,4733.0
46.31999969482422,77.72000122070312,4734.0
48.36000061035156,54.880001068115234,4735.0
48.279998779296875,48.400001525878906,4736.0
48.52000045776367,52.400001525878906,4737.0
47.959999084472656,48.119998931884766,4738.0
48.279998779296875,60.08000183105469,4739.0
47.560001373291016,59.560001373291016,4740.0
47.79999923706055,58.599998474121094,4741.0
48.79999923706055,55.439998626708984,4742.0
48.560001373291016,58.63999938964844,4743.0
48.040000915527344,57.52000045776367,4744.0
48.560001373291016,49.040000915527344,4745.0
48.040000915527344,57.84000015258789,4746.0
48.040000915527344,55.68000030517578,4747.0
45.0,55.68000030517578,4748.0
47.599998474121094,56.119998931884766,4749.0
47.439998626708984,54.79999923706055,4750.0
48.119998931884766,56.119998931884766,4751.0
48.400001525878906,55.560001373291016,4752.0
48.20000076293945,214.67999267578125,4753.0
48.15999984741211,48.599998474121094,4754.0
48.31999969482422,53.79999923706055,4755.0
47.84000015258789,49.0,4756.0
47.720001220703125,212.75999450683594,4757.0
47.599998474121094,215.75999450683594,4758.0
45.79999923706055,215.0399932861328,4759.0
47.68000030517578,47.279998779296875,4760.0
47.720001220703125,215.60000610351562,4761.0
47.720001220703125,214.27999877929688,4762.0
47.720001220703125,47.560001373291016,4763.0
48.91999816894531,59.79999923706055,4764.0
46.52000045776367,58.560001373291016,4765.0
49.0,58.2400016784668,4766.0
47.84000015258789,77.44000244140625,4767.0
48.7599983215332,58.08000183105469,4768.0
48.84000015258789,75.91999816894531,4769.0
47.959999084472656,58.52000045776367,4770.0
48.400001525878906,58.279998779296875,4771.0
49.36000061035156,58.31999969482422,4772.0
49.52000045776367,50.15999984741211,4773.0
48.79999923706055,79.55999755859375,4774.0
49.439998626708984,58.880001068115234,4775.0
49.15999984741211,49.720001220703125,4776.0
48.15999984741211,58.040000915527344,4777.0
48.79999923706055,57.0,4778.0
48.040000915527344,54.400001525878906,4779.0
48.599998474121094,55.68000030517578,4780.0
48.63999938964844,54.880001068115234,4781.0
47.880001068115234,48.08000183105469,4782.0
48.720001220703125,54.63999938964844,4783.0
48.91999816894531,52.36000061035156,4784.0
0.0,50.119998931884766,4785.0
48.720001220703125,62.15999984741211,4786.0
48.79999923706055,52.36000061035156,4787.0
47.599998474121094,57.0,4788.0
47.400001525878906,50.20000076293945,4789.0
47.84000015258789,57.400001525878906,4790.0
47.84000015258789,57.47999954223633,4791.0
48.36000061035156,58.400001525878906,4792.0
48.2400016784668,58.08000183105469,4793.0
48.439998626708984,57.68000030517578,4794.0
48.68000030517578,47.63999938964844,4795.0
48.040000915527344,56.959999084472656,4796.0
48.52000045776367,58.0,4797.0
48.560001373291016,58.08000183105469,4798.0
47.720001220703125,57.880001068115234,4799.0
48.040000915527344,57.52000045776367,4800.0
47.439998626708984,52.84000015258789,4801.0
47.79999923706055,58.63999938964844,4802.0
45.20000076293945,57.79999923706055,4803.0
44.68000030517578,44.91999816894531,4804.0
44.08000183105469,56.2400016784668,4805.0
48.36000061035156,55.91999816894531,4806.0
43.279998779296875,49.040000915527344,4807.0
47.959999084472656,56.119998931884766,4808.0
47.15999984741211,57.119998931884766,4809.0
42.91999816894531,49.0,4810.0
47.880001068115234,49.560001373291016,4811.0
47.720001220703125,64.63999938964844,4812.0
48.7599983215332,54.599998474121094,4813.0
48.68000030517578,56.959999084472656,4814.0
47.599998474121094,59.08000183105469,4815.0
44.68000030517578,58.31999969482422,4816.0
44.560001373291016,44.20000076293945,4817.0
43.2400016784668,47.880001068115234,4818.0
33.36000061035156,50.08000183105469,4819.0
33.31999969482422,43.08000183105469,4820.0
45.84000015258789,46.20000076293945,4821.0
44.68000030517578,60.20000076293945,4822.0
47.279998779296875,61.68000030517578,4823.0
46.880001068115234,47.47999954223633,4824.0
47.08000183105469,55.63999938964844,4825.0
42.560001373291016,58.36000061035156,4826.0
47.20000076293945,59.15999984741211,4827.0
46.880001068115234,55.7599983215332,4828.0
47.400001525878906,56.15999984741211,4829.0
47.599998474121094,56.400001525878906,4830.0
44.439998626708984,57.08000183105469,4831.0
44.0,55.7599983215332,4832.0
43.84000015258789,55.599998474121094,4833.0
45.439998626708984,52.400001525878906,4834.0
47.79999923706055,55.47999954223633,4835.0
48.36000061035156,214.72000122070312,4836.0
214.32000732421875,50.63999938964844,4837.0
48.36000061035156,53.31999969482422,4838.0
48.36000061035156,214.9600067138672,4839.0
48.84000015258789,57.400001525878906,4840.0
47.959999084472656,54.400001525878906,4841.0
48.31999969482422,60.20000076293945,4842.0
48.119998931884766,55.15999984741211,4843.0
48.20000076293945,52.560001373291016,4844.0
45.79999923706055,57.720001220703125,4845.0
48.31999969482422,57.599998474121094,4846.0
44.08000183105469,55.63999938964844,4847.0
44.91999816894531,57.400001525878906,4848.0
46.959999084472656,59.08000183105469,4849.0
44.959999084472656,57.20000076293945,4850.0
45.68000030517578,58.36000061035156,4851.0
47.959999084472656,57.63999938964844,4852.0
47.91999816894531,59.63999938964844,4853.0
45.20000076293945,43.400001525878906,4854.0
48.040000915527344,58.720001220703125,4855.0
47.720001220703125,57.63999938964844,4856.0
48.36000061035156,58.63999938964844,4857.0
48.119998931884766,57.439998626708984,4858.0
46.0,55.880001068115234,4859.0
48.119998931884766,52.91999816894531,4860.0
47.47999954223633,56.400001525878906,4861.0
39.47999954223633,53.63999938964844,4862.0
43.68000030517578,49.720001220703125,4863.0
48.15999984741211,52.91999816894531,4864.0
48.599998474121094,54.439998626708984,4865.0
48.84000015258789,58.720001220703125,4866.0
48.400001525878906,53.880001068115234,4867.0
47.599998474121094,53.040000915527344,4868.0
47.79999923706055,52.439998626708984,4869.0
46.91999816894531,51.720001220703125,4870.0
48.36000061035156,56.439998626708984,4871.0
47.79999923706055,54.47999954223633,4872.0
47.880001068115234,57.84000015258789,4873.0
48.36000061035156,79.87999725341797,4874.0
47.91999816894531,56.400001525878906,4875.0
48.15999984741211,58.63999938964844,4876.0
48.040000915527344,59.040000915527344,4877.0
47.7599983215332,48.7599983215332,4878.0
48.279998779296875,58.439998626708984,4879.0
47.400001525878906,51.040000915527344,4880.0
47.720001220703125,58.47999954223633,4881.0
48.119998931884766,56.2400016784668,4882.0
48.15999984741211,56.880001068115234,4883.0
48.36000061035156,52.20000076293945,4884.0
47.560001373291016,57.720001220703125,4885.0
47.400001525878906,216.8000030517578,4886.0
45.91999816894531,58.84000015258789,4887.0
44.68000030517578,44.040000915527344,4888.0
43.880001068115234,43.36000061035156,4889.0
43.79999923706055,44.68000030517578,4890.0
48.20000076293945,56.400001525878906,4891.0
47.880001068115234,50.84000015258789,4892.0
47.91999816894531,45.68000030517578,4893.0
46.79999923706055,47.2400016784668,4894.0
48.31999969482422,45.79999923706055,4895.0
13.15999984741211,54.7599983215332,4896.0
47.31999969482422,214.32000732421875,4897.0
47.68000030517578,58.08000183105469,4898.0
48.20000076293945,46.68000030517578,4899.0
47.91999816894531,44.599998474121094,4900.0
47.7599983215332,59.720001220703125,4901.0
48.040000915527344,50.119998931884766,4902.0
46.0,44.599998474121094,4903.0
48.0,47.79999923706055,4904.0
40.040000915527344,48.20000076293945,4905.0
47.119998931884766,49.63999938964844,4906.0
48.68000030517578,49.040000915527344,4907.0
47.400001525878906,48.599998474121094,4908.0
47.599998474121094,47.84000015258789,4909.0
48.15999984741211,52.599998474121094,4910.0
46.63999938964844,212.0399932861328,4911.0
47.2400016784668,47.84000015258789,4912.0
47.47999954223633,64.36000061035156,4913.0
47.560001373291016,49.040000915527344,4914.0
47.36000061035156,49.15999984741211,4915.0
48.68000030517578,50.279998779296875,4916.0
49.36000061035156,50.279998779296875,4917.0
50.599998474121094,50.91999816894531,4918.0
47.959999084472656,48.52000045776367,4919.0
47.15999984741211,220.1999969482422,4920.0
36.52000045776367,51.279998779296875,4921.0
48.040000915527344,51.7599983215332,4922.0
47.400001525878906,50.52000045776367,4923.0
47.720001220703125,46.52000045776367,4924.0
46.880001068115234,76.4000015258789,4925.0
47.84000015258789,211.55999755859375,4926.0
47.119998931884766,48.119998931884766,4927.0
47.52000045776367,49.52000045776367,4928.0
48.720001220703125,48.7599983215332,4929.0
38.79999923706055,56.880001068115234,4930.0
47.08000183105469,44.20000076293945,4931.0
42.36000061035156,56.79999923706055,4932.0
47.7599983215332,56.91999816894531,4933.0
47.560001373291016,46.279998779296875,4934.0
47.279998779296875,49.36000061035156,4935.0
48.439998626708984,215.36000061035156,4936.0
46.84000015258789,214.1999969482422,4937.0
47.959999084472656,211.9600067138672,4938.0
47.720001220703125,213.75999450683594,4939.0
47.91999816894531,213.63999938964844,4940.0
48.52000045776367,49.400001525878906,4941.0
47.84000015258789,212.1999969482422,4942.0
47.720001220703125,213.32000732421875,4943.0
46.91999816894531,212.9199981689453,4944.0
47.08000183105469,212.1999969482422,4945.0
48.68000030517578,56.2400016784668,4946.0
48.040000915527344,213.0800018310547,4947.0
48.08000183105469,49.47999954223633,4948.0
47.439998626708984,212.52000427246094,4949.0
47.439998626708984,214.16000366210938,4950.0
47.84000015258789,239.9600067138672,4951.0
48.599998474121094,51.720001220703125,4952.0
48.279998779296875,51.040000915527344,4953.0
47.880001068115234,50.63999938964844,4954.0
48.040000915527344,94.4800033569336,4955.0
48.52000045776367,239.9600067138672,4956.0
48.36000061035156,50.279998779296875,4957.0
47.79999923706055,50.279998779296875,4958.0
48.08000183105469,215.27999877929688,4959.0
48.52000045776367,216.27999877929688,4960.0
48.08000183105469,215.24000549316406,4961.0
48.7599983215332,77.08000183105469,4962.0
48.84000015258789,214.72000122070312,4963.0
49.0,82.04000091552734,4964.0
49.040000915527344,215.0,4965.0
44.52000045776367,51.15999984741211,4966.0
47.7599983215332,51.279998779296875,4967.0
47.91999816894531,215.0800018310547,4968.0
47.959999084472656,51.400001525878906,4969.0
48.15999984741211,51.91999816894531,4970.0
47.84000015258789,82.0,4971.0
48.84000015258789,69.5199966430664,4972.0
47.720001220703125,69.76000213623047,4973.0
47.52000045776367,81.76000213623047,4974.0
47.959999084472656,82.0,4975.0
49.0,50.959999084472656,4976.0
45.0,50.31999969482422,4977.0
48.20000076293945,51.15999984741211,4978.0
38.439998626708984,56.20000076293945,4979.0
47.880001068115234,51.040000915527344,4980.0
47.880001068115234,52.599998474121094,4981.0
48.2400016784668,51.08000183105469,4982.0
47.560001373291016,51.2400016784668,4983.0
47.63999938964844,52.84000015258789,4984.0
46.20000076293945,53.040000915527344,4985.0
45.959999084472656,44.880001068115234,4986.0
47.720001220703125,50.20000076293945,4987.0
47.84000015258789,82.08000183105469,4988.0
48.36000061035156,50.47999954223633,4989.0
47.91999816894531,82.72000122070312,4990.0
47.959999084472656,51.720001220703125,4991.0
48.119998931884766,216.67999267578125,4992.0
48.040000915527344,52.15999984741211,4993.0
47.08000183105469,58.0,4994.0
48.7599983215332,52.599998474121094,4995.0
47.47999954223633,53.08000183105469,4996.0
47.20000076293945,52.84000015258789,4997.0
48.040000915527344,110.68000030517578,4998.0
47.720001220703125,51.040000915527344,4999.0
49.2400016784668,56.0,5000.0
45.599998474121094,52.84000015258789,5001.0
46.31999969482422,55.119998931884766,5002.0
47.2400016784668,56.7599983215332,5003.0
46.91999816894531,52.08000183105469,5004.0
46.91999816894531,52.31999969482422,5005.0
48.040000915527344,53.20000076293945,5006.0
47.959999084472656,110.83999633789062,5007.0
48.68000030517578,53.400001525878906,5008.0
47.08000183105469,51.040000915527344,5009.0
49.0,51.7599983215332,5010.0
47.79999923706055,52.040000915527344,5011.0
48.560001373291016,109.76000213623047,5012.0
47.79999923706055,51.599998474121094,5013.0
48.84000015258789,51.279998779296875,5014.0
48.0,50.0,5015.0
48.20000076293945,52.439998626708984,5016.0
47.47999954223633,53.2400016784668,5017.0
48.400001525878906,53.84000015258789,5018.0
48.7599983215332,49.7599983215332,5019.0
48.47999954223633,50.959999084472656,5020.0
49.31999969482422,66.55999755859375,5021.0
49.119998931884766,50.279998779296875,5022.0
48.560001373291016,239.27999877929688,5023.0
49.119998931884766,57.52000045776367,5024.0
48.119998931884766,57.959999084472656,5025.0
48.400001525878906,51.040000915527344,5026.0
48.7599983215332,50.279998779296875,5027.0
47.91999816894531,58.2400016784668,5028.0
48.36000061035156,50.31999969482422,5029.0
47.880001068115234,211.32000732421875,5030.0
48.84000015258789,58.560001373291016,5031.0
48.84000015258789,213.1999969482422,5032.0
49.2400016784668,239.9600067138672,5033.0
48.040000915527344,212.0,5034.0
47.63999938964844,50.63999938964844,5035.0
48.2400016784668,52.79999923706055,5036.0
48.720001220703125,214.9600067138672,5037.0
49.47999954223633,56.560001373291016,5038.0
41.959999084472656,53.720001220703125,5039.0
48.15999984741211,61.15999984741211,5040.0
48.31999969482422,57.91999816894531,5041.0
47.84000015258789,53.68000030517578,5042.0
47.68000030517578,50.0,5043.0
41.68000030517578,138.0,5044.0
49.47999954223633,48.279998779296875,5045.0
47.7599983215332,48.720001220703125,5046.0
88.19999694824219,53.599998474121094,5047.0
48.68000030517578,67.44000244140625,5048.0
48.880001068115234,48.91999816894531,5049.0
12.319999694824219,50.79999923706055,5050.0
49.79999923706055,54.439998626708984,5051.0
46.279998779296875,53.84000015258789,5052.0
48.2400016784668,54.279998779296875,5053.0
48.7599983215332,54.2400016784668,5054.0
49.08000183105469,53.84000015258789,5055.0
48.7599983215332,67.95999908447266,5056.0
49.36000061035156,49.68000030517578,5057.0
15.119999885559082,54.720001220703125,5058.0
238.63999938964844,239.9600067138672,5059.0
49.36000061035156,51.0,5060.0
50.36000061035156,50.63999938964844,5061.0
48.040000915527344,52.84000015258789,5062.0
48.31999969482422,53.0,5063.0
48.040000915527344,54.20000076293945,5064.0
49.880001068115234,54.7599983215332,5065.0
49.84000015258789,57.79999923706055,5066.0
49.720001220703125,57.720001220703125,5067.0
51.31999969482422,54.79999923706055,5068.0
51.439998626708984,53.2400016784668,5069.0
47.720001220703125,49.959999084472656,5070.0
48.439998626708984,51.79999923706055,5071.0
46.20000076293945,54.20000076293945,5072.0
45.599998474121094,54.880001068115234,5073.0
47.040000915527344,53.560001373291016,5074.0
45.79999923706055,54.20000076293945,5075.0
48.959999084472656,52.52000045776367,5076.0
46.68000030517578,53.560001373291016,5077.0
48.15999984741211,53.2400016784668,5078.0
48.7599983215332,53.63999938964844,5079.0
52.880001068115234,54.119998931884766,5080.0
50.439998626708984,211.8000030517578,5081.0
50.0,239.9600067138672,5082.0
51.880001068115234,144.72000122070312,5083.0
51.08000183105469,53.2400016784668,5084.0
48.68000030517578,48.36000061035156,5085.0
49.31999969482422,55.7599983215332,5086.0
48.599998474121094,54.7599983215332,5087.0
48.560001373291016,57.0,5088.0
47.599998474121094,58.31999969482422,5089.0
48.880001068115234,56.68000030517578,5090.0
49.31999969482422,57.47999954223633,5091.0
49.47999954223633,53.47999954223633,5092.0
48.880001068115234,219.1999969482422,5093.0
50.36000061035156,50.63999938964844,5094.0
49.0,51.880001068115234,5095.0
49.279998779296875,53.31999969482422,5096.0
50.2400016784668,50.7599983215332,5097.0
49.08000183105469,219.9199981689453,5098.0
49.79999923706055,57.279998779296875,5099.0
48.68000030517578,54.279998779296875,5100.0
48.119998931884766,54.79999923706055,5101.0
48.040000915527344,55.279998779296875,5102.0
48.040000915527344,53.2400016784668,5103.0
48.720001220703125,50.79999923706055,5104.0
48.84000015258789,216.44000244140625,5105.0
48.880001068115234,51.119998931884766,5106.0
48.84000015258789,56.84000015258789,5107.0
45.15999984741211,53.880001068115234,5108.0
48.720001220703125,56.720001220703125,5109.0
50.040000915527344,57.2400016784668,5110.0
48.47999954223633,56.91999816894531,5111.0
49.47999954223633,52.279998779296875,5112.0
49.959999084472656,56.400001525878906,5113.0
47.720001220703125,57.63999938964844,5114.0
48.720001220703125,55.880001068115234,5115.0
48.279998779296875,55.7599983215332,5116.0
48.560001373291016,56.91999816894531,5117.0
48.279998779296875,57.7599983215332,5118.0
49.52000045776367,230.63999938964844,5119.0
47.47999954223633,239.9600067138672,5120.0
48.880001068115234,216.24000549316406,5121.0
47.880001068115234,224.8800048828125,5122.0
48.959999084472656,224.8000030517578,5123.0
48.47999954223633,55.560001373291016,5124.0
49.040000915527344,218.27999877929688,5125.0
50.31999969482422,218.1199951171875,5126.0
48.7599983215332,69.16000366210938,5127.0
48.400001525878906,53.2400016784668,5128.0
51.880001068115234,84.19999694824219,5129.0
48.720001220703125,69.72000122070312,5130.0
50.31999969482422,57.68000030517578,5131.0
50.79999923706055,213.63999938964844,5132.0
49.31999969482422,212.75999450683594,5133.0
49.040000915527344,49.84000015258789,5134.0
48.84000015258789,57.15999984741211,5135.0
49.2400016784668,50.959999084472656,5136.0
50.880001068115234,53.47999954223633,5137.0
48.84000015258789,51.880001068115234,5138.0
48.040000915527344,70.08000183105469,5139.0
47.52000045776367,52.880001068115234,5140.0
47.959999084472656,47.84000015258789,5141.0
47.880001068115234,68.76000213623047,5142.0
48.040000915527344,209.67999267578125,5143.0
48.31999969482422,56.560001373291016,5144.0
48.040000915527344,210.1999969482422,5145.0
49.560001373291016,55.400001525878906,5146.0
47.08000183105469,94.80000305175781,5147.0
47.84000015258789,72.44000244140625,5148.0
49.880001068115234,211.0,5149.0
47.720001220703125,71.4800033569336,5150.0
47.880001068115234,67.44000244140625,5151.0
43.7599983215332,50.68000030517578,5152.0
48.7599983215332,200.0,5153.0
48.47999954223633,206.67999267578125,5154.0
49.20000076293945,52.63999938964844,5155.0
50.08000183105469,53.720001220703125,5156.0
48.47999954223633,73.16000366210938,5157.0
49.439998626708984,71.5999984741211,5158.0
47.279998779296875,48.0,5159.0
0.0,58.040000915527344,5160.0
48.040000915527344,85.63999938964844,5161.0
47.2400016784668,49.08000183105469,5162.0
48.20000076293945,69.19999694824219,5163.0
48.599998474121094,71.12000274658203,5164.0
48.439998626708984,50.7599983215332,5165.0
48.720001220703125,57.47999954223633,5166.0
48.720001220703125,215.27999877929688,5167.0
49.439998626708984,71.27999877929688,5168.0
49.15999984741211,52.560001373291016,5169.0
49.400001525878906,69.23999786376953,5170.0
49.880001068115234,54.7599983215332,5171.0
49.0,53.63999938964844,5172.0
48.47999954223633,55.439998626708984,5173.0
47.84000015258789,212.0800018310547,5174.0
48.52000045776367,53.52000045776367,5175.0
47.720001220703125,54.15999984741211,5176.0
47.84000015258789,57.959999084472656,5177.0
49.560001373291016,57.63999938964844,5178.0
47.720001220703125,57.959999084472656,5179.0
47.880001068115234,56.52000045776367,5180.0
46.400001525878906,56.15999984741211,5181.0
49.040000915527344,56.400001525878906,5182.0
48.400001525878906,57.2400016784668,5183.0
50.720001220703125,235.52000427246094,5184.0
50.15999984741211,52.20000076293945,5185.0
48.91999816894531,52.91999816894531,5186.0
48.439998626708984,52.599998474121094,5187.0
49.79999923706055,72.08000183105469,5188.0
49.79999923706055,53.400001525878906,5189.0
49.31999969482422,72.4800033569336,5190.0
48.15999984741211,52.84000015258789,5191.0
50.0,58.040000915527344,5192.0
50.63999938964844,72.4000015258789,5193.0
46.959999084472656,57.52000045776367,5194.0
50.720001220703125,51.119998931884766,5195.0
48.279998779296875,56.560001373291016,5196.0
48.91999816894531,51.400001525878906,5197.0
48.560001373291016,50.63999938964844,5198.0
40.119998931884766,51.279998779296875,5199.0
36.2400016784668,51.47999954223633,5200.0
50.63999938964844,51.560001373291016,5201.0
49.31999969482422,51.15999984741211,5202.0
48.279998779296875,53.36000061035156,5203.0
50.959999084472656,53.119998931884766,5204.0
52.2400016784668,52.880001068115234,5205.0
52.040000915527344,215.27999877929688,5206.0
52.31999969482422,53.52000045776367,5207.0
52.2400016784668,54.400001525878906,5208.0
52.720001220703125,56.560001373291016,5209.0
48.52000045776367,56.040000915527344,5210.0
47.52000045776367,54.439998626708984,5211.0
48.119998931884766,57.720001220703125,5212.0
48.91999816894531,56.47999954223633,5213.0
47.400001525878906,54.439998626708984,5214.0
50.08000183105469,52.720001220703125,5215.0
44.91999816894531,51.040000915527344,5216.0
48.20000076293945,51.91999816894531,5217.0
51.84000015258789,52.68000030517578,5218.0
43.91999816894531,50.52000045776367,5219.0
31.239999771118164,52.08000183105469,5220.0
48.720001220703125,64.5199966430664,5221.0
52.2400016784668,52.7599983215332,5222.0
44.20000076293945,52.599998474121094,5223.0
49.959999084472656,50.959999084472656,5224.0
44.880001068115234,52.599998474121094,5225.0
50.040000915527344,51.7599983215332,5226.0
49.0,212.0399932861328,5227.0
50.52000045776367,52.560001373291016,5228.0
49.63999938964844,50.439998626708984,5229.0
51.599998474121094,53.2400016784668,5230.0
51.560001373291016,56.31999969482422,5231.0
2.0399999618530273,52.84000015258789,5232.0
52.84000015258789,53.279998779296875,5233.0
52.63999938964844,214.67999267578125,5234.0
51.91999816894531,52.84000015258789,5235.0
52.040000915527344,52.68000030517578,5236.0
52.15999984741211,53.0,5237.0
51.84000015258789,56.31999969482422,5238.0
52.279998779296875,52.79999923706055,5239.0
50.279998779296875,53.15999984741211,5240.0
50.20000076293945,51.439998626708984,5241.0
51.119998931884766,51.599998474121094,5242.0
51.0,52.84000015258789,5243.0
51.439998626708984,52.959999084472656,5244.0
48.52000045776367,53.31999969482422,5245.0
49.31999969482422,53.31999969482422,5246.0
51.119998931884766,51.560001373291016,5247.0
47.439998626708984,52.279998779296875,5248.0
51.720001220703125,54.2400016784668,5249.0
52.599998474121094,53.31999969482422,5250.0
52.68000030517578,53.599998474121094,5251.0
52.560001373291016,52.68000030517578,5252.0
45.91999816894531,53.959999084472656,5253.0
42.720001220703125,52.84000015258789,5254.0
43.279998779296875,53.2400016784668,5255.0
35.08000183105469,49.040000915527344,5256.0
210.9199981689453,220.8000030517578,5257.0
50.36000061035156,49.959999084472656,5258.0
49.279998779296875,52.15999984741211,5259.0
50.47999954223633,59.36000061035156,5260.0
45.63999938964844,51.68000030517578,5261.0
49.959999084472656,51.400001525878906,5262.0
46.119998931884766,57.880001068115234,5263.0
50.279998779296875,52.2400016784668,5264.0
48.7599983215332,57.959999084472656,5265.0
50.040000915527344,90.19999694824219,5266.0
48.36000061035156,91.76000213623047,5267.0
49.959999084472656,92.5199966430664,5268.0
51.0,91.91999816894531,5269.0
48.20000076293945,90.0,5270.0
46.84000015258789,56.599998474121094,5271.0
40.880001068115234,55.91999816894531,5272.0
49.880001068115234,55.68000030517578,5273.0
41.0,56.52000045776367,5274.0
49.84000015258789,56.400001525878906,5275.0
48.91999816894531,56.720001220703125,5276.0
50.040000915527344,55.79999923706055,5277.0
50.279998779296875,56.91999816894531,5278.0
49.880001068115234,56.63999938964844,5279.0
29.440000534057617,56.08000183105469,5280.0
50.0,56.720001220703125,5281.0
48.959999084472656,57.31999969482422,5282.0
48.36000061035156,56.439998626708984,5283.0
48.08000183105469,51.79999923706055,5284.0
45.0,52.84000015258789,5285.0
44.31999969482422,54.2400016784668,5286.0
48.20000076293945,63.400001525878906,5287.0
50.119998931884766,52.68000030517578,5288.0
48.7599983215332,215.47999572753906,5289.0
48.68000030517578,56.560001373291016,5290.0
50.15999984741211,50.63999938964844,5291.0
49.560001373291016,62.599998474121094,5292.0
43.2400016784668,51.119998931884766,5293.0
212.55999755859375,50.959999084472656,5294.0
47.63999938964844,56.08000183105469,5295.0
49.31999969482422,54.279998779296875,5296.0
43.47999954223633,50.0,5297.0
49.47999954223633,52.36000061035156,5298.0
49.119998931884766,81.36000061035156,5299.0
48.36000061035156,53.36000061035156,5300.0
45.63999938964844,54.880001068115234,5301.0
48.08000183105469,54.560001373291016,5302.0
49.2400016784668,54.439998626708984,5303.0
46.63999938964844,112.72000122070312,5304.0
49.0,61.599998474121094,5305.0
49.2400016784668,209.0800018310547,5306.0
45.20000076293945,61.20000076293945,5307.0
47.63999938964844,58.63999938964844,5308.0
47.720001220703125,60.560001373291016,5309.0
47.560001373291016,58.52000045776367,5310.0
48.15999984741211,61.959999084472656,5311.0
47.560001373291016,48.279998779296875,5312.0
48.47999954223633,48.20000076293945,5313.0
47.84000015258789,239.9600067138672,5314.0
45.79999923706055,57.68000030517578,5315.0
49.20000076293945,57.040000915527344,5316.0
49.279998779296875,57.84000015258789,5317.0
49.08000183105469,57.400001525878906,5318.0
48.08000183105469,61.599998474121094,5319.0
48.52000045776367,58.36000061035156,5320.0
49.2400016784668,60.47999954223633,5321.0
48.52000045776367,57.599998474121094,5322.0
208.60000610351562,59.720001220703125,5323.0
48.36000061035156,55.7599983215332,5324.0
49.31999969482422,54.439998626708984,5325.0
50.119998931884766,50.68000030517578,5326.0
50.119998931884766,49.880001068115234,5327.0
50.79999923706055,51.880001068115234,5328.0
51.36000061035156,52.0,5329.0
51.0,51.47999954223633,5330.0
46.439998626708984,53.31999969482422,5331.0
49.31999969482422,58.720001220703125,5332.0
50.880001068115234,53.52000045776367,5333.0
51.119998931884766,52.84000015258789,5334.0
50.560001373291016,51.36000061035156,5335.0
51.040000915527344,51.79999923706055,5336.0
50.91999816894531,237.47999572753906,5337.0
51.880001068115234,52.119998931884766,5338.0
51.7599983215332,52.68000030517578,5339.0
45.84000015258789,51.959999084472656,5340.0
50.959999084472656,51.63999938964844,5341.0
49.08000183105469,51.400001525878906,5342.0
52.279998779296875,52.63999938964844,5343.0
50.7599983215332,52.279998779296875,5344.0
50.08000183105469,51.20000076293945,5345.0
49.7599983215332,50.84000015258789,5346.0
49.47999954223633,51.439998626708984,5347.0
50.52000045776367,50.959999084472656,5348.0
49.15999984741211,208.36000061035156,5349.0
49.20000076293945,50.279998779296875,5350.0
49.7599983215332,210.16000366210938,5351.0
49.0,210.60000610351562,5352.0
50.08000183105469,58.36000061035156,5353.0
52.20000076293945,52.84000015258789,5354.0
51.439998626708984,210.1199951171875,5355.0
50.599998474121094,57.79999923706055,5356.0
50.20000076293945,77.5199966430664,5357.0
51.2400016784668,51.91999816894531,5358.0
30.440000534057617,49.79999923706055,5359.0
48.880001068115234,213.9600067138672,5360.0
49.47999954223633,50.79999923706055,5361.0
49.959999084472656,51.31999969482422,5362.0
48.720001220703125,50.36000061035156,5363.0
48.68000030517578,211.9600067138672,5364.0
45.79999923706055,52.84000015258789,5365.0
47.0,57.79999923706055,5366.0
49.63999938964844,53.0,5367.0
52.439998626708984,209.36000061035156,5368.0
51.400001525878906,51.880001068115234,5369.0
50.119998931884766,54.63999938964844,5370.0
51.400001525878906,201.1199951171875,5371.0
51.31999969482422,51.599998474121094,5372.0
40.720001220703125,210.36000061035156,5373.0
50.63999938964844,51.52000045776367,5374.0
37.31999969482422,48.439998626708984,5375.0
40.63999938964844,57.68000030517578,5376.0
51.279998779296875,51.959999084472656,5377.0
50.959999084472656,52.36000061035156,5378.0
48.599998474121094,52.599998474121094,5379.0
49.15999984741211,58.2400016784668,5380.0
49.119998931884766,77.5999984741211,5381.0
46.959999084472656,55.119998931884766,5382.0
47.52000045776367,51.119998931884766,5383.0
47.2400016784668,56.08000183105469,5384.0
47.20000076293945,57.599998474121094,5385.0
45.040000915527344,55.400001525878906,5386.0
41.68000030517578,56.959999084472656,5387.0
47.880001068115234,55.31999969482422,5388.0
49.31999969482422,56.119998931884766,5389.0
52.52000045776367,58.279998779296875,5390.0
44.52000045776367,57.720001220703125,5391.0
48.79999923706055,56.84000015258789,5392.0
45.47999954223633,57.63999938964844,5393.0
50.31999969482422,66.31999969482422,5394.0
49.15999984741211,216.24000549316406,5395.0
49.20000076293945,53.0,5396.0
49.040000915527344,55.560001373291016,5397.0
50.91999816894531,53.36000061035156,5398.0
48.91999816894531,53.599998474121094,5399.0
48.119998931884766,62.560001373291016,5400.0
49.20000076293945,56.68000030517578,5401.0
47.2400016784668,224.60000610351562,5402.0
48.560001373291016,58.84000015258789,5403.0
47.2400016784668,201.8800048828125,5404.0
48.959999084472656,50.47999954223633,5405.0
40.119998931884766,63.959999084472656,5406.0
49.84000015258789,54.47999954223633,5407.0
51.15999984741211,206.9199981689453,5408.0
48.439998626708984,48.15999984741211,5409.0
235.0,94.83999633789062,5410.0
50.599998474121094,88.12000274658203,5411.0
50.84000015258789,51.36000061035156,5412.0
51.560001373291016,78.44000244140625,5413.0
50.720001220703125,77.23999786376953,5414.0
50.0,50.279998779296875,5415.0
49.720001220703125,50.279998779296875,5416.0
50.279998779296875,56.959999084472656,5417.0
51.36000061035156,212.1999969482422,5418.0
49.959999084472656,57.08000183105469,5419.0
48.63999938964844,89.23999786376953,5420.0
47.7599983215332,53.36000061035156,5421.0
49.0,56.63999938964844,5422.0
48.47999954223633,55.439998626708984,5423.0
49.31999969482422,54.400001525878906,5424.0
49.0,48.84000015258789,5425.0
53.63999938964844,53.31999969482422,5426.0
49.0,89.63999938964844,5427.0
49.63999938964844,52.040000915527344,5428.0
48.84000015258789,210.9199981689453,5429.0
51.47999954223633,55.439998626708984,5430.0
49.15999984741211,86.5199966430664,5431.0
51.08000183105469,98.12000274658203,5432.0
49.31999969482422,91.5999984741211,5433.0
45.52000045776367,57.400001525878906,5434.0
49.720001220703125,57.7599983215332,5435.0
49.560001373291016,239.9600067138672,5436.0
51.52000045776367,52.84000015258789,5437.0
45.2400016784668,77.23999786376953,5438.0
50.560001373291016,79.91999816894531,5439.0
51.279998779296875,80.55999755859375,5440.0
48.84000015258789,79.72000122070312,5441.0
50.2400016784668,78.68000030517578,5442.0
50.47999954223633,79.19999694824219,5443.0
49.79999923706055,61.08000183105469,5444.0
50.439998626708984,69.91999816894531,5445.0
49.91999816894531,83.0,5446.0
46.91999816894531,63.720001220703125,5447.0
42.599998474121094,61.63999938964844,5448.0
46.91999816894531,61.959999084472656,5449.0
50.31999969482422,62.880001068115234,5450.0
52.560001373291016,63.0,5451.0
52.20000076293945,63.47999954223633,5452.0
51.63999938964844,54.119998931884766,5453.0
48.84000015258789,63.36000061035156,5454.0
50.040000915527344,63.439998626708984,5455.0
49.15999984741211,216.52000427246094,5456.0
49.0,215.9600067138672,5457.0
49.400001525878906,67.5999984741211,5458.0
50.63999938964844,53.79999923706055,5459.0
49.400001525878906,53.2400016784668,5460.0
49.47999954223633,57.279998779296875,5461.0
49.15999984741211,49.400001525878906,5462.0
48.68000030517578,57.47999954223633,5463.0
47.84000015258789,48.279998779296875,5464.0
49.0,56.599998474121094,5465.0
48.599998474121094,48.7599983215332,5466.0
48.63999938964844,211.47999572753906,5467.0
48.279998779296875,53.08000183105469,5468.0
48.52000045776367,54.91999816894531,5469.0
48.15999984741211,176.1999969482422,5470.0
47.599998474121094,57.47999954223633,5471.0
49.720001220703125,50.7599983215332,5472.0
45.119998931884766,51.119998931884766,5473.0
46.84000015258789,52.15999984741211,5474.0
40.720001220703125,52.47999954223633,5475.0
48.20000076293945,54.79999923706055,5476.0
36.400001525878906,51.279998779296875,5477.0
111.76000213623047,210.1199951171875,5478.0
41.959999084472656,63.7599983215332,5479.0
42.7599983215332,50.560001373291016,5480.0
48.560001373291016,49.31999969482422,5481.0
49.52000045776367,50.439998626708984,5482.0
50.47999954223633,50.959999084472656,5483.0
49.08000183105469,212.75999450683594,5484.0
50.560001373291016,210.44000244140625,5485.0
49.599998474121094,57.15999984741211,5486.0
50.040000915527344,55.400001525878906,5487.0
50.959999084472656,51.560001373291016,5488.0
49.84000015258789,63.040000915527344,5489.0
50.31999969482422,213.47999572753906,5490.0
50.880001068115234,51.599998474121094,5491.0
50.599998474121094,57.959999084472656,5492.0
209.1999969482422,68.5999984741211,5493.0
48.79999923706055,50.7599983215332,5494.0
45.20000076293945,66.04000091552734,5495.0
49.2400016784668,52.52000045776367,5496.0
49.279998779296875,50.439998626708984,5497.0
47.91999816894531,62.2400016784668,5498.0
47.720001220703125,54.52000045776367,5499.0
50.279998779296875,54.47999954223633,5500.0
51.20000076293945,51.31999969482422,5501.0
48.040000915527344,51.880001068115234,5502.0
49.560001373291016,50.7599983215332,5503.0
49.79999923706055,65.04000091552734,5504.0
47.439998626708984,55.63999938964844,5505.0
46.79999923706055,66.27999877929688,5506.0
46.119998931884766,68.12000274658203,5507.0
46.040000915527344,67.16000366210938,5508.0
48.880001068115234,66.0,5509.0
50.720001220703125,66.27999877929688,5510.0
51.599998474121094,64.4000015258789,5511.0
49.880001068115234,56.720001220703125,5512.0
50.15999984741211,57.040000915527344,5513.0
47.720001220703125,56.47999954223633,5514.0
45.47999954223633,65.72000122070312,5515.0
49.599998474121094,60.68000030517578,5516.0
50.439998626708984,65.68000030517578,5517.0
44.439998626708984,59.279998779296875,5518.0
46.040000915527344,58.36000061035156,5519.0
48.400001525878906,210.36000061035156,5520.0
48.880001068115234,54.599998474121094,5521.0
48.68000030517578,54.36000061035156,5522.0
48.52000045776367,57.959999084472656,5523.0
46.279998779296875,53.0,5524.0
49.400001525878906,64.55999755859375,5525.0
49.36000061035156,51.439998626708984,5526.0
44.880001068115234,52.880001068115234,5527.0
49.91999816894531,54.880001068115234,5528.0
48.47999954223633,61.040000915527344,5529.0
47.400001525878906,220.83999633789062,5530.0
47.79999923706055,52.84000015258789,5531.0
44.20000076293945,55.7599983215332,5532.0
45.599998474121094,220.8800048828125,5533.0
45.959999084472656,55.08000183105469,5534.0
46.7599983215332,56.0,5535.0
45.47999954223633,56.7599983215332,5536.0
45.20000076293945,53.880001068115234,5537.0
49.36000061035156,53.08000183105469,5538.0
52.20000076293945,53.63999938964844,5539.0
49.15999984741211,207.9600067138672,5540.0
47.7599983215332,53.36000061035156,5541.0
50.119998931884766,63.400001525878906,5542.0
49.20000076293945,62.560001373291016,5543.0
41.880001068115234,62.47999954223633,5544.0
49.959999084472656,80.16000366210938,5545.0
49.7599983215332,51.0,5546.0
50.91999816894531,54.400001525878906,5547.0
50.36000061035156,59.599998474121094,5548.0
48.08000183105469,58.0,5549.0
47.91999816894531,56.84000015258789,5550.0
48.040000915527344,58.63999938964844,5551.0
41.15999984741211,217.8800048828125,5552.0
49.31999969482422,212.52000427246094,5553.0
48.0,56.040000915527344,5554.0
48.47999954223633,55.2400016784668,5555.0
48.040000915527344,83.80000305175781,5556.0
47.91999816894531,48.47999954223633,5557.0
48.36000061035156,104.04000091552734,5558.0
38.91999816894531,50.68000030517578,5559.0
49.91999816894531,57.0,5560.0
49.31999969482422,56.7599983215332,5561.0
39.68000030517578,55.959999084472656,5562.0
47.720001220703125,56.31999969482422,5563.0
51.20000076293945,59.119998931884766,5564.0
41.68000030517578,56.68000030517578,5565.0
24.200000762939453,58.7599983215332,5566.0
51.47999954223633,53.7599983215332,5567.0
51.880001068115234,52.560001373291016,5568.0
48.400001525878906,50.63999938964844,5569.0
45.959999084472656,59.2400016784668,5570.0
49.08000183105469,49.400001525878906,5571.0
49.79999923706055,70.80000305175781,5572.0
46.439998626708984,54.91999816894531,5573.0
50.119998931884766,55.400001525878906,5574.0
47.040000915527344,54.91999816894531,5575.0
50.439998626708984,62.47999954223633,5576.0
48.63999938964844,63.400001525878906,5577.0
50.7599983215332,63.15999984741211,5578.0
48.400001525878906,63.84000015258789,5579.0
48.880001068115234,63.560001373291016,5580.0
49.15999984741211,63.15999984741211,5581.0
49.08000183105469,132.9600067138672,5582.0
48.31999969482422,216.52000427246094,5583.0
48.84000015258789,129.0800018310547,5584.0
50.15999984741211,50.68000030517578,5585.0
49.2400016784668,76.4800033569336,5586.0
47.880001068115234,83.55999755859375,5587.0
42.63999938964844,51.63999938964844,5588.0
112.36000061035156,215.8800048828125,5589.0
47.7599983215332,64.04000091552734,5590.0
45.0,54.119998931884766,5591.0
94.4800033569336,212.75999450683594,5592.0
49.959999084472656,216.24000549316406,5593.0
44.439998626708984,84.68000030517578,5594.0
48.040000915527344,54.15999984741211,5595.0
47.91999816894531,54.15999984741211,5596.0
49.68000030517578,73.72000122070312,5597.0
50.91999816894531,51.880001068115234,5598.0
47.68000030517578,53.63999938964844,5599.0
50.63999938964844,51.439998626708984,5600.0
50.439998626708984,212.67999267578125,5601.0
49.79999923706055,51.79999923706055,5602.0
51.040000915527344,51.91999816894531,5603.0
49.52000045776367,68.5999984741211,5604.0
48.79999923706055,52.400001525878906,5605.0
40.79999923706055,53.040000915527344,5606.0
200.32000732421875,215.8000030517578,5607.0
45.959999084472656,216.24000549316406,5608.0
46.15999984741211,216.44000244140625,5609.0
48.040000915527344,54.279998779296875,5610.0
48.84000015258789,50.63999938964844,5611.0
46.2400016784668,53.279998779296875,5612.0
48.720001220703125,53.08000183105469,5613.0
48.0,234.32000732421875,5614.0
46.79999923706055,51.040000915527344,5615.0
46.2400016784668,47.31999969482422,5616.0
48.20000076293945,52.91999816894531,5617.0
50.79999923706055,53.91999816894531,5618.0
46.560001373291016,53.68000030517578,5619.0
51.36000061035156,53.47999954223633,5620.0
48.68000030517578,53.84000015258789,5621.0
47.0,53.63999938964844,5622.0
47.959999084472656,55.15999984741211,5623.0
45.79999923706055,55.08000183105469,5624.0
45.63999938964844,53.91999816894531,5625.0
48.52000045776367,54.15999984741211,5626.0
48.880001068115234,52.040000915527344,5627.0
48.880001068115234,52.31999969482422,5628.0
50.31999969482422,51.119998931884766,5629.0
49.880001068115234,56.599998474121094,5630.0
49.959999084472656,212.75999450683594,5631.0
48.68000030517578,53.36000061035156,5632.0
48.7599983215332,54.439998626708984,5633.0
47.7599983215332,211.60000610351562,5634.0
42.040000915527344,53.63999938964844,5635.0
47.880001068115234,52.959999084472656,5636.0
47.880001068115234,53.0,5637.0
50.7599983215332,51.400001525878906,5638.0
46.47999954223633,54.599998474121094,5639.0
47.31999969482422,56.599998474121094,5640.0
47.720001220703125,54.040000915527344,5641.0
47.31999969482422,51.36000061035156,5642.0
213.32000732421875,235.52000427246094,5643.0
48.36000061035156,54.119998931884766,5644.0
50.68000030517578,52.31999969482422,5645.0
37.15999984741211,52.439998626708984,5646.0
49.08000183105469,49.63999938964844,5647.0
47.599998474121094,216.63999938964844,5648.0
48.79999923706055,56.0,5649.0
49.2400016784668,50.279998779296875,5650.0
48.20000076293945,54.47999954223633,5651.0
48.119998931884766,53.439998626708984,5652.0
48.0,55.52000045776367,5653.0
49.36000061035156,73.12000274658203,5654.0
42.040000915527344,50.68000030517578,5655.0
50.040000915527344,50.52000045776367,5656.0
49.439998626708984,50.279998779296875,5657.0
48.7599983215332,102.31999969482422,5658.0
49.08000183105469,53.63999938964844,5659.0
37.560001373291016,53.279998779296875,5660.0
49.720001220703125,97.16000366210938,5661.0
50.400001525878906,51.599998474121094,5662.0
49.63999938964844,211.8000030517578,5663.0
49.0,53.040000915527344,5664.0
48.880001068115234,219.0,5665.0
49.31999969482422,58.68000030517578,5666.0
48.2400016784668,212.60000610351562,5667.0
47.31999969482422,213.63999938964844,5668.0
42.63999938964844,51.36000061035156,5669.0
48.439998626708984,67.4800033569336,5670.0
49.7599983215332,50.31999969482422,5671.0
50.279998779296875,68.91999816894531,5672.0
50.20000076293945,92.44000244140625,5673.0
50.15999984741211,50.63999938964844,5674.0
50.599998474121094,51.560001373291016,5675.0
46.119998931884766,220.16000366210938,5676.0
48.599998474121094,54.7599983215332,5677.0
47.91999816894531,55.439998626708984,5678.0
41.31999969482422,54.68000030517578,5679.0
48.52000045776367,50.47999954223633,5680.0
41.560001373291016,54.880001068115234,5681.0
48.720001220703125,218.75999450683594,5682.0
49.959999084472656,50.68000030517578,5683.0
166.9199981689453,214.60000610351562,5684.0
52.560001373291016,52.560001373291016,5685.0
42.599998474121094,103.87999725341797,5686.0
48.599998474121094,54.52000045776367,5687.0
46.7599983215332,65.68000030517578,5688.0
48.880001068115234,54.040000915527344,5689.0
48.52000045776367,54.560001373291016,5690.0
45.52000045776367,53.2400016784668,5691.0
48.84000015258789,53.47999954223633,5692.0
48.52000045776367,54.720001220703125,5693.0
48.20000076293945,76.91999816894531,5694.0
47.959999084472656,63.79999923706055,5695.0
49.2400016784668,69.36000061035156,5696.0
49.2400016784668,52.560001373291016,5697.0
48.20000076293945,52.84000015258789,5698.0
48.119998931884766,67.72000122070312,5699.0
49.47999954223633,54.20000076293945,5700.0
42.279998779296875,52.36000061035156,5701.0
39.08000183105469,53.0,5702.0
49.0,54.880001068115234,5703.0
42.599998474121094,53.560001373291016,5704.0
48.08000183105469,52.91999816894531,5705.0
49.040000915527344,54.31999969482422,5706.0
48.63999938964844,54.52000045776367,5707.0
49.959999084472656,52.0,5708.0
49.599998474121094,53.560001373291016,5709.0
50.52000045776367,51.959999084472656,5710.0
50.20000076293945,56.439998626708984,5711.0
48.15999984741211,58.279998779296875,5712.0
49.0,55.84000015258789,5713.0
48.36000061035156,93.04000091552734,5714.0
49.0,63.720001220703125,5715.0
48.040000915527344,54.7599983215332,5716.0
44.63999938964844,52.040000915527344,5717.0
49.47999954223633,57.2400016784668,5718.0
48.31999969482422,55.52000045776367,5719.0
49.08000183105469,51.63999938964844,5720.0
204.0800018310547,56.68000030517578,5721.0
48.52000045776367,50.63999938964844,5722.0
52.400001525878906,54.959999084472656,5723.0
52.91999816894531,52.84000015258789,5724.0
49.20000076293945,215.27999877929688,5725.0
52.560001373291016,52.84000015258789,5726.0
36.880001068115234,49.880001068115234,5727.0
49.040000915527344,66.5199966430664,5728.0
49.720001220703125,50.959999084472656,5729.0
36.720001220703125,57.720001220703125,5730.0
48.36000061035156,57.119998931884766,5731.0
47.959999084472656,215.72000122070312,5732.0
44.84000015258789,58.439998626708984,5733.0
48.08000183105469,53.15999984741211,5734.0
42.91999816894531,53.31999969482422,5735.0
46.880001068115234,53.0,5736.0
51.560001373291016,51.959999084472656,5737.0
48.47999954223633,52.08000183105469,5738.0
48.040000915527344,54.119998931884766,5739.0
48.959999084472656,72.19999694824219,5740.0
50.599998474121094,102.68000030517578,5741.0
52.279998779296875,52.20000076293945,5742.0
52.0,52.91999816894531,5743.0
47.7599983215332,52.31999969482422,5744.0
48.52000045776367,56.2400016784668,5745.0
48.20000076293945,53.47999954223633,5746.0
47.0,215.36000061035156,5747.0
47.599998474121094,58.279998779296875,5748.0
47.400001525878906,58.7599983215332,5749.0
47.79999923706055,57.400001525878906,5750.0
48.36000061035156,210.36000061035156,5751.0
48.20000076293945,217.0,5752.0
48.7599983215332,212.8000030517578,5753.0
48.79999923706055,64.12000274658203,5754.0
49.959999084472656,58.119998931884766,5755.0
48.84000015258789,62.880001068115234,5756.0
37.20000076293945,62.47999954223633,5757.0
48.599998474121094,58.91999816894531,5758.0
41.720001220703125,57.040000915527344,5759.0
46.439998626708984,63.119998931884766,5760.0
33.0,55.15999984741211,5761.0
47.79999923706055,215.83999633789062,5762.0
47.400001525878906,52.880001068115234,5763.0
47.959999084472656,216.0399932861328,5764.0
48.400001525878906,72.5199966430664,5765.0
49.47999954223633,214.27999877929688,5766.0
45.560001373291016,53.84000015258789,5767.0
48.20000076293945,213.1999969482422,5768.0
43.63999938964844,212.1999969482422,5769.0
48.79999923706055,201.8000030517578,5770.0
48.84000015258789,72.36000061035156,5771.0
48.599998474121094,54.439998626708984,5772.0
47.560001373291016,56.08000183105469,5773.0
47.20000076293945,55.880001068115234,5774.0
46.20000076293945,57.47999954223633,5775.0
47.47999954223633,54.52000045776367,5776.0
48.279998779296875,54.47999954223633,5777.0
48.52000045776367,58.439998626708984,5778.0
49.68000030517578,53.720001220703125,5779.0
48.91999816894531,52.52000045776367,5780.0
48.47999954223633,57.47999954223633,5781.0
47.36000061035156,53.040000915527344,5782.0
47.08000183105469,215.47999572753906,5783.0
46.08000183105469,53.36000061035156,5784.0
47.880001068115234,56.959999084472656,5785.0
48.7599983215332,213.39999389648438,5786.0
47.400001525878906,59.959999084472656,5787.0
46.599998474121094,64.55999755859375,5788.0
49.720001220703125,58.119998931884766,5789.0
50.31999969482422,65.55999755859375,5790.0
49.400001525878906,55.68000030517578,5791.0
49.2400016784668,64.4000015258789,5792.0
49.560001373291016,78.04000091552734,5793.0
49.08000183105469,63.52000045776367,5794.0
49.560001373291016,52.52000045776367,5795.0
50.119998931884766,53.47999954223633,5796.0
47.599998474121094,56.720001220703125,5797.0
49.47999954223633,55.439998626708984,5798.0
50.040000915527344,55.7599983215332,5799.0
48.880001068115234,59.2400016784668,5800.0
42.91999816894531,55.599998474121094,5801.0
51.279998779296875,78.31999969482422,5802.0
47.79999923706055,151.0399932861328,5803.0
47.31999969482422,55.880001068115234,5804.0
49.040000915527344,54.47999954223633,5805.0
47.720001220703125,72.4000015258789,5806.0
50.2400016784668,50.68000030517578,5807.0
52.84000015258789,53.279998779296875,5808.0
46.279998779296875,214.72000122070312,5809.0
48.36000061035156,212.36000061035156,5810.0
49.15999984741211,148.47999572753906,5811.0
48.599998474121094,213.32000732421875,5812.0
48.47999954223633,212.44000244140625,5813.0
47.2400016784668,56.400001525878906,5814.0
47.720001220703125,78.80000305175781,5815.0
45.20000076293945,59.31999969482422,5816.0
48.47999954223633,56.279998779296875,5817.0
45.91999816894531,55.36000061035156,5818.0
47.400001525878906,54.0,5819.0
47.720001220703125,54.2400016784668,5820.0
48.91999816894531,52.79999923706055,5821.0
48.84000015258789,52.2400016784668,5822.0
49.08000183105469,216.27999877929688,5823.0
49.20000076293945,215.39999389648438,5824.0
44.560001373291016,194.44000244140625,5825.0
49.91999816894531,50.599998474121094,5826.0
50.720001220703125,60.15999984741211,5827.0
48.91999816894531,59.91999816894531,5828.0
49.119998931884766,61.0,5829.0
50.7599983215332,60.68000030517578,5830.0
50.040000915527344,59.08000183105469,5831.0
50.68000030517578,60.279998779296875,5832.0
50.52000045776367,61.0,5833.0
48.20000076293945,58.560001373291016,5834.0
50.47999954223633,51.63999938964844,5835.0
50.880001068115234,52.279998779296875,5836.0
51.2400016784668,52.880001068115234,5837.0
50.400001525878906,50.959999084472656,5838.0
48.119998931884766,56.08000183105469,5839.0
39.84000015258789,0.0,5840.0
50.63999938964844,214.0399932861328,5841.0
50.0,55.279998779296875,5842.0
49.36000061035156,55.84000015258789,5843.0
37.08000183105469,53.7599983215332,5844.0
49.040000915527344,55.400001525878906,5845.0
50.040000915527344,55.439998626708984,5846.0
48.20000076293945,56.15999984741211,5847.0
45.84000015258789,56.15999984741211,5848.0
52.52000045776367,77.27999877929688,5849.0
52.36000061035156,86.5199966430664,5850.0
52.52000045776367,52.91999816894531,5851.0
49.20000076293945,57.439998626708984,5852.0
48.47999954223633,216.55999755859375,5853.0
49.52000045776367,56.720001220703125,5854.0
48.84000015258789,56.7599983215332,5855.0
55.47999954223633,56.720001220703125,5856.0
41.68000030517578,56.52000045776367,5857.0
54.959999084472656,55.7599983215332,5858.0
210.8000030517578,56.2400016784668,5859.0
47.560001373291016,56.040000915527344,5860.0
48.20000076293945,56.7599983215332,5861.0
46.7599983215332,56.279998779296875,5862.0
46.63999938964844,57.7599983215332,5863.0
52.20000076293945,56.36000061035156,5864.0
48.36000061035156,54.47999954223633,5865.0
46.599998474121094,57.36000061035156,5866.0
46.400001525878906,55.20000076293945,5867.0
49.15999984741211,56.52000045776367,5868.0
48.52000045776367,57.68000030517578,5869.0
46.2400016784668,56.84000015258789,5870.0
48.880001068115234,58.0,5871.0
52.20000076293945,52.63999938964844,5872.0
55.720001220703125,55.47999954223633,5873.0
53.52000045776367,68.87999725341797,5874.0
50.20000076293945,52.400001525878906,5875.0
51.400001525878906,51.959999084472656,5876.0
51.79999923706055,87.87999725341797,5877.0
51.439998626708984,84.36000061035156,5878.0
50.959999084472656,52.0,5879.0
52.040000915527344,53.040000915527344,5880.0
49.79999923706055,53.040000915527344,5881.0
49.0,52.47999954223633,5882.0
40.119998931884766,53.84000015258789,5883.0
49.52000045776367,81.08000183105469,5884.0
47.720001220703125,52.599998474121094,5885.0
52.52000045776367,55.040000915527344,5886.0
53.63999938964844,54.15999984741211,5887.0
47.279998779296875,54.84000015258789,5888.0
51.279998779296875,53.31999969482422,5889.0
49.63999938964844,51.560001373291016,5890.0
44.2400016784668,57.20000076293945,5891.0
50.15999984741211,58.119998931884766,5892.0
50.279998779296875,58.63999938964844,5893.0
49.08000183105469,53.599998474121094,5894.0
49.68000030517578,50.279998779296875,5895.0
46.15999984741211,57.119998931884766,5896.0
49.0,57.959999084472656,5897.0
49.08000183105469,57.959999084472656,5898.0
48.040000915527344,58.560001373291016,5899.0
48.52000045776367,57.119998931884766,5900.0
40.79999923706055,57.7599983215332,5901.0
50.91999816894531,50.91999816894531,5902.0
46.68000030517578,50.400001525878906,5903.0
42.52000045776367,50.599998474121094,5904.0
44.20000076293945,209.9600067138672,5905.0
22.760000228881836,46.31999969482422,5906.0
45.84000015258789,73.36000061035156,5907.0
214.36000061035156,54.52000045776367,5908.0
37.47999954223633,54.279998779296875,5909.0
48.119998931884766,54.79999923706055,5910.0
52.84000015258789,53.959999084472656,5911.0
48.84000015258789,54.68000030517578,5912.0
51.2400016784668,239.9600067138672,5913.0
50.31999969482422,52.040000915527344,5914.0
45.79999923706055,55.08000183105469,5915.0
49.439998626708984,54.79999923706055,5916.0
48.08000183105469,54.47999954223633,5917.0
48.599998474121094,54.15999984741211,5918.0
48.400001525878906,56.15999984741211,5919.0
52.91999816894531,54.7599983215332,5920.0
46.79999923706055,51.63999938964844,5921.0
49.0,51.599998474121094,5922.0
47.599998474121094,55.2400016784668,5923.0
45.439998626708984,56.040000915527344,5924.0
49.08000183105469,54.7599983215332,5925.0
41.68000030517578,0.0,5926.0
39.400001525878906,56.400001525878906,5927.0
49.959999084472656,50.63999938964844,5928.0
50.400001525878906,50.31999969482422,5929.0
51.560001373291016,55.279998779296875,5930.0
50.36000061035156,60.68000030517578,5931.0
50.63999938964844,54.2400016784668,5932.0
53.79999923706055,54.119998931884766,5933.0
50.68000030517578,52.560001373291016,5934.0
50.20000076293945,62.79999923706055,5935.0
53.31999969482422,54.15999984741211,5936.0
53.79999923706055,57.15999984741211,5937.0
48.599998474121094,56.720001220703125,5938.0
54.08000183105469,54.7599983215332,5939.0
46.439998626708984,54.47999954223633,5940.0
52.36000061035156,54.47999954223633,5941.0
47.7599983215332,56.36000061035156,5942.0
47.439998626708984,58.0,5943.0
50.91999816894531,58.400001525878906,5944.0
48.52000045776367,71.68000030517578,5945.0
50.119998931884766,223.8000030517578,5946.0
52.52000045776367,52.36000061035156,5947.0
50.31999969482422,70.4800033569336,5948.0
55.08000183105469,69.95999908447266,5949.0
54.20000076293945,68.04000091552734,5950.0
51.31999969482422,71.0,5951.0
56.279998779296875,57.040000915527344,5952.0
48.68000030517578,69.5199966430664,5953.0
48.040000915527344,93.16000366210938,5954.0
48.08000183105469,58.880001068115234,5955.0
46.47999954223633,55.439998626708984,5956.0
49.47999954223633,68.08000183105469,5957.0
44.20000076293945,58.0,5958.0
46.119998931884766,54.7599983215332,5959.0
44.91999816894531,63.47999954223633,5960.0
46.880001068115234,60.20000076293945,5961.0
48.36000061035156,61.91999816894531,5962.0
47.599998474121094,62.47999954223633,5963.0
42.0,218.16000366210938,5964.0
41.68000030517578,61.599998474121094,5965.0
41.63999938964844,58.91999816894531,5966.0
38.84000015258789,51.880001068115234,5967.0
41.79999923706055,87.5999984741211,5968.0
51.560001373291016,70.31999969482422,5969.0
50.36000061035156,52.279998779296875,5970.0
51.2400016784668,71.44000244140625,5971.0
49.63999938964844,72.04000091552734,5972.0
50.599998474121094,51.91999816894531,5973.0
49.63999938964844,72.31999969482422,5974.0
49.2400016784668,61.47999954223633,5975.0
47.720001220703125,58.400001525878906,5976.0
44.84000015258789,50.720001220703125,5977.0
48.68000030517578,49.720001220703125,5978.0
48.959999084472656,58.119998931884766,5979.0
47.880001068115234,70.63999938964844,5980.0
51.08000183105469,55.560001373291016,5981.0
49.400001525878906,239.9600067138672,5982.0
212.83999633789062,56.15999984741211,5983.0
48.79999923706055,61.63999938964844,5984.0
49.119998931884766,220.32000732421875,5985.0
49.15999984741211,55.20000076293945,5986.0
49.959999084472656,57.79999923706055,5987.0
167.55999755859375,58.7599983215332,5988.0
50.0,64.08000183105469,5989.0
51.2400016784668,219.47999572753906,5990.0
50.0,58.599998474121094,5991.0
50.560001373291016,50.91999816894531,5992.0
209.9600067138672,56.08000183105469,5993.0
42.68000030517578,216.8800048828125,5994.0
43.040000915527344,57.68000030517578,5995.0
43.279998779296875,54.560001373291016,5996.0
216.67999267578125,217.1999969482422,5997.0
211.72000122070312,235.47999572753906,5998.0
46.52000045776367,105.91999816894531,5999.0
51.040000915527344,216.55999755859375,6000.0
49.959999084472656,51.720001220703125,6001.0
49.0,55.560001373291016,6002.0
51.400001525878906,85.68000030517578,6003.0
48.040000915527344,32.52000045776367,6004.0
33.31999969482422,62.52000045776367,6005.0
49.63999938964844,63.400001525878906,6006.0
48.959999084472656,61.720001220703125,6007.0
49.63999938964844,62.720001220703125,6008.0
49.7599983215332,62.15999984741211,6009.0
49.7599983215332,61.91999816894531,6010.0
50.119998931884766,64.83999633789062,6011.0
50.439998626708984,62.439998626708984,6012.0
49.63999938964844,51.279998779296875,6013.0
48.7599983215332,68.4000015258789,6014.0
48.08000183105469,48.47999954223633,6015.0
48.84000015258789,49.959999084472656,6016.0
50.91999816894531,87.4800033569336,6017.0
44.36000061035156,69.5999984741211,6018.0
50.63999938964844,118.4800033569336,6019.0
50.2400016784668,51.15999984741211,6020.0
51.08000183105469,51.560001373291016,6021.0
48.84000015258789,51.91999816894531,6022.0
50.279998779296875,218.63999938964844,6023.0
48.040000915527344,48.08000183105469,6024.0
47.91999816894531,52.91999816894531,6025.0
50.31999969482422,215.0,6026.0
51.20000076293945,52.79999923706055,6027.0
49.79999923706055,51.91999816894531,6028.0
46.040000915527344,53.2400016784668,6029.0
50.119998931884766,50.63999938964844,6030.0
49.68000030517578,50.36000061035156,6031.0
48.959999084472656,52.7599983215332,6032.0
49.68000030517578,50.63999938964844,6033.0
49.720001220703125,236.0399932861328,6034.0
48.52000045776367,50.63999938964844,6035.0
48.279998779296875,50.31999969482422,6036.0
48.79999923706055,237.9199981689453,6037.0
47.63999938964844,52.599998474121094,6038.0
49.2400016784668,55.279998779296875,6039.0
47.880001068115234,55.31999969482422,6040.0
49.040000915527344,140.8800048828125,6041.0
48.20000076293945,48.91999816894531,6042.0
49.20000076293945,50.560001373291016,6043.0
49.400001525878906,50.599998474121094,6044.0
48.79999923706055,213.72000122070312,6045.0
48.20000076293945,51.400001525878906,6046.0
48.08000183105469,49.7599983215332,6047.0
48.720001220703125,51.959999084472656,6048.0
48.20000076293945,51.720001220703125,6049.0
50.52000045776367,51.91999816894531,6050.0
49.0,52.84000015258789,6051.0
49.15999984741211,57.15999984741211,6052.0
48.119998931884766,216.75999450683594,6053.0
48.84000015258789,50.279998779296875,6054.0
48.52000045776367,51.599998474121094,6055.0
48.15999984741211,48.20000076293945,6056.0
49.91999816894531,217.83999633789062,6057.0
48.91999816894531,52.2400016784668,6058.0
48.31999969482422,217.32000732421875,6059.0
48.91999816894531,52.84000015258789,6060.0
48.52000045776367,52.880001068115234,6061.0
48.52000045776367,52.720001220703125,6062.0
49.880001068115234,51.720001220703125,6063.0
47.31999969482422,219.0399932861328,6064.0
49.0,50.08000183105469,6065.0
49.31999969482422,50.31999969482422,6066.0
48.560001373291016,219.47999572753906,6067.0
47.400001525878906,53.47999954223633,6068.0
46.84000015258789,216.44000244140625,6069.0
47.400001525878906,214.9600067138672,6070.0
47.2400016784668,51.47999954223633,6071.0
47.31999969482422,215.16000366210938,6072.0
47.08000183105469,53.20000076293945,6073.0
47.7599983215332,52.63999938964844,6074.0
48.31999969482422,51.68000030517578,6075.0
48.52000045776367,214.32000732421875,6076.0
49.2400016784668,51.599998474121094,6077.0
50.0,239.9600067138672,6078.0
50.560001373291016,51.880001068115234,6079.0
48.84000015258789,53.08000183105469,6080.0
49.2400016784668,50.880001068115234,6081.0
48.880001068115234,53.47999954223633,6082.0
47.880001068115234,209.47999572753906,6083.0
49.31999969482422,60.84000015258789,6084.0
47.15999984741211,56.119998931884766,6085.0
41.959999084472656,50.31999969482422,6086.0
47.84000015258789,53.720001220703125,6087.0
47.400001525878906,48.47999954223633,6088.0
48.2400016784668,49.36000061035156,6089.0
42.63999938964844,214.9600067138672,6090.0
42.31999969482422,50.31999969482422,6091.0
210.1199951171875,215.55999755859375,6092.0
47.880001068115234,214.9600067138672,6093.0
44.7599983215332,52.400001525878906,6094.0
48.400001525878906,215.16000366210938,6095.0
46.599998474121094,215.8000030517578,6096.0
48.31999969482422,213.27999877929688,6097.0
48.47999954223633,211.72000122070312,6098.0
48.20000076293945,211.0,6099.0
48.2400016784668,73.04000091552734,6100.0
48.599998474121094,50.31999969482422,6101.0
45.79999923706055,53.720001220703125,6102.0
45.79999923706055,211.36000061035156,6103.0
47.119998931884766,89.16000366210938,6104.0
49.599998474121094,52.400001525878906,6105.0
48.400001525878906,50.08000183105469,6106.0
50.15999984741211,50.599998474121094,6107.0
49.84000015258789,50.959999084472656,6108.0
48.040000915527344,59.91999816894531,6109.0
48.880001068115234,59.279998779296875,6110.0
49.040000915527344,50.63999938964844,6111.0
48.63999938964844,213.32000732421875,6112.0
48.79999923706055,211.32000732421875,6113.0
48.68000030517578,49.880001068115234,6114.0
48.31999969482422,49.0,6115.0
47.880001068115234,50.959999084472656,6116.0
47.720001220703125,58.15999984741211,6117.0
47.47999954223633,48.31999969482422,6118.0
48.36000061035156,87.19999694824219,6119.0
46.119998931884766,93.80000305175781,6120.0
47.31999969482422,50.560001373291016,6121.0
47.439998626708984,218.36000061035156,6122.0
46.79999923706055,91.4800033569336,6123.0
46.79999923706055,211.24000549316406,6124.0
50.439998626708984,51.31999969482422,6125.0
49.31999969482422,50.880001068115234,6126.0
49.040000915527344,56.52000045776367,6127.0
49.400001525878906,58.439998626708984,6128.0
49.560001373291016,58.959999084472656,6129.0
50.08000183105469,49.79999923706055,6130.0
49.36000061035156,50.439998626708984,6131.0
49.63999938964844,52.880001068115234,6132.0
49.7599983215332,51.560001373291016,6133.0
49.52000045776367,50.31999969482422,6134.0
48.63999938964844,218.39999389648438,6135.0
49.63999938964844,215.39999389648438,6136.0
48.91999816894531,50.63999938964844,6137.0
48.52000045776367,49.52000045776367,6138.0
48.040000915527344,212.27999877929688,6139.0
48.84000015258789,50.31999969482422,6140.0
47.7599983215332,73.83999633789062,6141.0
50.08000183105469,50.91999816894531,6142.0
49.91999816894531,51.040000915527344,6143.0
48.7599983215332,69.55999755859375,6144.0
45.79999923706055,221.55999755859375,6145.0
47.08000183105469,53.560001373291016,6146.0
47.79999923706055,53.84000015258789,6147.0
48.119998931884766,62.599998474121094,6148.0
50.439998626708984,53.0,6149.0
48.68000030517578,50.040000915527344,6150.0
50.63999938964844,55.31999969482422,6151.0
49.15999984741211,56.439998626708984,6152.0
53.040000915527344,53.560001373291016,6153.0
46.52000045776367,52.84000015258789,6154.0
48.7599983215332,53.599998474121094,6155.0
48.79999923706055,56.52000045776367,6156.0
49.880001068115234,43.720001220703125,6157.0
41.959999084472656,52.560001373291016,6158.0
45.040000915527344,53.91999816894531,6159.0
42.63999938964844,53.31999969482422,6160.0
46.880001068115234,52.959999084472656,6161.0
48.279998779296875,218.39999389648438,6162.0
48.119998931884766,217.8800048828125,6163.0
48.91999816894531,53.2400016784668,6164.0
49.400001525878906,54.560001373291016,6165.0
48.119998931884766,53.119998931884766,6166.0
49.47999954223633,51.400001525878906,6167.0
48.439998626708984,53.63999938964844,6168.0
49.119998931884766,67.27999877929688,6169.0
48.79999923706055,54.279998779296875,6170.0
48.279998779296875,53.599998474121094,6171.0
48.68000030517578,55.400001525878906,6172.0
48.79999923706055,53.880001068115234,6173.0
49.63999938964844,54.040000915527344,6174.0
49.959999084472656,50.31999969482422,6175.0
49.79999923706055,50.599998474121094,6176.0
49.2400016784668,49.439998626708984,6177.0
41.0,50.7599983215332,6178.0
49.52000045776367,215.9600067138672,6179.0
49.52000045776367,216.0,6180.0
48.599998474121094,64.91999816894531,6181.0
49.31999969482422,55.599998474121094,6182.0
50.279998779296875,51.560001373291016,6183.0
49.31999969482422,50.63999938964844,6184.0
49.36000061035156,79.91999816894531,6185.0
48.439998626708984,66.4800033569336,6186.0
49.560001373291016,51.880001068115234,6187.0
49.91999816894531,64.23999786376953,6188.0
48.08000183105469,50.720001220703125,6189.0
46.7599983215332,58.279998779296875,6190.0
47.439998626708984,222.0800018310547,6191.0
47.08000183105469,54.47999954223633,6192.0
50.560001373291016,64.12000274658203,6193.0
43.91999816894531,52.7599983215332,6194.0
220.44000244140625,221.0,6195.0
49.400001525878906,53.959999084472656,6196.0
49.31999969482422,221.1199951171875,6197.0
48.599998474121094,221.27999877929688,6198.0
48.84000015258789,52.20000076293945,6199.0
48.959999084472656,49.31999969482422,6200.0
47.91999816894531,52.040000915527344,6201.0
49.36000061035156,52.880001068115234,6202.0
48.31999969482422,52.599998474121094,6203.0
48.040000915527344,52.20000076293945,6204.0
49.31999969482422,50.52000045776367,6205.0
47.52000045776367,60.279998779296875,6206.0
45.2400016784668,51.560001373291016,6207.0
48.08000183105469,52.279998779296875,6208.0
50.2400016784668,52.0,6209.0
51.63999938964844,51.7599983215332,6210.0
51.52000045776367,218.1199951171875,6211.0
45.15999984741211,51.68000030517578,6212.0
44.47999954223633,51.7599983215332,6213.0
43.47999954223633,51.959999084472656,6214.0
41.84000015258789,53.63999938964844,6215.0
46.599998474121094,51.91999816894531,6216.0
51.79999923706055,57.15999984741211,6217.0
44.880001068115234,58.36000061035156,6218.0
47.599998474121094,92.63999938964844,6219.0
43.279998779296875,58.7599983215332,6220.0
50.279998779296875,78.4000015258789,6221.0
49.15999984741211,50.36000061035156,6222.0
50.08000183105469,50.400001525878906,6223.0
48.84000015258789,49.63999938964844,6224.0
48.36000061035156,226.47999572753906,6225.0
48.439998626708984,50.20000076293945,6226.0
48.15999984741211,223.44000244140625,6227.0
48.880001068115234,50.31999969482422,6228.0
48.0,56.08000183105469,6229.0
49.68000030517578,51.08000183105469,6230.0
48.47999954223633,50.52000045776367,6231.0
51.2400016784668,51.47999954223633,6232.0
48.47999954223633,58.0,6233.0
48.52000045776367,90.5199966430664,6234.0
46.7599983215332,59.119998931884766,6235.0
48.599998474121094,83.95999908447266,6236.0
51.2400016784668,57.2400016784668,6237.0
49.36000061035156,52.040000915527344,6238.0
52.400001525878906,57.31999969482422,6239.0
48.880001068115234,58.880001068115234,6240.0
51.08000183105469,51.36000061035156,6241.0
51.040000915527344,52.31999969482422,6242.0
49.79999923706055,217.44000244140625,6243.0
48.91999816894531,51.15999984741211,6244.0
49.15999984741211,51.47999954223633,6245.0
49.36000061035156,67.5999984741211,6246.0
48.36000061035156,50.68000030517578,6247.0
47.880001068115234,50.91999816894531,6248.0
42.720001220703125,52.15999984741211,6249.0
49.880001068115234,51.0,6250.0
48.84000015258789,50.68000030517578,6251.0
49.68000030517578,50.20000076293945,6252.0
49.63999938964844,70.27999877929688,6253.0
38.47999954223633,51.279998779296875,6254.0
50.599998474121094,51.119998931884766,6255.0
49.79999923706055,50.68000030517578,6256.0
50.720001220703125,50.91999816894531,6257.0
49.84000015258789,51.20000076293945,6258.0
50.36000061035156,51.040000915527344,6259.0
48.36000061035156,52.959999084472656,6260.0
142.36000061035156,59.2400016784668,6261.0
47.7599983215332,218.0,6262.0
208.24000549316406,51.2400016784668,6263.0
49.0,55.63999938964844,6264.0
49.040000915527344,237.8000030517578,6265.0
212.1999969482422,54.439998626708984,6266.0
212.0800018310547,57.36000061035156,6267.0
57.20000076293945,57.63999938964844,6268.0
57.36000061035156,57.7599983215332,6269.0
120.04000091552734,0.0,6270.0
52.20000076293945,217.32000732421875,6271.0
49.36000061035156,49.68000030517578,6272.0
215.8800048828125,60.68000030517578,6273.0
50.08000183105469,50.040000915527344,6274.0
124.4800033569336,61.0,6275.0
137.39999389648438,33.31999969482422,6276.0
52.84000015258789,53.560001373291016,6277.0
4.760000228881836,124.95999908447266,6278.0
37.68000030517578,236.67999267578125,6279.0
42.47999954223633,53.08000183105469,6280.0
45.47999954223633,51.560001373291016,6281.0
48.400001525878906,87.72000122070312,6282.0
48.63999938964844,50.31999969482422,6283.0
50.63999938964844,51.0,6284.0
49.880001068115234,51.68000030517578,6285.0
48.68000030517578,48.599998474121094,6286.0
38.15999984741211,50.63999938964844,6287.0
50.15999984741211,59.959999084472656,6288.0
50.959999084472656,51.599998474121094,6289.0
45.400001525878906,51.720001220703125,6290.0
47.599998474121094,56.040000915527344,6291.0
46.68000030517578,53.599998474121094,6292.0
46.47999954223633,57.91999816894531,6293.0
47.20000076293945,57.279998779296875,6294.0
49.040000915527344,50.36000061035156,6295.0
50.439998626708984,218.75999450683594,6296.0
50.91999816894531,56.68000030517578,6297.0
51.2400016784668,52.20000076293945,6298.0
49.31999969482422,218.36000061035156,6299.0
49.439998626708984,60.279998779296875,6300.0
48.91999816894531,58.959999084472656,6301.0
48.63999938964844,50.279998779296875,6302.0
46.15999984741211,53.959999084472656,6303.0
48.08000183105469,60.47999954223633,6304.0
46.2400016784668,222.24000549316406,6305.0
46.439998626708984,53.7599983215332,6306.0
47.7599983215332,52.79999923706055,6307.0
47.880001068115234,48.119998931884766,6308.0
212.27999877929688,53.20000076293945,6309.0
48.36000061035156,52.31999969482422,6310.0
46.84000015258789,50.040000915527344,6311.0
49.15999984741211,52.68000030517578,6312.0
48.52000045776367,52.36000061035156,6313.0
47.880001068115234,50.040000915527344,6314.0
48.36000061035156,214.9600067138672,6315.0
47.79999923706055,48.63999938964844,6316.0
47.599998474121094,50.63999938964844,6317.0
45.79999923706055,50.599998474121094,6318.0
42.560001373291016,51.08000183105469,6319.0
49.040000915527344,51.880001068115234,6320.0
49.15999984741211,50.880001068115234,6321.0
50.20000076293945,218.32000732421875,6322.0
48.560001373291016,58.720001220703125,6323.0
48.720001220703125,49.2400016784668,6324.0
47.279998779296875,56.68000030517578,6325.0
48.52000045776367,219.39999389648438,6326.0
47.68000030517578,52.040000915527344,6327.0
50.31999969482422,52.36000061035156,6328.0
49.119998931884766,216.36000061035156,6329.0
47.599998474121094,52.880001068115234,6330.0
47.47999954223633,49.560001373291016,6331.0
49.20000076293945,53.63999938964844,6332.0
48.439998626708984,59.15999984741211,6333.0
45.52000045776367,217.0399932861328,6334.0
42.31999969482422,59.68000030517578,6335.0
47.880001068115234,48.91999816894531,6336.0
47.15999984741211,47.959999084472656,6337.0
47.31999969482422,59.36000061035156,6338.0
47.720001220703125,59.439998626708984,6339.0
208.9600067138672,221.39999389648438,6340.0
48.439998626708984,49.2400016784668,6341.0
49.84000015258789,56.119998931884766,6342.0
43.560001373291016,57.439998626708984,6343.0
47.959999084472656,57.439998626708984,6344.0
48.08000183105469,58.880001068115234,6345.0
50.279998779296875,58.68000030517578,6346.0
48.52000045776367,211.67999267578125,6347.0
47.15999984741211,49.560001373291016,6348.0
48.720001220703125,49.08000183105469,6349.0
48.400001525878906,49.720001220703125,6350.0
43.880001068115234,45.47999954223633,6351.0
48.84000015258789,49.31999969482422,6352.0
40.47999954223633,54.84000015258789,6353.0
48.79999923706055,57.279998779296875,6354.0
48.880001068115234,50.47999954223633,6355.0
47.68000030517578,62.91999816894531,6356.0
47.560001373291016,52.439998626708984,6357.0
46.68000030517578,46.52000045776367,6358.0
47.36000061035156,52.560001373291016,6359.0
49.119998931884766,49.7599983215332,6360.0
47.439998626708984,49.15999984741211,6361.0
45.63999938964844,49.36000061035156,6362.0
49.20000076293945,216.52000427246094,6363.0
49.20000076293945,49.959999084472656,6364.0
29.1200008392334,49.47999954223633,6365.0
43.68000030517578,55.599998474121094,6366.0
49.63999938964844,67.04000091552734,6367.0
47.720001220703125,215.83999633789062,6368.0
48.79999923706055,50.040000915527344,6369.0
47.36000061035156,57.52000045776367,6370.0
49.15999984741211,52.279998779296875,6371.0
41.63999938964844,53.720001220703125,6372.0
46.7599983215332,49.560001373291016,6373.0
47.560001373291016,50.36000061035156,6374.0
44.15999984741211,216.63999938964844,6375.0
45.560001373291016,59.91999816894531,6376.0
46.31999969482422,59.599998474121094,6377.0
47.84000015258789,48.20000076293945,6378.0
47.31999969482422,50.599998474121094,6379.0
32.040000915527344,57.47999954223633,6380.0
49.63999938964844,55.84000015258789,6381.0
49.31999969482422,53.84000015258789,6382.0
48.599998474121094,54.439998626708984,6383.0
48.720001220703125,49.84000015258789,6384.0
47.599998474121094,65.4000015258789,6385.0
48.68000030517578,57.36000061035156,6386.0
48.08000183105469,55.91999816894531,6387.0
49.31999969482422,56.79999923706055,6388.0
39.0,57.720001220703125,6389.0
41.36000061035156,56.08000183105469,6390.0
38.52000045776367,57.20000076293945,6391.0
39.08000183105469,57.040000915527344,6392.0
37.400001525878906,217.16000366210938,6393.0
48.560001373291016,48.7599983215332,6394.0
48.119998931884766,57.84000015258789,6395.0
47.560001373291016,57.0,6396.0
46.439998626708984,57.599998474121094,6397.0
47.84000015258789,215.9600067138672,6398.0
49.599998474121094,57.31999969482422,6399.0
48.2400016784668,56.959999084472656,6400.0
48.15999984741211,57.15999984741211,6401.0
48.68000030517578,221.24000549316406,6402.0
47.959999084472656,235.60000610351562,6403.0
43.560001373291016,43.52000045776367,6404.0
42.91999816894531,57.47999954223633,6405.0
48.15999984741211,57.040000915527344,6406.0
47.63999938964844,218.52000427246094,6407.0
47.880001068115234,50.31999969482422,6408.0
48.2400016784668,217.52000427246094,6409.0
47.84000015258789,50.68000030517578,6410.0
46.560001373291016,217.0399932861328,6411.0
47.31999969482422,220.63999938964844,6412.0
47.720001220703125,212.60000610351562,6413.0
47.560001373291016,46.560001373291016,6414.0
46.08000183105469,72.72000122070312,6415.0
48.08000183105469,49.720001220703125,6416.0
47.400001525878906,221.39999389648438,6417.0
48.439998626708984,48.68000030517578,6418.0
48.400001525878906,49.0,6419.0
48.68000030517578,216.0399932861328,6420.0
48.560001373291016,216.8000030517578,6421.0
48.20000076293945,55.2400016784668,6422.0
47.599998474121094,216.47999572753906,6423.0
46.84000015258789,72.55999755859375,6424.0
47.68000030517578,48.0,6425.0
47.880001068115234,48.47999954223633,6426.0
47.0,213.75999450683594,6427.0
48.119998931884766,57.0,6428.0
47.63999938964844,56.36000061035156,6429.0
47.7599983215332,216.67999267578125,6430.0
49.279998779296875,49.0,6431.0
47.15999984741211,47.400001525878906,6432.0
47.720001220703125,48.279998779296875,6433.0
47.68000030517578,47.599998474121094,6434.0
48.20000076293945,216.36000061035156,6435.0
47.79999923706055,0.0,6436.0
48.52000045776367,217.63999938964844,6437.0
48.15999984741211,217.1999969482422,6438.0
49.2400016784668,52.36000061035156,6439.0
43.2400016784668,52.0,6440.0
46.47999954223633,216.24000549316406,6441.0
46.15999984741211,44.279998779296875,6442.0
47.79999923706055,216.16000366210938,6443.0
45.7599983215332,217.27999877929688,6444.0
47.400001525878906,216.60000610351562,6445.0
46.599998474121094,47.15999984741211,6446.0
47.47999954223633,53.08000183105469,6447.0
48.15999984741211,52.52000045776367,6448.0
49.0,63.7599983215332,6449.0
47.52000045776367,47.400001525878906,6450.0
47.880001068115234,48.08000183105469,6451.0
48.36000061035156,48.560001373291016,6452.0
47.400001525878906,56.720001220703125,6453.0
47.68000030517578,215.75999450683594,6454.0
45.91999816894531,55.91999816894531,6455.0
46.7599983215332,47.880001068115234,6456.0
47.560001373291016,81.63999938964844,6457.0
48.279998779296875,216.16000366210938,6458.0
47.79999923706055,217.8000030517578,6459.0
48.439998626708984,217.44000244140625,6460.0
48.36000061035156,52.36000061035156,6461.0
48.0,48.2400016784668,6462.0
44.91999816894531,52.040000915527344,6463.0
47.36000061035156,51.47999954223633,6464.0
45.599998474121094,54.91999816894531,6465.0
47.47999954223633,50.63999938964844,6466.0
48.880001068115234,69.4000015258789,6467.0
47.119998931884766,216.67999267578125,6468.0
48.15999984741211,54.560001373291016,6469.0
43.560001373291016,216.60000610351562,6470.0
46.119998931884766,54.20000076293945,6471.0
45.63999938964844,55.84000015258789,6472.0
43.2400016784668,216.47999572753906,6473.0
46.52000045776367,46.20000076293945,6474.0
49.68000030517578,55.84000015258789,6475.0
46.15999984741211,52.2400016784668,6476.0
48.119998931884766,52.599998474121094,6477.0
47.560001373291016,237.39999389648438,6478.0
49.63999938964844,56.47999954223633,6479.0
35.47999954223633,56.52000045776367,6480.0
205.52000427246094,56.31999969482422,6481.0
51.91999816894531,56.79999923706055,6482.0
47.720001220703125,55.79999923706055,6483.0
48.040000915527344,56.52000045776367,6484.0
35.880001068115234,56.08000183105469,6485.0
40.959999084472656,214.36000061035156,6486.0
163.36000061035156,181.83999633789062,6487.0
49.47999954223633,53.400001525878906,6488.0
48.400001525878906,49.880001068115234,6489.0
44.52000045776367,53.79999923706055,6490.0
48.279998779296875,52.52000045776367,6491.0
48.2400016784668,51.599998474121094,6492.0
46.31999969482422,52.119998931884766,6493.0
48.279998779296875,50.720001220703125,6494.0
47.880001068115234,50.119998931884766,6495.0
48.20000076293945,51.040000915527344,6496.0
48.119998931884766,49.15999984741211,6497.0
48.400001525878906,50.439998626708984,6498.0
47.880001068115234,52.52000045776367,6499.0
47.84000015258789,215.9600067138672,6500.0
48.52000045776367,216.16000366210938,6501.0
48.040000915527344,58.52000045776367,6502.0
50.7599983215332,51.400001525878906,6503.0
44.439998626708984,52.47999954223633,6504.0
44.560001373291016,52.040000915527344,6505.0
47.79999923706055,52.36000061035156,6506.0
47.040000915527344,50.47999954223633,6507.0
44.91999816894531,53.36000061035156,6508.0
48.040000915527344,217.0399932861328,6509.0
49.560001373291016,51.31999969482422,6510.0
48.400001525878906,217.24000549316406,6511.0
48.560001373291016,211.8800048828125,6512.0
47.08000183105469,214.8000030517578,6513.0
49.7599983215332,56.880001068115234,6514.0
47.08000183105469,47.0,6515.0
48.20000076293945,215.60000610351562,6516.0
49.68000030517578,217.0399932861328,6517.0
49.84000015258789,215.44000244140625,6518.0
50.279998779296875,216.1199951171875,6519.0
50.119998931884766,61.560001373291016,6520.0
47.0,62.959999084472656,6521.0
46.279998779296875,52.400001525878906,6522.0
45.880001068115234,53.400001525878906,6523.0
47.040000915527344,57.20000076293945,6524.0
48.439998626708984,48.599998474121094,6525.0
46.959999084472656,53.68000030517578,6526.0
47.08000183105469,52.439998626708984,6527.0
49.79999923706055,53.560001373291016,6528.0
46.7599983215332,55.7599983215332,6529.0
47.720001220703125,56.119998931884766,6530.0
22.600000381469727,47.15999984741211,6531.0
48.040000915527344,54.880001068115234,6532.0
51.2400016784668,52.2400016784668,6533.0
49.31999969482422,215.27999877929688,6534.0
48.47999954223633,52.720001220703125,6535.0
50.119998931884766,51.68000030517578,6536.0
45.47999954223633,55.959999084472656,6537.0
43.7599983215332,54.599998474121094,6538.0
48.7599983215332,55.84000015258789,6539.0
42.599998474121094,54.52000045776367,6540.0
50.2400016784668,51.0,6541.0
49.0,94.91999816894531,6542.0
49.439998626708984,58.79999923706055,6543.0
48.560001373291016,55.91999816894531,6544.0
49.47999954223633,54.31999969482422,6545.0
48.52000045776367,79.27999877929688,6546.0
46.79999923706055,56.63999938964844,6547.0
45.31999969482422,49.63999938964844,6548.0
44.84000015258789,42.84000015258789,6549.0
48.599998474121094,53.36000061035156,6550.0
49.08000183105469,53.0,6551.0
44.68000030517578,45.20000076293945,6552.0
48.959999084472656,49.84000015258789,6553.0
44.20000076293945,236.72000122070312,6554.0
43.880001068115234,54.0,6555.0
18.84000015258789,53.720001220703125,6556.0
201.8000030517578,55.560001373291016,6557.0
45.15999984741211,45.68000030517578,6558.0
47.400001525878906,57.36000061035156,6559.0
49.15999984741211,206.44000244140625,6560.0
45.040000915527344,207.0,6561.0
49.959999084472656,56.2400016784668,6562.0
45.0,55.84000015258789,6563.0
205.52000427246094,215.32000732421875,6564.0
47.31999969482422,47.880001068115234,6565.0
4.440000057220459,213.39999389648438,6566.0
52.279998779296875,62.52000045776367,6567.0
5.320000171661377,52.040000915527344,6568.0
41.08000183105469,131.27999877929688,6569.0
113.63999938964844,126.0,6570.0
48.52000045776367,49.31999969482422,6571.0
194.9199981689453,215.0,6572.0
49.040000915527344,217.63999938964844,6573.0
45.15999984741211,54.119998931884766,6574.0
42.119998931884766,51.79999923706055,6575.0
46.31999969482422,136.75999450683594,6576.0
48.040000915527344,48.119998931884766,6577.0
177.52000427246094,211.55999755859375,6578.0
49.959999084472656,50.959999084472656,6579.0
48.68000030517578,218.9600067138672,6580.0
107.55999755859375,72.44000244140625,6581.0
47.880001068115234,59.599998474121094,6582.0
54.36000061035156,70.63999938964844,6583.0
108.83999633789062,53.63999938964844,6584.0
41.47999954223633,50.599998474121094,6585.0
220.44000244140625,234.72000122070312,6586.0
49.08000183105469,88.76000213623047,6587.0
47.439998626708984,58.91999816894531,6588.0
209.1999969482422,236.1999969482422,6589.0
47.400001525878906,58.439998626708984,6590.0
47.119998931884766,47.91999816894531,6591.0
41.31999969482422,50.31999969482422,6592.0
48.20000076293945,197.0800018310547,6593.0
47.720001220703125,65.0,6594.0
197.44000244140625,67.91999816894531,6595.0
221.24000549316406,68.04000091552734,6596.0
45.79999923706055,57.47999954223633,6597.0
48.52000045776367,99.55999755859375,6598.0
52.52000045776367,52.599998474121094,6599.0
52.84000015258789,53.15999984741211,6600.0
49.040000915527344,51.08000183105469,6601.0
31.200000762939453,51.79999923706055,6602.0
49.31999969482422,63.560001373291016,6603.0
49.560001373291016,50.63999938964844,6604.0
50.720001220703125,200.44000244140625,6605.0
28.15999984741211,51.15999984741211,6606.0
50.31999969482422,216.32000732421875,6607.0
47.560001373291016,47.880001068115234,6608.0
50.15999984741211,125.91999816894531,6609.0
48.84000015258789,52.959999084472656,6610.0
48.2400016784668,0.0,6611.0
21.799999237060547,217.8000030517578,6612.0
47.400001525878906,47.91999816894531,6613.0
49.0,219.60000610351562,6614.0
42.31999969482422,52.63999938964844,6615.0
49.720001220703125,57.0,6616.0
48.84000015258789,50.15999984741211,6617.0
46.279998779296875,51.91999816894531,6618.0
48.68000030517578,220.72000122070312,6619.0
51.2400016784668,137.36000061035156,6620.0
211.9199981689453,0.0,6621.0
119.08000183105469,83.80000305175781,6622.0
212.8800048828125,236.44000244140625,6623.0
47.439998626708984,48.119998931884766,6624.0
49.47999954223633,79.80000305175781,6625.0
47.279998779296875,53.15999984741211,6626.0
48.79999923706055,57.36000061035156,6627.0
47.08000183105469,47.599998474121094,6628.0
48.08000183105469,211.16000366210938,6629.0
49.400001525878906,65.95999908447266,6630.0
48.79999923706055,0.0,6631.0
49.0,218.9600067138672,6632.0
50.91999816894531,83.31999969482422,6633.0
49.0,62.20000076293945,6634.0
49.68000030517578,216.67999267578125,6635.0
46.52000045776367,46.47999954223633,6636.0
48.91999816894531,218.27999877929688,6637.0
45.79999923706055,216.0399932861328,6638.0
47.52000045776367,221.52000427246094,6639.0
44.959999084472656,221.63999938964844,6640.0
48.68000030517578,218.0800018310547,6641.0
47.91999816894531,66.16000366210938,6642.0
46.599998474121094,51.2400016784668,6643.0
49.31999969482422,56.720001220703125,6644.0
46.400001525878906,75.95999908447266,6645.0
49.31999969482422,50.279998779296875,6646.0
46.7599983215332,210.75999450683594,6647.0
46.84000015258789,53.91999816894531,6648.0
43.52000045776367,57.36000061035156,6649.0
48.7599983215332,53.84000015258789,6650.0
49.15999984741211,53.20000076293945,6651.0
48.36000061035156,56.91999816894531,6652.0
49.279998779296875,52.47999954223633,6653.0
49.79999923706055,58.0,6654.0
39.47999954223633,53.20000076293945,6655.0
48.20000076293945,52.2400016784668,6656.0
211.44000244140625,52.20000076293945,6657.0
49.36000061035156,50.279998779296875,6658.0
45.959999084472656,51.15999984741211,6659.0
49.040000915527344,49.91999816894531,6660.0
48.68000030517578,55.15999984741211,6661.0
49.31999969482422,56.52000045776367,6662.0
49.880001068115234,55.599998474121094,6663.0
210.8000030517578,49.84000015258789,6664.0
52.880001068115234,52.84000015258789,6665.0
48.68000030517578,212.67999267578125,6666.0
213.1999969482422,214.75999450683594,6667.0
52.36000061035156,52.279998779296875,6668.0
48.84000015258789,215.44000244140625,6669.0
49.959999084472656,53.959999084472656,6670.0
49.20000076293945,78.95999908447266,6671.0
48.84000015258789,56.84000015258789,6672.0
46.79999923706055,56.400001525878906,6673.0
87.76000213623047,87.72000122070312,6674.0
46.15999984741211,53.79999923706055,6675.0
50.79999923706055,52.599998474121094,6676.0
194.52000427246094,211.75999450683594,6677.0
209.8000030517578,53.959999084472656,6678.0
209.1199951171875,56.040000915527344,6679.0
45.79999923706055,54.279998779296875,6680.0
209.9600067138672,56.2400016784668,6681.0
48.119998931884766,56.36000061035156,6682.0
45.15999984741211,53.84000015258789,6683.0
212.8800048828125,56.040000915527344,6684.0
36.20000076293945,51.880001068115234,6685.0
46.959999084472656,51.63999938964844,6686.0
38.7599983215332,52.880001068115234,6687.0
48.2400016784668,82.04000091552734,6688.0
210.9199981689453,52.68000030517578,6689.0
211.0800018310547,236.1999969482422,6690.0
48.68000030517578,57.439998626708984,6691.0
50.439998626708984,51.880001068115234,6692.0
49.439998626708984,49.720001220703125,6693.0
47.720001220703125,48.36000061035156,6694.0
50.119998931884766,49.959999084472656,6695.0
48.880001068115234,49.0,6696.0
50.52000045776367,52.400001525878906,6697.0
52.599998474121094,223.36000061035156,6698.0
51.84000015258789,70.80000305175781,6699.0
51.63999938964844,52.720001220703125,6700.0
49.63999938964844,50.119998931884766,6701.0
50.599998474121094,52.400001525878906,6702.0
50.119998931884766,50.31999969482422,6703.0
50.15999984741211,52.68000030517578,6704.0
37.47999954223633,51.68000030517578,6705.0
51.2400016784668,51.91999816894531,6706.0
51.279998779296875,52.2400016784668,6707.0
49.0,207.0800018310547,6708.0
50.79999923706055,94.76000213623047,6709.0
202.1999969482422,235.0,6710.0
48.84000015258789,134.27999877929688,6711.0
51.0,77.08000183105469,6712.0
51.599998474121094,71.44000244140625,6713.0
48.119998931884766,212.0399932861328,6714.0
41.040000915527344,55.119998931884766,6715.0
109.04000091552734,108.68000030517578,6716.0
45.119998931884766,69.4000015258789,6717.0
45.720001220703125,151.44000244140625,6718.0
210.1199951171875,211.8800048828125,6719.0
211.24000549316406,212.1999969482422,6720.0
48.20000076293945,76.12000274658203,6721.0
49.63999938964844,51.31999969482422,6722.0
46.880001068115234,73.5199966430664,6723.0
49.52000045776367,55.599998474121094,6724.0
49.880001068115234,72.95999908447266,6725.0
48.7599983215332,72.91999816894531,6726.0
48.36000061035156,52.400001525878906,6727.0
49.20000076293945,72.08000183105469,6728.0
51.279998779296875,72.72000122070312,6729.0
42.68000030517578,54.47999954223633,6730.0
49.880001068115234,50.279998779296875,6731.0
47.720001220703125,53.15999984741211,6732.0
41.52000045776367,51.84000015258789,6733.0
46.7599983215332,53.20000076293945,6734.0
51.400001525878906,52.20000076293945,6735.0
43.63999938964844,73.31999969482422,6736.0
51.08000183105469,51.880001068115234,6737.0
50.2400016784668,51.040000915527344,6738.0
47.880001068115234,63.959999084472656,6739.0
48.2400016784668,214.24000549316406,6740.0
51.08000183105469,81.36000061035156,6741.0
48.279998779296875,70.31999969482422,6742.0
51.400001525878906,52.279998779296875,6743.0
47.15999984741211,48.439998626708984,6744.0
47.599998474121094,47.720001220703125,6745.0
49.08000183105469,49.36000061035156,6746.0
47.400001525878906,71.5199966430664,6747.0
49.040000915527344,49.79999923706055,6748.0
48.63999938964844,49.31999969482422,6749.0
49.880001068115234,207.8800048828125,6750.0
50.599998474121094,51.15999984741211,6751.0
48.560001373291016,49.2400016784668,6752.0
49.63999938964844,213.0800018310547,6753.0
34.439998626708984,136.55999755859375,6754.0
92.19999694824219,109.16000366210938,6755.0
50.08000183105469,213.1199951171875,6756.0
49.47999954223633,56.599998474121094,6757.0
49.63999938964844,52.84000015258789,6758.0
49.439998626708984,161.72000122070312,6759.0
42.2400016784668,51.560001373291016,6760.0
49.279998779296875,53.0,6761.0
47.439998626708984,52.52000045776367,6762.0
48.84000015258789,53.47999954223633,6763.0
51.08000183105469,52.36000061035156,6764.0
47.31999969482422,73.5999984741211,6765.0
47.560001373291016,49.0,6766.0
49.599998474121094,211.60000610351562,6767.0
47.7599983215332,48.20000076293945,6768.0
51.79999923706055,69.68000030517578,6769.0
50.7599983215332,51.560001373291016,6770.0
50.279998779296875,53.36000061035156,6771.0
44.52000045776367,46.040000915527344,6772.0
48.880001068115234,54.040000915527344,6773.0
3.9200000762939453,52.560001373291016,6774.0
209.83999633789062,52.880001068115234,6775.0
38.119998931884766,37.880001068115234,6776.0
0.0,1.4800000190734863,6777.0
48.91999816894531,55.0,6778.0
49.36000061035156,82.27999877929688,6779.0
48.47999954223633,52.2400016784668,6780.0
83.23999786376953,83.27999877929688,6781.0
48.720001220703125,51.040000915527344,6782.0
42.959999084472656,52.560001373291016,6783.0
41.47999954223633,52.31999969482422,6784.0
49.47999954223633,52.2400016784668,6785.0
113.16000366210938,126.19999694824219,6786.0
47.119998931884766,47.720001220703125,6787.0
47.400001525878906,216.9199981689453,6788.0
125.19999694824219,215.1999969482422,6789.0
45.0,45.31999969482422,6790.0
111.87999725341797,123.16000366210938,6791.0
204.60000610351562,136.52000427246094,6792.0
49.68000030517578,121.19999694824219,6793.0
208.39999389648438,54.439998626708984,6794.0
50.599998474121094,104.04000091552734,6795.0
48.79999923706055,72.44000244140625,6796.0
48.68000030517578,210.44000244140625,6797.0
41.0,41.52000045776367,6798.0
42.040000915527344,217.0800018310547,6799.0
237.36000061035156,237.8000030517578,6800.0
41.040000915527344,93.5199966430664,6801.0
39.720001220703125,52.720001220703125,6802.0
33.79999923706055,54.599998474121094,6803.0
49.720001220703125,50.599998474121094,6804.0
48.279998779296875,51.15999984741211,6805.0
49.880001068115234,50.47999954223633,6806.0
29.0,52.0,6807.0
49.52000045776367,216.75999450683594,6808.0
46.599998474121094,46.959999084472656,6809.0
113.0,127.12000274658203,6810.0
46.400001525878906,59.279998779296875,6811.0
34.599998474121094,52.880001068115234,6812.0
33.0,50.599998474121094,6813.0
44.880001068115234,48.63999938964844,6814.0
47.880001068115234,77.91999816894531,6815.0
49.15999984741211,49.63999938964844,6816.0
213.83999633789062,52.63999938964844,6817.0
49.040000915527344,49.47999954223633,6818.0
102.63999938964844,123.44000244140625,6819.0
41.31999969482422,48.040000915527344,6820.0
3.319999933242798,50.31999969482422,6821.0
48.040000915527344,48.400001525878906,6822.0
41.0,213.72000122070312,6823.0
99.55999755859375,50.7599983215332,6824.0
104.87999725341797,215.39999389648438,6825.0
118.76000213623047,211.0,6826.0
0.0,0.0,6827.0
40.400001525878906,51.31999969482422,6828.0
48.68000030517578,66.95999908447266,6829.0
40.15999984741211,50.84000015258789,6830.0
213.83999633789062,0.0,6831.0
49.47999954223633,50.2400016784668,6832.0
49.36000061035156,50.279998779296875,6833.0
213.0399932861328,97.68000030517578,6834.0
48.7599983215332,208.83999633789062,6835.0
46.7599983215332,221.63999938964844,6836.0
49.68000030517578,50.119998931884766,6837.0
46.20000076293945,214.83999633789062,6838.0
27.559999465942383,50.63999938964844,6839.0
5.800000190734863,48.7599983215332,6840.0
135.9199981689453,153.16000366210938,6841.0
37.959999084472656,203.47999572753906,6842.0
164.72000122070312,207.47999572753906,6843.0
50.91999816894531,60.36000061035156,6844.0
48.560001373291016,52.91999816894531,6845.0
46.880001068115234,48.08000183105469,6846.0
48.040000915527344,223.36000061035156,6847.0
49.720001220703125,76.83999633789062,6848.0
48.68000030517578,214.0399932861328,6849.0
32.880001068115234,48.7599983215332,6850.0
48.720001220703125,49.36000061035156,6851.0
49.2400016784668,49.68000030517578,6852.0
42.959999084472656,214.9600067138672,6853.0
49.63999938964844,64.5199966430664,6854.0
48.15999984741211,48.720001220703125,6855.0
44.52000045776367,50.36000061035156,6856.0
30.1200008392334,48.36000061035156,6857.0
43.2400016784668,50.0,6858.0
47.279998779296875,79.63999938964844,6859.0
47.52000045776367,48.279998779296875,6860.0
47.15999984741211,219.0800018310547,6861.0
47.400001525878906,219.55999755859375,6862.0
48.720001220703125,212.16000366210938,6863.0
49.7599983215332,50.31999969482422,6864.0
49.880001068115234,49.560001373291016,6865.0
51.2400016784668,56.68000030517578,6866.0
50.439998626708984,50.279998779296875,6867.0
43.2400016784668,50.68000030517578,6868.0
43.91999816894531,51.560001373291016,6869.0
46.0,212.1199951171875,6870.0
39.880001068115234,214.72000122070312,6871.0
107.4800033569336,123.91999816894531,6872.0
208.60000610351562,212.55999755859375,6873.0
26.280000686645508,51.959999084472656,6874.0
45.2400016784668,64.55999755859375,6875.0
44.0,44.599998474121094,6876.0
29.799999237060547,57.52000045776367,6877.0
50.91999816894531,50.31999969482422,6878.0
49.31999969482422,64.5999984741211,6879.0
49.880001068115234,76.72000122070312,6880.0
49.0,65.72000122070312,6881.0
48.36000061035156,48.84000015258789,6882.0
48.52000045776367,66.68000030517578,6883.0
208.9600067138672,50.31999969482422,6884.0
47.52000045776367,209.63999938964844,6885.0
47.84000015258789,214.1999969482422,6886.0
48.0,50.040000915527344,6887.0
47.20000076293945,210.36000061035156,6888.0
49.0,48.84000015258789,6889.0
48.52000045776367,50.36000061035156,6890.0
47.560001373291016,49.2400016784668,6891.0
36.52000045776367,54.84000015258789,6892.0
45.84000015258789,50.52000045776367,6893.0
44.20000076293945,54.68000030517578,6894.0
44.20000076293945,52.47999954223633,6895.0
43.119998931884766,134.1199951171875,6896.0
48.560001373291016,49.439998626708984,6897.0
42.91999816894531,49.040000915527344,6898.0
36.2400016784668,68.12000274658203,6899.0
48.7599983215332,57.91999816894531,6900.0
49.52000045776367,66.5199966430664,6901.0
50.0,50.68000030517578,6902.0
51.20000076293945,59.599998474121094,6903.0
51.2400016784668,59.08000183105469,6904.0
49.7599983215332,50.119998931884766,6905.0
201.1999969482422,70.23999786376953,6906.0
48.720001220703125,49.0,6907.0
35.2400016784668,52.2400016784668,6908.0
180.60000610351562,215.16000366210938,6909.0
47.400001525878906,70.04000091552734,6910.0
49.31999969482422,50.31999969482422,6911.0
47.08000183105469,217.16000366210938,6912.0
34.279998779296875,54.959999084472656,6913.0
48.040000915527344,48.47999954223633,6914.0
200.44000244140625,54.47999954223633,6915.0
48.68000030517578,54.15999984741211,6916.0
50.599998474121094,134.47999572753906,6917.0
42.79999923706055,51.08000183105469,6918.0
49.400001525878906,79.55999755859375,6919.0
50.279998779296875,51.119998931884766,6920.0
48.36000061035156,213.24000549316406,6921.0
46.279998779296875,212.60000610351562,6922.0
48.439998626708984,68.95999908447266,6923.0
49.36000061035156,218.27999877929688,6924.0
49.79999923706055,51.2400016784668,6925.0
209.0,50.91999816894531,6926.0
41.47999954223633,56.2400016784668,6927.0
95.08000183105469,55.7599983215332,6928.0
48.20000076293945,52.119998931884766,6929.0
40.68000030517578,59.7599983215332,6930.0
148.55999755859375,0.0,6931.0
197.67999267578125,59.599998474121094,6932.0
32.52000045776367,43.959999084472656,6933.0
46.47999954223633,198.60000610351562,6934.0
43.560001373291016,44.119998931884766,6935.0
44.08000183105469,216.55999755859375,6936.0
48.279998779296875,55.599998474121094,6937.0
47.84000015258789,215.39999389648438,6938.0
47.79999923706055,216.0800018310547,6939.0
47.880001068115234,63.279998779296875,6940.0
47.63999938964844,216.72000122070312,6941.0
47.08000183105469,211.55999755859375,6942.0
48.279998779296875,216.39999389648438,6943.0
50.31999969482422,216.55999755859375,6944.0
38.7599983215332,51.959999084472656,6945.0
49.720001220703125,78.44000244140625,6946.0
50.31999969482422,217.52000427246094,6947.0
38.47999954223633,50.599998474121094,6948.0
49.15999984741211,70.44000244140625,6949.0
46.959999084472656,215.44000244140625,6950.0
211.1199951171875,45.15999984741211,6951.0
130.0,146.60000610351562,6952.0
45.68000030517578,53.720001220703125,6953.0
46.2400016784668,55.439998626708984,6954.0
45.79999923706055,65.12000274658203,6955.0
46.91999816894531,215.1999969482422,6956.0
47.119998931884766,53.15999984741211,6957.0
47.0,208.36000061035156,6958.0
205.72000122070312,62.84000015258789,6959.0
194.47999572753906,143.55999755859375,6960.0
8.720000267028809,55.91999816894531,6961.0
48.040000915527344,48.439998626708984,6962.0
47.720001220703125,57.0,6963.0
181.16000366210938,206.0399932861328,6964.0
48.68000030517578,211.39999389648438,6965.0
48.2400016784668,49.040000915527344,6966.0
47.08000183105469,56.36000061035156,6967.0
46.720001220703125,47.720001220703125,6968.0
49.0,52.63999938964844,6969.0
185.83999633789062,134.75999450683594,6970.0
113.36000061035156,212.27999877929688,6971.0
48.79999923706055,54.91999816894531,6972.0
48.7599983215332,56.68000030517578,6973.0
48.599998474121094,56.400001525878906,6974.0
48.47999954223633,55.599998474121094,6975.0
48.20000076293945,59.08000183105469,6976.0
46.959999084472656,56.2400016784668,6977.0
48.880001068115234,207.83999633789062,6978.0
33.79999923706055,50.31999969482422,6979.0
1.559999942779541,40.7599983215332,6980.0
112.68000030517578,227.0800018310547,6981.0
112.68000030517578,140.55999755859375,6982.0
225.39999389648438,226.0,6983.0
46.7599983215332,54.47999954223633,6984.0
142.0,154.36000061035156,6985.0
47.880001068115234,52.400001525878906,6986.0
29.479999542236328,48.119998931884766,6987.0
47.400001525878906,47.040000915527344,6988.0
48.68000030517578,49.36000061035156,6989.0
46.91999816894531,47.08000183105469,6990.0
44.439998626708984,49.36000061035156,6991.0
48.36000061035156,49.0,6992.0
42.959999084472656,50.279998779296875,6993.0
48.20000076293945,49.0,6994.0
108.04000091552734,135.47999572753906,6995.0
102.44000244140625,142.0399932861328,6996.0
48.15999984741211,48.31999969482422,6997.0
209.67999267578125,223.9600067138672,6998.0
46.959999084472656,56.36000061035156,6999.0
48.2400016784668,56.36000061035156,7000.0
49.0,49.400001525878906,7001.0
49.040000915527344,49.040000915527344,7002.0
48.68000030517578,215.9600067138672,7003.0
48.36000061035156,49.36000061035156,7004.0
103.4000015258789,132.75999450683594,7005.0
48.31999969482422,50.279998779296875,7006.0
47.880001068115234,51.040000915527344,7007.0
48.040000915527344,47.79999923706055,7008.0
48.599998474121094,55.040000915527344,7009.0
47.79999923706055,61.560001373291016,7010.0
47.31999969482422,58.880001068115234,7011.0
48.47999954223633,56.880001068115234,7012.0
48.68000030517578,50.36000061035156,7013.0
97.04000091552734,52.84000015258789,7014.0
48.7599983215332,64.95999908447266,7015.0
47.720001220703125,53.040000915527344,7016.0
203.0800018310547,205.0800018310547,7017.0
48.880001068115234,143.1999969482422,7018.0
50.31999969482422,62.720001220703125,7019.0
5.599999904632568,63.08000183105469,7020.0
48.31999969482422,213.83999633789062,7021.0
237.24000549316406,64.08000183105469,7022.0
48.720001220703125,214.83999633789062,7023.0
48.720001220703125,215.1999969482422,7024.0
0.0,12.520000457763672,7025.0
44.15999984741211,54.599998474121094,7026.0
42.7599983215332,214.9199981689453,7027.0
181.72000122070312,132.8000030517578,7028.0
43.439998626708984,43.63999938964844,7029.0
41.959999084472656,217.16000366210938,7030.0
35.599998474121094,66.91999816894531,7031.0
47.31999969482422,64.23999786376953,7032.0
47.08000183105469,215.16000366210938,7033.0
47.2400016784668,47.720001220703125,7034.0
39.279998779296875,53.720001220703125,7035.0
48.880001068115234,54.119998931884766,7036.0
41.959999084472656,55.08000183105469,7037.0
49.15999984741211,51.560001373291016,7038.0
46.36000061035156,51.20000076293945,7039.0
44.36000061035156,52.599998474121094,7040.0
194.52000427246094,52.36000061035156,7041.0
45.47999954223633,211.9600067138672,7042.0
182.75999450683594,49.63999938964844,7043.0
46.52000045776367,222.60000610351562,7044.0
49.0,49.36000061035156,7045.0
46.400001525878906,47.720001220703125,7046.0
40.040000915527344,52.08000183105469,7047.0
49.31999969482422,50.119998931884766,7048.0
48.68000030517578,223.32000732421875,7049.0
49.959999084472656,49.68000030517578,7050.0
239.0,0.0,7051.0
48.08000183105469,211.67999267578125,7052.0
48.47999954223633,63.119998931884766,7053.0
210.44000244140625,99.27999877929688,7054.0
118.12000274658203,118.80000305175781,7055.0
211.9199981689453,71.44000244140625,7056.0
40.2400016784668,50.91999816894531,7057.0
201.36000061035156,51.36000061035156,7058.0
42.91999816894531,212.0,7059.0
32.040000915527344,217.72000122070312,7060.0
48.040000915527344,216.0399932861328,7061.0
48.52000045776367,49.400001525878906,7062.0
40.68000030517578,214.9600067138672,7063.0
48.36000061035156,48.959999084472656,7064.0
49.31999969482422,50.2400016784668,7065.0
49.7599983215332,53.040000915527344,7066.0
49.63999938964844,50.720001220703125,7067.0
38.7599983215332,46.47999954223633,7068.0
48.68000030517578,51.36000061035156,7069.0
46.599998474121094,108.16000366210938,7070.0
44.279998779296875,56.20000076293945,7071.0
42.91999816894531,52.91999816894531,7072.0
200.8000030517578,220.27999877929688,7073.0
43.279998779296875,49.84000015258789,7074.0
0.0,0.0,7075.0
46.7599983215332,47.279998779296875,7076.0
215.27999877929688,216.16000366210938,7077.0
45.91999816894531,215.27999877929688,7078.0
46.279998779296875,217.16000366210938,7079.0
45.52000045776367,49.84000015258789,7080.0
48.68000030517578,215.9199981689453,7081.0
39.08000183105469,49.959999084472656,7082.0
48.400001525878906,48.84000015258789,7083.0
42.31999969482422,52.599998474121094,7084.0
43.15999984741211,52.91999816894531,7085.0
32.68000030517578,52.560001373291016,7086.0
44.08000183105469,53.63999938964844,7087.0
49.959999084472656,49.36000061035156,7088.0
48.7599983215332,50.040000915527344,7089.0
47.400001525878906,217.72000122070312,7090.0
47.63999938964844,49.7599983215332,7091.0
45.599998474121094,45.84000015258789,7092.0
45.0,50.279998779296875,7093.0
45.08000183105469,45.36000061035156,7094.0
43.0,62.68000030517578,7095.0
43.560001373291016,13.5600004196167,7096.0
49.15999984741211,214.9199981689453,7097.0
49.79999923706055,54.119998931884766,7098.0
43.720001220703125,106.4000015258789,7099.0
33.880001068115234,55.63999938964844,7100.0
49.720001220703125,208.52000427246094,7101.0
106.95999908447266,107.16000366210938,7102.0
36.2400016784668,221.0,7103.0
111.12000274658203,236.8000030517578,7104.0
38.279998779296875,50.439998626708984,7105.0
49.15999984741211,50.2400016784668,7106.0
48.880001068115234,49.0,7107.0
33.040000915527344,74.80000305175781,7108.0
47.20000076293945,72.68000030517578,7109.0
46.880001068115234,53.279998779296875,7110.0
50.599998474121094,50.0,7111.0
45.79999923706055,46.439998626708984,7112.0
46.439998626708984,46.279998779296875,7113.0
24.399999618530273,94.5199966430664,7114.0
49.36000061035156,203.47999572753906,7115.0
38.439998626708984,48.720001220703125,7116.0
49.0,49.20000076293945,7117.0
47.91999816894531,55.84000015258789,7118.0
47.84000015258789,216.67999267578125,7119.0
47.720001220703125,53.84000015258789,7120.0
47.52000045776367,215.9600067138672,7121.0
48.0,216.72000122070312,7122.0
45.68000030517578,46.91999816894531,7123.0
46.52000045776367,215.9199981689453,7124.0
45.7599983215332,216.36000061035156,7125.0
45.63999938964844,216.8800048828125,7126.0
47.279998779296875,235.72000122070312,7127.0
49.47999954223633,50.040000915527344,7128.0
48.52000045776367,215.39999389648438,7129.0
47.279998779296875,46.79999923706055,7130.0
49.439998626708984,50.119998931884766,7131.0
47.79999923706055,54.63999938964844,7132.0
47.720001220703125,49.959999084472656,7133.0
43.2400016784668,58.119998931884766,7134.0
41.47999954223633,216.39999389648438,7135.0
42.20000076293945,48.84000015258789,7136.0
41.400001525878906,217.44000244140625,7137.0
49.08000183105469,53.880001068115234,7138.0
48.2400016784668,215.55999755859375,7139.0
48.400001525878906,57.2400016784668,7140.0
48.63999938964844,44.20000076293945,7141.0
48.47999954223633,51.119998931884766,7142.0
48.0,213.67999267578125,7143.0
47.0,52.2400016784668,7144.0
48.040000915527344,48.720001220703125,7145.0
47.400001525878906,48.47999954223633,7146.0
47.880001068115234,55.7599983215332,7147.0
234.1199951171875,235.55999755859375,7148.0
46.63999938964844,61.84000015258789,7149.0
47.279998779296875,213.36000061035156,7150.0
48.52000045776367,61.15999984741211,7151.0
48.439998626708984,52.52000045776367,7152.0
48.119998931884766,212.0800018310547,7153.0
48.0,71.27999877929688,7154.0
48.36000061035156,60.63999938964844,7155.0
48.68000030517578,213.1999969482422,7156.0
48.31999969482422,52.2400016784668,7157.0
48.7599983215332,211.83999633789062,7158.0
49.31999969482422,66.0,7159.0
48.36000061035156,56.119998931884766,7160.0
39.959999084472656,50.119998931884766,7161.0
46.31999969482422,50.31999969482422,7162.0
46.47999954223633,47.959999084472656,7163.0
48.91999816894531,57.560001373291016,7164.0
48.68000030517578,48.720001220703125,7165.0
32.52000045776367,59.720001220703125,7166.0
48.720001220703125,61.2400016784668,7167.0
49.31999969482422,51.599998474121094,7168.0
48.7599983215332,50.0,7169.0
48.040000915527344,58.79999923706055,7170.0
48.36000061035156,50.400001525878906,7171.0
48.68000030517578,50.52000045776367,7172.0
49.84000015258789,59.439998626708984,7173.0
42.720001220703125,53.040000915527344,7174.0
49.2400016784668,55.959999084472656,7175.0
45.79999923706055,70.72000122070312,7176.0
45.400001525878906,49.36000061035156,7177.0
48.560001373291016,49.20000076293945,7178.0
48.47999954223633,49.040000915527344,7179.0
48.31999969482422,49.68000030517578,7180.0
48.68000030517578,50.31999969482422,7181.0
51.880001068115234,52.31999969482422,7182.0
45.79999923706055,52.279998779296875,7183.0
40.560001373291016,52.040000915527344,7184.0
36.439998626708984,51.119998931884766,7185.0
44.2400016784668,52.0,7186.0
48.08000183105469,49.959999084472656,7187.0
44.599998474121094,50.400001525878906,7188.0
47.439998626708984,49.68000030517578,7189.0
47.880001068115234,50.599998474121094,7190.0
47.31999969482422,52.880001068115234,7191.0
50.91999816894531,52.63999938964844,7192.0
49.15999984741211,50.7599983215332,7193.0
38.959999084472656,51.7599983215332,7194.0
50.0,50.959999084472656,7195.0
49.560001373291016,51.15999984741211,7196.0
41.31999969482422,50.279998779296875,7197.0
39.400001525878906,119.08000183105469,7198.0
41.279998779296875,51.7599983215332,7199.0
50.36000061035156,51.560001373291016,7200.0
46.279998779296875,47.47999954223633,7201.0
49.08000183105469,50.439998626708984,7202.0
48.20000076293945,50.0,7203.0
48.2400016784668,50.20000076293945,7204.0
48.79999923706055,49.79999923706055,7205.0
48.36000061035156,49.560001373291016,7206.0
48.84000015258789,49.47999954223633,7207.0
47.720001220703125,49.08000183105469,7208.0
46.959999084472656,51.08000183105469,7209.0
49.959999084472656,50.79999923706055,7210.0
51.2400016784668,52.279998779296875,7211.0
51.20000076293945,51.599998474121094,7212.0
50.279998779296875,51.400001525878906,7213.0
49.36000061035156,50.279998779296875,7214.0
48.84000015258789,50.47999954223633,7215.0
48.68000030517578,50.439998626708984,7216.0
48.880001068115234,50.720001220703125,7217.0
47.08000183105469,50.880001068115234,7218.0
46.7599983215332,50.91999816894531,7219.0
41.439998626708984,51.68000030517578,7220.0
48.68000030517578,51.63999938964844,7221.0
49.68000030517578,51.47999954223633,7222.0
47.720001220703125,50.63999938964844,7223.0
48.439998626708984,52.119998931884766,7224.0
32.2400016784668,50.84000015258789,7225.0
50.31999969482422,51.68000030517578,7226.0
49.7599983215332,50.36000061035156,7227.0
48.599998474121094,84.0,7228.0
49.08000183105469,49.79999923706055,7229.0
50.0,232.55999755859375,7230.0
47.15999984741211,49.84000015258789,7231.0
23.040000915527344,49.279998779296875,7232.0
49.0,50.63999938964844,7233.0
47.599998474121094,49.400001525878906,7234.0
37.52000045776367,50.599998474121094,7235.0
35.560001373291016,50.599998474121094,7236.0
48.36000061035156,50.880001068115234,7237.0
48.20000076293945,49.79999923706055,7238.0
43.68000030517578,44.63999938964844,7239.0
44.599998474121094,48.560001373291016,7240.0
48.20000076293945,51.439998626708984,7241.0
43.720001220703125,46.63999938964844,7242.0
37.47999954223633,51.2400016784668,7243.0
46.599998474121094,49.84000015258789,7244.0
43.2400016784668,44.08000183105469,7245.0
47.560001373291016,48.439998626708984,7246.0
18.0,48.7599983215332,7247.0
43.560001373291016,52.040000915527344,7248.0
43.880001068115234,69.91999816894531,7249.0
44.20000076293945,77.31999969482422,7250.0
238.83999633789062,149.8000030517578,7251.0
48.47999954223633,48.47999954223633,7252.0
48.68000030517578,48.720001220703125,7253.0
48.880001068115234,48.20000076293945,7254.0
48.68000030517578,133.47999572753906,7255.0
45.400001525878906,47.79999923706055,7256.0
46.63999938964844,51.31999969482422,7257.0
47.400001525878906,48.52000045776367,7258.0
49.040000915527344,51.040000915527344,7259.0
212.67999267578125,47.08000183105469,7260.0
205.0800018310547,49.880001068115234,7261.0
46.84000015258789,48.91999816894531,7262.0
45.79999923706055,51.400001525878906,7263.0
48.560001373291016,49.08000183105469,7264.0
46.91999816894531,49.08000183105469,7265.0
204.1999969482422,218.8800048828125,7266.0
47.560001373291016,48.599998474121094,7267.0
47.119998931884766,48.439998626708984,7268.0
49.31999969482422,49.720001220703125,7269.0
48.880001068115234,49.400001525878906,7270.0
44.31999969482422,50.599998474121094,7271.0
45.79999923706055,46.439998626708984,7272.0
42.599998474121094,209.32000732421875,7273.0
44.20000076293945,218.60000610351562,7274.0
47.2400016784668,48.0,7275.0
47.7599983215332,48.599998474121094,7276.0
44.400001525878906,56.720001220703125,7277.0
47.36000061035156,47.7599983215332,7278.0
49.15999984741211,221.52000427246094,7279.0
49.0,220.1999969482422,7280.0
48.599998474121094,50.15999984741211,7281.0
49.880001068115234,56.47999954223633,7282.0
48.20000076293945,48.36000061035156,7283.0
47.119998931884766,48.2400016784668,7284.0
47.15999984741211,216.83999633789062,7285.0
47.20000076293945,220.39999389648438,7286.0
201.32000732421875,218.67999267578125,7287.0
47.400001525878906,49.7599983215332,7288.0
48.68000030517578,48.959999084472656,7289.0
45.79999923706055,220.55999755859375,7290.0
220.55999755859375,67.55999755859375,7291.0
216.27999877929688,220.16000366210938,7292.0
46.20000076293945,218.52000427246094,7293.0
47.040000915527344,220.32000732421875,7294.0
208.55999755859375,219.63999938964844,7295.0
210.63999938964844,220.8000030517578,7296.0
50.7599983215332,51.47999954223633,7297.0
36.63999938964844,51.52000045776367,7298.0
55.15999984741211,55.84000015258789,7299.0
57.31999969482422,57.08000183105469,7300.0
36.47999954223633,55.52000045776367,7301.0
208.67999267578125,208.83999633789062,7302.0
99.4000015258789,217.1199951171875,7303.0
46.52000045776367,46.7599983215332,7304.0
85.16000366210938,218.24000549316406,7305.0
47.400001525878906,59.959999084472656,7306.0
48.2400016784668,59.279998779296875,7307.0
175.75999450683594,52.560001373291016,7308.0
48.47999954223633,156.27999877929688,7309.0
210.55999755859375,220.0,7310.0
205.72000122070312,51.84000015258789,7311.0
210.16000366210938,51.79999923706055,7312.0
49.84000015258789,50.959999084472656,7313.0
40.84000015258789,50.400001525878906,7314.0
41.47999954223633,222.1199951171875,7315.0
50.599998474121094,50.91999816894531,7316.0
51.36000061035156,203.24000549316406,7317.0
47.08000183105469,219.9600067138672,7318.0
50.959999084472656,51.0,7319.0
208.60000610351562,220.55999755859375,7320.0
51.119998931884766,220.8000030517578,7321.0
49.720001220703125,51.400001525878906,7322.0
50.400001525878906,213.8800048828125,7323.0
47.040000915527344,215.44000244140625,7324.0
47.79999923706055,215.39999389648438,7325.0
49.2400016784668,57.439998626708984,7326.0
48.560001373291016,216.1999969482422,7327.0
44.84000015258789,216.36000061035156,7328.0
210.9600067138672,51.91999816894531,7329.0
47.040000915527344,47.79999923706055,7330.0
49.0,217.63999938964844,7331.0
47.2400016784668,211.8800048828125,7332.0
203.1199951171875,212.1199951171875,7333.0
48.560001373291016,48.7599983215332,7334.0
48.20000076293945,208.83999633789062,7335.0
239.0,239.9600067138672,7336.0
48.560001373291016,216.8800048828125,7337.0
43.84000015258789,216.44000244140625,7338.0
43.040000915527344,216.67999267578125,7339.0
42.91999816894531,215.9199981689453,7340.0
48.439998626708984,216.0,7341.0
48.720001220703125,57.36000061035156,7342.0
45.279998779296875,52.20000076293945,7343.0
48.31999969482422,57.959999084472656,7344.0
48.119998931884766,57.439998626708984,7345.0
128.0800018310547,54.439998626708984,7346.0
48.400001525878906,50.36000061035156,7347.0
48.47999954223633,49.400001525878906,7348.0
49.0,213.9600067138672,7349.0
45.2400016784668,50.279998779296875,7350.0
48.7599983215332,212.52000427246094,7351.0
48.47999954223633,50.84000015258789,7352.0
49.119998931884766,215.32000732421875,7353.0
45.040000915527344,215.44000244140625,7354.0
41.68000030517578,215.39999389648438,7355.0
48.08000183105469,211.8000030517578,7356.0
48.439998626708984,213.0399932861328,7357.0
45.7599983215332,216.16000366210938,7358.0
44.63999938964844,212.72000122070312,7359.0
45.08000183105469,209.39999389648438,7360.0
46.91999816894531,215.83999633789062,7361.0
48.880001068115234,50.279998779296875,7362.0
47.7599983215332,49.91999816894531,7363.0
48.599998474121094,49.2400016784668,7364.0
48.68000030517578,49.720001220703125,7365.0
48.040000915527344,49.279998779296875,7366.0
46.63999938964844,209.8000030517578,7367.0
46.439998626708984,46.599998474121094,7368.0
44.31999969482422,48.560001373291016,7369.0
45.959999084472656,46.36000061035156,7370.0
45.20000076293945,46.91999816894531,7371.0
49.47999954223633,50.2400016784668,7372.0
49.20000076293945,215.1199951171875,7373.0
48.2400016784668,50.20000076293945,7374.0
49.439998626708984,49.91999816894531,7375.0
48.720001220703125,213.0399932861328,7376.0
49.15999984741211,49.68000030517578,7377.0
49.84000015258789,214.39999389648438,7378.0
49.84000015258789,49.959999084472656,7379.0
39.400001525878906,50.36000061035156,7380.0
41.20000076293945,49.68000030517578,7381.0
48.68000030517578,49.68000030517578,7382.0
210.32000732421875,238.44000244140625,7383.0
48.08000183105469,213.0399932861328,7384.0
49.0,49.880001068115234,7385.0
48.2400016784668,49.47999954223633,7386.0
43.2400016784668,50.0,7387.0
47.79999923706055,49.08000183105469,7388.0
44.52000045776367,215.0399932861328,7389.0
44.20000076293945,44.119998931884766,7390.0
45.720001220703125,212.8800048828125,7391.0
45.63999938964844,213.32000732421875,7392.0
46.279998779296875,47.20000076293945,7393.0
48.279998779296875,49.47999954223633,7394.0
46.880001068115234,206.0399932861328,7395.0
48.84000015258789,49.63999938964844,7396.0
48.15999984741211,49.2400016784668,7397.0
47.400001525878906,214.24000549316406,7398.0
47.91999816894531,214.8800048828125,7399.0
47.15999984741211,214.16000366210938,7400.0
47.68000030517578,49.08000183105469,7401.0
45.63999938964844,49.959999084472656,7402.0
39.08000183105469,49.84000015258789,7403.0
45.279998779296875,212.39999389648438,7404.0
46.36000061035156,50.040000915527344,7405.0
29.479999542236328,47.720001220703125,7406.0
44.720001220703125,210.27999877929688,7407.0
46.599998474121094,47.31999969482422,7408.0
46.15999984741211,47.400001525878906,7409.0
48.040000915527344,49.84000015258789,7410.0
47.720001220703125,212.0399932861328,7411.0
47.119998931884766,48.79999923706055,7412.0
47.599998474121094,49.84000015258789,7413.0
47.2400016784668,49.2400016784668,7414.0
47.720001220703125,48.31999969482422,7415.0
47.08000183105469,49.15999984741211,7416.0
47.08000183105469,47.63999938964844,7417.0
48.31999969482422,49.15999984741211,7418.0
47.47999954223633,47.7599983215332,7419.0
47.880001068115234,48.560001373291016,7420.0
209.75999450683594,210.32000732421875,7421.0
47.63999938964844,216.55999755859375,7422.0
47.880001068115234,49.560001373291016,7423.0
47.91999816894531,48.7599983215332,7424.0
47.15999984741211,49.20000076293945,7425.0
203.72000122070312,216.47999572753906,7426.0
49.31999969482422,49.36000061035156,7427.0
49.040000915527344,217.1199951171875,7428.0
27.31999969482422,48.36000061035156,7429.0
48.47999954223633,48.91999816894531,7430.0
48.2400016784668,48.20000076293945,7431.0
54.119998931884766,68.36000061035156,7432.0
47.91999816894531,215.44000244140625,7433.0
47.400001525878906,49.20000076293945,7434.0
33.119998931884766,54.880001068115234,7435.0
48.439998626708984,48.7599983215332,7436.0
46.91999816894531,49.79999923706055,7437.0
49.119998931884766,213.0,7438.0
49.040000915527344,49.68000030517578,7439.0
48.68000030517578,49.279998779296875,7440.0
29.479999542236328,53.400001525878906,7441.0
36.91999816894531,50.63999938964844,7442.0
49.08000183105469,49.84000015258789,7443.0
38.7599983215332,51.959999084472656,7444.0
49.0,73.04000091552734,7445.0
48.7599983215332,212.1999969482422,7446.0
196.72000122070312,49.439998626708984,7447.0
48.599998474121094,214.27999877929688,7448.0
202.1999969482422,49.2400016784668,7449.0
204.8800048828125,49.439998626708984,7450.0
42.119998931884766,49.08000183105469,7451.0
34.79999923706055,49.119998931884766,7452.0
205.0399932861328,77.44000244140625,7453.0
93.91999816894531,134.9600067138672,7454.0
28.239999771118164,215.39999389648438,7455.0
48.63999938964844,48.47999954223633,7456.0
40.68000030517578,50.599998474121094,7457.0
47.36000061035156,137.9600067138672,7458.0
48.400001525878906,53.47999954223633,7459.0
48.08000183105469,48.720001220703125,7460.0
49.20000076293945,51.31999969482422,7461.0
84.23999786376953,0.0,7462.0
113.4000015258789,124.19999694824219,7463.0
47.959999084472656,3.9600000381469727,7464.0
48.040000915527344,48.040000915527344,7465.0
174.44000244140625,49.400001525878906,7466.0
134.0,213.1199951171875,7467.0
48.959999084472656,51.08000183105469,7468.0
47.15999984741211,110.19999694824219,7469.0
47.599998474121094,237.0800018310547,7470.0
190.8000030517578,207.8800048828125,7471.0
0.0,9.680000305175781,7472.0
46.7599983215332,47.2400016784668,7473.0
209.9600067138672,82.63999938964844,7474.0
39.959999084472656,58.36000061035156,7475.0
47.7599983215332,67.4000015258789,7476.0
37.20000076293945,53.31999969482422,7477.0
47.7599983215332,129.24000549316406,7478.0
48.040000915527344,67.44000244140625,7479.0
43.279998779296875,53.599998474121094,7480.0
47.720001220703125,48.2400016784668,7481.0
48.2400016784668,206.27999877929688,7482.0
48.20000076293945,49.52000045776367,7483.0
47.91999816894531,47.720001220703125,7484.0
47.68000030517578,213.52000427246094,7485.0
47.400001525878906,157.9600067138672,7486.0
32.63999938964844,50.040000915527344,7487.0
211.27999877929688,238.44000244140625,7488.0
31.440000534057617,45.599998474121094,7489.0
237.52000427246094,237.36000061035156,7490.0
119.72000122070312,67.4800033569336,7491.0
173.83999633789062,126.83999633789062,7492.0
195.52000427246094,213.0399932861328,7493.0
45.7599983215332,214.60000610351562,7494.0
28.1200008392334,51.31999969482422,7495.0
46.08000183105469,49.84000015258789,7496.0
46.7599983215332,47.7599983215332,7497.0
118.16000366210938,118.16000366210938,7498.0
40.68000030517578,48.400001525878906,7499.0
46.439998626708984,49.08000183105469,7500.0
36.68000030517578,95.08000183105469,7501.0
47.7599983215332,48.439998626708984,7502.0
47.2400016784668,47.720001220703125,7503.0
8.239999771118164,48.47999954223633,7504.0
46.15999984741211,63.400001525878906,7505.0
48.15999984741211,48.119998931884766,7506.0
48.119998931884766,211.1199951171875,7507.0
33.20000076293945,32.439998626708984,7508.0
48.68000030517578,48.720001220703125,7509.0
47.560001373291016,53.400001525878906,7510.0
47.79999923706055,52.63999938964844,7511.0
48.20000076293945,201.52000427246094,7512.0
47.439998626708984,48.47999954223633,7513.0
47.279998779296875,51.880001068115234,7514.0
0.0,132.0399932861328,7515.0
38.720001220703125,49.119998931884766,7516.0
49.15999984741211,0.0,7517.0
44.880001068115234,56.68000030517578,7518.0
47.79999923706055,47.720001220703125,7519.0
46.400001525878906,47.720001220703125,7520.0
47.720001220703125,55.91999816894531,7521.0
86.27999877929688,109.80000305175781,7522.0
131.24000549316406,141.32000732421875,7523.0
237.83999633789062,237.1999969482422,7524.0
87.27999877929688,38.959999084472656,7525.0
119.91999816894531,186.47999572753906,7526.0
73.4800033569336,130.9600067138672,7527.0
47.599998474121094,48.040000915527344,7528.0
48.36000061035156,48.279998779296875,7529.0
152.36000061035156,169.1999969482422,7530.0
43.560001373291016,0.0,7531.0
44.84000015258789,45.15999984741211,7532.0
107.55999755859375,0.0,7533.0
0.0,159.55999755859375,7534.0
49.959999084472656,50.560001373291016,7535.0
122.12000274658203,215.44000244140625,7536.0
43.279998779296875,237.27999877929688,7537.0
42.63999938964844,235.63999938964844,7538.0
114.63999938964844,142.8800048828125,7539.0
41.31999969482422,98.31999969482422,7540.0
47.439998626708984,235.83999633789062,7541.0
40.79999923706055,40.84000015258789,7542.0
180.72000122070312,185.8000030517578,7543.0
41.560001373291016,61.31999969482422,7544.0
185.52000427246094,209.16000366210938,7545.0
198.8000030517578,210.27999877929688,7546.0
45.31999969482422,211.32000732421875,7547.0
46.79999923706055,209.8800048828125,7548.0
17.0,17.239999771118164,7549.0
83.5999984741211,118.76000213623047,7550.0
36.84000015258789,160.63999938964844,7551.0
0.0,0.0,7552.0
35.720001220703125,0.0,7553.0
35.08000183105469,0.0,7554.0
85.16000366210938,72.83999633789062,7555.0
48.36000061035156,49.79999923706055,7556.0
234.32000732421875,234.8800048828125,7557.0
0.0,0.0,7558.0
133.72000122070312,235.0399932861328,7559.0
48.68000030517578,59.880001068115234,7560.0
123.87999725341797,0.0,7561.0
47.880001068115234,52.68000030517578,7562.0
47.2400016784668,72.72000122070312,7563.0
52.84000015258789,53.20000076293945,7564.0
47.08000183105469,52.959999084472656,7565.0
49.79999923706055,49.7599983215332,7566.0
47.400001525878906,146.63999938964844,7567.0
49.040000915527344,68.68000030517578,7568.0
186.75999450683594,104.5199966430664,7569.0
104.5199966430664,144.75999450683594,7570.0
47.400001525878906,47.560001373291016,7571.0
221.8000030517578,98.83999633789062,7572.0
210.0,49.47999954223633,7573.0
46.68000030517578,65.16000366210938,7574.0
211.72000122070312,99.16000366210938,7575.0
210.0800018310547,53.400001525878906,7576.0
100.83999633789062,100.95999908447266,7577.0
48.15999984741211,239.9600067138672,7578.0
0.0,100.5999984741211,7579.0
48.560001373291016,49.36000061035156,7580.0
48.439998626708984,57.0,7581.0
99.16000366210938,56.52000045776367,7582.0
38.119998931884766,0.0,7583.0
175.27999877929688,185.1999969482422,7584.0
50.599998474121094,0.0,7585.0
92.5199966430664,97.4800033569336,7586.0
33.79999923706055,110.31999969482422,7587.0
27.399999618530273,162.60000610351562,7588.0
34.7599983215332,55.63999938964844,7589.0
79.5999984741211,0.0,7590.0
121.0,132.83999633789062,7591.0
9.319999694824219,11.0,7592.0
128.67999267578125,128.39999389648438,7593.0
39.08000183105469,132.24000549316406,7594.0
0.0,50.63999938964844,7595.0
47.91999816894531,48.47999954223633,7596.0
45.31999969482422,226.75999450683594,7597.0
44.52000045776367,55.84000015258789,7598.0
46.7599983215332,55.79999923706055,7599.0
43.47999954223633,135.8000030517578,7600.0
42.599998474121094,74.36000061035156,7601.0
73.5199966430664,73.63999938964844,7602.0
73.76000213623047,85.87999725341797,7603.0
47.47999954223633,73.80000305175781,7604.0
136.0800018310547,149.60000610351562,7605.0
0.0,5.400000095367432,7606.0
40.0,51.119998931884766,7607.0
0.0,6.0,7608.0
49.2400016784668,78.76000213623047,7609.0
48.08000183105469,49.31999969482422,7610.0
38.439998626708984,130.83999633789062,7611.0
48.7599983215332,49.0,7612.0
36.79999923706055,210.16000366210938,7613.0
38.0,130.63999938964844,7614.0
47.720001220703125,79.08000183105469,7615.0
48.560001373291016,58.0,7616.0
196.52000427246094,210.27999877929688,7617.0
48.040000915527344,98.27999877929688,7618.0
47.84000015258789,57.400001525878906,7619.0
47.599998474121094,49.79999923706055,7620.0
49.31999969482422,59.68000030517578,7621.0
44.63999938964844,239.9600067138672,7622.0
0.0,26.360000610351562,7623.0
43.279998779296875,62.119998931884766,7624.0
238.52000427246094,239.9600067138672,7625.0
122.87999725341797,139.24000549316406,7626.0
26.920000076293945,49.040000915527344,7627.0
49.880001068115234,49.400001525878906,7628.0
197.67999267578125,52.31999969482422,7629.0
49.15999984741211,49.31999969482422,7630.0
124.19999694824219,207.63999938964844,7631.0
47.720001220703125,237.60000610351562,7632.0
47.959999084472656,49.15999984741211,7633.0
47.880001068115234,48.68000030517578,7634.0
235.8000030517578,236.0399932861328,7635.0
47.119998931884766,50.36000061035156,7636.0
49.08000183105469,237.72000122070312,7637.0
46.91999816894531,48.79999923706055,7638.0
47.47999954223633,58.599998474121094,7639.0
48.79999923706055,58.040000915527344,7640.0
44.63999938964844,48.400001525878906,7641.0
48.040000915527344,49.2400016784668,7642.0
44.08000183105469,140.83999633789062,7643.0
47.400001525878906,47.599998474121094,7644.0
47.599998474121094,42.52000045776367,7645.0
47.720001220703125,48.68000030517578,7646.0
47.720001220703125,48.47999954223633,7647.0
42.279998779296875,50.79999923706055,7648.0
42.15999984741211,53.47999954223633,7649.0
41.63999938964844,141.16000366210938,7650.0
43.279998779296875,104.36000061035156,7651.0
40.959999084472656,85.08000183105469,7652.0
85.63999938964844,53.959999084472656,7653.0
49.560001373291016,50.31999969482422,7654.0
42.79999923706055,48.31999969482422,7655.0
47.720001220703125,48.47999954223633,7656.0
48.2400016784668,49.08000183105469,7657.0
48.599998474121094,49.0,7658.0
237.67999267578125,189.55999755859375,7659.0
43.400001525878906,48.2400016784668,7660.0
47.91999816894531,82.72000122070312,7661.0
235.9600067138672,47.560001373291016,7662.0
47.0,82.80000305175781,7663.0
47.7599983215332,49.279998779296875,7664.0
47.91999816894531,48.84000015258789,7665.0
27.479999542236328,48.52000045776367,7666.0
39.720001220703125,52.84000015258789,7667.0
48.47999954223633,49.040000915527344,7668.0
216.32000732421875,59.36000061035156,7669.0
48.040000915527344,58.15999984741211,7670.0
48.31999969482422,59.52000045776367,7671.0
48.36000061035156,58.79999923706055,7672.0
193.63999938964844,127.5199966430664,7673.0
108.19999694824219,137.67999267578125,7674.0
47.880001068115234,212.0800018310547,7675.0
217.36000061035156,218.36000061035156,7676.0
56.68000030517578,57.0,7677.0
47.2400016784668,56.599998474121094,7678.0
47.47999954223633,205.67999267578125,7679.0
32.720001220703125,52.2400016784668,7680.0
47.0,210.75999450683594,7681.0
101.16000366210938,51.68000030517578,7682.0
212.60000610351562,48.15999984741211,7683.0
33.0,213.63999938964844,7684.0
48.400001525878906,50.400001525878906,7685.0
47.08000183105469,47.08000183105469,7686.0
49.400001525878906,50.36000061035156,7687.0
48.15999984741211,49.880001068115234,7688.0
46.599998474121094,213.32000732421875,7689.0
48.040000915527344,49.20000076293945,7690.0
47.63999938964844,48.08000183105469,7691.0
43.400001525878906,213.44000244140625,7692.0
47.439998626708984,213.39999389648438,7693.0
46.79999923706055,49.36000061035156,7694.0
41.36000061035156,48.959999084472656,7695.0
47.20000076293945,214.32000732421875,7696.0
35.31999969482422,48.439998626708984,7697.0
24.200000762939453,51.08000183105469,7698.0
184.32000732421875,213.8800048828125,7699.0
0.0,213.0399932861328,7700.0
44.84000015258789,46.08000183105469,7701.0
47.79999923706055,47.91999816894531,7702.0
45.15999984741211,48.20000076293945,7703.0
48.68000030517578,49.68000030517578,7704.0
46.7599983215332,49.68000030517578,7705.0
49.119998931884766,49.880001068115234,7706.0
41.36000061035156,147.36000061035156,7707.0
47.0,212.44000244140625,7708.0
47.720001220703125,140.8800048828125,7709.0
46.79999923706055,48.279998779296875,7710.0
47.560001373291016,212.60000610351562,7711.0
46.119998931884766,46.91999816894531,7712.0
45.040000915527344,44.599998474121094,7713.0
47.119998931884766,48.119998931884766,7714.0
43.040000915527344,46.7599983215332,7715.0
45.2400016784668,47.2400016784668,7716.0
43.439998626708984,212.16000366210938,7717.0
46.560001373291016,46.7599983215332,7718.0
42.439998626708984,49.36000061035156,7719.0
45.7599983215332,212.0800018310547,7720.0
47.720001220703125,48.79999923706055,7721.0
212.0,49.0,7722.0
46.52000045776367,52.15999984741211,7723.0
212.0800018310547,140.0800018310547,7724.0
47.36000061035156,48.599998474121094,7725.0
48.7599983215332,49.119998931884766,7726.0
38.79999923706055,214.9199981689453,7727.0
47.720001220703125,49.040000915527344,7728.0
47.720001220703125,215.0399932861328,7729.0
47.560001373291016,48.84000015258789,7730.0
47.68000030517578,214.83999633789062,7731.0
47.040000915527344,47.84000015258789,7732.0
45.0,214.47999572753906,7733.0
41.63999938964844,47.959999084472656,7734.0
48.400001525878906,212.60000610351562,7735.0
90.91999816894531,97.4000015258789,7736.0
41.959999084472656,214.24000549316406,7737.0
49.0,49.0,7738.0
48.31999969482422,49.0,7739.0
42.91999816894531,50.36000061035156,7740.0
33.880001068115234,50.31999969482422,7741.0
48.63999938964844,49.15999984741211,7742.0
49.31999969482422,50.63999938964844,7743.0
48.720001220703125,50.68000030517578,7744.0
5.0,5.71999979019165,7745.0
45.79999923706055,54.15999984741211,7746.0
48.7599983215332,49.7599983215332,7747.0
39.08000183105469,68.31999969482422,7748.0
47.2400016784668,50.400001525878906,7749.0
48.63999938964844,48.720001220703125,7750.0
36.47999954223633,215.83999633789062,7751.0
47.63999938964844,47.880001068115234,7752.0
84.83999633789062,91.55999755859375,7753.0
11.920000076293945,88.72000122070312,7754.0
47.20000076293945,48.91999816894531,7755.0
47.400001525878906,48.68000030517578,7756.0
47.47999954223633,76.0,7757.0
45.0,48.439998626708984,7758.0
45.08000183105469,48.52000045776367,7759.0
45.31999969482422,49.36000061035156,7760.0
44.63999938964844,49.79999923706055,7761.0
47.720001220703125,119.4800033569336,7762.0
43.880001068115234,47.720001220703125,7763.0
47.720001220703125,48.84000015258789,7764.0
47.119998931884766,211.8000030517578,7765.0
174.16000366210938,213.32000732421875,7766.0
47.880001068115234,213.1999969482422,7767.0
46.599998474121094,49.400001525878906,7768.0
36.79999923706055,214.44000244140625,7769.0
48.36000061035156,50.15999984741211,7770.0
48.2400016784668,50.599998474121094,7771.0
47.7599983215332,49.47999954223633,7772.0
48.880001068115234,51.560001373291016,7773.0
209.72000122070312,211.0800018310547,7774.0
48.68000030517578,211.8000030517578,7775.0
47.91999816894531,210.72000122070312,7776.0
49.0,49.400001525878906,7777.0
47.720001220703125,212.8800048828125,7778.0
47.959999084472656,214.32000732421875,7779.0
42.0,210.44000244140625,7780.0
49.36000061035156,214.0800018310547,7781.0
50.31999969482422,51.599998474121094,7782.0
43.08000183105469,209.9600067138672,7783.0
48.279998779296875,86.68000030517578,7784.0
208.83999633789062,46.31999969482422,7785.0
48.79999923706055,213.16000366210938,7786.0
49.52000045776367,209.1199951171875,7787.0
38.20000076293945,49.91999816894531,7788.0
49.400001525878906,49.20000076293945,7789.0
30.479999542236328,214.27999877929688,7790.0
36.880001068115234,49.52000045776367,7791.0
37.08000183105469,48.15999984741211,7792.0
37.08000183105469,49.959999084472656,7793.0
36.599998474121094,50.15999984741211,7794.0
48.560001373291016,49.040000915527344,7795.0
35.91999816894531,50.400001525878906,7796.0
35.2400016784668,50.7599983215332,7797.0
48.560001373291016,50.599998474121094,7798.0
50.31999969482422,51.040000915527344,7799.0
32.36000061035156,51.7599983215332,7800.0
49.68000030517578,211.63999938964844,7801.0
50.2400016784668,50.7599983215332,7802.0
200.83999633789062,47.880001068115234,7803.0
24.399999618530273,91.4800033569336,7804.0
47.68000030517578,114.27999877929688,7805.0
207.32000732421875,216.0800018310547,7806.0
29.68000030517578,107.08000183105469,7807.0
206.52000427246094,209.47999572753906,7808.0
192.52000427246094,209.63999938964844,7809.0
101.83999633789062,28.200000762939453,7810.0
208.75999450683594,208.72000122070312,7811.0
28.31999969482422,49.15999984741211,7812.0
20.760000228881836,214.9600067138672,7813.0
48.880001068115234,50.36000061035156,7814.0
19.239999771118164,48.720001220703125,7815.0
47.63999938964844,52.36000061035156,7816.0
46.439998626708984,215.1999969482422,7817.0
211.27999877929688,52.2400016784668,7818.0
46.47999954223633,216.24000549316406,7819.0
0.0,216.27999877929688,7820.0
46.040000915527344,216.24000549316406,7821.0
94.44000244140625,215.32000732421875,7822.0
184.0800018310547,216.75999450683594,7823.0
114.0,219.75999450683594,7824.0
35.560001373291016,216.83999633789062,7825.0
104.5199966430664,221.0,7826.0
36.2400016784668,52.2400016784668,7827.0
47.0,220.52000427246094,7828.0
48.599998474121094,49.31999969482422,7829.0
49.31999969482422,51.0,7830.0
204.0,219.75999450683594,7831.0
49.08000183105469,83.04000091552734,7832.0
46.31999969482422,211.8000030517578,7833.0
46.439998626708984,215.60000610351562,7834.0
39.119998931884766,67.44000244140625,7835.0
0.0,216.83999633789062,7836.0
48.20000076293945,211.1999969482422,7837.0
49.31999969482422,208.75999450683594,7838.0
48.880001068115234,48.880001068115234,7839.0
48.20000076293945,210.83999633789062,7840.0
48.720001220703125,63.560001373291016,7841.0
48.2400016784668,49.15999984741211,7842.0
50.040000915527344,57.959999084472656,7843.0
46.20000076293945,57.040000915527344,7844.0
196.36000061035156,146.32000732421875,7845.0
46.720001220703125,135.8800048828125,7846.0
100.5199966430664,100.83999633789062,7847.0
46.84000015258789,120.36000061035156,7848.0
47.84000015258789,48.040000915527344,7849.0
106.76000213623047,106.95999908447266,7850.0
204.1199951171875,57.599998474121094,7851.0
41.47999954223633,220.60000610351562,7852.0
24.719999313354492,214.47999572753906,7853.0
50.439998626708984,213.16000366210938,7854.0
47.63999938964844,217.8000030517578,7855.0
103.08000183105469,211.9600067138672,7856.0
103.72000122070312,125.19999694824219,7857.0
50.279998779296875,128.47999572753906,7858.0
29.520000457763672,50.31999969482422,7859.0
46.439998626708984,213.9199981689453,7860.0
48.20000076293945,217.72000122070312,7861.0
49.84000015258789,51.20000076293945,7862.0
43.720001220703125,218.1199951171875,7863.0
48.68000030517578,50.15999984741211,7864.0
42.599998474121094,50.599998474121094,7865.0
40.68000030517578,56.68000030517578,7866.0
50.040000915527344,56.47999954223633,7867.0
49.720001220703125,57.15999984741211,7868.0
213.1999969482422,78.44000244140625,7869.0
48.560001373291016,214.36000061035156,7870.0
50.040000915527344,215.63999938964844,7871.0
50.0,139.36000061035156,7872.0
211.44000244140625,211.44000244140625,7873.0
39.040000915527344,56.040000915527344,7874.0
47.2400016784668,215.63999938964844,7875.0
47.439998626708984,53.36000061035156,7876.0
45.52000045776367,50.439998626708984,7877.0
46.79999923706055,51.36000061035156,7878.0
46.52000045776367,217.1199951171875,7879.0
46.959999084472656,50.439998626708984,7880.0
46.91999816894531,218.39999389648438,7881.0
210.47999572753906,53.119998931884766,7882.0
48.400001525878906,216.39999389648438,7883.0
47.79999923706055,47.47999954223633,7884.0
48.68000030517578,215.63999938964844,7885.0
48.91999816894531,215.60000610351562,7886.0
48.84000015258789,206.75999450683594,7887.0
31.639999389648438,51.0,7888.0
35.880001068115234,51.08000183105469,7889.0
213.9600067138672,50.400001525878906,7890.0
36.52000045776367,215.27999877929688,7891.0
43.959999084472656,233.52000427246094,7892.0
41.63999938964844,215.9600067138672,7893.0
49.84000015258789,215.9199981689453,7894.0
40.959999084472656,216.36000061035156,7895.0
45.91999816894531,215.52000427246094,7896.0
210.67999267578125,216.67999267578125,7897.0
115.5999984741211,216.8000030517578,7898.0
37.79999923706055,109.19999694824219,7899.0
115.4000015258789,48.599998474121094,7900.0
43.7599983215332,59.47999954223633,7901.0
101.5199966430664,197.16000366210938,7902.0
48.08000183105469,212.44000244140625,7903.0
48.36000061035156,216.0399932861328,7904.0
40.040000915527344,48.36000061035156,7905.0
48.36000061035156,48.7599983215332,7906.0
48.52000045776367,50.040000915527344,7907.0
47.720001220703125,50.959999084472656,7908.0
47.63999938964844,213.0,7909.0
50.959999084472656,212.39999389648438,7910.0
47.720001220703125,217.8000030517578,7911.0
49.15999984741211,215.9199981689453,7912.0
43.63999938964844,43.79999923706055,7913.0
44.08000183105469,214.8800048828125,7914.0
43.7599983215332,50.720001220703125,7915.0
44.439998626708984,45.560001373291016,7916.0
41.959999084472656,210.75999450683594,7917.0
44.040000915527344,213.39999389648438,7918.0
42.91999816894531,70.12000274658203,7919.0
46.2400016784668,239.9600067138672,7920.0
44.08000183105469,44.599998474121094,7921.0
43.20000076293945,44.63999938964844,7922.0
48.2400016784668,235.47999572753906,7923.0
43.68000030517578,215.47999572753906,7924.0
41.79999923706055,48.400001525878906,7925.0
47.560001373291016,48.279998779296875,7926.0
48.68000030517578,49.0,7927.0
46.7599983215332,212.44000244140625,7928.0
47.31999969482422,221.60000610351562,7929.0
48.47999954223633,49.0,7930.0
48.7599983215332,80.31999969482422,7931.0
47.560001373291016,74.31999969482422,7932.0
49.84000015258789,51.560001373291016,7933.0
45.20000076293945,46.040000915527344,7934.0
48.36000061035156,210.39999389648438,7935.0
49.040000915527344,49.279998779296875,7936.0
49.2400016784668,50.279998779296875,7937.0
49.040000915527344,53.63999938964844,7938.0
201.27999877929688,218.9199981689453,7939.0
9.039999961853027,220.0,7940.0
25.639999389648438,215.9600067138672,7941.0
212.63999938964844,215.72000122070312,7942.0
47.959999084472656,48.20000076293945,7943.0
40.68000030517578,51.880001068115234,7944.0
100.19999694824219,219.9600067138672,7945.0
48.439998626708984,48.560001373291016,7946.0
41.31999969482422,52.08000183105469,7947.0
40.7599983215332,52.0,7948.0
214.0399932861328,237.72000122070312,7949.0
30.0,51.439998626708984,7950.0
50.439998626708984,51.599998474121094,7951.0
211.60000610351562,216.83999633789062,7952.0
48.439998626708984,212.55999755859375,7953.0
208.24000549316406,52.439998626708984,7954.0
23.079999923706055,211.55999755859375,7955.0
94.12000274658203,208.0399932861328,7956.0
209.83999633789062,210.0399932861328,7957.0
48.36000061035156,51.560001373291016,7958.0
210.63999938964844,117.0,7959.0
39.400001525878906,52.040000915527344,7960.0
49.0,218.0,7961.0
191.1199951171875,214.9600067138672,7962.0
46.63999938964844,47.560001373291016,7963.0
131.47999572753906,142.0,7964.0
48.880001068115234,49.52000045776367,7965.0
31.920000076293945,54.47999954223633,7966.0
48.36000061035156,54.599998474121094,7967.0
48.52000045776367,49.040000915527344,7968.0
47.560001373291016,112.4000015258789,7969.0
203.27999877929688,51.31999969482422,7970.0
194.0,4.119999885559082,7971.0
49.880001068115234,154.32000732421875,7972.0
236.75999450683594,154.36000061035156,7973.0
46.599998474121094,47.400001525878906,7974.0
102.12000274658203,48.91999816894531,7975.0
45.0,53.15999984741211,7976.0
46.959999084472656,47.52000045776367,7977.0
49.84000015258789,50.599998474121094,7978.0
51.880001068115234,52.15999984741211,7979.0
45.439998626708984,52.79999923706055,7980.0
92.5999984741211,92.55999755859375,7981.0
113.95999908447266,43.63999938964844,7982.0
52.31999969482422,54.400001525878906,7983.0
49.36000061035156,52.68000030517578,7984.0
43.63999938964844,43.400001525878906,7985.0
34.47999954223633,49.79999923706055,7986.0
205.8800048828125,52.20000076293945,7987.0
46.880001068115234,217.24000549316406,7988.0
51.400001525878906,52.599998474121094,7989.0
49.68000030517578,50.91999816894531,7990.0
14.0,50.20000076293945,7991.0
28.8799991607666,51.63999938964844,7992.0
49.31999969482422,51.720001220703125,7993.0
48.79999923706055,53.2400016784668,7994.0
26.719999313354492,52.08000183105469,7995.0
49.84000015258789,218.75999450683594,7996.0
214.8000030517578,136.8000030517578,7997.0
40.08000183105469,51.0,7998.0
49.400001525878906,51.119998931884766,7999.0
48.2400016784668,51.959999084472656,8000.0
37.959999084472656,53.880001068115234,8001.0
48.599998474121094,51.279998779296875,8002.0
48.79999923706055,51.560001373291016,8003.0
50.63999938964844,52.08000183105469,8004.0
45.0,134.1199951171875,8005.0
48.47999954223633,51.15999984741211,8006.0
134.1199951171875,216.24000549316406,8007.0
46.47999954223633,216.9199981689453,8008.0
38.84000015258789,50.599998474121094,8009.0
45.959999084472656,53.79999923706055,8010.0
46.52000045776367,53.2400016784668,8011.0
45.959999084472656,227.83999633789062,8012.0
187.60000610351562,49.279998779296875,8013.0
46.439998626708984,125.23999786376953,8014.0
186.63999938964844,215.55999755859375,8015.0
3.119999885559082,236.8000030517578,8016.0
201.0399932861328,201.72000122070312,8017.0
35.79999923706055,53.31999969482422,8018.0
48.720001220703125,49.7599983215332,8019.0
49.119998931884766,53.31999969482422,8020.0
42.68000030517578,53.08000183105469,8021.0
47.84000015258789,49.400001525878906,8022.0
49.36000061035156,53.31999969482422,8023.0
45.040000915527344,216.36000061035156,8024.0
110.5999984741211,121.36000061035156,8025.0
50.560001373291016,53.84000015258789,8026.0
209.47999572753906,53.560001373291016,8027.0
47.439998626708984,97.0,8028.0
105.31999969482422,105.12000274658203,8029.0
126.44000244140625,51.040000915527344,8030.0
33.959999084472656,51.279998779296875,8031.0
20.399999618530273,50.959999084472656,8032.0
49.08000183105469,49.560001373291016,8033.0
238.9600067138672,68.55999755859375,8034.0
44.560001373291016,108.5199966430664,8035.0
108.5199966430664,109.0,8036.0
48.880001068115234,150.0,8037.0
48.040000915527344,47.91999816894531,8038.0
20.520000457763672,20.719999313354492,8039.0
43.15999984741211,119.55999755859375,8040.0
41.63999938964844,92.0,8041.0
237.52000427246094,237.39999389648438,8042.0
48.68000030517578,227.63999938964844,8043.0
49.20000076293945,49.36000061035156,8044.0
40.959999084472656,53.68000030517578,8045.0
50.47999954223633,122.0,8046.0
50.0,146.63999938964844,8047.0
213.0800018310547,145.44000244140625,8048.0
216.16000366210938,235.52000427246094,8049.0
37.47999954223633,51.599998474121094,8050.0
49.959999084472656,50.2400016784668,8051.0
50.36000061035156,216.32000732421875,8052.0
46.31999969482422,56.20000076293945,8053.0
49.959999084472656,50.599998474121094,8054.0
48.91999816894531,49.7599983215332,8055.0
48.7599983215332,73.63999938964844,8056.0
49.959999084472656,50.599998474121094,8057.0
49.0,82.55999755859375,8058.0
49.63999938964844,68.87999725341797,8059.0
51.2400016784668,51.2400016784668,8060.0
96.72000122070312,215.0,8061.0
49.47999954223633,105.08000183105469,8062.0
0.0,227.9600067138672,8063.0
48.439998626708984,69.68000030517578,8064.0
47.36000061035156,216.8800048828125,8065.0
32.040000915527344,57.84000015258789,8066.0
5.0,133.47999572753906,8067.0
48.560001373291016,138.63999938964844,8068.0
216.0399932861328,47.47999954223633,8069.0
115.63999938964844,129.47999572753906,8070.0
30.239999771118164,53.91999816894531,8071.0
129.8000030517578,130.9199981689453,8072.0
44.15999984741211,129.63999938964844,8073.0
47.119998931884766,47.720001220703125,8074.0
63.279998779296875,227.44000244140625,8075.0
50.31999969482422,52.68000030517578,8076.0
48.599998474121094,206.83999633789062,8077.0
149.16000366210938,149.9600067138672,8078.0
49.84000015258789,67.4000015258789,8079.0
187.67999267578125,78.44000244140625,8080.0
49.31999969482422,109.16000366210938,8081.0
214.8000030517578,216.36000061035156,8082.0
82.5999984741211,107.95999908447266,8083.0
196.24000549316406,215.8000030517578,8084.0
100.08000183105469,211.8000030517578,8085.0
48.560001373291016,215.8000030517578,8086.0
103.08000183105469,230.16000366210938,8087.0
118.27999877929688,213.0,8088.0
50.119998931884766,53.52000045776367,8089.0
119.23999786376953,119.4800033569336,8090.0
49.63999938964844,50.63999938964844,8091.0
43.880001068115234,73.23999786376953,8092.0
54.0,54.15999984741211,8093.0
53.20000076293945,53.84000015258789,8094.0
137.39999389648438,137.52000427246094,8095.0
159.72000122070312,160.44000244140625,8096.0
55.400001525878906,72.44000244140625,8097.0
74.5999984741211,217.8000030517578,8098.0
43.2400016784668,95.27999877929688,8099.0
48.880001068115234,0.0,8100.0
28.639999389648438,230.9600067138672,8101.0
49.36000061035156,69.0,8102.0
159.9600067138672,68.27999877929688,8103.0
65.80000305175781,155.39999389648438,8104.0
51.560001373291016,66.5199966430664,8105.0
106.27999877929688,205.0399932861328,8106.0
50.08000183105469,64.19999694824219,8107.0
195.44000244140625,196.32000732421875,8108.0
104.4800033569336,158.1199951171875,8109.0
46.68000030517578,47.31999969482422,8110.0
48.2400016784668,48.47999954223633,8111.0
91.55999755859375,237.83999633789062,8112.0
85.0,50.400001525878906,8113.0
46.0,156.55999755859375,8114.0
88.5199966430664,88.76000213623047,8115.0
47.20000076293945,211.8000030517578,8116.0
208.39999389648438,210.52000427246094,8117.0
53.63999938964844,110.87999725341797,8118.0
46.84000015258789,204.16000366210938,8119.0
46.47999954223633,201.39999389648438,8120.0
203.60000610351562,45.279998779296875,8121.0
50.36000061035156,85.5999984741211,8122.0
36.52000045776367,53.0,8123.0
87.31999969482422,228.9600067138672,8124.0
50.31999969482422,52.84000015258789,8125.0
200.47999572753906,51.880001068115234,8126.0
214.9600067138672,228.55999755859375,8127.0
41.36000061035156,65.12000274658203,8128.0
112.36000061035156,112.63999938964844,8129.0
42.599998474121094,63.0,8130.0
41.15999984741211,75.91999816894531,8131.0
202.8800048828125,205.55999755859375,8132.0
205.52000427246094,206.1199951171875,8133.0
49.08000183105469,48.84000015258789,8134.0
48.599998474121094,123.68000030517578,8135.0
45.36000061035156,210.0800018310547,8136.0
210.8000030517578,105.76000213623047,8137.0
38.279998779296875,56.15999984741211,8138.0
134.1199951171875,210.39999389648438,8139.0
210.16000366210938,211.47999572753906,8140.0
50.279998779296875,52.7599983215332,8141.0
41.63999938964844,239.27999877929688,8142.0
210.36000061035156,211.16000366210938,8143.0
44.0,52.08000183105469,8144.0
43.720001220703125,48.040000915527344,8145.0
48.959999084472656,50.720001220703125,8146.0
40.720001220703125,219.16000366210938,8147.0
47.599998474121094,47.720001220703125,8148.0
42.68000030517578,144.16000366210938,8149.0
49.279998779296875,216.27999877929688,8150.0
48.79999923706055,57.63999938964844,8151.0
49.2400016784668,49.08000183105469,8152.0
50.63999938964844,51.279998779296875,8153.0
48.52000045776367,217.39999389648438,8154.0
108.87999725341797,123.4000015258789,8155.0
53.36000061035156,69.44000244140625,8156.0
52.36000061035156,140.83999633789062,8157.0
126.16000366210938,141.24000549316406,8158.0
49.040000915527344,96.4000015258789,8159.0
30.8799991607666,32.52000045776367,8160.0
191.60000610351562,215.55999755859375,8161.0
204.52000427246094,214.47999572753906,8162.0
49.63999938964844,0.0,8163.0
49.439998626708984,134.83999633789062,8164.0
204.1199951171875,126.5999984741211,8165.0
41.36000061035156,57.68000030517578,8166.0
128.39999389648438,149.72000122070312,8167.0
43.880001068115234,57.959999084472656,8168.0
42.47999954223633,150.1199951171875,8169.0
41.31999969482422,57.400001525878906,8170.0
228.44000244140625,229.39999389648438,8171.0
42.15999984741211,50.47999954223633,8172.0
46.7599983215332,139.55999755859375,8173.0
123.55999755859375,50.31999969482422,8174.0
63.720001220703125,51.36000061035156,8175.0
53.040000915527344,63.7599983215332,8176.0
201.8800048828125,227.0800018310547,8177.0
122.83999633789062,123.31999969482422,8178.0
210.16000366210938,64.4000015258789,8179.0
81.63999938964844,63.7599983215332,8180.0
238.52000427246094,239.9600067138672,8181.0
97.63999938964844,116.31999969482422,8182.0
49.0,49.040000915527344,8183.0
49.31999969482422,110.12000274658203,8184.0
51.279998779296875,121.16000366210938,8185.0
103.4000015258789,52.599998474121094,8186.0
179.67999267578125,200.36000061035156,8187.0
146.0,51.720001220703125,8188.0
139.9199981689453,140.39999389648438,8189.0
100.44000244140625,118.68000030517578,8190.0
134.36000061035156,152.75999450683594,8191.0
197.44000244140625,125.91999816894531,8192.0
118.95999908447266,118.87999725341797,8193.0
134.55999755859375,134.24000549316406,8194.0
100.87999725341797,72.72000122070312,8195.0
45.15999984741211,59.119998931884766,8196.0
39.720001220703125,212.1199951171875,8197.0
185.67999267578125,109.80000305175781,8198.0
39.720001220703125,230.8000030517578,8199.0
77.83999633789062,78.19999694824219,8200.0
199.39999389648438,141.67999267578125,8201.0
36.20000076293945,57.20000076293945,8202.0
39.560001373291016,172.83999633789062,8203.0
195.32000732421875,7.0,8204.0
36.400001525878906,203.72000122070312,8205.0
35.720001220703125,49.79999923706055,8206.0
33.63999938964844,122.95999908447266,8207.0
237.67999267578125,237.9600067138672,8208.0
45.040000915527344,220.1199951171875,8209.0
34.68000030517578,221.55999755859375,8210.0
28.520000457763672,52.599998474121094,8211.0
202.63999938964844,203.0800018310547,8212.0
47.79999923706055,217.8800048828125,8213.0
217.44000244140625,217.72000122070312,8214.0
4.679999828338623,52.560001373291016,8215.0
49.31999969482422,49.84000015258789,8216.0
195.0,52.08000183105469,8217.0
34.599998474121094,195.9600067138672,8218.0
194.47999572753906,217.8800048828125,8219.0
51.439998626708984,52.400001525878906,8220.0
5.880000114440918,46.040000915527344,8221.0
17.31999969482422,216.8800048828125,8222.0
210.60000610351562,212.75999450683594,8223.0
99.55999755859375,239.9600067138672,8224.0
190.8000030517578,237.63999938964844,8225.0
206.9199981689453,208.52000427246094,8226.0
0.0,1.6399999856948853,8227.0
112.19999694824219,0.0,8228.0
0.0,21.079999923706055,8229.0
21.639999389648438,52.2400016784668,8230.0
48.84000015258789,50.68000030517578,8231.0
47.720001220703125,213.32000732421875,8232.0
211.27999877929688,212.83999633789062,8233.0
49.040000915527344,213.0800018310547,8234.0
43.880001068115234,208.67999267578125,8235.0
46.15999984741211,215.0399932861328,8236.0
42.2400016784668,236.0800018310547,8237.0
41.31999969482422,42.08000183105469,8238.0
50.47999954223633,52.560001373291016,8239.0
42.31999969482422,210.1999969482422,8240.0
40.68000030517578,212.36000061035156,8241.0
198.0,214.63999938964844,8242.0
50.400001525878906,211.39999389648438,8243.0
35.91999816894531,51.52000045776367,8244.0
52.20000076293945,51.959999084472656,8245.0
99.16000366210938,120.19999694824219,8246.0
187.1199951171875,209.39999389648438,8247.0
49.79999923706055,50.15999984741211,8248.0
34.279998779296875,196.75999450683594,8249.0
44.20000076293945,58.79999923706055,8250.0
48.52000045776367,211.0800018310547,8251.0
50.400001525878906,126.63999938964844,8252.0
47.79999923706055,125.87999725341797,8253.0
47.560001373291016,51.400001525878906,8254.0
47.720001220703125,214.24000549316406,8255.0
44.880001068115234,213.75999450683594,8256.0
21.239999771118164,0.0,8257.0
20.959999084472656,48.2400016784668,8258.0
92.19999694824219,52.52000045776367,8259.0
48.68000030517578,93.08000183105469,8260.0
21.0,214.8000030517578,8261.0
174.52000427246094,216.24000549316406,8262.0
20.1200008392334,51.400001525878906,8263.0
49.08000183105469,51.0,8264.0
0.0,51.040000915527344,8265.0
212.55999755859375,214.0800018310547,8266.0
212.75999450683594,214.52000427246094,8267.0
49.08000183105469,214.1999969482422,8268.0
48.63999938964844,213.47999572753906,8269.0
49.040000915527344,49.720001220703125,8270.0
49.52000045776367,52.31999969482422,8271.0
49.52000045776367,211.47999572753906,8272.0
49.0,210.83999633789062,8273.0
50.119998931884766,50.91999816894531,8274.0
48.040000915527344,210.52000427246094,8275.0
48.08000183105469,210.55999755859375,8276.0
157.8000030517578,206.9600067138672,8277.0
46.7599983215332,50.84000015258789,8278.0
47.68000030517578,207.63999938964844,8279.0
45.84000015258789,211.83999633789062,8280.0
46.7599983215332,207.63999938964844,8281.0
48.7599983215332,51.79999923706055,8282.0
39.720001220703125,211.32000732421875,8283.0
0.0,214.36000061035156,8284.0
39.880001068115234,55.400001525878906,8285.0
39.08000183105469,54.31999969482422,8286.0
185.52000427246094,213.9600067138672,8287.0
44.91999816894531,45.279998779296875,8288.0
43.720001220703125,216.0399932861328,8289.0
36.36000061035156,213.39999389648438,8290.0
45.52000045776367,211.0800018310547,8291.0
47.15999984741211,52.08000183105469,8292.0
49.15999984741211,210.52000427246094,8293.0
48.720001220703125,210.75999450683594,8294.0
48.52000045776367,50.31999969482422,8295.0
49.84000015258789,50.599998474121094,8296.0
209.83999633789062,51.31999969482422,8297.0
48.15999984741211,211.36000061035156,8298.0
207.75999450683594,209.52000427246094,8299.0
48.7599983215332,50.119998931884766,8300.0
6.320000171661377,214.63999938964844,8301.0
49.880001068115234,50.84000015258789,8302.0
5.800000190734863,48.599998474121094,8303.0
45.31999969482422,50.15999984741211,8304.0
45.68000030517578,211.8800048828125,8305.0
47.79999923706055,79.76000213623047,8306.0
47.31999969482422,235.63999938964844,8307.0
48.08000183105469,107.95999908447266,8308.0
211.1199951171875,234.8800048828125,8309.0
47.91999816894531,47.720001220703125,8310.0
49.0,99.63999938964844,8311.0
168.67999267578125,181.39999389648438,8312.0
87.83999633789062,88.36000061035156,8313.0
48.119998931884766,48.400001525878906,8314.0
41.959999084472656,48.400001525878906,8315.0
47.720001220703125,48.119998931884766,8316.0
48.36000061035156,48.47999954223633,8317.0
49.119998931884766,211.27999877929688,8318.0
92.83999633789062,211.8000030517578,8319.0
238.9600067138672,239.9600067138672,8320.0
1.8799999952316284,228.47999572753906,8321.0
37.79999923706055,52.2400016784668,8322.0
46.119998931884766,47.68000030517578,8323.0
47.279998779296875,215.47999572753906,8324.0
49.2400016784668,211.0,8325.0
44.91999816894531,52.08000183105469,8326.0
45.599998474121094,53.47999954223633,8327.0
203.75999450683594,220.9199981689453,8328.0
44.08000183105469,62.560001373291016,8329.0
177.32000732421875,119.4000015258789,8330.0
48.47999954223633,51.52000045776367,8331.0
47.91999816894531,135.60000610351562,8332.0
45.84000015258789,54.0,8333.0
48.20000076293945,49.040000915527344,8334.0
35.08000183105469,209.47999572753906,8335.0
108.44000244140625,127.68000030517578,8336.0
35.0,227.32000732421875,8337.0
48.880001068115234,51.400001525878906,8338.0
48.439998626708984,87.12000274658203,8339.0
213.83999633789062,236.27999877929688,8340.0
49.959999084472656,214.39999389648438,8341.0
38.119998931884766,136.83999633789062,8342.0
49.31999969482422,49.31999969482422,8343.0
38.63999938964844,39.15999984741211,8344.0
50.08000183105469,214.32000732421875,8345.0
48.52000045776367,49.20000076293945,8346.0
44.7599983215332,206.0399932861328,8347.0
48.720001220703125,97.55999755859375,8348.0
122.76000213623047,133.8800048828125,8349.0
48.84000015258789,49.959999084472656,8350.0
203.1199951171875,49.040000915527344,8351.0
30.31999969482422,47.0,8352.0
48.68000030517578,49.47999954223633,8353.0
31.1200008392334,47.63999938964844,8354.0
98.80000305175781,120.36000061035156,8355.0
49.040000915527344,218.72000122070312,8356.0
100.04000091552734,120.12000274658203,8357.0
118.5999984741211,119.08000183105469,8358.0
33.959999084472656,53.20000076293945,8359.0
4.760000228881836,218.44000244140625,8360.0
42.91999816894531,218.52000427246094,8361.0
43.52000045776367,220.24000549316406,8362.0
46.279998779296875,119.5199966430664,8363.0
48.400001525878906,48.560001373291016,8364.0
46.63999938964844,46.880001068115234,8365.0
47.720001220703125,215.1199951171875,8366.0
46.400001525878906,120.44000244140625,8367.0
39.47999954223633,117.27999877929688,8368.0
49.560001373291016,52.119998931884766,8369.0
49.0,49.7599983215332,8370.0
49.0,82.27999877929688,8371.0
47.599998474121094,82.23999786376953,8372.0
47.400001525878906,48.7599983215332,8373.0
47.0,48.47999954223633,8374.0
36.720001220703125,51.84000015258789,8375.0
30.280000686645508,213.72000122070312,8376.0
172.39999389648438,213.24000549316406,8377.0
38.560001373291016,56.20000076293945,8378.0
41.47999954223633,55.47999954223633,8379.0
39.08000183105469,213.8800048828125,8380.0
46.91999816894531,0.0,8381.0
47.720001220703125,215.9199981689453,8382.0
99.23999786376953,54.31999969482422,8383.0
48.119998931884766,48.119998931884766,8384.0
48.7599983215332,209.8000030517578,8385.0
47.720001220703125,110.55999755859375,8386.0
47.36000061035156,50.15999984741211,8387.0
48.400001525878906,49.47999954223633,8388.0
47.2400016784668,215.55999755859375,8389.0
48.08000183105469,50.63999938964844,8390.0
48.880001068115234,51.15999984741211,8391.0
32.400001525878906,52.599998474121094,8392.0
47.91999816894531,52.400001525878906,8393.0
49.52000045776367,145.83999633789062,8394.0
47.08000183105469,53.0,8395.0
46.7599983215332,212.60000610351562,8396.0
50.439998626708984,63.36000061035156,8397.0
199.83999633789062,53.36000061035156,8398.0
41.79999923706055,126.27999877929688,8399.0
4.400000095367432,122.0,8400.0
49.84000015258789,49.79999923706055,8401.0
48.52000045776367,220.72000122070312,8402.0
4.440000057220459,3.0,8403.0
47.720001220703125,123.91999816894531,8404.0
3.7200000286102295,50.63999938964844,8405.0
47.720001220703125,48.119998931884766,8406.0
47.560001373291016,123.4000015258789,8407.0
44.20000076293945,140.27999877929688,8408.0
209.52000427246094,209.63999938964844,8409.0
202.8000030517578,218.24000549316406,8410.0
36.36000061035156,56.400001525878906,8411.0
46.31999969482422,108.87999725341797,8412.0
37.15999984741211,73.04000091552734,8413.0
44.880001068115234,98.91999816894531,8414.0
47.2400016784668,47.720001220703125,8415.0
97.95999908447266,171.27999877929688,8416.0
45.68000030517578,215.8800048828125,8417.0
9.640000343322754,11.359999656677246,8418.0
236.1999969482422,170.60000610351562,8419.0
10.15999984741211,91.4800033569336,8420.0
72.23999786376953,90.4000015258789,8421.0
90.23999786376953,53.040000915527344,8422.0
35.63999938964844,52.279998779296875,8423.0
0.0,0.0,8424.0
48.880001068115234,96.4000015258789,8425.0
143.32000732421875,143.8000030517578,8426.0
42.599998474121094,211.47999572753906,8427.0
48.79999923706055,49.0,8428.0
202.63999938964844,211.39999389648438,8429.0
105.95999908447266,106.27999877929688,8430.0
40.439998626708984,58.52000045776367,8431.0
42.52000045776367,60.040000915527344,8432.0
238.47999572753906,134.47999572753906,8433.0
58.0,93.83999633789062,8434.0
48.36000061035156,89.08000183105469,8435.0
116.5199966430664,116.4000015258789,8436.0
130.44000244140625,161.8800048828125,8437.0
47.880001068115234,210.72000122070312,8438.0
146.32000732421875,164.16000366210938,8439.0
92.83999633789062,217.8000030517578,8440.0
29.719999313354492,48.20000076293945,8441.0
237.8800048828125,237.8800048828125,8442.0
47.720001220703125,51.599998474121094,8443.0
38.79999923706055,58.119998931884766,8444.0
205.32000732421875,49.040000915527344,8445.0
47.400001525878906,47.560001373291016,8446.0
239.16000366210938,130.27999877929688,8447.0
47.68000030517578,107.04000091552734,8448.0
24.399999618530273,46.439998626708984,8449.0
43.0,87.31999969482422,8450.0
0.0,107.68000030517578,8451.0
127.5999984741211,144.83999633789062,8452.0
109.19999694824219,207.32000732421875,8453.0
238.47999572753906,108.83999633789062,8454.0
102.36000061035156,0.0,8455.0
103.72000122070312,140.8800048828125,8456.0
23.639999389648438,43.599998474121094,8457.0
41.0,180.83999633789062,8458.0
237.55999755859375,237.60000610351562,8459.0
40.63999938964844,204.0,8460.0
24.8799991607666,50.31999969482422,8461.0
39.880001068115234,40.0,8462.0
96.55999755859375,201.8800048828125,8463.0
47.52000045776367,52.599998474121094,8464.0
53.52000045776367,221.32000732421875,8465.0
47.599998474121094,48.119998931884766,8466.0
48.040000915527344,48.52000045776367,8467.0
37.15999984741211,237.67999267578125,8468.0
85.0,124.5199966430664,8469.0
38.0,38.47999954223633,8470.0
97.95999908447266,124.5999984741211,8471.0
84.55999755859375,139.0800018310547,8472.0
46.279998779296875,81.72000122070312,8473.0
88.91999816894531,129.0399932861328,8474.0
43.400001525878906,44.20000076293945,8475.0
36.279998779296875,50.47999954223633,8476.0
34.7599983215332,49.63999938964844,8477.0
36.560001373291016,59.400001525878906,8478.0
49.68000030517578,69.0,8479.0
36.439998626708984,36.47999954223633,8480.0
46.7599983215332,70.04000091552734,8481.0
0.0,0.0,8482.0
48.2400016784668,48.400001525878906,8483.0
125.16000366210938,153.67999267578125,8484.0
35.2400016784668,48.63999938964844,8485.0
169.16000366210938,181.72000122070312,8486.0
13.680000305175781,59.31999969482422,8487.0
0.0,5.880000114440918,8488.0
32.2400016784668,49.959999084472656,8489.0
47.560001373291016,48.15999984741211,8490.0
42.959999084472656,83.55999755859375,8491.0
48.040000915527344,48.439998626708984,8492.0
207.44000244140625,224.52000427246094,8493.0
11.600000381469727,118.12000274658203,8494.0
165.75999450683594,171.72000122070312,8495.0
9.039999961853027,13.079999923706055,8496.0
49.15999984741211,115.55999755859375,8497.0
41.20000076293945,62.279998779296875,8498.0
116.19999694824219,151.24000549316406,8499.0
48.68000030517578,210.0,8500.0
41.63999938964844,49.52000045776367,8501.0
49.0,49.040000915527344,8502.0
40.08000183105469,235.83999633789062,8503.0
49.040000915527344,210.60000610351562,8504.0
216.8800048828125,217.16000366210938,8505.0
40.52000045776367,235.9600067138672,8506.0
35.880001068115234,94.55999755859375,8507.0
37.20000076293945,37.400001525878906,8508.0
236.0800018310547,236.52000427246094,8509.0
36.400001525878906,61.68000030517578,8510.0
38.15999984741211,38.63999938964844,8511.0
46.36000061035156,49.279998779296875,8512.0
48.279998779296875,50.20000076293945,8513.0
34.599998474121094,233.36000061035156,8514.0
48.040000915527344,51.560001373291016,8515.0
205.1999969482422,49.47999954223633,8516.0
34.36000061035156,233.36000061035156,8517.0
47.36000061035156,82.91999816894531,8518.0
33.0,155.16000366210938,8519.0
33.959999084472656,63.880001068115234,8520.0
231.9600067138672,234.0800018310547,8521.0
3.2799999713897705,48.400001525878906,8522.0
4.920000076293945,5.0,8523.0
50.040000915527344,50.68000030517578,8524.0
48.20000076293945,48.7599983215332,8525.0
49.0,49.959999084472656,8526.0
40.119998931884766,57.959999084472656,8527.0
196.0,216.24000549316406,8528.0
238.83999633789062,239.9600067138672,8529.0
