p_pick_sec,s_pick_sec,denoised_channels
111.4000015258789,113.0,0.0
110.76000213623048,111.72000122070312,1.0
110.91999816894533,113.8000030517578,2.0
0.0,113.36000061035156,3.0
0.0,239.9600067138672,4.0
81.31999969482422,239.9600067138672,5.0
81.95999908447266,239.9600067138672,6.0
123.08000183105467,130.0,7.0
73.76000213623047,1.7200000286102295,8.0
81.16000366210938,87.63999938964844,9.0
32.52000045776367,87.5199966430664,10.0
25.959999084472656,87.44000244140625,11.0
237.3600006103516,239.9600067138672,12.0
24.68000030517578,87.44000244140625,13.0
62.08000183105469,239.9600067138672,14.0
62.119998931884766,87.12000274658203,15.0
61.79999923706055,72.19999694824219,16.0
79.63999938964844,72.08000183105469,17.0
62.560001373291016,71.4800033569336,18.0
62.0,64.4000015258789,19.0
79.36000061035156,64.68000030517578,20.0
138.8000030517578,86.16000366210938,21.0
139.0800018310547,87.4000015258789,22.0
62.84000015258789,87.4000015258789,23.0
62.7599983215332,87.4000015258789,24.0
86.63999938964844,87.23999786376953,25.0
61.959999084472656,87.27999877929688,26.0
86.36000061035156,86.87999725341797,27.0
86.19999694824219,87.08000183105469,28.0
86.4800033569336,87.23999786376953,29.0
68.5199966430664,86.87999725341797,30.0
88.36000061035156,86.55999755859375,31.0
68.5199966430664,80.4800033569336,32.0
61.720001220703125,83.55999755859375,33.0
61.47999954223633,81.55999755859375,34.0
61.47999954223633,79.63999938964844,35.0
61.20000076293945,70.76000213623047,36.0
61.15999984741211,70.76000213623047,37.0
61.959999084472656,232.3999938964844,38.0
60.91999816894531,82.91999816894531,39.0
107.23999786376952,62.7599983215332,40.0
145.9600067138672,62.20000076293945,41.0
139.1199951171875,83.12000274658203,42.0
119.72000122070312,62.43999862670898,43.0
120.36000061035156,62.880001068115234,44.0
122.95999908447266,63.119998931884766,45.0
41.20000076293945,239.9600067138672,46.0
32.040000915527344,62.20000076293945,47.0
62.27999877929688,62.20000076293945,48.0
61.20000076293945,62.119998931884766,49.0
61.79999923706055,61.79999923706055,50.0
61.720001220703125,62.20000076293945,51.0
61.59999847412109,61.84000015258789,52.0
61.47999954223633,99.36000061035156,53.0
60.68000030517578,99.27999877929688,54.0
60.47999954223633,99.68000030517578,55.0
60.59999847412109,60.560001373291016,56.0
61.68000030517578,60.560001373291016,57.0
60.91999816894531,115.0,58.0
60.68000030517578,115.31999969482422,59.0
41.31999969482422,102.83999633789062,60.0
61.27999877929688,143.24000549316406,61.0
61.31999969482422,143.0800018310547,62.0
61.27999877929688,112.55999755859376,63.0
60.31999969482422,115.04000091552734,64.0
60.43999862670898,170.27999877929688,65.0
59.119998931884766,115.87999725341795,66.0
58.959999084472656,174.1199951171875,67.0
58.47999954223633,114.1999969482422,68.0
58.08000183105469,174.55999755859375,69.0
58.720001220703125,62.31999969482422,70.0
58.880001068115234,111.5199966430664,71.0
59.400001525878906,175.63999938964844,72.0
59.119998931884766,62.43999862670898,73.0
60.68000030517578,175.72000122070312,74.0
59.43999862670898,175.44000244140625,75.0
61.15999984741211,174.8000030517578,76.0
58.119998931884766,174.52000427246094,77.0
233.2400054931641,174.27999877929688,78.0
44.400001525878906,174.39999389648438,79.0
59.20000076293945,173.39999389648438,80.0
37.15999984741211,173.44000244140625,81.0
226.0800018310547,174.1199951171875,82.0
168.27999877929688,173.32000732421875,83.0
62.880001068115234,173.8000030517578,84.0
60.20000076293945,172.1199951171875,85.0
64.68000030517578,174.0800018310547,86.0
58.119998931884766,56.68000030517578,87.0
107.4000015258789,55.560001373291016,88.0
50.0,56.119998931884766,89.0
48.36000061035156,58.52000045776367,90.0
47.880001068115234,169.8000030517578,91.0
45.84000015258789,56.0,92.0
1.8799999952316284,55.47999954223633,93.0
2.319999933242798,55.15999984741211,94.0
39.7599983215332,165.9600067138672,95.0
42.31999969482422,169.0800018310547,96.0
34.599998474121094,59.59999847412109,97.0
38.84000015258789,56.959999084472656,98.0
35.2400016784668,55.84000015258789,99.0
31.399999618530277,57.040000915527344,100.0
33.63999938964844,56.47999954223633,101.0
30.920000076293945,57.68000030517578,102.0
0.0,168.44000244140625,103.0
104.68000030517578,57.040000915527344,104.0
32.68000030517578,188.63999938964844,105.0
104.04000091552734,58.119998931884766,106.0
99.08000183105467,188.32000732421875,107.0
63.08000183105469,58.7599983215332,108.0
121.68000030517578,74.63999938964844,109.0
117.1999969482422,115.5999984741211,110.0
118.12000274658205,75.08000183105469,111.0
114.5999984741211,74.63999938964844,112.0
109.1999969482422,73.04000091552734,113.0
111.8000030517578,171.72000122070312,114.0
175.44000244140625,74.16000366210938,115.0
111.72000122070312,73.80000305175781,116.0
106.27999877929688,115.0,117.0
0.0,63.47999954223633,118.0
64.63999938964844,64.04000091552734,119.0
62.79999923706055,63.68000030517578,120.0
60.959999084472656,63.560001373291016,121.0
59.959999084472656,64.55999755859375,122.0
59.79999923706055,0.0,123.0
58.27999877929688,55.2400016784668,124.0
58.27999877929688,94.16000366210938,125.0
58.7599983215332,54.040000915527344,126.0
56.79999923706055,94.87999725341795,127.0
53.0,53.0,128.0
48.720001220703125,64.72000122070312,129.0
48.20000076293945,64.4000015258789,130.0
144.24000549316406,64.12000274658203,131.0
138.27999877929688,73.72000122070312,132.0
139.55999755859375,202.44000244140625,133.0
63.400001525878906,54.36000061035156,134.0
224.5200042724609,63.560001373291016,135.0
133.8800048828125,53.560001373291016,136.0
71.44000244140625,74.44000244140625,137.0
70.80000305175781,63.880001068115234,138.0
69.04000091552734,239.9600067138672,139.0
235.2400054931641,64.4000015258789,140.0
62.2400016784668,239.9600067138672,141.0
61.119998931884766,61.63999938964844,142.0
229.5200042724609,54.27999877929688,143.0
57.31999969482422,60.27999877929688,144.0
54.27999877929688,58.20000076293945,145.0
51.7599983215332,201.8000030517578,146.0
48.79999923706055,157.0,147.0
48.040000915527344,129.72000122070312,148.0
45.79999923706055,58.43999862670898,149.0
42.91999816894531,129.72000122070312,150.0
127.87999725341795,130.0,151.0
124.55999755859376,66.95999908447266,152.0
63.79999923706055,68.76000213623047,153.0
122.4000015258789,67.68000030517578,154.0
120.68000030517578,66.16000366210938,155.0
63.720001220703125,66.63999938964844,156.0
103.4000015258789,65.83999633789062,157.0
35.2400016784668,64.72000122070312,158.0
63.560001373291016,65.83999633789062,159.0
62.59999847412109,65.04000091552734,160.0
62.43999862670898,66.0,161.0
60.720001220703125,64.63999938964844,162.0
33.959999084472656,65.95999908447266,163.0
134.0,65.63999938964844,164.0
24.68000030517578,64.36000061035156,165.0
63.47999954223633,63.47999954223633,166.0
62.7599983215332,64.5199966430664,167.0
20.8799991607666,82.5199966430664,168.0
64.04000091552734,63.720001220703125,169.0
62.0,106.1999969482422,170.0
63.52000045776367,102.5199966430664,171.0
119.91999816894533,64.36000061035156,172.0
62.08000183105469,64.16000366210938,173.0
61.2400016784668,64.44000244140625,174.0
61.63999938964844,64.72000122070312,175.0
59.2400016784668,64.4800033569336,176.0
62.79999923706055,65.68000030517578,177.0
57.31999969482422,105.5199966430664,178.0
57.959999084472656,64.4000015258789,179.0
226.1199951171875,64.83999633789062,180.0
53.63999938964844,66.76000213623047,181.0
50.63999938964844,71.91999816894531,182.0
67.44000244140625,63.59999847412109,183.0
61.15999984741211,71.36000061035156,184.0
61.880001068115234,64.4000015258789,185.0
63.400001525878906,64.76000213623047,186.0
21.63999938964844,63.79999923706055,187.0
62.43999862670898,63.15999984741211,188.0
58.119998931884766,82.5199966430664,189.0
88.68000030517578,63.560001373291016,190.0
168.52000427246094,82.68000030517578,191.0
31.0,82.23999786376953,192.0
38.880001068115234,81.91999816894531,193.0
37.59999847412109,82.36000061035156,194.0
79.72000122070312,81.44000244140625,195.0
223.9199981689453,82.63999938964844,196.0
0.0,82.23999786376953,197.0
0.0,81.5999984741211,198.0
220.2400054931641,81.19999694824219,199.0
63.400001525878906,83.4800033569336,200.0
61.31999969482422,95.5999984741211,201.0
62.59999847412109,96.12000274658205,202.0
62.36000061035156,96.27999877929688,203.0
61.79999923706055,97.1999969482422,204.0
61.040000915527344,94.8000030517578,205.0
60.52000045776367,96.12000274658205,206.0
60.59999847412109,239.9600067138672,207.0
60.400001525878906,239.9600067138672,208.0
61.27999877929688,239.9600067138672,209.0
60.720001220703125,239.9600067138672,210.0
57.2400016784668,239.9600067138672,211.0
58.43999862670898,63.31999969482422,212.0
61.15999984741211,237.67999267578125,213.0
61.040000915527344,239.9600067138672,214.0
62.36000061035156,63.720001220703125,215.0
61.119998931884766,64.95999908447266,216.0
60.7599983215332,65.63999938964844,217.0
61.43999862670898,64.80000305175781,218.0
61.400001525878906,65.4800033569336,219.0
61.560001373291016,64.83999633789062,220.0
60.36000061035156,64.44000244140625,221.0
61.36000061035156,64.44000244140625,222.0
61.15999984741211,64.4000015258789,223.0
61.15999984741211,76.95999908447266,224.0
61.400001525878906,64.36000061035156,225.0
61.040000915527344,64.36000061035156,226.0
60.7599983215332,64.19999694824219,227.0
59.79999923706055,64.12000274658203,228.0
61.68000030517578,64.36000061035156,229.0
59.720001220703125,239.9600067138672,230.0
61.47999954223633,239.9600067138672,231.0
61.119998931884766,64.27999877929688,232.0
59.79999923706055,239.9600067138672,233.0
59.52000045776367,239.9600067138672,234.0
60.20000076293945,239.9600067138672,235.0
60.08000183105469,239.9600067138672,236.0
60.52000045776367,72.68000030517578,237.0
61.15999984741211,72.4800033569336,238.0
61.20000076293945,72.63999938964844,239.0
61.20000076293945,72.63999938964844,240.0
61.27999877929688,72.72000122070312,241.0
60.36000061035156,72.76000213623047,242.0
60.560001373291016,224.5200042724609,243.0
59.880001068115234,72.5999984741211,244.0
60.720001220703125,72.16000366210938,245.0
60.52000045776367,72.4000015258789,246.0
61.15999984741211,72.0,247.0
61.15999984741211,72.08000183105469,248.0
60.68000030517578,72.12000274658203,249.0
60.36000061035156,71.83999633789062,250.0
61.08000183105469,71.44000244140625,251.0
60.400001525878906,227.44000244140625,252.0
60.27999877929688,71.19999694824219,253.0
59.880001068115234,227.9600067138672,254.0
60.52000045776367,227.9600067138672,255.0
60.27999877929688,103.4800033569336,256.0
60.59999847412109,68.31999969482422,257.0
60.52000045776367,68.23999786376953,258.0
59.68000030517578,67.55999755859375,259.0
59.560001373291016,67.5199966430664,260.0
59.880001068115234,63.2400016784668,261.0
60.119998931884766,63.27999877929688,262.0
60.040000915527344,63.400001525878906,263.0
59.31999969482422,63.400001525878906,264.0
60.119998931884766,63.119998931884766,265.0
60.959999084472656,63.2400016784668,266.0
60.959999084472656,62.79999923706055,267.0
52.400001525878906,72.55999755859375,268.0
60.720001220703125,62.91999816894531,269.0
60.68000030517578,72.4000015258789,270.0
60.400001525878906,225.63999938964844,271.0
60.36000061035156,225.55999755859372,272.0
60.20000076293945,72.44000244140625,273.0
61.2400016784668,72.68000030517578,274.0
61.47999954223633,229.83999633789065,275.0
61.15999984741211,63.47999954223633,276.0
60.84000015258789,63.79999923706055,277.0
60.880001068115234,143.1199951171875,278.0
61.31999969482422,229.8800048828125,279.0
59.63999938964844,229.83999633789065,280.0
60.08000183105469,229.2400054931641,281.0
61.36000061035156,229.16000366210935,282.0
61.20000076293945,228.32000732421875,283.0
60.91999816894531,228.0,284.0
60.84000015258789,63.2400016784668,285.0
60.400001525878906,63.31999969482422,286.0
60.59999847412109,63.119998931884766,287.0
60.59999847412109,63.7599983215332,288.0
60.59999847412109,63.52000045776367,289.0
60.43999862670898,63.52000045776367,290.0
60.040000915527344,63.59999847412109,291.0
59.880001068115234,63.79999923706055,292.0
59.959999084472656,64.0,293.0
59.880001068115234,63.959999084472656,294.0
60.31999969482422,64.12000274658203,295.0
60.36000061035156,64.36000061035156,296.0
61.31999969482422,64.5999984741211,297.0
61.47999954223633,64.5199966430664,298.0
61.040000915527344,64.27999877929688,299.0
62.27999877929688,64.19999694824219,300.0
61.79999923706055,64.12000274658203,301.0
61.79999923706055,63.20000076293945,302.0
61.959999084472656,64.08000183105469,303.0
62.20000076293945,63.84000015258789,304.0
60.68000030517578,63.84000015258789,305.0
61.63999938964844,63.79999923706055,306.0
60.84000015258789,63.720001220703125,307.0
61.040000915527344,62.84000015258789,308.0
60.880001068115234,63.47999954223633,309.0
61.0,63.36000061035156,310.0
60.47999954223633,63.720001220703125,311.0
61.47999954223633,63.52000045776367,312.0
61.400001525878906,63.400001525878906,313.0
61.84000015258789,63.43999862670898,314.0
61.47999954223633,63.720001220703125,315.0
61.040000915527344,63.68000030517578,316.0
60.84000015258789,63.84000015258789,317.0
60.59999847412109,63.52000045776367,318.0
61.36000061035156,63.63999938964844,319.0
60.36000061035156,63.7599983215332,320.0
60.59999847412109,63.560001373291016,321.0
61.59999847412109,63.79999923706055,322.0
60.68000030517578,63.400001525878906,323.0
59.720001220703125,63.36000061035156,324.0
59.720001220703125,63.2400016784668,325.0
59.400001525878906,63.52000045776367,326.0
59.36000061035156,63.08000183105469,327.0
59.43999862670898,63.31999969482422,328.0
60.59999847412109,63.400001525878906,329.0
61.52000045776367,232.1199951171875,330.0
60.59999847412109,232.1199951171875,331.0
60.43999862670898,232.27999877929688,332.0
60.15999984741211,231.9199981689453,333.0
60.27999877929688,232.47999572753903,334.0
60.20000076293945,231.1999969482422,335.0
61.08000183105469,231.1199951171875,336.0
61.31999969482422,63.08000183105469,337.0
61.15999984741211,63.0,338.0
57.79999923706055,62.91999816894531,339.0
62.43999862670898,63.2400016784668,340.0
60.31999969482422,63.08000183105469,341.0
36.52000045776367,63.15999984741211,342.0
61.79999923706055,63.31999969482422,343.0
60.68000030517578,63.31999969482422,344.0
60.68000030517578,63.47999954223633,345.0
60.20000076293945,63.2400016784668,346.0
60.31999969482422,63.08000183105469,347.0
59.959999084472656,62.91999816894531,348.0
59.959999084472656,63.2400016784668,349.0
60.20000076293945,62.880001068115234,350.0
59.52000045776367,62.959999084472656,351.0
61.119998931884766,62.91999816894531,352.0
59.68000030517578,63.7599983215332,353.0
61.0,62.959999084472656,354.0
60.20000076293945,64.23999786376953,355.0
58.84000015258789,64.04000091552734,356.0
50.47999954223633,62.560001373291016,357.0
56.63999938964844,63.08000183105469,358.0
54.43999862670898,63.08000183105469,359.0
50.84000015258789,62.880001068115234,360.0
48.7599983215332,63.08000183105469,361.0
47.79999923706055,61.79999923706055,362.0
46.720001220703125,63.84000015258789,363.0
45.560001373291016,103.12000274658205,364.0
61.43999862670898,148.47999572753906,365.0
61.36000061035156,228.63999938964844,366.0
61.91999816894531,229.5200042724609,367.0
61.2400016784668,147.60000610351562,368.0
62.43999862670898,228.9600067138672,369.0
60.43999862670898,147.75999450683594,370.0
60.31999969482422,229.0399932861328,371.0
228.3600006103516,63.52000045776367,372.0
61.2400016784668,63.400001525878906,373.0
61.43999862670898,146.67999267578125,374.0
61.84000015258789,63.47999954223633,375.0
61.79999923706055,146.24000549316406,376.0
61.47999954223633,61.959999084472656,377.0
60.880001068115234,61.59999847412109,378.0
60.040000915527344,63.400001525878906,379.0
60.119998931884766,62.15999984741211,380.0
57.880001068115234,62.27999877929688,381.0
59.720001220703125,62.27999877929688,382.0
59.2400016784668,62.7599983215332,383.0
59.880001068115234,62.59999847412109,384.0
50.63999938964844,62.36000061035156,385.0
57.959999084472656,62.7599983215332,386.0
60.36000061035156,62.43999862670898,387.0
61.08000183105469,62.91999816894531,388.0
61.560001373291016,62.68000030517578,389.0
60.7599983215332,63.0,390.0
60.84000015258789,62.68000030517578,391.0
62.47999954223633,62.27999877929688,392.0
60.040000915527344,62.63999938964844,393.0
60.63999938964844,62.7599983215332,394.0
59.7599983215332,62.47999954223633,395.0
59.68000030517578,62.720001220703125,396.0
59.79999923706055,61.84000015258789,397.0
59.2400016784668,62.43999862670898,398.0
59.7599983215332,147.52000427246094,399.0
60.47999954223633,146.36000061035156,400.0
60.63999938964844,146.75999450683594,401.0
60.84000015258789,148.27999877929688,402.0
60.15999984741211,62.2400016784668,403.0
60.7599983215332,61.91999816894531,404.0
60.84000015258789,143.24000549316406,405.0
60.7599983215332,62.47999954223633,406.0
61.36000061035156,62.2400016784668,407.0
61.400001525878906,61.959999084472656,408.0
60.7599983215332,62.119998931884766,409.0
61.720001220703125,239.9600067138672,410.0
37.15999984741211,239.9600067138672,411.0
36.84000015258789,239.9600067138672,412.0
61.15999984741211,60.959999084472656,413.0
61.15999984741211,147.32000732421875,414.0
32.52000045776367,61.15999984741211,415.0
61.47999954223633,147.60000610351562,416.0
28.440000534057617,147.72000122070312,417.0
61.720001220703125,61.15999984741211,418.0
61.400001525878906,61.68000030517578,419.0
61.84000015258789,61.7599983215332,420.0
60.43999862670898,62.119998931884766,421.0
57.52000045776367,61.7599983215332,422.0
61.20000076293945,61.52000045776367,423.0
55.08000183105469,61.959999084472656,424.0
53.400001525878906,148.0399932861328,425.0
62.2400016784668,148.1999969482422,426.0
61.27999877929688,147.83999633789062,427.0
60.91999816894531,147.9199981689453,428.0
61.52000045776367,148.9199981689453,429.0
61.27999877929688,229.6000061035156,430.0
61.040000915527344,149.60000610351562,431.0
60.560001373291016,149.1999969482422,432.0
60.15999984741211,230.1199951171875,433.0
60.43999862670898,239.9600067138672,434.0
60.119998931884766,67.23999786376953,435.0
61.0,229.63999938964844,436.0
59.040000915527344,148.9600067138672,437.0
59.15999984741211,229.3600006103516,438.0
60.2400016784668,149.0,439.0
60.43999862670898,148.9199981689453,440.0
59.63999938964844,148.67999267578125,441.0
60.52000045776367,148.9199981689453,442.0
60.52000045776367,229.55999755859372,443.0
61.84000015258789,148.83999633789062,444.0
58.79999923706055,148.83999633789062,445.0
61.2400016784668,148.8800048828125,446.0
61.36000061035156,148.83999633789062,447.0
59.880001068115234,149.0,448.0
61.47999954223633,148.9199981689453,449.0
62.040000915527344,148.8800048828125,450.0
61.400001525878906,148.83999633789062,451.0
59.560001373291016,67.4000015258789,452.0
61.2400016784668,148.55999755859375,453.0
60.36000061035156,148.60000610351562,454.0
59.47999954223633,148.47999572753906,455.0
60.47999954223633,148.52000427246094,456.0
60.20000076293945,94.44000244140624,457.0
59.68000030517578,94.87999725341795,458.0
61.15999984741211,148.60000610351562,459.0
60.52000045776367,148.44000244140625,460.0
61.08000183105469,148.24000549316406,461.0
60.31999969482422,95.1999969482422,462.0
61.560001373291016,94.76000213623048,463.0
62.040000915527344,148.60000610351562,464.0
62.0,148.83999633789062,465.0
62.59999847412109,149.1999969482422,466.0
61.84000015258789,148.9600067138672,467.0
60.52000045776367,148.67999267578125,468.0
60.31999969482422,148.44000244140625,469.0
59.08000183105469,148.24000549316406,470.0
61.31999969482422,148.1999969482422,471.0
59.959999084472656,148.16000366210938,472.0
60.68000030517578,94.72000122070312,473.0
62.119998931884766,147.83999633789062,474.0
60.040000915527344,148.39999389648438,475.0
59.959999084472656,93.72000122070312,476.0
59.08000183105469,148.16000366210938,477.0
59.040000915527344,148.47999572753906,478.0
60.27999877929688,148.0,479.0
61.84000015258789,148.9600067138672,480.0
49.040000915527344,148.60000610351562,481.0
38.84000015258789,148.24000549316406,482.0
58.31999969482422,150.47999572753906,483.0
60.36000061035156,148.67999267578125,484.0
58.959999084472656,149.44000244140625,485.0
58.43999862670898,149.16000366210938,486.0
53.79999923706055,147.72000122070312,487.0
7.559999942779541,232.32000732421875,488.0
56.880001068115234,147.0800018310547,489.0
60.20000076293945,232.75999450683597,490.0
227.44000244140625,232.8000030517578,491.0
59.36000061035156,146.67999267578125,492.0
0.0,233.3999938964844,493.0
62.0,232.75999450683597,494.0
170.1999969482422,233.0800018310547,495.0
61.79999923706055,233.44000244140625,496.0
62.040000915527344,62.119998931884766,497.0
61.63999938964844,233.44000244140625,498.0
60.91999816894531,62.47999954223633,499.0
61.2400016784668,233.47999572753903,500.0
61.47999954223633,233.3600006103516,501.0
59.47999954223633,232.8000030517578,502.0
61.15999984741211,231.63999938964844,503.0
60.68000030517578,230.83999633789065,504.0
59.040000915527344,114.27999877929688,505.0
59.08000183105469,230.9199981689453,506.0
59.2400016784668,114.27999877929688,507.0
59.36000061035156,114.08000183105467,508.0
59.560001373291016,232.0800018310547,509.0
60.31999969482422,113.72000122070312,510.0
62.20000076293945,230.63999938964844,511.0
61.119998931884766,113.68000030517578,512.0
61.560001373291016,231.3600006103516,513.0
61.20000076293945,231.63999938964844,514.0
60.84000015258789,68.04000091552734,515.0
61.59999847412109,230.3600006103516,516.0
58.119998931884766,230.63999938964844,517.0
61.84000015258789,230.32000732421875,518.0
227.72000122070312,66.12000274658203,519.0
47.91999816894531,231.63999938964844,520.0
47.08000183105469,231.9600067138672,521.0
231.1199951171875,231.1199951171875,522.0
226.9600067138672,230.32000732421875,523.0
41.79999923706055,66.31999969482422,524.0
62.43999862670898,230.8000030517578,525.0
37.79999923706055,230.9600067138672,526.0
35.880001068115234,230.83999633789065,527.0
29.040000915527344,113.55999755859376,528.0
225.8000030517578,113.4800033569336,529.0
30.600000381469727,113.4000015258789,530.0
61.47999954223633,113.08000183105467,531.0
60.720001220703125,113.36000061035156,532.0
226.9600067138672,113.31999969482422,533.0
226.55999755859372,113.5199966430664,534.0
60.43999862670898,113.16000366210938,535.0
60.2400016784668,112.36000061035156,536.0
60.68000030517578,113.63999938964844,537.0
59.400001525878906,111.4800033569336,538.0
60.2400016784668,114.08000183105467,539.0
225.47999572753903,113.91999816894533,540.0
225.1199951171875,113.95999908447266,541.0
60.560001373291016,114.27999877929688,542.0
60.2400016784668,114.36000061035156,543.0
60.560001373291016,114.12000274658205,544.0
60.36000061035156,114.31999969482422,545.0
60.68000030517578,114.16000366210938,546.0
59.91999816894531,114.12000274658205,547.0
61.400001525878906,114.31999969482422,548.0
60.560001373291016,113.36000061035156,549.0
60.59999847412109,113.8000030517578,550.0
60.68000030517578,113.36000061035156,551.0
60.400001525878906,113.27999877929688,552.0
61.43999862670898,113.0,553.0
59.36000061035156,113.5999984741211,554.0
59.63999938964844,112.72000122070312,555.0
59.720001220703125,113.5999984741211,556.0
60.36000061035156,112.5199966430664,557.0
59.59999847412109,112.87999725341795,558.0
60.27999877929688,113.44000244140624,559.0
59.2400016784668,113.68000030517578,560.0
59.36000061035156,230.47999572753903,561.0
59.63999938964844,113.76000213623048,562.0
60.47999954223633,230.9600067138672,563.0
59.31999969482422,230.2400054931641,564.0
59.560001373291016,230.47999572753903,565.0
58.2400016784668,230.32000732421875,566.0
60.040000915527344,229.9199981689453,567.0
60.68000030517578,74.0,568.0
59.68000030517578,73.95999908447266,569.0
59.880001068115234,73.83999633789062,570.0
60.119998931884766,230.9600067138672,571.0
60.31999969482422,74.23999786376953,572.0
59.91999816894531,231.0,573.0
59.560001373291016,74.4000015258789,574.0
59.7599983215332,75.91999816894531,575.0
59.63999938964844,76.36000061035156,576.0
59.08000183105469,75.95999908447266,577.0
59.59999847412109,231.0800018310547,578.0
59.84000015258789,230.83999633789065,579.0
60.040000915527344,231.2400054931641,580.0
59.2400016784668,230.63999938964844,581.0
59.59999847412109,76.4000015258789,582.0
59.52000045776367,146.63999938964844,583.0
59.36000061035156,146.8800048828125,584.0
61.0,239.9600067138672,585.0
59.91999816894531,147.27999877929688,586.0
59.36000061035156,147.27999877929688,587.0
60.119998931884766,76.19999694824219,588.0
59.040000915527344,147.1199951171875,589.0
60.20000076293945,147.24000549316406,590.0
59.7599983215332,146.36000061035156,591.0
59.63999938964844,146.9199981689453,592.0
59.43999862670898,146.0800018310547,593.0
59.79999923706055,74.5199966430664,594.0
59.27999877929688,74.80000305175781,595.0
59.68000030517578,230.72000122070312,596.0
58.84000015258789,231.1199951171875,597.0
59.84000015258789,230.63999938964844,598.0
60.15999984741211,230.5200042724609,599.0
60.119998931884766,73.63999938964844,600.0
60.20000076293945,231.16000366210935,601.0
60.20000076293945,230.9199981689453,602.0
60.15999984741211,231.32000732421875,603.0
60.20000076293945,231.44000244140625,604.0
60.560001373291016,231.16000366210935,605.0
60.20000076293945,73.76000213623047,606.0
59.91999816894531,74.80000305175781,607.0
60.43999862670898,74.5999984741211,608.0
60.119998931884766,75.5999984741211,609.0
60.47999954223633,74.4000015258789,610.0
60.400001525878906,76.16000366210938,611.0
60.400001525878906,75.36000061035156,612.0
60.0,75.27999877929688,613.0
60.0,239.9600067138672,614.0
59.880001068115234,239.9600067138672,615.0
59.959999084472656,239.9600067138672,616.0
60.15999984741211,239.9600067138672,617.0
59.68000030517578,59.91999816894531,618.0
59.79999923706055,239.9600067138672,619.0
60.15999984741211,60.959999084472656,620.0
60.08000183105469,239.9600067138672,621.0
60.0,229.67999267578125,622.0
59.84000015258789,230.2400054931641,623.0
59.91999816894531,231.47999572753903,624.0
60.0,230.5200042724609,625.0
60.119998931884766,60.560001373291016,626.0
59.84000015258789,229.3999938964844,627.0
60.040000915527344,98.1999969482422,628.0
60.2400016784668,229.55999755859372,629.0
59.959999084472656,230.32000732421875,630.0
59.91999816894531,229.6000061035156,631.0
60.119998931884766,229.83999633789065,632.0
59.68000030517578,229.8800048828125,633.0
60.79999923706055,230.27999877929688,634.0
59.959999084472656,230.2400054931641,635.0
59.720001220703125,229.72000122070312,636.0
60.119998931884766,229.72000122070312,637.0
59.560001373291016,98.44000244140624,638.0
59.47999954223633,98.5999984741211,639.0
59.91999816894531,228.27999877929688,640.0
59.880001068115234,98.5199966430664,641.0
59.7599983215332,228.1199951171875,642.0
59.880001068115234,228.27999877929688,643.0
59.720001220703125,228.3600006103516,644.0
59.79999923706055,228.8800048828125,645.0
59.880001068115234,229.0399932861328,646.0
60.15999984741211,229.6000061035156,647.0
59.959999084472656,230.16000366210935,648.0
60.040000915527344,230.0399932861328,649.0
60.119998931884766,230.16000366210935,650.0
59.880001068115234,230.0399932861328,651.0
59.959999084472656,230.32000732421875,652.0
60.31999969482422,229.67999267578125,653.0
59.7599983215332,230.1999969482422,654.0
59.63999938964844,230.2400054931641,655.0
59.59999847412109,230.0399932861328,656.0
60.15999984741211,230.3999938964844,657.0
59.79999923706055,230.16000366210935,658.0
59.560001373291016,230.16000366210935,659.0
59.63999938964844,230.83999633789065,660.0
59.36000061035156,230.16000366210935,661.0
60.52000045776367,230.47999572753903,662.0
60.36000061035156,230.75999450683597,663.0
60.27999877929688,230.47999572753903,664.0
60.20000076293945,230.6000061035156,665.0
60.43999862670898,230.1999969482422,666.0
60.68000030517578,73.91999816894531,667.0
60.119998931884766,230.1199951171875,668.0
59.15999984741211,229.83999633789065,669.0
60.15999984741211,230.0,670.0
59.59999847412109,229.6000061035156,671.0
60.400001525878906,229.83999633789065,672.0
60.560001373291016,229.9199981689453,673.0
59.880001068115234,230.0,674.0
59.7599983215332,229.3600006103516,675.0
59.7599983215332,229.72000122070312,676.0
59.91999816894531,229.9199981689453,677.0
59.91999816894531,74.27999877929688,678.0
60.27999877929688,76.12000274658203,679.0
60.959999084472656,75.68000030517578,680.0
60.36000061035156,75.5999984741211,681.0
59.880001068115234,74.55999755859375,682.0
59.84000015258789,229.0399932861328,683.0
60.040000915527344,229.0399932861328,684.0
59.84000015258789,229.3999938964844,685.0
59.47999954223633,229.5200042724609,686.0
59.63999938964844,230.16000366210935,687.0
60.119998931884766,68.36000061035156,688.0
59.79999923706055,67.68000030517578,689.0
59.7599983215332,239.9600067138672,690.0
60.119998931884766,239.9600067138672,691.0
60.2400016784668,239.9600067138672,692.0
60.27999877929688,239.9600067138672,693.0
59.880001068115234,239.9600067138672,694.0
59.79999923706055,239.9600067138672,695.0
60.040000915527344,81.27999877929688,696.0
60.27999877929688,235.32000732421875,697.0
59.880001068115234,79.31999969482422,698.0
59.79999923706055,239.9600067138672,699.0
60.20000076293945,239.9600067138672,700.0
60.560001373291016,239.9600067138672,701.0
60.59999847412109,239.9600067138672,702.0
59.880001068115234,67.08000183105469,703.0
59.959999084472656,67.08000183105469,704.0
60.36000061035156,67.91999816894531,705.0
60.08000183105469,67.4800033569336,706.0
60.119998931884766,94.31999969482422,707.0
59.400001525878906,94.4000015258789,708.0
59.959999084472656,94.16000366210938,709.0
59.720001220703125,230.44000244140625,710.0
60.119998931884766,239.9600067138672,711.0
60.08000183105469,239.9600067138672,712.0
60.119998931884766,239.9600067138672,713.0
60.08000183105469,239.9600067138672,714.0
60.15999984741211,239.9600067138672,715.0
60.400001525878906,239.9600067138672,716.0
59.84000015258789,239.9600067138672,717.0
59.400001525878906,239.9600067138672,718.0
60.52000045776367,239.9600067138672,719.0
60.15999984741211,239.9600067138672,720.0
60.119998931884766,239.9600067138672,721.0
60.52000045776367,239.9600067138672,722.0
60.119998931884766,98.63999938964844,723.0
60.0,97.04000091552734,724.0
59.720001220703125,99.12000274658205,725.0
59.36000061035156,96.63999938964844,726.0
58.720001220703125,239.9600067138672,727.0
59.400001525878906,239.9600067138672,728.0
58.59999847412109,89.0,729.0
59.720001220703125,102.16000366210938,730.0
59.720001220703125,101.68000030517578,731.0
61.08000183105469,230.1999969482422,732.0
60.400001525878906,239.9600067138672,733.0
60.720001220703125,239.9600067138672,734.0
60.400001525878906,88.68000030517578,735.0
60.84000015258789,239.9600067138672,736.0
59.63999938964844,239.9600067138672,737.0
58.91999816894531,88.08000183105469,738.0
59.959999084472656,87.72000122070312,739.0
59.84000015258789,88.91999816894531,740.0
59.91999816894531,87.4800033569336,741.0
59.59999847412109,89.04000091552734,742.0
59.91999816894531,239.9600067138672,743.0
59.36000061035156,95.27999877929688,744.0
59.880001068115234,95.63999938964844,745.0
59.2400016784668,239.9600067138672,746.0
59.119998931884766,239.9600067138672,747.0
60.43999862670898,239.9600067138672,748.0
60.43999862670898,239.9600067138672,749.0
60.43999862670898,239.9600067138672,750.0
59.880001068115234,239.9600067138672,751.0
60.119998931884766,239.9600067138672,752.0
60.119998931884766,239.9600067138672,753.0
59.959999084472656,239.9600067138672,754.0
59.400001525878906,239.9600067138672,755.0
60.63999938964844,239.9600067138672,756.0
59.720001220703125,239.9600067138672,757.0
59.959999084472656,239.9600067138672,758.0
59.52000045776367,239.9600067138672,759.0
60.47999954223633,239.9600067138672,760.0
60.08000183105469,239.9600067138672,761.0
59.720001220703125,239.9600067138672,762.0
59.20000076293945,239.9600067138672,763.0
60.0,78.83999633789062,764.0
59.63999938964844,78.95999908447266,765.0
60.2400016784668,239.9600067138672,766.0
59.84000015258789,239.9600067138672,767.0
59.91999816894531,96.4000015258789,768.0
60.08000183105469,78.12000274658203,769.0
60.560001373291016,78.5199966430664,770.0
60.040000915527344,78.4800033569336,771.0
59.959999084472656,78.36000061035156,772.0
59.91999816894531,77.55999755859375,773.0
59.84000015258789,95.72000122070312,774.0
60.119998931884766,96.72000122070312,775.0
59.400001525878906,95.44000244140624,776.0
58.43999862670898,95.12000274658205,777.0
58.7599983215332,95.31999969482422,778.0
59.08000183105469,95.27999877929688,779.0
60.27999877929688,95.16000366210938,780.0
59.91999816894531,95.23999786376952,781.0
59.63999938964844,94.68000030517578,782.0
59.47999954223633,94.76000213623048,783.0
59.31999969482422,93.55999755859376,784.0
59.63999938964844,94.83999633789062,785.0
59.400001525878906,79.4800033569336,786.0
59.08000183105469,93.83999633789062,787.0
59.119998931884766,78.16000366210938,788.0
59.59999847412109,81.23999786376953,789.0
59.63999938964844,78.76000213623047,790.0
59.79999923706055,239.9600067138672,791.0
59.959999084472656,239.9600067138672,792.0
59.43999862670898,81.44000244140625,793.0
60.2400016784668,82.83999633789062,794.0
60.040000915527344,83.12000274658203,795.0
59.720001220703125,84.72000122070312,796.0
59.400001525878906,86.95999908447266,797.0
59.31999969482422,85.23999786376953,798.0
59.15999984741211,86.5199966430664,799.0
60.119998931884766,85.68000030517578,800.0
60.08000183105469,86.19999694824219,801.0
59.08000183105469,84.80000305175781,802.0
60.43999862670898,86.4000015258789,803.0
58.68000030517578,86.04000091552734,804.0
60.27999877929688,239.9600067138672,805.0
59.31999969482422,239.9600067138672,806.0
60.68000030517578,85.5999984741211,807.0
59.959999084472656,239.9600067138672,808.0
59.79999923706055,86.19999694824219,809.0
59.79999923706055,239.9600067138672,810.0
59.63999938964844,239.9600067138672,811.0
60.119998931884766,239.9600067138672,812.0
59.119998931884766,239.9600067138672,813.0
59.68000030517578,239.9600067138672,814.0
59.7599983215332,231.83999633789065,815.0
60.08000183105469,81.80000305175781,816.0
59.79999923706055,232.3999938964844,817.0
60.040000915527344,81.80000305175781,818.0
60.15999984741211,74.80000305175781,819.0
60.36000061035156,73.83999633789062,820.0
60.2400016784668,74.4800033569336,821.0
60.119998931884766,74.19999694824219,822.0
59.720001220703125,74.63999938964844,823.0
59.52000045776367,228.3600006103516,824.0
59.20000076293945,239.9600067138672,825.0
59.560001373291016,227.9600067138672,826.0
59.720001220703125,228.3999938964844,827.0
59.43999862670898,228.3999938964844,828.0
59.63999938964844,84.27999877929688,829.0
60.52000045776367,228.55999755859372,830.0
60.43999862670898,85.08000183105469,831.0
60.400001525878906,229.2400054931641,832.0
60.52000045776367,230.0,833.0
59.880001068115234,229.55999755859372,834.0
59.880001068115234,83.4000015258789,835.0
59.959999084472656,228.3999938964844,836.0
60.27999877929688,229.55999755859372,837.0
59.36000061035156,81.55999755859375,838.0
59.560001373291016,229.8800048828125,839.0
59.52000045776367,229.75999450683597,840.0
59.47999954223633,230.0800018310547,841.0
59.91999816894531,230.2400054931641,842.0
59.84000015258789,230.47999572753903,843.0
59.68000030517578,85.5199966430664,844.0
60.0,85.5999984741211,845.0
59.63999938964844,86.63999938964844,846.0
59.2400016784668,86.91999816894531,847.0
59.63999938964844,86.72000122070312,848.0
59.400001525878906,86.80000305175781,849.0
59.52000045776367,86.5199966430664,850.0
59.84000015258789,85.4000015258789,851.0
59.79999923706055,74.23999786376953,852.0
59.959999084472656,74.36000061035156,853.0
59.720001220703125,73.95999908447266,854.0
59.560001373291016,74.31999969482422,855.0
59.68000030517578,79.63999938964844,856.0
58.91999816894531,123.31999969482422,857.0
59.63999938964844,86.95999908447266,858.0
59.2400016784668,86.5199966430664,859.0
59.36000061035156,239.9600067138672,860.0
59.880001068115234,239.9600067138672,861.0
59.52000045776367,239.9600067138672,862.0
59.91999816894531,229.55999755859372,863.0
59.84000015258789,229.0800018310547,864.0
60.400001525878906,229.44000244140625,865.0
59.68000030517578,229.67999267578125,866.0
59.880001068115234,229.1199951171875,867.0
59.880001068115234,87.5199966430664,868.0
58.7599983215332,87.5999984741211,869.0
58.91999816894531,87.4800033569336,870.0
60.27999877929688,228.27999877929688,871.0
60.040000915527344,86.83999633789062,872.0
59.720001220703125,86.5999984741211,873.0
59.79999923706055,230.0,874.0
59.880001068115234,229.3600006103516,875.0
60.08000183105469,229.3600006103516,876.0
60.400001525878906,228.3999938964844,877.0
59.84000015258789,229.67999267578125,878.0
59.43999862670898,229.0399932861328,879.0
59.560001373291016,228.47999572753903,880.0
59.0,229.0399932861328,881.0
60.15999984741211,228.44000244140625,882.0
59.880001068115234,227.9600067138672,883.0
59.79999923706055,227.9600067138672,884.0
59.959999084472656,228.27999877929688,885.0
59.880001068115234,227.47999572753903,886.0
60.63999938964844,227.3600006103516,887.0
60.08000183105469,228.0399932861328,888.0
59.959999084472656,227.3999938964844,889.0
60.43999862670898,228.0800018310547,890.0
59.31999969482422,227.27999877929688,891.0
59.119998931884766,73.76000213623047,892.0
59.31999969482422,72.55999755859375,893.0
59.15999984741211,227.1199951171875,894.0
59.63999938964844,74.44000244140625,895.0
59.959999084472656,73.68000030517578,896.0
60.31999969482422,68.27999877929688,897.0
60.560001373291016,229.72000122070312,898.0
59.720001220703125,230.1199951171875,899.0
60.119998931884766,229.3600006103516,900.0
59.959999084472656,68.80000305175781,901.0
60.400001525878906,233.0399932861328,902.0
58.68000030517578,231.32000732421875,903.0
59.43999862670898,67.5999984741211,904.0
59.720001220703125,232.16000366210935,905.0
59.7599983215332,61.84000015258789,906.0
59.7599983215332,230.3999938964844,907.0
59.119998931884766,67.44000244140625,908.0
60.720001220703125,231.5200042724609,909.0
59.720001220703125,229.0800018310547,910.0
60.08000183105469,61.27999877929688,911.0
59.2400016784668,228.2400054931641,912.0
60.15999984741211,229.27999877929688,913.0
60.36000061035156,63.2400016784668,914.0
59.43999862670898,62.84000015258789,915.0
59.68000030517578,228.0399932861328,916.0
59.560001373291016,239.9600067138672,917.0
59.2400016784668,228.1999969482422,918.0
59.15999984741211,227.63999938964844,919.0
59.08000183105469,97.08000183105467,920.0
59.560001373291016,229.72000122070312,921.0
59.400001525878906,96.91999816894533,922.0
59.560001373291016,239.9600067138672,923.0
58.7599983215332,239.9600067138672,924.0
58.79999923706055,239.9600067138672,925.0
58.7599983215332,239.9600067138672,926.0
58.43999862670898,239.9600067138672,927.0
58.7599983215332,239.9600067138672,928.0
60.36000061035156,239.9600067138672,929.0
59.47999954223633,62.59999847412109,930.0
59.79999923706055,62.47999954223633,931.0
60.36000061035156,68.83999633789062,932.0
59.959999084472656,239.9600067138672,933.0
60.31999969482422,239.9600067138672,934.0
60.47999954223633,239.9600067138672,935.0
60.36000061035156,67.55999755859375,936.0
60.59999847412109,239.9600067138672,937.0
60.68000030517578,239.9600067138672,938.0
60.040000915527344,239.9600067138672,939.0
59.47999954223633,63.400001525878906,940.0
59.79999923706055,62.7599983215332,941.0
59.560001373291016,62.84000015258789,942.0
59.63999938964844,63.2400016784668,943.0
58.15999984741211,230.1199951171875,944.0
59.560001373291016,230.47999572753903,945.0
58.31999969482422,67.5199966430664,946.0
59.7599983215332,230.72000122070312,947.0
59.2400016784668,239.9600067138672,948.0
59.880001068115234,230.27999877929688,949.0
59.959999084472656,71.4800033569336,950.0
59.560001373291016,71.31999969482422,951.0
60.08000183105469,67.4000015258789,952.0
59.880001068115234,230.16000366210935,953.0
60.20000076293945,230.27999877929688,954.0
59.720001220703125,230.1199951171875,955.0
58.91999816894531,230.5200042724609,956.0
59.27999877929688,239.9600067138672,957.0
59.0,239.9600067138672,958.0
58.7599983215332,231.32000732421875,959.0
59.959999084472656,231.67999267578125,960.0
60.31999969482422,231.1199951171875,961.0
60.0,231.83999633789065,962.0
59.720001220703125,230.67999267578125,963.0
59.68000030517578,231.0,964.0
59.959999084472656,232.0399932861328,965.0
59.47999954223633,239.9600067138672,966.0
60.040000915527344,231.1199951171875,967.0
59.720001220703125,239.9600067138672,968.0
59.720001220703125,228.3999938964844,969.0
59.63999938964844,62.560001373291016,970.0
59.560001373291016,228.1199951171875,971.0
60.040000915527344,107.5199966430664,972.0
59.880001068115234,107.55999755859376,973.0
59.880001068115234,107.83999633789062,974.0
59.880001068115234,67.68000030517578,975.0
60.720001220703125,239.9600067138672,976.0
61.20000076293945,68.04000091552734,977.0
60.59999847412109,239.9600067138672,978.0
60.59999847412109,239.9600067138672,979.0
60.31999969482422,239.9600067138672,980.0
60.31999969482422,107.31999969482422,981.0
60.15999984741211,107.0,982.0
60.08000183105469,106.87999725341795,983.0
59.880001068115234,239.9600067138672,984.0
60.119998931884766,239.9600067138672,985.0
59.84000015258789,239.9600067138672,986.0
60.0,239.9600067138672,987.0
60.040000915527344,239.9600067138672,988.0
60.040000915527344,239.9600067138672,989.0
60.119998931884766,73.72000122070312,990.0
60.20000076293945,66.76000213623047,991.0
59.84000015258789,68.0,992.0
59.880001068115234,66.31999969482422,993.0
59.79999923706055,67.36000061035156,994.0
59.79999923706055,66.76000213623047,995.0
59.880001068115234,61.84000015258789,996.0
60.2400016784668,62.400001525878906,997.0
60.31999969482422,62.880001068115234,998.0
59.43999862670898,67.08000183105469,999.0
59.7599983215332,239.9600067138672,1000.0
59.880001068115234,67.72000122070312,1001.0
60.119998931884766,66.95999908447266,1002.0
60.27999877929688,67.4000015258789,1003.0
60.040000915527344,232.8800048828125,1004.0
59.2400016784668,232.3999938964844,1005.0
59.63999938964844,232.5200042724609,1006.0
60.36000061035156,231.3999938964844,1007.0
60.20000076293945,231.8800048828125,1008.0
59.68000030517578,232.8800048828125,1009.0
60.7599983215332,232.9600067138672,1010.0
61.0,67.4800033569336,1011.0
60.20000076293945,65.95999908447266,1012.0
60.59999847412109,66.27999877929688,1013.0
60.91999816894531,63.7599983215332,1014.0
60.0,63.08000183105469,1015.0
59.43999862670898,62.79999923706055,1016.0
58.7599983215332,63.720001220703125,1017.0
59.2400016784668,239.9600067138672,1018.0
59.31999969482422,63.84000015258789,1019.0
59.47999954223633,68.72000122070312,1020.0
59.47999954223633,66.63999938964844,1021.0
60.08000183105469,67.36000061035156,1022.0
60.59999847412109,67.31999969482422,1023.0
60.59999847412109,67.95999908447266,1024.0
59.79999923706055,67.4000015258789,1025.0
59.79999923706055,67.31999969482422,1026.0
59.31999969482422,67.55999755859375,1027.0
59.63999938964844,61.15999984741211,1028.0
59.63999938964844,67.27999877929688,1029.0
59.84000015258789,66.27999877929688,1030.0
59.7599983215332,66.80000305175781,1031.0
59.400001525878906,66.23999786376953,1032.0
59.15999984741211,67.23999786376953,1033.0
58.880001068115234,239.9600067138672,1034.0
60.040000915527344,239.9600067138672,1035.0
59.91999816894531,239.9600067138672,1036.0
59.63999938964844,239.9600067138672,1037.0
59.68000030517578,239.9600067138672,1038.0
59.47999954223633,239.9600067138672,1039.0
59.400001525878906,100.4800033569336,1040.0
59.36000061035156,239.9600067138672,1041.0
58.63999938964844,239.9600067138672,1042.0
59.2400016784668,239.9600067138672,1043.0
59.43999862670898,239.9600067138672,1044.0
59.59999847412109,239.9600067138672,1045.0
59.47999954223633,239.9600067138672,1046.0
59.47999954223633,239.9600067138672,1047.0
59.84000015258789,68.31999969482422,1048.0
59.7599983215332,239.9600067138672,1049.0
59.27999877929688,230.3600006103516,1050.0
59.43999862670898,230.0800018310547,1051.0
59.2400016784668,230.83999633789065,1052.0
58.91999816894531,72.19999694824219,1053.0
58.959999084472656,60.15999984741211,1054.0
59.31999969482422,230.47999572753903,1055.0
58.959999084472656,239.9600067138672,1056.0
58.47999954223633,239.9600067138672,1057.0
58.720001220703125,239.9600067138672,1058.0
58.59999847412109,76.72000122070312,1059.0
58.720001220703125,239.9600067138672,1060.0
59.7599983215332,239.9600067138672,1061.0
59.31999969482422,239.9600067138672,1062.0
59.20000076293945,239.9600067138672,1063.0
59.47999954223633,239.9600067138672,1064.0
59.52000045776367,227.9600067138672,1065.0
59.400001525878906,60.400001525878906,1066.0
58.91999816894531,228.0,1067.0
59.63999938964844,103.5999984741211,1068.0
59.880001068115234,227.9199981689453,1069.0
60.0,227.1999969482422,1070.0
58.47999954223633,227.5200042724609,1071.0
58.79999923706055,239.9600067138672,1072.0
59.68000030517578,239.9600067138672,1073.0
59.79999923706055,228.67999267578125,1074.0
59.52000045776367,230.0399932861328,1075.0
59.560001373291016,230.27999877929688,1076.0
59.7599983215332,230.3600006103516,1077.0
58.880001068115234,230.2400054931641,1078.0
59.20000076293945,230.27999877929688,1079.0
59.31999969482422,230.1999969482422,1080.0
59.560001373291016,101.31999969482422,1081.0
59.560001373291016,239.9600067138672,1082.0
59.27999877929688,68.19999694824219,1083.0
59.52000045776367,239.9600067138672,1084.0
59.52000045776367,239.9600067138672,1085.0
59.43999862670898,239.9600067138672,1086.0
59.720001220703125,229.5200042724609,1087.0
59.59999847412109,105.4800033569336,1088.0
59.63999938964844,105.63999938964844,1089.0
59.43999862670898,239.9600067138672,1090.0
60.0,229.8000030517578,1091.0
59.31999969482422,105.5999984741211,1092.0
58.68000030517578,229.9600067138672,1093.0
59.040000915527344,230.1999969482422,1094.0
59.43999862670898,230.1999969482422,1095.0
59.20000076293945,239.9600067138672,1096.0
59.0,239.9600067138672,1097.0
59.31999969482422,239.9600067138672,1098.0
59.20000076293945,239.9600067138672,1099.0
58.08000183105469,239.9600067138672,1100.0
59.040000915527344,239.9600067138672,1101.0
59.560001373291016,239.9600067138672,1102.0
60.20000076293945,239.9600067138672,1103.0
60.119998931884766,239.9600067138672,1104.0
59.68000030517578,121.8000030517578,1105.0
59.52000045776367,239.9600067138672,1106.0
59.15999984741211,124.12000274658205,1107.0
59.119998931884766,229.3600006103516,1108.0
58.880001068115234,229.47999572753903,1109.0
59.119998931884766,229.47999572753903,1110.0
59.560001373291016,239.9600067138672,1111.0
59.52000045776367,239.9600067138672,1112.0
59.43999862670898,239.9600067138672,1113.0
59.31999969482422,95.95999908447266,1114.0
59.7599983215332,96.8000030517578,1115.0
59.560001373291016,90.4000015258789,1116.0
59.52000045776367,89.5999984741211,1117.0
59.31999969482422,239.9600067138672,1118.0
60.20000076293945,90.04000091552734,1119.0
59.68000030517578,239.9600067138672,1120.0
59.47999954223633,89.23999786376953,1121.0
59.68000030517578,239.9600067138672,1122.0
59.560001373291016,91.0,1123.0
59.400001525878906,239.9600067138672,1124.0
59.7599983215332,88.12000274658203,1125.0
59.91999816894531,88.68000030517578,1126.0
60.560001373291016,89.12000274658203,1127.0
60.63999938964844,89.44000244140625,1128.0
59.91999816894531,89.16000366210938,1129.0
59.47999954223633,89.04000091552734,1130.0
59.400001525878906,89.04000091552734,1131.0
59.84000015258789,88.80000305175781,1132.0
59.400001525878906,88.5999984741211,1133.0
59.15999984741211,88.44000244140625,1134.0
59.52000045776367,88.31999969482422,1135.0
59.27999877929688,88.04000091552734,1136.0
59.15999984741211,87.55999755859375,1137.0
59.36000061035156,239.9600067138672,1138.0
59.43999862670898,239.9600067138672,1139.0
59.400001525878906,239.9600067138672,1140.0
59.560001373291016,239.9600067138672,1141.0
59.20000076293945,239.9600067138672,1142.0
59.84000015258789,239.9600067138672,1143.0
59.68000030517578,239.9600067138672,1144.0
59.7599983215332,68.04000091552734,1145.0
60.7599983215332,68.04000091552734,1146.0
60.2400016784668,68.04000091552734,1147.0
60.119998931884766,239.9600067138672,1148.0
59.08000183105469,68.0,1149.0
58.79999923706055,68.80000305175781,1150.0
58.880001068115234,230.1199951171875,1151.0
59.79999923706055,229.9199981689453,1152.0
59.27999877929688,96.8000030517578,1153.0
59.400001525878906,239.9600067138672,1154.0
59.47999954223633,239.9600067138672,1155.0
59.47999954223633,81.87999725341797,1156.0
59.47999954223633,239.9600067138672,1157.0
60.31999969482422,228.47999572753903,1158.0
59.959999084472656,63.880001068115234,1159.0
60.79999923706055,64.04000091552734,1160.0
60.27999877929688,239.9600067138672,1161.0
60.36000061035156,239.9600067138672,1162.0
60.0,239.9600067138672,1163.0
60.59999847412109,239.9600067138672,1164.0
60.36000061035156,70.4000015258789,1165.0
59.59999847412109,69.87999725341797,1166.0
60.119998931884766,239.9600067138672,1167.0
60.79999923706055,239.9600067138672,1168.0
60.2400016784668,88.83999633789062,1169.0
60.880001068115234,88.12000274658203,1170.0
59.880001068115234,66.5199966430664,1171.0
59.84000015258789,67.87999725341797,1172.0
59.119998931884766,68.83999633789062,1173.0
59.7599983215332,67.72000122070312,1174.0
59.68000030517578,67.4000015258789,1175.0
60.0,68.04000091552734,1176.0
60.040000915527344,68.68000030517578,1177.0
60.0,69.91999816894531,1178.0
60.47999954223633,70.44000244140625,1179.0
60.119998931884766,70.55999755859375,1180.0
59.43999862670898,69.95999908447266,1181.0
59.79999923706055,70.5999984741211,1182.0
59.63999938964844,69.91999816894531,1183.0
60.119998931884766,70.5999984741211,1184.0
59.2400016784668,69.95999908447266,1185.0
59.63999938964844,68.72000122070312,1186.0
59.36000061035156,231.0399932861328,1187.0
59.15999984741211,149.63999938964844,1188.0
59.15999984741211,149.47999572753906,1189.0
59.47999954223633,64.5999984741211,1190.0
59.63999938964844,66.91999816894531,1191.0
59.7599983215332,68.83999633789062,1192.0
59.52000045776367,67.83999633789062,1193.0
59.47999954223633,68.36000061035156,1194.0
60.040000915527344,228.9600067138672,1195.0
59.47999954223633,228.8800048828125,1196.0
60.08000183105469,67.55999755859375,1197.0
60.119998931884766,68.4000015258789,1198.0
59.68000030517578,81.27999877929688,1199.0
59.040000915527344,228.67999267578125,1200.0
60.59999847412109,239.9600067138672,1201.0
59.63999938964844,67.4800033569336,1202.0
61.040000915527344,64.95999908447266,1203.0
62.2400016784668,66.19999694824219,1204.0
60.959999084472656,66.19999694824219,1205.0
60.08000183105469,66.4800033569336,1206.0
60.0,65.95999908447266,1207.0
60.0,66.19999694824219,1208.0
59.59999847412109,64.72000122070312,1209.0
59.720001220703125,64.31999969482422,1210.0
59.79999923706055,63.63999938964844,1211.0
59.59999847412109,239.9600067138672,1212.0
59.68000030517578,239.9600067138672,1213.0
58.91999816894531,82.27999877929688,1214.0
58.7599983215332,81.08000183105469,1215.0
59.63999938964844,239.9600067138672,1216.0
59.84000015258789,239.9600067138672,1217.0
59.720001220703125,63.79999923706055,1218.0
59.63999938964844,64.55999755859375,1219.0
59.43999862670898,64.87999725341797,1220.0
58.880001068115234,64.63999938964844,1221.0
58.79999923706055,65.76000213623047,1222.0
59.880001068115234,63.560001373291016,1223.0
60.20000076293945,239.9600067138672,1224.0
60.119998931884766,239.9600067138672,1225.0
60.43999862670898,82.36000061035156,1226.0
59.720001220703125,234.47999572753903,1227.0
59.47999954223633,239.9600067138672,1228.0
59.36000061035156,239.9600067138672,1229.0
60.36000061035156,239.9600067138672,1230.0
60.27999877929688,89.31999969482422,1231.0
59.31999969482422,233.3600006103516,1232.0
59.15999984741211,66.0,1233.0
59.52000045776367,66.19999694824219,1234.0
59.47999954223633,66.95999908447266,1235.0
59.47999954223633,67.27999877929688,1236.0
59.720001220703125,66.87999725341797,1237.0
59.560001373291016,66.72000122070312,1238.0
59.2400016784668,66.72000122070312,1239.0
59.31999969482422,67.5199966430664,1240.0
59.27999877929688,67.04000091552734,1241.0
59.20000076293945,67.55999755859375,1242.0
59.2400016784668,67.91999816894531,1243.0
59.31999969482422,231.8800048828125,1244.0
59.31999969482422,232.67999267578125,1245.0
59.2400016784668,233.3600006103516,1246.0
58.84000015258789,232.0800018310547,1247.0
59.2400016784668,239.9600067138672,1248.0
59.2400016784668,239.9600067138672,1249.0
59.31999969482422,239.9600067138672,1250.0
59.59999847412109,239.9600067138672,1251.0
58.47999954223633,239.9600067138672,1252.0
58.84000015258789,239.9600067138672,1253.0
59.52000045776367,89.16000366210938,1254.0
59.20000076293945,89.12000274658203,1255.0
59.2400016784668,89.04000091552734,1256.0
59.79999923706055,88.83999633789062,1257.0
59.560001373291016,88.4000015258789,1258.0
59.79999923706055,87.36000061035156,1259.0
59.20000076293945,88.31999969482422,1260.0
58.959999084472656,88.4000015258789,1261.0
58.959999084472656,88.0,1262.0
58.84000015258789,231.8000030517578,1263.0
59.2400016784668,91.16000366210938,1264.0
59.31999969482422,91.12000274658205,1265.0
59.79999923706055,239.9600067138672,1266.0
59.36000061035156,91.23999786376952,1267.0
58.91999816894531,91.4000015258789,1268.0
59.27999877929688,91.4000015258789,1269.0
59.31999969482422,67.95999908447266,1270.0
59.560001373291016,67.68000030517578,1271.0
59.880001068115234,67.72000122070312,1272.0
60.36000061035156,67.63999938964844,1273.0
60.119998931884766,66.95999908447266,1274.0
58.880001068115234,67.27999877929688,1275.0
59.560001373291016,67.4000015258789,1276.0
59.2400016784668,67.76000213623047,1277.0
59.560001373291016,67.87999725341797,1278.0
60.0,67.72000122070312,1279.0
60.560001373291016,67.80000305175781,1280.0
60.52000045776367,67.63999938964844,1281.0
59.560001373291016,67.95999908447266,1282.0
59.31999969482422,67.55999755859375,1283.0
59.7599983215332,67.5999984741211,1284.0
59.2400016784668,66.95999908447266,1285.0
60.20000076293945,97.68000030517578,1286.0
59.91999816894531,66.5999984741211,1287.0
59.959999084472656,96.87999725341795,1288.0
58.47999954223633,97.1999969482422,1289.0
59.2400016784668,95.4800033569336,1290.0
59.959999084472656,97.72000122070312,1291.0
59.31999969482422,96.04000091552734,1292.0
59.68000030517578,95.23999786376952,1293.0
58.400001525878906,95.27999877929688,1294.0
60.119998931884766,230.32000732421875,1295.0
60.15999984741211,95.1999969482422,1296.0
59.36000061035156,96.04000091552734,1297.0
59.31999969482422,94.8000030517578,1298.0
59.400001525878906,239.9600067138672,1299.0
59.68000030517578,239.9600067138672,1300.0
59.79999923706055,239.9600067138672,1301.0
59.47999954223633,95.12000274658205,1302.0
59.47999954223633,239.9600067138672,1303.0
59.119998931884766,66.91999816894531,1304.0
59.720001220703125,96.31999969482422,1305.0
59.68000030517578,239.9600067138672,1306.0
59.63999938964844,66.83999633789062,1307.0
59.119998931884766,66.91999816894531,1308.0
58.720001220703125,86.83999633789062,1309.0
59.08000183105469,86.31999969482422,1310.0
59.20000076293945,87.95999908447266,1311.0
59.040000915527344,90.68000030517578,1312.0
59.43999862670898,239.9600067138672,1313.0
59.2400016784668,239.9600067138672,1314.0
58.91999816894531,67.5199966430664,1315.0
59.2400016784668,68.04000091552734,1316.0
59.63999938964844,68.16000366210938,1317.0
59.2400016784668,73.95999908447266,1318.0
59.119998931884766,76.19999694824219,1319.0
59.20000076293945,68.36000061035156,1320.0
59.27999877929688,67.5999984741211,1321.0
59.2400016784668,67.76000213623047,1322.0
59.31999969482422,67.5999984741211,1323.0
59.68000030517578,68.04000091552734,1324.0
59.959999084472656,67.27999877929688,1325.0
60.27999877929688,79.12000274658203,1326.0
60.0,92.87999725341795,1327.0
58.84000015258789,239.9600067138672,1328.0
59.15999984741211,239.9600067138672,1329.0
59.43999862670898,94.83999633789062,1330.0
59.59999847412109,89.44000244140625,1331.0
58.84000015258789,90.87999725341795,1332.0
58.52000045776367,67.5999984741211,1333.0
59.52000045776367,67.19999694824219,1334.0
59.36000061035156,67.87999725341797,1335.0
59.7599983215332,67.63999938964844,1336.0
59.20000076293945,67.5199966430664,1337.0
59.52000045776367,239.9600067138672,1338.0
60.2400016784668,239.9600067138672,1339.0
59.2400016784668,239.9600067138672,1340.0
59.880001068115234,239.9600067138672,1341.0
59.959999084472656,239.9600067138672,1342.0
59.84000015258789,62.47999954223633,1343.0
59.31999969482422,69.0,1344.0
58.91999816894531,239.9600067138672,1345.0
59.2400016784668,239.9600067138672,1346.0
59.15999984741211,76.4000015258789,1347.0
58.84000015258789,69.83999633789062,1348.0
58.15999984741211,69.4800033569336,1349.0
59.2400016784668,75.08000183105469,1350.0
59.560001373291016,69.68000030517578,1351.0
59.560001373291016,95.5999984741211,1352.0
59.720001220703125,69.4800033569336,1353.0
58.400001525878906,78.63999938964844,1354.0
59.0,74.23999786376953,1355.0
59.63999938964844,70.0,1356.0
59.68000030517578,86.27999877929688,1357.0
59.68000030517578,68.19999694824219,1358.0
59.79999923706055,87.5999984741211,1359.0
60.36000061035156,68.5999984741211,1360.0
60.52000045776367,67.72000122070312,1361.0
60.27999877929688,68.87999725341797,1362.0
59.959999084472656,69.80000305175781,1363.0
59.27999877929688,68.87999725341797,1364.0
59.79999923706055,68.91999816894531,1365.0
59.68000030517578,71.08000183105469,1366.0
59.43999862670898,239.9600067138672,1367.0
59.59999847412109,87.5999984741211,1368.0
59.63999938964844,239.9600067138672,1369.0
60.119998931884766,88.44000244140625,1370.0
59.400001525878906,87.87999725341797,1371.0
59.400001525878906,88.72000122070312,1372.0
59.08000183105469,88.27999877929688,1373.0
59.560001373291016,88.44000244140625,1374.0
59.63999938964844,88.68000030517578,1375.0
59.959999084472656,88.87999725341797,1376.0
59.959999084472656,89.5199966430664,1377.0
60.119998931884766,234.8800048828125,1378.0
59.880001068115234,68.0,1379.0
59.880001068115234,68.08000183105469,1380.0
59.79999923706055,93.91999816894533,1381.0
59.7599983215332,91.5199966430664,1382.0
59.720001220703125,88.87999725341797,1383.0
59.68000030517578,89.16000366210938,1384.0
59.68000030517578,88.80000305175781,1385.0
59.36000061035156,91.0,1386.0
59.959999084472656,93.87999725341795,1387.0
59.68000030517578,95.4800033569336,1388.0
59.959999084472656,95.16000366210938,1389.0
59.0,95.31999969482422,1390.0
59.52000045776367,95.55999755859376,1391.0
59.27999877929688,95.27999877929688,1392.0
56.52000045776367,95.72000122070312,1393.0
59.880001068115234,95.55999755859376,1394.0
60.36000061035156,94.5199966430664,1395.0
60.20000076293945,232.0,1396.0
60.040000915527344,231.75999450683597,1397.0
60.20000076293945,94.76000213623048,1398.0
60.400001525878906,94.83999633789062,1399.0
59.959999084472656,94.91999816894533,1400.0
60.31999969482422,94.95999908447266,1401.0
58.84000015258789,94.8000030517578,1402.0
58.63999938964844,94.5199966430664,1403.0
58.36000061035156,95.4000015258789,1404.0
59.040000915527344,95.27999877929688,1405.0
60.31999969482422,95.72000122070312,1406.0
60.040000915527344,95.55999755859376,1407.0
60.119998931884766,95.36000061035156,1408.0
59.720001220703125,95.55999755859376,1409.0
60.36000061035156,95.4800033569336,1410.0
60.91999816894531,94.72000122070312,1411.0
60.59999847412109,230.75999450683597,1412.0
60.720001220703125,230.83999633789065,1413.0
60.15999984741211,230.72000122070312,1414.0
60.15999984741211,95.55999755859376,1415.0
59.63999938964844,231.0800018310547,1416.0
59.52000045776367,231.16000366210935,1417.0
59.560001373291016,95.5999984741211,1418.0
59.560001373291016,97.0,1419.0
59.84000015258789,97.87999725341795,1420.0
60.400001525878906,98.5999984741211,1421.0
60.59999847412109,98.5999984741211,1422.0
61.08000183105469,99.23999786376952,1423.0
60.68000030517578,98.27999877929688,1424.0
61.2400016784668,99.31999969482422,1425.0
61.15999984741211,70.12000274658203,1426.0
60.43999862670898,99.31999969482422,1427.0
60.560001373291016,64.76000213623047,1428.0
59.15999984741211,99.27999877929688,1429.0
60.31999969482422,232.27999877929688,1430.0
60.63999938964844,232.5200042724609,1431.0
60.08000183105469,98.83999633789062,1432.0
59.119998931884766,96.95999908447266,1433.0
60.119998931884766,98.16000366210938,1434.0
60.68000030517578,98.8000030517578,1435.0
60.68000030517578,230.8800048828125,1436.0
60.31999969482422,230.6000061035156,1437.0
60.63999938964844,230.9199981689453,1438.0
59.08000183105469,230.72000122070312,1439.0
59.7599983215332,231.16000366210935,1440.0
60.43999862670898,84.08000183105469,1441.0
60.47999954223633,84.72000122070312,1442.0
59.63999938964844,84.55999755859375,1443.0
60.20000076293945,84.36000061035156,1444.0
60.400001525878906,231.55999755859372,1445.0
60.31999969482422,84.08000183105469,1446.0
60.59999847412109,232.3999938964844,1447.0
60.400001525878906,83.91999816894531,1448.0
60.119998931884766,84.4000015258789,1449.0
59.040000915527344,85.08000183105469,1450.0
59.0,85.68000030517578,1451.0
59.7599983215332,85.68000030517578,1452.0
59.560001373291016,85.5199966430664,1453.0
60.52000045776367,70.55999755859375,1454.0
59.59999847412109,84.72000122070312,1455.0
60.15999984741211,99.4000015258789,1456.0
60.0,83.91999816894531,1457.0
60.119998931884766,83.68000030517578,1458.0
59.63999938964844,84.08000183105469,1459.0
59.720001220703125,84.4000015258789,1460.0
60.68000030517578,85.12000274658203,1461.0
60.7599983215332,84.72000122070312,1462.0
59.68000030517578,84.4000015258789,1463.0
59.7599983215332,83.08000183105469,1464.0
60.52000045776367,84.4000015258789,1465.0
60.59999847412109,84.12000274658203,1466.0
61.400001525878906,84.5199966430664,1467.0
59.47999954223633,83.80000305175781,1468.0
60.68000030517578,83.27999877929688,1469.0
60.52000045776367,83.27999877929688,1470.0
61.2400016784668,82.27999877929688,1471.0
62.15999984741211,83.0,1472.0
61.63999938964844,82.16000366210938,1473.0
61.79999923706055,83.80000305175781,1474.0
60.959999084472656,82.16000366210938,1475.0
58.59999847412109,99.0,1476.0
61.47999954223633,81.72000122070312,1477.0
60.68000030517578,99.16000366210938,1478.0
61.720001220703125,98.83999633789062,1479.0
60.720001220703125,99.63999938964844,1480.0
59.08000183105469,81.36000061035156,1481.0
59.63999938964844,81.68000030517578,1482.0
59.27999877929688,81.5199966430664,1483.0
59.59999847412109,67.31999969482422,1484.0
59.08000183105469,239.9600067138672,1485.0
58.959999084472656,98.72000122070312,1486.0
59.119998931884766,98.27999877929688,1487.0
59.68000030517578,98.08000183105467,1488.0
59.880001068115234,68.87999725341797,1489.0
59.27999877929688,97.44000244140624,1490.0
59.79999923706055,76.08000183105469,1491.0
59.79999923706055,96.4000015258789,1492.0
60.52000045776367,70.23999786376953,1493.0
60.20000076293945,94.95999908447266,1494.0
58.68000030517578,232.2400054931641,1495.0
58.08000183105469,95.5999984741211,1496.0
58.27999877929688,96.1999969482422,1497.0
58.47999954223633,96.36000061035156,1498.0
60.08000183105469,96.87999725341795,1499.0
58.720001220703125,77.36000061035156,1500.0
59.720001220703125,227.75999450683597,1501.0
59.880001068115234,227.55999755859372,1502.0
59.36000061035156,78.63999938964844,1503.0
59.959999084472656,226.8000030517578,1504.0
59.79999923706055,76.5999984741211,1505.0
60.040000915527344,227.16000366210935,1506.0
59.36000061035156,227.8000030517578,1507.0
59.36000061035156,75.72000122070312,1508.0
59.47999954223633,227.8000030517578,1509.0
59.52000045776367,76.91999816894531,1510.0
59.43999862670898,78.0,1511.0
59.040000915527344,78.04000091552734,1512.0
59.2400016784668,239.9600067138672,1513.0
59.0,227.6000061035156,1514.0
59.560001373291016,227.75999450683597,1515.0
59.52000045776367,228.0800018310547,1516.0
59.15999984741211,78.19999694824219,1517.0
59.15999984741211,76.87999725341797,1518.0
59.31999969482422,77.0,1519.0
59.31999969482422,69.31999969482422,1520.0
58.84000015258789,74.19999694824219,1521.0
58.79999923706055,76.63999938964844,1522.0
58.400001525878906,227.6000061035156,1523.0
58.59999847412109,73.72000122070312,1524.0
58.47999954223633,74.08000183105469,1525.0
58.59999847412109,74.36000061035156,1526.0
58.59999847412109,73.68000030517578,1527.0
56.2400016784668,227.55999755859372,1528.0
57.959999084472656,73.55999755859375,1529.0
58.63999938964844,227.55999755859372,1530.0
59.119998931884766,227.67999267578125,1531.0
58.91999816894531,227.3999938964844,1532.0
59.040000915527344,76.83999633789062,1533.0
59.31999969482422,228.27999877929688,1534.0
60.15999984741211,227.63999938964844,1535.0
59.560001373291016,226.8000030517578,1536.0
59.27999877929688,226.83999633789065,1537.0
60.119998931884766,226.72000122070312,1538.0
59.15999984741211,80.72000122070312,1539.0
58.84000015258789,228.0800018310547,1540.0
59.119998931884766,226.32000732421875,1541.0
60.119998931884766,226.9199981689453,1542.0
58.720001220703125,72.72000122070312,1543.0
58.63999938964844,227.3999938964844,1544.0
59.400001525878906,73.0,1545.0
59.2400016784668,70.91999816894531,1546.0
59.040000915527344,70.23999786376953,1547.0
59.15999984741211,71.80000305175781,1548.0
59.560001373291016,71.31999969482422,1549.0
58.84000015258789,166.63999938964844,1550.0
59.20000076293945,70.55999755859375,1551.0
59.400001525878906,81.04000091552734,1552.0
60.0,239.9600067138672,1553.0
59.400001525878906,168.0399932861328,1554.0
58.400001525878906,158.0,1555.0
59.08000183105469,167.67999267578125,1556.0
58.91999816894531,68.68000030517578,1557.0
58.720001220703125,69.04000091552734,1558.0
59.040000915527344,73.27999877929688,1559.0
59.0,72.68000030517578,1560.0
59.15999984741211,76.23999786376953,1561.0
59.47999954223633,239.9600067138672,1562.0
59.43999862670898,239.9600067138672,1563.0
59.040000915527344,76.36000061035156,1564.0
59.63999938964844,76.23999786376953,1565.0
60.08000183105469,76.0,1566.0
59.400001525878906,76.08000183105469,1567.0
58.560001373291016,226.55999755859372,1568.0
58.36000061035156,226.6000061035156,1569.0
58.43999862670898,226.16000366210935,1570.0
58.560001373291016,227.1199951171875,1571.0
58.400001525878906,228.44000244140625,1572.0
58.880001068115234,228.2400054931641,1573.0
58.84000015258789,228.27999877929688,1574.0
58.84000015258789,226.8000030517578,1575.0
58.20000076293945,227.27999877929688,1576.0
58.7599983215332,226.3999938964844,1577.0
59.15999984741211,228.16000366210935,1578.0
59.20000076293945,227.3999938964844,1579.0
59.2400016784668,59.91999816894531,1580.0
59.31999969482422,60.20000076293945,1581.0
59.2400016784668,59.79999923706055,1582.0
59.0,225.75999450683597,1583.0
58.84000015258789,225.6000061035156,1584.0
58.63999938964844,225.44000244140625,1585.0
58.52000045776367,226.3999938964844,1586.0
59.08000183105469,227.5200042724609,1587.0
58.560001373291016,227.5200042724609,1588.0
59.59999847412109,227.44000244140625,1589.0
58.720001220703125,227.6000061035156,1590.0
59.27999877929688,167.44000244140625,1591.0
58.59999847412109,228.27999877929688,1592.0
59.2400016784668,227.44000244140625,1593.0
60.63999938964844,227.1999969482422,1594.0
59.47999954223633,227.47999572753903,1595.0
60.0,60.560001373291016,1596.0
59.08000183105469,227.1999969482422,1597.0
58.68000030517578,169.0800018310547,1598.0
59.15999984741211,80.12000274658203,1599.0
58.91999816894531,60.400001525878906,1600.0
58.7599983215332,59.880001068115234,1601.0
59.63999938964844,61.7599983215332,1602.0
59.880001068115234,168.8000030517578,1603.0
60.040000915527344,169.63999938964844,1604.0
59.400001525878906,169.0800018310547,1605.0
59.0,169.24000549316406,1606.0
60.79999923706055,169.0,1607.0
60.52000045776367,154.1199951171875,1608.0
60.7599983215332,61.27999877929688,1609.0
61.0,61.15999984741211,1610.0
60.43999862670898,60.84000015258789,1611.0
61.15999984741211,60.84000015258789,1612.0
60.7599983215332,60.52000045776367,1613.0
60.52000045776367,60.59999847412109,1614.0
59.880001068115234,60.59999847412109,1615.0
60.63999938964844,61.08000183105469,1616.0
60.7599983215332,61.36000061035156,1617.0
59.79999923706055,61.52000045776367,1618.0
59.63999938964844,227.8000030517578,1619.0
59.560001373291016,229.9600067138672,1620.0
59.47999954223633,230.0399932861328,1621.0
59.47999954223633,61.63999938964844,1622.0
60.880001068115234,227.3600006103516,1623.0
59.880001068115234,61.59999847412109,1624.0
59.959999084472656,61.59999847412109,1625.0
60.08000183105469,61.47999954223633,1626.0
60.52000045776367,61.720001220703125,1627.0
61.0,61.91999816894531,1628.0
60.20000076293945,61.880001068115234,1629.0
61.2400016784668,61.59999847412109,1630.0
60.959999084472656,229.8800048828125,1631.0
60.08000183105469,228.63999938964844,1632.0
61.040000915527344,232.0399932861328,1633.0
60.79999923706055,228.2400054931641,1634.0
58.84000015258789,61.08000183105469,1635.0
59.720001220703125,227.63999938964844,1636.0
59.79999923706055,227.32000732421875,1637.0
60.15999984741211,227.55999755859372,1638.0
59.52000045776367,227.16000366210935,1639.0
59.08000183105469,227.8800048828125,1640.0
62.63999938964844,227.47999572753903,1641.0
61.0,227.9199981689453,1642.0
60.119998931884766,228.1199951171875,1643.0
59.959999084472656,228.67999267578125,1644.0
60.27999877929688,230.1999969482422,1645.0
60.119998931884766,228.6000061035156,1646.0
60.84000015258789,230.3600006103516,1647.0
60.7599983215332,228.83999633789065,1648.0
61.0,229.16000366210935,1649.0
60.36000061035156,229.2400054931641,1650.0
59.59999847412109,229.5200042724609,1651.0
59.720001220703125,229.67999267578125,1652.0
58.43999862670898,64.31999969482422,1653.0
58.119998931884766,229.8000030517578,1654.0
58.59999847412109,60.560001373291016,1655.0
58.43999862670898,60.560001373291016,1656.0
59.720001220703125,61.2400016784668,1657.0
60.7599983215332,61.0,1658.0
60.2400016784668,61.0,1659.0
60.36000061035156,60.84000015258789,1660.0
60.59999847412109,61.36000061035156,1661.0
59.560001373291016,229.47999572753903,1662.0
60.040000915527344,61.0,1663.0
59.36000061035156,60.880001068115234,1664.0
60.36000061035156,229.32000732421875,1665.0
60.43999862670898,229.8800048828125,1666.0
60.59999847412109,104.1999969482422,1667.0
61.15999984741211,60.040000915527344,1668.0
60.119998931884766,104.08000183105467,1669.0
60.400001525878906,229.6000061035156,1670.0
60.84000015258789,60.68000030517578,1671.0
59.47999954223633,230.32000732421875,1672.0
59.59999847412109,229.3600006103516,1673.0
59.91999816894531,229.63999938964844,1674.0
59.20000076293945,229.9600067138672,1675.0
59.040000915527344,231.2400054931641,1676.0
58.91999816894531,230.32000732421875,1677.0
58.7599983215332,231.44000244140625,1678.0
62.43999862670898,230.1199951171875,1679.0
59.119998931884766,229.63999938964844,1680.0
59.720001220703125,229.47999572753903,1681.0
61.59999847412109,60.560001373291016,1682.0
58.2400016784668,228.55999755859372,1683.0
59.560001373291016,239.9600067138672,1684.0
59.040000915527344,229.47999572753903,1685.0
59.720001220703125,239.9600067138672,1686.0
60.560001373291016,228.5200042724609,1687.0
59.36000061035156,228.67999267578125,1688.0
60.400001525878906,228.8800048828125,1689.0
61.27999877929688,229.8800048828125,1690.0
60.959999084472656,228.72000122070312,1691.0
60.63999938964844,228.67999267578125,1692.0
60.43999862670898,228.5200042724609,1693.0
60.52000045776367,228.3600006103516,1694.0
59.63999938964844,228.0800018310547,1695.0
59.119998931884766,228.1999969482422,1696.0
59.27999877929688,227.75999450683597,1697.0
59.43999862670898,239.9600067138672,1698.0
59.119998931884766,227.9199981689453,1699.0
58.27999877929688,229.0,1700.0
58.59999847412109,229.0,1701.0
59.27999877929688,95.4000015258789,1702.0
58.91999816894531,96.76000213623048,1703.0
59.0,96.23999786376952,1704.0
58.68000030517578,95.1999969482422,1705.0
59.400001525878906,96.5999984741211,1706.0
58.52000045776367,96.63999938964844,1707.0
59.119998931884766,96.55999755859376,1708.0
59.040000915527344,94.63999938964844,1709.0
58.47999954223633,95.0,1710.0
58.91999816894531,93.63999938964844,1711.0
59.040000915527344,231.1199951171875,1712.0
59.15999984741211,61.08000183105469,1713.0
58.91999816894531,60.79999923706055,1714.0
58.68000030517578,239.9600067138672,1715.0
59.08000183105469,225.67999267578125,1716.0
59.119998931884766,239.9600067138672,1717.0
58.15999984741211,225.47999572753903,1718.0
58.43999862670898,226.9600067138672,1719.0
58.720001220703125,226.0399932861328,1720.0
58.0,226.1199951171875,1721.0
58.119998931884766,225.32000732421875,1722.0
57.79999923706055,97.63999938964844,1723.0
59.08000183105469,226.8800048828125,1724.0
59.15999984741211,227.16000366210935,1725.0
59.15999984741211,227.0800018310547,1726.0
60.43999862670898,227.75999450683597,1727.0
58.720001220703125,227.27999877929688,1728.0
58.880001068115234,227.32000732421875,1729.0
58.119998931884766,227.32000732421875,1730.0
58.43999862670898,227.32000732421875,1731.0
57.880001068115234,227.27999877929688,1732.0
58.59999847412109,227.0800018310547,1733.0
57.84000015258789,226.72000122070312,1734.0
58.08000183105469,225.47999572753903,1735.0
58.36000061035156,226.1199951171875,1736.0
58.27999877929688,96.87999725341795,1737.0
58.91999816894531,228.5200042724609,1738.0
57.880001068115234,227.9600067138672,1739.0
57.84000015258789,228.8800048828125,1740.0
57.84000015258789,225.47999572753903,1741.0
57.880001068115234,228.2400054931641,1742.0
58.2400016784668,224.67999267578125,1743.0
58.20000076293945,227.8000030517578,1744.0
58.15999984741211,227.6000061035156,1745.0
58.2400016784668,64.95999908447266,1746.0
58.68000030517578,225.1999969482422,1747.0
58.7599983215332,229.8800048828125,1748.0
58.43999862670898,234.3600006103516,1749.0
58.59999847412109,226.47999572753903,1750.0
58.400001525878906,234.1199951171875,1751.0
58.68000030517578,235.47999572753903,1752.0
58.20000076293945,239.9600067138672,1753.0
58.27999877929688,235.3999938964844,1754.0
58.2400016784668,235.55999755859372,1755.0
58.43999862670898,235.63999938964844,1756.0
58.20000076293945,236.1199951171875,1757.0
58.7599983215332,228.9600067138672,1758.0
58.7599983215332,116.27999877929688,1759.0
58.720001220703125,229.8000030517578,1760.0
58.68000030517578,228.9199981689453,1761.0
59.119998931884766,229.55999755859372,1762.0
59.720001220703125,228.3999938964844,1763.0
59.400001525878906,228.2400054931641,1764.0
58.84000015258789,227.63999938964844,1765.0
58.79999923706055,227.67999267578125,1766.0
59.08000183105469,227.0399932861328,1767.0
59.040000915527344,227.47999572753903,1768.0
59.47999954223633,227.16000366210935,1769.0
59.36000061035156,227.0,1770.0
59.31999969482422,226.6000061035156,1771.0
58.720001220703125,226.83999633789065,1772.0
58.7599983215332,227.0,1773.0
59.63999938964844,239.9600067138672,1774.0
59.880001068115234,227.72000122070312,1775.0
59.52000045776367,228.3600006103516,1776.0
59.040000915527344,227.55999755859372,1777.0
58.59999847412109,63.15999984741211,1778.0
59.2400016784668,229.1999969482422,1779.0
59.31999969482422,229.0399932861328,1780.0
59.31999969482422,229.16000366210935,1781.0
59.560001373291016,228.8000030517578,1782.0
59.27999877929688,228.55999755859372,1783.0
59.400001525878906,228.5200042724609,1784.0
59.720001220703125,228.27999877929688,1785.0
59.36000061035156,228.3999938964844,1786.0
59.15999984741211,227.9199981689453,1787.0
59.47999954223633,228.27999877929688,1788.0
59.43999862670898,228.0399932861328,1789.0
58.91999816894531,227.63999938964844,1790.0
59.2400016784668,227.55999755859372,1791.0
58.720001220703125,228.27999877929688,1792.0
58.91999816894531,61.20000076293945,1793.0
59.400001525878906,60.68000030517578,1794.0
59.08000183105469,61.2400016784668,1795.0
58.59999847412109,239.3600006103516,1796.0
58.52000045776367,61.040000915527344,1797.0
59.08000183105469,60.59999847412109,1798.0
59.400001525878906,60.63999938964844,1799.0
59.119998931884766,228.0399932861328,1800.0
59.0,60.31999969482422,1801.0
59.2400016784668,60.63999938964844,1802.0
59.27999877929688,227.8800048828125,1803.0
58.59999847412109,227.32000732421875,1804.0
58.119998931884766,61.040000915527344,1805.0
58.68000030517578,228.0,1806.0
59.0,61.59999847412109,1807.0
59.0,61.79999923706055,1808.0
60.040000915527344,61.400001525878906,1809.0
59.2400016784668,239.9600067138672,1810.0
59.36000061035156,227.6000061035156,1811.0
58.7599983215332,228.2400054931641,1812.0
59.400001525878906,227.8800048828125,1813.0
59.0,227.9199981689453,1814.0
59.2400016784668,227.83999633789065,1815.0
58.0,228.0,1816.0
59.2400016784668,227.63999938964844,1817.0
59.68000030517578,239.9600067138672,1818.0
59.36000061035156,228.0,1819.0
59.0,228.67999267578125,1820.0
58.7599983215332,228.6000061035156,1821.0
58.47999954223633,228.3999938964844,1822.0
59.47999954223633,228.8800048828125,1823.0
59.959999084472656,230.0,1824.0
59.119998931884766,230.5200042724609,1825.0
59.43999862670898,228.63999938964844,1826.0
58.119998931884766,228.9199981689453,1827.0
57.31999969482422,228.44000244140625,1828.0
58.27999877929688,68.31999969482422,1829.0
59.0,239.9600067138672,1830.0
59.2400016784668,239.9600067138672,1831.0
59.43999862670898,235.2400054931641,1832.0
58.52000045776367,229.63999938964844,1833.0
58.7599983215332,229.83999633789065,1834.0
58.720001220703125,230.16000366210935,1835.0
59.400001525878906,230.75999450683597,1836.0
58.79999923706055,229.83999633789065,1837.0
58.68000030517578,113.04000091552734,1838.0
58.959999084472656,66.19999694824219,1839.0
58.59999847412109,66.04000091552734,1840.0
59.2400016784668,65.4000015258789,1841.0
59.20000076293945,227.0800018310547,1842.0
59.2400016784668,227.0399932861328,1843.0
58.91999816894531,227.1999969482422,1844.0
58.91999816894531,227.32000732421875,1845.0
58.36000061035156,227.1999969482422,1846.0
57.720001220703125,227.44000244140625,1847.0
58.08000183105469,239.9600067138672,1848.0
58.20000076293945,239.9600067138672,1849.0
57.7599983215332,239.9600067138672,1850.0
58.20000076293945,239.9600067138672,1851.0
58.43999862670898,65.31999969482422,1852.0
59.08000183105469,239.9600067138672,1853.0
58.91999816894531,227.9600067138672,1854.0
59.08000183105469,112.63999938964844,1855.0
57.31999969482422,228.75999450683597,1856.0
57.91999816894531,227.75999450683597,1857.0
58.20000076293945,228.0399932861328,1858.0
58.20000076293945,112.08000183105467,1859.0
58.84000015258789,66.04000091552734,1860.0
58.68000030517578,227.5200042724609,1861.0
58.52000045776367,239.9600067138672,1862.0
59.119998931884766,93.83999633789062,1863.0
59.2400016784668,93.83999633789062,1864.0
59.36000061035156,93.27999877929688,1865.0
59.36000061035156,229.3600006103516,1866.0
59.2400016784668,67.31999969482422,1867.0
59.2400016784668,66.83999633789062,1868.0
59.560001373291016,92.1999969482422,1869.0
57.7599983215332,230.16000366210935,1870.0
58.400001525878906,90.44000244140624,1871.0
59.20000076293945,239.9600067138672,1872.0
59.2400016784668,230.75999450683597,1873.0
59.47999954223633,90.63999938964844,1874.0
59.560001373291016,96.31999969482422,1875.0
59.15999984741211,91.23999786376952,1876.0
59.20000076293945,91.44000244140624,1877.0
59.0,94.36000061035156,1878.0
59.43999862670898,95.68000030517578,1879.0
59.040000915527344,229.32000732421875,1880.0
58.720001220703125,96.1999969482422,1881.0
59.15999984741211,96.8000030517578,1882.0
59.31999969482422,96.72000122070312,1883.0
58.91999816894531,228.8000030517578,1884.0
59.560001373291016,228.55999755859372,1885.0
59.400001525878906,95.72000122070312,1886.0
59.47999954223633,95.44000244140624,1887.0
59.7599983215332,95.87999725341795,1888.0
59.84000015258789,228.72000122070312,1889.0
59.27999877929688,95.76000213623048,1890.0
58.52000045776367,228.8000030517578,1891.0
58.52000045776367,95.83999633789062,1892.0
59.119998931884766,228.9199981689453,1893.0
58.59999847412109,228.67999267578125,1894.0
58.91999816894531,228.63999938964844,1895.0
58.880001068115234,228.5200042724609,1896.0
224.3999938964844,228.47999572753903,1897.0
58.52000045776367,228.55999755859372,1898.0
60.040000915527344,228.72000122070312,1899.0
63.43999862670898,87.5199966430664,1900.0
65.83999633789062,228.9600067138672,1901.0
59.47999954223633,228.47999572753903,1902.0
58.84000015258789,87.27999877929688,1903.0
58.27999877929688,96.44000244140624,1904.0
59.2400016784668,87.0,1905.0
59.31999969482422,228.44000244140625,1906.0
59.84000015258789,97.08000183105467,1907.0
59.040000915527344,97.08000183105467,1908.0
59.36000061035156,123.5999984741211,1909.0
58.47999954223633,239.9600067138672,1910.0
59.27999877929688,228.44000244140625,1911.0
58.400001525878906,239.9600067138672,1912.0
59.15999984741211,228.0,1913.0
58.7599983215332,227.9199981689453,1914.0
59.84000015258789,228.72000122070312,1915.0
59.7599983215332,228.72000122070312,1916.0
60.040000915527344,239.9600067138672,1917.0
58.720001220703125,239.9600067138672,1918.0
58.7599983215332,96.08000183105467,1919.0
59.119998931884766,96.44000244140624,1920.0
58.47999954223633,96.4000015258789,1921.0
59.2400016784668,97.04000091552734,1922.0
59.47999954223633,97.04000091552734,1923.0
144.67999267578125,228.72000122070312,1924.0
59.560001373291016,229.1999969482422,1925.0
59.31999969482422,228.67999267578125,1926.0
59.47999954223633,229.1199951171875,1927.0
59.63999938964844,228.32000732421875,1928.0
60.43999862670898,96.95999908447266,1929.0
59.68000030517578,96.87999725341795,1930.0
59.63999938964844,97.31999969482422,1931.0
59.27999877929688,97.31999969482422,1932.0
64.16000366210938,96.83999633789062,1933.0
63.84000015258789,97.12000274658205,1934.0
59.31999969482422,228.3600006103516,1935.0
59.47999954223633,97.4800033569336,1936.0
59.63999938964844,228.8000030517578,1937.0
59.400001525878906,228.72000122070312,1938.0
59.36000061035156,229.0,1939.0
59.43999862670898,229.3600006103516,1940.0
59.0,229.3600006103516,1941.0
59.15999984741211,230.0399932861328,1942.0
59.20000076293945,230.8000030517578,1943.0
59.560001373291016,230.5200042724609,1944.0
59.31999969482422,97.68000030517578,1945.0
58.84000015258789,229.8800048828125,1946.0
58.720001220703125,96.68000030517578,1947.0
58.84000015258789,96.23999786376952,1948.0
58.84000015258789,96.12000274658205,1949.0
60.040000915527344,228.9600067138672,1950.0
59.36000061035156,97.0,1951.0
58.84000015258789,101.23999786376952,1952.0
58.84000015258789,97.04000091552734,1953.0
59.2400016784668,114.63999938964844,1954.0
59.31999969482422,114.5999984741211,1955.0
60.43999862670898,114.4000015258789,1956.0
59.560001373291016,114.95999908447266,1957.0
59.31999969482422,114.23999786376952,1958.0
59.79999923706055,96.36000061035156,1959.0
59.63999938964844,115.23999786376952,1960.0
60.119998931884766,115.0,1961.0
59.2400016784668,115.08000183105467,1962.0
59.68000030517578,115.4000015258789,1963.0
59.47999954223633,115.36000061035156,1964.0
59.31999969482422,115.04000091552734,1965.0
59.31999969482422,114.55999755859376,1966.0
60.040000915527344,96.72000122070312,1967.0
59.720001220703125,96.36000061035156,1968.0
59.31999969482422,96.76000213623048,1969.0
59.560001373291016,97.4000015258789,1970.0
59.959999084472656,97.0,1971.0
59.119998931884766,97.08000183105467,1972.0
58.91999816894531,104.36000061035156,1973.0
58.720001220703125,106.12000274658205,1974.0
58.84000015258789,107.95999908447266,1975.0
59.400001525878906,107.23999786376952,1976.0
58.880001068115234,96.5199966430664,1977.0
58.84000015258789,96.76000213623048,1978.0
59.15999984741211,96.68000030517578,1979.0
58.91999816894531,96.1999969482422,1980.0
58.59999847412109,96.27999877929688,1981.0
57.7599983215332,96.31999969482422,1982.0
57.84000015258789,96.1999969482422,1983.0
57.20000076293945,96.63999938964844,1984.0
58.08000183105469,96.44000244140624,1985.0
58.20000076293945,96.4000015258789,1986.0
58.27999877929688,96.08000183105467,1987.0
59.040000915527344,95.4000015258789,1988.0
60.119998931884766,95.8000030517578,1989.0
59.119998931884766,106.4800033569336,1990.0
59.0,105.16000366210938,1991.0
59.84000015258789,94.91999816894533,1992.0
59.15999984741211,95.08000183105467,1993.0
59.08000183105469,94.5999984741211,1994.0
59.36000061035156,94.8000030517578,1995.0
59.2400016784668,94.5199966430664,1996.0
59.63999938964844,94.55999755859376,1997.0
59.20000076293945,94.5199966430664,1998.0
60.119998931884766,94.36000061035156,1999.0
60.20000076293945,94.87999725341795,2000.0
59.880001068115234,94.4800033569336,2001.0
59.560001373291016,94.55999755859376,2002.0
59.68000030517578,94.16000366210938,2003.0
59.68000030517578,94.5999984741211,2004.0
59.47999954223633,93.95999908447266,2005.0
59.68000030517578,94.5999984741211,2006.0
59.2400016784668,94.1999969482422,2007.0
59.119998931884766,228.83999633789065,2008.0
59.040000915527344,94.12000274658205,2009.0
59.880001068115234,228.6000061035156,2010.0
60.119998931884766,93.87999725341795,2011.0
59.119998931884766,93.95999908447266,2012.0
58.7599983215332,94.5999984741211,2013.0
58.68000030517578,94.5999984741211,2014.0
59.0,94.91999816894533,2015.0
59.040000915527344,94.68000030517578,2016.0
59.79999923706055,94.83999633789062,2017.0
59.400001525878906,67.4000015258789,2018.0
60.0,94.1999969482422,2019.0
59.52000045776367,230.0,2020.0
58.84000015258789,229.5200042724609,2021.0
59.040000915527344,94.5199966430664,2022.0
59.27999877929688,94.68000030517578,2023.0
59.15999984741211,94.76000213623048,2024.0
58.59999847412109,230.63999938964844,2025.0
58.91999816894531,67.76000213623047,2026.0
59.36000061035156,68.12000274658203,2027.0
59.31999969482422,229.67999267578125,2028.0
59.27999877929688,67.44000244140625,2029.0
58.400001525878906,67.27999877929688,2030.0
58.52000045776367,230.6000061035156,2031.0
58.91999816894531,67.19999694824219,2032.0
58.27999877929688,67.68000030517578,2033.0
59.52000045776367,67.68000030517578,2034.0
59.68000030517578,68.0,2035.0
59.0,67.91999816894531,2036.0
59.20000076293945,67.23999786376953,2037.0
59.119998931884766,93.27999877929688,2038.0
58.7599983215332,239.9600067138672,2039.0
59.040000915527344,93.68000030517578,2040.0
59.2400016784668,92.4000015258789,2041.0
58.720001220703125,91.95999908447266,2042.0
59.36000061035156,93.68000030517578,2043.0
59.08000183105469,92.27999877929688,2044.0
59.15999984741211,228.9600067138672,2045.0
59.15999984741211,93.16000366210938,2046.0
59.31999969482422,93.4800033569336,2047.0
59.400001525878906,93.23999786376952,2048.0
59.2400016784668,225.9199981689453,2049.0
59.84000015258789,92.91999816894533,2050.0
58.91999816894531,228.27999877929688,2051.0
58.91999816894531,68.27999877929688,2052.0
59.2400016784668,67.76000213623047,2053.0
58.560001373291016,68.19999694824219,2054.0
59.119998931884766,88.95999908447266,2055.0
58.36000061035156,67.91999816894531,2056.0
59.15999984741211,87.5999984741211,2057.0
59.040000915527344,67.95999908447266,2058.0
58.91999816894531,87.5999984741211,2059.0
59.2400016784668,68.5199966430664,2060.0
58.400001525878906,68.23999786376953,2061.0
59.31999969482422,68.27999877929688,2062.0
59.31999969482422,239.9600067138672,2063.0
59.31999969482422,84.44000244140625,2064.0
59.43999862670898,84.76000213623047,2065.0
59.52000045776367,86.5199966430664,2066.0
59.08000183105469,67.55999755859375,2067.0
59.27999877929688,67.55999755859375,2068.0
58.84000015258789,67.4000015258789,2069.0
58.20000076293945,67.16000366210938,2070.0
57.959999084472656,67.27999877929688,2071.0
58.59999847412109,67.55999755859375,2072.0
58.59999847412109,84.87999725341797,2073.0
58.400001525878906,227.47999572753903,2074.0
58.47999954223633,84.31999969482422,2075.0
58.52000045776367,84.23999786376953,2076.0
58.31999969482422,67.72000122070312,2077.0
58.91999816894531,83.5199966430664,2078.0
58.91999816894531,83.44000244140625,2079.0
59.560001373291016,83.04000091552734,2080.0
59.2400016784668,67.04000091552734,2081.0
58.84000015258789,66.95999908447266,2082.0
58.880001068115234,67.12000274658203,2083.0
59.2400016784668,81.68000030517578,2084.0
59.400001525878906,81.4000015258789,2085.0
58.91999816894531,67.55999755859375,2086.0
59.040000915527344,239.9600067138672,2087.0
59.040000915527344,68.44000244140625,2088.0
58.84000015258789,85.80000305175781,2089.0
59.20000076293945,84.5199966430664,2090.0
59.119998931884766,85.63999938964844,2091.0
59.2400016784668,227.2400054931641,2092.0
58.2400016784668,226.27999877929688,2093.0
59.880001068115234,226.9600067138672,2094.0
59.2400016784668,226.5200042724609,2095.0
59.15999984741211,68.12000274658203,2096.0
59.68000030517578,227.3600006103516,2097.0
59.880001068115234,67.23999786376953,2098.0
59.68000030517578,227.32000732421875,2099.0
59.119998931884766,66.95999908447266,2100.0
58.47999954223633,226.67999267578125,2101.0
58.36000061035156,67.23999786376953,2102.0
58.68000030517578,227.0800018310547,2103.0
59.2400016784668,67.68000030517578,2104.0
58.91999816894531,226.75999450683597,2105.0
59.2400016784668,226.6000061035156,2106.0
59.2400016784668,226.3999938964844,2107.0
58.84000015258789,226.3600006103516,2108.0
59.119998931884766,225.63999938964844,2109.0
58.84000015258789,226.3999938964844,2110.0
59.560001373291016,66.72000122070312,2111.0
59.47999954223633,66.68000030517578,2112.0
59.2400016784668,66.83999633789062,2113.0
59.63999938964844,227.16000366210935,2114.0
58.720001220703125,67.68000030517578,2115.0
59.560001373291016,227.16000366210935,2116.0
59.15999984741211,68.5999984741211,2117.0
59.2400016784668,227.0399932861328,2118.0
59.400001525878906,69.63999938964844,2119.0
58.36000061035156,87.80000305175781,2120.0
58.68000030517578,68.68000030517578,2121.0
59.27999877929688,87.08000183105469,2122.0
58.84000015258789,86.80000305175781,2123.0
57.959999084472656,227.0,2124.0
224.16000366210935,239.9600067138672,2125.0
59.31999969482422,225.72000122070312,2126.0
59.2400016784668,62.47999954223633,2127.0
59.36000061035156,226.1999969482422,2128.0
59.2400016784668,63.720001220703125,2129.0
58.68000030517578,227.0,2130.0
59.119998931884766,227.0,2131.0
59.43999862670898,77.55999755859375,2132.0
59.2400016784668,226.6000061035156,2133.0
59.91999816894531,77.19999694824219,2134.0
59.31999969482422,227.0800018310547,2135.0
60.20000076293945,227.16000366210935,2136.0
60.119998931884766,226.83999633789065,2137.0
59.68000030517578,226.9199981689453,2138.0
59.27999877929688,227.0,2139.0
59.27999877929688,63.84000015258789,2140.0
62.15999984741211,64.55999755859375,2141.0
59.91999816894531,227.1999969482422,2142.0
60.0,227.0399932861328,2143.0
59.0,226.63999938964844,2144.0
58.880001068115234,226.83999633789065,2145.0
58.68000030517578,67.76000213623047,2146.0
59.63999938964844,68.04000091552734,2147.0
59.040000915527344,68.04000091552734,2148.0
60.36000061035156,225.47999572753903,2149.0
60.36000061035156,67.95999908447266,2150.0
60.15999984741211,226.1999969482422,2151.0
59.2400016784668,67.5999984741211,2152.0
58.040000915527344,67.91999816894531,2153.0
59.040000915527344,66.27999877929688,2154.0
58.59999847412109,65.80000305175781,2155.0
59.040000915527344,66.12000274658203,2156.0
58.47999954223633,67.36000061035156,2157.0
58.68000030517578,68.23999786376953,2158.0
59.0,67.27999877929688,2159.0
59.2400016784668,67.27999877929688,2160.0
59.43999862670898,66.80000305175781,2161.0
64.44000244140625,65.19999694824219,2162.0
59.15999984741211,66.4800033569336,2163.0
58.79999923706055,65.12000274658203,2164.0
58.91999816894531,67.23999786376953,2165.0
59.27999877929688,64.72000122070312,2166.0
58.68000030517578,66.4000015258789,2167.0
59.08000183105469,66.36000061035156,2168.0
58.59999847412109,66.04000091552734,2169.0
58.400001525878906,67.27999877929688,2170.0
58.43999862670898,67.12000274658203,2171.0
58.59999847412109,69.27999877929688,2172.0
58.959999084472656,68.0,2173.0
58.84000015258789,67.72000122070312,2174.0
58.84000015258789,67.4000015258789,2175.0
58.959999084472656,67.68000030517578,2176.0
58.400001525878906,68.63999938964844,2177.0
58.91999816894531,68.04000091552734,2178.0
58.63999938964844,227.16000366210935,2179.0
58.47999954223633,67.5999984741211,2180.0
58.959999084472656,227.3600006103516,2181.0
58.68000030517578,63.84000015258789,2182.0
58.68000030517578,65.31999969482422,2183.0
58.59999847412109,66.08000183105469,2184.0
58.560001373291016,66.19999694824219,2185.0
57.43999862670898,66.5999984741211,2186.0
59.0,66.19999694824219,2187.0
59.08000183105469,65.5199966430664,2188.0
59.68000030517578,94.04000091552734,2189.0
59.560001373291016,94.1999969482422,2190.0
59.15999984741211,93.16000366210938,2191.0
59.040000915527344,65.72000122070312,2192.0
59.08000183105469,93.68000030517578,2193.0
58.59999847412109,63.47999954223633,2194.0
59.08000183105469,94.12000274658205,2195.0
59.36000061035156,63.08000183105469,2196.0
60.36000061035156,93.36000061035156,2197.0
59.720001220703125,227.9199981689453,2198.0
58.63999938964844,61.59999847412109,2199.0
58.84000015258789,67.31999969482422,2200.0
58.91999816894531,63.20000076293945,2201.0
57.959999084472656,65.95999908447266,2202.0
59.47999954223633,93.0,2203.0
58.52000045776367,63.68000030517578,2204.0
59.560001373291016,66.31999969482422,2205.0
58.36000061035156,66.36000061035156,2206.0
58.84000015258789,66.63999938964844,2207.0
58.59999847412109,66.04000091552734,2208.0
59.2400016784668,66.31999969482422,2209.0
59.2400016784668,65.68000030517578,2210.0
59.2400016784668,65.76000213623047,2211.0
59.08000183105469,239.9600067138672,2212.0
60.43999862670898,65.08000183105469,2213.0
59.119998931884766,239.9600067138672,2214.0
59.47999954223633,239.9600067138672,2215.0
59.43999862670898,239.9600067138672,2216.0
59.47999954223633,94.87999725341795,2217.0
58.68000030517578,239.9600067138672,2218.0
58.59999847412109,95.76000213623048,2219.0
58.68000030517578,239.9600067138672,2220.0
58.27999877929688,95.23999786376952,2221.0
58.59999847412109,94.04000091552734,2222.0
57.720001220703125,94.0,2223.0
58.400001525878906,62.560001373291016,2224.0
58.91999816894531,94.5199966430664,2225.0
58.880001068115234,67.23999786376953,2226.0
59.47999954223633,62.79999923706055,2227.0
58.84000015258789,239.9600067138672,2228.0
59.7599983215332,227.6000061035156,2229.0
58.84000015258789,227.1999969482422,2230.0
59.31999969482422,228.67999267578125,2231.0
60.2400016784668,63.040000915527344,2232.0
59.36000061035156,229.3600006103516,2233.0
59.31999969482422,227.16000366210935,2234.0
58.59999847412109,229.16000366210935,2235.0
58.47999954223633,226.3600006103516,2236.0
57.43999862670898,239.9600067138672,2237.0
58.560001373291016,62.119998931884766,2238.0
59.040000915527344,226.5200042724609,2239.0
58.59999847412109,230.2400054931641,2240.0
59.560001373291016,239.9600067138672,2241.0
58.7599983215332,229.8800048828125,2242.0
59.720001220703125,68.08000183105469,2243.0
59.36000061035156,230.0,2244.0
59.31999969482422,239.9600067138672,2245.0
59.560001373291016,230.3600006103516,2246.0
59.720001220703125,63.20000076293945,2247.0
60.43999862670898,94.1999969482422,2248.0
58.959999084472656,94.83999633789062,2249.0
58.43999862670898,94.04000091552734,2250.0
58.68000030517578,95.08000183105467,2251.0
58.91999816894531,93.4800033569336,2252.0
58.52000045776367,95.04000091552734,2253.0
59.91999816894531,93.87999725341795,2254.0
58.720001220703125,94.44000244140624,2255.0
58.36000061035156,93.95999908447266,2256.0
59.68000030517578,93.87999725341795,2257.0
59.84000015258789,94.12000274658205,2258.0
58.720001220703125,94.23999786376952,2259.0
58.68000030517578,94.12000274658205,2260.0
58.27999877929688,94.1999969482422,2261.0
59.31999969482422,94.55999755859376,2262.0
59.36000061035156,94.36000061035156,2263.0
59.47999954223633,94.5199966430664,2264.0
59.2400016784668,94.16000366210938,2265.0
58.720001220703125,94.1999969482422,2266.0
58.720001220703125,88.44000244140625,2267.0
58.27999877929688,94.12000274658205,2268.0
60.20000076293945,87.55999755859375,2269.0
58.91999816894531,93.76000213623048,2270.0
59.08000183105469,87.5199966430664,2271.0
60.27999877929688,86.87999725341797,2272.0
59.08000183105469,86.4000015258789,2273.0
58.7599983215332,88.36000061035156,2274.0
59.36000061035156,87.36000061035156,2275.0
59.2400016784668,86.80000305175781,2276.0
59.31999969482422,88.4000015258789,2277.0
58.68000030517578,86.16000366210938,2278.0
58.720001220703125,88.31999969482422,2279.0
59.43999862670898,89.12000274658203,2280.0
59.2400016784668,88.87999725341797,2281.0
59.36000061035156,89.4000015258789,2282.0
59.36000061035156,94.5999984741211,2283.0
59.43999862670898,87.27999877929688,2284.0
59.0,93.44000244140624,2285.0
59.36000061035156,86.55999755859375,2286.0
59.15999984741211,148.67999267578125,2287.0
58.68000030517578,86.5999984741211,2288.0
59.43999862670898,86.36000061035156,2289.0
59.2400016784668,86.31999969482422,2290.0
59.31999969482422,86.36000061035156,2291.0
58.68000030517578,231.1199951171875,2292.0
59.36000061035156,86.12000274658203,2293.0
59.47999954223633,92.83999633789062,2294.0
59.47999954223633,86.36000061035156,2295.0
59.15999984741211,62.91999816894531,2296.0
59.400001525878906,63.68000030517578,2297.0
59.119998931884766,64.55999755859375,2298.0
59.31999969482422,234.2400054931641,2299.0
59.2400016784668,231.55999755859372,2300.0
59.63999938964844,91.55999755859376,2301.0
59.47999954223633,91.0,2302.0
59.2400016784668,91.5199966430664,2303.0
59.63999938964844,91.27999877929688,2304.0
59.91999816894531,90.76000213623048,2305.0
59.0,90.5199966430664,2306.0
59.15999984741211,65.91999816894531,2307.0
59.31999969482422,90.31999969482422,2308.0
59.2400016784668,230.63999938964844,2309.0
59.2400016784668,90.0,2310.0
59.2400016784668,90.4000015258789,2311.0
58.68000030517578,89.31999969482422,2312.0
59.31999969482422,91.27999877929688,2313.0
58.560001373291016,89.87999725341797,2314.0
59.0,91.5999984741211,2315.0
59.400001525878906,91.5999984741211,2316.0
58.59999847412109,90.72000122070312,2317.0
58.040000915527344,91.68000030517578,2318.0
58.7599983215332,90.8000030517578,2319.0
59.36000061035156,91.31999969482422,2320.0
59.08000183105469,90.63999938964844,2321.0
59.68000030517578,91.12000274658205,2322.0
59.880001068115234,91.12000274658205,2323.0
59.0,91.04000091552734,2324.0
59.2400016784668,91.76000213623048,2325.0
58.84000015258789,90.8000030517578,2326.0
58.59999847412109,90.5199966430664,2327.0
59.0,90.5999984741211,2328.0
59.880001068115234,90.4000015258789,2329.0
59.0,90.23999786376952,2330.0
59.15999984741211,90.68000030517578,2331.0
58.79999923706055,90.36000061035156,2332.0
58.720001220703125,92.83999633789062,2333.0
58.27999877929688,90.63999938964844,2334.0
58.84000015258789,91.27999877929688,2335.0
59.36000061035156,91.27999877929688,2336.0
58.91999816894531,89.63999938964844,2337.0
58.84000015258789,67.31999969482422,2338.0
59.36000061035156,67.4000015258789,2339.0
59.880001068115234,67.4800033569336,2340.0
59.79999923706055,67.87999725341797,2341.0
59.20000076293945,67.4800033569336,2342.0
59.400001525878906,68.19999694824219,2343.0
59.560001373291016,67.23999786376953,2344.0
59.31999969482422,68.23999786376953,2345.0
59.31999969482422,67.83999633789062,2346.0
59.08000183105469,68.16000366210938,2347.0
60.08000183105469,67.31999969482422,2348.0
59.79999923706055,67.55999755859375,2349.0
60.43999862670898,67.23999786376953,2350.0
60.36000061035156,91.31999969482422,2351.0
59.2400016784668,91.5999984741211,2352.0
59.560001373291016,91.27999877929688,2353.0
59.400001525878906,90.95999908447266,2354.0
58.59999847412109,72.12000274658203,2355.0
58.7599983215332,72.63999938964844,2356.0
59.2400016784668,71.68000030517578,2357.0
58.84000015258789,72.16000366210938,2358.0
59.84000015258789,72.27999877929688,2359.0
59.20000076293945,68.83999633789062,2360.0
59.15999984741211,73.08000183105469,2361.0
59.47999954223633,71.55999755859375,2362.0
59.47999954223633,71.76000213623047,2363.0
59.15999984741211,68.5199966430664,2364.0
59.0,68.95999908447266,2365.0
59.36000061035156,230.44000244140625,2366.0
59.36000061035156,60.0,2367.0
59.79999923706055,60.560001373291016,2368.0
59.47999954223633,60.08000183105469,2369.0
59.15999984741211,60.36000061035156,2370.0
59.47999954223633,60.400001525878906,2371.0
58.43999862670898,60.0,2372.0
58.47999954223633,60.2400016784668,2373.0
58.84000015258789,60.119998931884766,2374.0
58.7599983215332,62.20000076293945,2375.0
59.15999984741211,61.20000076293945,2376.0
58.52000045776367,239.9600067138672,2377.0
59.08000183105469,62.20000076293945,2378.0
59.08000183105469,230.8000030517578,2379.0
59.720001220703125,92.68000030517578,2380.0
60.119998931884766,225.3999938964844,2381.0
58.36000061035156,92.44000244140624,2382.0
58.59999847412109,91.5999984741211,2383.0
61.0,92.0,2384.0
59.880001068115234,92.55999755859376,2385.0
59.47999954223633,87.12000274658203,2386.0
59.15999984741211,92.1999969482422,2387.0
60.560001373291016,86.80000305175781,2388.0
58.91999816894531,92.27999877929688,2389.0
58.59999847412109,87.44000244140625,2390.0
58.7599983215332,86.87999725341797,2391.0
58.7599983215332,88.08000183105469,2392.0
59.959999084472656,87.19999694824219,2393.0
58.68000030517578,88.0,2394.0
58.52000045776367,61.63999938964844,2395.0
58.59999847412109,67.12000274658203,2396.0
59.2400016784668,67.68000030517578,2397.0
59.040000915527344,67.95999908447266,2398.0
59.7599983215332,62.08000183105469,2399.0
59.36000061035156,92.08000183105467,2400.0
59.15999984741211,66.80000305175781,2401.0
59.15999984741211,66.55999755859375,2402.0
58.91999816894531,92.1999969482422,2403.0
59.400001525878906,87.5999984741211,2404.0
58.52000045776367,91.4800033569336,2405.0
58.52000045776367,87.63999938964844,2406.0
57.84000015258789,92.5199966430664,2407.0
57.63999938964844,91.12000274658205,2408.0
58.119998931884766,92.68000030517578,2409.0
59.08000183105469,92.4000015258789,2410.0
59.79999923706055,87.80000305175781,2411.0
58.84000015258789,92.16000366210938,2412.0
58.84000015258789,92.08000183105467,2413.0
59.400001525878906,92.08000183105467,2414.0
59.15999984741211,90.31999969482422,2415.0
59.400001525878906,93.36000061035156,2416.0
59.400001525878906,89.68000030517578,2417.0
59.040000915527344,93.36000061035156,2418.0
58.84000015258789,88.87999725341797,2419.0
58.27999877929688,86.44000244140625,2420.0
58.7599983215332,85.63999938964844,2421.0
58.7599983215332,85.04000091552734,2422.0
58.52000045776367,86.16000366210938,2423.0
58.400001525878906,85.68000030517578,2424.0
58.68000030517578,86.76000213623047,2425.0
58.43999862670898,86.83999633789062,2426.0
59.119998931884766,87.31999969482422,2427.0
58.36000061035156,86.63999938964844,2428.0
58.560001373291016,92.72000122070312,2429.0
58.36000061035156,93.44000244140624,2430.0
58.59999847412109,93.72000122070312,2431.0
59.0,93.55999755859376,2432.0
60.20000076293945,92.8000030517578,2433.0
59.27999877929688,93.04000091552734,2434.0
59.08000183105469,93.4800033569336,2435.0
59.400001525878906,93.4000015258789,2436.0
59.560001373291016,92.87999725341795,2437.0
58.91999816894531,93.27999877929688,2438.0
59.0,91.68000030517578,2439.0
58.20000076293945,92.68000030517578,2440.0
59.0,86.68000030517578,2441.0
58.47999954223633,87.31999969482422,2442.0
58.08000183105469,87.44000244140625,2443.0
58.43999862670898,86.36000061035156,2444.0
58.36000061035156,86.04000091552734,2445.0
58.68000030517578,86.83999633789062,2446.0
58.27999877929688,86.08000183105469,2447.0
58.880001068115234,86.4800033569336,2448.0
58.720001220703125,86.80000305175781,2449.0
59.36000061035156,87.04000091552734,2450.0
59.0,87.4800033569336,2451.0
59.52000045776367,91.91999816894533,2452.0
59.15999984741211,92.63999938964844,2453.0
58.91999816894531,92.5999984741211,2454.0
57.84000015258789,91.72000122070312,2455.0
58.7599983215332,92.36000061035156,2456.0
58.59999847412109,111.08000183105467,2457.0
58.84000015258789,92.63999938964844,2458.0
59.08000183105469,92.5199966430664,2459.0
58.91999816894531,90.55999755859376,2460.0
58.7599983215332,64.36000061035156,2461.0
59.31999969482422,86.87999725341797,2462.0
59.52000045776367,62.959999084472656,2463.0
59.20000076293945,86.72000122070312,2464.0
59.08000183105469,87.5999984741211,2465.0
57.880001068115234,94.12000274658205,2466.0
58.91999816894531,63.08000183105469,2467.0
58.0,66.5999984741211,2468.0
59.15999984741211,68.27999877929688,2469.0
58.43999862670898,67.12000274658203,2470.0
59.15999984741211,93.4000015258789,2471.0
60.52000045776367,67.76000213623047,2472.0
58.59999847412109,93.55999755859376,2473.0
58.880001068115234,68.27999877929688,2474.0
59.36000061035156,93.1999969482422,2475.0
59.0,92.8000030517578,2476.0
58.27999877929688,92.76000213623048,2477.0
59.08000183105469,92.5999984741211,2478.0
58.59999847412109,92.83999633789062,2479.0
58.52000045776367,92.76000213623048,2480.0
58.59999847412109,92.91999816894533,2481.0
58.91999816894531,91.72000122070312,2482.0
59.31999969482422,93.4000015258789,2483.0
58.20000076293945,92.27999877929688,2484.0
58.2400016784668,93.08000183105467,2485.0
59.27999877929688,93.44000244140624,2486.0
59.31999969482422,93.87999725341795,2487.0
59.0,92.76000213623048,2488.0
58.36000061035156,93.72000122070312,2489.0
59.84000015258789,92.8000030517578,2490.0
59.0,93.91999816894533,2491.0
58.560001373291016,69.0,2492.0
58.91999816894531,73.44000244140625,2493.0
58.959999084472656,72.68000030517578,2494.0
60.400001525878906,74.27999877929688,2495.0
59.400001525878906,73.27999877929688,2496.0
59.27999877929688,72.31999969482422,2497.0
59.400001525878906,69.36000061035156,2498.0
58.560001373291016,71.55999755859375,2499.0
58.2400016784668,69.27999877929688,2500.0
58.52000045776367,69.80000305175781,2501.0
59.040000915527344,68.31999969482422,2502.0
59.0,79.55999755859375,2503.0
58.7599983215332,68.19999694824219,2504.0
59.400001525878906,80.72000122070312,2505.0
59.91999816894531,67.4800033569336,2506.0
59.400001525878906,89.68000030517578,2507.0
59.400001525878906,60.52000045776367,2508.0
59.2400016784668,89.23999786376953,2509.0
60.0,60.52000045776367,2510.0
58.400001525878906,89.36000061035156,2511.0
58.560001373291016,89.12000274658203,2512.0
59.08000183105469,89.08000183105469,2513.0
58.52000045776367,87.72000122070312,2514.0
58.68000030517578,69.55999755859375,2515.0
58.84000015258789,87.91999816894531,2516.0
59.79999923706055,88.55999755859375,2517.0
59.400001525878906,88.5999984741211,2518.0
60.47999954223633,76.04000091552734,2519.0
59.36000061035156,88.4800033569336,2520.0
59.119998931884766,89.0,2521.0
58.91999816894531,88.76000213623047,2522.0
59.15999984741211,87.44000244140625,2523.0
59.040000915527344,66.16000366210938,2524.0
59.400001525878906,92.27999877929688,2525.0
58.63999938964844,89.55999755859375,2526.0
58.880001068115234,67.16000366210938,2527.0
58.84000015258789,89.55999755859375,2528.0
58.040000915527344,61.27999877929688,2529.0
57.91999816894531,67.44000244140625,2530.0
57.560001373291016,67.23999786376953,2531.0
57.79999923706055,67.55999755859375,2532.0
58.79999923706055,66.76000213623047,2533.0
58.43999862670898,65.83999633789062,2534.0
60.119998931884766,67.68000030517578,2535.0
59.79999923706055,65.83999633789062,2536.0
59.36000061035156,65.87999725341797,2537.0
58.119998931884766,66.68000030517578,2538.0
57.79999923706055,67.08000183105469,2539.0
58.560001373291016,66.80000305175781,2540.0
58.7599983215332,65.80000305175781,2541.0
59.040000915527344,66.36000061035156,2542.0
59.400001525878906,65.4800033569336,2543.0
59.0,65.80000305175781,2544.0
59.31999969482422,93.16000366210938,2545.0
59.63999938964844,68.04000091552734,2546.0
59.59999847412109,67.5199966430664,2547.0
60.08000183105469,65.76000213623047,2548.0
59.2400016784668,65.87999725341797,2549.0
59.720001220703125,66.27999877929688,2550.0
59.63999938964844,66.36000061035156,2551.0
59.36000061035156,66.72000122070312,2552.0
59.119998931884766,93.04000091552734,2553.0
59.880001068115234,87.63999938964844,2554.0
59.15999984741211,66.68000030517578,2555.0
58.79999923706055,92.08000183105467,2556.0
59.20000076293945,93.08000183105467,2557.0
58.68000030517578,92.76000213623048,2558.0
58.560001373291016,92.44000244140624,2559.0
58.15999984741211,229.9199981689453,2560.0
59.59999847412109,230.0399932861328,2561.0
59.59999847412109,93.8000030517578,2562.0
59.08000183105469,229.72000122070312,2563.0
58.720001220703125,229.83999633789065,2564.0
57.68000030517578,230.1999969482422,2565.0
58.400001525878906,229.6000061035156,2566.0
58.959999084472656,229.8800048828125,2567.0
58.84000015258789,71.31999969482422,2568.0
58.59999847412109,229.67999267578125,2569.0
59.15999984741211,69.16000366210938,2570.0
59.43999862670898,69.23999786376953,2571.0
59.720001220703125,70.16000366210938,2572.0
58.560001373291016,69.80000305175781,2573.0
59.720001220703125,69.5199966430664,2574.0
59.47999954223633,69.16000366210938,2575.0
58.59999847412109,68.87999725341797,2576.0
58.040000915527344,69.16000366210938,2577.0
58.59999847412109,69.36000061035156,2578.0
57.84000015258789,68.68000030517578,2579.0
57.880001068115234,68.87999725341797,2580.0
59.15999984741211,230.9600067138672,2581.0
58.43999862670898,231.0399932861328,2582.0
58.68000030517578,230.32000732421875,2583.0
58.79999923706055,230.2400054931641,2584.0
58.68000030517578,230.0,2585.0
58.880001068115234,230.16000366210935,2586.0
59.08000183105469,229.8000030517578,2587.0
59.0,230.1999969482422,2588.0
59.84000015258789,93.12000274658205,2589.0
58.84000015258789,230.0399932861328,2590.0
59.08000183105469,93.4000015258789,2591.0
59.560001373291016,62.20000076293945,2592.0
58.91999816894531,61.959999084472656,2593.0
58.59999847412109,93.16000366210938,2594.0
59.0,93.68000030517578,2595.0
57.84000015258789,93.63999938964844,2596.0
58.68000030517578,93.04000091552734,2597.0
58.84000015258789,92.4800033569336,2598.0
58.59999847412109,92.76000213623048,2599.0
59.20000076293945,93.04000091552734,2600.0
60.20000076293945,93.23999786376952,2601.0
60.43999862670898,93.31999969482422,2602.0
58.7599983215332,92.4000015258789,2603.0
58.43999862670898,91.31999969482422,2604.0
58.84000015258789,91.5999984741211,2605.0
57.79999923706055,86.91999816894531,2606.0
57.63999938964844,184.2400054931641,2607.0
58.08000183105469,84.23999786376953,2608.0
58.91999816894531,84.19999694824219,2609.0
57.79999923706055,84.08000183105469,2610.0
57.880001068115234,83.68000030517578,2611.0
58.68000030517578,84.36000061035156,2612.0
59.400001525878906,84.36000061035156,2613.0
59.08000183105469,92.16000366210938,2614.0
59.08000183105469,92.63999938964844,2615.0
59.040000915527344,92.36000061035156,2616.0
58.27999877929688,92.31999969482422,2617.0
57.959999084472656,92.83999633789062,2618.0
57.52000045776367,93.63999938964844,2619.0
56.59999847412109,93.31999969482422,2620.0
58.20000076293945,93.4800033569336,2621.0
58.560001373291016,93.08000183105467,2622.0
58.7599983215332,94.16000366210938,2623.0
58.68000030517578,93.8000030517578,2624.0
57.52000045776367,94.27999877929688,2625.0
56.20000076293945,94.08000183105467,2626.0
58.08000183105469,94.16000366210938,2627.0
57.560001373291016,94.16000366210938,2628.0
58.040000915527344,94.12000274658205,2629.0
57.63999938964844,94.1999969482422,2630.0
57.560001373291016,94.31999969482422,2631.0
58.119998931884766,94.5999984741211,2632.0
58.27999877929688,94.5199966430664,2633.0
58.119998931884766,94.55999755859376,2634.0
59.040000915527344,94.83999633789062,2635.0
58.15999984741211,61.2400016784668,2636.0
58.59999847412109,61.560001373291016,2637.0
58.119998931884766,118.27999877929688,2638.0
58.119998931884766,117.95999908447266,2639.0
57.560001373291016,118.16000366210938,2640.0
58.7599983215332,82.80000305175781,2641.0
57.52000045776367,82.80000305175781,2642.0
58.43999862670898,82.87999725341797,2643.0
58.52000045776367,83.08000183105469,2644.0
59.08000183105469,83.04000091552734,2645.0
58.560001373291016,83.16000366210938,2646.0
58.47999954223633,83.04000091552734,2647.0
58.7599983215332,61.959999084472656,2648.0
58.31999969482422,59.63999938964844,2649.0
58.040000915527344,61.91999816894531,2650.0
58.84000015258789,62.91999816894531,2651.0
58.43999862670898,60.47999954223633,2652.0
58.20000076293945,195.63999938964844,2653.0
57.84000015258789,195.55999755859372,2654.0
57.720001220703125,63.68000030517578,2655.0
57.63999938964844,63.400001525878906,2656.0
57.79999923706055,64.12000274658203,2657.0
58.08000183105469,64.23999786376953,2658.0
46.119998931884766,239.9600067138672,2659.0
63.27999877929688,86.4800033569336,2660.0
215.9199981689453,86.16000366210938,2661.0
215.9199981689453,86.83999633789062,2662.0
44.560001373291016,86.4800033569336,2663.0
60.119998931884766,85.31999969482422,2664.0
59.20000076293945,84.87999725341797,2665.0
82.27999877929688,100.5199966430664,2666.0
82.36000061035156,88.19999694824219,2667.0
57.79999923706055,88.16000366210938,2668.0
57.52000045776367,239.9600067138672,2669.0
57.31999969482422,63.79999923706055,2670.0
59.59999847412109,62.15999984741211,2671.0
57.959999084472656,63.959999084472656,2672.0
57.20000076293945,63.91999816894531,2673.0
57.959999084472656,63.880001068115234,2674.0
54.43999862670898,63.27999877929688,2675.0
57.560001373291016,63.720001220703125,2676.0
59.040000915527344,63.63999938964844,2677.0
58.720001220703125,63.2400016784668,2678.0
62.79999923706055,63.91999816894531,2679.0
56.91999816894531,64.16000366210938,2680.0
59.400001525878906,64.23999786376953,2681.0
59.720001220703125,64.04000091552734,2682.0
58.63999938964844,63.400001525878906,2683.0
58.7599983215332,62.15999984741211,2684.0
58.36000061035156,62.0,2685.0
58.20000076293945,62.15999984741211,2686.0
57.720001220703125,62.2400016784668,2687.0
59.43999862670898,62.27999877929688,2688.0
58.040000915527344,62.560001373291016,2689.0
58.0,62.91999816894531,2690.0
59.119998931884766,62.119998931884766,2691.0
57.720001220703125,63.119998931884766,2692.0
59.2400016784668,61.79999923706055,2693.0
59.79999923706055,63.84000015258789,2694.0
58.119998931884766,63.52000045776367,2695.0
58.43999862670898,63.08000183105469,2696.0
58.52000045776367,63.08000183105469,2697.0
58.36000061035156,64.08000183105469,2698.0
58.20000076293945,63.84000015258789,2699.0
58.91999816894531,62.560001373291016,2700.0
59.2400016784668,63.08000183105469,2701.0
57.720001220703125,63.040000915527344,2702.0
58.79999923706055,232.1199951171875,2703.0
58.79999923706055,68.72000122070312,2704.0
58.36000061035156,231.75999450683597,2705.0
58.59999847412109,67.87999725341797,2706.0
59.119998931884766,230.32000732421875,2707.0
60.20000076293945,66.27999877929688,2708.0
59.47999954223633,66.27999877929688,2709.0
56.36000061035156,65.95999908447266,2710.0
42.79999923706055,63.720001220703125,2711.0
59.040000915527344,67.72000122070312,2712.0
59.36000061035156,62.720001220703125,2713.0
58.59999847412109,62.59999847412109,2714.0
58.59999847412109,62.15999984741211,2715.0
58.27999877929688,63.7599983215332,2716.0
58.400001525878906,63.720001220703125,2717.0
58.959999084472656,63.880001068115234,2718.0
58.84000015258789,63.68000030517578,2719.0
59.27999877929688,62.91999816894531,2720.0
57.400001525878906,63.43999862670898,2721.0
59.79999923706055,63.15999984741211,2722.0
58.31999969482422,63.43999862670898,2723.0
58.27999877929688,63.400001525878906,2724.0
57.7599983215332,63.31999969482422,2725.0
60.36000061035156,64.23999786376953,2726.0
59.79999923706055,64.0,2727.0
58.84000015258789,64.5199966430664,2728.0
58.20000076293945,62.91999816894531,2729.0
58.7599983215332,62.880001068115234,2730.0
58.040000915527344,62.91999816894531,2731.0
58.43999862670898,62.47999954223633,2732.0
58.15999984741211,62.119998931884766,2733.0
58.91999816894531,62.84000015258789,2734.0
58.59999847412109,64.08000183105469,2735.0
58.79999923706055,62.91999816894531,2736.0
58.959999084472656,64.08000183105469,2737.0
58.63999938964844,225.2400054931641,2738.0
58.27999877929688,64.19999694824219,2739.0
58.91999816894531,62.91999816894531,2740.0
59.119998931884766,62.7599983215332,2741.0
58.52000045776367,226.47999572753903,2742.0
59.400001525878906,63.08000183105469,2743.0
61.08000183105469,63.119998931884766,2744.0
59.52000045776367,227.32000732421875,2745.0
59.0,227.2400054931641,2746.0
58.43999862670898,71.4000015258789,2747.0
59.31999969482422,71.80000305175781,2748.0
60.0,227.72000122070312,2749.0
58.7599983215332,71.5199966430664,2750.0
59.47999954223633,227.6000061035156,2751.0
58.7599983215332,227.83999633789065,2752.0
59.27999877929688,227.8800048828125,2753.0
60.119998931884766,227.8000030517578,2754.0
59.91999816894531,228.3999938964844,2755.0
59.2400016784668,227.8800048828125,2756.0
59.59999847412109,114.63999938964844,2757.0
59.79999923706055,228.2400054931641,2758.0
58.91999816894531,228.2400054931641,2759.0
59.15999984741211,63.08000183105469,2760.0
59.959999084472656,63.59999847412109,2761.0
59.15999984741211,63.79999923706055,2762.0
58.91999816894531,64.4800033569336,2763.0
60.040000915527344,118.12000274658205,2764.0
59.119998931884766,63.84000015258789,2765.0
59.720001220703125,63.560001373291016,2766.0
61.0,62.43999862670898,2767.0
58.400001525878906,116.1999969482422,2768.0
59.7599983215332,228.5200042724609,2769.0
57.36000061035156,228.44000244140625,2770.0
58.7599983215332,227.83999633789065,2771.0
58.52000045776367,227.44000244140625,2772.0
59.91999816894531,227.44000244140625,2773.0
59.08000183105469,227.3999938964844,2774.0
58.79999923706055,227.55999755859372,2775.0
58.400001525878906,227.32000732421875,2776.0
58.84000015258789,89.0,2777.0
59.63999938964844,88.27999877929688,2778.0
58.43999862670898,116.5199966430664,2779.0
59.27999877929688,87.95999908447266,2780.0
58.43999862670898,88.68000030517578,2781.0
59.84000015258789,225.8000030517578,2782.0
59.84000015258789,62.119998931884766,2783.0
59.040000915527344,62.15999984741211,2784.0
59.84000015258789,62.43999862670898,2785.0
58.400001525878906,61.59999847412109,2786.0
58.119998931884766,62.47999954223633,2787.0
59.0,62.31999969482422,2788.0
58.47999954223633,62.20000076293945,2789.0
59.560001373291016,69.0,2790.0
59.79999923706055,68.87999725341797,2791.0
57.47999954223633,69.4000015258789,2792.0
58.59999847412109,70.83999633789062,2793.0
57.560001373291016,71.08000183105469,2794.0
57.119998931884766,239.9600067138672,2795.0
59.119998931884766,71.23999786376953,2796.0
58.52000045776367,239.9600067138672,2797.0
58.040000915527344,239.9600067138672,2798.0
58.040000915527344,239.9600067138672,2799.0
58.400001525878906,239.9600067138672,2800.0
58.119998931884766,239.9600067138672,2801.0
58.08000183105469,239.9600067138672,2802.0
58.15999984741211,63.84000015258789,2803.0
59.400001525878906,63.720001220703125,2804.0
58.68000030517578,71.04000091552734,2805.0
58.91999816894531,68.19999694824219,2806.0
59.2400016784668,71.63999938964844,2807.0
58.08000183105469,68.95999908447266,2808.0
58.52000045776367,226.0399932861328,2809.0
59.959999084472656,226.3999938964844,2810.0
61.08000183105469,226.3600006103516,2811.0
58.52000045776367,226.0,2812.0
58.91999816894531,225.47999572753903,2813.0
58.720001220703125,67.36000061035156,2814.0
59.720001220703125,65.83999633789062,2815.0
58.59999847412109,63.720001220703125,2816.0
58.43999862670898,225.63999938964844,2817.0
57.59999847412109,225.83999633789065,2818.0
59.08000183105469,65.0,2819.0
58.0,65.91999816894531,2820.0
58.27999877929688,64.80000305175781,2821.0
58.720001220703125,64.04000091552734,2822.0
57.959999084472656,65.63999938964844,2823.0
57.040000915527344,63.59999847412109,2824.0
59.400001525878906,67.55999755859375,2825.0
58.59999847412109,67.44000244140625,2826.0
58.68000030517578,225.55999755859372,2827.0
58.84000015258789,100.08000183105467,2828.0
58.31999969482422,225.3600006103516,2829.0
59.68000030517578,73.95999908447266,2830.0
58.27999877929688,74.12000274658203,2831.0
58.720001220703125,73.83999633789062,2832.0
60.959999084472656,71.55999755859375,2833.0
59.15999984741211,225.3999938964844,2834.0
59.040000915527344,225.3999938964844,2835.0
59.08000183105469,225.72000122070312,2836.0
60.91999816894531,71.76000213623047,2837.0
59.119998931884766,67.36000061035156,2838.0
58.400001525878906,66.04000091552734,2839.0
62.0,67.72000122070312,2840.0
59.15999984741211,68.23999786376953,2841.0
58.720001220703125,67.91999816894531,2842.0
58.27999877929688,68.27999877929688,2843.0
59.040000915527344,68.04000091552734,2844.0
58.59999847412109,67.72000122070312,2845.0
58.84000015258789,67.23999786376953,2846.0
57.43999862670898,67.31999969482422,2847.0
60.43999862670898,67.36000061035156,2848.0
58.43999862670898,67.83999633789062,2849.0
59.91999816894531,67.68000030517578,2850.0
57.68000030517578,67.91999816894531,2851.0
58.959999084472656,67.83999633789062,2852.0
58.47999954223633,68.31999969482422,2853.0
60.0,69.23999786376953,2854.0
60.27999877929688,68.5199966430664,2855.0
59.84000015258789,68.4800033569336,2856.0
59.31999969482422,69.12000274658203,2857.0
59.43999862670898,68.83999633789062,2858.0
59.31999969482422,67.36000061035156,2859.0
59.47999954223633,67.55999755859375,2860.0
59.2400016784668,226.6000061035156,2861.0
59.15999984741211,88.36000061035156,2862.0
58.7599983215332,239.9600067138672,2863.0
59.7599983215332,88.63999938964844,2864.0
59.36000061035156,88.08000183105469,2865.0
58.36000061035156,239.9600067138672,2866.0
58.7599983215332,239.9600067138672,2867.0
59.27999877929688,239.9600067138672,2868.0
61.52000045776367,88.08000183105469,2869.0
59.720001220703125,239.9600067138672,2870.0
62.2400016784668,225.83999633789065,2871.0
59.79999923706055,63.43999862670898,2872.0
60.2400016784668,68.27999877929688,2873.0
59.2400016784668,228.9600067138672,2874.0
59.400001525878906,67.72000122070312,2875.0
59.0,67.76000213623047,2876.0
58.560001373291016,68.91999816894531,2877.0
59.400001525878906,68.5199966430664,2878.0
58.59999847412109,68.63999938964844,2879.0
58.79999923706055,227.8000030517578,2880.0
59.47999954223633,67.87999725341797,2881.0
59.7599983215332,69.23999786376953,2882.0
59.08000183105469,62.560001373291016,2883.0
59.400001525878906,228.3999938964844,2884.0
59.2400016784668,228.1199951171875,2885.0
58.68000030517578,228.55999755859372,2886.0
58.79999923706055,62.43999862670898,2887.0
59.0,228.44000244140625,2888.0
58.84000015258789,227.9199981689453,2889.0
58.52000045776367,228.0800018310547,2890.0
58.59999847412109,227.8000030517578,2891.0
58.68000030517578,227.27999877929688,2892.0
58.68000030517578,227.3999938964844,2893.0
58.7599983215332,228.0800018310547,2894.0
58.15999984741211,227.8800048828125,2895.0
58.400001525878906,227.9199981689453,2896.0
58.400001525878906,228.0800018310547,2897.0
58.84000015258789,228.1999969482422,2898.0
59.880001068115234,228.2400054931641,2899.0
58.959999084472656,227.72000122070312,2900.0
59.400001525878906,227.63999938964844,2901.0
60.68000030517578,227.47999572753903,2902.0
59.720001220703125,227.63999938964844,2903.0
60.15999984741211,227.1999969482422,2904.0
60.2400016784668,227.6000061035156,2905.0
59.040000915527344,227.8000030517578,2906.0
59.560001373291016,227.8000030517578,2907.0
59.560001373291016,227.75999450683597,2908.0
59.20000076293945,227.8000030517578,2909.0
59.15999984741211,227.9600067138672,2910.0
59.2400016784668,227.63999938964844,2911.0
58.52000045776367,228.0,2912.0
59.27999877929688,228.0800018310547,2913.0
58.91999816894531,62.91999816894531,2914.0
59.119998931884766,63.08000183105469,2915.0
60.52000045776367,63.08000183105469,2916.0
58.400001525878906,62.84000015258789,2917.0
60.36000061035156,228.2400054931641,2918.0
58.43999862670898,227.9199981689453,2919.0
57.36000061035156,62.36000061035156,2920.0
57.36000061035156,62.959999084472656,2921.0
58.0,228.55999755859372,2922.0
24.239999771118164,62.31999969482422,2923.0
59.959999084472656,62.52000045776367,2924.0
59.27999877929688,62.15999984741211,2925.0
61.119998931884766,62.560001373291016,2926.0
60.84000015258789,62.959999084472656,2927.0
60.15999984741211,63.2400016784668,2928.0
60.7599983215332,63.59999847412109,2929.0
59.63999938964844,63.27999877929688,2930.0
60.400001525878906,63.68000030517578,2931.0
59.08000183105469,63.43999862670898,2932.0
56.84000015258789,63.47999954223633,2933.0
61.43999862670898,63.15999984741211,2934.0
59.400001525878906,63.040000915527344,2935.0
59.27999877929688,63.15999984741211,2936.0
57.59999847412109,62.880001068115234,2937.0
60.68000030517578,63.20000076293945,2938.0
63.2400016784668,62.959999084472656,2939.0
57.47999954223633,63.36000061035156,2940.0
57.52000045776367,63.79999923706055,2941.0
57.79999923706055,64.16000366210938,2942.0
57.720001220703125,64.08000183105469,2943.0
57.400001525878906,63.560001373291016,2944.0
58.2400016784668,63.52000045776367,2945.0
57.52000045776367,63.119998931884766,2946.0
58.59999847412109,62.880001068115234,2947.0
59.400001525878906,62.43999862670898,2948.0
60.7599983215332,63.08000183105469,2949.0
59.880001068115234,63.20000076293945,2950.0
60.52000045776367,63.20000076293945,2951.0
61.959999084472656,63.2400016784668,2952.0
62.15999984741211,62.91999816894531,2953.0
62.43999862670898,63.20000076293945,2954.0
63.08000183105469,63.2400016784668,2955.0
61.720001220703125,63.2400016784668,2956.0
56.52000045776367,63.20000076293945,2957.0
57.08000183105469,63.47999954223633,2958.0
57.36000061035156,63.400001525878906,2959.0
63.400001525878906,63.400001525878906,2960.0
63.08000183105469,63.15999984741211,2961.0
62.52000045776367,63.20000076293945,2962.0
62.7599983215332,63.2400016784668,2963.0
58.959999084472656,62.91999816894531,2964.0
58.27999877929688,62.91999816894531,2965.0
58.59999847412109,63.08000183105469,2966.0
23.1200008392334,63.08000183105469,2967.0
59.0,63.08000183105469,2968.0
59.15999984741211,63.27999877929688,2969.0
59.08000183105469,62.560001373291016,2970.0
59.08000183105469,62.91999816894531,2971.0
58.959999084472656,228.6000061035156,2972.0
59.47999954223633,63.36000061035156,2973.0
59.0,63.47999954223633,2974.0
58.119998931884766,63.20000076293945,2975.0
58.20000076293945,63.2400016784668,2976.0
58.20000076293945,62.27999877929688,2977.0
58.43999862670898,62.63999938964844,2978.0
59.36000061035156,62.91999816894531,2979.0
60.15999984741211,62.43999862670898,2980.0
61.36000061035156,62.880001068115234,2981.0
57.36000061035156,62.560001373291016,2982.0
60.880001068115234,62.43999862670898,2983.0
223.27999877929688,62.27999877929688,2984.0
62.27999877929688,62.47999954223633,2985.0
60.2400016784668,227.0399932861328,2986.0
59.43999862670898,226.8000030517578,2987.0
59.880001068115234,227.0800018310547,2988.0
58.720001220703125,227.44000244140625,2989.0
58.560001373291016,227.6000061035156,2990.0
58.47999954223633,229.0399932861328,2991.0
58.959999084472656,229.1999969482422,2992.0
59.43999862670898,229.67999267578125,2993.0
59.400001525878906,227.9600067138672,2994.0
61.15999984741211,228.32000732421875,2995.0
59.27999877929688,239.9600067138672,2996.0
59.560001373291016,228.27999877929688,2997.0
60.84000015258789,62.15999984741211,2998.0
60.959999084472656,229.83999633789065,2999.0
59.880001068115234,62.79999923706055,3000.0
61.880001068115234,62.43999862670898,3001.0
61.15999984741211,62.15999984741211,3002.0
60.63999938964844,61.959999084472656,3003.0
57.2400016784668,62.31999969482422,3004.0
60.15999984741211,61.880001068115234,3005.0
57.36000061035156,62.7599983215332,3006.0
57.0,62.2400016784668,3007.0
55.91999816894531,227.47999572753903,3008.0
57.31999969482422,227.3999938964844,3009.0
57.43999862670898,61.91999816894531,3010.0
57.959999084472656,62.0,3011.0
57.959999084472656,62.08000183105469,3012.0
58.27999877929688,62.0,3013.0
57.63999938964844,63.040000915527344,3014.0
58.43999862670898,63.27999877929688,3015.0
58.15999984741211,63.040000915527344,3016.0
57.08000183105469,229.5200042724609,3017.0
57.7599983215332,228.8800048828125,3018.0
57.7599983215332,228.63999938964844,3019.0
57.63999938964844,228.75999450683597,3020.0
57.720001220703125,229.0399932861328,3021.0
56.79999923706055,229.1999969482422,3022.0
57.63999938964844,228.9199981689453,3023.0
57.84000015258789,227.9199981689453,3024.0
57.79999923706055,227.75999450683597,3025.0
56.08000183105469,239.9600067138672,3026.0
57.15999984741211,85.91999816894531,3027.0
58.2400016784668,239.9600067138672,3028.0
58.7599983215332,227.8800048828125,3029.0
62.36000061035156,228.8800048828125,3030.0
59.15999984741211,71.19999694824219,3031.0
60.7599983215332,71.5999984741211,3032.0
61.91999816894531,71.16000366210938,3033.0
59.720001220703125,63.2400016784668,3034.0
60.36000061035156,63.20000076293945,3035.0
58.119998931884766,62.84000015258789,3036.0
57.43999862670898,62.7599983215332,3037.0
59.0,62.68000030517578,3038.0
57.47999954223633,62.15999984741211,3039.0
57.15999984741211,62.31999969482422,3040.0
57.79999923706055,61.880001068115234,3041.0
58.560001373291016,228.2400054931641,3042.0
59.08000183105469,228.3999938964844,3043.0
59.27999877929688,62.27999877929688,3044.0
58.20000076293945,225.9600067138672,3045.0
58.68000030517578,87.0,3046.0
58.400001525878906,228.1999969482422,3047.0
57.79999923706055,87.31999969482422,3048.0
56.880001068115234,85.19999694824219,3049.0
54.59999847412109,227.9199981689453,3050.0
57.63999938964844,86.63999938964844,3051.0
55.0,227.55999755859372,3052.0
57.959999084472656,228.2400054931641,3053.0
57.68000030517578,228.0800018310547,3054.0
57.68000030517578,228.1199951171875,3055.0
59.7599983215332,227.0800018310547,3056.0
57.880001068115234,81.72000122070312,3057.0
58.43999862670898,226.47999572753903,3058.0
58.7599983215332,226.1999969482422,3059.0
59.15999984741211,227.1199951171875,3060.0
59.2400016784668,226.75999450683597,3061.0
58.59999847412109,227.27999877929688,3062.0
59.560001373291016,226.9600067138672,3063.0
58.040000915527344,225.2400054931641,3064.0
58.52000045776367,83.72000122070312,3065.0
59.880001068115234,95.31999969482422,3066.0
60.59999847412109,95.95999908447266,3067.0
58.84000015258789,96.1999969482422,3068.0
59.27999877929688,96.1999969482422,3069.0
59.15999984741211,96.08000183105467,3070.0
58.36000061035156,96.27999877929688,3071.0
59.0,96.27999877929688,3072.0
59.59999847412109,95.91999816894533,3073.0
60.880001068115234,96.76000213623048,3074.0
58.52000045776367,227.75999450683597,3075.0
58.119998931884766,81.95999908447266,3076.0
57.400001525878906,227.9600067138672,3077.0
57.959999084472656,80.76000213623047,3078.0
58.31999969482422,62.27999877929688,3079.0
58.52000045776367,80.44000244140625,3080.0
62.20000076293945,62.52000045776367,3081.0
59.08000183105469,80.12000274658203,3082.0
58.20000076293945,226.5200042724609,3083.0
59.36000061035156,226.67999267578125,3084.0
58.20000076293945,226.5200042724609,3085.0
58.84000015258789,226.2400054931641,3086.0
60.0,226.8000030517578,3087.0
58.63999938964844,82.91999816894531,3088.0
58.59999847412109,227.63999938964844,3089.0
58.63999938964844,227.9600067138672,3090.0
58.08000183105469,228.3600006103516,3091.0
58.59999847412109,227.9600067138672,3092.0
58.7599983215332,81.4000015258789,3093.0
58.36000061035156,228.3999938964844,3094.0
58.91999816894531,227.75999450683597,3095.0
58.0,227.9199981689453,3096.0
58.47999954223633,228.44000244140625,3097.0
58.84000015258789,228.3999938964844,3098.0
58.27999877929688,228.27999877929688,3099.0
59.400001525878906,228.5200042724609,3100.0
61.31999969482422,228.32000732421875,3101.0
61.52000045776367,82.19999694824219,3102.0
60.119998931884766,227.47999572753903,3103.0
58.880001068115234,82.44000244140625,3104.0
58.36000061035156,83.0,3105.0
56.84000015258789,82.5999984741211,3106.0
57.119998931884766,82.91999816894531,3107.0
57.79999923706055,82.80000305175781,3108.0
58.040000915527344,83.0,3109.0
58.08000183105469,83.27999877929688,3110.0
57.880001068115234,82.63999938964844,3111.0
58.52000045776367,82.91999816894531,3112.0
58.560001373291016,82.76000213623047,3113.0
58.68000030517578,81.19999694824219,3114.0
58.59999847412109,239.9600067138672,3115.0
58.36000061035156,239.9600067138672,3116.0
58.59999847412109,239.9600067138672,3117.0
59.08000183105469,239.9600067138672,3118.0
59.20000076293945,239.55999755859372,3119.0
60.27999877929688,239.55999755859372,3120.0
59.400001525878906,62.959999084472656,3121.0
59.400001525878906,224.9600067138672,3122.0
59.15999984741211,224.55999755859372,3123.0
58.43999862670898,224.8800048828125,3124.0
59.08000183105469,225.0399932861328,3125.0
59.79999923706055,225.0,3126.0
58.720001220703125,224.83999633789065,3127.0
58.20000076293945,66.95999908447266,3128.0
58.91999816894531,67.04000091552734,3129.0
58.720001220703125,67.19999694824219,3130.0
58.959999084472656,66.95999908447266,3131.0
59.47999954223633,66.44000244140625,3132.0
58.52000045776367,225.3999938964844,3133.0
58.15999984741211,64.68000030517578,3134.0
58.040000915527344,64.16000366210938,3135.0
58.15999984741211,64.36000061035156,3136.0
59.119998931884766,223.72000122070312,3137.0
56.91999816894531,64.04000091552734,3138.0
58.43999862670898,62.84000015258789,3139.0
57.84000015258789,63.91999816894531,3140.0
57.880001068115234,65.68000030517578,3141.0
57.84000015258789,67.68000030517578,3142.0
58.119998931884766,67.44000244140625,3143.0
58.119998931884766,67.68000030517578,3144.0
57.91999816894531,67.12000274658203,3145.0
57.63999938964844,67.08000183105469,3146.0
57.27999877929688,66.72000122070312,3147.0
58.959999084472656,66.4000015258789,3148.0
58.119998931884766,65.95999908447266,3149.0
58.43999862670898,65.44000244140625,3150.0
58.59999847412109,65.95999908447266,3151.0
58.63999938964844,66.08000183105469,3152.0
59.08000183105469,65.95999908447266,3153.0
58.59999847412109,65.5199966430664,3154.0
59.2400016784668,66.08000183105469,3155.0
56.720001220703125,61.040000915527344,3156.0
59.040000915527344,60.52000045776367,3157.0
57.47999954223633,61.0,3158.0
56.08000183105469,60.400001525878906,3159.0
48.43999862670898,83.27999877929688,3160.0
58.84000015258789,83.80000305175781,3161.0
58.15999984741211,83.31999969482422,3162.0
59.31999969482422,60.560001373291016,3163.0
58.959999084472656,226.3999938964844,3164.0
58.27999877929688,60.52000045776367,3165.0
59.0,226.8000030517578,3166.0
59.20000076293945,227.1999969482422,3167.0
58.91999816894531,226.9600067138672,3168.0
57.880001068115234,226.9600067138672,3169.0
58.7599983215332,227.16000366210935,3170.0
58.959999084472656,226.9600067138672,3171.0
57.59999847412109,227.16000366210935,3172.0
59.59999847412109,227.1199951171875,3173.0
58.27999877929688,227.1199951171875,3174.0
58.040000915527344,227.0399932861328,3175.0
58.119998931884766,227.16000366210935,3176.0
59.27999877929688,226.9600067138672,3177.0
58.959999084472656,227.0,3178.0
58.119998931884766,226.9199981689453,3179.0
59.59999847412109,226.83999633789065,3180.0
58.040000915527344,63.7599983215332,3181.0
58.52000045776367,63.79999923706055,3182.0
60.36000061035156,226.47999572753903,3183.0
58.040000915527344,226.75999450683597,3184.0
59.560001373291016,62.959999084472656,3185.0
58.68000030517578,225.72000122070312,3186.0
58.43999862670898,85.19999694824219,3187.0
58.52000045776367,226.0399932861328,3188.0
58.20000076293945,226.32000732421875,3189.0
58.20000076293945,226.32000732421875,3190.0
58.040000915527344,225.3999938964844,3191.0
58.20000076293945,61.0,3192.0
58.31999969482422,60.63999938964844,3193.0
58.36000061035156,61.36000061035156,3194.0
58.36000061035156,66.4000015258789,3195.0
58.08000183105469,224.72000122070312,3196.0
58.27999877929688,66.87999725341797,3197.0
58.20000076293945,66.0,3198.0
61.0,65.68000030517578,3199.0
59.47999954223633,67.23999786376953,3200.0
60.0,67.72000122070312,3201.0
59.2400016784668,67.95999908447266,3202.0
58.7599983215332,67.80000305175781,3203.0
58.119998931884766,225.8800048828125,3204.0
58.2400016784668,226.8000030517578,3205.0
59.560001373291016,225.72000122070312,3206.0
58.63999938964844,70.55999755859375,3207.0
59.040000915527344,71.31999969482422,3208.0
57.0,71.55999755859375,3209.0
58.720001220703125,71.80000305175781,3210.0
58.52000045776367,71.83999633789062,3211.0
57.880001068115234,72.08000183105469,3212.0
58.040000915527344,71.83999633789062,3213.0
58.20000076293945,71.76000213623047,3214.0
59.040000915527344,71.4000015258789,3215.0
58.84000015258789,71.12000274658203,3216.0
58.15999984741211,84.23999786376953,3217.0
58.15999984741211,84.16000366210938,3218.0
57.79999923706055,84.44000244140625,3219.0
58.43999862670898,83.72000122070312,3220.0
58.43999862670898,83.5999984741211,3221.0
58.27999877929688,227.1199951171875,3222.0
58.63999938964844,226.83999633789065,3223.0
58.720001220703125,227.32000732421875,3224.0
58.7599983215332,226.3600006103516,3225.0
57.91999816894531,227.0,3226.0
58.040000915527344,226.67999267578125,3227.0
58.119998931884766,226.8800048828125,3228.0
57.959999084472656,226.75999450683597,3229.0
58.47999954223633,226.47999572753903,3230.0
59.720001220703125,227.0,3231.0
60.2400016784668,226.9600067138672,3232.0
62.59999847412109,227.27999877929688,3233.0
62.68000030517578,227.55999755859372,3234.0
62.36000061035156,227.0800018310547,3235.0
59.15999984741211,73.55999755859375,3236.0
59.15999984741211,73.68000030517578,3237.0
59.720001220703125,73.4800033569336,3238.0
59.15999984741211,73.68000030517578,3239.0
58.400001525878906,73.76000213623047,3240.0
58.08000183105469,74.0,3241.0
59.560001373291016,73.5199966430664,3242.0
60.36000061035156,226.16000366210935,3243.0
58.43999862670898,226.1199951171875,3244.0
58.68000030517578,226.6000061035156,3245.0
59.31999969482422,226.67999267578125,3246.0
57.959999084472656,227.27999877929688,3247.0
58.2400016784668,227.1999969482422,3248.0
58.47999954223633,84.12000274658203,3249.0
62.959999084472656,84.08000183105469,3250.0
59.08000183105469,83.80000305175781,3251.0
58.43999862670898,84.55999755859375,3252.0
58.63999938964844,84.27999877929688,3253.0
63.2400016784668,84.4000015258789,3254.0
57.959999084472656,84.36000061035156,3255.0
63.400001525878906,84.12000274658203,3256.0
58.59999847412109,84.19999694824219,3257.0
62.7599983215332,83.95999908447266,3258.0
59.15999984741211,84.12000274658203,3259.0
58.720001220703125,83.12000274658203,3260.0
59.0,83.16000366210938,3261.0
59.08000183105469,83.04000091552734,3262.0
57.79999923706055,83.31999969482422,3263.0
57.79999923706055,82.04000091552734,3264.0
57.84000015258789,84.27999877929688,3265.0
59.08000183105469,225.67999267578125,3266.0
59.400001525878906,84.0,3267.0
59.119998931884766,83.27999877929688,3268.0
59.560001373291016,83.0,3269.0
58.7599983215332,83.44000244140625,3270.0
59.36000061035156,84.08000183105469,3271.0
59.119998931884766,84.12000274658203,3272.0
57.880001068115234,84.44000244140625,3273.0
59.36000061035156,83.95999908447266,3274.0
60.31999969482422,84.5999984741211,3275.0
58.560001373291016,83.95999908447266,3276.0
58.43999862670898,83.44000244140625,3277.0
58.52000045776367,83.5999984741211,3278.0
58.119998931884766,83.5999984741211,3279.0
58.31999969482422,84.04000091552734,3280.0
58.720001220703125,84.27999877929688,3281.0
58.84000015258789,84.12000274658203,3282.0
59.2400016784668,83.95999908447266,3283.0
59.15999984741211,84.08000183105469,3284.0
58.84000015258789,83.76000213623047,3285.0
59.15999984741211,84.87999725341797,3286.0
60.08000183105469,85.83999633789062,3287.0
59.880001068115234,86.63999938964844,3288.0
59.84000015258789,87.19999694824219,3289.0
59.880001068115234,86.83999633789062,3290.0
60.040000915527344,86.76000213623047,3291.0
59.119998931884766,86.95999908447266,3292.0
58.84000015258789,86.23999786376953,3293.0
59.43999862670898,86.55999755859375,3294.0
58.119998931884766,86.72000122070312,3295.0
58.59999847412109,86.95999908447266,3296.0
58.7599983215332,87.5199966430664,3297.0
59.31999969482422,87.08000183105469,3298.0
58.43999862670898,86.72000122070312,3299.0
57.7599983215332,86.83999633789062,3300.0
58.27999877929688,87.16000366210938,3301.0
59.20000076293945,87.08000183105469,3302.0
58.959999084472656,86.80000305175781,3303.0
58.2400016784668,86.80000305175781,3304.0
58.59999847412109,85.08000183105469,3305.0
58.84000015258789,85.72000122070312,3306.0
60.040000915527344,85.31999969482422,3307.0
58.59999847412109,86.68000030517578,3308.0
59.400001525878906,85.68000030517578,3309.0
59.91999816894531,86.63999938964844,3310.0
56.68000030517578,86.80000305175781,3311.0
60.119998931884766,86.80000305175781,3312.0
59.68000030517578,87.0,3313.0
59.560001373291016,86.63999938964844,3314.0
58.959999084472656,86.4800033569336,3315.0
58.91999816894531,86.76000213623047,3316.0
61.79999923706055,87.31999969482422,3317.0
57.79999923706055,87.44000244140625,3318.0
58.7599983215332,88.0,3319.0
59.400001525878906,86.95999908447266,3320.0
59.15999984741211,88.08000183105469,3321.0
62.84000015258789,87.5199966430664,3322.0
57.91999816894531,230.0399932861328,3323.0
62.43999862670898,229.67999267578125,3324.0
58.79999923706055,229.8800048828125,3325.0
59.84000015258789,229.9600067138672,3326.0
60.119998931884766,64.12000274658203,3327.0
57.7599983215332,62.84000015258789,3328.0
58.43999862670898,63.79999923706055,3329.0
59.68000030517578,63.08000183105469,3330.0
58.43999862670898,63.47999954223633,3331.0
59.119998931884766,226.44000244140625,3332.0
59.08000183105469,225.72000122070312,3333.0
58.59999847412109,225.5200042724609,3334.0
60.0,225.8000030517578,3335.0
60.91999816894531,225.55999755859372,3336.0
59.7599983215332,225.83999633789065,3337.0
61.36000061035156,87.91999816894531,3338.0
57.84000015258789,225.9600067138672,3339.0
58.52000045776367,92.87999725341795,3340.0
59.119998931884766,93.0,3341.0
58.91999816894531,226.27999877929688,3342.0
57.63999938964844,91.12000274658205,3343.0
59.400001525878906,74.5999984741211,3344.0
59.400001525878906,74.4000015258789,3345.0
59.15999984741211,73.80000305175781,3346.0
59.68000030517578,87.4000015258789,3347.0
59.68000030517578,87.80000305175781,3348.0
58.52000045776367,86.44000244140625,3349.0
58.2400016784668,87.12000274658203,3350.0
58.119998931884766,86.5199966430664,3351.0
58.7599983215332,87.44000244140625,3352.0
58.43999862670898,67.0,3353.0
58.52000045776367,88.12000274658203,3354.0
58.7599983215332,85.5199966430664,3355.0
59.040000915527344,73.76000213623047,3356.0
58.400001525878906,89.04000091552734,3357.0
57.959999084472656,73.83999633789062,3358.0
59.119998931884766,73.27999877929688,3359.0
58.040000915527344,225.3999938964844,3360.0
58.040000915527344,73.27999877929688,3361.0
57.91999816894531,225.83999633789065,3362.0
57.43999862670898,225.55999755859372,3363.0
57.47999954223633,225.8000030517578,3364.0
57.560001373291016,225.8800048828125,3365.0
57.63999938964844,92.31999969482422,3366.0
57.79999923706055,226.27999877929688,3367.0
58.08000183105469,226.27999877929688,3368.0
57.63999938964844,226.32000732421875,3369.0
57.63999938964844,226.72000122070312,3370.0
57.52000045776367,92.4000015258789,3371.0
56.84000015258789,226.16000366210935,3372.0
58.040000915527344,226.32000732421875,3373.0
58.43999862670898,91.95999908447266,3374.0
57.68000030517578,226.32000732421875,3375.0
58.27999877929688,92.23999786376952,3376.0
58.47999954223633,84.95999908447266,3377.0
58.79999923706055,92.72000122070312,3378.0
57.959999084472656,85.0,3379.0
57.91999816894531,92.72000122070312,3380.0
58.20000076293945,91.68000030517578,3381.0
58.560001373291016,91.44000244140624,3382.0
54.52000045776367,90.4800033569336,3383.0
58.119998931884766,66.76000213623047,3384.0
58.59999847412109,224.9600067138672,3385.0
59.0,66.0,3386.0
58.20000076293945,66.19999694824219,3387.0
57.63999938964844,64.4800033569336,3388.0
58.2400016784668,66.76000213623047,3389.0
57.720001220703125,65.63999938964844,3390.0
58.63999938964844,87.4800033569336,3391.0
58.20000076293945,87.4800033569336,3392.0
58.040000915527344,87.44000244140625,3393.0
57.84000015258789,87.4000015258789,3394.0
58.43999862670898,87.44000244140625,3395.0
58.43999862670898,86.0,3396.0
59.31999969482422,86.68000030517578,3397.0
54.15999984741211,87.31999969482422,3398.0
58.7599983215332,87.44000244140625,3399.0
58.43999862670898,87.08000183105469,3400.0
58.08000183105469,88.12000274658203,3401.0
58.59999847412109,87.68000030517578,3402.0
58.52000045776367,65.95999908447266,3403.0
58.119998931884766,65.76000213623047,3404.0
58.43999862670898,88.31999969482422,3405.0
58.880001068115234,88.08000183105469,3406.0
58.959999084472656,88.08000183105469,3407.0
57.720001220703125,88.0,3408.0
57.43999862670898,87.83999633789062,3409.0
58.08000183105469,87.76000213623047,3410.0
57.84000015258789,87.5199966430664,3411.0
57.7599983215332,87.08000183105469,3412.0
58.79999923706055,87.83999633789062,3413.0
59.08000183105469,87.44000244140625,3414.0
58.560001373291016,87.19999694824219,3415.0
57.959999084472656,87.0,3416.0
58.119998931884766,85.87999725341797,3417.0
58.43999862670898,86.4800033569336,3418.0
57.52000045776367,85.08000183105469,3419.0
57.880001068115234,85.87999725341797,3420.0
59.08000183105469,84.83999633789062,3421.0
58.68000030517578,86.31999969482422,3422.0
59.040000915527344,87.12000274658203,3423.0
59.31999969482422,85.87999725341797,3424.0
59.31999969482422,85.4800033569336,3425.0
59.84000015258789,86.80000305175781,3426.0
59.63999938964844,84.5999984741211,3427.0
58.47999954223633,87.0,3428.0
59.2400016784668,85.83999633789062,3429.0
60.2400016784668,87.5199966430664,3430.0
58.7599983215332,85.19999694824219,3431.0
59.31999969482422,85.68000030517578,3432.0
58.36000061035156,84.91999816894531,3433.0
58.43999862670898,84.5999984741211,3434.0
50.68000030517578,84.27999877929688,3435.0
58.119998931884766,85.80000305175781,3436.0
59.47999954223633,84.5199966430664,3437.0
57.47999954223633,85.19999694824219,3438.0
59.59999847412109,85.04000091552734,3439.0
60.040000915527344,85.23999786376953,3440.0
58.31999969482422,85.44000244140625,3441.0
58.08000183105469,85.55999755859375,3442.0
58.720001220703125,85.4800033569336,3443.0
59.15999984741211,85.63999938964844,3444.0
59.79999923706055,85.63999938964844,3445.0
59.2400016784668,85.12000274658203,3446.0
58.880001068115234,84.44000244140625,3447.0
59.400001525878906,84.19999694824219,3448.0
59.400001525878906,84.31999969482422,3449.0
57.47999954223633,83.16000366210938,3450.0
59.2400016784668,83.91999816894531,3451.0
58.7599983215332,84.44000244140625,3452.0
58.59999847412109,84.4000015258789,3453.0
59.040000915527344,84.76000213623047,3454.0
59.119998931884766,84.36000061035156,3455.0
58.7599983215332,83.68000030517578,3456.0
58.59999847412109,226.8000030517578,3457.0
58.560001373291016,82.68000030517578,3458.0
57.959999084472656,226.75999450683597,3459.0
58.43999862670898,83.23999786376953,3460.0
59.400001525878906,83.16000366210938,3461.0
60.20000076293945,82.83999633789062,3462.0
59.36000061035156,83.63999938964844,3463.0
59.36000061035156,83.31999969482422,3464.0
58.119998931884766,224.47999572753903,3465.0
58.43999862670898,83.76000213623047,3466.0
58.560001373291016,224.67999267578125,3467.0
58.119998931884766,224.0800018310547,3468.0
58.400001525878906,225.32000732421875,3469.0
58.15999984741211,81.5199966430664,3470.0
58.08000183105469,81.55999755859375,3471.0
56.560001373291016,226.16000366210935,3472.0
55.720001220703125,225.75999450683597,3473.0
58.47999954223633,226.0399932861328,3474.0
59.43999862670898,226.2400054931641,3475.0
58.400001525878906,226.0399932861328,3476.0
59.08000183105469,225.55999755859372,3477.0
57.959999084472656,225.67999267578125,3478.0
58.43999862670898,225.55999755859372,3479.0
57.84000015258789,225.55999755859372,3480.0
58.63999938964844,224.5200042724609,3481.0
58.27999877929688,223.9199981689453,3482.0
58.15999984741211,224.3999938964844,3483.0
58.08000183105469,71.87999725341797,3484.0
58.20000076293945,73.4000015258789,3485.0
58.20000076293945,82.83999633789062,3486.0
58.08000183105469,225.32000732421875,3487.0
58.27999877929688,225.0399932861328,3488.0
58.43999862670898,83.63999938964844,3489.0
58.59999847412109,77.83999633789062,3490.0
58.27999877929688,83.95999908447266,3491.0
58.720001220703125,83.31999969482422,3492.0
58.27999877929688,225.3999938964844,3493.0
58.040000915527344,225.8000030517578,3494.0
58.27999877929688,225.5200042724609,3495.0
55.560001373291016,225.75999450683597,3496.0
58.68000030517578,226.16000366210935,3497.0
59.040000915527344,225.67999267578125,3498.0
58.20000076293945,225.8800048828125,3499.0
59.63999938964844,77.55999755859375,3500.0
61.2400016784668,225.3999938964844,3501.0
58.0,225.55999755859372,3502.0
57.560001373291016,226.16000366210935,3503.0
58.68000030517578,225.72000122070312,3504.0
58.43999862670898,225.83999633789065,3505.0
58.59999847412109,227.1199951171875,3506.0
57.959999084472656,228.0800018310547,3507.0
58.20000076293945,227.3999938964844,3508.0
58.040000915527344,226.9199981689453,3509.0
58.08000183105469,226.72000122070312,3510.0
56.52000045776367,227.0800018310547,3511.0
58.27999877929688,69.16000366210938,3512.0
58.36000061035156,67.68000030517578,3513.0
58.59999847412109,70.4800033569336,3514.0
57.91999816894531,65.63999938964844,3515.0
58.08000183105469,66.72000122070312,3516.0
57.959999084472656,58.7599983215332,3517.0
57.91999816894531,58.880001068115234,3518.0
57.84000015258789,64.08000183105469,3519.0
57.79999923706055,63.959999084472656,3520.0
58.040000915527344,64.16000366210938,3521.0
57.63999938964844,64.72000122070312,3522.0
55.79999923706055,65.27999877929688,3523.0
57.040000915527344,63.7599983215332,3524.0
58.63999938964844,60.79999923706055,3525.0
59.52000045776367,66.55999755859375,3526.0
58.36000061035156,66.12000274658203,3527.0
57.880001068115234,60.84000015258789,3528.0
55.84000015258789,62.27999877929688,3529.0
58.52000045776367,66.27999877929688,3530.0
58.43999862670898,66.44000244140625,3531.0
59.08000183105469,65.80000305175781,3532.0
58.119998931884766,67.36000061035156,3533.0
59.400001525878906,66.72000122070312,3534.0
58.119998931884766,67.12000274658203,3535.0
58.27999877929688,67.19999694824219,3536.0
57.880001068115234,73.23999786376953,3537.0
58.27999877929688,222.8800048828125,3538.0
58.52000045776367,71.76000213623047,3539.0
58.59999847412109,64.63999938964844,3540.0
59.08000183105469,69.31999969482422,3541.0
58.20000076293945,65.95999908447266,3542.0
58.08000183105469,69.55999755859375,3543.0
59.040000915527344,69.04000091552734,3544.0
58.119998931884766,68.68000030517578,3545.0
58.27999877929688,66.4000015258789,3546.0
58.400001525878906,66.4000015258789,3547.0
59.47999954223633,66.44000244140625,3548.0
58.36000061035156,67.68000030517578,3549.0
58.7599983215332,71.31999969482422,3550.0
58.400001525878906,239.9600067138672,3551.0
58.52000045776367,62.15999984741211,3552.0
58.52000045776367,66.5999984741211,3553.0
59.20000076293945,66.27999877929688,3554.0
58.20000076293945,66.80000305175781,3555.0
58.119998931884766,63.880001068115234,3556.0
58.52000045776367,73.19999694824219,3557.0
59.36000061035156,73.12000274658203,3558.0
58.52000045776367,74.04000091552734,3559.0
59.880001068115234,239.9600067138672,3560.0
58.79999923706055,60.08000183105469,3561.0
59.43999862670898,60.31999969482422,3562.0
58.720001220703125,60.400001525878906,3563.0
57.15999984741211,61.15999984741211,3564.0
58.43999862670898,89.55999755859375,3565.0
59.119998931884766,90.0,3566.0
58.7599983215332,90.36000061035156,3567.0
58.43999862670898,239.9600067138672,3568.0
59.0,62.91999816894531,3569.0
58.959999084472656,63.0,3570.0
59.040000915527344,63.08000183105469,3571.0
59.36000061035156,63.15999984741211,3572.0
60.36000061035156,62.2400016784668,3573.0
59.2400016784668,107.76000213623048,3574.0
57.79999923706055,63.08000183105469,3575.0
58.20000076293945,62.0,3576.0
59.08000183105469,62.0,3577.0
60.20000076293945,63.68000030517578,3578.0
59.63999938964844,117.1999969482422,3579.0
57.79999923706055,62.31999969482422,3580.0
57.7599983215332,62.36000061035156,3581.0
57.84000015258789,117.36000061035156,3582.0
58.119998931884766,62.63999938964844,3583.0
59.2400016784668,62.959999084472656,3584.0
59.59999847412109,62.15999984741211,3585.0
60.119998931884766,61.79999923706055,3586.0
58.43999862670898,71.31999969482422,3587.0
59.959999084472656,61.91999816894531,3588.0
59.63999938964844,62.15999984741211,3589.0
60.47999954223633,62.15999984741211,3590.0
60.880001068115234,62.08000183105469,3591.0
58.91999816894531,62.040000915527344,3592.0
58.0,62.0,3593.0
58.040000915527344,61.36000061035156,3594.0
56.91999816894531,61.59999847412109,3595.0
57.880001068115234,61.68000030517578,3596.0
59.2400016784668,62.040000915527344,3597.0
59.27999877929688,61.68000030517578,3598.0
59.43999862670898,60.880001068115234,3599.0
58.959999084472656,61.20000076293945,3600.0
59.400001525878906,61.20000076293945,3601.0
58.84000015258789,61.15999984741211,3602.0
58.91999816894531,60.84000015258789,3603.0
58.43999862670898,60.560001373291016,3604.0
58.560001373291016,60.7599983215332,3605.0
58.040000915527344,60.20000076293945,3606.0
59.08000183105469,60.79999923706055,3607.0
59.0,60.63999938964844,3608.0
58.43999862670898,60.63999938964844,3609.0
58.43999862670898,62.119998931884766,3610.0
59.119998931884766,61.20000076293945,3611.0
59.15999984741211,62.59999847412109,3612.0
60.040000915527344,224.2400054931641,3613.0
59.20000076293945,62.43999862670898,3614.0
61.2400016784668,224.5200042724609,3615.0
60.2400016784668,225.32000732421875,3616.0
60.20000076293945,84.31999969482422,3617.0
59.52000045776367,83.72000122070312,3618.0
58.880001068115234,83.87999725341797,3619.0
59.15999984741211,225.75999450683597,3620.0
60.68000030517578,226.2400054931641,3621.0
59.560001373291016,226.27999877929688,3622.0
60.720001220703125,225.1999969482422,3623.0
62.43999862670898,226.27999877929688,3624.0
59.08000183105469,224.3999938964844,3625.0
58.08000183105469,83.27999877929688,3626.0
63.52000045776367,223.72000122070312,3627.0
63.27999877929688,224.2400054931641,3628.0
58.20000076293945,224.27999877929688,3629.0
59.400001525878906,83.27999877929688,3630.0
58.47999954223633,223.8800048828125,3631.0
59.0,224.27999877929688,3632.0
58.84000015258789,82.91999816894531,3633.0
59.0,225.3600006103516,3634.0
59.0,225.0800018310547,3635.0
58.7599983215332,225.83999633789065,3636.0
59.08000183105469,226.27999877929688,3637.0
59.31999969482422,239.9600067138672,3638.0
58.119998931884766,233.3999938964844,3639.0
58.68000030517578,235.63999938964844,3640.0
57.15999984741211,239.9600067138672,3641.0
58.63999938964844,239.9600067138672,3642.0
58.84000015258789,63.52000045776367,3643.0
58.52000045776367,239.9600067138672,3644.0
59.63999938964844,91.63999938964844,3645.0
59.880001068115234,222.75999450683597,3646.0
59.08000183105469,222.55999755859372,3647.0
58.47999954223633,222.27999877929688,3648.0
58.59999847412109,84.95999908447266,3649.0
57.959999084472656,84.4000015258789,3650.0
59.400001525878906,95.72000122070312,3651.0
59.59999847412109,95.36000061035156,3652.0
59.959999084472656,96.36000061035156,3653.0
59.15999984741211,96.08000183105467,3654.0
58.84000015258789,96.55999755859376,3655.0
58.36000061035156,96.23999786376952,3656.0
58.79999923706055,95.91999816894533,3657.0
59.959999084472656,95.8000030517578,3658.0
59.27999877929688,239.9600067138672,3659.0
59.68000030517578,62.27999877929688,3660.0
58.43999862670898,62.27999877929688,3661.0
59.79999923706055,239.9600067138672,3662.0
59.84000015258789,239.9600067138672,3663.0
59.400001525878906,239.9600067138672,3664.0
59.27999877929688,62.7599983215332,3665.0
58.91999816894531,239.9600067138672,3666.0
59.36000061035156,239.9600067138672,3667.0
59.47999954223633,239.9600067138672,3668.0
59.08000183105469,239.9600067138672,3669.0
61.36000061035156,239.9600067138672,3670.0
60.59999847412109,239.9600067138672,3671.0
60.400001525878906,61.119998931884766,3672.0
59.560001373291016,239.9600067138672,3673.0
59.79999923706055,239.9600067138672,3674.0
59.720001220703125,239.9600067138672,3675.0
60.68000030517578,92.87999725341795,3676.0
58.47999954223633,226.0,3677.0
59.43999862670898,225.67999267578125,3678.0
58.84000015258789,225.8800048828125,3679.0
58.7599983215332,225.72000122070312,3680.0
58.59999847412109,104.55999755859376,3681.0
58.59999847412109,226.72000122070312,3682.0
61.959999084472656,104.4800033569336,3683.0
62.31999969482422,104.8000030517578,3684.0
62.119998931884766,104.5199966430664,3685.0
62.27999877929688,104.16000366210938,3686.0
62.15999984741211,239.9600067138672,3687.0
62.43999862670898,103.55999755859376,3688.0
59.31999969482422,103.08000183105467,3689.0
59.47999954223633,104.8000030517578,3690.0
60.15999984741211,103.1999969482422,3691.0
61.040000915527344,102.5199966430664,3692.0
59.63999938964844,103.31999969482422,3693.0
59.79999923706055,102.95999908447266,3694.0
59.720001220703125,104.76000213623048,3695.0
60.59999847412109,104.4000015258789,3696.0
60.400001525878906,104.12000274658205,3697.0
59.79999923706055,104.72000122070312,3698.0
60.2400016784668,105.4800033569336,3699.0
59.7599983215332,105.0,3700.0
59.959999084472656,105.31999969482422,3701.0
58.720001220703125,107.0,3702.0
59.0,239.9600067138672,3703.0
58.84000015258789,239.9600067138672,3704.0
59.880001068115234,86.12000274658203,3705.0
60.15999984741211,239.9600067138672,3706.0
60.43999862670898,85.5199966430664,3707.0
60.040000915527344,147.0399932861328,3708.0
59.959999084472656,85.83999633789062,3709.0
59.959999084472656,147.24000549316406,3710.0
59.68000030517578,85.44000244140625,3711.0
58.31999969482422,239.9600067138672,3712.0
57.959999084472656,222.83999633789065,3713.0
59.08000183105469,239.9600067138672,3714.0
58.7599983215332,239.9600067138672,3715.0
58.400001525878906,239.9600067138672,3716.0
57.84000015258789,239.9600067138672,3717.0
58.47999954223633,239.9600067138672,3718.0
58.68000030517578,239.9600067138672,3719.0
59.08000183105469,239.9600067138672,3720.0
61.400001525878906,67.55999755859375,3721.0
59.400001525878906,67.63999938964844,3722.0
58.63999938964844,227.44000244140625,3723.0
58.59999847412109,67.23999786376953,3724.0
57.959999084472656,67.0,3725.0
57.959999084472656,80.72000122070312,3726.0
57.959999084472656,80.23999786376953,3727.0
57.959999084472656,78.87999725341797,3728.0
57.959999084472656,66.83999633789062,3729.0
57.959999084472656,66.80000305175781,3730.0
58.119998931884766,86.27999877929688,3731.0
58.560001373291016,239.9600067138672,3732.0
58.84000015258789,84.4000015258789,3733.0
58.84000015258789,226.8000030517578,3734.0
58.27999877929688,67.4000015258789,3735.0
58.400001525878906,67.72000122070312,3736.0
58.20000076293945,68.36000061035156,3737.0
57.36000061035156,68.19999694824219,3738.0
58.040000915527344,68.12000274658203,3739.0
58.15999984741211,68.04000091552734,3740.0
58.880001068115234,69.08000183105469,3741.0
57.84000015258789,68.83999633789062,3742.0
58.08000183105469,68.76000213623047,3743.0
57.959999084472656,68.87999725341797,3744.0
57.959999084472656,68.5999984741211,3745.0
59.2400016784668,224.9600067138672,3746.0
58.560001373291016,225.47999572753903,3747.0
58.68000030517578,59.91999816894531,3748.0
58.84000015258789,69.08000183105469,3749.0
58.84000015258789,68.87999725341797,3750.0
59.08000183105469,68.68000030517578,3751.0
58.59999847412109,69.27999877929688,3752.0
58.119998931884766,61.0,3753.0
57.79999923706055,67.4000015258789,3754.0
58.43999862670898,68.68000030517578,3755.0
59.20000076293945,239.9600067138672,3756.0
58.119998931884766,101.4800033569336,3757.0
57.79999923706055,239.9600067138672,3758.0
57.84000015258789,239.9600067138672,3759.0
58.560001373291016,239.9600067138672,3760.0
59.31999969482422,69.55999755859375,3761.0
59.040000915527344,239.9600067138672,3762.0
58.68000030517578,69.16000366210938,3763.0
58.59999847412109,239.9600067138672,3764.0
58.20000076293945,239.9600067138672,3765.0
58.68000030517578,239.9600067138672,3766.0
58.959999084472656,239.9600067138672,3767.0
59.08000183105469,223.2400054931641,3768.0
54.43999862670898,222.83999633789065,3769.0
53.7599983215332,222.75999450683597,3770.0
58.7599983215332,98.27999877929688,3771.0
58.68000030517578,239.9600067138672,3772.0
58.47999954223633,239.9600067138672,3773.0
57.68000030517578,98.87999725341795,3774.0
58.91999816894531,115.27999877929688,3775.0
57.31999969482422,90.31999969482422,3776.0
58.31999969482422,115.23999786376952,3777.0
57.0,239.9600067138672,3778.0
58.119998931884766,239.9600067138672,3779.0
58.79999923706055,239.9600067138672,3780.0
58.91999816894531,239.9600067138672,3781.0
59.31999969482422,239.9600067138672,3782.0
59.08000183105469,239.9600067138672,3783.0
59.2400016784668,239.9600067138672,3784.0
59.400001525878906,97.0,3785.0
58.84000015258789,115.55999755859376,3786.0
58.84000015258789,94.23999786376952,3787.0
59.040000915527344,94.1999969482422,3788.0
59.119998931884766,115.72000122070312,3789.0
58.59999847412109,93.4800033569336,3790.0
58.43999862670898,115.4000015258789,3791.0
58.400001525878906,239.9600067138672,3792.0
58.15999984741211,114.91999816894533,3793.0
58.59999847412109,239.9600067138672,3794.0
58.040000915527344,83.5199966430664,3795.0
57.959999084472656,239.9600067138672,3796.0
57.79999923706055,239.9600067138672,3797.0
59.560001373291016,83.23999786376953,3798.0
57.2400016784668,82.87999725341797,3799.0
57.27999877929688,83.4800033569336,3800.0
57.15999984741211,239.9600067138672,3801.0
57.43999862670898,239.9600067138672,3802.0
57.63999938964844,239.9600067138672,3803.0
57.400001525878906,114.76000213623048,3804.0
57.959999084472656,115.23999786376952,3805.0
57.560001373291016,115.27999877929688,3806.0
58.20000076293945,115.36000061035156,3807.0
57.880001068115234,115.36000061035156,3808.0
58.27999877929688,114.76000213623048,3809.0
58.27999877929688,114.95999908447266,3810.0
56.91999816894531,114.76000213623048,3811.0
57.0,115.27999877929688,3812.0
57.560001373291016,115.04000091552734,3813.0
57.400001525878906,115.12000274658205,3814.0
56.91999816894531,115.12000274658205,3815.0
56.84000015258789,223.83999633789065,3816.0
57.15999984741211,239.9600067138672,3817.0
57.63999938964844,223.8800048828125,3818.0
57.7599983215332,239.9600067138672,3819.0
58.08000183105469,239.9600067138672,3820.0
57.63999938964844,223.32000732421875,3821.0
57.43999862670898,239.9600067138672,3822.0
57.560001373291016,223.67999267578125,3823.0
57.2400016784668,239.9600067138672,3824.0
56.959999084472656,223.32000732421875,3825.0
57.63999938964844,223.1999969482422,3826.0
57.880001068115234,223.3999938964844,3827.0
57.68000030517578,223.67999267578125,3828.0
57.79999923706055,223.27999877929688,3829.0
57.68000030517578,223.2400054931641,3830.0
57.119998931884766,224.5200042724609,3831.0
57.84000015258789,224.44000244140625,3832.0
58.119998931884766,224.75999450683597,3833.0
57.720001220703125,239.9600067138672,3834.0
58.52000045776367,239.9600067138672,3835.0
58.720001220703125,239.9600067138672,3836.0
57.79999923706055,239.9600067138672,3837.0
57.31999969482422,115.91999816894533,3838.0
58.68000030517578,115.5999984741211,3839.0
58.91999816894531,115.91999816894533,3840.0
57.7599983215332,115.87999725341795,3841.0
58.43999862670898,239.9600067138672,3842.0
57.400001525878906,116.23999786376952,3843.0
57.20000076293945,115.91999816894533,3844.0
57.31999969482422,239.9600067138672,3845.0
57.52000045776367,115.72000122070312,3846.0
58.400001525878906,239.9600067138672,3847.0
58.959999084472656,57.52000045776367,3848.0
57.79999923706055,239.9600067138672,3849.0
57.959999084472656,114.76000213623048,3850.0
57.52000045776367,114.76000213623048,3851.0
57.119998931884766,97.68000030517578,3852.0
57.119998931884766,97.4000015258789,3853.0
57.400001525878906,97.68000030517578,3854.0
55.27999877929688,227.27999877929688,3855.0
57.959999084472656,227.1199951171875,3856.0
58.59999847412109,97.4800033569336,3857.0
58.20000076293945,225.6000061035156,3858.0
57.63999938964844,225.55999755859372,3859.0
58.20000076293945,225.5200042724609,3860.0
57.63999938964844,225.67999267578125,3861.0
57.7599983215332,226.16000366210935,3862.0
58.59999847412109,226.0,3863.0
57.47999954223633,224.5200042724609,3864.0
57.52000045776367,223.3999938964844,3865.0
58.43999862670898,222.6000061035156,3866.0
58.63999938964844,239.9600067138672,3867.0
58.0,81.83999633789062,3868.0
58.47999954223633,239.9600067138672,3869.0
58.31999969482422,81.76000213623047,3870.0
58.119998931884766,81.87999725341797,3871.0
58.040000915527344,81.04000091552734,3872.0
58.7599983215332,239.9600067138672,3873.0
58.59999847412109,239.9600067138672,3874.0
57.63999938964844,239.9600067138672,3875.0
58.20000076293945,80.44000244140625,3876.0
58.20000076293945,80.12000274658203,3877.0
57.68000030517578,79.80000305175781,3878.0
56.959999084472656,224.3600006103516,3879.0
58.84000015258789,82.12000274658203,3880.0
57.36000061035156,81.72000122070312,3881.0
58.119998931884766,79.44000244140625,3882.0
58.20000076293945,79.5999984741211,3883.0
58.040000915527344,79.4000015258789,3884.0
57.7599983215332,79.76000213623047,3885.0
57.68000030517578,68.23999786376953,3886.0
57.7599983215332,68.55999755859375,3887.0
58.2400016784668,67.76000213623047,3888.0
58.880001068115234,67.80000305175781,3889.0
58.59999847412109,68.36000061035156,3890.0
58.959999084472656,68.12000274658203,3891.0
58.84000015258789,67.83999633789062,3892.0
57.720001220703125,68.04000091552734,3893.0
58.0,66.87999725341797,3894.0
57.20000076293945,67.76000213623047,3895.0
56.959999084472656,67.76000213623047,3896.0
57.20000076293945,67.87999725341797,3897.0
57.119998931884766,67.76000213623047,3898.0
56.08000183105469,67.87999725341797,3899.0
57.0,68.16000366210938,3900.0
56.43999862670898,68.12000274658203,3901.0
57.43999862670898,60.52000045776367,3902.0
57.27999877929688,61.27999877929688,3903.0
58.119998931884766,67.4800033569336,3904.0
57.880001068115234,68.16000366210938,3905.0
58.20000076293945,68.4800033569336,3906.0
59.2400016784668,68.16000366210938,3907.0
57.36000061035156,78.63999938964844,3908.0
58.040000915527344,78.5999984741211,3909.0
56.27999877929688,78.68000030517578,3910.0
58.08000183105469,68.4800033569336,3911.0
58.119998931884766,68.44000244140625,3912.0
58.36000061035156,60.52000045776367,3913.0
57.20000076293945,225.55999755859372,3914.0
56.84000015258789,67.44000244140625,3915.0
57.91999816894531,225.67999267578125,3916.0
57.63999938964844,67.23999786376953,3917.0
57.68000030517578,225.3999938964844,3918.0
57.43999862670898,68.12000274658203,3919.0
57.959999084472656,225.8800048828125,3920.0
57.63999938964844,225.63999938964844,3921.0
57.68000030517578,68.04000091552734,3922.0
57.2400016784668,67.87999725341797,3923.0
57.47999954223633,67.91999816894531,3924.0
57.79999923706055,67.44000244140625,3925.0
57.84000015258789,67.5999984741211,3926.0
59.119998931884766,67.36000061035156,3927.0
58.040000915527344,67.63999938964844,3928.0
53.720001220703125,58.52000045776367,3929.0
57.880001068115234,225.67999267578125,3930.0
58.040000915527344,225.3600006103516,3931.0
57.959999084472656,225.44000244140625,3932.0
57.7599983215332,225.63999938964844,3933.0
57.63999938964844,224.75999450683597,3934.0
57.84000015258789,225.47999572753903,3935.0
57.79999923706055,225.0,3936.0
57.91999816894531,226.2400054931641,3937.0
57.63999938964844,226.1199951171875,3938.0
57.400001525878906,226.32000732421875,3939.0
57.400001525878906,226.1199951171875,3940.0
58.31999969482422,226.1999969482422,3941.0
57.84000015258789,226.16000366210935,3942.0
57.959999084472656,225.72000122070312,3943.0
58.08000183105469,226.47999572753903,3944.0
58.040000915527344,225.67999267578125,3945.0
57.880001068115234,225.9600067138672,3946.0
57.880001068115234,226.0399932861328,3947.0
57.91999816894531,226.3600006103516,3948.0
57.47999954223633,225.8800048828125,3949.0
57.720001220703125,225.55999755859372,3950.0
58.040000915527344,225.3600006103516,3951.0
57.400001525878906,224.3999938964844,3952.0
58.08000183105469,224.47999572753903,3953.0
58.68000030517578,116.83999633789062,3954.0
57.7599983215332,116.83999633789062,3955.0
57.959999084472656,117.1999969482422,3956.0
57.0,58.43999862670898,3957.0
57.400001525878906,239.9600067138672,3958.0
53.880001068115234,65.0,3959.0
57.36000061035156,225.2400054931641,3960.0
58.880001068115234,225.0800018310547,3961.0
82.91999816894531,86.80000305175781,3962.0
57.959999084472656,86.80000305175781,3963.0
58.08000183105469,239.9600067138672,3964.0
58.0,239.9600067138672,3965.0
58.7599983215332,239.9600067138672,3966.0
58.91999816894531,225.1999969482422,3967.0
58.27999877929688,226.27999877929688,3968.0
59.040000915527344,224.9600067138672,3969.0
59.59999847412109,225.8000030517578,3970.0
58.27999877929688,225.6000061035156,3971.0
58.119998931884766,225.75999450683597,3972.0
58.119998931884766,225.3999938964844,3973.0
57.959999084472656,224.75999450683597,3974.0
57.7599983215332,224.6000061035156,3975.0
57.040000915527344,60.15999984741211,3976.0
57.720001220703125,224.6000061035156,3977.0
58.36000061035156,61.040000915527344,3978.0
58.68000030517578,225.0800018310547,3979.0
58.27999877929688,87.4000015258789,3980.0
59.47999954223633,225.3600006103516,3981.0
56.15999984741211,225.1199951171875,3982.0
57.63999938964844,129.55999755859375,3983.0
57.31999969482422,225.44000244140625,3984.0
57.400001525878906,225.75999450683597,3985.0
58.08000183105469,226.75999450683597,3986.0
58.79999923706055,226.9199981689453,3987.0
58.27999877929688,226.9199981689453,3988.0
58.47999954223633,226.9199981689453,3989.0
58.959999084472656,226.6000061035156,3990.0
59.27999877929688,226.27999877929688,3991.0
58.91999816894531,226.3999938964844,3992.0
58.08000183105469,226.27999877929688,3993.0
59.400001525878906,226.67999267578125,3994.0
59.400001525878906,226.67999267578125,3995.0
57.720001220703125,227.63999938964844,3996.0
57.959999084472656,227.0,3997.0
58.15999984741211,227.0,3998.0
58.59999847412109,227.0,3999.0
58.08000183105469,227.47999572753903,4000.0
59.2400016784668,227.8800048828125,4001.0
58.43999862670898,227.1999969482422,4002.0
59.08000183105469,226.83999633789065,4003.0
57.400001525878906,226.44000244140625,4004.0
59.31999969482422,226.27999877929688,4005.0
58.7599983215332,226.8000030517578,4006.0
57.7599983215332,226.75999450683597,4007.0
57.36000061035156,226.83999633789065,4008.0
54.47999954223633,226.8000030517578,4009.0
58.27999877929688,226.8800048828125,4010.0
57.79999923706055,226.83999633789065,4011.0
59.400001525878906,226.8800048828125,4012.0
59.2400016784668,226.8000030517578,4013.0
58.91999816894531,61.52000045776367,4014.0
58.720001220703125,61.720001220703125,4015.0
58.040000915527344,61.43999862670898,4016.0
57.959999084472656,63.15999984741211,4017.0
57.36000061035156,63.43999862670898,4018.0
58.119998931884766,64.80000305175781,4019.0
58.119998931884766,63.08000183105469,4020.0
57.2400016784668,63.08000183105469,4021.0
57.959999084472656,63.08000183105469,4022.0
57.959999084472656,65.80000305175781,4023.0
57.7599983215332,62.63999938964844,4024.0
57.63999938964844,58.79999923706055,4025.0
57.52000045776367,58.31999969482422,4026.0
57.880001068115234,58.31999969482422,4027.0
57.880001068115234,58.79999923706055,4028.0
57.959999084472656,0.0,4029.0
58.08000183105469,58.36000061035156,4030.0
57.79999923706055,58.119998931884766,4031.0
57.63999938964844,0.0,4032.0
57.84000015258789,239.9600067138672,4033.0
57.31999969482422,239.9600067138672,4034.0
57.560001373291016,239.9600067138672,4035.0
58.119998931884766,239.9600067138672,4036.0
57.720001220703125,239.9600067138672,4037.0
58.2400016784668,58.119998931884766,4038.0
57.880001068115234,61.63999938964844,4039.0
58.040000915527344,118.8000030517578,4040.0
58.08000183105469,117.1999969482422,4041.0
57.79999923706055,116.68000030517578,4042.0
58.47999954223633,117.1999969482422,4043.0
58.119998931884766,57.959999084472656,4044.0
204.72000122070312,218.44000244140625,4045.0
100.1999969482422,125.1999969482422,4046.0
30.600000381469727,213.63999938964844,4047.0
30.600000381469727,239.9600067138672,4048.0
45.52000045776367,223.75999450683597,4049.0
214.27999877929688,78.5199966430664,4050.0
213.72000122070312,222.83999633789065,4051.0
213.55999755859372,75.91999816894531,4052.0
1.9600000381469729,73.44000244140625,4053.0
34.279998779296875,56.63999938964844,4054.0
58.79999923706055,59.43999862670898,4055.0
57.880001068115234,66.16000366210938,4056.0
57.880001068115234,61.08000183105469,4057.0
56.84000015258789,60.720001220703125,4058.0
57.400001525878906,60.560001373291016,4059.0
57.79999923706055,60.59999847412109,4060.0
57.959999084472656,224.1999969482422,4061.0
58.119998931884766,221.8000030517578,4062.0
56.20000076293945,224.1199951171875,4063.0
58.59999847412109,225.0800018310547,4064.0
58.43999862670898,224.63999938964844,4065.0
58.36000061035156,222.47999572753903,4066.0
57.31999969482422,222.75999450683597,4067.0
58.08000183105469,225.27999877929688,4068.0
57.79999923706055,224.6000061035156,4069.0
57.880001068115234,225.2400054931641,4070.0
58.91999816894531,225.1999969482422,4071.0
58.59999847412109,224.72000122070312,4072.0
58.040000915527344,59.2400016784668,4073.0
58.43999862670898,225.3600006103516,4074.0
58.43999862670898,224.2400054931641,4075.0
58.91999816894531,87.4000015258789,4076.0
58.31999969482422,224.3999938964844,4077.0
58.119998931884766,134.44000244140625,4078.0
59.31999969482422,134.60000610351562,4079.0
58.68000030517578,60.2400016784668,4080.0
58.040000915527344,86.44000244140625,4081.0
57.880001068115234,60.08000183105469,4082.0
57.52000045776367,86.5999984741211,4083.0
57.119998931884766,86.5999984741211,4084.0
56.720001220703125,61.79999923706055,4085.0
56.91999816894531,59.400001525878906,4086.0
57.119998931884766,60.040000915527344,4087.0
57.08000183105469,59.15999984741211,4088.0
57.560001373291016,59.560001373291016,4089.0
57.63999938964844,60.08000183105469,4090.0
58.119998931884766,59.7599983215332,4091.0
58.400001525878906,59.7599983215332,4092.0
58.43999862670898,59.31999969482422,4093.0
58.43999862670898,225.63999938964844,4094.0
59.31999969482422,59.880001068115234,4095.0
58.68000030517578,85.72000122070312,4096.0
59.0,225.72000122070312,4097.0
58.36000061035156,86.5199966430664,4098.0
58.43999862670898,225.63999938964844,4099.0
57.400001525878906,107.0,4100.0
57.84000015258789,107.27999877929688,4101.0
57.880001068115234,88.72000122070312,4102.0
58.119998931884766,89.19999694824219,4103.0
57.47999954223633,104.4000015258789,4104.0
57.040000915527344,0.0,4105.0
57.79999923706055,0.0,4106.0
57.84000015258789,86.31999969482422,4107.0
58.43999862670898,86.16000366210938,4108.0
57.7599983215332,86.0,4109.0
56.47999954223633,85.4800033569336,4110.0
58.52000045776367,85.23999786376953,4111.0
58.43999862670898,85.16000366210938,4112.0
58.91999816894531,85.5199966430664,4113.0
58.36000061035156,0.0,4114.0
57.959999084472656,0.0,4115.0
57.79999923706055,86.04000091552734,4116.0
58.040000915527344,224.63999938964844,4117.0
58.2400016784668,86.5999984741211,4118.0
58.47999954223633,224.47999572753903,4119.0
57.15999984741211,86.4800033569336,4120.0
57.79999923706055,86.16000366210938,4121.0
57.15999984741211,86.63999938964844,4122.0
59.15999984741211,224.3600006103516,4123.0
59.08000183105469,86.5199966430664,4124.0
58.52000045776367,86.16000366210938,4125.0
57.880001068115234,86.5199966430664,4126.0
57.59999847412109,86.76000213623047,4127.0
58.20000076293945,86.0,4128.0
57.68000030517578,66.04000091552734,4129.0
58.08000183105469,65.68000030517578,4130.0
58.31999969482422,66.76000213623047,4131.0
58.119998931884766,86.23999786376953,4132.0
57.7599983215332,86.5199966430664,4133.0
57.959999084472656,86.63999938964844,4134.0
33.0,62.08000183105469,4135.0
57.27999877929688,225.44000244140625,4136.0
58.720001220703125,226.16000366210935,4137.0
58.27999877929688,87.4800033569336,4138.0
57.959999084472656,225.3999938964844,4139.0
58.27999877929688,225.3999938964844,4140.0
57.63999938964844,225.3999938964844,4141.0
57.52000045776367,225.3600006103516,4142.0
57.63999938964844,224.6000061035156,4143.0
57.63999938964844,224.8800048828125,4144.0
57.119998931884766,224.3600006103516,4145.0
57.720001220703125,223.3600006103516,4146.0
57.31999969482422,225.47999572753903,4147.0
57.63999938964844,225.6000061035156,4148.0
57.7599983215332,226.67999267578125,4149.0
57.43999862670898,226.55999755859372,4150.0
58.15999984741211,227.0,4151.0
58.20000076293945,226.63999938964844,4152.0
57.959999084472656,227.0800018310547,4153.0
58.63999938964844,226.63999938964844,4154.0
58.79999923706055,227.1199951171875,4155.0
60.040000915527344,60.880001068115234,4156.0
60.20000076293945,85.80000305175781,4157.0
59.400001525878906,86.95999908447266,4158.0
58.47999954223633,85.87999725341797,4159.0
58.52000045776367,86.80000305175781,4160.0
58.040000915527344,228.0,4161.0
58.08000183105469,227.67999267578125,4162.0
58.59999847412109,83.80000305175781,4163.0
58.2400016784668,85.31999969482422,4164.0
58.119998931884766,82.4800033569336,4165.0
58.040000915527344,78.44000244140625,4166.0
58.040000915527344,226.5200042724609,4167.0
57.880001068115234,225.3999938964844,4168.0
57.880001068115234,79.55999755859375,4169.0
57.68000030517578,225.0800018310547,4170.0
57.560001373291016,226.0,4171.0
57.20000076293945,62.2400016784668,4172.0
57.119998931884766,62.0,4173.0
57.560001373291016,62.400001525878906,4174.0
57.0,63.15999984741211,4175.0
56.84000015258789,63.36000061035156,4176.0
56.84000015258789,63.119998931884766,4177.0
57.63999938964844,62.47999954223633,4178.0
56.47999954223633,64.0,4179.0
56.68000030517578,239.9600067138672,4180.0
57.0,82.19999694824219,4181.0
56.91999816894531,74.04000091552734,4182.0
58.08000183105469,81.87999725341797,4183.0
57.7599983215332,76.4000015258789,4184.0
58.15999984741211,82.44000244140625,4185.0
57.959999084472656,230.8800048828125,4186.0
58.119998931884766,83.31999969482422,4187.0
57.720001220703125,81.5199966430664,4188.0
56.68000030517578,82.5999984741211,4189.0
57.31999969482422,81.95999908447266,4190.0
58.15999984741211,83.44000244140625,4191.0
57.7599983215332,83.63999938964844,4192.0
56.47999954223633,83.95999908447266,4193.0
58.59999847412109,228.0800018310547,4194.0
59.20000076293945,227.8000030517578,4195.0
59.040000915527344,82.80000305175781,4196.0
59.040000915527344,83.0,4197.0
57.36000061035156,83.16000366210938,4198.0
57.880001068115234,228.8800048828125,4199.0
59.560001373291016,62.20000076293945,4200.0
60.84000015258789,62.15999984741211,4201.0
59.880001068115234,84.04000091552734,4202.0
54.84000015258789,62.79999923706055,4203.0
58.52000045776367,83.87999725341797,4204.0
58.2400016784668,61.52000045776367,4205.0
58.36000061035156,83.27999877929688,4206.0
57.52000045776367,83.44000244140625,4207.0
57.959999084472656,145.36000061035156,4208.0
58.27999877929688,82.63999938964844,4209.0
56.560001373291016,82.72000122070312,4210.0
57.880001068115234,63.08000183105469,4211.0
57.959999084472656,140.27999877929688,4212.0
57.63999938964844,82.4800033569336,4213.0
58.119998931884766,118.68000030517578,4214.0
53.84000015258789,119.16000366210938,4215.0
57.31999969482422,119.31999969482422,4216.0
118.95999908447266,121.16000366210938,4217.0
105.5199966430664,122.23999786376952,4218.0
105.4000015258789,122.08000183105467,4219.0
118.44000244140624,63.91999816894531,4220.0
65.80000305175781,83.5199966430664,4221.0
58.91999816894531,83.68000030517578,4222.0
59.08000183105469,123.83999633789062,4223.0
58.43999862670898,83.23999786376953,4224.0
58.43999862670898,62.20000076293945,4225.0
59.040000915527344,83.63999938964844,4226.0
58.400001525878906,63.560001373291016,4227.0
57.79999923706055,64.16000366210938,4228.0
58.43999862670898,62.7599983215332,4229.0
59.08000183105469,63.59999847412109,4230.0
57.31999969482422,64.91999816894531,4231.0
58.43999862670898,64.5999984741211,4232.0
58.43999862670898,64.27999877929688,4233.0
58.040000915527344,64.04000091552734,4234.0
58.43999862670898,60.560001373291016,4235.0
56.84000015258789,62.43999862670898,4236.0
56.84000015258789,62.27999877929688,4237.0
58.400001525878906,62.7599983215332,4238.0
57.15999984741211,61.52000045776367,4239.0
57.119998931884766,58.720001220703125,4240.0
58.27999877929688,58.7599983215332,4241.0
58.040000915527344,58.68000030517578,4242.0
58.08000183105469,59.91999816894531,4243.0
57.27999877929688,62.040000915527344,4244.0
57.43999862670898,80.72000122070312,4245.0
57.63999938964844,64.0,4246.0
57.959999084472656,78.16000366210938,4247.0
57.959999084472656,65.0,4248.0
58.400001525878906,58.15999984741211,4249.0
57.959999084472656,63.560001373291016,4250.0
57.52000045776367,62.119998931884766,4251.0
58.0,63.2400016784668,4252.0
57.880001068115234,66.0,4253.0
58.400001525878906,66.31999969482422,4254.0
58.52000045776367,66.04000091552734,4255.0
58.59999847412109,66.4800033569336,4256.0
58.59999847412109,66.23999786376953,4257.0
58.84000015258789,84.5199966430664,4258.0
59.15999984741211,86.4000015258789,4259.0
59.15999984741211,85.95999908447266,4260.0
59.0,86.0,4261.0
59.400001525878906,78.95999908447266,4262.0
60.52000045776367,223.27999877929688,4263.0
58.63999938964844,80.4000015258789,4264.0
61.15999984741211,225.2400054931641,4265.0
57.560001373291016,225.75999450683597,4266.0
58.15999984741211,225.5200042724609,4267.0
57.52000045776367,85.87999725341797,4268.0
57.560001373291016,86.44000244140625,4269.0
57.52000045776367,86.5999984741211,4270.0
57.400001525878906,86.08000183105469,4271.0
57.040000915527344,86.31999969482422,4272.0
54.880001068115234,85.0,4273.0
57.880001068115234,85.5999984741211,4274.0
58.040000915527344,84.4000015258789,4275.0
56.43999862670898,84.5199966430664,4276.0
56.47999954223633,84.68000030517578,4277.0
56.91999816894531,83.55999755859375,4278.0
56.84000015258789,83.55999755859375,4279.0
56.36000061035156,83.4800033569336,4280.0
57.7599983215332,82.91999816894531,4281.0
57.63999938964844,83.72000122070312,4282.0
58.27999877929688,82.72000122070312,4283.0
57.7599983215332,82.44000244140625,4284.0
57.720001220703125,82.19999694824219,4285.0
57.15999984741211,82.0,4286.0
57.040000915527344,82.31999969482422,4287.0
58.119998931884766,221.0,4288.0
57.400001525878906,221.63999938964844,4289.0
57.0,221.44000244140625,4290.0
57.0,221.16000366210935,4291.0
56.79999923706055,221.6000061035156,4292.0
57.31999969482422,74.83999633789062,4293.0
57.7599983215332,74.12000274658203,4294.0
57.79999923706055,79.31999969482422,4295.0
58.43999862670898,73.87999725341797,4296.0
57.43999862670898,82.36000061035156,4297.0
57.68000030517578,81.19999694824219,4298.0
57.31999969482422,81.87999725341797,4299.0
56.959999084472656,81.5199966430664,4300.0
57.720001220703125,81.87999725341797,4301.0
58.0,82.31999969482422,4302.0
57.7599983215332,82.31999969482422,4303.0
57.0,81.95999908447266,4304.0
57.36000061035156,81.95999908447266,4305.0
58.68000030517578,226.0800018310547,4306.0
58.560001373291016,81.68000030517578,4307.0
58.040000915527344,81.68000030517578,4308.0
58.63999938964844,81.36000061035156,4309.0
57.43999862670898,81.04000091552734,4310.0
57.400001525878906,82.0,4311.0
56.36000061035156,81.68000030517578,4312.0
58.27999877929688,81.5999984741211,4313.0
58.43999862670898,81.76000213623047,4314.0
58.20000076293945,81.91999816894531,4315.0
57.79999923706055,82.08000183105469,4316.0
57.7599983215332,82.0,4317.0
57.720001220703125,82.08000183105469,4318.0
57.880001068115234,82.16000366210938,4319.0
58.2400016784668,82.0,4320.0
58.59999847412109,81.5999984741211,4321.0
57.63999938964844,81.83999633789062,4322.0
56.84000015258789,81.80000305175781,4323.0
57.0,81.83999633789062,4324.0
57.63999938964844,81.80000305175781,4325.0
57.31999969482422,81.63999938964844,4326.0
57.47999954223633,81.12000274658203,4327.0
57.68000030517578,81.31999969482422,4328.0
58.20000076293945,81.23999786376953,4329.0
58.119998931884766,81.19999694824219,4330.0
57.63999938964844,80.72000122070312,4331.0
38.20000076293945,81.23999786376953,4332.0
57.2400016784668,80.87999725341797,4333.0
57.63999938964844,81.19999694824219,4334.0
58.08000183105469,81.55999755859375,4335.0
58.27999877929688,80.23999786376953,4336.0
58.20000076293945,81.76000213623047,4337.0
57.7599983215332,80.63999938964844,4338.0
57.15999984741211,81.83999633789062,4339.0
60.720001220703125,81.68000030517578,4340.0
59.08000183105469,81.5199966430664,4341.0
58.08000183105469,81.5199966430664,4342.0
57.63999938964844,81.19999694824219,4343.0
57.7599983215332,81.4000015258789,4344.0
58.040000915527344,81.63999938964844,4345.0
57.040000915527344,81.83999633789062,4346.0
58.59999847412109,80.80000305175781,4347.0
58.0,80.55999755859375,4348.0
58.15999984741211,80.5199966430664,4349.0
57.0,80.80000305175781,4350.0
58.119998931884766,80.83999633789062,4351.0
57.31999969482422,81.44000244140625,4352.0
57.119998931884766,81.0,4353.0
57.560001373291016,81.04000091552734,4354.0
58.15999984741211,81.19999694824219,4355.0
58.15999984741211,81.23999786376953,4356.0
57.560001373291016,81.19999694824219,4357.0
57.7599983215332,81.63999938964844,4358.0
57.36000061035156,81.72000122070312,4359.0
55.7599983215332,81.36000061035156,4360.0
56.720001220703125,81.36000061035156,4361.0
57.36000061035156,81.4800033569336,4362.0
58.27999877929688,81.31999969482422,4363.0
54.91999816894531,80.87999725341797,4364.0
57.43999862670898,81.36000061035156,4365.0
58.0,80.31999969482422,4366.0
57.2400016784668,81.63999938964844,4367.0
57.91999816894531,81.5199966430664,4368.0
57.20000076293945,81.36000061035156,4369.0
57.08000183105469,81.5199966430664,4370.0
51.31999969482422,80.4800033569336,4371.0
57.08000183105469,81.04000091552734,4372.0
57.119998931884766,79.80000305175781,4373.0
58.27999877929688,80.87999725341797,4374.0
57.560001373291016,81.19999694824219,4375.0
57.31999969482422,81.23999786376953,4376.0
57.959999084472656,81.80000305175781,4377.0
57.880001068115234,80.83999633789062,4378.0
56.880001068115234,81.36000061035156,4379.0
57.47999954223633,81.36000061035156,4380.0
57.68000030517578,81.5199966430664,4381.0
62.119998931884766,225.0800018310547,4382.0
61.08000183105469,62.59999847412109,4383.0
57.2400016784668,82.12000274658203,4384.0
57.15999984741211,82.76000213623047,4385.0
56.119998931884766,62.52000045776367,4386.0
57.119998931884766,82.16000366210938,4387.0
57.15999984741211,82.23999786376953,4388.0
57.400001525878906,81.55999755859375,4389.0
57.47999954223633,81.4800033569336,4390.0
54.31999969482422,81.04000091552734,4391.0
57.63999938964844,82.0,4392.0
58.2400016784668,81.5999984741211,4393.0
53.84000015258789,81.36000061035156,4394.0
57.20000076293945,81.91999816894531,4395.0
57.0,81.44000244140625,4396.0
57.36000061035156,60.880001068115234,4397.0
57.47999954223633,81.68000030517578,4398.0
58.0,61.400001525878906,4399.0
58.560001373291016,61.040000915527344,4400.0
58.52000045776367,60.68000030517578,4401.0
57.79999923706055,59.68000030517578,4402.0
58.0,59.880001068115234,4403.0
54.79999923706055,59.91999816894531,4404.0
56.79999923706055,61.08000183105469,4405.0
57.20000076293945,82.0,4406.0
57.2400016784668,81.87999725341797,4407.0
54.68000030517578,82.23999786376953,4408.0
57.119998931884766,82.27999877929688,4409.0
57.08000183105469,82.91999816894531,4410.0
58.36000061035156,82.63999938964844,4411.0
57.959999084472656,82.5999984741211,4412.0
58.52000045776367,81.76000213623047,4413.0
57.79999923706055,82.68000030517578,4414.0
58.20000076293945,82.44000244140625,4415.0
57.52000045776367,82.36000061035156,4416.0
57.79999923706055,82.4000015258789,4417.0
58.040000915527344,224.1199951171875,4418.0
58.20000076293945,224.1199951171875,4419.0
59.040000915527344,81.83999633789062,4420.0
59.47999954223633,224.47999572753903,4421.0
57.79999923706055,71.87999725341797,4422.0
56.84000015258789,73.23999786376953,4423.0
56.560001373291016,82.80000305175781,4424.0
57.119998931884766,81.87999725341797,4425.0
55.2400016784668,82.91999816894531,4426.0
57.59999847412109,82.72000122070312,4427.0
57.15999984741211,82.91999816894531,4428.0
57.560001373291016,81.95999908447266,4429.0
58.27999877929688,82.0,4430.0
58.31999969482422,80.76000213623047,4431.0
57.959999084472656,82.16000366210938,4432.0
57.43999862670898,81.0,4433.0
57.880001068115234,82.16000366210938,4434.0
57.959999084472656,82.12000274658203,4435.0
58.08000183105469,82.5199966430664,4436.0
57.7599983215332,82.76000213623047,4437.0
57.31999969482422,82.5199966430664,4438.0
57.84000015258789,82.4800033569336,4439.0
57.880001068115234,83.36000061035156,4440.0
57.84000015258789,222.44000244140625,4441.0
57.560001373291016,82.55999755859375,4442.0
57.7599983215332,83.08000183105469,4443.0
57.31999969482422,83.44000244140625,4444.0
57.880001068115234,82.5999984741211,4445.0
57.7599983215332,83.27999877929688,4446.0
57.59999847412109,83.4000015258789,4447.0
57.63999938964844,83.27999877929688,4448.0
40.52000045776367,83.16000366210938,4449.0
56.68000030517578,83.04000091552734,4450.0
57.040000915527344,83.04000091552734,4451.0
57.720001220703125,83.27999877929688,4452.0
57.560001373291016,83.27999877929688,4453.0
57.84000015258789,83.5199966430664,4454.0
56.7599983215332,83.55999755859375,4455.0
57.31999969482422,84.08000183105469,4456.0
56.040000915527344,83.4800033569336,4457.0
56.31999969482422,83.12000274658203,4458.0
57.52000045776367,82.4800033569336,4459.0
53.47999954223633,82.95999908447266,4460.0
57.31999969482422,83.63999938964844,4461.0
57.63999938964844,83.16000366210938,4462.0
57.119998931884766,83.16000366210938,4463.0
57.0,82.91999816894531,4464.0
56.79999923706055,83.72000122070312,4465.0
56.400001525878906,83.5199966430664,4466.0
57.119998931884766,83.68000030517578,4467.0
57.400001525878906,83.91999816894531,4468.0
57.91999816894531,83.68000030517578,4469.0
57.52000045776367,82.95999908447266,4470.0
57.31999969482422,82.95999908447266,4471.0
57.47999954223633,83.23999786376953,4472.0
57.59999847412109,83.36000061035156,4473.0
57.63999938964844,82.80000305175781,4474.0
56.720001220703125,82.4800033569336,4475.0
58.27999877929688,82.55999755859375,4476.0
58.560001373291016,82.4800033569336,4477.0
57.400001525878906,82.44000244140625,4478.0
57.880001068115234,82.0,4479.0
57.84000015258789,82.36000061035156,4480.0
57.959999084472656,82.0,4481.0
57.63999938964844,82.63999938964844,4482.0
58.08000183105469,82.36000061035156,4483.0
57.959999084472656,82.63999938964844,4484.0
57.720001220703125,82.95999908447266,4485.0
56.47999954223633,82.72000122070312,4486.0
57.0,82.4800033569336,4487.0
57.08000183105469,82.76000213623047,4488.0
56.52000045776367,82.63999938964844,4489.0
53.47999954223633,84.4000015258789,4490.0
55.7599983215332,225.6000061035156,4491.0
56.79999923706055,84.23999786376953,4492.0
53.36000061035156,58.040000915527344,4493.0
57.0,225.67999267578125,4494.0
56.43999862670898,57.20000076293945,4495.0
57.0,61.27999877929688,4496.0
56.560001373291016,57.400001525878906,4497.0
57.27999877929688,57.36000061035156,4498.0
56.91999816894531,56.880001068115234,4499.0
57.31999969482422,81.83999633789062,4500.0
57.31999969482422,82.44000244140625,4501.0
57.400001525878906,82.55999755859375,4502.0
57.52000045776367,82.23999786376953,4503.0
58.52000045776367,82.55999755859375,4504.0
57.959999084472656,82.44000244140625,4505.0
57.63999938964844,82.4800033569336,4506.0
57.0,82.72000122070312,4507.0
57.79999923706055,83.08000183105469,4508.0
57.36000061035156,83.27999877929688,4509.0
58.400001525878906,83.4000015258789,4510.0
57.15999984741211,83.16000366210938,4511.0
58.79999923706055,83.31999969482422,4512.0
57.20000076293945,83.04000091552734,4513.0
55.36000061035156,82.31999969482422,4514.0
54.91999816894531,82.27999877929688,4515.0
56.08000183105469,82.27999877929688,4516.0
56.720001220703125,82.19999694824219,4517.0
55.7599983215332,82.27999877929688,4518.0
56.15999984741211,82.27999877929688,4519.0
57.63999938964844,139.24000549316406,4520.0
57.52000045776367,139.27999877929688,4521.0
57.63999938964844,139.27999877929688,4522.0
56.52000045776367,139.27999877929688,4523.0
56.880001068115234,139.27999877929688,4524.0
53.31999969482422,139.27999877929688,4525.0
57.400001525878906,82.27999877929688,4526.0
57.0,82.27999877929688,4527.0
57.08000183105469,81.76000213623047,4528.0
57.7599983215332,81.72000122070312,4529.0
58.27999877929688,81.63999938964844,4530.0
57.560001373291016,81.63999938964844,4531.0
56.15999984741211,82.27999877929688,4532.0
57.400001525878906,81.63999938964844,4533.0
57.47999954223633,81.63999938964844,4534.0
57.36000061035156,82.0,4535.0
57.400001525878906,82.0,4536.0
57.119998931884766,82.0,4537.0
57.31999969482422,81.63999938964844,4538.0
57.7599983215332,81.63999938964844,4539.0
58.7599983215332,81.63999938964844,4540.0
57.400001525878906,81.63999938964844,4541.0
59.2400016784668,82.0,4542.0
57.0,82.08000183105469,4543.0
59.36000061035156,81.83999633789062,4544.0
50.59999847412109,81.76000213623047,4545.0
59.27999877929688,82.0,4546.0
58.47999954223633,82.16000366210938,4547.0
57.79999923706055,82.12000274658203,4548.0
57.84000015258789,82.31999969482422,4549.0
55.31999969482422,82.16000366210938,4550.0
58.52000045776367,82.16000366210938,4551.0
57.31999969482422,82.16000366210938,4552.0
59.0,82.0,4553.0
56.68000030517578,82.27999877929688,4554.0
57.15999984741211,82.27999877929688,4555.0
57.560001373291016,195.9600067138672,4556.0
56.79999923706055,195.63999938964844,4557.0
56.2400016784668,195.72000122070312,4558.0
57.0,140.8800048828125,4559.0
55.2400016784668,195.72000122070312,4560.0
55.7599983215332,83.76000213623047,4561.0
57.43999862670898,73.4800033569336,4562.0
57.119998931884766,73.55999755859375,4563.0
56.7599983215332,73.5999984741211,4564.0
56.52000045776367,73.31999969482422,4565.0
51.040000915527344,73.80000305175781,4566.0
40.400001525878906,73.87999725341797,4567.0
55.400001525878906,74.0,4568.0
54.119998931884766,73.95999908447266,4569.0
57.15999984741211,73.95999908447266,4570.0
56.400001525878906,57.959999084472656,4571.0
58.08000183105469,57.959999084472656,4572.0
58.31999969482422,57.959999084472656,4573.0
57.400001525878906,57.959999084472656,4574.0
56.959999084472656,57.959999084472656,4575.0
57.720001220703125,57.959999084472656,4576.0
59.0,57.959999084472656,4577.0
48.27999877929688,58.0,4578.0
58.36000061035156,58.0,4579.0
58.91999816894531,58.0,4580.0
58.36000061035156,58.119998931884766,4581.0
58.79999923706055,58.31999969482422,4582.0
58.47999954223633,58.59999847412109,4583.0
58.31999969482422,58.84000015258789,4584.0
58.2400016784668,59.0,4585.0
58.27999877929688,58.59999847412109,4586.0
56.560001373291016,57.959999084472656,4587.0
58.27999877929688,57.959999084472656,4588.0
57.119998931884766,57.959999084472656,4589.0
57.27999877929688,57.959999084472656,4590.0
58.119998931884766,130.8000030517578,4591.0
55.91999816894531,130.9600067138672,4592.0
58.119998931884766,130.9600067138672,4593.0
57.959999084472656,131.0800018310547,4594.0
51.0,131.27999877929688,4595.0
57.7599983215332,59.2400016784668,4596.0
57.63999938964844,59.2400016784668,4597.0
57.63999938964844,59.08000183105469,4598.0
58.47999954223633,59.0,4599.0
59.36000061035156,58.959999084472656,4600.0
57.79999923706055,58.959999084472656,4601.0
57.52000045776367,58.59999847412109,4602.0
51.880001068115234,58.59999847412109,4603.0
57.880001068115234,58.59999847412109,4604.0
57.52000045776367,58.63999938964844,4605.0
58.0,58.0,4606.0
57.63999938964844,57.959999084472656,4607.0
58.31999969482422,58.31999969482422,4608.0
58.59999847412109,58.040000915527344,4609.0
49.52000045776367,57.880001068115234,4610.0
45.84000015258789,57.959999084472656,4611.0
49.15999984741211,58.43999862670898,4612.0
55.880001068115234,57.959999084472656,4613.0
57.31999969482422,58.52000045776367,4614.0
57.91999816894531,58.59999847412109,4615.0
57.31999969482422,58.68000030517578,4616.0
56.400001525878906,58.36000061035156,4617.0
56.880001068115234,58.36000061035156,4618.0
57.31999969482422,58.43999862670898,4619.0
57.20000076293945,58.040000915527344,4620.0
57.79999923706055,57.63999938964844,4621.0
57.959999084472656,57.720001220703125,4622.0
57.59999847412109,57.880001068115234,4623.0
57.400001525878906,58.119998931884766,4624.0
57.52000045776367,58.43999862670898,4625.0
56.84000015258789,58.59999847412109,4626.0
56.720001220703125,58.7599983215332,4627.0
56.2400016784668,58.52000045776367,4628.0
56.7599983215332,58.720001220703125,4629.0
56.880001068115234,174.1999969482422,4630.0
56.880001068115234,58.79999923706055,4631.0
56.7599983215332,173.1999969482422,4632.0
57.0,57.959999084472656,4633.0
57.119998931884766,57.959999084472656,4634.0
57.47999954223633,61.68000030517578,4635.0
57.27999877929688,59.880001068115234,4636.0
56.59999847412109,59.880001068115234,4637.0
56.400001525878906,59.560001373291016,4638.0
57.119998931884766,59.59999847412109,4639.0
56.43999862670898,59.2400016784668,4640.0
54.119998931884766,59.59999847412109,4641.0
57.31999969482422,59.2400016784668,4642.0
57.27999877929688,59.880001068115234,4643.0
56.400001525878906,59.2400016784668,4644.0
57.84000015258789,59.20000076293945,4645.0
58.040000915527344,59.2400016784668,4646.0
57.59999847412109,59.2400016784668,4647.0
57.560001373291016,59.400001525878906,4648.0
57.47999954223633,59.119998931884766,4649.0
57.560001373291016,59.08000183105469,4650.0
57.52000045776367,59.08000183105469,4651.0
58.119998931884766,59.68000030517578,4652.0
57.880001068115234,59.400001525878906,4653.0
57.0,59.43999862670898,4654.0
57.59999847412109,59.08000183105469,4655.0
56.68000030517578,58.68000030517578,4656.0
57.63999938964844,239.9600067138672,4657.0
57.63999938964844,239.9600067138672,4658.0
57.959999084472656,239.9600067138672,4659.0
57.560001373291016,239.9600067138672,4660.0
57.79999923706055,239.9600067138672,4661.0
58.47999954223633,239.9600067138672,4662.0
58.31999969482422,239.9600067138672,4663.0
58.27999877929688,239.9600067138672,4664.0
58.400001525878906,239.9600067138672,4665.0
57.0,239.9600067138672,4666.0
57.63999938964844,239.9600067138672,4667.0
57.400001525878906,239.9600067138672,4668.0
57.7599983215332,239.9600067138672,4669.0
57.720001220703125,239.9600067138672,4670.0
57.36000061035156,239.9600067138672,4671.0
56.68000030517578,239.9600067138672,4672.0
0.0,239.9600067138672,4673.0
57.52000045776367,239.9600067138672,4674.0
48.36000061035156,239.9600067138672,4675.0
57.2400016784668,233.5200042724609,4676.0
56.52000045776367,234.0800018310547,4677.0
57.040000915527344,128.0399932861328,4678.0
57.79999923706055,127.76000213623048,4679.0
56.0,127.72000122070312,4680.0
57.68000030517578,127.91999816894533,4681.0
58.040000915527344,239.9600067138672,4682.0
54.43999862670898,83.91999816894531,4683.0
58.040000915527344,83.72000122070312,4684.0
57.560001373291016,239.9600067138672,4685.0
52.2400016784668,239.9600067138672,4686.0
55.400001525878906,239.9600067138672,4687.0
53.880001068115234,236.0800018310547,4688.0
56.08000183105469,235.9199981689453,4689.0
52.880001068115234,235.72000122070312,4690.0
55.7599983215332,0.0,4691.0
56.68000030517578,6.71999979019165,4692.0
54.15999984741211,7.400000095367432,4693.0
52.63999938964844,74.5999984741211,4694.0
55.7599983215332,76.63999938964844,4695.0
53.31999969482422,77.31999969482422,4696.0
56.43999862670898,77.4800033569336,4697.0
53.119998931884766,77.4800033569336,4698.0
55.7599983215332,75.72000122070312,4699.0
57.119998931884766,77.4800033569336,4700.0
55.63999938964844,222.6000061035156,4701.0
56.0,216.6000061035156,4702.0
53.43999862670898,216.44000244140625,4703.0
55.79999923706055,169.47999572753906,4704.0
57.31999969482422,169.0,4705.0
48.68000030517578,168.72000122070312,4706.0
55.720001220703125,56.27999877929688,4707.0
39.68000030517578,168.39999389648438,4708.0
48.63999938964844,55.84000015258789,4709.0
56.36000061035156,58.31999969482422,4710.0
56.68000030517578,57.959999084472656,4711.0
56.36000061035156,57.63999938964844,4712.0
56.400001525878906,56.43999862670898,4713.0
55.119998931884766,56.119998931884766,4714.0
55.400001525878906,57.0,4715.0
40.36000061035156,57.2400016784668,4716.0
55.119998931884766,57.08000183105469,4717.0
57.63999938964844,212.1999969482422,4718.0
56.84000015258789,212.1999969482422,4719.0
56.08000183105469,59.0,4720.0
56.560001373291016,212.27999877929688,4721.0
55.27999877929688,83.19999694824219,4722.0
57.43999862670898,82.63999938964844,4723.0
58.52000045776367,82.5999984741211,4724.0
58.36000061035156,82.76000213623047,4725.0
58.91999816894531,82.68000030517578,4726.0
59.040000915527344,82.76000213623047,4727.0
57.68000030517578,82.5999984741211,4728.0
57.27999877929688,82.44000244140625,4729.0
57.15999984741211,82.12000274658203,4730.0
58.959999084472656,82.19999694824219,4731.0
55.52000045776367,0.0,4732.0
56.36000061035156,212.5200042724609,4733.0
58.63999938964844,212.5200042724609,4734.0
59.0,212.67999267578125,4735.0
56.119998931884766,213.0800018310547,4736.0
57.7599983215332,212.8000030517578,4737.0
57.63999938964844,233.44000244140625,4738.0
58.43999862670898,67.27999877929688,4739.0
58.040000915527344,67.04000091552734,4740.0
56.959999084472656,64.95999908447266,4741.0
57.959999084472656,212.32000732421875,4742.0
56.31999969482422,212.0399932861328,4743.0
55.79999923706055,124.91999816894533,4744.0
56.720001220703125,124.87999725341795,4745.0
58.15999984741211,124.87999725341795,4746.0
58.2400016784668,124.87999725341795,4747.0
57.84000015258789,124.83999633789062,4748.0
57.560001373291016,124.8000030517578,4749.0
57.0,124.63999938964844,4750.0
56.84000015258789,123.83999633789062,4751.0
57.08000183105469,222.32000732421875,4752.0
57.31999969482422,222.44000244140625,4753.0
57.31999969482422,222.1999969482422,4754.0
58.43999862670898,222.3600006103516,4755.0
58.79999923706055,116.4800033569336,4756.0
58.560001373291016,116.1999969482422,4757.0
57.959999084472656,116.95999908447266,4758.0
56.47999954223633,124.87999725341795,4759.0
57.47999954223633,118.08000183105467,4760.0
59.560001373291016,124.55999755859376,4761.0
58.31999969482422,81.23999786376953,4762.0
58.119998931884766,81.16000366210938,4763.0
59.2400016784668,81.19999694824219,4764.0
58.52000045776367,81.4800033569336,4765.0
58.560001373291016,89.0,4766.0
59.560001373291016,88.83999633789062,4767.0
58.79999923706055,88.87999725341797,4768.0
58.31999969482422,88.80000305175781,4769.0
58.52000045776367,88.95999908447266,4770.0
57.63999938964844,88.80000305175781,4771.0
30.1200008392334,88.95999908447266,4772.0
56.79999923706055,88.4800033569336,4773.0
56.720001220703125,124.5199966430664,4774.0
58.400001525878906,124.1999969482422,4775.0
57.43999862670898,124.5199966430664,4776.0
57.63999938964844,124.5199966430664,4777.0
57.2400016784668,98.5199966430664,4778.0
57.20000076293945,98.4800033569336,4779.0
58.560001373291016,52.27999877929688,4780.0
57.7599983215332,52.040000915527344,4781.0
58.27999877929688,51.959999084472656,4782.0
57.959999084472656,52.08000183105469,4783.0
56.84000015258789,124.23999786376952,4784.0
57.84000015258789,48.27999877929688,4785.0
57.91999816894531,28.200000762939453,4786.0
56.36000061035156,48.0,4787.0
56.15999984741211,48.119998931884766,4788.0
58.79999923706055,89.04000091552734,4789.0
50.91999816894531,88.91999816894531,4790.0
55.52000045776367,88.91999816894531,4791.0
57.15999984741211,88.91999816894531,4792.0
55.91999816894531,88.91999816894531,4793.0
58.31999969482422,88.87999725341797,4794.0
56.79999923706055,88.95999908447266,4795.0
57.7599983215332,88.87999725341797,4796.0
55.720001220703125,88.83999633789062,4797.0
56.880001068115234,88.87999725341797,4798.0
56.68000030517578,88.72000122070312,4799.0
57.0,88.80000305175781,4800.0
56.720001220703125,88.5999984741211,4801.0
57.63999938964844,88.83999633789062,4802.0
57.400001525878906,88.5999984741211,4803.0
57.31999969482422,88.68000030517578,4804.0
57.84000015258789,88.4000015258789,4805.0
57.119998931884766,88.68000030517578,4806.0
57.560001373291016,54.15999984741211,4807.0
58.52000045776367,53.7599983215332,4808.0
57.08000183105469,53.63999938964844,4809.0
57.720001220703125,53.59999847412109,4810.0
57.720001220703125,53.400001525878906,4811.0
57.63999938964844,53.15999984741211,4812.0
58.040000915527344,53.959999084472656,4813.0
57.52000045776367,54.7599983215332,4814.0
57.560001373291016,57.720001220703125,4815.0
56.59999847412109,123.91999816894533,4816.0
57.560001373291016,123.87999725341795,4817.0
57.2400016784668,123.87999725341795,4818.0
56.7599983215332,123.95999908447266,4819.0
56.15999984741211,124.04000091552734,4820.0
57.400001525878906,123.95999908447266,4821.0
56.84000015258789,123.91999816894533,4822.0
56.720001220703125,123.91999816894533,4823.0
57.47999954223633,56.59999847412109,4824.0
57.119998931884766,56.959999084472656,4825.0
50.0,57.43999862670898,4826.0
57.720001220703125,123.87999725341795,4827.0
54.20000076293945,123.91999816894533,4828.0
57.2400016784668,123.95999908447266,4829.0
232.72000122070312,123.95999908447266,4830.0
54.79999923706055,123.91999816894533,4831.0
56.36000061035156,123.91999816894533,4832.0
55.720001220703125,124.0,4833.0
54.52000045776367,123.91999816894533,4834.0
57.119998931884766,124.04000091552734,4835.0
57.08000183105469,123.95999908447266,4836.0
57.63999938964844,124.31999969482422,4837.0
57.31999969482422,76.5199966430664,4838.0
57.2400016784668,124.5199966430664,4839.0
57.400001525878906,124.5199966430664,4840.0
56.119998931884766,76.5999984741211,4841.0
57.31999969482422,76.23999786376953,4842.0
57.880001068115234,76.23999786376953,4843.0
57.63999938964844,124.5199966430664,4844.0
57.63999938964844,124.5199966430664,4845.0
52.59999847412109,124.5199966430664,4846.0
56.27999877929688,124.5199966430664,4847.0
57.2400016784668,124.5199966430664,4848.0
52.20000076293945,124.5199966430664,4849.0
50.68000030517578,124.5199966430664,4850.0
57.0,124.5199966430664,4851.0
53.08000183105469,124.5199966430664,4852.0
57.119998931884766,56.68000030517578,4853.0
55.959999084472656,56.400001525878906,4854.0
56.68000030517578,56.400001525878906,4855.0
56.2400016784668,56.52000045776367,4856.0
38.43999862670898,124.5199966430664,4857.0
55.91999816894531,77.95999908447266,4858.0
56.560001373291016,124.23999786376952,4859.0
225.8800048828125,123.91999816894533,4860.0
55.7599983215332,78.44000244140625,4861.0
56.400001525878906,78.5999984741211,4862.0
57.68000030517578,78.76000213623047,4863.0
56.91999816894531,78.91999816894531,4864.0
39.720001220703125,79.12000274658203,4865.0
57.7599983215332,79.36000061035156,4866.0
57.040000915527344,79.36000061035156,4867.0
35.880001068115234,78.83999633789062,4868.0
55.7599983215332,77.87999725341797,4869.0
56.52000045776367,77.4800033569336,4870.0
55.400001525878906,77.19999694824219,4871.0
56.08000183105469,77.36000061035156,4872.0
56.36000061035156,77.12000274658203,4873.0
56.2400016784668,77.19999694824219,4874.0
34.599998474121094,77.36000061035156,4875.0
50.27999877929688,77.31999969482422,4876.0
56.7599983215332,77.36000061035156,4877.0
53.15999984741211,77.44000244140625,4878.0
53.0,77.27999877929688,4879.0
56.560001373291016,77.36000061035156,4880.0
55.91999816894531,77.23999786376953,4881.0
56.20000076293945,77.19999694824219,4882.0
55.7599983215332,76.76000213623047,4883.0
57.119998931884766,233.75999450683597,4884.0
56.47999954223633,233.67999267578125,4885.0
53.20000076293945,234.0,4886.0
56.91999816894531,233.9199981689453,4887.0
57.0,76.76000213623047,4888.0
56.91999816894531,76.68000030517578,4889.0
55.59999847412109,76.95999908447266,4890.0
56.43999862670898,76.91999816894531,4891.0
53.43999862670898,77.0,4892.0
55.7599983215332,76.95999908447266,4893.0
55.880001068115234,76.91999816894531,4894.0
55.47999954223633,76.83999633789062,4895.0
55.91999816894531,76.76000213623047,4896.0
55.7599983215332,76.83999633789062,4897.0
55.720001220703125,76.76000213623047,4898.0
56.08000183105469,77.0,4899.0
57.43999862670898,76.83999633789062,4900.0
57.68000030517578,76.91999816894531,4901.0
58.59999847412109,236.1199951171875,4902.0
58.91999816894531,77.08000183105469,4903.0
56.880001068115234,236.2400054931641,4904.0
56.52000045776367,236.3999938964844,4905.0
56.36000061035156,236.47999572753903,4906.0
56.79999923706055,236.47999572753903,4907.0
56.84000015258789,236.32000732421875,4908.0
55.880001068115234,29.920000076293945,4909.0
42.91999816894531,29.559999465942383,4910.0
46.119998931884766,29.07999992370605,4911.0
53.79999923706055,29.239999771118164,4912.0
51.959999084472656,30.200000762939453,4913.0
52.20000076293945,30.920000076293945,4914.0
51.880001068115234,237.0,4915.0
57.79999923706055,237.1199951171875,4916.0
57.63999938964844,237.1999969482422,4917.0
57.63999938964844,239.9600067138672,4918.0
56.36000061035156,239.9600067138672,4919.0
57.31999969482422,239.9600067138672,4920.0
57.52000045776367,239.9600067138672,4921.0
58.31999969482422,239.9600067138672,4922.0
57.0,239.9600067138672,4923.0
56.68000030517578,239.9600067138672,4924.0
56.68000030517578,124.55999755859376,4925.0
57.63999938964844,53.400001525878906,4926.0
55.7599983215332,49.27999877929688,4927.0
57.79999923706055,45.560001373291016,4928.0
55.400001525878906,124.4000015258789,4929.0
57.400001525878906,78.0,4930.0
58.91999816894531,77.5999984741211,4931.0
57.91999816894531,236.1999969482422,4932.0
58.0,236.27999877929688,4933.0
57.959999084472656,236.1999969482422,4934.0
57.7599983215332,236.3999938964844,4935.0
57.720001220703125,236.1999969482422,4936.0
54.68000030517578,236.1999969482422,4937.0
57.47999954223633,236.16000366210935,4938.0
56.880001068115234,236.2400054931641,4939.0
57.47999954223633,64.72000122070312,4940.0
57.20000076293945,65.04000091552734,4941.0
57.560001373291016,65.5999984741211,4942.0
57.880001068115234,65.44000244140625,4943.0
57.84000015258789,65.23999786376953,4944.0
58.27999877929688,65.44000244140625,4945.0
57.119998931884766,65.36000061035156,4946.0
57.0,193.8800048828125,4947.0
56.31999969482422,171.32000732421875,4948.0
41.0,171.44000244140625,4949.0
57.7599983215332,171.67999267578125,4950.0
56.63999938964844,171.75999450683594,4951.0
38.119998931884766,171.83999633789062,4952.0
55.720001220703125,171.8000030517578,4953.0
56.52000045776367,171.72000122070312,4954.0
56.2400016784668,171.63999938964844,4955.0
56.720001220703125,171.63999938964844,4956.0
57.15999984741211,171.9600067138672,4957.0
56.880001068115234,83.68000030517578,4958.0
56.84000015258789,83.95999908447266,4959.0
57.36000061035156,84.08000183105469,4960.0
56.31999969482422,83.83999633789062,4961.0
56.36000061035156,84.83999633789062,4962.0
57.31999969482422,83.72000122070312,4963.0
57.0,83.36000061035156,4964.0
56.880001068115234,83.68000030517578,4965.0
54.79999923706055,84.36000061035156,4966.0
56.79999923706055,85.72000122070312,4967.0
58.560001373291016,85.5999984741211,4968.0
55.400001525878906,85.16000366210938,4969.0
53.15999984741211,85.36000061035156,4970.0
116.5199966430664,85.27999877929688,4971.0
57.31999969482422,65.95999908447266,4972.0
56.15999984741211,91.87999725341795,4973.0
57.31999969482422,90.44000244140624,4974.0
57.31999969482422,59.63999938964844,4975.0
56.880001068115234,58.63999938964844,4976.0
56.52000045776367,102.63999938964844,4977.0
56.08000183105469,239.9600067138672,4978.0
55.68000030517578,239.9600067138672,4979.0
48.68000030517578,239.9600067138672,4980.0
55.040000915527344,66.08000183105469,4981.0
55.720001220703125,67.16000366210938,4982.0
35.63999938964844,174.16000366210938,4983.0
43.720001220703125,173.9600067138672,4984.0
41.59999847412109,155.60000610351562,4985.0
159.44000244140625,155.32000732421875,4986.0
44.20000076293945,135.63999938964844,4987.0
67.55999755859375,121.44000244140624,4988.0
121.63999938964844,0.0,4989.0
90.95999908447266,0.0,4990.0
0.0,165.55999755859375,4991.0
160.67999267578125,165.32000732421875,4992.0
56.36000061035156,0.0,4993.0
56.36000061035156,160.55999755859375,4994.0
57.119998931884766,160.44000244140625,4995.0
56.43999862670898,160.1199951171875,4996.0
57.63999938964844,160.36000061035156,4997.0
57.08000183105469,64.87999725341797,4998.0
57.0,65.0,4999.0
57.63999938964844,161.75999450683594,5000.0
55.2400016784668,64.36000061035156,5001.0
56.400001525878906,64.08000183105469,5002.0
56.36000061035156,239.9600067138672,5003.0
58.2400016784668,239.9600067138672,5004.0
57.400001525878906,55.43999862670898,5005.0
57.0,52.27999877929688,5006.0
57.63999938964844,113.63999938964844,5007.0
55.720001220703125,133.52000427246094,5008.0
156.36000061035156,133.24000549316406,5009.0
156.1999969482422,113.36000061035156,5010.0
155.60000610351562,0.0,5011.0
155.39999389648438,0.0,5012.0
154.44000244140625,26.600000381469727,5013.0
156.1999969482422,26.15999984741211,5014.0
155.8000030517578,26.040000915527344,5015.0
157.9600067138672,188.0,5016.0
166.8000030517578,97.36000061035156,5017.0
32.20000076293945,113.04000091552734,5018.0
56.400001525878906,97.4800033569336,5019.0
57.0,165.9600067138672,5020.0
57.52000045776367,63.08000183105469,5021.0
56.36000061035156,57.31999969482422,5022.0
57.0,54.119998931884766,5023.0
57.59999847412109,54.63999938964844,5024.0
57.560001373291016,63.15999984741211,5025.0
56.119998931884766,63.52000045776367,5026.0
58.27999877929688,62.880001068115234,5027.0
57.84000015258789,65.44000244140625,5028.0
116.5199966430664,239.0800018310547,5029.0
115.23999786376952,239.9600067138672,5030.0
115.55999755859376,239.3600006103516,5031.0
37.08000183105469,239.3600006103516,5032.0
57.400001525878906,239.9600067138672,5033.0
57.040000915527344,125.83999633789062,5034.0
57.84000015258789,125.76000213623048,5035.0
57.720001220703125,125.63999938964844,5036.0
33.0,239.9600067138672,5037.0
27.8799991607666,215.6000061035156,5038.0
57.15999984741211,239.9600067138672,5039.0
27.040000915527344,239.9600067138672,5040.0
184.9600067138672,239.9600067138672,5041.0
57.31999969482422,239.9600067138672,5042.0
57.63999938964844,89.27999877929688,5043.0
29.479999542236328,89.0,5044.0
56.52000045776367,87.83999633789062,5045.0
58.84000015258789,239.9600067138672,5046.0
58.08000183105469,239.9600067138672,5047.0
55.2400016784668,239.9600067138672,5048.0
58.27999877929688,84.83999633789062,5049.0
58.08000183105469,239.9600067138672,5050.0
58.20000076293945,239.9600067138672,5051.0
58.27999877929688,106.91999816894533,5052.0
57.68000030517578,107.23999786376952,5053.0
57.959999084472656,239.9600067138672,5054.0
57.52000045776367,239.9600067138672,5055.0
57.84000015258789,239.9600067138672,5056.0
57.880001068115234,239.9600067138672,5057.0
57.7599983215332,239.9600067138672,5058.0
58.27999877929688,74.5999984741211,5059.0
58.400001525878906,74.68000030517578,5060.0
56.7599983215332,74.36000061035156,5061.0
57.7599983215332,74.5199966430664,5062.0
56.79999923706055,74.31999969482422,5063.0
57.0,75.76000213623047,5064.0
56.36000061035156,75.36000061035156,5065.0
57.43999862670898,239.9600067138672,5066.0
57.63999938964844,239.9600067138672,5067.0
58.040000915527344,239.9600067138672,5068.0
58.7599983215332,239.9600067138672,5069.0
58.119998931884766,239.9600067138672,5070.0
57.0,0.0,5071.0
58.2400016784668,0.0,5072.0
53.47999954223633,0.0,5073.0
46.20000076293945,224.9199981689453,5074.0
26.31999969482422,118.95999908447266,5075.0
217.9600067138672,224.1199951171875,5076.0
46.63999938964844,184.5200042724609,5077.0
99.87999725341795,184.72000122070312,5078.0
99.8000030517578,223.2400054931641,5079.0
100.36000061035156,223.2400054931641,5080.0
92.68000030517578,215.72000122070312,5081.0
93.16000366210938,124.04000091552734,5082.0
93.4800033569336,215.27999877929688,5083.0
102.12000274658205,164.1999969482422,5084.0
100.87999725341795,164.24000549316406,5085.0
79.87999725341797,208.55999755859372,5086.0
99.27999877929688,239.9600067138672,5087.0
207.75999450683597,164.27999877929688,5088.0
99.91999816894533,164.32000732421875,5089.0
49.720001220703125,214.5200042724609,5090.0
164.27999877929688,102.8000030517578,5091.0
179.27999877929688,102.4800033569336,5092.0
55.720001220703125,102.87999725341795,5093.0
55.400001525878906,123.87999725341795,5094.0
59.31999969482422,123.4000015258789,5095.0
59.27999877929688,123.4000015258789,5096.0
56.2400016784668,227.1199951171875,5097.0
58.400001525878906,84.23999786376953,5098.0
40.2400016784668,122.68000030517578,5099.0
57.36000061035156,84.04000091552734,5100.0
57.84000015258789,83.23999786376953,5101.0
43.880001068115234,0.0,5102.0
42.79999923706055,0.0,5103.0
57.84000015258789,36.59999847412109,5104.0
32.68000030517578,37.880001068115234,5105.0
32.560001373291016,38.7599983215332,5106.0
155.9199981689453,239.9600067138672,5107.0
156.24000549316406,135.36000061035156,5108.0
61.15999984741211,0.0,5109.0
60.400001525878906,0.0,5110.0
239.0399932861328,0.0,5111.0
139.1199951171875,228.27999877929688,5112.0
138.39999389648438,0.0,5113.0
0.0,0.0,5114.0
187.3600006103516,0.0,5115.0
187.44000244140625,84.23999786376953,5116.0
187.1999969482422,197.47999572753903,5117.0
0.0,0.0,5118.0
239.67999267578125,155.16000366210938,5119.0
149.63999938964844,154.75999450683594,5120.0
149.63999938964844,0.0,5121.0
108.1999969482422,108.63999938964844,5122.0
108.83999633789062,108.23999786376952,5123.0
149.52000427246094,108.23999786376952,5124.0
41.0,154.32000732421875,5125.0
58.20000076293945,153.60000610351562,5126.0
58.43999862670898,154.1199951171875,5127.0
57.7599983215332,155.27999877929688,5128.0
58.68000030517578,160.39999389648438,5129.0
113.0,127.8000030517578,5130.0
25.63999938964844,127.72000122070312,5131.0
25.399999618530277,128.0800018310547,5132.0
25.63999938964844,128.67999267578125,5133.0
49.15999984741211,128.72000122070312,5134.0
58.20000076293945,239.9600067138672,5135.0
58.27999877929688,239.9600067138672,5136.0
61.20000076293945,239.9600067138672,5137.0
59.15999984741211,129.39999389648438,5138.0
51.08000183105469,129.1999969482422,5139.0
56.720001220703125,118.87999725341795,5140.0
57.119998931884766,239.9600067138672,5141.0
57.0,86.95999908447266,5142.0
57.79999923706055,239.9600067138672,5143.0
56.15999984741211,239.9600067138672,5144.0
56.47999954223633,129.0399932861328,5145.0
36.36000061035156,128.67999267578125,5146.0
56.91999816894531,61.79999923706055,5147.0
54.43999862670898,128.72000122070312,5148.0
54.43999862670898,128.0800018310547,5149.0
56.43999862670898,128.36000061035156,5150.0
55.119998931884766,93.63999938964844,5151.0
55.7599983215332,221.75999450683597,5152.0
57.79999923706055,181.5200042724609,5153.0
58.91999816894531,165.52000427246094,5154.0
57.47999954223633,28.8799991607666,5155.0
56.36000061035156,108.36000061035156,5156.0
58.47999954223633,139.9199981689453,5157.0
211.6000061035156,85.19999694824219,5158.0
36.27999877929688,23.0,5159.0
216.0800018310547,35.400001525878906,5160.0
112.04000091552734,104.83999633789062,5161.0
112.72000122070312,21.799999237060547,5162.0
35.2400016784668,106.5999984741211,5163.0
68.83999633789062,239.9600067138672,5164.0
85.12000274658203,140.67999267578125,5165.0
36.36000061035156,141.24000549316406,5166.0
201.32000732421875,235.0800018310547,5167.0
35.08000183105469,230.16000366210935,5168.0
0.0,149.60000610351562,5169.0
0.0,155.8000030517578,5170.0
87.72000122070312,154.67999267578125,5171.0
88.04000091552734,156.27999877929688,5172.0
198.67999267578125,88.04000091552734,5173.0
87.72000122070312,104.68000030517578,5174.0
80.83999633789062,151.8800048828125,5175.0
85.0,157.0399932861328,5176.0
174.32000732421875,118.16000366210938,5177.0
84.83999633789062,79.80000305175781,5178.0
85.12000274658203,70.04000091552734,5179.0
48.040000915527344,70.4800033569336,5180.0
68.36000061035156,70.16000366210938,5181.0
0.0,66.4800033569336,5182.0
5.639999866485596,65.4000015258789,5183.0
5.960000038146973,65.87999725341797,5184.0
5.960000038146973,65.4000015258789,5185.0
5.960000038146973,65.31999969482422,5186.0
6.440000057220459,64.87999725341797,5187.0
7.400000095367432,64.36000061035156,5188.0
65.95999908447266,64.55999755859375,5189.0
58.119998931884766,64.4800033569336,5190.0
21.479999542236328,231.16000366210935,5191.0
57.68000030517578,232.27999877929688,5192.0
57.0,74.27999877929688,5193.0
57.08000183105469,73.68000030517578,5194.0
50.59999847412109,146.9199981689453,5195.0
53.31999969482422,239.9600067138672,5196.0
56.79999923706055,239.0399932861328,5197.0
51.880001068115234,154.63999938964844,5198.0
52.119998931884766,155.24000549316406,5199.0
58.47999954223633,154.9600067138672,5200.0
51.880001068115234,154.67999267578125,5201.0
56.79999923706055,239.9600067138672,5202.0
57.0,239.9600067138672,5203.0
56.43999862670898,239.9600067138672,5204.0
57.84000015258789,239.9600067138672,5205.0
57.36000061035156,239.9600067138672,5206.0
57.0,239.9600067138672,5207.0
57.119998931884766,66.12000274658203,5208.0
56.0,64.5999984741211,5209.0
56.560001373291016,64.68000030517578,5210.0
75.55999755859375,64.76000213623047,5211.0
226.0,65.63999938964844,5212.0
225.83999633789065,76.23999786376953,5213.0
226.1999969482422,75.87999725341797,5214.0
30.799999237060547,75.27999877929688,5215.0
66.5199966430664,64.4000015258789,5216.0
84.19999694824219,74.5199966430664,5217.0
103.72000122070312,75.08000183105469,5218.0
68.36000061035156,74.27999877929688,5219.0
54.20000076293945,222.0399932861328,5220.0
48.36000061035156,222.47999572753903,5221.0
58.27999877929688,222.1199951171875,5222.0
57.27999877929688,222.0,5223.0
54.040000915527344,221.75999450683597,5224.0
54.27999877929688,221.9199981689453,5225.0
57.15999984741211,221.67999267578125,5226.0
20.68000030517578,221.67999267578125,5227.0
55.15999984741211,221.83999633789065,5228.0
90.31999969482422,221.6000061035156,5229.0
58.52000045776367,131.0800018310547,5230.0
32.68000030517578,166.1199951171875,5231.0
56.880001068115234,219.2400054931641,5232.0
57.0,219.27999877929688,5233.0
51.43999862670898,147.9600067138672,5234.0
56.720001220703125,148.0800018310547,5235.0
51.2400016784668,221.9600067138672,5236.0
54.119998931884766,75.27999877929688,5237.0
55.31999969482422,75.63999938964844,5238.0
56.08000183105469,75.68000030517578,5239.0
56.47999954223633,75.87999725341797,5240.0
56.2400016784668,75.68000030517578,5241.0
42.27999877929688,75.5999984741211,5242.0
57.43999862670898,75.87999725341797,5243.0
217.6000061035156,75.87999725341797,5244.0
57.63999938964844,75.76000213623047,5245.0
57.63999938964844,158.47999572753906,5246.0
55.400001525878906,156.0800018310547,5247.0
57.119998931884766,104.08000183105467,5248.0
56.880001068115234,103.5999984741211,5249.0
57.79999923706055,108.36000061035156,5250.0
57.43999862670898,108.23999786376952,5251.0
57.43999862670898,108.55999755859376,5252.0
58.400001525878906,108.36000061035156,5253.0
39.52000045776367,108.95999908447266,5254.0
57.959999084472656,108.95999908447266,5255.0
48.52000045776367,108.95999908447266,5256.0
205.32000732421875,108.87999725341795,5257.0
57.47999954223633,108.44000244140624,5258.0
56.27999877929688,100.87999725341795,5259.0
0.0,100.83999633789062,5260.0
56.7599983215332,74.83999633789062,5261.0
239.0800018310547,74.5999984741211,5262.0
57.15999984741211,74.76000213623047,5263.0
57.15999984741211,74.83999633789062,5264.0
55.08000183105469,74.80000305175781,5265.0
57.43999862670898,74.80000305175781,5266.0
57.27999877929688,74.72000122070312,5267.0
56.880001068115234,74.83999633789062,5268.0
56.720001220703125,74.87999725341797,5269.0
56.36000061035156,74.83999633789062,5270.0
49.79999923706055,74.76000213623047,5271.0
57.15999984741211,74.63999938964844,5272.0
56.27999877929688,74.55999755859375,5273.0
56.68000030517578,74.08000183105469,5274.0
56.79999923706055,73.83999633789062,5275.0
57.0,74.27999877929688,5276.0
56.36000061035156,74.4800033569336,5277.0
56.47999954223633,74.16000366210938,5278.0
56.31999969482422,74.23999786376953,5279.0
56.36000061035156,74.4000015258789,5280.0
55.400001525878906,74.4000015258789,5281.0
55.20000076293945,74.72000122070312,5282.0
54.880001068115234,74.55999755859375,5283.0
55.43999862670898,74.72000122070312,5284.0
54.79999923706055,75.63999938964844,5285.0
54.91999816894531,75.63999938964844,5286.0
56.880001068115234,75.68000030517578,5287.0
56.36000061035156,74.80000305175781,5288.0
53.63999938964844,74.72000122070312,5289.0
58.31999969482422,75.5999984741211,5290.0
55.400001525878906,75.27999877929688,5291.0
236.55999755859372,75.31999969482422,5292.0
56.84000015258789,75.0,5293.0
41.0,75.63999938964844,5294.0
47.560001373291016,75.0,5295.0
102.68000030517578,76.27999877929688,5296.0
56.08000183105469,75.80000305175781,5297.0
32.040000915527344,76.27999877929688,5298.0
25.36000061035156,76.44000244140625,5299.0
56.720001220703125,76.36000061035156,5300.0
41.0,77.16000366210938,5301.0
57.20000076293945,76.63999938964844,5302.0
57.15999984741211,76.68000030517578,5303.0
40.31999969482422,77.16000366210938,5304.0
56.43999862670898,0.0,5305.0
56.68000030517578,0.0,5306.0
57.0,0.0,5307.0
34.36000061035156,0.0,5308.0
56.43999862670898,0.0,5309.0
58.040000915527344,0.0,5310.0
57.7599983215332,155.63999938964844,5311.0
49.31999969482422,155.24000549316406,5312.0
57.63999938964844,78.44000244140625,5313.0
97.68000030517578,78.16000366210938,5314.0
56.36000061035156,78.16000366210938,5315.0
109.83999633789062,78.44000244140625,5316.0
57.63999938964844,78.63999938964844,5317.0
55.84000015258789,0.0,5318.0
54.880001068115234,0.0,5319.0
55.47999954223633,0.0,5320.0
53.79999923706055,0.0,5321.0
56.43999862670898,88.72000122070312,5322.0
55.08000183105469,88.68000030517578,5323.0
237.8800048828125,88.68000030517578,5324.0
0.0,88.68000030517578,5325.0
0.0,88.4000015258789,5326.0
41.0,88.5999984741211,5327.0
2.319999933242798,88.44000244140625,5328.0
54.68000030517578,88.36000061035156,5329.0
0.0,88.4000015258789,5330.0
56.68000030517578,88.4000015258789,5331.0
56.47999954223633,88.5199966430664,5332.0
56.7599983215332,88.36000061035156,5333.0
56.20000076293945,88.4800033569336,5334.0
56.08000183105469,89.23999786376953,5335.0
56.27999877929688,89.08000183105469,5336.0
97.0,89.23999786376953,5337.0
202.63999938964844,89.23999786376953,5338.0
66.44000244140625,89.16000366210938,5339.0
138.27999877929688,89.16000366210938,5340.0
57.31999969482422,88.76000213623047,5341.0
40.08000183105469,138.9600067138672,5342.0
57.720001220703125,138.9199981689453,5343.0
56.47999954223633,138.9199981689453,5344.0
31.440000534057617,139.0800018310547,5345.0
54.880001068115234,139.0800018310547,5346.0
35.2400016784668,88.72000122070312,5347.0
52.400001525878906,88.5199966430664,5348.0
107.04000091552734,88.5999984741211,5349.0
41.68000030517578,88.4000015258789,5350.0
53.15999984741211,88.4800033569336,5351.0
57.63999938964844,88.4000015258789,5352.0
48.91999816894531,88.4800033569336,5353.0
57.31999969482422,88.36000061035156,5354.0
56.36000061035156,88.31999969482422,5355.0
56.91999816894531,88.44000244140625,5356.0
57.31999969482422,88.4800033569336,5357.0
41.79999923706055,88.08000183105469,5358.0
12.720000267028809,88.08000183105469,5359.0
37.15999984741211,43.560001373291016,5360.0
239.1199951171875,43.43999862670898,5361.0
36.84000015258789,138.9600067138672,5362.0
115.91999816894533,138.39999389648438,5363.0
116.83999633789062,138.9600067138672,5364.0
38.119998931884766,138.60000610351562,5365.0
87.72000122070312,138.63999938964844,5366.0
56.68000030517578,138.63999938964844,5367.0
54.119998931884766,138.9600067138672,5368.0
57.119998931884766,138.9199981689453,5369.0
53.79999923706055,138.67999267578125,5370.0
48.68000030517578,138.75999450683594,5371.0
57.52000045776367,138.63999938964844,5372.0
54.2400016784668,138.9199981689453,5373.0
54.36000061035156,139.0,5374.0
57.119998931884766,89.12000274658203,5375.0
54.959999084472656,89.12000274658203,5376.0
54.47999954223633,89.12000274658203,5377.0
57.47999954223633,89.12000274658203,5378.0
55.119998931884766,89.0,5379.0
21.76000022888184,89.04000091552734,5380.0
56.08000183105469,88.87999725341797,5381.0
54.31999969482422,89.04000091552734,5382.0
55.08000183105469,0.0,5383.0
54.400001525878906,0.0,5384.0
54.119998931884766,0.0,5385.0
56.400001525878906,0.0,5386.0
54.7599983215332,0.0,5387.0
57.0,0.0,5388.0
134.16000366210938,0.0,5389.0
57.63999938964844,0.0,5390.0
39.720001220703125,0.0,5391.0
238.9199981689453,0.0,5392.0
52.52000045776367,88.80000305175781,5393.0
49.959999084472656,88.80000305175781,5394.0
50.27999877929688,88.44000244140625,5395.0
56.79999923706055,88.76000213623047,5396.0
54.43999862670898,88.80000305175781,5397.0
49.84000015258789,88.80000305175781,5398.0
57.68000030517578,88.4800033569336,5399.0
58.91999816894531,88.5199966430664,5400.0
58.91999816894531,88.55999755859375,5401.0
55.7599983215332,138.55999755859375,5402.0
55.47999954223633,138.63999938964844,5403.0
55.20000076293945,138.63999938964844,5404.0
54.08000183105469,138.9600067138672,5405.0
53.43999862670898,138.9600067138672,5406.0
37.15999984741211,139.1199951171875,5407.0
54.959999084472656,139.1199951171875,5408.0
35.279998779296875,139.75999450683594,5409.0
58.91999816894531,88.04000091552734,5410.0
56.43999862670898,88.08000183105469,5411.0
56.08000183105469,87.91999816894531,5412.0
56.119998931884766,55.560001373291016,5413.0
55.560001373291016,54.68000030517578,5414.0
54.84000015258789,55.720001220703125,5415.0
55.59999847412109,55.52000045776367,5416.0
37.68000030517578,55.400001525878906,5417.0
55.43999862670898,96.5199966430664,5418.0
55.119998931884766,96.87999725341795,5419.0
230.9199981689453,96.95999908447266,5420.0
52.2400016784668,97.5199966430664,5421.0
57.63999938964844,97.04000091552734,5422.0
56.040000915527344,97.44000244140624,5423.0
52.20000076293945,97.16000366210938,5424.0
56.68000030517578,134.67999267578125,5425.0
54.43999862670898,134.44000244140625,5426.0
56.880001068115234,134.63999938964844,5427.0
47.59999847412109,97.36000061035156,5428.0
51.20000076293945,134.55999755859375,5429.0
47.400001525878906,97.04000091552734,5430.0
52.68000030517578,144.36000061035156,5431.0
55.20000076293945,144.75999450683594,5432.0
56.040000915527344,145.0,5433.0
54.27999877929688,145.0,5434.0
54.720001220703125,145.0,5435.0
56.040000915527344,145.0,5436.0
54.91999816894531,145.0,5437.0
0.0,97.63999938964844,5438.0
53.31999969482422,97.63999938964844,5439.0
53.31999969482422,97.63999938964844,5440.0
0.0,69.4800033569336,5441.0
54.79999923706055,69.31999969482422,5442.0
223.63999938964844,0.0,5443.0
52.91999816894531,64.36000061035156,5444.0
55.15999984741211,0.0,5445.0
56.68000030517578,145.0,5446.0
55.84000015258789,144.52000427246094,5447.0
55.91999816894531,68.27999877929688,5448.0
56.43999862670898,68.95999908447266,5449.0
55.560001373291016,69.16000366210938,5450.0
53.040000915527344,68.95999908447266,5451.0
50.91999816894531,69.23999786376953,5452.0
33.68000030517578,69.16000366210938,5453.0
55.27999877929688,69.5199966430664,5454.0
55.91999816894531,69.55999755859375,5455.0
58.59999847412109,69.5199966430664,5456.0
55.47999954223633,69.5199966430664,5457.0
55.47999954223633,69.5199966430664,5458.0
52.84000015258789,69.5199966430664,5459.0
55.52000045776367,69.5199966430664,5460.0
56.040000915527344,239.9600067138672,5461.0
55.560001373291016,239.9600067138672,5462.0
55.720001220703125,239.9600067138672,5463.0
79.87999725341797,98.04000091552734,5464.0
0.0,98.27999877929688,5465.0
58.59999847412109,98.0,5466.0
42.59999847412109,98.4000015258789,5467.0
56.040000915527344,239.9600067138672,5468.0
33.63999938964844,98.04000091552734,5469.0
57.959999084472656,239.9600067138672,5470.0
58.040000915527344,239.9600067138672,5471.0
57.0,239.9600067138672,5472.0
58.27999877929688,74.83999633789062,5473.0
55.63999938964844,74.91999816894531,5474.0
57.0,98.04000091552734,5475.0
117.16000366210938,74.5999984741211,5476.0
186.0,98.0,5477.0
214.47999572753903,97.68000030517578,5478.0
38.959999084472656,239.9600067138672,5479.0
49.959999084472656,239.9600067138672,5480.0
56.36000061035156,239.9600067138672,5481.0
56.36000061035156,239.9600067138672,5482.0
58.0,239.9600067138672,5483.0
56.47999954223633,239.9600067138672,5484.0
57.119998931884766,239.9600067138672,5485.0
57.15999984741211,239.9600067138672,5486.0
56.08000183105469,239.9600067138672,5487.0
54.2400016784668,239.9600067138672,5488.0
58.36000061035156,106.5999984741211,5489.0
107.23999786376952,106.36000061035156,5490.0
54.47999954223633,106.36000061035156,5491.0
34.279998779296875,106.5999984741211,5492.0
58.0,106.4800033569336,5493.0
58.2400016784668,106.5999984741211,5494.0
54.20000076293945,106.5999984741211,5495.0
50.959999084472656,106.27999877929688,5496.0
57.0,98.31999969482422,5497.0
45.79999923706055,98.31999969482422,5498.0
58.27999877929688,104.72000122070312,5499.0
53.15999984741211,105.72000122070312,5500.0
55.7599983215332,106.44000244140624,5501.0
58.59999847412109,106.0,5502.0
42.52000045776367,106.4000015258789,5503.0
51.119998931884766,106.36000061035156,5504.0
231.9199981689453,106.0,5505.0
233.9199981689453,105.95999908447266,5506.0
224.72000122070312,105.8000030517578,5507.0
49.63999938964844,105.8000030517578,5508.0
54.84000015258789,105.87999725341795,5509.0
55.08000183105469,106.04000091552734,5510.0
49.040000915527344,105.95999908447266,5511.0
57.15999984741211,106.12000274658205,5512.0
50.36000061035156,106.0,5513.0
57.040000915527344,106.0,5514.0
41.0,106.27999877929688,5515.0
50.27999877929688,106.12000274658205,5516.0
39.720001220703125,106.27999877929688,5517.0
182.0,105.95999908447266,5518.0
40.68000030517578,105.95999908447266,5519.0
57.79999923706055,106.31999969482422,5520.0
43.2400016784668,98.91999816894533,5521.0
47.7599983215332,106.4000015258789,5522.0
57.959999084472656,98.91999816894533,5523.0
54.119998931884766,105.95999908447266,5524.0
36.52000045776367,139.8800048828125,5525.0
51.560001373291016,139.8800048828125,5526.0
30.76000022888184,139.75999450683594,5527.0
51.720001220703125,139.8800048828125,5528.0
89.68000030517578,139.8800048828125,5529.0
97.8000030517578,98.27999877929688,5530.0
57.0,98.27999877929688,5531.0
56.68000030517578,98.1999969482422,5532.0
58.119998931884766,98.4000015258789,5533.0
56.47999954223633,98.72000122070312,5534.0
92.12000274658205,98.63999938964844,5535.0
57.040000915527344,98.63999938964844,5536.0
56.47999954223633,98.91999816894533,5537.0
58.84000015258789,98.4800033569336,5538.0
53.63999938964844,98.91999816894533,5539.0
108.55999755859376,98.31999969482422,5540.0
57.63999938964844,98.4800033569336,5541.0
54.63999938964844,98.5999984741211,5542.0
54.79999923706055,102.8000030517578,5543.0
54.43999862670898,102.8000030517578,5544.0
63.2400016784668,101.95999908447266,5545.0
58.43999862670898,101.5199966430664,5546.0
53.15999984741211,100.55999755859376,5547.0
48.36000061035156,74.5999984741211,5548.0
53.959999084472656,101.5199966430664,5549.0
51.43999862670898,101.55999755859376,5550.0
70.63999938964844,102.1999969482422,5551.0
49.040000915527344,102.55999755859376,5552.0
51.2400016784668,73.68000030517578,5553.0
55.2400016784668,102.27999877929688,5554.0
56.08000183105469,73.95999908447266,5555.0
48.720001220703125,102.36000061035156,5556.0
56.68000030517578,102.5199966430664,5557.0
56.959999084472656,102.36000061035156,5558.0
51.91999816894531,102.44000244140624,5559.0
56.880001068115234,102.5199966430664,5560.0
55.720001220703125,102.76000213623048,5561.0
56.08000183105469,140.27999877929688,5562.0
108.5199966430664,140.32000732421875,5563.0
56.040000915527344,140.52000427246094,5564.0
56.36000061035156,140.47999572753906,5565.0
56.79999923706055,140.44000244140625,5566.0
39.43999862670898,140.36000061035156,5567.0
130.9600067138672,140.60000610351562,5568.0
57.0,140.27999877929688,5569.0
57.31999969482422,140.44000244140625,5570.0
40.880001068115234,140.44000244140625,5571.0
43.27999877929688,102.87999725341795,5572.0
0.0,103.12000274658205,5573.0
41.959999084472656,102.91999816894533,5574.0
42.0,140.1199951171875,5575.0
52.560001373291016,140.1999969482422,5576.0
210.8000030517578,140.0800018310547,5577.0
48.36000061035156,139.83999633789062,5578.0
0.0,140.0,5579.0
35.880001068115234,139.75999450683594,5580.0
30.920000076293945,139.83999633789062,5581.0
53.68000030517578,139.72000122070312,5582.0
39.08000183105469,98.91999816894533,5583.0
54.040000915527344,139.9600067138672,5584.0
55.040000915527344,102.76000213623048,5585.0
43.2400016784668,100.08000183105467,5586.0
54.119998931884766,100.36000061035156,5587.0
55.08000183105469,100.36000061035156,5588.0
55.880001068115234,100.4000015258789,5589.0
58.119998931884766,100.23999786376952,5590.0
161.0399932861328,100.31999969482422,5591.0
114.4800033569336,100.0,5592.0
0.0,99.95999908447266,5593.0
144.83999633789062,237.3600006103516,5594.0
55.720001220703125,99.4000015258789,5595.0
37.79999923706055,100.23999786376952,5596.0
56.15999984741211,100.31999969482422,5597.0
55.43999862670898,100.23999786376952,5598.0
54.119998931884766,100.63999938964844,5599.0
56.040000915527344,100.55999755859376,5600.0
56.400001525878906,100.91999816894533,5601.0
55.08000183105469,100.95999908447266,5602.0
55.08000183105469,101.4800033569336,5603.0
54.43999862670898,100.95999908447266,5604.0
85.4800033569336,101.23999786376952,5605.0
50.59999847412109,100.83999633789062,5606.0
55.400001525878906,100.83999633789062,5607.0
103.87999725341795,100.55999755859376,5608.0
55.43999862670898,100.23999786376952,5609.0
55.08000183105469,100.87999725341795,5610.0
55.15999984741211,100.83999633789062,5611.0
54.959999084472656,100.83999633789062,5612.0
56.52000045776367,100.87999725341795,5613.0
55.27999877929688,100.55999755859376,5614.0
98.1999969482422,100.87999725341795,5615.0
56.880001068115234,100.55999755859376,5616.0
66.91999816894531,101.04000091552734,5617.0
39.52000045776367,100.55999755859376,5618.0
0.0,101.0,5619.0
40.08000183105469,100.72000122070312,5620.0
55.720001220703125,100.72000122070312,5621.0
56.63999938964844,100.55999755859376,5622.0
56.27999877929688,100.36000061035156,5623.0
55.63999938964844,100.1999969482422,5624.0
57.63999938964844,100.5199966430664,5625.0
81.95999908447266,100.44000244140624,5626.0
0.0,100.5999984741211,5627.0
59.31999969482422,100.5999984741211,5628.0
57.31999969482422,100.76000213623048,5629.0
58.27999877929688,52.52000045776367,5630.0
40.20000076293945,52.59999847412109,5631.0
54.31999969482422,100.36000061035156,5632.0
55.560001373291016,52.68000030517578,5633.0
53.7599983215332,52.7599983215332,5634.0
58.63999938964844,52.68000030517578,5635.0
223.3999938964844,100.12000274658205,5636.0
58.0,100.1999969482422,5637.0
52.36000061035156,100.1999969482422,5638.0
57.79999923706055,100.1999969482422,5639.0
57.20000076293945,100.04000091552734,5640.0
25.799999237060547,100.12000274658205,5641.0
56.79999923706055,100.1999969482422,5642.0
52.2400016784668,100.1999969482422,5643.0
58.0,99.72000122070312,5644.0
52.84000015258789,99.16000366210938,5645.0
115.27999877929688,98.91999816894533,5646.0
51.560001373291016,98.76000213623048,5647.0
78.4800033569336,98.83999633789062,5648.0
57.31999969482422,84.55999755859375,5649.0
52.79999923706055,99.27999877929688,5650.0
41.43999862670898,84.55999755859375,5651.0
47.720001220703125,84.5999984741211,5652.0
54.47999954223633,239.9600067138672,5653.0
55.27999877929688,239.9600067138672,5654.0
118.12000274658205,239.9600067138672,5655.0
50.119998931884766,239.9600067138672,5656.0
29.479999542236328,239.9600067138672,5657.0
40.47999954223633,239.9600067138672,5658.0
81.16000366210938,239.9600067138672,5659.0
54.880001068115234,0.0,5660.0
55.7599983215332,0.0,5661.0
19.71999931335449,0.0,5662.0
20.040000915527344,84.83999633789062,5663.0
81.95999908447266,84.87999725341797,5664.0
39.79999923706055,84.83999633789062,5665.0
47.7599983215332,239.9600067138672,5666.0
84.83999633789062,239.9600067138672,5667.0
55.720001220703125,111.87999725341795,5668.0
55.08000183105469,84.23999786376953,5669.0
41.31999969482422,84.19999694824219,5670.0
104.68000030517578,83.95999908447266,5671.0
53.63999938964844,83.55999755859375,5672.0
42.0,83.55999755859375,5673.0
54.119998931884766,83.55999755859375,5674.0
57.31999969482422,83.55999755859375,5675.0
53.15999984741211,83.5999984741211,5676.0
57.0,83.55999755859375,5677.0
41.959999084472656,83.5999984741211,5678.0
54.0,83.55999755859375,5679.0
54.400001525878906,57.880001068115234,5680.0
53.15999984741211,57.880001068115234,5681.0
127.4000015258789,57.959999084472656,5682.0
49.15999984741211,57.880001068115234,5683.0
57.63999938964844,57.79999923706055,5684.0
40.68000030517578,83.91999816894531,5685.0
56.7599983215332,57.959999084472656,5686.0
51.560001373291016,83.95999908447266,5687.0
77.4800033569336,83.91999816894531,5688.0
51.27999877929688,84.0,5689.0
76.83999633789062,83.91999816894531,5690.0
15.239999771118164,106.31999969482422,5691.0
60.84000015258789,106.31999969482422,5692.0
51.84000015258789,106.31999969482422,5693.0
63.2400016784668,106.5999984741211,5694.0
57.959999084472656,106.5999984741211,5695.0
64.5199966430664,106.63999938964844,5696.0
44.63999938964844,106.5999984741211,5697.0
19.8799991607666,106.31999969482422,5698.0
56.36000061035156,106.36000061035156,5699.0
42.959999084472656,106.31999969482422,5700.0
56.08000183105469,106.16000366210938,5701.0
56.43999862670898,106.5999984741211,5702.0
61.47999954223633,106.36000061035156,5703.0
51.91999816894531,106.63999938964844,5704.0
56.43999862670898,70.80000305175781,5705.0
238.3600006103516,70.76000213623047,5706.0
56.84000015258789,70.76000213623047,5707.0
56.400001525878906,71.12000274658203,5708.0
25.959999084472656,71.36000061035156,5709.0
56.720001220703125,71.5199966430664,5710.0
29.07999992370605,71.44000244140625,5711.0
55.15999984741211,71.5199966430664,5712.0
54.040000915527344,71.04000091552734,5713.0
222.9600067138672,70.76000213623047,5714.0
42.84000015258789,71.12000274658203,5715.0
57.0,71.12000274658203,5716.0
41.0,70.4800033569336,5717.0
25.68000030517578,83.27999877929688,5718.0
54.31999969482422,70.76000213623047,5719.0
53.91999816894531,83.08000183105469,5720.0
54.15999984741211,70.76000213623047,5721.0
53.47999954223633,71.27999877929688,5722.0
55.720001220703125,70.76000213623047,5723.0
39.7599983215332,70.80000305175781,5724.0
46.7599983215332,70.4800033569336,5725.0
27.440000534057617,70.80000305175781,5726.0
43.880001068115234,70.19999694824219,5727.0
38.47999954223633,70.16000366210938,5728.0
54.959999084472656,53.79999923706055,5729.0
118.44000244140624,53.63999938964844,5730.0
0.0,70.19999694824219,5731.0
165.24000549316406,53.959999084472656,5732.0
55.720001220703125,70.31999969482422,5733.0
55.84000015258789,54.27999877929688,5734.0
55.15999984741211,54.84000015258789,5735.0
56.08000183105469,54.68000030517578,5736.0
55.63999938964844,55.0,5737.0
56.31999969482422,70.4800033569336,5738.0
53.2400016784668,70.4800033569336,5739.0
55.59999847412109,70.80000305175781,5740.0
56.79999923706055,70.76000213623047,5741.0
43.560001373291016,70.44000244140625,5742.0
46.15999984741211,70.4800033569336,5743.0
56.040000915527344,70.44000244140625,5744.0
43.880001068115234,70.55999755859375,5745.0
56.08000183105469,70.44000244140625,5746.0
51.560001373291016,70.55999755859375,5747.0
55.43999862670898,70.5199966430664,5748.0
55.119998931884766,70.76000213623047,5749.0
55.560001373291016,70.80000305175781,5750.0
119.44000244140624,70.80000305175781,5751.0
56.36000061035156,71.12000274658203,5752.0
107.23999786376952,70.76000213623047,5753.0
55.720001220703125,70.76000213623047,5754.0
37.63999938964844,70.5199966430664,5755.0
19.799999237060547,70.31999969482422,5756.0
0.0,70.31999969482422,5757.0
0.0,70.31999969482422,5758.0
0.0,70.31999969482422,5759.0
56.119998931884766,70.31999969482422,5760.0
0.0,70.55999755859375,5761.0
0.0,70.55999755859375,5762.0
30.920000076293945,71.16000366210938,5763.0
47.560001373291016,71.16000366210938,5764.0
0.0,71.55999755859375,5765.0
13.239999771118164,71.55999755859375,5766.0
47.720001220703125,71.63999938964844,5767.0
32.52000045776367,71.31999969482422,5768.0
27.239999771118164,71.16000366210938,5769.0
38.7599983215332,71.19999694824219,5770.0
31.399999618530277,71.08000183105469,5771.0
0.0,71.23999786376953,5772.0
0.0,70.95999908447266,5773.0
0.0,71.12000274658203,5774.0
50.43999862670898,70.55999755859375,5775.0
3.0,70.5199966430664,5776.0
56.040000915527344,70.5999984741211,5777.0
56.36000061035156,70.76000213623047,5778.0
0.0,70.55999755859375,5779.0
40.52000045776367,70.23999786376953,5780.0
75.72000122070312,70.55999755859375,5781.0
137.0,70.55999755859375,5782.0
50.27999877929688,70.04000091552734,5783.0
42.43999862670898,70.23999786376953,5784.0
56.720001220703125,70.4800033569336,5785.0
41.31999969482422,70.44000244140625,5786.0
47.2400016784668,70.76000213623047,5787.0
59.400001525878906,70.5199966430664,5788.0
58.27999877929688,70.23999786376953,5789.0
58.63999938964844,70.80000305175781,5790.0
77.83999633789062,59.0,5791.0
53.040000915527344,99.31999969482422,5792.0
53.79999923706055,71.19999694824219,5793.0
41.0,239.9600067138672,5794.0
0.0,113.63999938964844,5795.0
50.27999877929688,113.72000122070312,5796.0
58.119998931884766,113.63999938964844,5797.0
0.0,103.16000366210938,5798.0
58.31999969482422,102.1999969482422,5799.0
0.0,113.95999908447266,5800.0
57.15999984741211,114.12000274658205,5801.0
58.27999877929688,114.0,5802.0
120.31999969482422,113.72000122070312,5803.0
19.280000686645508,113.68000030517578,5804.0
58.59999847412109,113.68000030517578,5805.0
58.59999847412109,113.68000030517578,5806.0
19.8799991607666,113.63999938964844,5807.0
58.91999816894531,113.68000030517578,5808.0
59.36000061035156,113.72000122070312,5809.0
58.91999816894531,0.0,5810.0
51.2400016784668,114.0,5811.0
58.7599983215332,113.72000122070312,5812.0
26.959999084472656,113.72000122070312,5813.0
57.0,113.72000122070312,5814.0
57.959999084472656,0.0,5815.0
57.91999816894531,0.0,5816.0
41.59999847412109,0.0,5817.0
69.4800033569336,0.0,5818.0
36.91999816894531,0.0,5819.0
56.31999969482422,58.59999847412109,5820.0
119.08000183105467,0.0,5821.0
45.79999923706055,140.39999389648438,5822.0
37.040000915527344,0.0,5823.0
53.31999969482422,140.1999969482422,5824.0
95.44000244140624,140.27999877929688,5825.0
238.5200042724609,140.27999877929688,5826.0
203.63999938964844,114.27999877929688,5827.0
113.63999938964844,140.44000244140625,5828.0
93.1999969482422,114.27999877929688,5829.0
42.27999877929688,140.63999938964844,5830.0
129.55999755859375,114.27999877929688,5831.0
57.959999084472656,114.27999877929688,5832.0
57.31999969482422,114.27999877929688,5833.0
58.31999969482422,114.27999877929688,5834.0
55.720001220703125,114.27999877929688,5835.0
0.0,143.75999450683594,5836.0
0.1199999973177909,114.27999877929688,5837.0
0.0,144.1999969482422,5838.0
0.0,144.0399932861328,5839.0
43.400001525878906,144.47999572753906,5840.0
21.76000022888184,144.0399932861328,5841.0
53.040000915527344,144.1999969482422,5842.0
47.84000015258789,144.1999969482422,5843.0
51.59999847412109,143.24000549316406,5844.0
55.43999862670898,143.83999633789062,5845.0
60.79999923706055,70.4800033569336,5846.0
41.959999084472656,70.55999755859375,5847.0
56.91999816894531,144.8000030517578,5848.0
57.63999938964844,170.52000427246094,5849.0
113.95999908447266,170.52000427246094,5850.0
47.400001525878906,113.68000030517578,5851.0
20.84000015258789,171.9600067138672,5852.0
43.040000915527344,113.63999938964844,5853.0
85.16000366210938,172.8000030517578,5854.0
43.880001068115234,145.0,5855.0
51.36000061035156,145.0,5856.0
50.63999938964844,145.0,5857.0
50.79999923706055,144.55999755859375,5858.0
57.20000076293945,144.47999572753906,5859.0
56.27999877929688,121.16000366210938,5860.0
54.119998931884766,120.76000213623048,5861.0
32.36000061035156,120.95999908447266,5862.0
112.91999816894533,144.0399932861328,5863.0
45.0,143.75999450683594,5864.0
112.83999633789062,121.27999877929688,5865.0
112.63999938964844,144.16000366210938,5866.0
112.87999725341795,144.27999877929688,5867.0
53.15999984741211,119.72000122070312,5868.0
0.0,113.5199966430664,5869.0
55.52000045776367,113.0,5870.0
57.47999954223633,144.8800048828125,5871.0
96.04000091552734,119.44000244140624,5872.0
57.08000183105469,144.75999450683594,5873.0
53.959999084472656,144.83999633789062,5874.0
33.119998931884766,144.83999633789062,5875.0
46.0,144.8000030517578,5876.0
37.040000915527344,144.67999267578125,5877.0
38.119998931884766,144.63999938964844,5878.0
55.720001220703125,144.36000061035156,5879.0
56.720001220703125,144.55999755859375,5880.0
27.31999969482422,144.39999389648438,5881.0
38.7599983215332,144.36000061035156,5882.0
58.040000915527344,144.27999877929688,5883.0
40.36000061035156,144.47999572753906,5884.0
57.43999862670898,145.0,5885.0
56.2400016784668,149.0399932861328,5886.0
58.7599983215332,196.3600006103516,5887.0
28.200000762939453,148.8800048828125,5888.0
58.20000076293945,144.67999267578125,5889.0
29.8799991607666,144.47999572753906,5890.0
57.08000183105469,143.75999450683594,5891.0
53.47999954223633,144.0399932861328,5892.0
56.84000015258789,143.72000122070312,5893.0
54.43999862670898,148.55999755859375,5894.0
55.52000045776367,149.67999267578125,5895.0
56.91999816894531,149.55999755859375,5896.0
56.68000030517578,149.47999572753906,5897.0
57.880001068115234,149.39999389648438,5898.0
57.47999954223633,149.32000732421875,5899.0
57.15999984741211,78.87999725341797,5900.0
56.27999877929688,79.31999969482422,5901.0
56.47999954223633,149.1999969482422,5902.0
58.59999847412109,149.0399932861328,5903.0
44.84000015258789,149.24000549316406,5904.0
57.59999847412109,149.32000732421875,5905.0
58.27999877929688,149.39999389648438,5906.0
35.720001220703125,149.24000549316406,5907.0
56.08000183105469,149.16000366210938,5908.0
37.36000061035156,149.16000366210938,5909.0
56.68000030517578,149.1999969482422,5910.0
56.68000030517578,149.24000549316406,5911.0
56.52000045776367,149.47999572753906,5912.0
57.0,149.52000427246094,5913.0
57.59999847412109,79.23999786376953,5914.0
59.15999984741211,78.83999633789062,5915.0
195.3999938964844,78.68000030517578,5916.0
40.36000061035156,78.5199966430664,5917.0
58.27999877929688,78.44000244140625,5918.0
50.59999847412109,78.44000244140625,5919.0
57.63999938964844,78.5999984741211,5920.0
57.08000183105469,78.95999908447266,5921.0
204.47999572753903,78.76000213623047,5922.0
56.68000030517578,78.83999633789062,5923.0
57.0,78.63999938964844,5924.0
52.52000045776367,78.80000305175781,5925.0
57.63999938964844,78.76000213623047,5926.0
38.27999877929688,78.91999816894531,5927.0
57.08000183105469,78.83999633789062,5928.0
54.560001373291016,79.0,5929.0
56.560001373291016,79.08000183105469,5930.0
57.31999969482422,79.08000183105469,5931.0
56.36000061035156,79.19999694824219,5932.0
26.600000381469727,78.91999816894531,5933.0
47.31999969482422,79.44000244140625,5934.0
26.8799991607666,79.27999877929688,5935.0
238.67999267578125,79.16000366210938,5936.0
84.23999786376953,79.16000366210938,5937.0
53.040000915527344,79.16000366210938,5938.0
108.83999633789062,115.0,5939.0
106.76000213623048,78.83999633789062,5940.0
55.720001220703125,78.83999633789062,5941.0
53.59999847412109,78.68000030517578,5942.0
44.2400016784668,78.68000030517578,5943.0
53.880001068115234,78.5999984741211,5944.0
53.880001068115234,78.83999633789062,5945.0
54.119998931884766,78.5999984741211,5946.0
57.31999969482422,79.16000366210938,5947.0
51.880001068115234,78.83999633789062,5948.0
42.84000015258789,79.16000366210938,5949.0
59.84000015258789,79.08000183105469,5950.0
52.560001373291016,79.08000183105469,5951.0
52.43999862670898,79.23999786376953,5952.0
42.31999969482422,79.16000366210938,5953.0
149.1999969482422,79.4000015258789,5954.0
9.31999969482422,79.4000015258789,5955.0
58.15999984741211,79.63999938964844,5956.0
56.52000045776367,79.55999755859375,5957.0
57.31999969482422,79.80000305175781,5958.0
57.119998931884766,66.72000122070312,5959.0
57.7599983215332,66.83999633789062,5960.0
57.91999816894531,66.68000030517578,5961.0
238.67999267578125,67.0,5962.0
47.0,67.23999786376953,5963.0
57.0,67.23999786376953,5964.0
57.040000915527344,67.04000091552734,5965.0
56.2400016784668,68.19999694824219,5966.0
57.91999816894531,78.04000091552734,5967.0
55.560001373291016,78.44000244140625,5968.0
57.2400016784668,79.08000183105469,5969.0
55.43999862670898,78.76000213623047,5970.0
55.08000183105469,66.55999755859375,5971.0
54.7599983215332,78.44000244140625,5972.0
55.52000045776367,78.83999633789062,5973.0
55.720001220703125,79.0,5974.0
55.08000183105469,79.72000122070312,5975.0
59.31999969482422,80.5199966430664,5976.0
57.040000915527344,79.91999816894531,5977.0
60.880001068115234,79.72000122070312,5978.0
57.0,79.12000274658203,5979.0
55.959999084472656,79.31999969482422,5980.0
57.84000015258789,68.08000183105469,5981.0
55.2400016784668,60.7599983215332,5982.0
36.52000045776367,66.19999694824219,5983.0
57.0,60.47999954223633,5984.0
52.84000015258789,60.27999877929688,5985.0
58.59999847412109,60.36000061035156,5986.0
207.0399932861328,60.27999877929688,5987.0
0.0,59.47999954223633,5988.0
58.0,60.43999862670898,5989.0
57.560001373291016,60.040000915527344,5990.0
57.59999847412109,60.47999954223633,5991.0
57.08000183105469,61.119998931884766,5992.0
53.720001220703125,119.08000183105467,5993.0
56.47999954223633,119.08000183105467,5994.0
56.400001525878906,60.720001220703125,5995.0
56.400001525878906,60.52000045776367,5996.0
56.720001220703125,119.4000015258789,5997.0
56.20000076293945,81.08000183105469,5998.0
58.0,80.16000366210938,5999.0
55.43999862670898,78.91999816894531,6000.0
56.119998931884766,78.44000244140625,6001.0
38.119998931884766,79.12000274658203,6002.0
55.560001373291016,59.91999816894531,6003.0
56.08000183105469,59.91999816894531,6004.0
55.880001068115234,60.560001373291016,6005.0
45.79999923706055,60.31999969482422,6006.0
62.15999984741211,60.91999816894531,6007.0
24.040000915527344,61.43999862670898,6008.0
58.880001068115234,226.1199951171875,6009.0
222.63999938964844,223.27999877929688,6010.0
56.52000045776367,58.0,6011.0
56.040000915527344,223.9199981689453,6012.0
54.52000045776367,222.9600067138672,6013.0
56.7599983215332,224.16000366210935,6014.0
56.880001068115234,223.8800048828125,6015.0
50.959999084472656,83.23999786376953,6016.0
57.15999984741211,57.959999084472656,6017.0
54.43999862670898,57.959999084472656,6018.0
57.15999984741211,83.5199966430664,6019.0
57.27999877929688,84.16000366210938,6020.0
56.7599983215332,83.5999984741211,6021.0
57.20000076293945,83.36000061035156,6022.0
57.79999923706055,82.5199966430664,6023.0
57.119998931884766,82.19999694824219,6024.0
59.59999847412109,58.0,6025.0
58.91999816894531,81.68000030517578,6026.0
219.6000061035156,57.84000015258789,6027.0
57.79999923706055,57.47999954223633,6028.0
58.08000183105469,57.040000915527344,6029.0
58.91999816894531,222.44000244140625,6030.0
56.720001220703125,221.3600006103516,6031.0
35.2400016784668,56.7599983215332,6032.0
58.15999984741211,58.08000183105469,6033.0
58.43999862670898,56.560001373291016,6034.0
57.31999969482422,57.720001220703125,6035.0
55.400001525878906,57.63999938964844,6036.0
41.08000183105469,58.560001373291016,6037.0
56.79999923706055,57.2400016784668,6038.0
54.47999954223633,58.84000015258789,6039.0
128.0399932861328,116.27999877929688,6040.0
85.16000366210938,58.119998931884766,6041.0
60.52000045776367,57.52000045776367,6042.0
60.20000076293945,57.7599983215332,6043.0
56.20000076293945,223.75999450683597,6044.0
57.84000015258789,224.0800018310547,6045.0
56.84000015258789,83.44000244140625,6046.0
57.63999938964844,0.0,6047.0
56.720001220703125,84.27999877929688,6048.0
56.7599983215332,84.76000213623047,6049.0
58.720001220703125,84.12000274658203,6050.0
57.119998931884766,84.83999633789062,6051.0
57.59999847412109,83.80000305175781,6052.0
55.560001373291016,83.95999908447266,6053.0
56.400001525878906,83.12000274658203,6054.0
51.2400016784668,221.0,6055.0
58.119998931884766,83.95999908447266,6056.0
58.560001373291016,83.44000244140625,6057.0
57.20000076293945,83.63999938964844,6058.0
57.31999969482422,75.23999786376953,6059.0
56.91999816894531,83.0,6060.0
56.400001525878906,82.36000061035156,6061.0
55.43999862670898,80.83999633789062,6062.0
55.880001068115234,81.5199966430664,6063.0
57.31999969482422,82.68000030517578,6064.0
54.560001373291016,83.04000091552734,6065.0
55.119998931884766,82.91999816894531,6066.0
58.119998931884766,62.84000015258789,6067.0
56.7599983215332,83.68000030517578,6068.0
57.31999969482422,57.79999923706055,6069.0
57.68000030517578,58.43999862670898,6070.0
56.84000015258789,56.720001220703125,6071.0
56.43999862670898,221.32000732421875,6072.0
55.91999816894531,221.63999938964844,6073.0
56.959999084472656,221.55999755859372,6074.0
56.040000915527344,68.55999755859375,6075.0
56.79999923706055,222.6000061035156,6076.0
56.68000030517578,60.47999954223633,6077.0
55.63999938964844,61.68000030517578,6078.0
57.31999969482422,221.9600067138672,6079.0
55.47999954223633,81.80000305175781,6080.0
57.560001373291016,63.63999938964844,6081.0
58.27999877929688,81.08000183105469,6082.0
56.560001373291016,223.2400054931641,6083.0
57.08000183105469,80.91999816894531,6084.0
51.400001525878906,222.9199981689453,6085.0
57.0,223.8800048828125,6086.0
57.36000061035156,79.27999877929688,6087.0
54.040000915527344,62.119998931884766,6088.0
58.59999847412109,63.08000183105469,6089.0
57.31999969482422,82.63999938964844,6090.0
57.880001068115234,62.560001373291016,6091.0
51.08000183105469,82.4800033569336,6092.0
58.119998931884766,82.83999633789062,6093.0
58.119998931884766,221.8000030517578,6094.0
51.36000061035156,85.63999938964844,6095.0
51.880001068115234,91.0,6096.0
57.119998931884766,221.27999877929688,6097.0
58.880001068115234,220.1999969482422,6098.0
64.04000091552734,221.3600006103516,6099.0
58.27999877929688,221.32000732421875,6100.0
58.43999862670898,82.16000366210938,6101.0
40.959999084472656,82.80000305175781,6102.0
59.63999938964844,83.80000305175781,6103.0
58.43999862670898,83.76000213623047,6104.0
57.36000061035156,86.68000030517578,6105.0
57.0,82.87999725341797,6106.0
57.63999938964844,83.12000274658203,6107.0
58.15999984741211,62.79999923706055,6108.0
57.79999923706055,80.12000274658203,6109.0
56.52000045776367,61.36000061035156,6110.0
56.52000045776367,80.08000183105469,6111.0
57.31999969482422,93.16000366210938,6112.0
57.31999969482422,63.15999984741211,6113.0
30.440000534057617,59.0,6114.0
58.119998931884766,63.20000076293945,6115.0
58.59999847412109,57.7599983215332,6116.0
40.040000915527344,62.15999984741211,6117.0
55.59999847412109,221.8000030517578,6118.0
56.31999969482422,217.9600067138672,6119.0
57.36000061035156,221.1999969482422,6120.0
56.040000915527344,220.44000244140625,6121.0
55.7599983215332,83.27999877929688,6122.0
47.08000183105469,219.5200042724609,6123.0
55.400001525878906,82.5999984741211,6124.0
62.68000030517578,215.8000030517578,6125.0
50.43999862670898,88.4000015258789,6126.0
51.59999847412109,83.31999969482422,6127.0
56.08000183105469,86.95999908447266,6128.0
57.119998931884766,220.72000122070312,6129.0
55.84000015258789,217.1999969482422,6130.0
57.20000076293945,64.19999694824219,6131.0
54.119998931884766,63.79999923706055,6132.0
57.040000915527344,62.959999084472656,6133.0
57.63999938964844,63.36000061035156,6134.0
58.27999877929688,63.15999984741211,6135.0
58.91999816894531,63.08000183105469,6136.0
62.79999923706055,63.52000045776367,6137.0
55.47999954223633,82.95999908447266,6138.0
57.68000030517578,82.83999633789062,6139.0
58.27999877929688,120.23999786376952,6140.0
58.59999847412109,120.83999633789062,6141.0
55.59999847412109,120.63999938964844,6142.0
50.880001068115234,82.31999969482422,6143.0
58.84000015258789,82.95999908447266,6144.0
58.7599983215332,82.4800033569336,6145.0
58.7599983215332,82.80000305175781,6146.0
27.399999618530277,82.63999938964844,6147.0
59.0,82.31999969482422,6148.0
59.59999847412109,81.63999938964844,6149.0
57.47999954223633,81.95999908447266,6150.0
56.59999847412109,82.5199966430664,6151.0
58.59999847412109,82.04000091552734,6152.0
30.479999542236328,82.31999969482422,6153.0
56.84000015258789,80.27999877929688,6154.0
58.91999816894531,81.5199966430664,6155.0
58.47999954223633,81.16000366210938,6156.0
56.52000045776367,81.44000244140625,6157.0
54.63999938964844,81.83999633789062,6158.0
56.20000076293945,82.0,6159.0
56.15999984741211,82.23999786376953,6160.0
57.68000030517578,82.27999877929688,6161.0
56.43999862670898,82.27999877929688,6162.0
58.43999862670898,82.08000183105469,6163.0
58.59999847412109,82.4000015258789,6164.0
58.0,80.08000183105469,6165.0
51.040000915527344,79.76000213623047,6166.0
61.959999084472656,78.80000305175781,6167.0
46.79999923706055,118.5999984741211,6168.0
58.59999847412109,224.72000122070312,6169.0
58.84000015258789,81.68000030517578,6170.0
59.91999816894531,223.6000061035156,6171.0
57.0,81.83999633789062,6172.0
56.040000915527344,82.80000305175781,6173.0
56.68000030517578,81.27999877929688,6174.0
52.720001220703125,81.44000244140625,6175.0
57.59999847412109,81.36000061035156,6176.0
56.47999954223633,81.76000213623047,6177.0
46.43999862670898,81.68000030517578,6178.0
57.959999084472656,81.68000030517578,6179.0
57.20000076293945,81.68000030517578,6180.0
50.0,81.08000183105469,6181.0
218.9199981689453,222.44000244140625,6182.0
60.20000076293945,88.4000015258789,6183.0
59.400001525878906,82.19999694824219,6184.0
61.15999984741211,109.91999816894533,6185.0
60.84000015258789,88.4000015258789,6186.0
45.52000045776367,88.68000030517578,6187.0
59.119998931884766,88.16000366210938,6188.0
43.20000076293945,88.16000366210938,6189.0
57.31999969482422,88.08000183105469,6190.0
65.63999938964844,79.08000183105469,6191.0
55.7599983215332,223.32000732421875,6192.0
46.7599983215332,79.16000366210938,6193.0
56.79999923706055,86.76000213623047,6194.0
59.31999969482422,57.91999816894531,6195.0
215.47999572753903,57.880001068115234,6196.0
238.32000732421875,57.959999084472656,6197.0
58.59999847412109,57.959999084472656,6198.0
56.400001525878906,56.880001068115234,6199.0
57.63999938964844,58.0,6200.0
56.52000045776367,222.9199981689453,6201.0
57.59999847412109,92.83999633789062,6202.0
21.68000030517578,222.8000030517578,6203.0
29.799999237060547,58.0,6204.0
122.91999816894533,57.68000030517578,6205.0
78.08000183105469,57.68000030517578,6206.0
219.6000061035156,57.15999984741211,6207.0
237.32000732421875,57.79999923706055,6208.0
67.08000183105469,91.12000274658205,6209.0
205.3999938964844,113.31999969482422,6210.0
41.63999938964844,91.23999786376952,6211.0
53.47999954223633,226.27999877929688,6212.0
57.31999969482422,84.68000030517578,6213.0
57.0,90.76000213623048,6214.0
55.959999084472656,90.76000213623048,6215.0
57.47999954223633,90.72000122070312,6216.0
57.31999969482422,90.55999755859376,6217.0
57.27999877929688,89.4000015258789,6218.0
58.27999877929688,90.23999786376952,6219.0
46.400001525878906,90.72000122070312,6220.0
52.27999877929688,90.4000015258789,6221.0
47.27999877929688,90.63999938964844,6222.0
200.3600006103516,111.83999633789062,6223.0
53.560001373291016,113.27999877929688,6224.0
58.43999862670898,113.12000274658205,6225.0
59.52000045776367,89.5199966430664,6226.0
58.59999847412109,114.5199966430664,6227.0
105.36000061035156,81.72000122070312,6228.0
57.0,57.27999877929688,6229.0
99.5999984741211,90.8000030517578,6230.0
58.63999938964844,57.040000915527344,6231.0
219.1999969482422,90.0,6232.0
57.959999084472656,58.20000076293945,6233.0
200.1999969482422,113.04000091552734,6234.0
56.040000915527344,89.55999755859375,6235.0
35.47999954223633,56.91999816894531,6236.0
52.63999938964844,220.44000244140625,6237.0
56.47999954223633,56.720001220703125,6238.0
51.43999862670898,221.8800048828125,6239.0
33.84000015258789,56.7599983215332,6240.0
58.27999877929688,56.91999816894531,6241.0
48.040000915527344,56.59999847412109,6242.0
57.84000015258789,56.720001220703125,6243.0
57.79999923706055,56.84000015258789,6244.0
56.36000061035156,56.720001220703125,6245.0
57.43999862670898,56.84000015258789,6246.0
41.959999084472656,109.4000015258789,6247.0
57.47999954223633,56.63999938964844,6248.0
60.08000183105469,220.63999938964844,6249.0
42.91999816894531,56.720001220703125,6250.0
173.0800018310547,57.31999969482422,6251.0
55.400001525878906,56.560001373291016,6252.0
55.880001068115234,56.43999862670898,6253.0
53.0,56.68000030517578,6254.0
115.23999786376952,56.400001525878906,6255.0
52.68000030517578,59.84000015258789,6256.0
112.04000091552734,56.68000030517578,6257.0
57.0,56.63999938964844,6258.0
56.47999954223633,82.63999938964844,6259.0
110.4800033569336,57.0,6260.0
55.880001068115234,57.36000061035156,6261.0
56.400001525878906,56.880001068115234,6262.0
97.16000366210938,220.27999877929688,6263.0
49.0,56.720001220703125,6264.0
56.52000045776367,220.0800018310547,6265.0
42.560001373291016,219.8800048828125,6266.0
56.79999923706055,57.040000915527344,6267.0
40.91999816894531,219.3999938964844,6268.0
57.15999984741211,87.91999816894531,6269.0
56.36000061035156,88.5199966430664,6270.0
55.560001373291016,56.47999954223633,6271.0
57.2400016784668,64.5199966430664,6272.0
114.91999816894533,109.8000030517578,6273.0
45.47999954223633,73.80000305175781,6274.0
56.36000061035156,109.87999725341795,6275.0
44.20000076293945,74.12000274658203,6276.0
97.95999908447266,89.08000183105469,6277.0
45.0,64.55999755859375,6278.0
57.08000183105469,90.91999816894533,6279.0
56.84000015258789,81.12000274658203,6280.0
111.91999816894533,219.8000030517578,6281.0
238.5200042724609,77.87999725341797,6282.0
132.52000427246094,82.76000213623047,6283.0
57.36000061035156,83.0,6284.0
104.1999969482422,82.23999786376953,6285.0
22.63999938964844,108.44000244140624,6286.0
27.36000061035156,64.16000366210938,6287.0
57.0,56.68000030517578,6288.0
55.119998931884766,64.31999969482422,6289.0
45.400001525878906,57.560001373291016,6290.0
54.31999969482422,56.91999816894531,6291.0
57.0,57.31999969482422,6292.0
55.43999862670898,57.0,6293.0
222.32000732421875,58.47999954223633,6294.0
55.720001220703125,57.63999938964844,6295.0
50.36000061035156,58.36000061035156,6296.0
55.720001220703125,56.959999084472656,6297.0
52.20000076293945,239.9600067138672,6298.0
57.0,239.9600067138672,6299.0
56.400001525878906,239.9600067138672,6300.0
56.560001373291016,239.9600067138672,6301.0
57.08000183105469,239.9600067138672,6302.0
57.720001220703125,239.9600067138672,6303.0
57.959999084472656,56.400001525878906,6304.0
57.63999938964844,56.720001220703125,6305.0
56.119998931884766,57.040000915527344,6306.0
57.0,56.63999938964844,6307.0
57.720001220703125,57.08000183105469,6308.0
56.47999954223633,56.79999923706055,6309.0
57.31999969482422,91.72000122070312,6310.0
56.79999923706055,227.67999267578125,6311.0
56.560001373291016,85.63999938964844,6312.0
57.36000061035156,66.4800033569336,6313.0
56.36000061035156,85.44000244140625,6314.0
49.20000076293945,64.16000366210938,6315.0
58.2400016784668,84.19999694824219,6316.0
56.2400016784668,58.31999969482422,6317.0
30.280000686645508,83.4800033569336,6318.0
57.959999084472656,57.720001220703125,6319.0
58.20000076293945,84.19999694824219,6320.0
49.959999084472656,84.4800033569336,6321.0
58.47999954223633,84.4800033569336,6322.0
58.119998931884766,76.4800033569336,6323.0
57.59999847412109,76.87999725341797,6324.0
47.79999923706055,78.04000091552734,6325.0
57.0,81.04000091552734,6326.0
56.7599983215332,0.0,6327.0
52.880001068115234,78.5199966430664,6328.0
57.0,80.08000183105469,6329.0
57.43999862670898,80.12000274658203,6330.0
57.400001525878906,78.76000213623047,6331.0
56.36000061035156,76.63999938964844,6332.0
56.79999923706055,78.08000183105469,6333.0
55.959999084472656,77.08000183105469,6334.0
56.47999954223633,79.08000183105469,6335.0
56.52000045776367,78.16000366210938,6336.0
56.36000061035156,75.19999694824219,6337.0
57.20000076293945,78.63999938964844,6338.0
57.63999938964844,78.55999755859375,6339.0
57.68000030517578,75.16000366210938,6340.0
57.43999862670898,75.91999816894531,6341.0
56.36000061035156,74.16000366210938,6342.0
56.7599983215332,73.80000305175781,6343.0
55.79999923706055,73.87999725341797,6344.0
56.68000030517578,55.880001068115234,6345.0
56.15999984741211,221.0,6346.0
55.27999877929688,74.68000030517578,6347.0
55.47999954223633,221.55999755859372,6348.0
55.31999969482422,74.19999694824219,6349.0
56.2400016784668,73.4800033569336,6350.0
56.68000030517578,75.91999816894531,6351.0
55.31999969482422,77.95999908447266,6352.0
55.400001525878906,81.4000015258789,6353.0
54.27999877929688,78.55999755859375,6354.0
54.43999862670898,62.27999877929688,6355.0
54.15999984741211,79.44000244140625,6356.0
57.63999938964844,216.44000244140625,6357.0
56.68000030517578,79.16000366210938,6358.0
57.0,77.5199966430664,6359.0
56.59999847412109,78.83999633789062,6360.0
56.560001373291016,76.44000244140625,6361.0
56.59999847412109,77.19999694824219,6362.0
56.43999862670898,79.16000366210938,6363.0
56.2400016784668,79.0,6364.0
57.15999984741211,78.83999633789062,6365.0
194.44000244140625,79.12000274658203,6366.0
54.91999816894531,76.19999694824219,6367.0
55.880001068115234,74.72000122070312,6368.0
56.52000045776367,74.76000213623047,6369.0
55.91999816894531,74.72000122070312,6370.0
56.63999938964844,73.76000213623047,6371.0
56.43999862670898,92.16000366210938,6372.0
56.47999954223633,73.16000366210938,6373.0
56.2400016784668,220.6000061035156,6374.0
57.47999954223633,72.87999725341797,6375.0
56.720001220703125,74.08000183105469,6376.0
57.040000915527344,56.959999084472656,6377.0
57.2400016784668,73.4800033569336,6378.0
36.720001220703125,56.560001373291016,6379.0
56.68000030517578,73.68000030517578,6380.0
57.959999084472656,56.47999954223633,6381.0
56.91999816894531,56.15999984741211,6382.0
56.47999954223633,55.91999816894531,6383.0
55.79999923706055,56.15999984741211,6384.0
55.720001220703125,73.04000091552734,6385.0
55.59999847412109,56.2400016784668,6386.0
53.959999084472656,73.44000244140625,6387.0
55.59999847412109,56.43999862670898,6388.0
56.15999984741211,215.44000244140625,6389.0
56.47999954223633,56.84000015258789,6390.0
56.400001525878906,77.83999633789062,6391.0
56.52000045776367,56.84000015258789,6392.0
56.400001525878906,56.36000061035156,6393.0
56.36000061035156,57.959999084472656,6394.0
56.040000915527344,79.80000305175781,6395.0
56.79999923706055,62.15999984741211,6396.0
30.8799991607666,80.91999816894531,6397.0
208.2400054931641,63.59999847412109,6398.0
191.0,84.08000183105469,6399.0
58.560001373291016,57.720001220703125,6400.0
52.59999847412109,59.59999847412109,6401.0
59.560001373291016,59.31999969482422,6402.0
56.59999847412109,73.55999755859375,6403.0
55.68000030517578,58.36000061035156,6404.0
55.31999969482422,73.68000030517578,6405.0
55.59999847412109,113.8000030517578,6406.0
48.880001068115234,71.27999877929688,6407.0
58.400001525878906,71.12000274658203,6408.0
58.040000915527344,73.68000030517578,6409.0
131.9199981689453,68.08000183105469,6410.0
218.3999938964844,221.3999938964844,6411.0
54.27999877929688,62.52000045776367,6412.0
60.79999923706055,63.47999954223633,6413.0
104.91999816894533,62.59999847412109,6414.0
55.63999938964844,82.31999969482422,6415.0
54.2400016784668,74.63999938964844,6416.0
56.560001373291016,79.44000244140625,6417.0
57.91999816894531,78.80000305175781,6418.0
57.880001068115234,56.720001220703125,6419.0
57.0,213.3999938964844,6420.0
59.0,58.400001525878906,6421.0
41.400001525878906,60.68000030517578,6422.0
55.52000045776367,113.4800033569336,6423.0
56.7599983215332,113.4000015258789,6424.0
55.560001373291016,113.83999633789062,6425.0
52.79999923706055,113.27999877929688,6426.0
60.68000030517578,57.47999954223633,6427.0
57.0,74.16000366210938,6428.0
52.08000183105469,113.63999938964844,6429.0
56.20000076293945,74.55999755859375,6430.0
119.5999984741211,68.5999984741211,6431.0
53.560001373291016,81.95999908447266,6432.0
43.79999923706055,113.72000122070312,6433.0
54.79999923706055,113.4800033569336,6434.0
58.959999084472656,113.68000030517578,6435.0
210.1199951171875,114.27999877929688,6436.0
54.040000915527344,57.31999969482422,6437.0
58.959999084472656,56.52000045776367,6438.0
58.68000030517578,57.08000183105469,6439.0
94.31999969482422,223.55999755859372,6440.0
58.040000915527344,56.7599983215332,6441.0
49.79999923706055,73.5999984741211,6442.0
56.36000061035156,57.15999984741211,6443.0
99.8000030517578,72.4000015258789,6444.0
57.400001525878906,68.31999969482422,6445.0
99.44000244140624,73.5199966430664,6446.0
57.63999938964844,73.4000015258789,6447.0
57.720001220703125,73.5199966430664,6448.0
164.8800048828125,73.63999938964844,6449.0
56.20000076293945,55.720001220703125,6450.0
52.2400016784668,224.2400054931641,6451.0
56.959999084472656,158.44000244140625,6452.0
54.040000915527344,224.16000366210935,6453.0
56.79999923706055,78.16000366210938,6454.0
56.560001373291016,78.23999786376953,6455.0
55.959999084472656,56.720001220703125,6456.0
91.72000122070312,78.87999725341797,6457.0
130.63999938964844,57.43999862670898,6458.0
44.84000015258789,83.87999725341797,6459.0
64.80000305175781,61.040000915527344,6460.0
0.0,83.63999938964844,6461.0
55.79999923706055,59.880001068115234,6462.0
35.2400016784668,58.31999969482422,6463.0
39.08000183105469,58.15999984741211,6464.0
56.15999984741211,57.959999084472656,6465.0
38.91999816894531,79.5999984741211,6466.0
38.7599983215332,61.31999969482422,6467.0
54.31999969482422,97.23999786376952,6468.0
56.59999847412109,56.7599983215332,6469.0
55.08000183105469,98.44000244140624,6470.0
55.720001220703125,77.83999633789062,6471.0
106.5999984741211,77.72000122070312,6472.0
54.36000061035156,76.44000244140625,6473.0
55.7599983215332,79.0,6474.0
56.959999084472656,56.08000183105469,6475.0
54.84000015258789,104.31999969482422,6476.0
58.27999877929688,80.04000091552734,6477.0
54.959999084472656,57.63999938964844,6478.0
54.040000915527344,227.75999450683597,6479.0
54.0,107.31999969482422,6480.0
53.84000015258789,63.7599983215332,6481.0
36.59999847412109,79.19999694824219,6482.0
53.79999923706055,64.36000061035156,6483.0
58.119998931884766,64.36000061035156,6484.0
48.2400016784668,221.3999938964844,6485.0
85.80000305175781,63.400001525878906,6486.0
141.0,75.63999938964844,6487.0
0.0,223.72000122070312,6488.0
72.68000030517578,223.2400054931641,6489.0
36.20000076293945,73.5199966430664,6490.0
213.44000244140625,223.75999450683597,6491.0
56.36000061035156,60.560001373291016,6492.0
138.63999938964844,223.9199981689453,6493.0
213.1999969482422,73.19999694824219,6494.0
139.0,224.55999755859372,6495.0
59.59999847412109,109.31999969482422,6496.0
185.8000030517578,224.3600006103516,6497.0
51.720001220703125,103.76000213623048,6498.0
36.119998931884766,223.8800048828125,6499.0
44.79999923706055,223.72000122070312,6500.0
58.08000183105469,223.55999755859372,6501.0
61.47999954223633,72.4000015258789,6502.0
93.4800033569336,72.23999786376953,6503.0
58.119998931884766,72.5199966430664,6504.0
61.880001068115234,73.76000213623047,6505.0
57.68000030517578,117.27999877929688,6506.0
210.3600006103516,109.0,6507.0
137.47999572753906,77.23999786376953,6508.0
224.55999755859372,76.36000061035156,6509.0
34.599998474121094,109.1999969482422,6510.0
54.43999862670898,113.95999908447266,6511.0
45.47999954223633,57.36000061035156,6512.0
60.08000183105469,77.83999633789062,6513.0
79.23999786376953,58.15999984741211,6514.0
213.5200042724609,108.63999938964844,6515.0
236.0399932861328,59.959999084472656,6516.0
94.0,108.44000244140624,6517.0
55.720001220703125,60.560001373291016,6518.0
168.1199951171875,77.5999984741211,6519.0
43.400001525878906,139.67999267578125,6520.0
0.0,79.0,6521.0
61.0,57.47999954223633,6522.0
41.68000030517578,56.720001220703125,6523.0
79.87999725341797,56.84000015258789,6524.0
44.59999847412109,57.08000183105469,6525.0
55.040000915527344,56.720001220703125,6526.0
204.67999267578125,57.040000915527344,6527.0
100.5199966430664,57.31999969482422,6528.0
57.2400016784668,109.31999969482422,6529.0
239.0399932861328,79.76000213623047,6530.0
51.2400016784668,101.5199966430664,6531.0
21.479999542236328,239.3600006103516,6532.0
57.84000015258789,71.0,6533.0
239.16000366210935,110.4000015258789,6534.0
35.08000183105469,77.95999908447266,6535.0
154.75999450683594,113.95999908447266,6536.0
60.27999877929688,77.19999694824219,6537.0
42.59999847412109,68.80000305175781,6538.0
60.31999969482422,69.72000122070312,6539.0
40.2400016784668,70.68000030517578,6540.0
149.60000610351562,68.95999908447266,6541.0
53.15999984741211,71.08000183105469,6542.0
53.84000015258789,73.08000183105469,6543.0
4.320000171661377,71.83999633789062,6544.0
138.8000030517578,72.87999725341797,6545.0
68.63999938964844,107.87999725341795,6546.0
36.52000045776367,109.55999755859376,6547.0
105.4800033569336,108.87999725341795,6548.0
218.0,73.31999969482422,6549.0
57.79999923706055,103.12000274658205,6550.0
23.280000686645508,101.55999755859376,6551.0
210.9199981689453,237.3999938964844,6552.0
182.3999938964844,114.0,6553.0
130.16000366210938,114.12000274658205,6554.0
212.27999877929688,97.76000213623048,6555.0
222.6000061035156,115.55999755859376,6556.0
218.55999755859372,93.72000122070312,6557.0
117.12000274658205,73.80000305175781,6558.0
117.0,73.55999755859375,6559.0
45.20000076293945,73.23999786376953,6560.0
57.31999969482422,72.80000305175781,6561.0
58.040000915527344,72.76000213623047,6562.0
57.43999862670898,73.5999984741211,6563.0
99.91999816894533,73.36000061035156,6564.0
56.7599983215332,57.63999938964844,6565.0
236.47999572753903,220.8800048828125,6566.0
97.8000030517578,80.95999908447266,6567.0
54.52000045776367,220.0399932861328,6568.0
235.8000030517578,107.44000244140624,6569.0
56.720001220703125,108.27999877929688,6570.0
121.63999938964844,57.040000915527344,6571.0
168.24000549316406,56.31999969482422,6572.0
87.44000244140625,56.68000030517578,6573.0
21.84000015258789,58.20000076293945,6574.0
203.8800048828125,73.04000091552734,6575.0
58.720001220703125,57.880001068115234,6576.0
56.68000030517578,70.95999908447266,6577.0
192.3999938964844,56.880001068115234,6578.0
148.75999450683594,76.27999877929688,6579.0
0.0,76.55999755859375,6580.0
57.0,57.79999923706055,6581.0
78.95999908447266,76.4000015258789,6582.0
47.880001068115234,58.43999862670898,6583.0
56.91999816894531,68.19999694824219,6584.0
202.9199981689453,68.19999694824219,6585.0
220.83999633789065,68.5999984741211,6586.0
54.880001068115234,68.23999786376953,6587.0
38.7599983215332,75.95999908447266,6588.0
50.7599983215332,58.43999862670898,6589.0
106.91999816894533,76.95999908447266,6590.0
186.0,76.91999816894531,6591.0
33.68000030517578,75.16000366210938,6592.0
56.27999877929688,76.44000244140625,6593.0
51.7599983215332,239.9600067138672,6594.0
52.63999938964844,108.5999984741211,6595.0
57.20000076293945,118.55999755859376,6596.0
232.1999969482422,108.72000122070312,6597.0
86.76000213623047,118.5999984741211,6598.0
219.3600006103516,225.47999572753903,6599.0
220.47999572753903,221.16000366210935,6600.0
136.55999755859375,108.5199966430664,6601.0
56.2400016784668,109.4800033569336,6602.0
57.0,108.76000213623048,6603.0
57.7599983215332,56.7599983215332,6604.0
46.20000076293945,109.04000091552734,6605.0
42.36000061035156,57.31999969482422,6606.0
58.15999984741211,78.55999755859375,6607.0
38.959999084472656,109.1999969482422,6608.0
106.5999984741211,77.5199966430664,6609.0
53.84000015258789,109.16000366210938,6610.0
30.1200008392334,77.5999984741211,6611.0
53.79999923706055,77.87999725341797,6612.0
54.43999862670898,77.63999938964844,6613.0
51.560001373291016,78.44000244140625,6614.0
176.39999389648438,78.0,6615.0
0.0,79.08000183105469,6616.0
145.60000610351562,79.31999969482422,6617.0
58.400001525878906,120.04000091552734,6618.0
43.880001068115234,89.19999694824219,6619.0
58.119998931884766,120.04000091552734,6620.0
0.0,119.44000244140624,6621.0
199.9600067138672,119.91999816894533,6622.0
114.91999816894533,88.68000030517578,6623.0
37.15999984741211,119.8000030517578,6624.0
39.880001068115234,119.44000244140624,6625.0
237.83999633789065,120.04000091552734,6626.0
172.9199981689453,120.04000091552734,6627.0
38.63999938964844,222.1999969482422,6628.0
57.720001220703125,82.08000183105469,6629.0
71.55999755859375,54.84000015258789,6630.0
76.5199966430664,82.72000122070312,6631.0
33.31999969482422,53.20000076293945,6632.0
239.0399932861328,82.72000122070312,6633.0
32.84000015258789,57.08000183105469,6634.0
108.04000091552734,82.5199966430664,6635.0
57.63999938964844,57.52000045776367,6636.0
33.15999984741211,82.12000274658203,6637.0
51.119998931884766,82.12000274658203,6638.0
107.4800033569336,78.55999755859375,6639.0
79.08000183105469,82.19999694824219,6640.0
232.75999450683597,78.0,6641.0
78.12000274658203,119.44000244140624,6642.0
103.4800033569336,57.959999084472656,6643.0
238.0,78.0,6644.0
57.68000030517578,77.80000305175781,6645.0
238.67999267578125,78.08000183105469,6646.0
58.27999877929688,76.68000030517578,6647.0
43.2400016784668,78.08000183105469,6648.0
181.0800018310547,78.36000061035156,6649.0
38.7599983215332,78.08000183105469,6650.0
199.1199951171875,78.0,6651.0
186.63999938964844,78.04000091552734,6652.0
40.47999954223633,78.27999877929688,6653.0
58.31999969482422,78.16000366210938,6654.0
34.63999938964844,70.5199966430664,6655.0
84.5199966430664,78.36000061035156,6656.0
84.72000122070312,78.5199966430664,6657.0
33.63999938964844,108.31999969482422,6658.0
92.5199966430664,77.83999633789062,6659.0
108.5199966430664,107.87999725341795,6660.0
103.72000122070312,78.12000274658203,6661.0
118.4800033569336,77.80000305175781,6662.0
118.95999908447266,74.12000274658203,6663.0
80.04000091552734,77.91999816894531,6664.0
106.5999984741211,74.04000091552734,6665.0
48.040000915527344,77.5199966430664,6666.0
49.84000015258789,75.08000183105469,6667.0
234.8000030517578,77.4800033569336,6668.0
194.27999877929688,77.63999938964844,6669.0
137.63999938964844,77.76000213623047,6670.0
33.31999969482422,77.83999633789062,6671.0
38.91999816894531,77.80000305175781,6672.0
76.08000183105469,77.83999633789062,6673.0
162.47999572753906,77.16000366210938,6674.0
116.23999786376952,83.0,6675.0
50.59999847412109,74.27999877929688,6676.0
64.08000183105469,75.19999694824219,6677.0
55.959999084472656,73.87999725341797,6678.0
51.08000183105469,120.1999969482422,6679.0
54.84000015258789,73.4800033569336,6680.0
57.20000076293945,74.44000244140625,6681.0
227.27999877929688,73.72000122070312,6682.0
206.27999877929688,74.19999694824219,6683.0
124.36000061035156,73.80000305175781,6684.0
57.79999923706055,78.55999755859375,6685.0
60.84000015258789,237.9199981689453,6686.0
58.59999847412109,77.23999786376953,6687.0
191.44000244140625,77.08000183105469,6688.0
119.5999984741211,76.91999816894531,6689.0
135.39999389648438,77.0,6690.0
59.59999847412109,76.83999633789062,6691.0
55.43999862670898,77.23999786376953,6692.0
91.23999786376952,76.87999725341797,6693.0
57.0,76.72000122070312,6694.0
56.68000030517578,77.23999786376953,6695.0
57.31999969482422,75.95999908447266,6696.0
40.47999954223633,77.36000061035156,6697.0
101.31999969482422,78.0,6698.0
52.2400016784668,77.63999938964844,6699.0
235.27999877929688,78.0,6700.0
178.16000366210938,77.23999786376953,6701.0
78.4800033569336,77.5199966430664,6702.0
0.0,75.83999633789062,6703.0
54.119998931884766,77.76000213623047,6704.0
0.0,78.0,6705.0
238.72000122070312,77.83999633789062,6706.0
131.32000732421875,77.36000061035156,6707.0
127.12000274658205,77.4000015258789,6708.0
48.36000061035156,77.36000061035156,6709.0
42.63999938964844,76.95999908447266,6710.0
117.8000030517578,77.76000213623047,6711.0
96.55999755859376,77.27999877929688,6712.0
128.0399932861328,76.80000305175781,6713.0
119.08000183105467,77.36000061035156,6714.0
105.83999633789062,75.68000030517578,6715.0
211.6000061035156,56.720001220703125,6716.0
216.8800048828125,76.4000015258789,6717.0
115.5999984741211,76.80000305175781,6718.0
58.47999954223633,76.63999938964844,6719.0
57.27999877929688,76.0,6720.0
103.12000274658205,76.4800033569336,6721.0
0.0,76.72000122070312,6722.0
208.3999938964844,76.5199966430664,6723.0
57.0,76.87999725341797,6724.0
56.560001373291016,76.83999633789062,6725.0
95.76000213623048,76.16000366210938,6726.0
0.0,76.80000305175781,6727.0
33.959999084472656,76.5199966430664,6728.0
130.39999389648438,224.44000244140625,6729.0
121.63999938964844,76.68000030517578,6730.0
97.8000030517578,77.23999786376953,6731.0
222.0,77.0,6732.0
55.7599983215332,75.87999725341797,6733.0
114.95999908447266,75.87999725341797,6734.0
56.68000030517578,74.19999694824219,6735.0
36.43999862670898,58.43999862670898,6736.0
54.52000045776367,76.5199966430664,6737.0
36.43999862670898,58.36000061035156,6738.0
46.119998931884766,76.55999755859375,6739.0
51.2400016784668,76.55999755859375,6740.0
51.27999877929688,58.119998931884766,6741.0
55.63999938964844,75.87999725341797,6742.0
20.1200008392334,76.31999969482422,6743.0
20.200000762939453,76.5199966430664,6744.0
166.8800048828125,76.27999877929688,6745.0
168.8000030517578,76.31999969482422,6746.0
89.0,76.95999908447266,6747.0
31.71999931335449,76.63999938964844,6748.0
39.27999877929688,76.95999908447266,6749.0
59.400001525878906,76.0,6750.0
57.040000915527344,77.19999694824219,6751.0
45.119998931884766,76.08000183105469,6752.0
101.68000030517578,76.80000305175781,6753.0
56.560001373291016,76.0,6754.0
194.63999938964844,76.68000030517578,6755.0
30.600000381469727,159.1199951171875,6756.0
115.23999786376952,76.23999786376953,6757.0
32.040000915527344,112.5199966430664,6758.0
99.08000183105467,57.720001220703125,6759.0
54.400001525878906,112.83999633789062,6760.0
115.5999984741211,76.08000183105469,6761.0
58.119998931884766,75.91999816894531,6762.0
138.9600067138672,75.27999877929688,6763.0
56.43999862670898,56.43999862670898,6764.0
69.4800033569336,75.87999725341797,6765.0
80.08000183105469,77.16000366210938,6766.0
51.7599983215332,75.19999694824219,6767.0
166.8000030517578,55.63999938964844,6768.0
53.79999923706055,113.0,6769.0
51.7599983215332,113.16000366210938,6770.0
111.91999816894533,57.7599983215332,6771.0
174.47999572753906,113.0,6772.0
49.040000915527344,57.08000183105469,6773.0
45.47999954223633,57.08000183105469,6774.0
115.87999725341795,57.31999969482422,6775.0
121.0,57.79999923706055,6776.0
107.95999908447266,57.43999862670898,6777.0
0.0,58.0,6778.0
51.880001068115234,57.43999862670898,6779.0
100.04000091552734,56.91999816894531,6780.0
41.63999938964844,58.2400016784668,6781.0
85.80000305175781,239.9600067138672,6782.0
41.0,55.400001525878906,6783.0
0.0,239.9600067138672,6784.0
237.63999938964844,238.5200042724609,6785.0
145.16000366210938,238.63999938964844,6786.0
113.0,239.9600067138672,6787.0
102.44000244140624,239.27999877929688,6788.0
238.83999633789065,52.84000015258789,6789.0
98.5999984741211,238.0399932861328,6790.0
40.63999938964844,52.84000015258789,6791.0
199.75999450683597,237.8800048828125,6792.0
197.1999969482422,53.2400016784668,6793.0
100.5199966430664,53.47999954223633,6794.0
43.27999877929688,53.0,6795.0
29.959999084472656,71.76000213623047,6796.0
93.95999908447266,53.040000915527344,6797.0
90.31999969482422,73.95999908447266,6798.0
37.47999954223633,52.68000030517578,6799.0
0.1199999973177909,74.83999633789062,6800.0
95.4000015258789,53.79999923706055,6801.0
95.4000015258789,73.23999786376953,6802.0
107.4000015258789,234.2400054931641,6803.0
112.68000030517578,52.68000030517578,6804.0
222.63999938964844,234.16000366210935,6805.0
110.76000213623048,52.84000015258789,6806.0
63.36000061035156,230.67999267578125,6807.0
220.1199951171875,80.16000366210938,6808.0
98.4800033569336,56.68000030517578,6809.0
41.959999084472656,80.08000183105469,6810.0
85.72000122070312,69.63999938964844,6811.0
115.4000015258789,228.83999633789065,6812.0
90.55999755859376,69.80000305175781,6813.0
33.15999984741211,68.36000061035156,6814.0
133.8000030517578,81.36000061035156,6815.0
43.880001068115234,69.19999694824219,6816.0
20.239999771118164,54.47999954223633,6817.0
110.12000274658205,223.32000732421875,6818.0
54.43999862670898,54.400001525878906,6819.0
33.720001220703125,232.44000244140625,6820.0
201.9600067138672,54.119998931884766,6821.0
170.1199951171875,231.8000030517578,6822.0
197.55999755859372,239.9600067138672,6823.0
43.400001525878906,57.959999084472656,6824.0
108.55999755859376,53.959999084472656,6825.0
55.720001220703125,58.0,6826.0
58.27999877929688,56.7599983215332,6827.0
56.84000015258789,58.08000183105469,6828.0
57.0,59.08000183105469,6829.0
36.880001068115234,134.67999267578125,6830.0
231.9600067138672,231.8000030517578,6831.0
237.72000122070312,58.91999816894531,6832.0
103.5999984741211,53.63999938964844,6833.0
68.08000183105469,54.040000915527344,6834.0
238.5200042724609,53.59999847412109,6835.0
195.27999877929688,234.1999969482422,6836.0
112.04000091552734,230.67999267578125,6837.0
106.0,231.9199981689453,6838.0
42.68000030517578,54.880001068115234,6839.0
105.0,55.400001525878906,6840.0
106.4800033569336,52.36000061035156,6841.0
31.399999618530277,55.47999954223633,6842.0
37.08000183105469,56.720001220703125,6843.0
106.27999877929688,57.0,6844.0
58.27999877929688,57.08000183105469,6845.0
42.79999923706055,57.43999862670898,6846.0
57.36000061035156,57.040000915527344,6847.0
57.720001220703125,59.27999877929688,6848.0
54.43999862670898,56.2400016784668,6849.0
28.84000015258789,57.0,6850.0
54.560001373291016,56.720001220703125,6851.0
54.27999877929688,56.720001220703125,6852.0
55.400001525878906,78.36000061035156,6853.0
55.47999954223633,77.5199966430664,6854.0
54.47999954223633,79.0,6855.0
55.7599983215332,106.76000213623048,6856.0
106.76000213623048,55.7599983215332,6857.0
50.43999862670898,106.4000015258789,6858.0
46.7599983215332,105.87999725341795,6859.0
49.400001525878906,105.76000213623048,6860.0
54.47999954223633,106.23999786376952,6861.0
36.20000076293945,105.68000030517578,6862.0
56.560001373291016,106.04000091552734,6863.0
42.63999938964844,106.04000091552734,6864.0
56.36000061035156,79.27999877929688,6865.0
41.959999084472656,106.4000015258789,6866.0
0.0,79.91999816894531,6867.0
45.79999923706055,80.5999984741211,6868.0
0.0,80.27999877929688,6869.0
114.5999984741211,80.0,6870.0
49.0,80.68000030517578,6871.0
66.36000061035156,80.72000122070312,6872.0
238.16000366210935,80.91999816894531,6873.0
53.15999984741211,81.63999938964844,6874.0
33.15999984741211,81.31999969482422,6875.0
61.20000076293945,81.5199966430664,6876.0
56.31999969482422,81.76000213623047,6877.0
31.399999618530277,59.0,6878.0
121.31999969482422,81.04000091552734,6879.0
55.43999862670898,157.16000366210938,6880.0
114.36000061035156,57.959999084472656,6881.0
4.559999942779541,154.27999877929688,6882.0
113.95999908447266,104.68000030517578,6883.0
114.8000030517578,87.76000213623047,6884.0
53.79999923706055,235.16000366210935,6885.0
57.040000915527344,157.52000427246094,6886.0
234.63999938964844,165.52000427246094,6887.0
197.3999938964844,88.23999786376953,6888.0
36.20000076293945,88.72000122070312,6889.0
35.880001068115234,88.63999938964844,6890.0
36.36000061035156,87.95999908447266,6891.0
36.880001068115234,88.12000274658203,6892.0
203.0800018310547,88.36000061035156,6893.0
120.68000030517578,216.67999267578125,6894.0
47.2400016784668,87.76000213623047,6895.0
167.0,107.87999725341795,6896.0
142.60000610351562,107.36000061035156,6897.0
42.31999969482422,156.9600067138672,6898.0
46.7599983215332,87.76000213623047,6899.0
44.36000061035156,107.91999816894533,6900.0
213.5200042724609,107.4000015258789,6901.0
144.72000122070312,88.16000366210938,6902.0
123.91999816894533,239.9600067138672,6903.0
154.0,217.0800018310547,6904.0
125.0,71.4000015258789,6905.0
100.68000030517578,239.9600067138672,6906.0
224.6000061035156,71.36000061035156,6907.0
137.63999938964844,71.08000183105469,6908.0
66.27999877929688,71.55999755859375,6909.0
121.08000183105467,71.08000183105469,6910.0
0.0,99.27999877929688,6911.0
105.5199966430664,236.5200042724609,6912.0
106.76000213623048,98.68000030517578,6913.0
118.44000244140624,99.0,6914.0
237.9600067138672,98.4800033569336,6915.0
0.0,234.2400054931641,6916.0
57.040000915527344,98.55999755859376,6917.0
8.279999732971191,232.47999572753903,6918.0
114.95999908447266,235.83999633789065,6919.0
9.5600004196167,232.1199951171875,6920.0
205.47999572753903,235.3600006103516,6921.0
3.0,232.16000366210935,6922.0
105.04000091552734,237.8000030517578,6923.0
107.55999755859376,69.4000015258789,6924.0
0.0,237.32000732421875,6925.0
212.8800048828125,69.87999725341797,6926.0
92.68000030517578,234.83999633789065,6927.0
51.59999847412109,69.72000122070312,6928.0
102.76000213623048,236.55999755859372,6929.0
40.720001220703125,69.31999969482422,6930.0
135.75999450683594,239.9600067138672,6931.0
11.920000076293944,69.31999969482422,6932.0
141.9199981689453,119.08000183105467,6933.0
62.959999084472656,69.63999938964844,6934.0
14.800000190734863,52.84000015258789,6935.0
223.16000366210935,52.84000015258789,6936.0
107.76000213623048,155.24000549316406,6937.0
93.31999969482422,155.24000549316406,6938.0
69.4800033569336,68.83999633789062,6939.0
87.44000244140625,155.0800018310547,6940.0
88.36000061035156,64.72000122070312,6941.0
121.95999908447266,154.9199981689453,6942.0
104.04000091552734,142.55999755859375,6943.0
87.80000305175781,154.83999633789062,6944.0
104.04000091552734,155.16000366210938,6945.0
210.75999450683597,155.0800018310547,6946.0
96.36000061035156,72.04000091552734,6947.0
125.16000366210938,69.95999908447266,6948.0
19.71999931335449,228.63999938964844,6949.0
89.16000366210938,72.08000183105469,6950.0
214.0,69.87999725341797,6951.0
97.36000061035156,70.12000274658203,6952.0
48.68000030517578,70.63999938964844,6953.0
39.0,71.4800033569336,6954.0
48.31999969482422,70.19999694824219,6955.0
40.560001373291016,54.15999984741211,6956.0
0.0,231.0399932861328,6957.0
47.400001525878906,69.76000213623047,6958.0
44.880001068115234,230.6000061035156,6959.0
153.0,69.95999908447266,6960.0
104.4000015258789,227.72000122070312,6961.0
30.799999237060547,70.16000366210938,6962.0
100.83999633789062,227.2400054931641,6963.0
103.63999938964844,69.91999816894531,6964.0
52.2400016784668,70.16000366210938,6965.0
110.23999786376952,69.80000305175781,6966.0
33.31999969482422,227.1199951171875,6967.0
120.72000122070312,70.12000274658203,6968.0
55.08000183105469,227.55999755859372,6969.0
125.5199966430664,72.27999877929688,6970.0
148.9199981689453,74.04000091552734,6971.0
88.04000091552734,74.23999786376953,6972.0
237.83999633789065,74.80000305175781,6973.0
104.4000015258789,74.63999938964844,6974.0
87.55999755859375,74.5199966430664,6975.0
37.15999984741211,239.9600067138672,6976.0
34.91999816894531,216.6000061035156,6977.0
201.0399932861328,203.8800048828125,6978.0
130.9199981689453,60.43999862670898,6979.0
190.47999572753903,60.52000045776367,6980.0
54.040000915527344,60.880001068115234,6981.0
30.76000022888184,87.44000244140625,6982.0
42.84000015258789,60.52000045776367,6983.0
121.0,60.52000045776367,6984.0
238.83999633789065,60.08000183105469,6985.0
114.76000213623048,230.44000244140625,6986.0
114.95999908447266,60.040000915527344,6987.0
53.31999969482422,58.68000030517578,6988.0
36.560001373291016,58.68000030517578,6989.0
33.720001220703125,58.560001373291016,6990.0
71.63999938964844,57.79999923706055,6991.0
209.0399932861328,57.959999084472656,6992.0
112.68000030517578,57.959999084472656,6993.0
113.63999938964844,58.0,6994.0
115.87999725341795,57.79999923706055,6995.0
173.83999633789062,53.400001525878906,6996.0
204.1199951171875,154.75999450683594,6997.0
111.91999816894533,154.24000549316406,6998.0
102.12000274658205,154.0800018310547,6999.0
56.20000076293945,123.72000122070312,7000.0
106.91999816894533,54.43999862670898,7001.0
41.0,124.0,7002.0
37.84000015258789,99.44000244140624,7003.0
14.119999885559082,58.20000076293945,7004.0
42.27999877929688,99.27999877929688,7005.0
41.0,57.400001525878906,7006.0
73.19999694824219,99.72000122070312,7007.0
36.560001373291016,59.47999954223633,7008.0
119.55999755859376,202.1999969482422,7009.0
122.91999816894533,99.91999816894533,7010.0
187.72000122070312,88.08000183105469,7011.0
38.7599983215332,99.91999816894533,7012.0
0.0,87.83999633789062,7013.0
43.7599983215332,87.91999816894531,7014.0
56.119998931884766,138.8000030517578,7015.0
44.84000015258789,108.12000274658205,7016.0
226.44000244140625,232.27999877929688,7017.0
112.68000030517578,87.44000244140625,7018.0
47.119998931884766,100.5199966430664,7019.0
58.91999816894531,100.55999755859376,7020.0
120.4000015258789,108.36000061035156,7021.0
104.68000030517578,100.4800033569336,7022.0
33.79999923706055,108.68000030517578,7023.0
31.71999931335449,111.87999725341795,7024.0
178.0800018310547,107.27999877929688,7025.0
35.279998779296875,111.5999984741211,7026.0
52.20000076293945,87.68000030517578,7027.0
35.15999984741211,111.1999969482422,7028.0
34.79999923706055,88.19999694824219,7029.0
96.1999969482422,140.63999938964844,7030.0
36.2400016784668,101.04000091552734,7031.0
236.9199981689453,88.08000183105469,7032.0
94.5999984741211,58.31999969482422,7033.0
95.4000015258789,58.119998931884766,7034.0
236.0399932861328,58.43999862670898,7035.0
197.27999877929688,153.8800048828125,7036.0
87.08000183105469,57.959999084472656,7037.0
122.91999816894533,231.5200042724609,7038.0
122.27999877929688,231.0800018310547,7039.0
115.5199966430664,85.55999755859375,7040.0
58.59999847412109,232.3600006103516,7041.0
46.59999847412109,86.87999725341797,7042.0
106.8000030517578,87.44000244140625,7043.0
57.63999938964844,86.83999633789062,7044.0
46.959999084472656,87.76000213623047,7045.0
45.31999969482422,87.4000015258789,7046.0
208.83999633789065,230.32000732421875,7047.0
206.32000732421875,113.63999938964844,7048.0
22.76000022888184,113.95999908447266,7049.0
49.84000015258789,113.72000122070312,7050.0
114.91999816894533,57.91999816894531,7051.0
49.31999969482422,56.91999816894531,7052.0
214.0800018310547,57.880001068115234,7053.0
49.79999923706055,72.68000030517578,7054.0
226.0,58.040000915527344,7055.0
138.63999938964844,72.68000030517578,7056.0
203.2400054931641,57.63999938964844,7057.0
16.68000030517578,87.83999633789062,7058.0
204.8800048828125,57.040000915527344,7059.0
136.39999389648438,87.63999938964844,7060.0
103.44000244140624,57.15999984741211,7061.0
57.68000030517578,57.0,7062.0
88.68000030517578,88.08000183105469,7063.0
228.3999938964844,87.76000213623047,7064.0
41.20000076293945,140.72000122070312,7065.0
169.47999572753906,56.84000015258789,7066.0
36.84000015258789,87.08000183105469,7067.0
76.04000091552734,87.63999938964844,7068.0
138.0,87.68000030517578,7069.0
0.0,87.63999938964844,7070.0
236.3600006103516,87.16000366210938,7071.0
52.79999923706055,87.23999786376953,7072.0
237.63999938964844,87.5999984741211,7073.0
237.67999267578125,87.23999786376953,7074.0
56.84000015258789,57.040000915527344,7075.0
124.12000274658205,138.63999938964844,7076.0
48.400001525878906,139.0800018310547,7077.0
33.0,56.84000015258789,7078.0
83.72000122070312,87.31999969482422,7079.0
3.559999942779541,57.20000076293945,7080.0
97.36000061035156,86.76000213623047,7081.0
95.76000213623048,138.9199981689453,7082.0
92.68000030517578,57.119998931884766,7083.0
51.2400016784668,87.4000015258789,7084.0
95.91999816894533,56.68000030517578,7085.0
0.0,56.560001373291016,7086.0
97.95999908447266,56.880001068115234,7087.0
41.52000045776367,87.23999786376953,7088.0
237.3600006103516,57.36000061035156,7089.0
109.8000030517578,86.36000061035156,7090.0
238.5200042724609,87.4000015258789,7091.0
109.16000366210938,85.76000213623047,7092.0
115.23999786376952,86.68000030517578,7093.0
128.67999267578125,86.83999633789062,7094.0
103.72000122070312,86.31999969482422,7095.0
68.36000061035156,234.6000061035156,7096.0
0.0,86.76000213623047,7097.0
238.9600067138672,87.31999969482422,7098.0
179.27999877929688,87.55999755859375,7099.0
120.4000015258789,87.31999969482422,7100.0
108.83999633789062,87.08000183105469,7101.0
205.67999267578125,86.76000213623047,7102.0
35.279998779296875,86.83999633789062,7103.0
29.799999237060547,87.31999969482422,7104.0
81.95999908447266,87.31999969482422,7105.0
141.32000732421875,87.12000274658203,7106.0
41.84000015258789,87.27999877929688,7107.0
107.55999755859376,86.95999908447266,7108.0
201.27999877929688,87.23999786376953,7109.0
237.5200042724609,87.4000015258789,7110.0
230.55999755859372,87.36000061035156,7111.0
56.2400016784668,87.72000122070312,7112.0
50.63999938964844,87.12000274658203,7113.0
103.4000015258789,49.400001525878906,7114.0
101.27999877929688,87.55999755859375,7115.0
100.55999755859376,87.4000015258789,7116.0
131.8800048828125,87.4000015258789,7117.0
194.32000732421875,87.68000030517578,7118.0
156.72000122070312,87.16000366210938,7119.0
47.31999969482422,53.040000915527344,7120.0
44.2400016784668,87.5199966430664,7121.0
12.800000190734863,109.8000030517578,7122.0
52.720001220703125,87.55999755859375,7123.0
213.32000732421875,109.4000015258789,7124.0
52.720001220703125,118.36000061035156,7125.0
95.4000015258789,52.7599983215332,7126.0
36.36000061035156,87.80000305175781,7127.0
4.519999980926514,87.63999938964844,7128.0
94.4800033569336,52.400001525878906,7129.0
104.68000030517578,114.91999816894533,7130.0
144.9199981689453,157.0800018310547,7131.0
99.87999725341795,87.4000015258789,7132.0
136.1199951171875,118.8000030517578,7133.0
98.44000244140624,155.8000030517578,7134.0
129.0,230.3600006103516,7135.0
88.36000061035156,48.84000015258789,7136.0
38.119998931884766,49.08000183105469,7137.0
111.91999816894533,48.27999877929688,7138.0
0.0,48.20000076293945,7139.0
218.67999267578125,48.27999877929688,7140.0
153.0,49.119998931884766,7141.0
88.36000061035156,52.560001373291016,7142.0
56.040000915527344,229.9600067138672,7143.0
198.16000366210935,52.720001220703125,7144.0
104.68000030517578,230.47999572753903,7145.0
94.8000030517578,56.84000015258789,7146.0
99.08000183105467,56.31999969482422,7147.0
112.04000091552734,57.040000915527344,7148.0
112.36000061035156,85.44000244140625,7149.0
200.9600067138672,56.36000061035156,7150.0
28.520000457763672,54.0,7151.0
36.880001068115234,54.36000061035156,7152.0
41.0,55.880001068115234,7153.0
94.44000244140624,55.47999954223633,7154.0
94.44000244140624,55.880001068115234,7155.0
85.68000030517578,55.31999969482422,7156.0
212.0399932861328,86.5999984741211,7157.0
112.68000030517578,56.720001220703125,7158.0
109.31999969482422,85.27999877929688,7159.0
84.19999694824219,56.720001220703125,7160.0
80.0,52.84000015258789,7161.0
109.31999969482422,56.400001525878906,7162.0
108.36000061035156,52.63999938964844,7163.0
56.400001525878906,56.040000915527344,7164.0
35.880001068115234,53.59999847412109,7165.0
98.31999969482422,53.79999923706055,7166.0
111.44000244140624,54.040000915527344,7167.0
121.72000122070312,53.43999862670898,7168.0
120.83999633789062,54.27999877929688,7169.0
108.04000091552734,53.52000045776367,7170.0
210.3999938964844,53.959999084472656,7171.0
37.15999984741211,54.91999816894531,7172.0
120.72000122070312,53.43999862670898,7173.0
199.8800048828125,55.2400016784668,7174.0
108.1999969482422,54.52000045776367,7175.0
99.27999877929688,55.119998931884766,7176.0
107.55999755859376,55.08000183105469,7177.0
98.27999877929688,55.08000183105469,7178.0
126.76000213623048,54.43999862670898,7179.0
86.0,55.2400016784668,7180.0
82.31999969482422,54.52000045776367,7181.0
104.36000061035156,54.7599983215332,7182.0
100.83999633789062,54.47999954223633,7183.0
104.1999969482422,54.91999816894531,7184.0
54.47999954223633,54.36000061035156,7185.0
112.5999984741211,53.68000030517578,7186.0
54.7599983215332,53.79999923706055,7187.0
87.08000183105469,222.9199981689453,7188.0
236.44000244140625,54.040000915527344,7189.0
52.36000061035156,222.6000061035156,7190.0
35.880001068115234,223.8000030517578,7191.0
237.72000122070312,223.32000732421875,7192.0
237.67999267578125,53.63999938964844,7193.0
8.199999809265137,53.47999954223633,7194.0
0.0,53.560001373291016,7195.0
108.8000030517578,81.4000015258789,7196.0
27.76000022888184,53.59999847412109,7197.0
92.87999725341795,81.55999755859375,7198.0
24.84000015258789,53.47999954223633,7199.0
146.16000366210938,53.720001220703125,7200.0
57.08000183105469,53.31999969482422,7201.0
169.55999755859375,235.1199951171875,7202.0
79.12000274658203,124.5999984741211,7203.0
23.280000686645508,235.0,7204.0
83.87999725341797,82.16000366210938,7205.0
122.5999984741211,53.36000061035156,7206.0
105.4000015258789,54.59999847412109,7207.0
180.0800018310547,55.47999954223633,7208.0
128.1199951171875,54.43999862670898,7209.0
215.1999969482422,55.2400016784668,7210.0
26.799999237060547,53.720001220703125,7211.0
209.8000030517578,54.36000061035156,7212.0
94.12000274658205,53.560001373291016,7213.0
54.52000045776367,54.0,7214.0
120.68000030517578,53.959999084472656,7215.0
50.91999816894531,54.20000076293945,7216.0
33.959999084472656,54.0,7217.0
119.0,54.119998931884766,7218.0
101.8000030517578,53.880001068115234,7219.0
40.040000915527344,54.2400016784668,7220.0
206.47999572753903,54.0,7221.0
42.79999923706055,53.84000015258789,7222.0
145.0800018310547,53.79999923706055,7223.0
215.44000244140625,54.040000915527344,7224.0
115.72000122070312,54.15999984741211,7225.0
214.67999267578125,53.400001525878906,7226.0
119.72000122070312,53.400001525878906,7227.0
81.31999969482422,53.400001525878906,7228.0
8.399999618530273,53.20000076293945,7229.0
30.600000381469727,53.400001525878906,7230.0
209.6000061035156,52.91999816894531,7231.0
55.720001220703125,53.36000061035156,7232.0
79.72000122070312,53.47999954223633,7233.0
239.0,123.87999725341795,7234.0
107.87999725341795,52.7599983215332,7235.0
106.87999725341795,123.95999908447266,7236.0
46.43999862670898,53.08000183105469,7237.0
41.31999969482422,53.560001373291016,7238.0
88.08000183105469,53.720001220703125,7239.0
49.15999984741211,53.84000015258789,7240.0
115.87999725341795,53.880001068115234,7241.0
53.84000015258789,53.68000030517578,7242.0
4.199999809265137,55.79999923706055,7243.0
137.55999755859375,123.63999938964844,7244.0
41.0,56.7599983215332,7245.0
0.0,53.7599983215332,7246.0
0.0,56.68000030517578,7247.0
0.0,56.43999862670898,7248.0
101.16000366210938,56.91999816894531,7249.0
139.24000549316406,56.560001373291016,7250.0
138.44000244140625,57.0,7251.0
225.3600006103516,56.79999923706055,7252.0
236.2400054931641,57.119998931884766,7253.0
28.559999465942383,57.119998931884766,7254.0
103.8000030517578,57.119998931884766,7255.0
107.4800033569336,56.36000061035156,7256.0
32.439998626708984,57.0,7257.0
4.480000019073486,124.87999725341795,7258.0
31.399999618530277,84.19999694824219,7259.0
180.72000122070312,56.040000915527344,7260.0
239.16000366210935,56.84000015258789,7261.0
0.0,55.47999954223633,7262.0
238.6000061035156,80.16000366210938,7263.0
46.47999954223633,55.20000076293945,7264.0
0.0,80.23999786376953,7265.0
83.4000015258789,79.95999908447266,7266.0
88.36000061035156,80.31999969482422,7267.0
239.0,79.95999908447266,7268.0
41.52000045776367,79.08000183105469,7269.0
222.0399932861328,80.0,7270.0
118.44000244140624,53.91999816894531,7271.0
35.560001373291016,80.04000091552734,7272.0
34.279998779296875,54.040000915527344,7273.0
110.44000244140624,79.72000122070312,7274.0
107.72000122070312,84.36000061035156,7275.0
28.15999984741211,80.12000274658203,7276.0
182.47999572753903,80.12000274658203,7277.0
107.23999786376952,80.08000183105469,7278.0
38.43999862670898,80.12000274658203,7279.0
30.63999938964844,52.91999816894531,7280.0
105.0,53.959999084472656,7281.0
84.23999786376953,53.720001220703125,7282.0
29.8799991607666,226.67999267578125,7283.0
0.0,53.560001373291016,7284.0
201.16000366210935,227.2400054931641,7285.0
37.91999816894531,53.20000076293945,7286.0
10.4399995803833,81.04000091552734,7287.0
130.8000030517578,81.0,7288.0
37.400001525878906,81.04000091552734,7289.0
207.27999877929688,165.72000122070312,7290.0
113.95999908447266,81.23999786376953,7291.0
0.0,166.16000366210938,7292.0
114.63999938964844,80.68000030517578,7293.0
14.760000228881836,80.44000244140625,7294.0
12.800000190734863,80.27999877929688,7295.0
94.76000213623048,80.27999877929688,7296.0
26.399999618530277,166.27999877929688,7297.0
165.47999572753906,229.9600067138672,7298.0
0.0,79.87999725341797,7299.0
0.0,165.55999755859375,7300.0
104.5199966430664,80.76000213623047,7301.0
141.9600067138672,89.12000274658203,7302.0
3.4800000190734863,57.52000045776367,7303.0
213.3999938964844,165.75999450683594,7304.0
123.55999755859376,57.2400016784668,7305.0
38.7599983215332,55.59999847412109,7306.0
109.95999908447266,56.27999877929688,7307.0
200.8800048828125,89.08000183105469,7308.0
85.83999633789062,89.4800033569336,7309.0
54.43999862670898,88.5999984741211,7310.0
200.2400054931641,89.0,7311.0
52.20000076293945,88.87999725341797,7312.0
23.399999618530277,89.31999969482422,7313.0
37.36000061035156,89.0,7314.0
83.87999725341797,89.12000274658203,7315.0
204.3999938964844,89.12000274658203,7316.0
83.23999786376953,89.08000183105469,7317.0
124.4800033569336,119.87999725341795,7318.0
156.0399932861328,119.8000030517578,7319.0
110.76000213623048,87.95999908447266,7320.0
50.959999084472656,52.119998931884766,7321.0
67.44000244140625,89.12000274658203,7322.0
31.15999984741211,227.3999938964844,7323.0
122.95999908447266,88.95999908447266,7324.0
80.83999633789062,89.08000183105469,7325.0
218.0,89.08000183105469,7326.0
46.880001068115234,228.8800048828125,7327.0
99.08000183105467,229.16000366210935,7328.0
36.20000076293945,229.16000366210935,7329.0
47.59999847412109,229.47999572753903,7330.0
45.68000030517578,82.63999938964844,7331.0
0.0,53.20000076293945,7332.0
52.84000015258789,228.3999938964844,7333.0
228.72000122070312,53.560001373291016,7334.0
238.9600067138672,120.68000030517578,7335.0
35.880001068115234,109.91999816894533,7336.0
115.23999786376952,120.72000122070312,7337.0
35.880001068115234,121.04000091552734,7338.0
106.23999786376952,85.16000366210938,7339.0
99.91999816894533,121.95999908447266,7340.0
0.0,135.24000549316406,7341.0
48.040000915527344,84.5999984741211,7342.0
50.959999084472656,109.83999633789062,7343.0
112.23999786376952,132.83999633789062,7344.0
62.119998931884766,123.63999938964844,7345.0
174.67999267578125,85.5199966430664,7346.0
89.83999633789062,86.23999786376953,7347.0
238.63999938964844,227.63999938964844,7348.0
38.52000045776367,58.20000076293945,7349.0
0.0,228.32000732421875,7350.0
43.880001068115234,58.0,7351.0
40.52000045776367,57.36000061035156,7352.0
236.72000122070312,57.63999938964844,7353.0
56.08000183105469,103.87999725341795,7354.0
56.36000061035156,104.12000274658205,7355.0
113.63999938964844,87.44000244140625,7356.0
224.67999267578125,103.55999755859376,7357.0
36.36000061035156,133.52000427246094,7358.0
33.63999938964844,133.8800048828125,7359.0
224.44000244140625,133.83999633789062,7360.0
159.83999633789062,227.1999969482422,7361.0
49.0,227.27999877929688,7362.0
125.36000061035156,133.8800048828125,7363.0
200.32000732421875,56.08000183105469,7364.0
37.63999938964844,56.040000915527344,7365.0
198.16000366210935,56.08000183105469,7366.0
33.0,55.7599983215332,7367.0
120.4000015258789,54.79999923706055,7368.0
128.44000244140625,55.43999862670898,7369.0
40.27999877929688,88.16000366210938,7370.0
233.55999755859372,52.720001220703125,7371.0
128.9600067138672,235.63999938964844,7372.0
83.23999786376953,89.12000274658203,7373.0
121.68000030517578,103.4000015258789,7374.0
95.5999984741211,52.36000061035156,7375.0
93.16000366210938,236.1199951171875,7376.0
56.36000061035156,89.36000061035156,7377.0
55.560001373291016,89.63999938964844,7378.0
215.63999938964844,88.68000030517578,7379.0
139.39999389648438,79.16000366210938,7380.0
124.5199966430664,80.23999786376953,7381.0
236.3999938964844,82.80000305175781,7382.0
223.0,80.5199966430664,7383.0
27.399999618530277,82.0,7384.0
97.0,79.76000213623047,7385.0
30.440000534057617,80.36000061035156,7386.0
45.36000061035156,80.31999969482422,7387.0
239.0399932861328,80.08000183105469,7388.0
238.55999755859372,161.75999450683594,7389.0
215.3999938964844,141.83999633789062,7390.0
0.0,16.600000381469727,7391.0
179.8000030517578,164.0399932861328,7392.0
120.72000122070312,17.440000534057617,7393.0
91.5199966430664,163.16000366210938,7394.0
164.9199981689453,80.12000274658203,7395.0
28.63999938964844,127.44000244140624,7396.0
28.0,80.08000183105469,7397.0
87.55999755859375,64.36000061035156,7398.0
41.63999938964844,64.76000213623047,7399.0
40.36000061035156,64.55999755859375,7400.0
111.4000015258789,64.80000305175781,7401.0
105.83999633789062,64.76000213623047,7402.0
108.5199966430664,65.12000274658203,7403.0
176.39999389648438,67.08000183105469,7404.0
182.1999969482422,67.83999633789062,7405.0
176.8000030517578,68.5999984741211,7406.0
52.20000076293945,68.27999877929688,7407.0
0.0,186.83999633789065,7408.0
108.87999725341795,67.19999694824219,7409.0
0.0,52.84000015258789,7410.0
149.32000732421875,53.959999084472656,7411.0
165.0,89.31999969482422,7412.0
82.80000305175781,58.36000061035156,7413.0
41.0,123.91999816894533,7414.0
81.19999694824219,123.55999755859376,7415.0
40.119998931884766,80.4000015258789,7416.0
0.0,124.0,7417.0
8.680000305175781,80.0,7418.0
138.9199981689453,170.44000244140625,7419.0
99.87999725341795,80.12000274658203,7420.0
7.639999866485596,141.1999969482422,7421.0
231.0800018310547,79.72000122070312,7422.0
34.15999984741211,141.1999969482422,7423.0
239.0800018310547,39.560001373291016,7424.0
43.2400016784668,123.91999816894533,7425.0
126.16000366210938,120.36000061035156,7426.0
238.67999267578125,124.87999725341795,7427.0
238.72000122070312,185.0800018310547,7428.0
239.0800018310547,79.08000183105469,7429.0
53.52000045776367,54.20000076293945,7430.0
238.5200042724609,0.0,7431.0
125.0,0.0,7432.0
165.67999267578125,0.0,7433.0
239.0800018310547,91.08000183105467,7434.0
238.44000244140625,0.0,7435.0
124.72000122070312,89.95999908447266,7436.0
119.72000122070312,124.87999725341795,7437.0
43.040000915527344,93.0,7438.0
42.0,80.12000274658203,7439.0
215.44000244140625,85.08000183105469,7440.0
41.63999938964844,5.679999828338623,7441.0
42.27999877929688,85.19999694824219,7442.0
113.95999908447266,85.44000244140625,7443.0
107.76000213623048,94.44000244140624,7444.0
38.119998931884766,84.91999816894531,7445.0
194.72000122070312,93.95999908447266,7446.0
102.76000213623048,94.76000213623048,7447.0
107.55999755859376,83.4000015258789,7448.0
37.560001373291016,93.8000030517578,7449.0
0.0,230.27999877929688,7450.0
205.16000366210935,105.68000030517578,7451.0
38.7599983215332,231.9600067138672,7452.0
130.27999877929688,105.36000061035156,7453.0
121.0,232.1999969482422,7454.0
237.8000030517578,107.91999816894533,7455.0
93.95999908447266,79.0,7456.0
44.59999847412109,81.36000061035156,7457.0
99.5999984741211,107.27999877929688,7458.0
102.4800033569336,107.91999816894533,7459.0
119.72000122070312,107.55999755859376,7460.0
99.08000183105467,108.04000091552734,7461.0
100.5199966430664,221.8800048828125,7462.0
140.24000549316406,107.87999725341795,7463.0
29.520000457763672,107.8000030517578,7464.0
41.47999954223633,86.5199966430664,7465.0
113.95999908447266,108.31999969482422,7466.0
177.83999633789062,1.0399999618530271,7467.0
105.31999969482422,0.0,7468.0
30.440000534057617,86.12000274658203,7469.0
0.0,0.0,7470.0
108.1999969482422,0.0,7471.0
33.63999938964844,2.0799999237060547,7472.0
124.87999725341795,123.68000030517578,7473.0
121.63999938964844,84.31999969482422,7474.0
125.95999908447266,0.0,7475.0
49.2400016784668,187.8000030517578,7476.0
47.08000183105469,83.5999984741211,7477.0
106.0,0.0,7478.0
0.0,83.5999984741211,7479.0
238.16000366210935,56.119998931884766,7480.0
0.0,123.55999755859376,7481.0
146.0399932861328,82.95999908447266,7482.0
0.0,187.72000122070312,7483.0
35.880001068115234,123.23999786376952,7484.0
0.0,83.5999984741211,7485.0
85.16000366210938,107.95999908447266,7486.0
82.27999877929688,123.87999725341795,7487.0
57.63999938964844,107.27999877929688,7488.0
97.68000030517578,108.55999755859376,7489.0
55.20000076293945,108.55999755859376,7490.0
117.5199966430664,108.5999984741211,7491.0
43.91999816894531,108.31999969482422,7492.0
117.83999633789062,108.5199966430664,7493.0
27.399999618530277,108.55999755859376,7494.0
0.0,144.0800018310547,7495.0
45.59999847412109,145.0,7496.0
4.480000019073486,108.5199966430664,7497.0
38.63999938964844,82.91999816894531,7498.0
75.44000244140625,108.31999969482422,7499.0
38.27999877929688,54.59999847412109,7500.0
39.560001373291016,55.400001525878906,7501.0
37.08000183105469,54.47999954223633,7502.0
39.720001220703125,55.43999862670898,7503.0
238.1999969482422,54.47999954223633,7504.0
41.040000915527344,55.400001525878906,7505.0
40.880001068115234,54.720001220703125,7506.0
98.0,55.20000076293945,7507.0
121.31999969482422,54.880001068115234,7508.0
64.72000122070312,54.119998931884766,7509.0
55.720001220703125,53.68000030517578,7510.0
213.0399932861328,52.91999816894531,7511.0
79.72000122070312,53.43999862670898,7512.0
55.2400016784668,53.63999938964844,7513.0
90.1999969482422,53.880001068115234,7514.0
111.27999877929688,53.47999954223633,7515.0
103.76000213623048,52.7599983215332,7516.0
225.5200042724609,144.8000030517578,7517.0
0.1199999973177909,52.68000030517578,7518.0
55.720001220703125,52.68000030517578,7519.0
133.72000122070312,52.68000030517578,7520.0
42.27999877929688,52.47999954223633,7521.0
237.3600006103516,52.79999923706055,7522.0
95.4000015258789,52.43999862670898,7523.0
43.2400016784668,52.959999084472656,7524.0
128.9199981689453,52.63999938964844,7525.0
108.5199966430664,52.7599983215332,7526.0
50.27999877929688,52.63999938964844,7527.0
22.1200008392334,53.0,7528.0
52.2400016784668,53.20000076293945,7529.0
98.1999969482422,53.79999923706055,7530.0
118.83999633789062,53.36000061035156,7531.0
236.44000244140625,53.0,7532.0
36.47999954223633,53.08000183105469,7533.0
211.75999450683597,52.84000015258789,7534.0
205.72000122070312,53.0,7535.0
83.87999725341797,53.31999969482422,7536.0
117.27999877929688,53.15999984741211,7537.0
179.9199981689453,144.8800048828125,7538.0
134.32000732421875,53.31999969482422,7539.0
117.8000030517578,53.0,7540.0
183.72000122070312,53.68000030517578,7541.0
102.4800033569336,53.59999847412109,7542.0
112.83999633789062,53.720001220703125,7543.0
113.68000030517578,53.720001220703125,7544.0
30.76000022888184,53.47999954223633,7545.0
108.04000091552734,53.43999862670898,7546.0
172.24000549316406,53.560001373291016,7547.0
38.15999984741211,53.79999923706055,7548.0
24.71999931335449,53.84000015258789,7549.0
111.36000061035156,53.79999923706055,7550.0
201.0399932861328,54.59999847412109,7551.0
121.04000091552734,53.47999954223633,7552.0
29.600000381469727,54.27999877929688,7553.0
31.1200008392334,54.2400016784668,7554.0
101.12000274658205,53.63999938964844,7555.0
127.76000213623048,53.68000030517578,7556.0
139.55999755859375,53.27999877929688,7557.0
34.279998779296875,53.79999923706055,7558.0
235.83999633789065,53.08000183105469,7559.0
239.16000366210935,53.15999984741211,7560.0
205.5200042724609,53.31999969482422,7561.0
109.8000030517578,53.79999923706055,7562.0
18.479999542236328,53.47999954223633,7563.0
31.799999237060547,53.63999938964844,7564.0
167.36000061035156,53.79999923706055,7565.0
26.63999938964844,53.63999938964844,7566.0
31.71999931335449,53.59999847412109,7567.0
37.15999984741211,53.20000076293945,7568.0
131.55999755859375,53.47999954223633,7569.0
51.59999847412109,53.400001525878906,7570.0
37.79999923706055,98.5199966430664,7571.0
52.08000183105469,98.4800033569336,7572.0
28.200000762939453,53.47999954223633,7573.0
0.0,53.400001525878906,7574.0
30.280000686645508,53.47999954223633,7575.0
55.68000030517578,53.31999969482422,7576.0
0.0,52.84000015258789,7577.0
37.47999954223633,52.91999816894531,7578.0
141.52000427246094,52.79999923706055,7579.0
38.43999862670898,53.0,7580.0
85.16000366210938,52.91999816894531,7581.0
137.83999633789062,52.59999847412109,7582.0
98.91999816894533,55.880001068115234,7583.0
0.0,52.7599983215332,7584.0
133.0,52.720001220703125,7585.0
33.0,52.84000015258789,7586.0
234.9199981689453,52.63999938964844,7587.0
108.5199966430664,78.4000015258789,7588.0
54.43999862670898,213.2400054931641,7589.0
94.4800033569336,98.27999877929688,7590.0
110.4800033569336,97.68000030517578,7591.0
92.83999633789062,205.32000732421875,7592.0
93.04000091552734,98.12000274658205,7593.0
222.1999969482422,59.20000076293945,7594.0
92.83999633789062,57.84000015258789,7595.0
92.44000244140624,56.91999816894531,7596.0
33.63999938964844,50.52000045776367,7597.0
82.5999984741211,51.400001525878906,7598.0
238.9600067138672,56.68000030517578,7599.0
194.67999267578125,145.36000061035156,7600.0
202.9600067138672,56.880001068115234,7601.0
26.959999084472656,55.720001220703125,7602.0
93.12000274658205,54.59999847412109,7603.0
38.84000015258789,56.68000030517578,7604.0
168.39999389648438,55.84000015258789,7605.0
112.36000061035156,98.44000244140624,7606.0
201.3999938964844,150.1199951171875,7607.0
78.44000244140625,150.0399932861328,7608.0
156.9199981689453,150.75999450683594,7609.0
80.23999786376953,150.47999572753906,7610.0
113.72000122070312,150.8000030517578,7611.0
78.80000305175781,150.44000244140625,7612.0
131.63999938964844,150.72000122070312,7613.0
118.27999877929688,150.52000427246094,7614.0
119.55999755859376,150.83999633789062,7615.0
100.55999755859376,150.83999633789062,7616.0
133.47999572753906,210.6000061035156,7617.0
4.360000133514404,151.0800018310547,7618.0
0.0,170.75999450683594,7619.0
57.63999938964844,170.55999755859375,7620.0
0.0,170.8000030517578,7621.0
95.08000183105467,170.27999877929688,7622.0
94.23999786376952,170.60000610351562,7623.0
38.7599983215332,170.1199951171875,7624.0
184.2400054931641,170.24000549316406,7625.0
86.80000305175781,170.16000366210938,7626.0
81.31999969482422,170.1999969482422,7627.0
141.67999267578125,170.1199951171875,7628.0
105.1999969482422,0.0,7629.0
15.720000267028809,0.0,7630.0
141.16000366210938,211.16000366210935,7631.0
204.9600067138672,211.32000732421875,7632.0
0.0,170.39999389648438,7633.0
0.0,211.72000122070312,7634.0
97.68000030517578,141.52000427246094,7635.0
237.0,53.08000183105469,7636.0
142.0,141.55999755859375,7637.0
233.75999450683597,108.87999725341795,7638.0
101.8000030517578,234.0800018310547,7639.0
199.9199981689453,141.55999755859375,7640.0
101.8000030517578,234.83999633789065,7641.0
37.52000045776367,142.0800018310547,7642.0
195.47999572753903,234.83999633789065,7643.0
170.1199951171875,235.3999938964844,7644.0
170.8000030517578,97.76000213623048,7645.0
118.63999938964844,97.31999969482422,7646.0
0.0,235.47999572753903,7647.0
92.83999633789062,144.32000732421875,7648.0
238.3600006103516,0.0,7649.0
20.36000061035156,143.63999938964844,7650.0
0.0,0.0,7651.0
68.87999725341797,141.52000427246094,7652.0
98.0,144.39999389648438,7653.0
73.36000061035156,58.20000076293945,7654.0
232.0800018310547,59.0,7655.0
25.200000762939453,59.43999862670898,7656.0
0.0,59.0,7657.0
197.8800048828125,58.959999084472656,7658.0
195.9199981689453,58.79999923706055,7659.0
110.76000213623048,185.75999450683597,7660.0
238.0399932861328,58.36000061035156,7661.0
231.75999450683597,58.0,7662.0
238.67999267578125,58.400001525878906,7663.0
0.0,58.36000061035156,7664.0
89.95999908447266,58.720001220703125,7665.0
238.32000732421875,58.43999862670898,7666.0
96.68000030517578,58.84000015258789,7667.0
105.16000366210938,93.87999725341795,7668.0
209.0800018310547,93.83999633789062,7669.0
14.960000038146973,93.68000030517578,7670.0
140.8800048828125,97.83999633789062,7671.0
137.44000244140625,93.95999908447266,7672.0
221.55999755859372,98.44000244140624,7673.0
38.400001525878906,144.39999389648438,7674.0
0.0,221.2400054931641,7675.0
123.55999755859376,93.8000030517578,7676.0
168.1199951171875,59.2400016784668,7677.0
114.36000061035156,93.8000030517578,7678.0
206.0,52.63999938964844,7679.0
52.560001373291016,52.91999816894531,7680.0
238.16000366210935,93.5199966430664,7681.0
45.040000915527344,94.0,7682.0
99.23999786376952,52.91999816894531,7683.0
52.84000015258789,59.27999877929688,7684.0
47.27999877929688,53.0,7685.0
114.5999984741211,52.84000015258789,7686.0
96.87999725341795,52.91999816894531,7687.0
97.23999786376952,52.36000061035156,7688.0
51.2400016784668,52.84000015258789,7689.0
124.1999969482422,52.2400016784668,7690.0
28.399999618530277,0.0,7691.0
0.0,51.560001373291016,7692.0
91.31999969482422,0.0,7693.0
43.720001220703125,98.83999633789062,7694.0
45.52000045776367,143.9600067138672,7695.0
36.36000061035156,99.12000274658205,7696.0
202.63999938964844,143.8000030517578,7697.0
234.75999450683597,52.68000030517578,7698.0
0.0,54.2400016784668,7699.0
208.55999755859372,142.44000244140625,7700.0
231.3999938964844,53.59999847412109,7701.0
0.0,142.44000244140625,7702.0
106.5199966430664,53.43999862670898,7703.0
29.479999542236328,53.20000076293945,7704.0
95.23999786376952,53.2400016784668,7705.0
134.0800018310547,53.20000076293945,7706.0
189.16000366210935,52.91999816894531,7707.0
0.0,99.72000122070312,7708.0
37.47999954223633,52.959999084472656,7709.0
78.76000213623047,239.9600067138672,7710.0
0.0,53.2400016784668,7711.0
231.27999877929688,239.9600067138672,7712.0
87.72000122070312,56.79999923706055,7713.0
143.72000122070312,117.83999633789062,7714.0
112.87999725341795,55.2400016784668,7715.0
2.9200000762939453,55.79999923706055,7716.0
238.16000366210935,54.47999954223633,7717.0
29.520000457763672,55.43999862670898,7718.0
0.0,56.63999938964844,7719.0
236.3999938964844,56.68000030517578,7720.0
92.63999938964844,56.68000030517578,7721.0
36.52000045776367,145.47999572753906,7722.0
38.15999984741211,56.84000015258789,7723.0
20.239999771118164,0.0,7724.0
238.8000030517578,57.59999847412109,7725.0
96.68000030517578,98.91999816894533,7726.0
179.24000549316406,56.68000030517578,7727.0
237.5200042724609,56.880001068115234,7728.0
238.67999267578125,146.1199951171875,7729.0
179.55999755859375,56.7599983215332,7730.0
220.8800048828125,54.84000015258789,7731.0
94.44000244140624,56.68000030517578,7732.0
47.119998931884766,92.4000015258789,7733.0
238.67999267578125,55.119998931884766,7734.0
48.880001068115234,55.119998931884766,7735.0
35.599998474121094,55.119998931884766,7736.0
49.36000061035156,54.7599983215332,7737.0
62.119998931884766,54.15999984741211,7738.0
96.68000030517578,54.52000045776367,7739.0
141.16000366210938,55.400001525878906,7740.0
217.3600006103516,54.79999923706055,7741.0
161.9199981689453,54.47999954223633,7742.0
56.36000061035156,54.959999084472656,7743.0
87.63999938964844,55.560001373291016,7744.0
105.68000030517578,55.43999862670898,7745.0
116.1999969482422,55.400001525878906,7746.0
223.32000732421875,55.15999984741211,7747.0
136.67999267578125,55.59999847412109,7748.0
233.1999969482422,55.2400016784668,7749.0
85.16000366210938,55.43999862670898,7750.0
238.9199981689453,55.7599983215332,7751.0
238.47999572753903,64.16000366210938,7752.0
239.9600067138672,56.31999969482422,7753.0
127.16000366210938,56.119998931884766,7754.0
238.0,55.7599983215332,7755.0
144.36000061035156,56.68000030517578,7756.0
94.1999969482422,55.119998931884766,7757.0
93.16000366210938,56.79999923706055,7758.0
42.31999969482422,55.15999984741211,7759.0
94.44000244140624,55.91999816894531,7760.0
136.67999267578125,54.91999816894531,7761.0
104.31999969482422,53.31999969482422,7762.0
136.67999267578125,55.15999984741211,7763.0
128.55999755859375,54.08000183105469,7764.0
185.83999633789065,54.15999984741211,7765.0
237.3600006103516,54.43999862670898,7766.0
102.8000030517578,54.91999816894531,7767.0
103.5999984741211,54.959999084472656,7768.0
103.72000122070312,55.560001373291016,7769.0
30.8799991607666,54.959999084472656,7770.0
142.8800048828125,55.08000183105469,7771.0
104.36000061035156,55.63999938964844,7772.0
180.63999938964844,55.27999877929688,7773.0
105.63999938964844,55.20000076293945,7774.0
105.4000015258789,55.880001068115234,7775.0
105.87999725341795,54.959999084472656,7776.0
104.87999725341795,1.0399999618530271,7777.0
25.600000381469727,54.63999938964844,7778.0
225.67999267578125,146.9199981689453,7779.0
118.1999969482422,54.7599983215332,7780.0
4.559999942779541,53.720001220703125,7781.0
153.60000610351562,55.84000015258789,7782.0
210.63999938964844,54.47999954223633,7783.0
175.75999450683594,55.43999862670898,7784.0
48.68000030517578,55.91999816894531,7785.0
134.27999877929688,52.560001373291016,7786.0
118.4800033569336,54.59999847412109,7787.0
235.9199981689453,129.32000732421875,7788.0
131.39999389648438,184.8000030517578,7789.0
235.8000030517578,53.79999923706055,7790.0
237.8800048828125,140.0399932861328,7791.0
36.91999816894531,204.9199981689453,7792.0
97.16000366210938,78.0,7793.0
2.0799999237060547,204.9199981689453,7794.0
0.0,59.59999847412109,7795.0
87.55999755859375,56.79999923706055,7796.0
86.44000244140625,58.959999084472656,7797.0
123.27999877929688,59.68000030517578,7798.0
115.23999786376952,204.9199981689453,7799.0
228.0800018310547,145.0,7800.0
97.63999938964844,206.1199951171875,7801.0
86.87999725341797,145.16000366210938,7802.0
237.72000122070312,144.9199981689453,7803.0
126.04000091552734,146.0,7804.0
237.9600067138672,144.60000610351562,7805.0
113.36000061035156,145.63999938964844,7806.0
90.0,90.4000015258789,7807.0
78.04000091552734,206.1999969482422,7808.0
58.91999816894531,90.0,7809.0
0.0,90.31999969482422,7810.0
0.0,63.720001220703125,7811.0
36.84000015258789,51.7599983215332,7812.0
0.0,144.8000030517578,7813.0
97.23999786376952,144.8000030517578,7814.0
78.19999694824219,145.0800018310547,7815.0
0.0,53.040000915527344,7816.0
0.0,53.0,7817.0
78.55999755859375,53.880001068115234,7818.0
130.32000732421875,52.7599983215332,7819.0
29.479999542236328,53.7599983215332,7820.0
102.12000274658205,53.15999984741211,7821.0
90.63999938964844,53.720001220703125,7822.0
99.08000183105467,53.880001068115234,7823.0
165.83999633789062,53.720001220703125,7824.0
238.9600067138672,54.119998931884766,7825.0
28.239999771118164,54.119998931884766,7826.0
94.76000213623048,53.79999923706055,7827.0
238.9199981689453,54.040000915527344,7828.0
41.84000015258789,54.36000061035156,7829.0
237.5200042724609,53.959999084472656,7830.0
167.0,56.31999969482422,7831.0
117.31999969482422,54.040000915527344,7832.0
100.5199966430664,56.43999862670898,7833.0
97.04000091552734,97.04000091552734,7834.0
35.880001068115234,54.119998931884766,7835.0
131.72000122070312,96.36000061035156,7836.0
128.1999969482422,54.47999954223633,7837.0
111.87999725341795,95.87999725341795,7838.0
129.9600067138672,53.31999969482422,7839.0
238.1999969482422,140.55999755859375,7840.0
75.87999725341797,143.24000549316406,7841.0
103.1999969482422,53.959999084472656,7842.0
174.27999877929688,57.2400016784668,7843.0
105.31999969482422,56.52000045776367,7844.0
236.8800048828125,145.1199951171875,7845.0
186.0,57.15999984741211,7846.0
231.72000122070312,145.32000732421875,7847.0
150.0,54.59999847412109,7848.0
0.0,145.39999389648438,7849.0
121.83999633789062,53.720001220703125,7850.0
83.87999725341797,57.0,7851.0
84.83999633789062,56.720001220703125,7852.0
0.0,53.08000183105469,7853.0
119.08000183105467,57.2400016784668,7854.0
117.4800033569336,52.91999816894531,7855.0
105.31999969482422,57.15999984741211,7856.0
117.4800033569336,143.52000427246094,7857.0
87.36000061035156,56.720001220703125,7858.0
138.8000030517578,57.31999969482422,7859.0
95.4000015258789,145.67999267578125,7860.0
237.5200042724609,233.5200042724609,7861.0
237.8800048828125,57.79999923706055,7862.0
238.3600006103516,55.91999816894531,7863.0
238.0800018310547,57.2400016784668,7864.0
72.04000091552734,57.63999938964844,7865.0
213.75999450683597,147.44000244140625,7866.0
77.83999633789062,233.16000366210935,7867.0
145.32000732421875,57.31999969482422,7868.0
33.31999969482422,57.959999084472656,7869.0
127.23999786376952,57.31999969482422,7870.0
119.08000183105467,239.9600067138672,7871.0
85.4800033569336,58.040000915527344,7872.0
221.16000366210935,233.75999450683597,7873.0
86.44000244140625,57.720001220703125,7874.0
101.04000091552734,58.119998931884766,7875.0
117.16000366210938,136.75999450683594,7876.0
65.23999786376953,57.959999084472656,7877.0
59.27999877929688,58.08000183105469,7878.0
210.47999572753903,57.91999816894531,7879.0
65.63999938964844,58.0,7880.0
108.8000030517578,57.880001068115234,7881.0
96.44000244140624,58.0,7882.0
109.16000366210938,57.880001068115234,7883.0
153.52000427246094,180.2400054931641,7884.0
187.9600067138672,57.959999084472656,7885.0
39.08000183105469,87.23999786376953,7886.0
107.55999755859376,57.959999084472656,7887.0
237.2400054931641,58.0,7888.0
174.75999450683594,58.27999877929688,7889.0
47.43999862670898,138.24000549316406,7890.0
0.0,138.63999938964844,7891.0
32.36000061035156,57.959999084472656,7892.0
96.68000030517578,59.43999862670898,7893.0
0.0,59.560001373291016,7894.0
84.55999755859375,59.36000061035156,7895.0
226.32000732421875,59.119998931884766,7896.0
237.0399932861328,59.52000045776367,7897.0
238.16000366210935,59.20000076293945,7898.0
0.0,59.959999084472656,7899.0
235.2400054931641,59.959999084472656,7900.0
0.0,59.720001220703125,7901.0
31.399999618530277,59.400001525878906,7902.0
238.3600006103516,59.68000030517578,7903.0
31.959999084472656,58.7599983215332,7904.0
126.36000061035156,143.27999877929688,7905.0
205.6000061035156,58.59999847412109,7906.0
41.36000061035156,144.1999969482422,7907.0
89.36000061035156,59.720001220703125,7908.0
127.31999969482422,234.8000030517578,7909.0
84.80000305175781,58.959999084472656,7910.0
45.560001373291016,237.47999572753903,7911.0
0.0,55.400001525878906,7912.0
102.44000244140624,58.400001525878906,7913.0
95.44000244140624,60.52000045776367,7914.0
95.44000244140624,138.36000061035156,7915.0
0.0,60.31999969482422,7916.0
37.79999923706055,54.119998931884766,7917.0
3.759999990463257,57.959999084472656,7918.0
39.400001525878906,54.47999954223633,7919.0
14.600000381469728,59.560001373291016,7920.0
154.44000244140625,59.59999847412109,7921.0
86.12000274658203,60.08000183105469,7922.0
41.84000015258789,54.63999938964844,7923.0
0.0,58.63999938964844,7924.0
164.32000732421875,55.400001525878906,7925.0
164.60000610351562,53.7599983215332,7926.0
107.55999755859376,53.63999938964844,7927.0
42.68000030517578,53.720001220703125,7928.0
238.8800048828125,216.27999877929688,7929.0
88.72000122070312,54.15999984741211,7930.0
239.0399932861328,61.59999847412109,7931.0
238.8000030517578,62.47999954223633,7932.0
237.32000732421875,54.959999084472656,7933.0
81.68000030517578,62.20000076293945,7934.0
234.9199981689453,55.880001068115234,7935.0
43.560001373291016,62.400001525878906,7936.0
232.0399932861328,55.400001525878906,7937.0
212.55999755859372,62.47999954223633,7938.0
237.8800048828125,185.55999755859372,7939.0
97.8000030517578,54.43999862670898,7940.0
45.15999984741211,107.08000183105467,7941.0
0.0,106.44000244140624,7942.0
231.8800048828125,55.31999969482422,7943.0
231.2400054931641,55.20000076293945,7944.0
137.47999572753906,232.27999877929688,7945.0
94.44000244140624,57.31999969482422,7946.0
234.9600067138672,233.0800018310547,7947.0
235.75999450683597,232.9199981689453,7948.0
94.5999984741211,105.72000122070312,7949.0
235.75999450683597,56.880001068115234,7950.0
33.52000045776367,136.1999969482422,7951.0
238.72000122070312,57.08000183105469,7952.0
113.95999908447266,55.880001068115234,7953.0
195.72000122070312,136.0399932861328,7954.0
98.76000213623048,136.0399932861328,7955.0
98.0,136.72000122070312,7956.0
108.1999969482422,55.400001525878906,7957.0
99.08000183105467,136.44000244140625,7958.0
0.0,55.119998931884766,7959.0
91.16000366210938,0.0,7960.0
73.4800033569336,110.5199966430664,7961.0
118.91999816894533,55.36000061035156,7962.0
200.67999267578125,56.08000183105469,7963.0
89.04000091552734,56.08000183105469,7964.0
88.36000061035156,54.560001373291016,7965.0
215.9199981689453,55.47999954223633,7966.0
88.08000183105469,54.27999877929688,7967.0
120.83999633789062,55.0,7968.0
103.27999877929688,145.63999938964844,7969.0
137.55999755859375,54.27999877929688,7970.0
124.1999969482422,58.400001525878906,7971.0
117.04000091552734,97.36000061035156,7972.0
113.31999969482422,58.0,7973.0
237.8000030517578,97.8000030517578,7974.0
238.0399932861328,236.27999877929688,7975.0
129.32000732421875,53.400001525878906,7976.0
85.80000305175781,58.119998931884766,7977.0
123.55999755859376,54.119998931884766,7978.0
129.55999755859375,90.4800033569336,7979.0
108.55999755859376,236.0399932861328,7980.0
108.83999633789062,57.79999923706055,7981.0
107.23999786376952,236.1199951171875,7982.0
98.72000122070312,57.36000061035156,7983.0
42.31999969482422,236.1199951171875,7984.0
114.27999877929688,235.75999450683597,7985.0
98.76000213623048,236.0399932861328,7986.0
195.3600006103516,184.5200042724609,7987.0
34.599998474121094,235.8000030517578,7988.0
168.0800018310547,235.9600067138672,7989.0
100.36000061035156,54.31999969482422,7990.0
140.1999969482422,137.63999938964844,7991.0
106.95999908447266,138.24000549316406,7992.0
204.75999450683597,135.0399932861328,7993.0
95.72000122070312,98.76000213623048,7994.0
0.0,57.880001068115234,7995.0
122.91999816894533,98.4800033569336,7996.0
131.8800048828125,54.27999877929688,7997.0
83.55999755859375,54.119998931884766,7998.0
82.44000244140625,236.1199951171875,7999.0
107.4800033569336,56.400001525878906,8000.0
92.4000015258789,139.55999755859375,8001.0
238.9600067138672,62.7599983215332,8002.0
127.91999816894533,63.08000183105469,8003.0
101.8000030517578,62.52000045776367,8004.0
108.83999633789062,98.36000061035156,8005.0
54.7599983215332,63.2400016784668,8006.0
51.720001220703125,62.7599983215332,8007.0
103.55999755859376,62.91999816894531,8008.0
237.0800018310547,235.8000030517578,8009.0
83.72000122070312,237.3999938964844,8010.0
126.12000274658205,236.0,8011.0
89.63999938964844,58.84000015258789,8012.0
88.72000122070312,57.15999984741211,8013.0
88.04000091552734,58.0,8014.0
44.20000076293945,138.63999938964844,8015.0
114.31999969482422,98.91999816894533,8016.0
88.36000061035156,235.9600067138672,8017.0
124.4000015258789,58.47999954223633,8018.0
92.68000030517578,237.1999969482422,8019.0
0.0,58.20000076293945,8020.0
36.52000045776367,52.68000030517578,8021.0
232.67999267578125,146.32000732421875,8022.0
119.55999755859376,97.55999755859376,8023.0
230.3999938964844,236.3600006103516,8024.0
180.44000244140625,97.83999633789062,8025.0
231.27999877929688,57.119998931884766,8026.0
41.63999938964844,154.36000061035156,8027.0
231.9600067138672,236.32000732421875,8028.0
39.560001373291016,57.040000915527344,8029.0
92.04000091552734,56.84000015258789,8030.0
93.8000030517578,191.1199951171875,8031.0
52.880001068115234,98.91999816894533,8032.0
222.0,57.47999954223633,8033.0
9.039999961853027,97.31999969482422,8034.0
102.27999877929688,98.91999816894533,8035.0
91.23999786376952,96.44000244140624,8036.0
232.0800018310547,57.119998931884766,8037.0
221.0800018310547,96.1999969482422,8038.0
124.87999725341795,57.27999877929688,8039.0
120.68000030517578,57.2400016784668,8040.0
58.59999847412109,191.16000366210935,8041.0
68.23999786376953,57.63999938964844,8042.0
0.0,57.15999984741211,8043.0
108.23999786376952,57.63999938964844,8044.0
114.95999908447266,56.720001220703125,8045.0
142.60000610351562,57.119998931884766,8046.0
0.0,57.7599983215332,8047.0
0.0,51.959999084472656,8048.0
123.4000015258789,57.31999969482422,8049.0
233.1999969482422,237.3600006103516,8050.0
210.63999938964844,58.400001525878906,8051.0
152.83999633789062,57.79999923706055,8052.0
82.16000366210938,52.31999969482422,8053.0
119.5999984741211,58.720001220703125,8054.0
85.0,52.52000045776367,8055.0
84.19999694824219,63.20000076293945,8056.0
31.440000534057617,149.8000030517578,8057.0
238.0,144.1999969482422,8058.0
29.15999984741211,62.84000015258789,8059.0
99.08000183105467,58.720001220703125,8060.0
94.83999633789062,190.67999267578125,8061.0
236.75999450683597,58.040000915527344,8062.0
93.4800033569336,98.95999908447266,8063.0
233.5200042724609,98.76000213623048,8064.0
105.0,98.95999908447266,8065.0
237.32000732421875,237.72000122070312,8066.0
2.039999961853028,152.72000122070312,8067.0
43.91999816894531,110.4800033569336,8068.0
154.24000549316406,57.68000030517578,8069.0
110.76000213623048,57.79999923706055,8070.0
0.0,57.43999862670898,8071.0
128.83999633789062,98.4800033569336,8072.0
25.15999984741211,110.04000091552734,8073.0
49.040000915527344,98.95999908447266,8074.0
44.040000915527344,110.04000091552734,8075.0
109.16000366210938,153.32000732421875,8076.0
119.72000122070312,239.9600067138672,8077.0
145.8000030517578,151.83999633789062,8078.0
38.7599983215332,238.1999969482422,8079.0
115.23999786376952,238.0399932861328,8080.0
41.119998931884766,97.63999938964844,8081.0
220.3999938964844,152.72000122070312,8082.0
235.9199981689453,153.9600067138672,8083.0
237.67999267578125,239.9600067138672,8084.0
21.84000015258789,109.8000030517578,8085.0
86.0,57.040000915527344,8086.0
140.55999755859375,110.12000274658205,8087.0
142.8000030517578,153.0,8088.0
129.83999633789062,110.44000244140624,8089.0
86.63999938964844,110.5999984741211,8090.0
51.2400016784668,110.63999938964844,8091.0
90.27999877929688,57.2400016784668,8092.0
238.67999267578125,57.2400016784668,8093.0
183.72000122070312,57.91999816894531,8094.0
54.63999938964844,56.880001068115234,8095.0
71.72000122070312,57.68000030517578,8096.0
83.23999786376953,57.0,8097.0
238.5200042724609,57.79999923706055,8098.0
119.08000183105467,58.7599983215332,8099.0
92.68000030517578,59.2400016784668,8100.0
96.04000091552734,59.08000183105469,8101.0
200.9199981689453,59.400001525878906,8102.0
202.9600067138672,58.68000030517578,8103.0
167.24000549316406,59.560001373291016,8104.0
96.16000366210938,59.63999938964844,8105.0
31.71999931335449,59.560001373291016,8106.0
99.91999816894533,59.560001373291016,8107.0
36.52000045776367,98.5999984741211,8108.0
38.27999877929688,59.47999954223633,8109.0
98.44000244140624,101.8000030517578,8110.0
41.36000061035156,59.08000183105469,8111.0
157.44000244140625,59.08000183105469,8112.0
100.1999969482422,153.72000122070312,8113.0
30.71999931335449,58.84000015258789,8114.0
112.83999633789062,99.27999877929688,8115.0
132.1199951171875,98.95999908447266,8116.0
51.0,97.23999786376952,8117.0
35.2400016784668,98.36000061035156,8118.0
49.84000015258789,97.4000015258789,8119.0
122.91999816894533,97.8000030517578,8120.0
31.239999771118164,100.0,8121.0
113.68000030517578,60.68000030517578,8122.0
120.68000030517578,60.560001373291016,8123.0
42.79999923706055,112.36000061035156,8124.0
96.68000030517578,111.04000091552734,8125.0
0.0,100.8000030517578,8126.0
0.0,100.1999969482422,8127.0
89.63999938964844,61.27999877929688,8128.0
88.72000122070312,54.2400016784668,8129.0
90.12000274658205,60.2400016784668,8130.0
98.12000274658205,54.040000915527344,8131.0
88.83999633789062,54.119998931884766,8132.0
96.27999877929688,53.560001373291016,8133.0
45.20000076293945,99.63999938964844,8134.0
22.280000686645508,53.880001068115234,8135.0
80.68000030517578,54.27999877929688,8136.0
0.0,54.36000061035156,8137.0
41.36000061035156,59.2400016784668,8138.0
97.55999755859376,59.040000915527344,8139.0
0.0,59.040000915527344,8140.0
183.27999877929688,59.36000061035156,8141.0
97.31999969482422,53.68000030517578,8142.0
239.1199951171875,59.68000030517578,8143.0
0.0,53.959999084472656,8144.0
119.12000274658205,59.68000030517578,8145.0
33.0,54.119998931884766,8146.0
238.9600067138672,146.1999969482422,8147.0
41.68000030517578,59.36000061035156,8148.0
90.12000274658205,95.12000274658205,8149.0
231.6000061035156,169.16000366210938,8150.0
0.0,55.52000045776367,8151.0
85.4800033569336,54.7599983215332,8152.0
51.43999862670898,56.040000915527344,8153.0
97.31999969482422,17.559999465942383,8154.0
0.0,163.16000366210938,8155.0
114.1999969482422,95.12000274658205,8156.0
41.63999938964844,56.720001220703125,8157.0
113.5999984741211,56.84000015258789,8158.0
87.19999694824219,56.47999954223633,8159.0
52.20000076293945,235.16000366210935,8160.0
169.52000427246094,113.8000030517578,8161.0
106.31999969482422,236.0,8162.0
138.8800048828125,61.84000015258789,8163.0
220.55999755859372,235.9199981689453,8164.0
102.76000213623048,236.0399932861328,8165.0
220.1999969482422,236.0,8166.0
131.0800018310547,236.16000366210935,8167.0
110.31999969482422,56.52000045776367,8168.0
128.0399932861328,236.32000732421875,8169.0
94.76000213623048,56.68000030517578,8170.0
3.559999942779541,114.63999938964844,8171.0
238.6000061035156,57.31999969482422,8172.0
51.560001373291016,236.0800018310547,8173.0
109.83999633789062,230.1999969482422,8174.0
87.72000122070312,97.63999938964844,8175.0
130.16000366210938,235.63999938964844,8176.0
98.12000274658205,53.47999954223633,8177.0
236.67999267578125,116.95999908447266,8178.0
130.63999938964844,97.1999969482422,8179.0
107.5999984741211,117.31999969482422,8180.0
236.8800048828125,51.880001068115234,8181.0
96.72000122070312,100.76000213623048,8182.0
131.44000244140625,99.27999877929688,8183.0
91.63999938964844,100.63999938964844,8184.0
206.9600067138672,92.36000061035156,8185.0
38.119998931884766,55.84000015258789,8186.0
140.0399932861328,239.27999877929688,8187.0
42.27999877929688,56.68000030517578,8188.0
104.1999969482422,239.9600067138672,8189.0
235.8000030517578,67.27999877929688,8190.0
161.47999572753906,239.27999877929688,8191.0
163.83999633789062,62.15999984741211,8192.0
90.91999816894533,60.15999984741211,8193.0
34.959999084472656,117.1999969482422,8194.0
0.0,60.52000045776367,8195.0
33.959999084472656,237.32000732421875,8196.0
121.4000015258789,239.9600067138672,8197.0
117.8000030517578,71.76000213623047,8198.0
34.279998779296875,54.43999862670898,8199.0
36.84000015258789,239.9600067138672,8200.0
40.68000030517578,237.2400054931641,8201.0
40.880001068115234,59.880001068115234,8202.0
99.55999755859376,72.23999786376953,8203.0
41.31999969482422,235.8000030517578,8204.0
29.040000915527344,60.91999816894531,8205.0
61.400001525878906,239.9600067138672,8206.0
28.68000030517578,60.68000030517578,8207.0
124.04000091552734,61.560001373291016,8208.0
113.5199966430664,60.79999923706055,8209.0
108.23999786376952,61.59999847412109,8210.0
50.47999954223633,60.560001373291016,8211.0
42.27999877929688,60.52000045776367,8212.0
120.68000030517578,59.880001068115234,8213.0
58.59999847412109,60.52000045776367,8214.0
102.16000366210938,60.20000076293945,8215.0
0.0,60.84000015258789,8216.0
53.63999938964844,234.0399932861328,8217.0
26.63999938964844,234.16000366210935,8218.0
190.67999267578125,88.16000366210938,8219.0
28.399999618530277,235.0,8220.0
115.08000183105467,79.72000122070312,8221.0
118.27999877929688,79.72000122070312,8222.0
72.04000091552734,235.5200042724609,8223.0
30.76000022888184,55.400001525878906,8224.0
38.91999816894531,79.0,8225.0
118.44000244140624,234.3999938964844,8226.0
201.63999938964844,79.4000015258789,8227.0
36.560001373291016,80.72000122070312,8228.0
0.0,80.83999633789062,8229.0
38.79999923706055,80.68000030517578,8230.0
44.59999847412109,81.63999938964844,8231.0
36.20000076293945,79.31999969482422,8232.0
34.599998474121094,91.4000015258789,8233.0
42.2400016784668,78.4800033569336,8234.0
34.599998474121094,65.68000030517578,8235.0
238.9600067138672,65.08000183105469,8236.0
177.9199981689453,48.59999847412109,8237.0
106.27999877929688,49.15999984741211,8238.0
41.31999969482422,59.2400016784668,8239.0
122.36000061035156,58.720001220703125,8240.0
109.31999969482422,59.27999877929688,8241.0
136.9600067138672,129.47999572753906,8242.0
30.959999084472656,58.31999969482422,8243.0
96.68000030517578,129.39999389648438,8244.0
69.16000366210938,129.63999938964844,8245.0
237.72000122070312,129.44000244140625,8246.0
39.720001220703125,130.0,8247.0
238.5200042724609,129.44000244140625,8248.0
238.44000244140625,58.47999954223633,8249.0
45.47999954223633,58.91999816894531,8250.0
43.2400016784668,58.959999084472656,8251.0
123.91999816894533,59.0,8252.0
37.63999938964844,79.44000244140625,8253.0
113.83999633789062,90.44000244140624,8254.0
225.72000122070312,59.040000915527344,8255.0
117.83999633789062,77.31999969482422,8256.0
45.31999969482422,91.4800033569336,8257.0
114.44000244140624,92.0,8258.0
196.3999938964844,27.479999542236328,8259.0
113.68000030517578,77.63999938964844,8260.0
0.0,58.59999847412109,8261.0
51.720001220703125,27.399999618530277,8262.0
211.6000061035156,27.920000076293945,8263.0
126.76000213623048,58.84000015258789,8264.0
115.4800033569336,59.2400016784668,8265.0
227.0800018310547,130.9600067138672,8266.0
95.5999984741211,27.63999938964844,8267.0
114.87999725341795,57.119998931884766,8268.0
113.5199966430664,27.239999771118164,8269.0
79.44000244140625,132.72000122070312,8270.0
41.36000061035156,118.23999786376952,8271.0
189.67999267578125,3.4800000190734863,8272.0
93.8000030517578,118.04000091552734,8273.0
47.52000045776367,0.0,8274.0
60.560001373291016,48.43999862670898,8275.0
88.5199966430664,118.1999969482422,8276.0
131.27999877929688,49.0,8277.0
194.8000030517578,9.15999984741211,8278.0
0.0,116.95999908447266,8279.0
120.08000183105467,117.0,8280.0
66.83999633789062,128.67999267578125,8281.0
124.5199966430664,129.36000061035156,8282.0
113.1999969482422,218.6000061035156,8283.0
3.2799999713897705,129.63999938964844,8284.0
124.0,77.08000183105469,8285.0
0.0,77.16000366210938,8286.0
77.87999725341797,77.23999786376953,8287.0
113.95999908447266,136.67999267578125,8288.0
88.31999969482422,136.8000030517578,8289.0
199.9600067138672,138.0399932861328,8290.0
113.95999908447266,138.44000244140625,8291.0
89.0,140.0399932861328,8292.0
89.68000030517578,52.27999877929688,8293.0
112.04000091552734,124.08000183105467,8294.0
121.5999984741211,190.27999877929688,8295.0
192.6000061035156,124.36000061035156,8296.0
216.8800048828125,0.0,8297.0
95.76000213623048,124.0,8298.0
217.2400054931641,0.0,8299.0
84.23999786376953,1.0800000429153442,8300.0
217.2400054931641,0.0,8301.0
153.55999755859375,0.0,8302.0
117.83999633789062,0.0,8303.0
239.0800018310547,125.95999908447266,8304.0
0.0,124.27999877929688,8305.0
136.0800018310547,124.36000061035156,8306.0
131.60000610351562,124.27999877929688,8307.0
0.0,124.44000244140624,8308.0
89.4800033569336,57.47999954223633,8309.0
225.47999572753903,124.36000061035156,8310.0
58.7599983215332,123.72000122070312,8311.0
0.0,124.44000244140624,8312.0
38.7599983215332,124.31999969482422,8313.0
89.95999908447266,32.47999954223633,8314.0
0.0,136.55999755859375,8315.0
92.5199966430664,123.91999816894533,8316.0
237.16000366210935,91.87999725341795,8317.0
104.1999969482422,92.23999786376952,8318.0
104.72000122070312,130.9199981689453,8319.0
166.16000366210938,239.9600067138672,8320.0
92.87999725341795,131.0,8321.0
209.67999267578125,185.16000366210935,8322.0
88.04000091552734,129.8800048828125,8323.0
22.440000534057617,0.0,8324.0
174.9199981689453,129.63999938964844,8325.0
102.12000274658205,91.27999877929688,8326.0
101.4800033569336,0.0,8327.0
115.55999755859376,128.72000122070312,8328.0
100.83999633789062,129.63999938964844,8329.0
233.67999267578125,129.63999938964844,8330.0
175.32000732421875,54.31999969482422,8331.0
234.83999633789065,128.67999267578125,8332.0
0.0,0.0,8333.0
233.9600067138672,53.47999954223633,8334.0
92.1999969482422,0.0,8335.0
92.68000030517578,130.9199981689453,8336.0
74.5199966430664,91.72000122070312,8337.0
147.75999450683594,0.0,8338.0
40.7599983215332,92.5199966430664,8339.0
24.76000022888184,237.3600006103516,8340.0
23.0,48.84000015258789,8341.0
115.87999725341795,93.04000091552734,8342.0
23.07999992370605,91.83999633789062,8343.0
73.04000091552734,131.27999877929688,8344.0
0.0,237.3600006103516,8345.0
74.27999877929688,237.8800048828125,8346.0
220.3600006103516,123.5999984741211,8347.0
193.72000122070312,84.0,8348.0
210.6000061035156,236.1199951171875,8349.0
181.6000061035156,130.24000549316406,8350.0
145.36000061035156,129.47999572753906,8351.0
180.8800048828125,130.0399932861328,8352.0
101.63999938964844,129.55999755859375,8353.0
188.32000732421875,129.63999938964844,8354.0
206.1199951171875,129.72000122070312,8355.0
140.24000549316406,129.75999450683594,8356.0
38.59999847412109,129.47999572753906,8357.0
74.31999969482422,129.36000061035156,8358.0
93.1999969482422,129.63999938964844,8359.0
87.4000015258789,129.24000549316406,8360.0
113.72000122070312,130.1199951171875,8361.0
197.5200042724609,118.91999816894533,8362.0
102.91999816894533,16.1200008392334,8363.0
113.16000366210938,215.27999877929688,8364.0
104.55999755859376,93.23999786376952,8365.0
83.12000274658203,57.400001525878906,8366.0
225.83999633789065,182.47999572753903,8367.0
31.84000015258789,182.83999633789065,8368.0
140.0,183.16000366210935,8369.0
0.0,182.1199951171875,8370.0
149.72000122070312,182.1999969482422,8371.0
122.95999908447266,182.8000030517578,8372.0
48.68000030517578,129.39999389648438,8373.0
148.36000061035156,129.44000244140625,8374.0
108.83999633789062,129.36000061035156,8375.0
69.4000015258789,129.16000366210938,8376.0
128.36000061035156,127.55999755859376,8377.0
96.68000030517578,129.44000244140625,8378.0
200.0800018310547,219.0800018310547,8379.0
90.76000213623048,74.55999755859375,8380.0
84.87999725341797,129.44000244140625,8381.0
212.67999267578125,129.0399932861328,8382.0
99.23999786376952,218.6000061035156,8383.0
67.23999786376953,128.83999633789062,8384.0
208.6000061035156,72.08000183105469,8385.0
96.68000030517578,72.16000366210938,8386.0
73.31999969482422,185.1999969482422,8387.0
95.4000015258789,27.479999542236328,8388.0
221.8800048828125,0.0,8389.0
0.0,54.36000061035156,8390.0
85.80000305175781,71.76000213623047,8391.0
218.9600067138672,185.0399932861328,8392.0
110.12000274658205,72.08000183105469,8393.0
87.4000015258789,128.72000122070312,8394.0
44.720001220703125,121.08000183105467,8395.0
0.0,129.0,8396.0
227.27999877929688,121.04000091552734,8397.0
167.75999450683594,196.55999755859372,8398.0
123.55999755859376,239.9600067138672,8399.0
30.71999931335449,74.95999908447266,8400.0
59.2400016784668,237.44000244140625,8401.0
105.36000061035156,237.3600006103516,8402.0
113.31999969482422,93.16000366210938,8403.0
0.0,237.47999572753903,8404.0
115.23999786376952,1.3200000524520874,8405.0
106.91999816894533,236.0399932861328,8406.0
110.76000213623048,0.0,8407.0
0.0,79.31999969482422,8408.0
89.95999908447266,0.0,8409.0
71.72000122070312,78.91999816894531,8410.0
66.5999984741211,81.72000122070312,8411.0
67.27999877929688,78.5199966430664,8412.0
235.1199951171875,81.63999938964844,8413.0
0.0,79.4800033569336,8414.0
118.95999908447266,80.68000030517578,8415.0
128.67999267578125,81.08000183105469,8416.0
195.8000030517578,81.68000030517578,8417.0
238.9600067138672,81.04000091552734,8418.0
179.16000366210938,26.31999969482422,8419.0
123.36000061035156,80.83999633789062,8420.0
100.08000183105467,73.31999969482422,8421.0
96.16000366210938,187.0800018310547,8422.0
238.16000366210935,73.36000061035156,8423.0
97.72000122070312,80.80000305175781,8424.0
128.44000244140625,83.27999877929688,8425.0
106.04000091552734,0.0,8426.0
40.040000915527344,81.16000366210938,8427.0
90.12000274658205,0.0,8428.0
123.23999786376952,0.0,8429.0
200.8800048828125,79.83999633789062,8430.0
106.44000244140624,0.0,8431.0
77.80000305175781,197.32000732421875,8432.0
111.87999725341795,0.0,8433.0
190.8000030517578,185.8800048828125,8434.0
189.8000030517578,92.44000244140624,8435.0
133.63999938964844,1.3600000143051147,8436.0
202.8000030517578,196.32000732421875,8437.0
210.5200042724609,0.0,8438.0
110.76000213623048,185.0800018310547,8439.0
158.27999877929688,0.0,8440.0
168.83999633789062,0.0,8441.0
103.12000274658205,0.0,8442.0
214.8000030517578,2.0,8443.0
103.08000183105467,0.0,8444.0
124.1999969482422,176.1199951171875,8445.0
100.5199966430664,0.0,8446.0
167.16000366210938,0.0,8447.0
220.47999572753903,0.0,8448.0
167.39999389648438,186.0800018310547,8449.0
217.67999267578125,185.8800048828125,8450.0
76.72000122070312,0.0,8451.0
88.83999633789062,78.63999938964844,8452.0
34.279998779296875,179.83999633789062,8453.0
126.0,92.68000030517578,8454.0
102.91999816894533,90.12000274658205,8455.0
124.83999633789062,90.72000122070312,8456.0
168.83999633789062,89.76000213623047,8457.0
90.83999633789062,90.31999969482422,8458.0
91.55999755859376,90.23999786376952,8459.0
106.63999938964844,0.0,8460.0
2.039999961853028,0.0,8461.0
238.9600067138672,64.87999725341797,8462.0
208.55999755859372,0.0,8463.0
111.4800033569336,90.16000366210938,8464.0
138.9600067138672,0.0,8465.0
125.8000030517578,0.0,8466.0
0.0,83.55999755859375,8467.0
96.23999786376952,2.200000047683716,8468.0
124.08000183105467,0.0,8469.0
201.83999633789065,2.5199999809265137,8470.0
94.5199966430664,197.27999877929688,8471.0
174.8800048828125,198.75999450683597,8472.0
195.72000122070312,1.559999942779541,8473.0
238.0399932861328,199.0800018310547,8474.0
113.0,128.52000427246094,8475.0
79.87999725341797,197.8800048828125,8476.0
79.31999969482422,0.0,8477.0
79.4000015258789,129.27999877929688,8478.0
111.55999755859376,127.72000122070312,8479.0
0.0,129.16000366210938,8480.0
100.5199966430664,129.9199981689453,8481.0
93.95999908447266,129.1999969482422,8482.0
133.63999938964844,129.55999755859375,8483.0
208.3999938964844,128.83999633789062,8484.0
92.5199966430664,0.0,8485.0
130.47999572753906,125.08000183105467,8486.0
25.0,196.3999938964844,8487.0
117.5199966430664,196.0399932861328,8488.0
30.520000457763672,129.36000061035156,8489.0
148.83999633789062,128.16000366210938,8490.0
185.8000030517578,128.8000030517578,8491.0
208.72000122070312,127.55999755859376,8492.0
116.55999755859376,128.75999450683594,8493.0
73.5199966430664,128.0800018310547,8494.0
145.8800048828125,127.44000244140624,8495.0
104.68000030517578,159.83999633789062,8496.0
104.1999969482422,129.32000732421875,8497.0
114.44000244140624,159.67999267578125,8498.0
89.55999755859375,133.52000427246094,8499.0
91.44000244140624,80.36000061035156,8500.0
118.8000030517578,81.68000030517578,8501.0
95.4000015258789,130.27999877929688,8502.0
99.91999816894533,129.16000366210938,8503.0
238.8800048828125,239.9600067138672,8504.0
159.44000244140625,239.9600067138672,8505.0
86.16000366210938,239.9600067138672,8506.0
205.67999267578125,239.9600067138672,8507.0
78.91999816894531,237.83999633789065,8508.0
100.68000030517578,239.9600067138672,8509.0
98.5999984741211,238.16000366210935,8510.0
96.04000091552734,239.9600067138672,8511.0
216.3999938964844,239.9600067138672,8512.0
224.72000122070312,239.9600067138672,8513.0
214.16000366210935,239.9600067138672,8514.0
219.1199951171875,52.08000183105469,8515.0
185.16000366210935,160.36000061035156,8516.0
223.3999938964844,0.0,8517.0
36.84000015258789,50.119998931884766,8518.0
67.55999755859375,0.0,8519.0
118.76000213623048,50.959999084472656,8520.0
67.72000122070312,50.27999877929688,8521.0
85.5199966430664,239.55999755859372,8522.0
137.32000732421875,239.9600067138672,8523.0
103.08000183105467,239.1999969482422,8524.0
0.0,239.9600067138672,8525.0
238.83999633789065,239.16000366210935,8526.0
129.1999969482422,239.0,8527.0
88.5999984741211,239.9600067138672,8528.0
98.27999877929688,239.0800018310547,8529.0
