p_pick_sec,s_pick_sec,denoised_channels
111.4000015258789,111.76000213623048,0.0
110.76000213623048,88.91999816894531,1.0
110.91999816894533,115.4000015258789,2.0
0.0,187.55999755859372,3.0
0.0,6.679999828338623,4.0
81.31999969482422,94.72000122070312,5.0
81.95999908447266,92.0,6.0
123.08000183105467,130.60000610351562,7.0
73.76000213623047,82.31999969482422,8.0
81.16000366210938,82.12000274658203,9.0
32.52000045776367,83.0,10.0
25.959999084472656,34.279998779296875,11.0
237.3600006103516,67.08000183105469,12.0
24.68000030517578,0.0,13.0
62.08000183105469,239.9600067138672,14.0
62.119998931884766,239.9600067138672,15.0
61.79999923706055,61.20000076293945,16.0
79.63999938964844,84.68000030517578,17.0
62.560001373291016,239.9600067138672,18.0
62.0,79.95999908447266,19.0
79.36000061035156,94.55999755859376,20.0
138.8000030517578,239.9600067138672,21.0
139.0800018310547,139.63999938964844,22.0
62.84000015258789,86.31999969482422,23.0
62.7599983215332,239.9600067138672,24.0
86.63999938964844,86.16000366210938,25.0
61.959999084472656,86.4800033569336,26.0
86.36000061035156,86.63999938964844,27.0
86.19999694824219,86.87999725341797,28.0
86.4800033569336,122.04000091552734,29.0
68.5199966430664,177.63999938964844,30.0
88.36000061035156,105.0,31.0
68.5199966430664,85.87999725341797,32.0
61.720001220703125,87.72000122070312,33.0
61.47999954223633,86.12000274658203,34.0
61.47999954223633,86.55999755859375,35.0
61.20000076293945,85.0,36.0
61.15999984741211,84.12000274658203,37.0
61.959999084472656,221.72000122070312,38.0
60.91999816894531,85.5199966430664,39.0
107.23999786376952,0.0,40.0
145.9600067138672,155.32000732421875,41.0
139.1199951171875,139.9199981689453,42.0
119.72000122070312,119.44000244140624,43.0
120.36000061035156,156.0,44.0
122.95999908447266,222.1199951171875,45.0
41.20000076293945,235.2400054931641,46.0
32.040000915527344,86.16000366210938,47.0
62.27999877929688,178.1199951171875,48.0
61.20000076293945,61.880001068115234,49.0
61.79999923706055,143.8800048828125,50.0
61.720001220703125,87.44000244140625,51.0
61.59999847412109,234.47999572753903,52.0
61.47999954223633,177.47999572753906,53.0
60.68000030517578,77.5199966430664,54.0
60.47999954223633,239.9600067138672,55.0
60.59999847412109,239.9600067138672,56.0
61.68000030517578,231.55999755859372,57.0
60.91999816894531,61.20000076293945,58.0
60.68000030517578,60.880001068115234,59.0
41.31999969482422,62.0,60.0
61.27999877929688,62.0,61.0
61.31999969482422,62.52000045776367,62.0
61.27999877929688,61.560001373291016,63.0
60.31999969482422,239.9600067138672,64.0
60.43999862670898,62.79999923706055,65.0
59.119998931884766,239.9600067138672,66.0
58.959999084472656,61.27999877929688,67.0
58.47999954223633,61.400001525878906,68.0
58.08000183105469,239.9600067138672,69.0
58.720001220703125,239.9600067138672,70.0
58.880001068115234,239.9600067138672,71.0
59.400001525878906,239.9600067138672,72.0
59.119998931884766,239.9600067138672,73.0
60.68000030517578,239.9600067138672,74.0
59.43999862670898,83.36000061035156,75.0
61.15999984741211,235.63999938964844,76.0
58.119998931884766,78.95999908447266,77.0
233.2400054931641,233.75999450683597,78.0
44.400001525878906,76.36000061035156,79.0
59.20000076293945,77.80000305175781,80.0
37.15999984741211,172.0399932861328,81.0
226.0800018310547,226.3999938964844,82.0
168.27999877929688,223.0800018310547,83.0
62.880001068115234,73.72000122070312,84.0
60.20000076293945,217.8800048828125,85.0
64.68000030517578,214.72000122070312,86.0
58.119998931884766,66.91999816894531,87.0
107.4000015258789,67.27999877929688,88.0
50.0,63.43999862670898,89.0
48.36000061035156,62.0,90.0
47.880001068115234,211.47999572753903,91.0
45.84000015258789,46.20000076293945,92.0
1.8799999952316284,43.119998931884766,93.0
2.319999933242798,42.84000015258789,94.0
39.7599983215332,48.2400016784668,95.0
42.31999969482422,42.59999847412109,96.0
34.599998474121094,41.31999969482422,97.0
38.84000015258789,40.08000183105469,98.0
35.2400016784668,36.0,99.0
31.399999618530277,31.200000762939453,100.0
33.63999938964844,239.3600006103516,101.0
30.920000076293945,31.36000061035156,102.0
0.0,22.479999542236328,103.0
104.68000030517578,217.72000122070312,104.0
32.68000030517578,212.75999450683597,105.0
104.04000091552734,129.0800018310547,106.0
99.08000183105467,129.83999633789062,107.0
63.08000183105469,205.3999938964844,108.0
121.68000030517578,123.27999877929688,109.0
117.1999969482422,120.83999633789062,110.0
118.12000274658205,117.0,111.0
114.5999984741211,114.95999908447266,112.0
109.1999969482422,117.5999984741211,113.0
111.8000030517578,117.76000213623048,114.0
175.44000244140625,115.16000366210938,115.0
111.72000122070312,113.27999877929688,116.0
106.27999877929688,115.27999877929688,117.0
0.0,112.1999969482422,118.0
64.63999938964844,0.0,119.0
62.79999923706055,100.36000061035156,120.0
60.959999084472656,103.12000274658205,121.0
59.959999084472656,104.08000183105467,122.0
59.79999923706055,101.8000030517578,123.0
58.27999877929688,100.91999816894533,124.0
58.27999877929688,98.76000213623048,125.0
58.7599983215332,0.0,126.0
56.79999923706055,97.4000015258789,127.0
53.0,97.04000091552734,128.0
48.720001220703125,95.31999969482422,129.0
48.20000076293945,95.83999633789062,130.0
144.24000549316406,0.0,131.0
138.27999877929688,0.0,132.0
139.55999755859375,160.72000122070312,133.0
63.400001525878906,0.0,134.0
224.5200042724609,0.0,135.0
133.8800048828125,0.0,136.0
71.44000244140625,71.87999725341797,137.0
70.80000305175781,155.32000732421875,138.0
69.04000091552734,68.95999908447266,139.0
235.2400054931641,68.4000015258789,140.0
62.2400016784668,70.19999694824219,141.0
61.119998931884766,68.23999786376953,142.0
229.5200042724609,58.27999877929688,143.0
57.31999969482422,92.55999755859376,144.0
54.27999877929688,57.040000915527344,145.0
51.7599983215332,58.7599983215332,146.0
48.79999923706055,226.6000061035156,147.0
48.040000915527344,49.08000183105469,148.0
45.79999923706055,222.9199981689453,149.0
42.91999816894531,50.63999938964844,150.0
127.87999725341795,128.39999389648438,151.0
124.55999755859376,48.36000061035156,152.0
63.79999923706055,71.5199966430664,153.0
122.4000015258789,133.8800048828125,154.0
120.68000030517578,124.5999984741211,155.0
63.720001220703125,69.87999725341797,156.0
103.4000015258789,145.24000549316406,157.0
35.2400016784668,35.91999816894531,158.0
63.560001373291016,33.0,159.0
62.59999847412109,205.9600067138672,160.0
62.43999862670898,199.72000122070312,161.0
60.720001220703125,239.9600067138672,162.0
33.959999084472656,199.2400054931641,163.0
134.0,194.8800048828125,164.0
24.68000030517578,81.0,165.0
63.47999954223633,81.5999984741211,166.0
62.7599983215332,78.44000244140625,167.0
20.8799991607666,27.959999084472656,168.0
64.04000091552734,78.44000244140625,169.0
62.0,77.12000274658203,170.0
63.52000045776367,175.9600067138672,171.0
119.91999816894533,72.08000183105469,172.0
62.08000183105469,117.83999633789062,173.0
61.2400016784668,113.4000015258789,174.0
61.63999938964844,62.68000030517578,175.0
59.2400016784668,113.08000183105467,176.0
62.79999923706055,83.55999755859375,177.0
57.31999969482422,80.63999938964844,178.0
57.959999084472656,76.19999694824219,179.0
226.1199951171875,108.68000030517578,180.0
53.63999938964844,0.0,181.0
50.63999938964844,73.5199966430664,182.0
67.44000244140625,67.87999725341797,183.0
61.15999984741211,65.16000366210938,184.0
61.880001068115234,62.36000061035156,185.0
63.400001525878906,63.560001373291016,186.0
21.63999938964844,92.04000091552734,187.0
62.43999862670898,90.0,188.0
58.119998931884766,89.31999969482422,189.0
88.68000030517578,88.76000213623047,190.0
168.52000427246094,169.52000427246094,191.0
31.0,0.0,192.0
38.880001068115234,37.720001220703125,193.0
37.59999847412109,49.560001373291016,194.0
79.72000122070312,81.63999938964844,195.0
223.9199981689453,239.9600067138672,196.0
0.0,28.920000076293945,197.0
0.0,108.83999633789062,198.0
220.2400054931641,0.0,199.0
63.400001525878906,72.87999725341797,200.0
61.31999969482422,69.87999725341797,201.0
62.59999847412109,224.83999633789065,202.0
62.36000061035156,69.19999694824219,203.0
61.79999923706055,65.80000305175781,204.0
61.040000915527344,93.55999755859376,205.0
60.52000045776367,95.76000213623048,206.0
60.59999847412109,89.68000030517578,207.0
60.400001525878906,92.31999969482422,208.0
61.27999877929688,227.72000122070312,209.0
60.720001220703125,80.72000122070312,210.0
57.2400016784668,96.36000061035156,211.0
58.43999862670898,80.12000274658203,212.0
61.15999984741211,83.19999694824219,213.0
61.040000915527344,77.36000061035156,214.0
62.36000061035156,98.95999908447266,215.0
61.119998931884766,72.36000061035156,216.0
60.7599983215332,95.72000122070312,217.0
61.43999862670898,93.72000122070312,218.0
61.400001525878906,233.5200042724609,219.0
61.560001373291016,73.08000183105469,220.0
60.36000061035156,63.560001373291016,221.0
61.36000061035156,239.9600067138672,222.0
61.15999984741211,239.9600067138672,223.0
61.15999984741211,101.04000091552734,224.0
61.400001525878906,68.36000061035156,225.0
61.040000915527344,97.72000122070312,226.0
60.7599983215332,238.1199951171875,227.0
59.79999923706055,237.8800048828125,228.0
61.68000030517578,97.83999633789062,229.0
59.720001220703125,0.0,230.0
61.47999954223633,239.9600067138672,231.0
61.119998931884766,98.4800033569336,232.0
59.79999923706055,239.9600067138672,233.0
59.52000045776367,228.9199981689453,234.0
60.20000076293945,239.9600067138672,235.0
60.08000183105469,94.23999786376952,236.0
60.52000045776367,95.23999786376952,237.0
61.15999984741211,237.0399932861328,238.0
61.20000076293945,236.9600067138672,239.0
61.20000076293945,236.67999267578125,240.0
61.27999877929688,239.9600067138672,241.0
60.36000061035156,236.27999877929688,242.0
60.560001373291016,236.6000061035156,243.0
59.880001068115234,236.3600006103516,244.0
60.720001220703125,236.83999633789065,245.0
60.52000045776367,235.75999450683597,246.0
61.15999984741211,88.27999877929688,247.0
61.15999984741211,87.76000213623047,248.0
60.68000030517578,89.16000366210938,249.0
60.36000061035156,88.80000305175781,250.0
61.08000183105469,89.4000015258789,251.0
60.400001525878906,88.55999755859375,252.0
60.27999877929688,91.31999969482422,253.0
59.880001068115234,92.4000015258789,254.0
60.52000045776367,92.27999877929688,255.0
60.27999877929688,88.68000030517578,256.0
60.59999847412109,88.4000015258789,257.0
60.52000045776367,90.08000183105467,258.0
59.68000030517578,66.5199966430664,259.0
59.560001373291016,88.95999908447266,260.0
59.880001068115234,87.68000030517578,261.0
60.119998931884766,87.04000091552734,262.0
60.040000915527344,89.68000030517578,263.0
59.31999969482422,88.31999969482422,264.0
60.119998931884766,87.63999938964844,265.0
60.959999084472656,89.31999969482422,266.0
60.959999084472656,89.19999694824219,267.0
52.400001525878906,88.44000244140625,268.0
60.720001220703125,90.1999969482422,269.0
60.68000030517578,89.72000122070312,270.0
60.400001525878906,89.55999755859375,271.0
60.36000061035156,87.23999786376953,272.0
60.20000076293945,87.55999755859375,273.0
61.2400016784668,89.16000366210938,274.0
61.47999954223633,89.16000366210938,275.0
61.15999984741211,92.5999984741211,276.0
60.84000015258789,87.4800033569336,277.0
60.880001068115234,87.5999984741211,278.0
61.31999969482422,89.95999908447266,279.0
59.63999938964844,76.23999786376953,280.0
60.08000183105469,88.68000030517578,281.0
61.36000061035156,90.0,282.0
61.20000076293945,86.63999938964844,283.0
60.91999816894531,86.91999816894531,284.0
60.84000015258789,87.23999786376953,285.0
60.400001525878906,87.44000244140625,286.0
60.59999847412109,84.55999755859375,287.0
60.59999847412109,85.91999816894531,288.0
60.59999847412109,83.95999908447266,289.0
60.43999862670898,85.19999694824219,290.0
60.040000915527344,223.72000122070312,291.0
59.880001068115234,92.76000213623048,292.0
59.959999084472656,225.47999572753903,293.0
59.880001068115234,74.0,294.0
60.31999969482422,79.68000030517578,295.0
60.36000061035156,92.55999755859376,296.0
61.31999969482422,220.75999450683597,297.0
61.47999954223633,97.12000274658205,298.0
61.040000915527344,78.16000366210938,299.0
62.27999877929688,80.08000183105469,300.0
61.79999923706055,79.83999633789062,301.0
61.79999923706055,85.19999694824219,302.0
61.959999084472656,82.63999938964844,303.0
62.20000076293945,86.31999969482422,304.0
60.68000030517578,84.4000015258789,305.0
61.63999938964844,84.36000061035156,306.0
60.84000015258789,80.80000305175781,307.0
61.040000915527344,81.95999908447266,308.0
60.880001068115234,83.44000244140625,309.0
61.0,84.5999984741211,310.0
60.47999954223633,93.0,311.0
61.47999954223633,102.76000213623048,312.0
61.400001525878906,101.83999633789062,313.0
61.84000015258789,104.36000061035156,314.0
61.47999954223633,92.23999786376952,315.0
61.040000915527344,91.27999877929688,316.0
60.84000015258789,239.9600067138672,317.0
60.59999847412109,92.23999786376952,318.0
61.36000061035156,85.19999694824219,319.0
60.36000061035156,0.0,320.0
60.59999847412109,139.63999938964844,321.0
61.59999847412109,0.0,322.0
60.68000030517578,81.95999908447266,323.0
59.720001220703125,105.04000091552734,324.0
59.720001220703125,0.0,325.0
59.400001525878906,104.72000122070312,326.0
59.36000061035156,101.55999755859376,327.0
59.43999862670898,102.44000244140624,328.0
60.59999847412109,190.44000244140625,329.0
61.52000045776367,84.5999984741211,330.0
60.59999847412109,83.27999877929688,331.0
60.43999862670898,229.8000030517578,332.0
60.15999984741211,230.3600006103516,333.0
60.27999877929688,227.0,334.0
60.20000076293945,91.95999908447266,335.0
61.08000183105469,89.83999633789062,336.0
61.31999969482422,91.76000213623048,337.0
61.15999984741211,0.0,338.0
57.79999923706055,62.560001373291016,339.0
62.43999862670898,87.04000091552734,340.0
60.31999969482422,88.95999908447266,341.0
36.52000045776367,194.44000244140625,342.0
61.79999923706055,62.0,343.0
60.68000030517578,226.1199951171875,344.0
60.68000030517578,94.95999908447266,345.0
60.20000076293945,91.4800033569336,346.0
60.31999969482422,91.0,347.0
59.959999084472656,92.83999633789062,348.0
59.959999084472656,183.9199981689453,349.0
60.20000076293945,213.63999938964844,350.0
59.52000045776367,118.5199966430664,351.0
61.119998931884766,209.55999755859372,352.0
59.68000030517578,115.72000122070312,353.0
61.0,202.3600006103516,354.0
60.20000076293945,0.0,355.0
58.84000015258789,113.87999725341795,356.0
50.47999954223633,61.040000915527344,357.0
56.63999938964844,56.84000015258789,358.0
54.43999862670898,103.72000122070312,359.0
50.84000015258789,104.44000244140624,360.0
48.7599983215332,105.4800033569336,361.0
47.79999923706055,102.12000274658205,362.0
46.720001220703125,103.72000122070312,363.0
45.560001373291016,97.87999725341795,364.0
61.43999862670898,103.83999633789062,365.0
61.36000061035156,106.27999877929688,366.0
61.91999816894531,62.20000076293945,367.0
61.2400016784668,99.16000366210938,368.0
62.43999862670898,65.55999755859375,369.0
60.43999862670898,87.83999633789062,370.0
60.31999969482422,65.08000183105469,371.0
228.3600006103516,63.20000076293945,372.0
61.2400016784668,65.23999786376953,373.0
61.43999862670898,62.31999969482422,374.0
61.84000015258789,87.68000030517578,375.0
61.79999923706055,88.68000030517578,376.0
61.47999954223633,62.2400016784668,377.0
60.880001068115234,63.63999938964844,378.0
60.040000915527344,63.36000061035156,379.0
60.119998931884766,229.2400054931641,380.0
57.880001068115234,172.24000549316406,381.0
59.720001220703125,239.9600067138672,382.0
59.2400016784668,164.8800048828125,383.0
59.880001068115234,61.7599983215332,384.0
50.63999938964844,62.400001525878906,385.0
57.959999084472656,62.20000076293945,386.0
60.36000061035156,62.15999984741211,387.0
61.08000183105469,117.55999755859376,388.0
61.560001373291016,104.4000015258789,389.0
60.7599983215332,239.9600067138672,390.0
60.84000015258789,104.8000030517578,391.0
62.47999954223633,105.23999786376952,392.0
60.040000915527344,111.16000366210938,393.0
60.63999938964844,62.040000915527344,394.0
59.7599983215332,239.9600067138672,395.0
59.68000030517578,105.5199966430664,396.0
59.79999923706055,103.95999908447266,397.0
59.2400016784668,104.55999755859376,398.0
59.7599983215332,239.9600067138672,399.0
60.47999954223633,102.63999938964844,400.0
60.63999938964844,102.83999633789062,401.0
60.84000015258789,101.72000122070312,402.0
60.15999984741211,100.72000122070312,403.0
60.7599983215332,86.5199966430664,404.0
60.84000015258789,99.16000366210938,405.0
60.7599983215332,73.5999984741211,406.0
61.36000061035156,219.16000366210935,407.0
61.400001525878906,93.91999816894533,408.0
60.7599983215332,91.68000030517578,409.0
61.720001220703125,239.9600067138672,410.0
37.15999984741211,61.84000015258789,411.0
36.84000015258789,87.12000274658203,412.0
61.15999984741211,86.76000213623047,413.0
61.15999984741211,235.16000366210935,414.0
32.52000045776367,60.560001373291016,415.0
61.47999954223633,61.79999923706055,416.0
28.440000534057617,61.63999938964844,417.0
61.720001220703125,78.16000366210938,418.0
61.400001525878906,0.0,419.0
61.84000015258789,227.63999938964844,420.0
60.43999862670898,104.8000030517578,421.0
57.52000045776367,61.959999084472656,422.0
61.20000076293945,58.20000076293945,423.0
55.08000183105469,227.16000366210935,424.0
53.400001525878906,220.9600067138672,425.0
62.2400016784668,225.32000732421875,426.0
61.27999877929688,102.16000366210938,427.0
60.91999816894531,62.20000076293945,428.0
61.52000045776367,140.27999877929688,429.0
61.27999877929688,67.63999938964844,430.0
61.040000915527344,68.19999694824219,431.0
60.560001373291016,107.5199966430664,432.0
60.15999984741211,211.9199981689453,433.0
60.43999862670898,61.0,434.0
60.119998931884766,235.5200042724609,435.0
61.0,103.91999816894533,436.0
59.040000915527344,103.4000015258789,437.0
59.15999984741211,61.59999847412109,438.0
60.2400016784668,61.400001525878906,439.0
60.43999862670898,61.79999923706055,440.0
59.63999938964844,128.47999572753906,441.0
60.52000045776367,119.5199966430664,442.0
60.52000045776367,230.0399932861328,443.0
61.84000015258789,68.08000183105469,444.0
58.79999923706055,68.27999877929688,445.0
61.2400016784668,68.5199966430664,446.0
61.36000061035156,68.4800033569336,447.0
59.880001068115234,68.19999694824219,448.0
61.47999954223633,113.72000122070312,449.0
62.040000915527344,228.47999572753903,450.0
61.400001525878906,68.36000061035156,451.0
59.560001373291016,67.4000015258789,452.0
61.2400016784668,67.31999969482422,453.0
60.36000061035156,101.55999755859376,454.0
59.47999954223633,102.5199966430664,455.0
60.47999954223633,230.9199981689453,456.0
60.20000076293945,67.95999908447266,457.0
59.68000030517578,168.75999450683594,458.0
61.15999984741211,94.5199966430664,459.0
60.52000045776367,86.31999969482422,460.0
61.08000183105469,93.68000030517578,461.0
60.31999969482422,67.4800033569336,462.0
61.560001373291016,67.23999786376953,463.0
62.040000915527344,67.63999938964844,464.0
62.0,67.12000274658203,465.0
62.59999847412109,98.68000030517578,466.0
61.84000015258789,97.95999908447266,467.0
60.52000045776367,98.63999938964844,468.0
60.31999969482422,66.31999969482422,469.0
59.08000183105469,60.68000030517578,470.0
61.31999969482422,94.5999984741211,471.0
59.959999084472656,62.31999969482422,472.0
60.68000030517578,63.63999938964844,473.0
62.119998931884766,62.43999862670898,474.0
60.040000915527344,62.31999969482422,475.0
59.959999084472656,0.0,476.0
59.08000183105469,59.880001068115234,477.0
59.040000915527344,58.7599983215332,478.0
60.27999877929688,61.43999862670898,479.0
61.84000015258789,62.08000183105469,480.0
49.040000915527344,58.400001525878906,481.0
38.84000015258789,61.31999969482422,482.0
58.31999969482422,61.79999923706055,483.0
60.36000061035156,62.7599983215332,484.0
58.959999084472656,60.52000045776367,485.0
58.43999862670898,61.27999877929688,486.0
53.79999923706055,112.76000213623048,487.0
7.559999942779541,61.84000015258789,488.0
56.880001068115234,104.4000015258789,489.0
60.20000076293945,177.0,490.0
227.44000244140625,61.91999816894531,491.0
59.36000061035156,101.12000274658205,492.0
0.0,0.0,493.0
62.0,0.0,494.0
170.1999969482422,233.0,495.0
61.79999923706055,123.87999725341795,496.0
62.040000915527344,0.0,497.0
61.63999938964844,170.36000061035156,498.0
60.91999816894531,0.0,499.0
61.2400016784668,123.5999984741211,500.0
61.47999954223633,79.5999984741211,501.0
59.47999954223633,0.0,502.0
61.15999984741211,81.55999755859375,503.0
60.68000030517578,78.16000366210938,504.0
59.040000915527344,0.0,505.0
59.08000183105469,78.83999633789062,506.0
59.2400016784668,76.63999938964844,507.0
59.36000061035156,239.9600067138672,508.0
59.560001373291016,75.72000122070312,509.0
60.31999969482422,17.959999084472656,510.0
62.20000076293945,77.72000122070312,511.0
61.119998931884766,14.359999656677246,512.0
61.560001373291016,230.6000061035156,513.0
61.20000076293945,62.31999969482422,514.0
60.84000015258789,10.920000076293944,515.0
61.59999847412109,10.239999771118164,516.0
58.119998931884766,60.52000045776367,517.0
61.84000015258789,61.59999847412109,518.0
227.72000122070312,61.79999923706055,519.0
47.91999816894531,61.31999969482422,520.0
47.08000183105469,62.68000030517578,521.0
231.1199951171875,239.9600067138672,522.0
226.9600067138672,239.9600067138672,523.0
41.79999923706055,63.08000183105469,524.0
62.43999862670898,0.0,525.0
37.79999923706055,37.400001525878906,526.0
35.880001068115234,36.63999938964844,527.0
29.040000915527344,0.0,528.0
225.8000030517578,239.9600067138672,529.0
30.600000381469727,37.400001525878906,530.0
61.47999954223633,113.44000244140624,531.0
60.720001220703125,113.72000122070312,532.0
226.9600067138672,239.9600067138672,533.0
226.55999755859372,101.23999786376952,534.0
60.43999862670898,101.04000091552734,535.0
60.2400016784668,101.63999938964844,536.0
60.68000030517578,0.0,537.0
59.400001525878906,98.31999969482422,538.0
60.2400016784668,0.0,539.0
225.47999572753903,239.9600067138672,540.0
225.1199951171875,239.9600067138672,541.0
60.560001373291016,113.4800033569336,542.0
60.2400016784668,98.12000274658205,543.0
60.560001373291016,239.9600067138672,544.0
60.36000061035156,111.83999633789062,545.0
60.68000030517578,97.8000030517578,546.0
59.91999816894531,239.9600067138672,547.0
61.400001525878906,239.9600067138672,548.0
60.560001373291016,99.76000213623048,549.0
60.59999847412109,98.4800033569336,550.0
60.68000030517578,99.04000091552734,551.0
60.400001525878906,92.31999969482422,552.0
61.43999862670898,104.68000030517578,553.0
59.36000061035156,78.72000122070312,554.0
59.63999938964844,230.27999877929688,555.0
59.720001220703125,76.5999984741211,556.0
60.36000061035156,76.91999816894531,557.0
59.59999847412109,96.31999969482422,558.0
60.27999877929688,239.9600067138672,559.0
59.2400016784668,92.0,560.0
59.36000061035156,110.72000122070312,561.0
59.63999938964844,239.9600067138672,562.0
60.47999954223633,94.0,563.0
59.31999969482422,94.5999984741211,564.0
59.560001373291016,84.44000244140625,565.0
58.2400016784668,239.9600067138672,566.0
60.040000915527344,102.63999938964844,567.0
60.68000030517578,239.9600067138672,568.0
59.68000030517578,92.55999755859376,569.0
59.880001068115234,90.68000030517578,570.0
60.119998931884766,96.95999908447266,571.0
60.31999969482422,91.72000122070312,572.0
59.91999816894531,89.63999938964844,573.0
59.560001373291016,228.9600067138672,574.0
59.7599983215332,230.72000122070312,575.0
59.63999938964844,74.4000015258789,576.0
59.08000183105469,166.44000244140625,577.0
59.59999847412109,73.83999633789062,578.0
59.84000015258789,230.3600006103516,579.0
60.040000915527344,78.68000030517578,580.0
59.2400016784668,76.83999633789062,581.0
59.59999847412109,76.68000030517578,582.0
59.52000045776367,72.55999755859375,583.0
59.36000061035156,227.83999633789065,584.0
61.0,71.08000183105469,585.0
59.91999816894531,229.1999969482422,586.0
59.36000061035156,230.83999633789065,587.0
60.119998931884766,230.1199951171875,588.0
59.040000915527344,86.36000061035156,589.0
60.20000076293945,59.91999816894531,590.0
59.7599983215332,228.9600067138672,591.0
59.63999938964844,73.44000244140625,592.0
59.43999862670898,74.27999877929688,593.0
59.79999923706055,229.44000244140625,594.0
59.27999877929688,85.0,595.0
59.68000030517578,85.19999694824219,596.0
58.84000015258789,74.5999984741211,597.0
59.84000015258789,88.95999908447266,598.0
60.15999984741211,230.67999267578125,599.0
60.119998931884766,89.0,600.0
60.20000076293945,71.83999633789062,601.0
60.20000076293945,230.44000244140625,602.0
60.15999984741211,230.8800048828125,603.0
60.20000076293945,230.75999450683597,604.0
60.560001373291016,239.9600067138672,605.0
60.20000076293945,231.32000732421875,606.0
59.91999816894531,230.83999633789065,607.0
60.43999862670898,235.47999572753903,608.0
60.119998931884766,239.9600067138672,609.0
60.47999954223633,235.8800048828125,610.0
60.400001525878906,74.36000061035156,611.0
60.400001525878906,230.27999877929688,612.0
60.0,230.32000732421875,613.0
60.0,86.31999969482422,614.0
59.880001068115234,230.27999877929688,615.0
59.959999084472656,97.8000030517578,616.0
60.15999984741211,239.9600067138672,617.0
59.68000030517578,96.63999938964844,618.0
59.79999923706055,97.83999633789062,619.0
60.15999984741211,97.95999908447266,620.0
60.08000183105469,97.36000061035156,621.0
60.0,97.83999633789062,622.0
59.84000015258789,98.04000091552734,623.0
59.91999816894531,98.1999969482422,624.0
60.0,97.76000213623048,625.0
60.119998931884766,98.16000366210938,626.0
59.84000015258789,98.0,627.0
60.040000915527344,98.0,628.0
60.2400016784668,98.04000091552734,629.0
59.959999084472656,231.16000366210935,630.0
59.91999816894531,98.23999786376952,631.0
60.119998931884766,98.1999969482422,632.0
59.68000030517578,98.04000091552734,633.0
60.79999923706055,98.1999969482422,634.0
59.959999084472656,98.12000274658205,635.0
59.720001220703125,98.12000274658205,636.0
60.119998931884766,98.1999969482422,637.0
59.560001373291016,97.72000122070312,638.0
59.47999954223633,97.72000122070312,639.0
59.91999816894531,97.83999633789062,640.0
59.880001068115234,98.12000274658205,641.0
59.7599983215332,98.27999877929688,642.0
59.880001068115234,230.72000122070312,643.0
59.720001220703125,97.76000213623048,644.0
59.79999923706055,97.68000030517578,645.0
59.880001068115234,97.95999908447266,646.0
60.15999984741211,97.4800033569336,647.0
59.959999084472656,97.76000213623048,648.0
60.040000915527344,98.04000091552734,649.0
60.119998931884766,98.36000061035156,650.0
59.880001068115234,97.91999816894533,651.0
59.959999084472656,98.1999969482422,652.0
60.31999969482422,98.1999969482422,653.0
59.7599983215332,230.67999267578125,654.0
59.63999938964844,230.6000061035156,655.0
59.59999847412109,98.04000091552734,656.0
60.15999984741211,98.04000091552734,657.0
59.79999923706055,98.04000091552734,658.0
59.560001373291016,98.12000274658205,659.0
59.63999938964844,97.95999908447266,660.0
59.36000061035156,98.12000274658205,661.0
60.52000045776367,98.27999877929688,662.0
60.36000061035156,98.55999755859376,663.0
60.27999877929688,98.36000061035156,664.0
60.20000076293945,230.47999572753903,665.0
60.43999862670898,230.8800048828125,666.0
60.68000030517578,98.1999969482422,667.0
60.119998931884766,230.27999877929688,668.0
59.15999984741211,230.67999267578125,669.0
60.15999984741211,230.63999938964844,670.0
59.59999847412109,230.32000732421875,671.0
60.400001525878906,239.9600067138672,672.0
60.560001373291016,239.9600067138672,673.0
59.880001068115234,239.9600067138672,674.0
59.7599983215332,239.9600067138672,675.0
59.7599983215332,78.5999984741211,676.0
59.91999816894531,239.9600067138672,677.0
59.91999816894531,78.5199966430664,678.0
60.27999877929688,78.19999694824219,679.0
60.959999084472656,97.08000183105467,680.0
60.36000061035156,239.9600067138672,681.0
59.880001068115234,239.9600067138672,682.0
59.84000015258789,239.9600067138672,683.0
60.040000915527344,81.44000244140625,684.0
59.84000015258789,107.68000030517578,685.0
59.47999954223633,230.83999633789065,686.0
59.63999938964844,231.16000366210935,687.0
60.119998931884766,81.72000122070312,688.0
59.79999923706055,99.76000213623048,689.0
59.7599983215332,98.0,690.0
60.119998931884766,98.08000183105467,691.0
60.2400016784668,98.31999969482422,692.0
60.27999877929688,239.9600067138672,693.0
59.880001068115234,239.9600067138672,694.0
59.79999923706055,97.08000183105467,695.0
60.040000915527344,81.87999725341797,696.0
60.27999877929688,81.36000061035156,697.0
59.880001068115234,80.12000274658203,698.0
59.79999923706055,96.08000183105467,699.0
60.20000076293945,232.0,700.0
60.560001373291016,230.8800048828125,701.0
60.59999847412109,101.04000091552734,702.0
59.880001068115234,97.72000122070312,703.0
59.959999084472656,229.2400054931641,704.0
60.36000061035156,97.4000015258789,705.0
60.08000183105469,93.36000061035156,706.0
60.119998931884766,90.91999816894533,707.0
59.400001525878906,231.0,708.0
59.959999084472656,230.44000244140625,709.0
59.720001220703125,87.0,710.0
60.119998931884766,95.12000274658205,711.0
60.08000183105469,77.36000061035156,712.0
60.119998931884766,78.80000305175781,713.0
60.08000183105469,78.12000274658203,714.0
60.15999984741211,68.63999938964844,715.0
60.400001525878906,80.04000091552734,716.0
59.84000015258789,78.4800033569336,717.0
59.400001525878906,93.72000122070312,718.0
60.52000045776367,100.83999633789062,719.0
60.15999984741211,239.9600067138672,720.0
60.119998931884766,239.9600067138672,721.0
60.52000045776367,239.9600067138672,722.0
60.119998931884766,231.0,723.0
60.0,96.31999969482422,724.0
59.720001220703125,96.68000030517578,725.0
59.36000061035156,96.31999969482422,726.0
58.720001220703125,96.04000091552734,727.0
59.400001525878906,96.44000244140624,728.0
58.59999847412109,95.83999633789062,729.0
59.720001220703125,89.4800033569336,730.0
59.720001220703125,89.63999938964844,731.0
61.08000183105469,88.80000305175781,732.0
60.400001525878906,88.72000122070312,733.0
60.720001220703125,94.63999938964844,734.0
60.400001525878906,78.76000213623047,735.0
60.84000015258789,239.9600067138672,736.0
59.63999938964844,86.4800033569336,737.0
58.91999816894531,86.76000213623047,738.0
59.959999084472656,87.5999984741211,739.0
59.84000015258789,88.27999877929688,740.0
59.91999816894531,78.44000244140625,741.0
59.59999847412109,91.68000030517578,742.0
59.91999816894531,89.68000030517578,743.0
59.36000061035156,94.91999816894533,744.0
59.880001068115234,86.80000305175781,745.0
59.2400016784668,88.76000213623047,746.0
59.119998931884766,90.0,747.0
60.43999862670898,68.72000122070312,748.0
60.43999862670898,95.31999969482422,749.0
60.43999862670898,94.12000274658205,750.0
59.880001068115234,90.23999786376952,751.0
60.119998931884766,77.27999877929688,752.0
60.119998931884766,90.4800033569336,753.0
59.959999084472656,76.04000091552734,754.0
59.400001525878906,76.23999786376953,755.0
60.63999938964844,76.83999633789062,756.0
59.720001220703125,81.27999877929688,757.0
59.959999084472656,87.12000274658203,758.0
59.52000045776367,89.08000183105469,759.0
60.47999954223633,88.87999725341797,760.0
60.08000183105469,90.8000030517578,761.0
59.720001220703125,90.36000061035156,762.0
59.20000076293945,90.63999938964844,763.0
60.0,91.0,764.0
59.63999938964844,90.23999786376952,765.0
60.2400016784668,73.44000244140625,766.0
59.84000015258789,239.9600067138672,767.0
59.91999816894531,95.91999816894533,768.0
60.08000183105469,95.1999969482422,769.0
60.560001373291016,95.16000366210938,770.0
60.040000915527344,95.44000244140624,771.0
59.959999084472656,95.4800033569336,772.0
59.91999816894531,78.76000213623047,773.0
59.84000015258789,77.87999725341797,774.0
60.119998931884766,78.80000305175781,775.0
59.400001525878906,76.87999725341797,776.0
58.43999862670898,79.12000274658203,777.0
58.7599983215332,76.68000030517578,778.0
59.08000183105469,94.31999969482422,779.0
60.27999877929688,95.36000061035156,780.0
59.91999816894531,94.55999755859376,781.0
59.63999938964844,95.36000061035156,782.0
59.47999954223633,94.87999725341795,783.0
59.31999969482422,94.8000030517578,784.0
59.63999938964844,94.5199966430664,785.0
59.400001525878906,74.91999816894531,786.0
59.08000183105469,74.76000213623047,787.0
59.119998931884766,74.19999694824219,788.0
59.59999847412109,85.04000091552734,789.0
59.63999938964844,239.9600067138672,790.0
59.79999923706055,78.16000366210938,791.0
59.959999084472656,78.12000274658203,792.0
59.43999862670898,78.4800033569336,793.0
60.2400016784668,234.47999572753903,794.0
60.040000915527344,84.44000244140625,795.0
59.720001220703125,72.72000122070312,796.0
59.400001525878906,71.23999786376953,797.0
59.31999969482422,70.80000305175781,798.0
59.15999984741211,84.4000015258789,799.0
60.119998931884766,85.55999755859375,800.0
60.08000183105469,85.83999633789062,801.0
59.08000183105469,84.95999908447266,802.0
60.43999862670898,95.16000366210938,803.0
58.68000030517578,83.63999938964844,804.0
60.27999877929688,79.76000213623047,805.0
59.31999969482422,63.2400016784668,806.0
60.68000030517578,85.95999908447266,807.0
59.959999084472656,69.12000274658203,808.0
59.79999923706055,69.44000244140625,809.0
59.79999923706055,86.4800033569336,810.0
59.63999938964844,86.63999938964844,811.0
60.119998931884766,86.23999786376953,812.0
59.119998931884766,83.72000122070312,813.0
59.68000030517578,84.04000091552734,814.0
59.7599983215332,76.72000122070312,815.0
60.08000183105469,86.0,816.0
59.79999923706055,82.27999877929688,817.0
60.040000915527344,99.95999908447266,818.0
60.15999984741211,98.8000030517578,819.0
60.36000061035156,73.68000030517578,820.0
60.2400016784668,74.27999877929688,821.0
60.119998931884766,85.08000183105469,822.0
59.720001220703125,80.4000015258789,823.0
59.52000045776367,82.36000061035156,824.0
59.20000076293945,239.9600067138672,825.0
59.560001373291016,99.4800033569336,826.0
59.720001220703125,239.9600067138672,827.0
59.43999862670898,230.9600067138672,828.0
59.63999938964844,98.95999908447266,829.0
60.52000045776367,86.31999969482422,830.0
60.43999862670898,85.12000274658203,831.0
60.400001525878906,98.23999786376952,832.0
60.52000045776367,86.12000274658203,833.0
59.880001068115234,84.23999786376953,834.0
59.880001068115234,84.08000183105469,835.0
59.959999084472656,82.4800033569336,836.0
60.27999877929688,83.87999725341797,837.0
59.36000061035156,84.72000122070312,838.0
59.560001373291016,84.87999725341797,839.0
59.52000045776367,85.04000091552734,840.0
59.47999954223633,239.9600067138672,841.0
59.91999816894531,98.4800033569336,842.0
59.84000015258789,239.9600067138672,843.0
59.68000030517578,86.95999908447266,844.0
60.0,86.95999908447266,845.0
59.63999938964844,86.36000061035156,846.0
59.2400016784668,86.63999938964844,847.0
59.63999938964844,86.08000183105469,848.0
59.400001525878906,86.83999633789062,849.0
59.52000045776367,86.36000061035156,850.0
59.84000015258789,86.5199966430664,851.0
59.79999923706055,86.44000244140625,852.0
59.959999084472656,86.80000305175781,853.0
59.720001220703125,86.87999725341797,854.0
59.560001373291016,86.63999938964844,855.0
59.68000030517578,86.5999984741211,856.0
58.91999816894531,80.76000213623047,857.0
59.63999938964844,80.12000274658203,858.0
59.2400016784668,80.12000274658203,859.0
59.36000061035156,239.9600067138672,860.0
59.880001068115234,239.9600067138672,861.0
59.52000045776367,87.31999969482422,862.0
59.91999816894531,81.5199966430664,863.0
59.84000015258789,81.27999877929688,864.0
60.400001525878906,107.0,865.0
59.68000030517578,79.87999725341797,866.0
59.880001068115234,80.16000366210938,867.0
59.880001068115234,228.0399932861328,868.0
58.7599983215332,86.44000244140625,869.0
58.91999816894531,86.76000213623047,870.0
60.27999877929688,87.0,871.0
60.040000915527344,72.4000015258789,872.0
59.720001220703125,86.31999969482422,873.0
59.79999923706055,71.55999755859375,874.0
59.880001068115234,239.9600067138672,875.0
60.08000183105469,82.27999877929688,876.0
60.400001525878906,81.4800033569336,877.0
59.84000015258789,239.9600067138672,878.0
59.43999862670898,97.1999969482422,879.0
59.560001373291016,97.23999786376952,880.0
59.0,239.9600067138672,881.0
60.15999984741211,81.36000061035156,882.0
59.880001068115234,86.91999816894531,883.0
59.79999923706055,239.9600067138672,884.0
59.959999084472656,86.5999984741211,885.0
59.880001068115234,227.83999633789065,886.0
60.63999938964844,239.9600067138672,887.0
60.08000183105469,239.9600067138672,888.0
59.959999084472656,239.9600067138672,889.0
60.43999862670898,229.6000061035156,890.0
59.31999969482422,225.63999938964844,891.0
59.119998931884766,122.1999969482422,892.0
59.31999969482422,229.0,893.0
59.15999984741211,239.9600067138672,894.0
59.63999938964844,227.9600067138672,895.0
59.959999084472656,229.9199981689453,896.0
60.31999969482422,228.75999450683597,897.0
60.560001373291016,123.76000213623048,898.0
59.720001220703125,124.55999755859376,899.0
60.119998931884766,68.95999908447266,900.0
59.959999084472656,233.75999450683597,901.0
60.400001525878906,239.9600067138672,902.0
58.68000030517578,67.23999786376953,903.0
59.43999862670898,67.91999816894531,904.0
59.720001220703125,68.87999725341797,905.0
59.7599983215332,69.19999694824219,906.0
59.7599983215332,239.9600067138672,907.0
59.119998931884766,239.9600067138672,908.0
60.720001220703125,229.72000122070312,909.0
59.720001220703125,230.5200042724609,910.0
60.08000183105469,231.16000366210935,911.0
59.2400016784668,239.9600067138672,912.0
60.15999984741211,239.9600067138672,913.0
60.36000061035156,239.9600067138672,914.0
59.43999862670898,62.43999862670898,915.0
59.68000030517578,239.9600067138672,916.0
59.560001373291016,239.9600067138672,917.0
59.2400016784668,88.72000122070312,918.0
59.15999984741211,105.76000213623048,919.0
59.08000183105469,96.8000030517578,920.0
59.560001373291016,96.72000122070312,921.0
59.400001525878906,97.27999877929688,922.0
59.560001373291016,96.83999633789062,923.0
58.7599983215332,97.04000091552734,924.0
58.79999923706055,239.9600067138672,925.0
58.7599983215332,228.9600067138672,926.0
58.43999862670898,239.9600067138672,927.0
58.7599983215332,239.9600067138672,928.0
60.36000061035156,239.9600067138672,929.0
59.47999954223633,239.9600067138672,930.0
59.79999923706055,107.76000213623048,931.0
60.36000061035156,107.83999633789062,932.0
59.959999084472656,239.9600067138672,933.0
60.31999969482422,108.1999969482422,934.0
60.47999954223633,239.9600067138672,935.0
60.36000061035156,239.9600067138672,936.0
60.59999847412109,239.9600067138672,937.0
60.68000030517578,68.19999694824219,938.0
60.040000915527344,67.76000213623047,939.0
59.47999954223633,67.91999816894531,940.0
59.79999923706055,239.9600067138672,941.0
59.560001373291016,97.4800033569336,942.0
59.63999938964844,97.36000061035156,943.0
58.15999984741211,231.2400054931641,944.0
59.560001373291016,99.12000274658205,945.0
58.31999969482422,99.31999969482422,946.0
59.7599983215332,230.27999877929688,947.0
59.2400016784668,230.1999969482422,948.0
59.880001068115234,229.3999938964844,949.0
59.959999084472656,71.27999877929688,950.0
59.560001373291016,71.87999725341797,951.0
60.08000183105469,71.87999725341797,952.0
59.880001068115234,71.72000122070312,953.0
60.20000076293945,70.44000244140625,954.0
59.720001220703125,68.08000183105469,955.0
58.91999816894531,230.63999938964844,956.0
59.27999877929688,230.0800018310547,957.0
59.0,229.63999938964844,958.0
58.7599983215332,229.0800018310547,959.0
59.959999084472656,231.32000732421875,960.0
60.31999969482422,231.63999938964844,961.0
60.0,232.32000732421875,962.0
59.720001220703125,107.87999725341795,963.0
59.68000030517578,107.87999725341795,964.0
59.959999084472656,107.72000122070312,965.0
59.47999954223633,107.5199966430664,966.0
60.040000915527344,230.3600006103516,967.0
59.720001220703125,106.95999908447266,968.0
59.720001220703125,225.55999755859372,969.0
59.63999938964844,107.4000015258789,970.0
59.560001373291016,230.47999572753903,971.0
60.040000915527344,239.9600067138672,972.0
59.880001068115234,96.91999816894533,973.0
59.880001068115234,107.72000122070312,974.0
59.880001068115234,107.36000061035156,975.0
60.720001220703125,97.72000122070312,976.0
61.20000076293945,67.31999969482422,977.0
60.59999847412109,239.9600067138672,978.0
60.59999847412109,225.47999572753903,979.0
60.31999969482422,68.12000274658203,980.0
60.31999969482422,239.9600067138672,981.0
60.15999984741211,239.9600067138672,982.0
60.08000183105469,96.27999877929688,983.0
59.880001068115234,239.9600067138672,984.0
60.119998931884766,107.23999786376952,985.0
59.84000015258789,239.9600067138672,986.0
60.0,96.31999969482422,987.0
60.040000915527344,72.76000213623047,988.0
60.040000915527344,239.9600067138672,989.0
60.119998931884766,227.0,990.0
60.20000076293945,68.08000183105469,991.0
59.84000015258789,72.95999908447266,992.0
59.880001068115234,66.95999908447266,993.0
59.79999923706055,68.12000274658203,994.0
59.79999923706055,63.27999877929688,995.0
59.880001068115234,64.12000274658203,996.0
60.2400016784668,62.15999984741211,997.0
60.31999969482422,67.27999877929688,998.0
59.43999862670898,67.55999755859375,999.0
59.7599983215332,67.55999755859375,1000.0
59.880001068115234,87.63999938964844,1001.0
60.119998931884766,68.5199966430664,1002.0
60.27999877929688,69.16000366210938,1003.0
60.040000915527344,232.47999572753903,1004.0
59.2400016784668,235.1199951171875,1005.0
59.63999938964844,96.5999984741211,1006.0
60.36000061035156,149.39999389648438,1007.0
60.20000076293945,235.1999969482422,1008.0
59.68000030517578,142.0,1009.0
60.7599983215332,140.72000122070312,1010.0
61.0,61.119998931884766,1011.0
60.20000076293945,108.12000274658205,1012.0
60.59999847412109,63.68000030517578,1013.0
60.91999816894531,61.52000045776367,1014.0
60.0,61.2400016784668,1015.0
59.43999862670898,230.47999572753903,1016.0
58.7599983215332,235.44000244140625,1017.0
59.2400016784668,235.63999938964844,1018.0
59.31999969482422,66.4800033569336,1019.0
59.47999954223633,66.68000030517578,1020.0
59.47999954223633,231.8800048828125,1021.0
60.08000183105469,65.95999908447266,1022.0
60.59999847412109,230.5200042724609,1023.0
60.59999847412109,235.16000366210935,1024.0
59.79999923706055,67.12000274658203,1025.0
59.79999923706055,64.27999877929688,1026.0
59.31999969482422,230.44000244140625,1027.0
59.63999938964844,61.79999923706055,1028.0
59.63999938964844,66.68000030517578,1029.0
59.84000015258789,66.12000274658203,1030.0
59.7599983215332,239.9600067138672,1031.0
59.400001525878906,230.44000244140625,1032.0
59.15999984741211,239.9600067138672,1033.0
58.880001068115234,91.91999816894533,1034.0
60.040000915527344,239.9600067138672,1035.0
59.91999816894531,239.9600067138672,1036.0
59.63999938964844,239.9600067138672,1037.0
59.68000030517578,239.9600067138672,1038.0
59.47999954223633,239.9600067138672,1039.0
59.400001525878906,239.9600067138672,1040.0
59.36000061035156,69.23999786376953,1041.0
58.63999938964844,239.9600067138672,1042.0
59.2400016784668,239.9600067138672,1043.0
59.43999862670898,239.9600067138672,1044.0
59.59999847412109,239.9600067138672,1045.0
59.47999954223633,239.9600067138672,1046.0
59.47999954223633,88.5199966430664,1047.0
59.84000015258789,239.9600067138672,1048.0
59.7599983215332,239.9600067138672,1049.0
59.27999877929688,230.6000061035156,1050.0
59.43999862670898,229.83999633789065,1051.0
59.2400016784668,230.1199951171875,1052.0
58.91999816894531,239.9600067138672,1053.0
58.959999084472656,239.9600067138672,1054.0
59.31999969482422,239.9600067138672,1055.0
58.959999084472656,239.9600067138672,1056.0
58.47999954223633,239.9600067138672,1057.0
58.720001220703125,239.9600067138672,1058.0
58.59999847412109,239.9600067138672,1059.0
58.720001220703125,239.9600067138672,1060.0
59.7599983215332,90.76000213623048,1061.0
59.31999969482422,90.4800033569336,1062.0
59.20000076293945,90.4000015258789,1063.0
59.47999954223633,91.08000183105467,1064.0
59.52000045776367,84.95999908447266,1065.0
59.400001525878906,80.87999725341797,1066.0
58.91999816894531,239.9600067138672,1067.0
59.63999938964844,239.9600067138672,1068.0
59.880001068115234,76.87999725341797,1069.0
60.0,239.9600067138672,1070.0
58.47999954223633,75.5199966430664,1071.0
58.79999923706055,239.9600067138672,1072.0
59.68000030517578,99.95999908447266,1073.0
59.79999923706055,239.9600067138672,1074.0
59.52000045776367,239.9600067138672,1075.0
59.560001373291016,86.55999755859375,1076.0
59.7599983215332,88.31999969482422,1077.0
58.880001068115234,89.08000183105469,1078.0
59.20000076293945,89.16000366210938,1079.0
59.31999969482422,88.76000213623047,1080.0
59.560001373291016,239.9600067138672,1081.0
59.560001373291016,89.31999969482422,1082.0
59.27999877929688,69.04000091552734,1083.0
59.52000045776367,69.08000183105469,1084.0
59.52000045776367,84.08000183105469,1085.0
59.43999862670898,239.9600067138672,1086.0
59.720001220703125,229.47999572753903,1087.0
59.59999847412109,229.47999572753903,1088.0
59.63999938964844,229.75999450683597,1089.0
59.43999862670898,229.9600067138672,1090.0
60.0,230.0399932861328,1091.0
59.31999969482422,230.75999450683597,1092.0
58.68000030517578,79.5199966430664,1093.0
59.040000915527344,79.55999755859375,1094.0
59.43999862670898,230.27999877929688,1095.0
59.20000076293945,239.9600067138672,1096.0
59.0,239.9600067138672,1097.0
59.31999969482422,239.9600067138672,1098.0
59.20000076293945,229.83999633789065,1099.0
58.08000183105469,229.67999267578125,1100.0
59.040000915527344,230.47999572753903,1101.0
59.560001373291016,88.4800033569336,1102.0
60.20000076293945,239.9600067138672,1103.0
60.119998931884766,235.44000244140625,1104.0
59.68000030517578,239.9600067138672,1105.0
59.52000045776367,239.9600067138672,1106.0
59.15999984741211,68.04000091552734,1107.0
59.119998931884766,229.9600067138672,1108.0
58.880001068115234,107.27999877929688,1109.0
59.119998931884766,81.23999786376953,1110.0
59.560001373291016,89.12000274658203,1111.0
59.52000045776367,239.9600067138672,1112.0
59.43999862670898,105.83999633789062,1113.0
59.31999969482422,239.9600067138672,1114.0
59.7599983215332,239.9600067138672,1115.0
59.560001373291016,88.83999633789062,1116.0
59.52000045776367,88.55999755859375,1117.0
59.31999969482422,92.36000061035156,1118.0
60.20000076293945,93.1999969482422,1119.0
59.68000030517578,80.83999633789062,1120.0
59.47999954223633,239.9600067138672,1121.0
59.68000030517578,229.75999450683597,1122.0
59.560001373291016,229.8000030517578,1123.0
59.400001525878906,229.44000244140625,1124.0
59.7599983215332,230.27999877929688,1125.0
59.91999816894531,91.5199966430664,1126.0
60.560001373291016,239.9600067138672,1127.0
60.63999938964844,68.68000030517578,1128.0
59.91999816894531,94.0,1129.0
59.47999954223633,89.04000091552734,1130.0
59.400001525878906,88.87999725341797,1131.0
59.84000015258789,88.4800033569336,1132.0
59.400001525878906,88.16000366210938,1133.0
59.15999984741211,88.19999694824219,1134.0
59.52000045776367,88.44000244140625,1135.0
59.27999877929688,95.36000061035156,1136.0
59.15999984741211,83.72000122070312,1137.0
59.36000061035156,94.83999633789062,1138.0
59.43999862670898,95.23999786376952,1139.0
59.400001525878906,73.5199966430664,1140.0
59.560001373291016,72.83999633789062,1141.0
59.20000076293945,239.9600067138672,1142.0
59.84000015258789,239.9600067138672,1143.0
59.68000030517578,239.9600067138672,1144.0
59.7599983215332,239.9600067138672,1145.0
60.7599983215332,239.9600067138672,1146.0
60.2400016784668,239.9600067138672,1147.0
60.119998931884766,68.44000244140625,1148.0
59.08000183105469,239.9600067138672,1149.0
58.79999923706055,239.9600067138672,1150.0
58.880001068115234,72.95999908447266,1151.0
59.79999923706055,239.9600067138672,1152.0
59.27999877929688,239.9600067138672,1153.0
59.400001525878906,72.91999816894531,1154.0
59.47999954223633,81.63999938964844,1155.0
59.47999954223633,239.9600067138672,1156.0
59.47999954223633,80.63999938964844,1157.0
60.31999969482422,79.44000244140625,1158.0
59.959999084472656,239.9600067138672,1159.0
60.79999923706055,95.08000183105467,1160.0
60.27999877929688,86.4000015258789,1161.0
60.36000061035156,86.68000030517578,1162.0
60.0,88.16000366210938,1163.0
60.59999847412109,239.9600067138672,1164.0
60.36000061035156,239.9600067138672,1165.0
59.59999847412109,239.9600067138672,1166.0
60.119998931884766,87.5199966430664,1167.0
60.79999923706055,239.9600067138672,1168.0
60.2400016784668,239.9600067138672,1169.0
60.880001068115234,88.5199966430664,1170.0
59.880001068115234,88.19999694824219,1171.0
59.84000015258789,88.5199966430664,1172.0
59.119998931884766,239.9600067138672,1173.0
59.7599983215332,239.9600067138672,1174.0
59.68000030517578,239.9600067138672,1175.0
60.0,239.9600067138672,1176.0
60.040000915527344,239.9600067138672,1177.0
60.0,239.9600067138672,1178.0
60.47999954223633,239.9600067138672,1179.0
60.119998931884766,239.9600067138672,1180.0
59.43999862670898,239.9600067138672,1181.0
59.79999923706055,239.9600067138672,1182.0
59.63999938964844,239.9600067138672,1183.0
60.119998931884766,239.9600067138672,1184.0
59.2400016784668,239.9600067138672,1185.0
59.63999938964844,239.9600067138672,1186.0
59.36000061035156,239.9600067138672,1187.0
59.15999984741211,239.9600067138672,1188.0
59.15999984741211,62.59999847412109,1189.0
59.47999954223633,239.9600067138672,1190.0
59.63999938964844,239.9600067138672,1191.0
59.7599983215332,68.27999877929688,1192.0
59.52000045776367,68.5199966430664,1193.0
59.47999954223633,229.63999938964844,1194.0
60.040000915527344,229.3999938964844,1195.0
59.47999954223633,81.5199966430664,1196.0
60.08000183105469,140.44000244140625,1197.0
60.119998931884766,239.9600067138672,1198.0
59.68000030517578,239.9600067138672,1199.0
59.040000915527344,239.9600067138672,1200.0
60.59999847412109,239.9600067138672,1201.0
59.63999938964844,239.9600067138672,1202.0
61.040000915527344,239.9600067138672,1203.0
62.2400016784668,63.84000015258789,1204.0
60.959999084472656,66.68000030517578,1205.0
60.08000183105469,66.27999877929688,1206.0
60.0,239.9600067138672,1207.0
60.0,239.9600067138672,1208.0
59.59999847412109,239.9600067138672,1209.0
59.720001220703125,239.9600067138672,1210.0
59.79999923706055,239.9600067138672,1211.0
59.59999847412109,239.9600067138672,1212.0
59.68000030517578,81.16000366210938,1213.0
58.91999816894531,81.08000183105469,1214.0
58.7599983215332,239.9600067138672,1215.0
59.63999938964844,79.36000061035156,1216.0
59.84000015258789,76.27999877929688,1217.0
59.720001220703125,149.63999938964844,1218.0
59.63999938964844,239.9600067138672,1219.0
59.43999862670898,239.9600067138672,1220.0
58.880001068115234,239.9600067138672,1221.0
58.79999923706055,239.9600067138672,1222.0
59.880001068115234,239.9600067138672,1223.0
60.20000076293945,80.08000183105469,1224.0
60.119998931884766,239.9600067138672,1225.0
60.43999862670898,239.9600067138672,1226.0
59.720001220703125,239.9600067138672,1227.0
59.47999954223633,82.0,1228.0
59.36000061035156,67.16000366210938,1229.0
60.36000061035156,82.44000244140625,1230.0
60.27999877929688,66.04000091552734,1231.0
59.31999969482422,239.9600067138672,1232.0
59.15999984741211,234.3999938964844,1233.0
59.52000045776367,65.95999908447266,1234.0
59.47999954223633,233.72000122070312,1235.0
59.47999954223633,234.32000732421875,1236.0
59.720001220703125,239.9600067138672,1237.0
59.560001373291016,67.63999938964844,1238.0
59.2400016784668,68.83999633789062,1239.0
59.31999969482422,68.44000244140625,1240.0
59.27999877929688,239.9600067138672,1241.0
59.20000076293945,232.2400054931641,1242.0
59.2400016784668,232.3999938964844,1243.0
59.31999969482422,239.9600067138672,1244.0
59.31999969482422,91.91999816894533,1245.0
59.2400016784668,91.76000213623048,1246.0
58.84000015258789,86.83999633789062,1247.0
59.2400016784668,85.68000030517578,1248.0
59.2400016784668,86.36000061035156,1249.0
59.31999969482422,78.76000213623047,1250.0
59.59999847412109,69.12000274658203,1251.0
58.47999954223633,139.32000732421875,1252.0
58.84000015258789,138.83999633789062,1253.0
59.52000045776367,89.0,1254.0
59.20000076293945,88.31999969482422,1255.0
59.2400016784668,88.08000183105469,1256.0
59.79999923706055,88.68000030517578,1257.0
59.560001373291016,90.0,1258.0
59.79999923706055,89.5999984741211,1259.0
59.20000076293945,90.12000274658205,1260.0
58.959999084472656,87.4000015258789,1261.0
58.959999084472656,87.83999633789062,1262.0
58.84000015258789,87.87999725341797,1263.0
59.2400016784668,86.4800033569336,1264.0
59.31999969482422,86.27999877929688,1265.0
59.79999923706055,85.87999725341797,1266.0
59.36000061035156,96.08000183105467,1267.0
58.91999816894531,95.63999938964844,1268.0
59.27999877929688,68.27999877929688,1269.0
59.31999969482422,68.36000061035156,1270.0
59.560001373291016,68.4000015258789,1271.0
59.880001068115234,239.9600067138672,1272.0
60.36000061035156,68.4800033569336,1273.0
60.119998931884766,68.08000183105469,1274.0
58.880001068115234,68.19999694824219,1275.0
59.560001373291016,239.9600067138672,1276.0
59.2400016784668,67.91999816894531,1277.0
59.560001373291016,68.23999786376953,1278.0
60.0,68.55999755859375,1279.0
60.560001373291016,67.87999725341797,1280.0
60.52000045776367,85.4000015258789,1281.0
59.560001373291016,84.55999755859375,1282.0
59.31999969482422,85.08000183105469,1283.0
59.7599983215332,239.9600067138672,1284.0
59.2400016784668,239.9600067138672,1285.0
60.20000076293945,78.08000183105469,1286.0
59.91999816894531,86.19999694824219,1287.0
59.959999084472656,68.23999786376953,1288.0
58.47999954223633,97.36000061035156,1289.0
59.2400016784668,225.0800018310547,1290.0
59.959999084472656,97.72000122070312,1291.0
59.31999969482422,96.83999633789062,1292.0
59.68000030517578,73.04000091552734,1293.0
58.400001525878906,97.36000061035156,1294.0
60.119998931884766,85.83999633789062,1295.0
60.15999984741211,92.12000274658205,1296.0
59.36000061035156,239.9600067138672,1297.0
59.31999969482422,239.9600067138672,1298.0
59.400001525878906,239.9600067138672,1299.0
59.68000030517578,85.68000030517578,1300.0
59.79999923706055,85.80000305175781,1301.0
59.47999954223633,239.9600067138672,1302.0
59.47999954223633,239.9600067138672,1303.0
59.119998931884766,84.27999877929688,1304.0
59.720001220703125,239.9600067138672,1305.0
59.68000030517578,239.9600067138672,1306.0
59.63999938964844,68.23999786376953,1307.0
59.119998931884766,87.12000274658203,1308.0
58.720001220703125,239.9600067138672,1309.0
59.08000183105469,68.27999877929688,1310.0
59.20000076293945,239.9600067138672,1311.0
59.040000915527344,239.9600067138672,1312.0
59.43999862670898,239.9600067138672,1313.0
59.2400016784668,239.9600067138672,1314.0
58.91999816894531,95.4800033569336,1315.0
59.2400016784668,95.5999984741211,1316.0
59.63999938964844,67.95999908447266,1317.0
59.2400016784668,69.5199966430664,1318.0
59.119998931884766,74.12000274658203,1319.0
59.20000076293945,68.91999816894531,1320.0
59.27999877929688,68.23999786376953,1321.0
59.2400016784668,69.16000366210938,1322.0
59.31999969482422,73.76000213623047,1323.0
59.68000030517578,74.16000366210938,1324.0
59.959999084472656,75.23999786376953,1325.0
60.27999877929688,75.31999969482422,1326.0
60.0,76.72000122070312,1327.0
58.84000015258789,239.9600067138672,1328.0
59.15999984741211,82.55999755859375,1329.0
59.43999862670898,80.31999969482422,1330.0
59.59999847412109,239.9600067138672,1331.0
58.84000015258789,76.44000244140625,1332.0
58.52000045776367,79.63999938964844,1333.0
59.52000045776367,68.19999694824219,1334.0
59.36000061035156,68.5199966430664,1335.0
59.7599983215332,87.12000274658203,1336.0
59.20000076293945,85.36000061035156,1337.0
59.52000045776367,69.80000305175781,1338.0
60.2400016784668,69.76000213623047,1339.0
59.2400016784668,69.04000091552734,1340.0
59.880001068115234,239.9600067138672,1341.0
59.959999084472656,239.9600067138672,1342.0
59.84000015258789,64.23999786376953,1343.0
59.31999969482422,86.4000015258789,1344.0
58.91999816894531,74.19999694824219,1345.0
59.2400016784668,69.44000244140625,1346.0
59.15999984741211,87.68000030517578,1347.0
58.84000015258789,71.72000122070312,1348.0
58.15999984741211,78.31999969482422,1349.0
59.2400016784668,75.87999725341797,1350.0
59.560001373291016,68.23999786376953,1351.0
59.560001373291016,68.23999786376953,1352.0
59.720001220703125,88.4000015258789,1353.0
58.400001525878906,87.5999984741211,1354.0
59.0,87.76000213623047,1355.0
59.63999938964844,73.44000244140625,1356.0
59.68000030517578,73.80000305175781,1357.0
59.68000030517578,230.8800048828125,1358.0
59.79999923706055,87.55999755859375,1359.0
60.36000061035156,82.87999725341797,1360.0
60.52000045776367,77.55999755859375,1361.0
60.27999877929688,74.72000122070312,1362.0
59.959999084472656,79.80000305175781,1363.0
59.27999877929688,68.87999725341797,1364.0
59.79999923706055,68.55999755859375,1365.0
59.68000030517578,68.95999908447266,1366.0
59.43999862670898,68.44000244140625,1367.0
59.59999847412109,70.72000122070312,1368.0
59.63999938964844,76.31999969482422,1369.0
60.119998931884766,87.72000122070312,1370.0
59.400001525878906,88.19999694824219,1371.0
59.400001525878906,88.72000122070312,1372.0
59.08000183105469,239.9600067138672,1373.0
59.560001373291016,150.1999969482422,1374.0
59.63999938964844,93.04000091552734,1375.0
59.959999084472656,89.12000274658203,1376.0
59.959999084472656,93.12000274658205,1377.0
60.119998931884766,91.63999938964844,1378.0
59.880001068115234,97.5199966430664,1379.0
59.880001068115234,61.15999984741211,1380.0
59.79999923706055,88.23999786376953,1381.0
59.7599983215332,88.12000274658203,1382.0
59.720001220703125,87.76000213623047,1383.0
59.68000030517578,87.5199966430664,1384.0
59.68000030517578,88.12000274658203,1385.0
59.36000061035156,89.19999694824219,1386.0
59.959999084472656,87.5199966430664,1387.0
59.68000030517578,96.5999984741211,1388.0
59.959999084472656,96.44000244140624,1389.0
59.0,96.36000061035156,1390.0
59.52000045776367,83.76000213623047,1391.0
59.27999877929688,89.83999633789062,1392.0
56.52000045776367,96.16000366210938,1393.0
59.880001068115234,94.12000274658205,1394.0
60.36000061035156,93.63999938964844,1395.0
60.20000076293945,231.47999572753903,1396.0
60.040000915527344,89.0,1397.0
60.20000076293945,90.08000183105467,1398.0
60.400001525878906,86.08000183105469,1399.0
59.959999084472656,86.95999908447266,1400.0
60.31999969482422,83.5999984741211,1401.0
58.84000015258789,0.0,1402.0
58.63999938964844,233.5200042724609,1403.0
58.36000061035156,62.400001525878906,1404.0
59.040000915527344,98.44000244140624,1405.0
60.31999969482422,73.83999633789062,1406.0
60.040000915527344,96.4000015258789,1407.0
60.119998931884766,96.76000213623048,1408.0
59.720001220703125,239.9600067138672,1409.0
60.36000061035156,94.83999633789062,1410.0
60.91999816894531,94.76000213623048,1411.0
60.59999847412109,94.63999938964844,1412.0
60.720001220703125,89.83999633789062,1413.0
60.15999984741211,230.27999877929688,1414.0
60.15999984741211,94.36000061035156,1415.0
59.63999938964844,94.12000274658205,1416.0
59.52000045776367,95.95999908447266,1417.0
59.560001373291016,95.44000244140624,1418.0
59.560001373291016,98.0,1419.0
59.84000015258789,86.27999877929688,1420.0
60.400001525878906,86.36000061035156,1421.0
60.59999847412109,86.27999877929688,1422.0
61.08000183105469,96.55999755859376,1423.0
60.68000030517578,96.68000030517578,1424.0
61.2400016784668,95.63999938964844,1425.0
61.15999984741211,231.55999755859372,1426.0
60.43999862670898,98.04000091552734,1427.0
60.560001373291016,97.1999969482422,1428.0
59.15999984741211,98.1999969482422,1429.0
60.31999969482422,96.76000213623048,1430.0
60.63999938964844,113.87999725341795,1431.0
60.08000183105469,234.6000061035156,1432.0
59.119998931884766,84.91999816894531,1433.0
60.119998931884766,85.36000061035156,1434.0
60.68000030517578,72.12000274658203,1435.0
60.68000030517578,96.4000015258789,1436.0
60.31999969482422,96.95999908447266,1437.0
60.63999938964844,96.1999969482422,1438.0
59.08000183105469,85.31999969482422,1439.0
59.7599983215332,84.91999816894531,1440.0
60.43999862670898,84.55999755859375,1441.0
60.47999954223633,83.44000244140625,1442.0
59.63999938964844,95.4800033569336,1443.0
60.20000076293945,94.08000183105467,1444.0
60.400001525878906,73.63999938964844,1445.0
60.31999969482422,232.75999450683597,1446.0
60.59999847412109,231.2400054931641,1447.0
60.400001525878906,84.63999938964844,1448.0
60.119998931884766,84.5199966430664,1449.0
59.040000915527344,84.72000122070312,1450.0
59.0,86.27999877929688,1451.0
59.7599983215332,85.4000015258789,1452.0
59.560001373291016,84.91999816894531,1453.0
60.52000045776367,85.16000366210938,1454.0
59.59999847412109,70.5999984741211,1455.0
60.15999984741211,70.80000305175781,1456.0
60.0,71.27999877929688,1457.0
60.119998931884766,84.0,1458.0
59.63999938964844,84.04000091552734,1459.0
59.720001220703125,83.83999633789062,1460.0
60.68000030517578,84.5999984741211,1461.0
60.7599983215332,83.27999877929688,1462.0
59.68000030517578,84.0,1463.0
59.7599983215332,95.0,1464.0
60.52000045776367,84.4000015258789,1465.0
60.59999847412109,84.72000122070312,1466.0
61.400001525878906,84.95999908447266,1467.0
59.47999954223633,83.76000213623047,1468.0
60.68000030517578,84.5199966430664,1469.0
60.52000045776367,84.63999938964844,1470.0
61.2400016784668,84.04000091552734,1471.0
62.15999984741211,83.72000122070312,1472.0
61.63999938964844,84.16000366210938,1473.0
61.79999923706055,84.55999755859375,1474.0
60.959999084472656,84.72000122070312,1475.0
58.59999847412109,97.44000244140624,1476.0
61.47999954223633,98.1999969482422,1477.0
60.68000030517578,99.16000366210938,1478.0
61.720001220703125,75.27999877929688,1479.0
60.720001220703125,63.0,1480.0
59.08000183105469,98.76000213623048,1481.0
59.63999938964844,232.27999877929688,1482.0
59.27999877929688,231.47999572753903,1483.0
59.59999847412109,231.32000732421875,1484.0
59.08000183105469,84.4000015258789,1485.0
58.959999084472656,94.4000015258789,1486.0
59.119998931884766,73.72000122070312,1487.0
59.68000030517578,98.4800033569336,1488.0
59.880001068115234,99.4000015258789,1489.0
59.27999877929688,96.4000015258789,1490.0
59.79999923706055,234.0399932861328,1491.0
59.79999923706055,95.04000091552734,1492.0
60.52000045776367,72.87999725341797,1493.0
60.20000076293945,71.44000244140625,1494.0
58.68000030517578,91.16000366210938,1495.0
58.08000183105469,72.76000213623047,1496.0
58.27999877929688,77.83999633789062,1497.0
58.47999954223633,88.91999816894531,1498.0
60.08000183105469,69.76000213623047,1499.0
58.720001220703125,72.95999908447266,1500.0
59.720001220703125,71.83999633789062,1501.0
59.880001068115234,73.36000061035156,1502.0
59.36000061035156,73.83999633789062,1503.0
59.959999084472656,99.1999969482422,1504.0
59.79999923706055,75.44000244140625,1505.0
60.040000915527344,75.44000244140625,1506.0
59.36000061035156,79.83999633789062,1507.0
59.36000061035156,81.0,1508.0
59.47999954223633,80.72000122070312,1509.0
59.52000045776367,70.23999786376953,1510.0
59.43999862670898,74.95999908447266,1511.0
59.040000915527344,75.27999877929688,1512.0
59.2400016784668,72.68000030517578,1513.0
59.0,70.0,1514.0
59.560001373291016,89.19999694824219,1515.0
59.52000045776367,79.83999633789062,1516.0
59.15999984741211,70.68000030517578,1517.0
59.15999984741211,70.12000274658203,1518.0
59.31999969482422,92.4000015258789,1519.0
59.31999969482422,71.63999938964844,1520.0
58.84000015258789,69.72000122070312,1521.0
58.79999923706055,79.19999694824219,1522.0
58.400001525878906,78.83999633789062,1523.0
58.59999847412109,79.95999908447266,1524.0
58.47999954223633,71.5999984741211,1525.0
58.59999847412109,73.04000091552734,1526.0
58.59999847412109,72.72000122070312,1527.0
56.2400016784668,72.4000015258789,1528.0
57.959999084472656,69.16000366210938,1529.0
58.63999938964844,70.95999908447266,1530.0
59.119998931884766,76.23999786376953,1531.0
58.91999816894531,73.68000030517578,1532.0
59.040000915527344,77.87999725341797,1533.0
59.31999969482422,78.0,1534.0
60.15999984741211,80.12000274658203,1535.0
59.560001373291016,79.27999877929688,1536.0
59.27999877929688,78.19999694824219,1537.0
60.119998931884766,77.5999984741211,1538.0
59.15999984741211,79.23999786376953,1539.0
58.84000015258789,73.95999908447266,1540.0
59.119998931884766,71.44000244140625,1541.0
60.119998931884766,73.04000091552734,1542.0
58.720001220703125,74.12000274658203,1543.0
58.63999938964844,74.0,1544.0
59.400001525878906,72.44000244140625,1545.0
59.2400016784668,71.68000030517578,1546.0
59.040000915527344,72.27999877929688,1547.0
59.15999984741211,71.95999908447266,1548.0
59.560001373291016,71.55999755859375,1549.0
58.84000015258789,72.72000122070312,1550.0
59.20000076293945,72.76000213623047,1551.0
59.400001525878906,82.36000061035156,1552.0
60.0,71.12000274658203,1553.0
59.400001525878906,168.9199981689453,1554.0
58.400001525878906,62.560001373291016,1555.0
59.08000183105469,62.47999954223633,1556.0
58.91999816894531,69.16000366210938,1557.0
58.720001220703125,158.52000427246094,1558.0
59.040000915527344,70.4800033569336,1559.0
59.0,71.31999969482422,1560.0
59.15999984741211,77.4800033569336,1561.0
59.47999954223633,68.87999725341797,1562.0
59.43999862670898,151.0,1563.0
59.040000915527344,150.39999389648438,1564.0
59.63999938964844,75.55999755859375,1565.0
60.08000183105469,76.87999725341797,1566.0
59.400001525878906,75.31999969482422,1567.0
58.560001373291016,75.23999786376953,1568.0
58.36000061035156,201.27999877929688,1569.0
58.43999862670898,228.1199951171875,1570.0
58.560001373291016,107.12000274658205,1571.0
58.400001525878906,78.5999984741211,1572.0
58.880001068115234,76.5199966430664,1573.0
58.84000015258789,76.72000122070312,1574.0
58.84000015258789,139.39999389648438,1575.0
58.20000076293945,129.72000122070312,1576.0
58.7599983215332,139.32000732421875,1577.0
59.15999984741211,139.47999572753906,1578.0
59.20000076293945,227.6000061035156,1579.0
59.2400016784668,114.1999969482422,1580.0
59.31999969482422,239.9600067138672,1581.0
59.2400016784668,114.5199966430664,1582.0
59.0,239.9600067138672,1583.0
58.84000015258789,239.9600067138672,1584.0
58.63999938964844,239.9600067138672,1585.0
58.52000045776367,239.9600067138672,1586.0
59.08000183105469,226.1199951171875,1587.0
58.560001373291016,239.9600067138672,1588.0
59.59999847412109,239.9600067138672,1589.0
58.720001220703125,239.9600067138672,1590.0
59.27999877929688,124.1999969482422,1591.0
58.59999847412109,229.2400054931641,1592.0
59.2400016784668,239.9600067138672,1593.0
60.63999938964844,239.9600067138672,1594.0
59.47999954223633,67.23999786376953,1595.0
60.0,67.4000015258789,1596.0
59.08000183105469,239.9600067138672,1597.0
58.68000030517578,239.9600067138672,1598.0
59.15999984741211,66.4000015258789,1599.0
58.91999816894531,66.5199966430664,1600.0
58.7599983215332,60.84000015258789,1601.0
59.63999938964844,61.79999923706055,1602.0
59.880001068115234,60.52000045776367,1603.0
60.040000915527344,60.720001220703125,1604.0
59.400001525878906,72.68000030517578,1605.0
59.0,229.47999572753903,1606.0
60.79999923706055,225.5200042724609,1607.0
60.52000045776367,239.9600067138672,1608.0
60.7599983215332,239.9600067138672,1609.0
61.0,227.55999755859372,1610.0
60.43999862670898,228.16000366210935,1611.0
61.15999984741211,229.0,1612.0
60.7599983215332,228.2400054931641,1613.0
60.52000045776367,229.2400054931641,1614.0
59.880001068115234,227.67999267578125,1615.0
60.63999938964844,228.72000122070312,1616.0
60.7599983215332,229.1199951171875,1617.0
59.79999923706055,79.63999938964844,1618.0
59.63999938964844,78.31999969482422,1619.0
59.560001373291016,229.83999633789065,1620.0
59.47999954223633,78.44000244140625,1621.0
59.47999954223633,78.44000244140625,1622.0
60.880001068115234,78.19999694824219,1623.0
59.880001068115234,229.75999450683597,1624.0
59.959999084472656,228.72000122070312,1625.0
60.08000183105469,229.6000061035156,1626.0
60.52000045776367,83.91999816894531,1627.0
61.0,82.16000366210938,1628.0
60.20000076293945,228.47999572753903,1629.0
61.2400016784668,229.55999755859372,1630.0
60.959999084472656,81.19999694824219,1631.0
60.08000183105469,229.8000030517578,1632.0
61.040000915527344,229.72000122070312,1633.0
60.79999923706055,77.87999725341797,1634.0
58.84000015258789,73.83999633789062,1635.0
59.720001220703125,73.91999816894531,1636.0
59.79999923706055,74.80000305175781,1637.0
60.15999984741211,74.44000244140625,1638.0
59.52000045776367,74.19999694824219,1639.0
59.08000183105469,73.63999938964844,1640.0
62.63999938964844,74.63999938964844,1641.0
61.0,74.63999938964844,1642.0
60.119998931884766,77.95999908447266,1643.0
59.959999084472656,73.55999755859375,1644.0
60.27999877929688,75.27999877929688,1645.0
60.119998931884766,74.0,1646.0
60.84000015258789,74.27999877929688,1647.0
60.7599983215332,72.31999969482422,1648.0
61.0,72.19999694824219,1649.0
60.36000061035156,74.27999877929688,1650.0
59.59999847412109,74.4800033569336,1651.0
59.720001220703125,72.5199966430664,1652.0
58.43999862670898,66.0,1653.0
58.119998931884766,71.76000213623047,1654.0
58.59999847412109,70.55999755859375,1655.0
58.43999862670898,72.36000061035156,1656.0
59.720001220703125,73.63999938964844,1657.0
60.7599983215332,77.63999938964844,1658.0
60.2400016784668,104.04000091552734,1659.0
60.36000061035156,60.91999816894531,1660.0
60.59999847412109,76.55999755859375,1661.0
59.560001373291016,76.36000061035156,1662.0
60.040000915527344,239.9600067138672,1663.0
59.36000061035156,74.5199966430664,1664.0
60.36000061035156,75.80000305175781,1665.0
60.43999862670898,77.72000122070312,1666.0
60.59999847412109,73.87999725341797,1667.0
61.15999984741211,77.04000091552734,1668.0
60.119998931884766,77.4000015258789,1669.0
60.400001525878906,77.91999816894531,1670.0
60.84000015258789,77.55999755859375,1671.0
59.47999954223633,77.23999786376953,1672.0
59.59999847412109,75.76000213623047,1673.0
59.91999816894531,107.55999755859376,1674.0
59.20000076293945,107.83999633789062,1675.0
59.040000915527344,231.8000030517578,1676.0
58.91999816894531,232.2400054931641,1677.0
58.7599983215332,63.08000183105469,1678.0
62.43999862670898,229.8800048828125,1679.0
59.119998931884766,229.27999877929688,1680.0
59.720001220703125,71.31999969482422,1681.0
61.59999847412109,73.44000244140625,1682.0
58.2400016784668,72.87999725341797,1683.0
59.560001373291016,71.23999786376953,1684.0
59.040000915527344,70.83999633789062,1685.0
59.720001220703125,70.80000305175781,1686.0
60.560001373291016,70.36000061035156,1687.0
59.36000061035156,70.5999984741211,1688.0
60.400001525878906,70.27999877929688,1689.0
61.27999877929688,78.31999969482422,1690.0
60.959999084472656,70.5199966430664,1691.0
60.63999938964844,69.63999938964844,1692.0
60.43999862670898,63.27999877929688,1693.0
60.52000045776367,74.16000366210938,1694.0
59.63999938964844,75.23999786376953,1695.0
59.119998931884766,74.23999786376953,1696.0
59.27999877929688,73.4800033569336,1697.0
59.43999862670898,69.83999633789062,1698.0
59.119998931884766,73.5999984741211,1699.0
58.27999877929688,73.72000122070312,1700.0
58.59999847412109,69.08000183105469,1701.0
59.27999877929688,239.9600067138672,1702.0
58.91999816894531,71.08000183105469,1703.0
59.0,80.68000030517578,1704.0
58.68000030517578,79.16000366210938,1705.0
59.400001525878906,60.84000015258789,1706.0
58.52000045776367,72.83999633789062,1707.0
59.119998931884766,73.83999633789062,1708.0
59.040000915527344,69.5199966430664,1709.0
58.47999954223633,73.31999969482422,1710.0
58.91999816894531,73.55999755859375,1711.0
59.040000915527344,73.4800033569336,1712.0
59.15999984741211,73.76000213623047,1713.0
58.91999816894531,71.91999816894531,1714.0
58.68000030517578,71.68000030517578,1715.0
59.08000183105469,74.36000061035156,1716.0
59.119998931884766,230.8800048828125,1717.0
58.15999984741211,0.0,1718.0
58.43999862670898,80.87999725341797,1719.0
58.720001220703125,80.19999694824219,1720.0
58.0,78.68000030517578,1721.0
58.119998931884766,226.1199951171875,1722.0
57.79999923706055,227.27999877929688,1723.0
59.08000183105469,79.83999633789062,1724.0
59.15999984741211,73.08000183105469,1725.0
59.15999984741211,83.08000183105469,1726.0
60.43999862670898,80.0,1727.0
58.720001220703125,226.63999938964844,1728.0
58.880001068115234,76.08000183105469,1729.0
58.119998931884766,73.08000183105469,1730.0
58.43999862670898,82.19999694824219,1731.0
57.880001068115234,83.23999786376953,1732.0
58.59999847412109,74.0,1733.0
57.84000015258789,73.5199966430664,1734.0
58.08000183105469,74.55999755859375,1735.0
58.36000061035156,75.55999755859375,1736.0
58.27999877929688,0.0,1737.0
58.91999816894531,68.55999755859375,1738.0
57.880001068115234,67.55999755859375,1739.0
57.84000015258789,99.36000061035156,1740.0
57.84000015258789,68.4000015258789,1741.0
57.880001068115234,82.5199966430664,1742.0
58.2400016784668,229.16000366210935,1743.0
58.20000076293945,75.16000366210938,1744.0
58.15999984741211,74.83999633789062,1745.0
58.2400016784668,74.27999877929688,1746.0
58.68000030517578,74.76000213623047,1747.0
58.7599983215332,74.91999816894531,1748.0
58.43999862670898,77.5199966430664,1749.0
58.59999847412109,239.9600067138672,1750.0
58.400001525878906,237.5200042724609,1751.0
58.68000030517578,237.32000732421875,1752.0
58.20000076293945,237.6000061035156,1753.0
58.27999877929688,237.3999938964844,1754.0
58.2400016784668,236.67999267578125,1755.0
58.43999862670898,239.9600067138672,1756.0
58.20000076293945,239.9600067138672,1757.0
58.7599983215332,239.9600067138672,1758.0
58.7599983215332,239.9600067138672,1759.0
58.720001220703125,239.9600067138672,1760.0
58.68000030517578,239.9600067138672,1761.0
59.119998931884766,229.72000122070312,1762.0
59.720001220703125,78.04000091552734,1763.0
59.400001525878906,74.87999725341797,1764.0
58.84000015258789,229.1999969482422,1765.0
58.79999923706055,74.16000366210938,1766.0
59.08000183105469,79.0,1767.0
59.040000915527344,225.5200042724609,1768.0
59.47999954223633,224.75999450683597,1769.0
59.36000061035156,85.27999877929688,1770.0
59.31999969482422,84.12000274658203,1771.0
58.720001220703125,84.5999984741211,1772.0
58.7599983215332,87.23999786376953,1773.0
59.63999938964844,84.83999633789062,1774.0
59.880001068115234,92.04000091552734,1775.0
59.52000045776367,239.9600067138672,1776.0
59.040000915527344,80.4000015258789,1777.0
58.59999847412109,230.55999755859372,1778.0
59.2400016784668,239.9600067138672,1779.0
59.31999969482422,229.67999267578125,1780.0
59.31999969482422,229.44000244140625,1781.0
59.560001373291016,229.5200042724609,1782.0
59.27999877929688,228.8800048828125,1783.0
59.400001525878906,230.0800018310547,1784.0
59.720001220703125,229.6000061035156,1785.0
59.36000061035156,67.87999725341797,1786.0
59.15999984741211,59.27999877929688,1787.0
59.47999954223633,69.31999969482422,1788.0
59.43999862670898,227.44000244140625,1789.0
58.91999816894531,79.87999725341797,1790.0
59.2400016784668,229.1999969482422,1791.0
58.720001220703125,239.9600067138672,1792.0
58.91999816894531,239.9600067138672,1793.0
59.400001525878906,69.12000274658203,1794.0
59.08000183105469,67.08000183105469,1795.0
58.59999847412109,239.9600067138672,1796.0
58.52000045776367,62.27999877929688,1797.0
59.08000183105469,93.4000015258789,1798.0
59.400001525878906,228.32000732421875,1799.0
59.119998931884766,227.0399932861328,1800.0
59.0,239.9600067138672,1801.0
59.2400016784668,83.72000122070312,1802.0
59.27999877929688,83.44000244140625,1803.0
58.59999847412109,83.5999984741211,1804.0
58.119998931884766,239.9600067138672,1805.0
58.68000030517578,239.9600067138672,1806.0
59.0,71.04000091552734,1807.0
59.0,71.31999969482422,1808.0
60.040000915527344,69.76000213623047,1809.0
59.2400016784668,239.9600067138672,1810.0
59.36000061035156,225.47999572753903,1811.0
58.7599983215332,239.9600067138672,1812.0
59.400001525878906,239.9600067138672,1813.0
59.0,82.63999938964844,1814.0
59.2400016784668,62.59999847412109,1815.0
58.0,65.44000244140625,1816.0
59.2400016784668,239.9600067138672,1817.0
59.68000030517578,239.9600067138672,1818.0
59.36000061035156,66.63999938964844,1819.0
59.0,66.63999938964844,1820.0
58.7599983215332,66.55999755859375,1821.0
58.47999954223633,66.63999938964844,1822.0
59.47999954223633,84.19999694824219,1823.0
59.959999084472656,229.5200042724609,1824.0
59.119998931884766,229.67999267578125,1825.0
59.43999862670898,68.19999694824219,1826.0
58.119998931884766,67.5999984741211,1827.0
57.31999969482422,67.80000305175781,1828.0
58.27999877929688,67.23999786376953,1829.0
59.0,228.8000030517578,1830.0
59.2400016784668,239.9600067138672,1831.0
59.43999862670898,239.9600067138672,1832.0
58.52000045776367,92.72000122070312,1833.0
58.7599983215332,239.9600067138672,1834.0
58.720001220703125,91.95999908447266,1835.0
59.400001525878906,89.08000183105469,1836.0
58.79999923706055,79.44000244140625,1837.0
58.68000030517578,79.5199966430664,1838.0
58.959999084472656,78.44000244140625,1839.0
58.59999847412109,227.16000366210935,1840.0
59.2400016784668,225.27999877929688,1841.0
59.20000076293945,225.72000122070312,1842.0
59.2400016784668,226.2400054931641,1843.0
58.91999816894531,235.0399932861328,1844.0
58.91999816894531,239.9600067138672,1845.0
58.36000061035156,239.9600067138672,1846.0
57.720001220703125,239.9600067138672,1847.0
58.08000183105469,239.9600067138672,1848.0
58.20000076293945,239.9600067138672,1849.0
57.7599983215332,239.9600067138672,1850.0
58.20000076293945,60.52000045776367,1851.0
58.43999862670898,62.880001068115234,1852.0
59.08000183105469,62.880001068115234,1853.0
58.91999816894531,65.4000015258789,1854.0
59.08000183105469,76.44000244140625,1855.0
57.31999969482422,58.400001525878906,1856.0
57.91999816894531,229.3999938964844,1857.0
58.20000076293945,81.19999694824219,1858.0
58.20000076293945,229.0,1859.0
58.84000015258789,230.32000732421875,1860.0
58.68000030517578,228.67999267578125,1861.0
58.52000045776367,223.8800048828125,1862.0
59.119998931884766,66.63999938964844,1863.0
59.2400016784668,66.80000305175781,1864.0
59.36000061035156,67.27999877929688,1865.0
59.36000061035156,71.80000305175781,1866.0
59.2400016784668,227.32000732421875,1867.0
59.2400016784668,81.4800033569336,1868.0
59.560001373291016,227.2400054931641,1869.0
57.7599983215332,239.9600067138672,1870.0
58.400001525878906,239.9600067138672,1871.0
59.20000076293945,239.9600067138672,1872.0
59.2400016784668,239.9600067138672,1873.0
59.47999954223633,65.95999908447266,1874.0
59.560001373291016,63.36000061035156,1875.0
59.15999984741211,81.68000030517578,1876.0
59.20000076293945,81.27999877929688,1877.0
59.0,228.0399932861328,1878.0
59.43999862670898,66.95999908447266,1879.0
59.040000915527344,66.91999816894531,1880.0
58.720001220703125,228.55999755859372,1881.0
59.15999984741211,66.76000213623047,1882.0
59.31999969482422,66.4800033569336,1883.0
58.91999816894531,66.76000213623047,1884.0
59.560001373291016,66.04000091552734,1885.0
59.400001525878906,95.87999725341795,1886.0
59.47999954223633,95.12000274658205,1887.0
59.7599983215332,94.76000213623048,1888.0
59.84000015258789,94.44000244140624,1889.0
59.27999877929688,65.27999877929688,1890.0
58.52000045776367,65.36000061035156,1891.0
58.52000045776367,66.16000366210938,1892.0
59.119998931884766,65.95999908447266,1893.0
58.59999847412109,65.36000061035156,1894.0
58.91999816894531,124.4800033569336,1895.0
58.880001068115234,239.9600067138672,1896.0
224.3999938964844,239.9600067138672,1897.0
58.52000045776367,65.80000305175781,1898.0
60.040000915527344,66.0,1899.0
63.43999862670898,65.72000122070312,1900.0
65.83999633789062,78.83999633789062,1901.0
59.47999954223633,79.16000366210938,1902.0
58.84000015258789,79.12000274658203,1903.0
58.27999877929688,77.95999908447266,1904.0
59.2400016784668,227.0800018310547,1905.0
59.31999969482422,123.95999908447266,1906.0
59.84000015258789,123.04000091552734,1907.0
59.040000915527344,236.0,1908.0
59.36000061035156,69.76000213623047,1909.0
58.47999954223633,0.0,1910.0
59.27999877929688,65.63999938964844,1911.0
58.400001525878906,227.1999969482422,1912.0
59.15999984741211,228.1199951171875,1913.0
58.7599983215332,225.67999267578125,1914.0
59.84000015258789,223.32000732421875,1915.0
59.7599983215332,222.44000244140625,1916.0
60.040000915527344,62.59999847412109,1917.0
58.720001220703125,87.63999938964844,1918.0
58.7599983215332,218.75999450683597,1919.0
59.119998931884766,217.55999755859372,1920.0
58.47999954223633,218.27999877929688,1921.0
59.2400016784668,239.9600067138672,1922.0
59.47999954223633,239.9600067138672,1923.0
144.67999267578125,189.3600006103516,1924.0
59.560001373291016,66.91999816894531,1925.0
59.31999969482422,65.63999938964844,1926.0
59.47999954223633,171.36000061035156,1927.0
59.63999938964844,63.400001525878906,1928.0
60.43999862670898,0.0,1929.0
59.68000030517578,165.55999755859375,1930.0
59.63999938964844,0.0,1931.0
59.27999877929688,0.0,1932.0
64.16000366210938,66.08000183105469,1933.0
63.84000015258789,0.0,1934.0
59.31999969482422,66.31999969482422,1935.0
59.47999954223633,75.08000183105469,1936.0
59.63999938964844,229.32000732421875,1937.0
59.400001525878906,230.6000061035156,1938.0
59.36000061035156,83.83999633789062,1939.0
59.43999862670898,63.79999923706055,1940.0
59.0,63.27999877929688,1941.0
59.15999984741211,68.44000244140625,1942.0
59.20000076293945,67.16000366210938,1943.0
59.560001373291016,230.9199981689453,1944.0
59.31999969482422,65.95999908447266,1945.0
58.84000015258789,225.75999450683597,1946.0
58.720001220703125,66.55999755859375,1947.0
58.84000015258789,63.400001525878906,1948.0
58.84000015258789,63.400001525878906,1949.0
60.040000915527344,66.16000366210938,1950.0
59.36000061035156,67.31999969482422,1951.0
58.84000015258789,67.4000015258789,1952.0
58.84000015258789,66.83999633789062,1953.0
59.2400016784668,66.91999816894531,1954.0
59.31999969482422,66.4000015258789,1955.0
60.43999862670898,0.0,1956.0
59.560001373291016,239.9600067138672,1957.0
59.31999969482422,65.19999694824219,1958.0
59.79999923706055,66.31999969482422,1959.0
59.63999938964844,67.5199966430664,1960.0
60.119998931884766,239.9600067138672,1961.0
59.2400016784668,239.9600067138672,1962.0
59.68000030517578,227.16000366210935,1963.0
59.47999954223633,68.0,1964.0
59.31999969482422,229.0,1965.0
59.31999969482422,226.47999572753903,1966.0
60.040000915527344,67.04000091552734,1967.0
59.720001220703125,225.8000030517578,1968.0
59.31999969482422,66.44000244140625,1969.0
59.560001373291016,66.04000091552734,1970.0
59.959999084472656,239.9600067138672,1971.0
59.119998931884766,66.44000244140625,1972.0
58.91999816894531,66.44000244140625,1973.0
58.720001220703125,66.4800033569336,1974.0
58.84000015258789,67.0,1975.0
59.400001525878906,239.9600067138672,1976.0
58.880001068115234,67.4000015258789,1977.0
58.84000015258789,74.87999725341797,1978.0
59.15999984741211,75.87999725341797,1979.0
58.91999816894531,76.55999755859375,1980.0
58.59999847412109,239.9600067138672,1981.0
57.7599983215332,228.9600067138672,1982.0
57.84000015258789,228.32000732421875,1983.0
57.20000076293945,79.80000305175781,1984.0
58.08000183105469,95.08000183105467,1985.0
58.20000076293945,226.63999938964844,1986.0
58.27999877929688,68.87999725341797,1987.0
59.040000915527344,69.31999969482422,1988.0
60.119998931884766,63.040000915527344,1989.0
59.119998931884766,239.9600067138672,1990.0
59.0,70.4000015258789,1991.0
59.84000015258789,239.9600067138672,1992.0
59.15999984741211,0.0,1993.0
59.08000183105469,66.31999969482422,1994.0
59.36000061035156,232.75999450683597,1995.0
59.2400016784668,67.36000061035156,1996.0
59.63999938964844,67.4000015258789,1997.0
59.20000076293945,239.9600067138672,1998.0
60.119998931884766,94.4000015258789,1999.0
60.20000076293945,94.4000015258789,2000.0
59.880001068115234,94.72000122070312,2001.0
59.560001373291016,94.91999816894533,2002.0
59.68000030517578,87.76000213623047,2003.0
59.68000030517578,222.67999267578125,2004.0
59.47999954223633,91.4000015258789,2005.0
59.68000030517578,90.95999908447266,2006.0
59.2400016784668,213.32000732421875,2007.0
59.119998931884766,212.1999969482422,2008.0
59.040000915527344,82.72000122070312,2009.0
59.880001068115234,227.72000122070312,2010.0
60.119998931884766,69.16000366210938,2011.0
59.119998931884766,100.4000015258789,2012.0
58.7599983215332,73.72000122070312,2013.0
58.68000030517578,99.12000274658205,2014.0
59.0,86.63999938964844,2015.0
59.040000915527344,86.76000213623047,2016.0
59.79999923706055,86.55999755859375,2017.0
59.400001525878906,85.12000274658203,2018.0
60.0,92.08000183105467,2019.0
59.52000045776367,93.76000213623048,2020.0
58.84000015258789,94.83999633789062,2021.0
59.040000915527344,94.87999725341795,2022.0
59.27999877929688,68.55999755859375,2023.0
59.15999984741211,67.08000183105469,2024.0
58.59999847412109,222.75999450683597,2025.0
58.91999816894531,222.75999450683597,2026.0
59.36000061035156,82.95999908447266,2027.0
59.31999969482422,67.63999938964844,2028.0
59.27999877929688,230.2400054931641,2029.0
58.400001525878906,230.27999877929688,2030.0
58.52000045776367,181.8800048828125,2031.0
58.91999816894531,86.4000015258789,2032.0
58.27999877929688,67.44000244140625,2033.0
59.52000045776367,67.27999877929688,2034.0
59.68000030517578,67.91999816894531,2035.0
59.0,68.23999786376953,2036.0
59.20000076293945,68.55999755859375,2037.0
59.119998931884766,93.4800033569336,2038.0
58.7599983215332,63.119998931884766,2039.0
59.040000915527344,86.44000244140625,2040.0
59.2400016784668,239.9600067138672,2041.0
58.720001220703125,94.91999816894533,2042.0
59.36000061035156,66.91999816894531,2043.0
59.08000183105469,73.5199966430664,2044.0
59.15999984741211,73.80000305175781,2045.0
59.15999984741211,73.72000122070312,2046.0
59.31999969482422,73.76000213623047,2047.0
59.400001525878906,78.4800033569336,2048.0
59.2400016784668,68.83999633789062,2049.0
59.84000015258789,69.80000305175781,2050.0
58.91999816894531,67.72000122070312,2051.0
58.91999816894531,68.5199966430664,2052.0
59.2400016784668,67.55999755859375,2053.0
58.560001373291016,68.19999694824219,2054.0
59.119998931884766,68.08000183105469,2055.0
58.36000061035156,67.5999984741211,2056.0
59.15999984741211,69.16000366210938,2057.0
59.040000915527344,68.55999755859375,2058.0
58.91999816894531,66.4800033569336,2059.0
59.2400016784668,67.76000213623047,2060.0
58.400001525878906,68.04000091552734,2061.0
59.31999969482422,86.36000061035156,2062.0
59.31999969482422,85.36000061035156,2063.0
59.31999969482422,84.19999694824219,2064.0
59.43999862670898,68.19999694824219,2065.0
59.52000045776367,86.63999938964844,2066.0
59.08000183105469,67.91999816894531,2067.0
59.27999877929688,231.8000030517578,2068.0
58.84000015258789,68.19999694824219,2069.0
58.20000076293945,66.95999908447266,2070.0
57.959999084472656,207.2400054931641,2071.0
58.59999847412109,67.08000183105469,2072.0
58.59999847412109,86.83999633789062,2073.0
58.400001525878906,82.95999908447266,2074.0
58.47999954223633,92.5199966430664,2075.0
58.52000045776367,93.1999969482422,2076.0
58.31999969482422,224.9199981689453,2077.0
58.91999816894531,224.44000244140625,2078.0
58.91999816894531,67.87999725341797,2079.0
59.560001373291016,82.04000091552734,2080.0
59.2400016784668,82.4000015258789,2081.0
58.84000015258789,82.80000305175781,2082.0
58.880001068115234,83.36000061035156,2083.0
59.2400016784668,67.91999816894531,2084.0
59.400001525878906,83.12000274658203,2085.0
58.91999816894531,233.9600067138672,2086.0
59.040000915527344,239.9600067138672,2087.0
59.040000915527344,67.91999816894531,2088.0
58.84000015258789,67.23999786376953,2089.0
59.20000076293945,67.87999725341797,2090.0
59.119998931884766,74.91999816894531,2091.0
59.2400016784668,227.32000732421875,2092.0
58.2400016784668,225.5200042724609,2093.0
59.880001068115234,67.63999938964844,2094.0
59.2400016784668,66.68000030517578,2095.0
59.15999984741211,67.27999877929688,2096.0
59.68000030517578,75.12000274658203,2097.0
59.880001068115234,68.23999786376953,2098.0
59.68000030517578,67.16000366210938,2099.0
59.119998931884766,68.0,2100.0
58.47999954223633,0.0,2101.0
58.36000061035156,64.63999938964844,2102.0
58.68000030517578,234.75999450683597,2103.0
59.2400016784668,231.55999755859372,2104.0
58.91999816894531,230.1199951171875,2105.0
59.2400016784668,87.16000366210938,2106.0
59.2400016784668,87.31999969482422,2107.0
58.84000015258789,78.31999969482422,2108.0
59.119998931884766,78.91999816894531,2109.0
58.84000015258789,207.72000122070312,2110.0
59.560001373291016,86.83999633789062,2111.0
59.47999954223633,67.27999877929688,2112.0
59.2400016784668,66.80000305175781,2113.0
59.63999938964844,66.91999816894531,2114.0
58.720001220703125,66.31999969482422,2115.0
59.560001373291016,67.08000183105469,2116.0
59.15999984741211,226.83999633789065,2117.0
59.2400016784668,88.87999725341797,2118.0
59.400001525878906,239.9600067138672,2119.0
58.36000061035156,227.75999450683597,2120.0
58.68000030517578,69.08000183105469,2121.0
59.27999877929688,149.0,2122.0
58.84000015258789,69.16000366210938,2123.0
57.959999084472656,67.19999694824219,2124.0
224.16000366210935,239.9600067138672,2125.0
59.31999969482422,85.68000030517578,2126.0
59.2400016784668,83.91999816894531,2127.0
59.36000061035156,82.87999725341797,2128.0
59.2400016784668,78.4800033569336,2129.0
58.68000030517578,63.560001373291016,2130.0
59.119998931884766,62.400001525878906,2131.0
59.43999862670898,62.880001068115234,2132.0
59.2400016784668,62.79999923706055,2133.0
59.91999816894531,64.16000366210938,2134.0
59.31999969482422,0.0,2135.0
60.20000076293945,239.9600067138672,2136.0
60.119998931884766,63.91999816894531,2137.0
59.68000030517578,77.5199966430664,2138.0
59.27999877929688,68.76000213623047,2139.0
59.27999877929688,68.4800033569336,2140.0
62.15999984741211,63.119998931884766,2141.0
59.91999816894531,63.119998931884766,2142.0
60.0,222.5200042724609,2143.0
59.0,221.9600067138672,2144.0
58.880001068115234,77.04000091552734,2145.0
58.68000030517578,239.9600067138672,2146.0
59.63999938964844,63.2400016784668,2147.0
59.040000915527344,68.87999725341797,2148.0
60.36000061035156,51.20000076293945,2149.0
60.36000061035156,71.83999633789062,2150.0
60.15999984741211,239.9600067138672,2151.0
59.2400016784668,221.32000732421875,2152.0
58.040000915527344,61.31999969482422,2153.0
59.040000915527344,65.68000030517578,2154.0
58.59999847412109,25.479999542236328,2155.0
59.040000915527344,67.91999816894531,2156.0
58.47999954223633,223.55999755859372,2157.0
58.68000030517578,69.0,2158.0
59.0,74.36000061035156,2159.0
59.2400016784668,225.83999633789065,2160.0
59.43999862670898,224.6000061035156,2161.0
64.44000244140625,225.0,2162.0
59.15999984741211,217.2400054931641,2163.0
58.79999923706055,101.4800033569336,2164.0
58.91999816894531,65.76000213623047,2165.0
59.27999877929688,67.04000091552734,2166.0
58.68000030517578,65.87999725341797,2167.0
59.08000183105469,226.9600067138672,2168.0
58.59999847412109,225.3999938964844,2169.0
58.400001525878906,93.31999969482422,2170.0
58.43999862670898,93.04000091552734,2171.0
58.59999847412109,85.19999694824219,2172.0
58.959999084472656,67.27999877929688,2173.0
58.84000015258789,62.52000045776367,2174.0
58.84000015258789,73.23999786376953,2175.0
58.959999084472656,68.36000061035156,2176.0
58.400001525878906,68.55999755859375,2177.0
58.91999816894531,62.36000061035156,2178.0
58.63999938964844,62.47999954223633,2179.0
58.47999954223633,62.84000015258789,2180.0
58.959999084472656,63.27999877929688,2181.0
58.68000030517578,173.55999755859375,2182.0
58.68000030517578,92.87999725341795,2183.0
58.59999847412109,78.23999786376953,2184.0
58.560001373291016,166.60000610351562,2185.0
57.43999862670898,78.19999694824219,2186.0
59.0,100.44000244140624,2187.0
59.08000183105469,115.31999969482422,2188.0
59.68000030517578,94.76000213623048,2189.0
59.560001373291016,65.04000091552734,2190.0
59.15999984741211,93.1999969482422,2191.0
59.040000915527344,94.76000213623048,2192.0
59.08000183105469,93.63999938964844,2193.0
58.59999847412109,67.76000213623047,2194.0
59.08000183105469,67.5999984741211,2195.0
59.36000061035156,69.12000274658203,2196.0
60.36000061035156,68.36000061035156,2197.0
59.720001220703125,76.72000122070312,2198.0
58.63999938964844,175.8000030517578,2199.0
58.84000015258789,67.87999725341797,2200.0
58.91999816894531,94.68000030517578,2201.0
57.959999084472656,95.04000091552734,2202.0
59.47999954223633,220.67999267578125,2203.0
58.52000045776367,100.27999877929688,2204.0
59.560001373291016,97.63999938964844,2205.0
58.36000061035156,96.91999816894533,2206.0
58.84000015258789,66.31999969482422,2207.0
58.59999847412109,100.63999938964844,2208.0
59.2400016784668,101.1999969482422,2209.0
59.2400016784668,95.4000015258789,2210.0
59.2400016784668,94.4800033569336,2211.0
59.08000183105469,239.9600067138672,2212.0
60.43999862670898,94.91999816894533,2213.0
59.119998931884766,60.08000183105469,2214.0
59.47999954223633,239.9600067138672,2215.0
59.43999862670898,239.9600067138672,2216.0
59.47999954223633,78.31999969482422,2217.0
58.68000030517578,239.9600067138672,2218.0
58.59999847412109,61.59999847412109,2219.0
58.68000030517578,58.52000045776367,2220.0
58.27999877929688,96.87999725341795,2221.0
58.59999847412109,61.400001525878906,2222.0
57.720001220703125,57.63999938964844,2223.0
58.400001525878906,105.4800033569336,2224.0
58.91999816894531,63.15999984741211,2225.0
58.880001068115234,63.31999969482422,2226.0
59.47999954223633,181.72000122070312,2227.0
58.84000015258789,71.27999877929688,2228.0
59.7599983215332,94.4000015258789,2229.0
58.84000015258789,68.72000122070312,2230.0
59.31999969482422,86.55999755859375,2231.0
60.2400016784668,92.76000213623048,2232.0
59.36000061035156,91.04000091552734,2233.0
59.31999969482422,203.55999755859372,2234.0
58.59999847412109,239.9600067138672,2235.0
58.47999954223633,99.63999938964844,2236.0
57.43999862670898,239.9600067138672,2237.0
58.560001373291016,92.27999877929688,2238.0
59.040000915527344,91.91999816894533,2239.0
58.59999847412109,212.27999877929688,2240.0
59.560001373291016,94.68000030517578,2241.0
58.7599983215332,227.32000732421875,2242.0
59.720001220703125,239.9600067138672,2243.0
59.36000061035156,62.84000015258789,2244.0
59.31999969482422,87.91999816894531,2245.0
59.560001373291016,84.72000122070312,2246.0
59.720001220703125,62.7599983215332,2247.0
60.43999862670898,62.63999938964844,2248.0
58.959999084472656,86.4800033569336,2249.0
58.43999862670898,230.9199981689453,2250.0
58.68000030517578,93.91999816894533,2251.0
58.91999816894531,93.5999984741211,2252.0
58.52000045776367,92.08000183105467,2253.0
59.91999816894531,93.27999877929688,2254.0
58.720001220703125,176.67999267578125,2255.0
58.36000061035156,79.16000366210938,2256.0
59.68000030517578,86.12000274658203,2257.0
59.84000015258789,84.95999908447266,2258.0
58.720001220703125,217.72000122070312,2259.0
58.68000030517578,94.31999969482422,2260.0
58.27999877929688,93.04000091552734,2261.0
59.31999969482422,86.76000213623047,2262.0
59.36000061035156,73.55999755859375,2263.0
59.47999954223633,79.4800033569336,2264.0
59.2400016784668,76.91999816894531,2265.0
58.720001220703125,79.4000015258789,2266.0
58.720001220703125,75.76000213623047,2267.0
58.27999877929688,99.4000015258789,2268.0
60.20000076293945,62.52000045776367,2269.0
58.91999816894531,239.9600067138672,2270.0
59.08000183105469,69.16000366210938,2271.0
60.27999877929688,70.31999969482422,2272.0
59.08000183105469,68.83999633789062,2273.0
58.7599983215332,92.23999786376952,2274.0
59.36000061035156,90.04000091552734,2275.0
59.2400016784668,92.1999969482422,2276.0
59.31999969482422,89.72000122070312,2277.0
58.68000030517578,83.27999877929688,2278.0
58.720001220703125,82.36000061035156,2279.0
59.43999862670898,82.27999877929688,2280.0
59.2400016784668,84.08000183105469,2281.0
59.36000061035156,82.31999969482422,2282.0
59.36000061035156,68.23999786376953,2283.0
59.43999862670898,210.1199951171875,2284.0
59.0,68.4800033569336,2285.0
59.36000061035156,239.9600067138672,2286.0
59.15999984741211,239.9600067138672,2287.0
58.68000030517578,64.5199966430664,2288.0
59.43999862670898,239.9600067138672,2289.0
59.2400016784668,239.9600067138672,2290.0
59.31999969482422,239.44000244140625,2291.0
58.68000030517578,239.9600067138672,2292.0
59.36000061035156,71.0,2293.0
59.47999954223633,69.95999908447266,2294.0
59.47999954223633,77.19999694824219,2295.0
59.15999984741211,64.83999633789062,2296.0
59.400001525878906,228.0399932861328,2297.0
59.119998931884766,0.0,2298.0
59.31999969482422,74.0,2299.0
59.2400016784668,67.44000244140625,2300.0
59.63999938964844,67.08000183105469,2301.0
59.47999954223633,68.19999694824219,2302.0
59.2400016784668,0.0,2303.0
59.63999938964844,68.19999694824219,2304.0
59.91999816894531,61.720001220703125,2305.0
59.0,218.8000030517578,2306.0
59.15999984741211,89.87999725341797,2307.0
59.31999969482422,89.04000091552734,2308.0
59.2400016784668,90.63999938964844,2309.0
59.2400016784668,239.9600067138672,2310.0
59.2400016784668,95.44000244140624,2311.0
58.68000030517578,87.91999816894531,2312.0
59.31999969482422,63.2400016784668,2313.0
58.560001373291016,64.76000213623047,2314.0
59.0,67.5999984741211,2315.0
59.400001525878906,66.0,2316.0
58.59999847412109,239.9600067138672,2317.0
58.040000915527344,62.63999938964844,2318.0
58.7599983215332,136.55999755859375,2319.0
59.36000061035156,141.52000427246094,2320.0
59.08000183105469,88.80000305175781,2321.0
59.68000030517578,89.04000091552734,2322.0
59.880001068115234,81.0,2323.0
59.0,230.5200042724609,2324.0
59.2400016784668,231.1199951171875,2325.0
58.84000015258789,90.31999969482422,2326.0
58.59999847412109,88.72000122070312,2327.0
59.0,88.87999725341797,2328.0
59.880001068115234,73.31999969482422,2329.0
59.0,90.23999786376952,2330.0
59.15999984741211,88.72000122070312,2331.0
58.79999923706055,88.80000305175781,2332.0
58.720001220703125,88.63999938964844,2333.0
58.27999877929688,66.04000091552734,2334.0
58.84000015258789,75.36000061035156,2335.0
59.36000061035156,85.91999816894531,2336.0
58.91999816894531,67.23999786376953,2337.0
58.84000015258789,225.47999572753903,2338.0
59.36000061035156,203.63999938964844,2339.0
59.880001068115234,90.44000244140624,2340.0
59.79999923706055,67.44000244140625,2341.0
59.20000076293945,65.63999938964844,2342.0
59.400001525878906,67.95999908447266,2343.0
59.560001373291016,239.9600067138672,2344.0
59.31999969482422,68.55999755859375,2345.0
59.31999969482422,92.4000015258789,2346.0
59.08000183105469,227.8000030517578,2347.0
60.08000183105469,210.75999450683597,2348.0
59.79999923706055,0.0,2349.0
60.43999862670898,93.76000213623048,2350.0
60.36000061035156,228.83999633789065,2351.0
59.2400016784668,63.36000061035156,2352.0
59.560001373291016,0.0,2353.0
59.400001525878906,0.0,2354.0
58.59999847412109,68.68000030517578,2355.0
58.7599983215332,0.0,2356.0
59.2400016784668,68.87999725341797,2357.0
58.84000015258789,0.0,2358.0
59.84000015258789,206.0399932861328,2359.0
59.20000076293945,0.0,2360.0
59.15999984741211,68.80000305175781,2361.0
59.47999954223633,69.5999984741211,2362.0
59.47999954223633,69.63999938964844,2363.0
59.15999984741211,72.23999786376953,2364.0
59.0,239.9600067138672,2365.0
59.36000061035156,0.0,2366.0
59.36000061035156,72.55999755859375,2367.0
59.79999923706055,69.68000030517578,2368.0
59.47999954223633,227.72000122070312,2369.0
59.15999984741211,63.119998931884766,2370.0
59.47999954223633,221.1999969482422,2371.0
58.43999862670898,223.1999969482422,2372.0
58.47999954223633,66.4000015258789,2373.0
58.84000015258789,217.47999572753903,2374.0
58.7599983215332,89.4000015258789,2375.0
59.15999984741211,77.0,2376.0
58.52000045776367,230.32000732421875,2377.0
59.08000183105469,76.55999755859375,2378.0
59.08000183105469,239.9600067138672,2379.0
59.720001220703125,80.4800033569336,2380.0
60.119998931884766,80.5199966430664,2381.0
58.36000061035156,73.36000061035156,2382.0
58.59999847412109,80.83999633789062,2383.0
61.0,92.23999786376952,2384.0
59.880001068115234,70.31999969482422,2385.0
59.47999954223633,68.31999969482422,2386.0
59.15999984741211,79.63999938964844,2387.0
60.560001373291016,80.55999755859375,2388.0
58.91999816894531,79.4000015258789,2389.0
58.59999847412109,76.72000122070312,2390.0
58.7599983215332,239.9600067138672,2391.0
58.7599983215332,71.80000305175781,2392.0
59.959999084472656,70.55999755859375,2393.0
58.68000030517578,145.8800048828125,2394.0
58.52000045776367,145.39999389648438,2395.0
58.59999847412109,87.76000213623047,2396.0
59.2400016784668,79.83999633789062,2397.0
59.040000915527344,81.31999969482422,2398.0
59.7599983215332,83.31999969482422,2399.0
59.36000061035156,74.31999969482422,2400.0
59.15999984741211,68.76000213623047,2401.0
59.15999984741211,239.9600067138672,2402.0
58.91999816894531,92.16000366210938,2403.0
59.400001525878906,69.0,2404.0
58.52000045776367,71.4000015258789,2405.0
58.52000045776367,239.9600067138672,2406.0
57.84000015258789,60.84000015258789,2407.0
57.63999938964844,239.9600067138672,2408.0
58.119998931884766,0.0,2409.0
59.08000183105469,65.68000030517578,2410.0
59.79999923706055,79.72000122070312,2411.0
58.84000015258789,79.72000122070312,2412.0
58.84000015258789,201.3999938964844,2413.0
59.400001525878906,68.55999755859375,2414.0
59.15999984741211,68.95999908447266,2415.0
59.400001525878906,0.0,2416.0
59.400001525878906,90.27999877929688,2417.0
59.040000915527344,89.76000213623047,2418.0
58.84000015258789,88.76000213623047,2419.0
58.27999877929688,88.4800033569336,2420.0
58.7599983215332,88.23999786376953,2421.0
58.7599983215332,87.19999694824219,2422.0
58.52000045776367,87.19999694824219,2423.0
58.400001525878906,86.63999938964844,2424.0
58.68000030517578,85.91999816894531,2425.0
58.43999862670898,84.04000091552734,2426.0
59.119998931884766,85.19999694824219,2427.0
58.36000061035156,92.83999633789062,2428.0
58.560001373291016,239.9600067138672,2429.0
58.36000061035156,222.0399932861328,2430.0
58.59999847412109,92.95999908447266,2431.0
59.0,91.76000213623048,2432.0
60.20000076293945,92.4800033569336,2433.0
59.27999877929688,98.87999725341795,2434.0
59.08000183105469,82.63999938964844,2435.0
59.400001525878906,83.95999908447266,2436.0
59.560001373291016,83.80000305175781,2437.0
58.91999816894531,83.63999938964844,2438.0
59.0,83.63999938964844,2439.0
58.20000076293945,84.31999969482422,2440.0
59.0,221.3999938964844,2441.0
58.47999954223633,87.55999755859375,2442.0
58.08000183105469,87.27999877929688,2443.0
58.43999862670898,86.68000030517578,2444.0
58.36000061035156,86.0,2445.0
58.68000030517578,85.76000213623047,2446.0
58.27999877929688,85.87999725341797,2447.0
58.880001068115234,85.91999816894531,2448.0
58.720001220703125,94.55999755859376,2449.0
59.36000061035156,80.87999725341797,2450.0
59.0,79.95999908447266,2451.0
59.52000045776367,83.95999908447266,2452.0
59.15999984741211,84.76000213623047,2453.0
58.91999816894531,83.83999633789062,2454.0
57.84000015258789,80.68000030517578,2455.0
58.7599983215332,80.83999633789062,2456.0
58.59999847412109,234.6000061035156,2457.0
58.84000015258789,79.80000305175781,2458.0
59.08000183105469,80.72000122070312,2459.0
58.91999816894531,91.91999816894533,2460.0
58.7599983215332,227.0,2461.0
59.31999969482422,226.75999450683597,2462.0
59.52000045776367,226.8000030517578,2463.0
59.20000076293945,84.12000274658203,2464.0
59.08000183105469,61.68000030517578,2465.0
57.880001068115234,86.23999786376953,2466.0
58.91999816894531,68.19999694824219,2467.0
58.0,68.44000244140625,2468.0
59.15999984741211,65.68000030517578,2469.0
58.43999862670898,62.43999862670898,2470.0
59.15999984741211,69.23999786376953,2471.0
60.52000045776367,72.08000183105469,2472.0
58.59999847412109,93.63999938964844,2473.0
58.880001068115234,93.8000030517578,2474.0
59.36000061035156,93.44000244140624,2475.0
59.0,92.4800033569336,2476.0
58.27999877929688,179.67999267578125,2477.0
59.08000183105469,81.36000061035156,2478.0
58.59999847412109,82.4000015258789,2479.0
58.52000045776367,68.5999984741211,2480.0
58.59999847412109,68.63999938964844,2481.0
58.91999816894531,71.80000305175781,2482.0
59.31999969482422,79.4800033569336,2483.0
58.20000076293945,79.4800033569336,2484.0
58.2400016784668,111.8000030517578,2485.0
59.27999877929688,70.04000091552734,2486.0
59.31999969482422,220.67999267578125,2487.0
59.0,85.68000030517578,2488.0
58.36000061035156,71.27999877929688,2489.0
59.84000015258789,69.31999969482422,2490.0
59.0,84.5199966430664,2491.0
58.560001373291016,89.19999694824219,2492.0
58.91999816894531,92.4000015258789,2493.0
58.959999084472656,91.5199966430664,2494.0
60.400001525878906,77.5199966430664,2495.0
59.400001525878906,71.5999984741211,2496.0
59.27999877929688,71.19999694824219,2497.0
59.400001525878906,70.55999755859375,2498.0
58.560001373291016,70.72000122070312,2499.0
58.2400016784668,69.55999755859375,2500.0
58.52000045776367,78.5999984741211,2501.0
59.040000915527344,68.76000213623047,2502.0
59.0,78.63999938964844,2503.0
58.7599983215332,80.83999633789062,2504.0
59.400001525878906,80.4800033569336,2505.0
59.91999816894531,81.08000183105469,2506.0
59.400001525878906,79.23999786376953,2507.0
59.400001525878906,88.80000305175781,2508.0
59.2400016784668,86.0,2509.0
60.0,79.76000213623047,2510.0
58.400001525878906,78.68000030517578,2511.0
58.560001373291016,78.4800033569336,2512.0
59.08000183105469,78.27999877929688,2513.0
58.52000045776367,79.0,2514.0
58.68000030517578,230.47999572753903,2515.0
58.84000015258789,78.27999877929688,2516.0
59.79999923706055,69.19999694824219,2517.0
59.400001525878906,69.16000366210938,2518.0
60.47999954223633,67.4000015258789,2519.0
59.36000061035156,94.27999877929688,2520.0
59.119998931884766,81.4000015258789,2521.0
58.91999816894531,71.44000244140625,2522.0
59.15999984741211,231.16000366210935,2523.0
59.040000915527344,89.12000274658203,2524.0
59.400001525878906,80.72000122070312,2525.0
58.63999938964844,89.95999908447266,2526.0
58.880001068115234,79.31999969482422,2527.0
58.84000015258789,79.19999694824219,2528.0
58.040000915527344,78.4800033569336,2529.0
57.91999816894531,239.9600067138672,2530.0
57.560001373291016,67.4000015258789,2531.0
57.79999923706055,67.68000030517578,2532.0
58.79999923706055,66.80000305175781,2533.0
58.43999862670898,67.31999969482422,2534.0
60.119998931884766,65.36000061035156,2535.0
59.79999923706055,66.0,2536.0
59.36000061035156,231.16000366210935,2537.0
58.119998931884766,88.76000213623047,2538.0
57.79999923706055,67.91999816894531,2539.0
58.560001373291016,67.08000183105469,2540.0
58.7599983215332,228.0399932861328,2541.0
59.040000915527344,228.1999969482422,2542.0
59.400001525878906,228.6000061035156,2543.0
59.0,67.80000305175781,2544.0
59.31999969482422,227.8000030517578,2545.0
59.63999938964844,65.31999969482422,2546.0
59.59999847412109,65.76000213623047,2547.0
60.08000183105469,64.36000061035156,2548.0
59.2400016784668,225.16000366210935,2549.0
59.720001220703125,225.3999938964844,2550.0
59.63999938964844,227.9600067138672,2551.0
59.36000061035156,67.87999725341797,2552.0
59.119998931884766,67.63999938964844,2553.0
59.880001068115234,89.4800033569336,2554.0
59.15999984741211,90.31999969482422,2555.0
58.79999923706055,89.08000183105469,2556.0
59.20000076293945,90.04000091552734,2557.0
58.68000030517578,90.83999633789062,2558.0
58.560001373291016,88.91999816894531,2559.0
58.15999984741211,85.68000030517578,2560.0
59.59999847412109,113.23999786376952,2561.0
59.59999847412109,79.27999877929688,2562.0
59.08000183105469,76.31999969482422,2563.0
58.720001220703125,82.19999694824219,2564.0
57.68000030517578,224.47999572753903,2565.0
58.400001525878906,67.95999908447266,2566.0
58.959999084472656,73.4000015258789,2567.0
58.84000015258789,71.95999908447266,2568.0
58.59999847412109,89.4000015258789,2569.0
59.15999984741211,78.31999969482422,2570.0
59.43999862670898,89.23999786376953,2571.0
59.720001220703125,88.87999725341797,2572.0
58.560001373291016,87.4000015258789,2573.0
59.720001220703125,80.4000015258789,2574.0
59.47999954223633,69.27999877929688,2575.0
58.59999847412109,234.0,2576.0
58.040000915527344,217.0800018310547,2577.0
58.59999847412109,70.68000030517578,2578.0
57.84000015258789,89.08000183105469,2579.0
57.880001068115234,76.68000030517578,2580.0
59.15999984741211,76.87999725341797,2581.0
58.43999862670898,76.87999725341797,2582.0
58.68000030517578,77.19999694824219,2583.0
58.79999923706055,239.55999755859372,2584.0
58.68000030517578,76.87999725341797,2585.0
58.880001068115234,76.87999725341797,2586.0
59.08000183105469,77.16000366210938,2587.0
59.0,79.5199966430664,2588.0
59.84000015258789,79.44000244140625,2589.0
58.84000015258789,78.44000244140625,2590.0
59.08000183105469,82.72000122070312,2591.0
59.560001373291016,82.55999755859375,2592.0
58.91999816894531,61.31999969482422,2593.0
58.59999847412109,60.91999816894531,2594.0
59.0,226.63999938964844,2595.0
57.84000015258789,227.55999755859372,2596.0
58.68000030517578,59.31999969482422,2597.0
58.84000015258789,239.9600067138672,2598.0
58.59999847412109,61.27999877929688,2599.0
59.20000076293945,61.63999938964844,2600.0
60.20000076293945,82.5999984741211,2601.0
60.43999862670898,63.7599983215332,2602.0
58.7599983215332,77.44000244140625,2603.0
58.43999862670898,79.31999969482422,2604.0
58.84000015258789,84.95999908447266,2605.0
57.79999923706055,81.27999877929688,2606.0
57.63999938964844,72.83999633789062,2607.0
58.08000183105469,84.36000061035156,2608.0
58.91999816894531,81.36000061035156,2609.0
57.79999923706055,83.83999633789062,2610.0
57.880001068115234,62.47999954223633,2611.0
58.68000030517578,82.4000015258789,2612.0
59.400001525878906,81.55999755859375,2613.0
59.08000183105469,81.5199966430664,2614.0
59.08000183105469,219.47999572753903,2615.0
59.040000915527344,79.16000366210938,2616.0
58.27999877929688,74.95999908447266,2617.0
57.959999084472656,78.5999984741211,2618.0
57.52000045776367,81.36000061035156,2619.0
56.59999847412109,82.80000305175781,2620.0
58.20000076293945,81.31999969482422,2621.0
58.560001373291016,79.68000030517578,2622.0
58.7599983215332,83.31999969482422,2623.0
58.68000030517578,0.0,2624.0
57.52000045776367,68.4000015258789,2625.0
56.20000076293945,60.880001068115234,2626.0
58.08000183105469,89.12000274658203,2627.0
57.560001373291016,82.87999725341797,2628.0
58.040000915527344,67.87999725341797,2629.0
57.63999938964844,62.52000045776367,2630.0
57.560001373291016,82.16000366210938,2631.0
58.119998931884766,82.63999938964844,2632.0
58.27999877929688,83.0,2633.0
58.119998931884766,82.4000015258789,2634.0
59.040000915527344,82.55999755859375,2635.0
58.15999984741211,72.87999725341797,2636.0
58.59999847412109,79.08000183105469,2637.0
58.119998931884766,73.76000213623047,2638.0
58.119998931884766,76.55999755859375,2639.0
57.560001373291016,70.19999694824219,2640.0
58.7599983215332,76.08000183105469,2641.0
57.52000045776367,75.55999755859375,2642.0
58.43999862670898,61.27999877929688,2643.0
58.52000045776367,83.27999877929688,2644.0
59.08000183105469,82.72000122070312,2645.0
58.560001373291016,83.63999938964844,2646.0
58.47999954223633,83.80000305175781,2647.0
58.7599983215332,206.8800048828125,2648.0
58.31999969482422,239.9600067138672,2649.0
58.040000915527344,82.55999755859375,2650.0
58.84000015258789,82.55999755859375,2651.0
58.43999862670898,82.55999755859375,2652.0
58.20000076293945,80.4000015258789,2653.0
57.84000015258789,82.95999908447266,2654.0
57.720001220703125,84.23999786376953,2655.0
57.63999938964844,83.04000091552734,2656.0
57.79999923706055,82.63999938964844,2657.0
58.08000183105469,79.5999984741211,2658.0
46.119998931884766,81.63999938964844,2659.0
63.27999877929688,63.79999923706055,2660.0
215.9199981689453,86.44000244140625,2661.0
215.9199981689453,239.9600067138672,2662.0
44.560001373291016,222.1999969482422,2663.0
60.119998931884766,82.80000305175781,2664.0
59.20000076293945,82.68000030517578,2665.0
82.27999877929688,82.44000244140625,2666.0
82.36000061035156,82.31999969482422,2667.0
57.79999923706055,98.0,2668.0
57.52000045776367,82.5199966430664,2669.0
57.31999969482422,82.23999786376953,2670.0
59.59999847412109,83.12000274658203,2671.0
57.959999084472656,83.0,2672.0
57.20000076293945,82.72000122070312,2673.0
57.959999084472656,82.31999969482422,2674.0
54.43999862670898,82.5199966430664,2675.0
57.560001373291016,82.55999755859375,2676.0
59.040000915527344,82.80000305175781,2677.0
58.720001220703125,82.63999938964844,2678.0
62.79999923706055,82.76000213623047,2679.0
56.91999816894531,82.91999816894531,2680.0
59.400001525878906,82.72000122070312,2681.0
59.720001220703125,82.72000122070312,2682.0
58.63999938964844,62.119998931884766,2683.0
58.7599983215332,82.16000366210938,2684.0
58.36000061035156,82.4800033569336,2685.0
58.20000076293945,82.68000030517578,2686.0
57.720001220703125,81.76000213623047,2687.0
59.43999862670898,81.44000244140625,2688.0
58.040000915527344,82.72000122070312,2689.0
58.0,82.68000030517578,2690.0
59.119998931884766,82.4000015258789,2691.0
57.720001220703125,83.16000366210938,2692.0
59.2400016784668,80.87999725341797,2693.0
59.79999923706055,77.5199966430664,2694.0
58.119998931884766,80.4800033569336,2695.0
58.43999862670898,82.80000305175781,2696.0
58.52000045776367,81.68000030517578,2697.0
58.36000061035156,73.36000061035156,2698.0
58.20000076293945,82.4800033569336,2699.0
58.91999816894531,80.83999633789062,2700.0
59.2400016784668,82.31999969482422,2701.0
57.720001220703125,80.12000274658203,2702.0
58.79999923706055,80.76000213623047,2703.0
58.79999923706055,78.63999938964844,2704.0
58.36000061035156,81.63999938964844,2705.0
58.59999847412109,74.31999969482422,2706.0
59.119998931884766,80.44000244140625,2707.0
60.20000076293945,81.27999877929688,2708.0
59.47999954223633,80.4800033569336,2709.0
56.36000061035156,64.4000015258789,2710.0
42.79999923706055,64.95999908447266,2711.0
59.040000915527344,80.72000122070312,2712.0
59.36000061035156,81.87999725341797,2713.0
58.59999847412109,66.16000366210938,2714.0
58.59999847412109,74.76000213623047,2715.0
58.27999877929688,78.36000061035156,2716.0
58.400001525878906,78.16000366210938,2717.0
58.959999084472656,62.20000076293945,2718.0
58.84000015258789,62.20000076293945,2719.0
59.27999877929688,62.43999862670898,2720.0
57.400001525878906,63.880001068115234,2721.0
59.79999923706055,77.5999984741211,2722.0
58.31999969482422,78.4800033569336,2723.0
58.27999877929688,79.44000244140625,2724.0
57.7599983215332,63.0,2725.0
60.36000061035156,80.76000213623047,2726.0
59.79999923706055,80.19999694824219,2727.0
58.84000015258789,79.83999633789062,2728.0
58.20000076293945,79.5199966430664,2729.0
58.7599983215332,79.27999877929688,2730.0
58.040000915527344,79.23999786376953,2731.0
58.43999862670898,79.19999694824219,2732.0
58.15999984741211,78.31999969482422,2733.0
58.91999816894531,79.31999969482422,2734.0
58.59999847412109,79.55999755859375,2735.0
58.79999923706055,79.23999786376953,2736.0
58.959999084472656,79.55999755859375,2737.0
58.63999938964844,79.5999984741211,2738.0
58.27999877929688,80.19999694824219,2739.0
58.91999816894531,224.1999969482422,2740.0
59.119998931884766,75.68000030517578,2741.0
58.52000045776367,76.23999786376953,2742.0
59.400001525878906,76.31999969482422,2743.0
61.08000183105469,75.95999908447266,2744.0
59.52000045776367,75.55999755859375,2745.0
59.0,62.59999847412109,2746.0
58.43999862670898,68.87999725341797,2747.0
59.31999969482422,78.4800033569336,2748.0
60.0,70.27999877929688,2749.0
58.7599983215332,78.63999938964844,2750.0
59.47999954223633,227.9199981689453,2751.0
58.7599983215332,78.4800033569336,2752.0
59.27999877929688,79.16000366210938,2753.0
60.119998931884766,77.04000091552734,2754.0
59.91999816894531,79.04000091552734,2755.0
59.2400016784668,78.80000305175781,2756.0
59.59999847412109,88.91999816894531,2757.0
59.79999923706055,79.04000091552734,2758.0
58.91999816894531,78.16000366210938,2759.0
59.15999984741211,77.80000305175781,2760.0
59.959999084472656,228.9199981689453,2761.0
59.15999984741211,108.63999938964844,2762.0
58.91999816894531,74.72000122070312,2763.0
60.040000915527344,226.83999633789065,2764.0
59.119998931884766,108.76000213623048,2765.0
59.720001220703125,64.72000122070312,2766.0
61.0,66.04000091552734,2767.0
58.400001525878906,76.55999755859375,2768.0
59.7599983215332,77.91999816894531,2769.0
57.36000061035156,76.16000366210938,2770.0
58.7599983215332,67.5199966430664,2771.0
58.52000045776367,65.19999694824219,2772.0
59.91999816894531,62.63999938964844,2773.0
59.08000183105469,62.47999954223633,2774.0
58.79999923706055,62.20000076293945,2775.0
58.400001525878906,116.91999816894533,2776.0
58.84000015258789,69.16000366210938,2777.0
59.63999938964844,68.95999908447266,2778.0
58.43999862670898,65.63999938964844,2779.0
59.27999877929688,239.9600067138672,2780.0
58.43999862670898,62.15999984741211,2781.0
59.84000015258789,226.27999877929688,2782.0
59.84000015258789,63.20000076293945,2783.0
59.040000915527344,79.12000274658203,2784.0
59.84000015258789,79.72000122070312,2785.0
58.400001525878906,239.9600067138672,2786.0
58.119998931884766,79.55999755859375,2787.0
59.0,81.5199966430664,2788.0
58.47999954223633,231.3999938964844,2789.0
59.560001373291016,61.63999938964844,2790.0
59.79999923706055,61.79999923706055,2791.0
57.47999954223633,67.63999938964844,2792.0
58.59999847412109,62.52000045776367,2793.0
57.560001373291016,88.19999694824219,2794.0
57.119998931884766,88.36000061035156,2795.0
59.119998931884766,70.27999877929688,2796.0
58.52000045776367,116.12000274658205,2797.0
58.040000915527344,239.9600067138672,2798.0
58.040000915527344,82.27999877929688,2799.0
58.400001525878906,62.91999816894531,2800.0
58.119998931884766,62.47999954223633,2801.0
58.08000183105469,62.27999877929688,2802.0
58.15999984741211,62.27999877929688,2803.0
59.400001525878906,87.91999816894531,2804.0
58.68000030517578,239.9600067138672,2805.0
58.91999816894531,69.4800033569336,2806.0
59.2400016784668,63.119998931884766,2807.0
58.08000183105469,63.08000183105469,2808.0
58.52000045776367,63.400001525878906,2809.0
59.959999084472656,62.560001373291016,2810.0
61.08000183105469,63.119998931884766,2811.0
58.52000045776367,239.9600067138672,2812.0
58.91999816894531,63.2400016784668,2813.0
58.720001220703125,63.119998931884766,2814.0
59.720001220703125,98.63999938964844,2815.0
58.59999847412109,71.23999786376953,2816.0
58.43999862670898,70.12000274658203,2817.0
57.59999847412109,98.83999633789062,2818.0
59.08000183105469,63.400001525878906,2819.0
58.0,69.0,2820.0
58.27999877929688,69.4800033569336,2821.0
58.720001220703125,67.91999816894531,2822.0
57.959999084472656,67.68000030517578,2823.0
57.040000915527344,66.4800033569336,2824.0
59.400001525878906,98.12000274658205,2825.0
58.59999847412109,98.87999725341795,2826.0
58.68000030517578,98.72000122070312,2827.0
58.84000015258789,99.36000061035156,2828.0
58.31999969482422,100.04000091552734,2829.0
59.68000030517578,100.5999984741211,2830.0
58.27999877929688,100.27999877929688,2831.0
58.720001220703125,100.4000015258789,2832.0
60.959999084472656,100.04000091552734,2833.0
59.15999984741211,99.4800033569336,2834.0
59.040000915527344,72.76000213623047,2835.0
59.08000183105469,87.08000183105469,2836.0
60.91999816894531,100.1999969482422,2837.0
59.119998931884766,99.04000091552734,2838.0
58.400001525878906,67.44000244140625,2839.0
62.0,61.84000015258789,2840.0
59.15999984741211,68.04000091552734,2841.0
58.720001220703125,68.36000061035156,2842.0
58.27999877929688,239.9600067138672,2843.0
59.040000915527344,99.95999908447266,2844.0
58.59999847412109,99.87999725341795,2845.0
58.84000015258789,99.44000244140624,2846.0
57.43999862670898,99.55999755859376,2847.0
60.43999862670898,99.23999786376952,2848.0
58.43999862670898,65.95999908447266,2849.0
59.91999816894531,66.5999984741211,2850.0
57.68000030517578,68.27999877929688,2851.0
58.959999084472656,68.19999694824219,2852.0
58.47999954223633,67.44000244140625,2853.0
60.0,89.4000015258789,2854.0
60.27999877929688,63.08000183105469,2855.0
59.84000015258789,87.5999984741211,2856.0
59.31999969482422,239.9600067138672,2857.0
59.43999862670898,99.4000015258789,2858.0
59.31999969482422,99.55999755859376,2859.0
59.47999954223633,68.87999725341797,2860.0
59.2400016784668,68.80000305175781,2861.0
59.15999984741211,70.80000305175781,2862.0
58.7599983215332,87.4000015258789,2863.0
59.7599983215332,86.4800033569336,2864.0
59.36000061035156,73.04000091552734,2865.0
58.36000061035156,72.91999816894531,2866.0
58.7599983215332,83.31999969482422,2867.0
59.27999877929688,82.80000305175781,2868.0
61.52000045776367,62.560001373291016,2869.0
59.720001220703125,97.4000015258789,2870.0
62.2400016784668,63.119998931884766,2871.0
59.79999923706055,63.119998931884766,2872.0
60.2400016784668,63.08000183105469,2873.0
59.2400016784668,74.08000183105469,2874.0
59.400001525878906,69.12000274658203,2875.0
59.0,82.12000274658203,2876.0
58.560001373291016,80.27999877929688,2877.0
59.400001525878906,98.68000030517578,2878.0
58.59999847412109,137.72000122070312,2879.0
58.79999923706055,228.32000732421875,2880.0
59.47999954223633,126.55999755859376,2881.0
59.7599983215332,211.9600067138672,2882.0
59.08000183105469,62.43999862670898,2883.0
59.400001525878906,69.16000366210938,2884.0
59.2400016784668,226.9600067138672,2885.0
58.68000030517578,87.83999633789062,2886.0
58.79999923706055,226.67999267578125,2887.0
59.0,86.87999725341797,2888.0
58.84000015258789,228.75999450683597,2889.0
58.52000045776367,71.76000213623047,2890.0
58.59999847412109,69.5199966430664,2891.0
58.68000030517578,70.04000091552734,2892.0
58.68000030517578,68.68000030517578,2893.0
58.7599983215332,78.04000091552734,2894.0
58.15999984741211,68.04000091552734,2895.0
58.400001525878906,77.55999755859375,2896.0
58.400001525878906,68.36000061035156,2897.0
58.84000015258789,89.31999969482422,2898.0
59.880001068115234,68.5199966430664,2899.0
58.959999084472656,68.76000213623047,2900.0
59.400001525878906,62.20000076293945,2901.0
60.68000030517578,62.15999984741211,2902.0
59.720001220703125,81.36000061035156,2903.0
60.15999984741211,81.36000061035156,2904.0
60.2400016784668,86.19999694824219,2905.0
59.040000915527344,67.44000244140625,2906.0
59.560001373291016,78.87999725341797,2907.0
59.560001373291016,80.08000183105469,2908.0
59.20000076293945,80.91999816894531,2909.0
59.15999984741211,81.83999633789062,2910.0
59.2400016784668,81.72000122070312,2911.0
58.52000045776367,81.04000091552734,2912.0
59.27999877929688,79.36000061035156,2913.0
58.91999816894531,228.0800018310547,2914.0
59.119998931884766,228.0,2915.0
60.52000045776367,62.7599983215332,2916.0
58.400001525878906,62.27999877929688,2917.0
60.36000061035156,62.040000915527344,2918.0
58.43999862670898,62.400001525878906,2919.0
57.36000061035156,64.5199966430664,2920.0
57.36000061035156,61.2400016784668,2921.0
58.0,64.44000244140625,2922.0
24.239999771118164,64.19999694824219,2923.0
59.959999084472656,64.23999786376953,2924.0
59.27999877929688,64.72000122070312,2925.0
61.119998931884766,62.119998931884766,2926.0
60.84000015258789,62.59999847412109,2927.0
60.15999984741211,62.560001373291016,2928.0
60.7599983215332,62.91999816894531,2929.0
59.63999938964844,62.79999923706055,2930.0
60.400001525878906,63.119998931884766,2931.0
59.08000183105469,63.08000183105469,2932.0
56.84000015258789,63.27999877929688,2933.0
61.43999862670898,63.08000183105469,2934.0
59.400001525878906,63.0,2935.0
59.27999877929688,63.43999862670898,2936.0
57.59999847412109,80.4000015258789,2937.0
60.68000030517578,62.84000015258789,2938.0
63.2400016784668,63.47999954223633,2939.0
57.47999954223633,63.880001068115234,2940.0
57.52000045776367,64.36000061035156,2941.0
57.79999923706055,63.400001525878906,2942.0
57.720001220703125,63.52000045776367,2943.0
57.400001525878906,65.12000274658203,2944.0
58.2400016784668,62.880001068115234,2945.0
57.52000045776367,62.880001068115234,2946.0
58.59999847412109,62.20000076293945,2947.0
59.400001525878906,61.84000015258789,2948.0
60.7599983215332,61.720001220703125,2949.0
59.880001068115234,61.84000015258789,2950.0
60.52000045776367,62.2400016784668,2951.0
61.959999084472656,62.2400016784668,2952.0
62.15999984741211,62.31999969482422,2953.0
62.43999862670898,62.43999862670898,2954.0
63.08000183105469,63.08000183105469,2955.0
61.720001220703125,62.7599983215332,2956.0
56.52000045776367,62.880001068115234,2957.0
57.08000183105469,63.20000076293945,2958.0
57.36000061035156,63.31999969482422,2959.0
63.400001525878906,63.43999862670898,2960.0
63.08000183105469,63.400001525878906,2961.0
62.52000045776367,63.040000915527344,2962.0
62.7599983215332,62.7599983215332,2963.0
58.959999084472656,61.20000076293945,2964.0
58.27999877929688,62.47999954223633,2965.0
58.59999847412109,62.880001068115234,2966.0
23.1200008392334,63.0,2967.0
59.0,63.08000183105469,2968.0
59.15999984741211,63.08000183105469,2969.0
59.08000183105469,63.119998931884766,2970.0
59.08000183105469,63.15999984741211,2971.0
58.959999084472656,63.2400016784668,2972.0
59.47999954223633,63.08000183105469,2973.0
59.0,62.36000061035156,2974.0
58.119998931884766,62.040000915527344,2975.0
58.20000076293945,62.040000915527344,2976.0
58.20000076293945,61.959999084472656,2977.0
58.43999862670898,62.119998931884766,2978.0
59.36000061035156,62.15999984741211,2979.0
60.15999984741211,62.47999954223633,2980.0
61.36000061035156,62.27999877929688,2981.0
57.36000061035156,62.36000061035156,2982.0
60.880001068115234,62.2400016784668,2983.0
223.27999877929688,62.400001525878906,2984.0
62.27999877929688,62.59999847412109,2985.0
60.2400016784668,62.15999984741211,2986.0
59.43999862670898,62.7599983215332,2987.0
59.880001068115234,62.119998931884766,2988.0
58.720001220703125,62.560001373291016,2989.0
58.560001373291016,62.43999862670898,2990.0
58.47999954223633,61.79999923706055,2991.0
58.959999084472656,62.08000183105469,2992.0
59.43999862670898,61.119998931884766,2993.0
59.400001525878906,61.15999984741211,2994.0
61.15999984741211,61.79999923706055,2995.0
59.27999877929688,60.91999816894531,2996.0
59.560001373291016,62.0,2997.0
60.84000015258789,61.880001068115234,2998.0
60.959999084472656,62.15999984741211,2999.0
59.880001068115234,62.43999862670898,3000.0
61.880001068115234,63.08000183105469,3001.0
61.15999984741211,61.91999816894531,3002.0
60.63999938964844,62.880001068115234,3003.0
57.2400016784668,62.31999969482422,3004.0
60.15999984741211,62.84000015258789,3005.0
57.36000061035156,63.400001525878906,3006.0
57.0,63.040000915527344,3007.0
55.91999816894531,62.68000030517578,3008.0
57.31999969482422,63.0,3009.0
57.43999862670898,62.720001220703125,3010.0
57.959999084472656,62.7599983215332,3011.0
57.959999084472656,62.20000076293945,3012.0
58.27999877929688,62.15999984741211,3013.0
57.63999938964844,62.63999938964844,3014.0
58.43999862670898,230.47999572753903,3015.0
58.15999984741211,229.9600067138672,3016.0
57.08000183105469,230.1199951171875,3017.0
57.7599983215332,229.0399932861328,3018.0
57.7599983215332,229.27999877929688,3019.0
57.63999938964844,228.9600067138672,3020.0
57.720001220703125,229.1999969482422,3021.0
56.79999923706055,86.27999877929688,3022.0
57.63999938964844,87.0,3023.0
57.84000015258789,87.91999816894531,3024.0
57.79999923706055,62.119998931884766,3025.0
56.08000183105469,61.2400016784668,3026.0
57.15999984741211,87.72000122070312,3027.0
58.2400016784668,63.119998931884766,3028.0
58.7599983215332,87.08000183105469,3029.0
62.36000061035156,68.72000122070312,3030.0
59.15999984741211,71.80000305175781,3031.0
60.7599983215332,72.08000183105469,3032.0
61.91999816894531,63.08000183105469,3033.0
59.720001220703125,85.95999908447266,3034.0
60.36000061035156,62.7599983215332,3035.0
58.119998931884766,62.880001068115234,3036.0
57.43999862670898,62.52000045776367,3037.0
59.0,62.52000045776367,3038.0
57.47999954223633,62.43999862670898,3039.0
57.15999984741211,86.87999725341797,3040.0
57.79999923706055,62.20000076293945,3041.0
58.560001373291016,61.959999084472656,3042.0
59.08000183105469,86.4800033569336,3043.0
59.27999877929688,61.47999954223633,3044.0
58.20000076293945,61.31999969482422,3045.0
58.68000030517578,86.31999969482422,3046.0
58.400001525878906,86.4800033569336,3047.0
57.79999923706055,86.16000366210938,3048.0
56.880001068115234,86.12000274658203,3049.0
54.59999847412109,97.87999725341795,3050.0
57.63999938964844,61.27999877929688,3051.0
55.0,97.4800033569336,3052.0
57.959999084472656,82.19999694824219,3053.0
57.68000030517578,80.87999725341797,3054.0
57.68000030517578,83.44000244140625,3055.0
59.7599983215332,62.119998931884766,3056.0
57.880001068115234,84.27999877929688,3057.0
58.43999862670898,84.4000015258789,3058.0
58.7599983215332,83.31999969482422,3059.0
59.15999984741211,62.68000030517578,3060.0
59.2400016784668,64.87999725341797,3061.0
58.59999847412109,83.72000122070312,3062.0
59.560001373291016,83.4800033569336,3063.0
58.040000915527344,62.040000915527344,3064.0
58.52000045776367,62.040000915527344,3065.0
59.880001068115234,61.880001068115234,3066.0
60.59999847412109,61.79999923706055,3067.0
58.84000015258789,84.83999633789062,3068.0
59.27999877929688,226.47999572753903,3069.0
59.15999984741211,62.47999954223633,3070.0
58.36000061035156,226.8000030517578,3071.0
59.0,63.119998931884766,3072.0
59.59999847412109,82.16000366210938,3073.0
60.880001068115234,62.43999862670898,3074.0
58.52000045776367,82.04000091552734,3075.0
58.119998931884766,82.31999969482422,3076.0
57.400001525878906,82.12000274658203,3077.0
57.959999084472656,81.36000061035156,3078.0
58.31999969482422,81.68000030517578,3079.0
58.52000045776367,81.91999816894531,3080.0
62.20000076293945,81.95999908447266,3081.0
59.08000183105469,82.55999755859375,3082.0
58.20000076293945,82.80000305175781,3083.0
59.36000061035156,82.4800033569336,3084.0
58.20000076293945,83.04000091552734,3085.0
58.84000015258789,226.5200042724609,3086.0
60.0,63.08000183105469,3087.0
58.63999938964844,225.75999450683597,3088.0
58.59999847412109,226.1199951171875,3089.0
58.63999938964844,81.36000061035156,3090.0
58.08000183105469,97.16000366210938,3091.0
58.59999847412109,80.4000015258789,3092.0
58.7599983215332,82.5199966430664,3093.0
58.36000061035156,81.83999633789062,3094.0
58.91999816894531,82.87999725341797,3095.0
58.0,82.4000015258789,3096.0
58.47999954223633,83.27999877929688,3097.0
58.84000015258789,82.5199966430664,3098.0
58.27999877929688,82.87999725341797,3099.0
59.400001525878906,83.72000122070312,3100.0
61.31999969482422,83.19999694824219,3101.0
61.52000045776367,83.44000244140625,3102.0
60.119998931884766,82.95999908447266,3103.0
58.880001068115234,82.83999633789062,3104.0
58.36000061035156,82.55999755859375,3105.0
56.84000015258789,81.91999816894531,3106.0
57.119998931884766,228.44000244140625,3107.0
57.79999923706055,82.63999938964844,3108.0
58.040000915527344,82.27999877929688,3109.0
58.08000183105469,82.63999938964844,3110.0
57.880001068115234,82.68000030517578,3111.0
58.52000045776367,82.87999725341797,3112.0
58.560001373291016,83.12000274658203,3113.0
58.68000030517578,82.95999908447266,3114.0
58.59999847412109,82.36000061035156,3115.0
58.36000061035156,81.87999725341797,3116.0
58.59999847412109,81.68000030517578,3117.0
59.08000183105469,60.27999877929688,3118.0
59.20000076293945,93.12000274658205,3119.0
60.27999877929688,61.20000076293945,3120.0
59.400001525878906,92.63999938964844,3121.0
59.400001525878906,61.47999954223633,3122.0
59.15999984741211,62.59999847412109,3123.0
58.43999862670898,61.47999954223633,3124.0
59.08000183105469,82.95999908447266,3125.0
59.79999923706055,60.880001068115234,3126.0
58.720001220703125,93.5999984741211,3127.0
58.20000076293945,61.47999954223633,3128.0
58.91999816894531,94.4800033569336,3129.0
58.720001220703125,225.32000732421875,3130.0
58.959999084472656,67.19999694824219,3131.0
59.47999954223633,62.52000045776367,3132.0
58.52000045776367,220.44000244140625,3133.0
58.15999984741211,63.119998931884766,3134.0
58.040000915527344,93.76000213623048,3135.0
58.15999984741211,62.400001525878906,3136.0
59.119998931884766,62.2400016784668,3137.0
56.91999816894531,66.23999786376953,3138.0
58.43999862670898,62.7599983215332,3139.0
57.84000015258789,60.91999816894531,3140.0
57.880001068115234,225.1999969482422,3141.0
57.84000015258789,61.2400016784668,3142.0
58.119998931884766,225.5200042724609,3143.0
58.119998931884766,66.31999969482422,3144.0
57.91999816894531,67.19999694824219,3145.0
57.63999938964844,67.08000183105469,3146.0
57.27999877929688,67.55999755859375,3147.0
58.959999084472656,67.0,3148.0
58.119998931884766,67.23999786376953,3149.0
58.43999862670898,67.27999877929688,3150.0
58.59999847412109,86.44000244140625,3151.0
58.63999938964844,68.0,3152.0
59.08000183105469,78.23999786376953,3153.0
58.59999847412109,67.5999984741211,3154.0
59.2400016784668,90.36000061035156,3155.0
56.720001220703125,67.23999786376953,3156.0
59.040000915527344,225.27999877929688,3157.0
57.47999954223633,227.44000244140625,3158.0
56.08000183105469,65.68000030517578,3159.0
48.43999862670898,64.76000213623047,3160.0
58.84000015258789,88.91999816894531,3161.0
58.15999984741211,62.959999084472656,3162.0
59.31999969482422,62.959999084472656,3163.0
58.959999084472656,226.8800048828125,3164.0
58.27999877929688,226.47999572753903,3165.0
59.0,65.36000061035156,3166.0
59.20000076293945,66.27999877929688,3167.0
58.91999816894531,86.08000183105469,3168.0
57.880001068115234,61.959999084472656,3169.0
58.7599983215332,61.27999877929688,3170.0
58.959999084472656,84.83999633789062,3171.0
57.59999847412109,83.83999633789062,3172.0
59.59999847412109,61.47999954223633,3173.0
58.27999877929688,226.55999755859372,3174.0
58.040000915527344,58.040000915527344,3175.0
58.119998931884766,60.84000015258789,3176.0
59.27999877929688,60.84000015258789,3177.0
58.959999084472656,62.43999862670898,3178.0
58.119998931884766,62.43999862670898,3179.0
59.59999847412109,67.4800033569336,3180.0
58.040000915527344,63.91999816894531,3181.0
58.52000045776367,227.3999938964844,3182.0
60.36000061035156,62.31999969482422,3183.0
58.040000915527344,64.80000305175781,3184.0
59.560001373291016,61.52000045776367,3185.0
58.68000030517578,71.4800033569336,3186.0
58.43999862670898,60.959999084472656,3187.0
58.52000045776367,71.76000213623047,3188.0
58.20000076293945,59.15999984741211,3189.0
58.20000076293945,61.119998931884766,3190.0
58.040000915527344,71.72000122070312,3191.0
58.20000076293945,72.91999816894531,3192.0
58.31999969482422,60.52000045776367,3193.0
58.36000061035156,61.15999984741211,3194.0
58.36000061035156,63.720001220703125,3195.0
58.08000183105469,67.5999984741211,3196.0
58.27999877929688,67.5999984741211,3197.0
58.20000076293945,64.36000061035156,3198.0
61.0,64.68000030517578,3199.0
59.47999954223633,67.83999633789062,3200.0
60.0,68.95999908447266,3201.0
59.2400016784668,101.55999755859376,3202.0
58.7599983215332,68.4000015258789,3203.0
58.119998931884766,68.95999908447266,3204.0
58.2400016784668,69.0,3205.0
59.560001373291016,71.27999877929688,3206.0
58.63999938964844,68.87999725341797,3207.0
59.040000915527344,68.55999755859375,3208.0
57.0,62.119998931884766,3209.0
58.720001220703125,72.72000122070312,3210.0
58.52000045776367,72.72000122070312,3211.0
57.880001068115234,72.72000122070312,3212.0
58.040000915527344,72.44000244140625,3213.0
58.20000076293945,73.0,3214.0
59.040000915527344,83.76000213623047,3215.0
58.84000015258789,71.16000366210938,3216.0
58.15999984741211,84.04000091552734,3217.0
58.15999984741211,83.4000015258789,3218.0
57.79999923706055,78.44000244140625,3219.0
58.43999862670898,84.23999786376953,3220.0
58.43999862670898,84.19999694824219,3221.0
58.27999877929688,227.75999450683597,3222.0
58.63999938964844,71.31999969482422,3223.0
58.720001220703125,100.83999633789062,3224.0
58.7599983215332,62.59999847412109,3225.0
57.91999816894531,228.0800018310547,3226.0
58.040000915527344,228.55999755859372,3227.0
58.119998931884766,100.5199966430664,3228.0
57.959999084472656,100.31999969482422,3229.0
58.47999954223633,100.76000213623048,3230.0
59.720001220703125,101.16000366210938,3231.0
60.2400016784668,73.72000122070312,3232.0
62.59999847412109,73.36000061035156,3233.0
62.68000030517578,73.31999969482422,3234.0
62.36000061035156,101.87999725341795,3235.0
59.15999984741211,73.31999969482422,3236.0
59.15999984741211,73.36000061035156,3237.0
59.720001220703125,73.72000122070312,3238.0
59.15999984741211,73.72000122070312,3239.0
58.400001525878906,73.5999984741211,3240.0
58.08000183105469,73.5999984741211,3241.0
59.560001373291016,73.68000030517578,3242.0
60.36000061035156,73.36000061035156,3243.0
58.43999862670898,73.87999725341797,3244.0
58.68000030517578,73.68000030517578,3245.0
59.31999969482422,74.12000274658203,3246.0
57.959999084472656,74.0,3247.0
58.2400016784668,114.87999725341795,3248.0
58.47999954223633,83.16000366210938,3249.0
62.959999084472656,82.95999908447266,3250.0
59.08000183105469,82.5199966430664,3251.0
58.43999862670898,82.83999633789062,3252.0
58.63999938964844,74.4800033569336,3253.0
63.2400016784668,84.63999938964844,3254.0
57.959999084472656,84.04000091552734,3255.0
63.400001525878906,83.87999725341797,3256.0
58.59999847412109,74.31999969482422,3257.0
62.7599983215332,83.76000213623047,3258.0
59.15999984741211,74.23999786376953,3259.0
58.720001220703125,74.23999786376953,3260.0
59.0,83.72000122070312,3261.0
59.08000183105469,83.5999984741211,3262.0
57.79999923706055,83.87999725341797,3263.0
57.79999923706055,84.08000183105469,3264.0
57.84000015258789,73.08000183105469,3265.0
59.08000183105469,83.44000244140625,3266.0
59.400001525878906,73.55999755859375,3267.0
59.119998931884766,73.08000183105469,3268.0
59.560001373291016,73.19999694824219,3269.0
58.7599983215332,73.68000030517578,3270.0
59.36000061035156,84.12000274658203,3271.0
59.119998931884766,83.87999725341797,3272.0
57.880001068115234,83.12000274658203,3273.0
59.36000061035156,83.4000015258789,3274.0
60.31999969482422,83.87999725341797,3275.0
58.560001373291016,83.76000213623047,3276.0
58.43999862670898,83.44000244140625,3277.0
58.52000045776367,83.68000030517578,3278.0
58.119998931884766,83.68000030517578,3279.0
58.31999969482422,84.16000366210938,3280.0
58.720001220703125,84.68000030517578,3281.0
58.84000015258789,84.19999694824219,3282.0
59.2400016784668,84.19999694824219,3283.0
59.15999984741211,83.83999633789062,3284.0
58.84000015258789,83.76000213623047,3285.0
59.15999984741211,84.0,3286.0
60.08000183105469,83.83999633789062,3287.0
59.880001068115234,83.36000061035156,3288.0
59.84000015258789,83.72000122070312,3289.0
59.880001068115234,83.12000274658203,3290.0
60.040000915527344,65.27999877929688,3291.0
59.119998931884766,85.0,3292.0
58.84000015258789,85.4800033569336,3293.0
59.43999862670898,84.63999938964844,3294.0
58.119998931884766,85.0,3295.0
58.59999847412109,85.0,3296.0
58.7599983215332,84.44000244140625,3297.0
59.31999969482422,84.95999908447266,3298.0
58.43999862670898,84.72000122070312,3299.0
57.7599983215332,83.44000244140625,3300.0
58.27999877929688,83.27999877929688,3301.0
59.20000076293945,84.4800033569336,3302.0
58.959999084472656,85.04000091552734,3303.0
58.2400016784668,84.31999969482422,3304.0
58.59999847412109,85.83999633789062,3305.0
58.84000015258789,87.55999755859375,3306.0
60.040000915527344,83.80000305175781,3307.0
58.59999847412109,85.5199966430664,3308.0
59.400001525878906,84.31999969482422,3309.0
59.91999816894531,85.68000030517578,3310.0
56.68000030517578,70.63999938964844,3311.0
60.119998931884766,83.80000305175781,3312.0
59.68000030517578,83.95999908447266,3313.0
59.560001373291016,86.63999938964844,3314.0
58.959999084472656,87.12000274658203,3315.0
58.91999816894531,87.27999877929688,3316.0
61.79999923706055,87.23999786376953,3317.0
57.79999923706055,86.36000061035156,3318.0
58.7599983215332,87.27999877929688,3319.0
59.400001525878906,87.04000091552734,3320.0
59.15999984741211,69.63999938964844,3321.0
62.84000015258789,72.04000091552734,3322.0
57.91999816894531,72.95999908447266,3323.0
62.43999862670898,72.36000061035156,3324.0
58.79999923706055,74.08000183105469,3325.0
59.84000015258789,82.4800033569336,3326.0
60.119998931884766,64.72000122070312,3327.0
57.7599983215332,63.119998931884766,3328.0
58.43999862670898,63.43999862670898,3329.0
59.68000030517578,64.08000183105469,3330.0
58.43999862670898,80.72000122070312,3331.0
59.119998931884766,81.04000091552734,3332.0
59.08000183105469,82.91999816894531,3333.0
58.59999847412109,81.76000213623047,3334.0
60.0,78.63999938964844,3335.0
60.91999816894531,86.80000305175781,3336.0
59.7599983215332,78.83999633789062,3337.0
61.36000061035156,72.83999633789062,3338.0
57.84000015258789,64.36000061035156,3339.0
58.52000045776367,63.47999954223633,3340.0
59.119998931884766,63.880001068115234,3341.0
58.91999816894531,78.91999816894531,3342.0
57.63999938964844,85.5199966430664,3343.0
59.400001525878906,74.36000061035156,3344.0
59.400001525878906,86.31999969482422,3345.0
59.15999984741211,71.4800033569336,3346.0
59.68000030517578,73.04000091552734,3347.0
59.68000030517578,73.68000030517578,3348.0
58.52000045776367,75.44000244140625,3349.0
58.2400016784668,75.36000061035156,3350.0
58.119998931884766,74.0,3351.0
58.7599983215332,71.55999755859375,3352.0
58.43999862670898,58.36000061035156,3353.0
58.52000045776367,120.83999633789062,3354.0
58.7599983215332,74.0,3355.0
59.040000915527344,120.36000061035156,3356.0
58.400001525878906,73.91999816894531,3357.0
57.959999084472656,223.0,3358.0
59.119998931884766,74.44000244140625,3359.0
58.040000915527344,73.87999725341797,3360.0
58.040000915527344,224.9199981689453,3361.0
57.91999816894531,224.67999267578125,3362.0
57.43999862670898,73.68000030517578,3363.0
57.47999954223633,72.87999725341797,3364.0
57.560001373291016,225.2400054931641,3365.0
57.63999938964844,225.3999938964844,3366.0
57.79999923706055,225.72000122070312,3367.0
58.08000183105469,225.8000030517578,3368.0
57.63999938964844,225.44000244140625,3369.0
57.63999938964844,225.3999938964844,3370.0
57.52000045776367,223.44000244140625,3371.0
56.84000015258789,91.0,3372.0
58.040000915527344,90.63999938964844,3373.0
58.43999862670898,91.12000274658205,3374.0
57.68000030517578,223.32000732421875,3375.0
58.27999877929688,90.68000030517578,3376.0
58.47999954223633,226.1999969482422,3377.0
58.79999923706055,84.4000015258789,3378.0
57.959999084472656,83.91999816894531,3379.0
57.91999816894531,83.80000305175781,3380.0
58.20000076293945,81.44000244140625,3381.0
58.560001373291016,85.4000015258789,3382.0
54.52000045776367,67.55999755859375,3383.0
58.119998931884766,88.12000274658203,3384.0
58.59999847412109,87.4000015258789,3385.0
59.0,88.16000366210938,3386.0
58.20000076293945,225.72000122070312,3387.0
57.63999938964844,62.43999862670898,3388.0
58.2400016784668,222.9199981689453,3389.0
57.720001220703125,84.27999877929688,3390.0
58.63999938964844,225.8800048828125,3391.0
58.20000076293945,84.08000183105469,3392.0
58.040000915527344,84.27999877929688,3393.0
57.84000015258789,85.76000213623047,3394.0
58.43999862670898,86.16000366210938,3395.0
58.43999862670898,86.16000366210938,3396.0
59.31999969482422,86.16000366210938,3397.0
54.15999984741211,87.80000305175781,3398.0
58.7599983215332,86.95999908447266,3399.0
58.43999862670898,86.55999755859375,3400.0
58.08000183105469,224.8800048828125,3401.0
58.59999847412109,86.63999938964844,3402.0
58.52000045776367,86.80000305175781,3403.0
58.119998931884766,86.72000122070312,3404.0
58.43999862670898,86.23999786376953,3405.0
58.880001068115234,85.5999984741211,3406.0
58.959999084472656,86.72000122070312,3407.0
57.720001220703125,86.4000015258789,3408.0
57.43999862670898,85.87999725341797,3409.0
58.08000183105469,85.83999633789062,3410.0
57.84000015258789,86.63999938964844,3411.0
57.7599983215332,84.55999755859375,3412.0
58.79999923706055,86.23999786376953,3413.0
59.08000183105469,86.31999969482422,3414.0
58.560001373291016,84.4800033569336,3415.0
57.959999084472656,86.08000183105469,3416.0
58.119998931884766,85.68000030517578,3417.0
58.43999862670898,86.31999969482422,3418.0
57.52000045776367,84.5999984741211,3419.0
57.880001068115234,86.76000213623047,3420.0
59.08000183105469,86.08000183105469,3421.0
58.68000030517578,85.04000091552734,3422.0
59.040000915527344,84.5999984741211,3423.0
59.31999969482422,86.23999786376953,3424.0
59.31999969482422,84.68000030517578,3425.0
59.84000015258789,87.12000274658203,3426.0
59.63999938964844,84.63999938964844,3427.0
58.47999954223633,69.95999908447266,3428.0
59.2400016784668,84.31999969482422,3429.0
60.2400016784668,87.19999694824219,3430.0
58.7599983215332,86.80000305175781,3431.0
59.31999969482422,84.12000274658203,3432.0
58.36000061035156,84.68000030517578,3433.0
58.43999862670898,86.72000122070312,3434.0
50.68000030517578,83.27999877929688,3435.0
58.119998931884766,85.55999755859375,3436.0
59.47999954223633,85.23999786376953,3437.0
57.47999954223633,86.87999725341797,3438.0
59.59999847412109,86.27999877929688,3439.0
60.040000915527344,85.36000061035156,3440.0
58.31999969482422,85.0,3441.0
58.08000183105469,85.27999877929688,3442.0
58.720001220703125,85.44000244140625,3443.0
59.15999984741211,84.95999908447266,3444.0
59.79999923706055,85.27999877929688,3445.0
59.2400016784668,84.12000274658203,3446.0
58.880001068115234,85.80000305175781,3447.0
59.400001525878906,83.27999877929688,3448.0
59.400001525878906,82.04000091552734,3449.0
57.47999954223633,75.68000030517578,3450.0
59.2400016784668,83.23999786376953,3451.0
58.7599983215332,84.12000274658203,3452.0
58.59999847412109,58.68000030517578,3453.0
59.040000915527344,74.76000213623047,3454.0
59.119998931884766,75.23999786376953,3455.0
58.7599983215332,84.72000122070312,3456.0
58.59999847412109,84.5199966430664,3457.0
58.560001373291016,84.31999969482422,3458.0
57.959999084472656,74.27999877929688,3459.0
58.43999862670898,74.5999984741211,3460.0
59.400001525878906,74.4800033569336,3461.0
60.20000076293945,74.4000015258789,3462.0
59.36000061035156,74.83999633789062,3463.0
59.36000061035156,74.4000015258789,3464.0
58.119998931884766,75.4800033569336,3465.0
58.43999862670898,76.08000183105469,3466.0
58.560001373291016,76.91999816894531,3467.0
58.119998931884766,78.95999908447266,3468.0
58.400001525878906,80.87999725341797,3469.0
58.15999984741211,65.63999938964844,3470.0
58.08000183105469,75.44000244140625,3471.0
56.560001373291016,74.31999969482422,3472.0
55.720001220703125,80.08000183105469,3473.0
58.47999954223633,75.23999786376953,3474.0
59.43999862670898,225.83999633789065,3475.0
58.400001525878906,226.16000366210935,3476.0
59.08000183105469,70.72000122070312,3477.0
57.959999084472656,226.3999938964844,3478.0
58.43999862670898,74.5199966430664,3479.0
57.84000015258789,226.63999938964844,3480.0
58.63999938964844,82.16000366210938,3481.0
58.27999877929688,73.4800033569336,3482.0
58.15999984741211,73.5199966430664,3483.0
58.08000183105469,62.59999847412109,3484.0
58.20000076293945,62.27999877929688,3485.0
58.20000076293945,64.12000274658203,3486.0
58.08000183105469,63.959999084472656,3487.0
58.27999877929688,78.55999755859375,3488.0
58.43999862670898,82.0,3489.0
58.59999847412109,80.23999786376953,3490.0
58.27999877929688,83.04000091552734,3491.0
58.720001220703125,225.8000030517578,3492.0
58.27999877929688,81.4800033569336,3493.0
58.040000915527344,83.31999969482422,3494.0
58.27999877929688,79.91999816894531,3495.0
55.560001373291016,79.4800033569336,3496.0
58.68000030517578,223.0800018310547,3497.0
59.040000915527344,60.27999877929688,3498.0
58.20000076293945,58.040000915527344,3499.0
59.63999938964844,80.87999725341797,3500.0
61.2400016784668,61.43999862670898,3501.0
58.0,60.27999877929688,3502.0
57.560001373291016,83.5199966430664,3503.0
58.68000030517578,83.44000244140625,3504.0
58.43999862670898,83.16000366210938,3505.0
58.59999847412109,64.76000213623047,3506.0
57.959999084472656,65.80000305175781,3507.0
58.20000076293945,73.68000030517578,3508.0
58.040000915527344,73.19999694824219,3509.0
58.08000183105469,62.720001220703125,3510.0
56.52000045776367,73.08000183105469,3511.0
58.27999877929688,227.0,3512.0
58.36000061035156,61.47999954223633,3513.0
58.59999847412109,62.52000045776367,3514.0
57.91999816894531,223.0,3515.0
58.08000183105469,223.0,3516.0
57.959999084472656,58.119998931884766,3517.0
57.91999816894531,58.59999847412109,3518.0
57.84000015258789,58.36000061035156,3519.0
57.79999923706055,60.7599983215332,3520.0
58.040000915527344,63.720001220703125,3521.0
57.63999938964844,62.52000045776367,3522.0
55.79999923706055,62.84000015258789,3523.0
57.040000915527344,66.19999694824219,3524.0
58.63999938964844,68.5199966430664,3525.0
59.52000045776367,67.83999633789062,3526.0
58.36000061035156,68.55999755859375,3527.0
57.880001068115234,78.19999694824219,3528.0
55.84000015258789,65.5199966430664,3529.0
58.52000045776367,78.68000030517578,3530.0
58.43999862670898,67.91999816894531,3531.0
59.08000183105469,76.55999755859375,3532.0
58.119998931884766,68.36000061035156,3533.0
59.400001525878906,66.95999908447266,3534.0
58.119998931884766,67.68000030517578,3535.0
58.27999877929688,68.5999984741211,3536.0
57.880001068115234,68.0,3537.0
58.27999877929688,72.27999877929688,3538.0
58.52000045776367,69.83999633789062,3539.0
58.59999847412109,70.5199966430664,3540.0
59.08000183105469,71.80000305175781,3541.0
58.20000076293945,71.16000366210938,3542.0
58.08000183105469,69.04000091552734,3543.0
59.040000915527344,64.80000305175781,3544.0
58.119998931884766,69.83999633789062,3545.0
58.27999877929688,68.23999786376953,3546.0
58.400001525878906,60.7599983215332,3547.0
59.47999954223633,65.91999816894531,3548.0
58.36000061035156,69.55999755859375,3549.0
58.7599983215332,64.16000366210938,3550.0
58.400001525878906,66.4800033569336,3551.0
58.52000045776367,63.400001525878906,3552.0
58.52000045776367,64.63999938964844,3553.0
59.20000076293945,64.08000183105469,3554.0
58.20000076293945,73.31999969482422,3555.0
58.119998931884766,64.08000183105469,3556.0
58.52000045776367,75.31999969482422,3557.0
59.36000061035156,73.36000061035156,3558.0
58.52000045776367,73.80000305175781,3559.0
59.880001068115234,73.19999694824219,3560.0
58.79999923706055,239.9600067138672,3561.0
59.43999862670898,73.91999816894531,3562.0
58.720001220703125,59.08000183105469,3563.0
57.15999984741211,61.36000061035156,3564.0
58.43999862670898,73.0,3565.0
59.119998931884766,59.31999969482422,3566.0
58.7599983215332,59.720001220703125,3567.0
58.43999862670898,63.7599983215332,3568.0
59.0,62.68000030517578,3569.0
58.959999084472656,239.9600067138672,3570.0
59.040000915527344,87.4000015258789,3571.0
59.36000061035156,86.44000244140625,3572.0
60.36000061035156,62.47999954223633,3573.0
59.2400016784668,62.08000183105469,3574.0
57.79999923706055,62.2400016784668,3575.0
58.20000076293945,117.63999938964844,3576.0
59.08000183105469,116.87999725341795,3577.0
60.20000076293945,64.0,3578.0
59.63999938964844,63.31999969482422,3579.0
57.79999923706055,70.72000122070312,3580.0
57.7599983215332,72.12000274658203,3581.0
57.84000015258789,239.9600067138672,3582.0
58.119998931884766,63.880001068115234,3583.0
59.2400016784668,62.560001373291016,3584.0
59.59999847412109,230.6000061035156,3585.0
60.119998931884766,61.68000030517578,3586.0
58.43999862670898,61.84000015258789,3587.0
59.959999084472656,61.52000045776367,3588.0
59.63999938964844,62.43999862670898,3589.0
60.47999954223633,63.2400016784668,3590.0
60.880001068115234,62.47999954223633,3591.0
58.91999816894531,62.47999954223633,3592.0
58.0,62.27999877929688,3593.0
58.040000915527344,62.15999984741211,3594.0
56.91999816894531,62.31999969482422,3595.0
57.880001068115234,239.9600067138672,3596.0
59.2400016784668,239.9600067138672,3597.0
59.27999877929688,239.9600067138672,3598.0
59.43999862670898,239.9600067138672,3599.0
58.959999084472656,73.0,3600.0
59.400001525878906,81.4800033569336,3601.0
58.84000015258789,81.27999877929688,3602.0
58.91999816894531,82.12000274658203,3603.0
58.43999862670898,82.95999908447266,3604.0
58.560001373291016,81.80000305175781,3605.0
58.040000915527344,81.12000274658203,3606.0
59.08000183105469,82.16000366210938,3607.0
59.0,78.31999969482422,3608.0
58.43999862670898,78.19999694824219,3609.0
58.43999862670898,80.72000122070312,3610.0
59.119998931884766,78.04000091552734,3611.0
59.15999984741211,78.83999633789062,3612.0
60.040000915527344,74.19999694824219,3613.0
59.20000076293945,80.5199966430664,3614.0
61.2400016784668,80.27999877929688,3615.0
60.2400016784668,61.36000061035156,3616.0
60.20000076293945,83.27999877929688,3617.0
59.52000045776367,81.87999725341797,3618.0
58.880001068115234,83.19999694824219,3619.0
59.15999984741211,225.1999969482422,3620.0
60.68000030517578,83.5999984741211,3621.0
59.560001373291016,84.08000183105469,3622.0
60.720001220703125,83.72000122070312,3623.0
62.43999862670898,83.12000274658203,3624.0
59.08000183105469,82.72000122070312,3625.0
58.08000183105469,221.2400054931641,3626.0
63.52000045776367,63.52000045776367,3627.0
63.27999877929688,81.68000030517578,3628.0
58.20000076293945,80.76000213623047,3629.0
59.400001525878906,81.4000015258789,3630.0
58.47999954223633,80.76000213623047,3631.0
59.0,81.55999755859375,3632.0
58.84000015258789,81.19999694824219,3633.0
59.0,81.04000091552734,3634.0
59.0,81.5199966430664,3635.0
58.7599983215332,80.80000305175781,3636.0
59.08000183105469,80.72000122070312,3637.0
59.31999969482422,81.5199966430664,3638.0
58.119998931884766,71.63999938964844,3639.0
58.68000030517578,80.63999938964844,3640.0
57.15999984741211,81.04000091552734,3641.0
58.63999938964844,81.12000274658203,3642.0
58.84000015258789,79.83999633789062,3643.0
58.52000045776367,78.63999938964844,3644.0
59.63999938964844,76.12000274658203,3645.0
59.880001068115234,80.27999877929688,3646.0
59.08000183105469,75.76000213623047,3647.0
58.47999954223633,75.91999816894531,3648.0
58.59999847412109,82.91999816894531,3649.0
57.959999084472656,83.63999938964844,3650.0
59.400001525878906,83.5999984741211,3651.0
59.59999847412109,81.95999908447266,3652.0
59.959999084472656,79.76000213623047,3653.0
59.15999984741211,78.4800033569336,3654.0
58.84000015258789,64.76000213623047,3655.0
58.36000061035156,63.43999862670898,3656.0
58.79999923706055,63.0,3657.0
59.959999084472656,63.36000061035156,3658.0
59.27999877929688,73.12000274658203,3659.0
59.68000030517578,74.19999694824219,3660.0
58.43999862670898,75.0,3661.0
59.79999923706055,79.31999969482422,3662.0
59.84000015258789,79.4800033569336,3663.0
59.400001525878906,73.63999938964844,3664.0
59.27999877929688,80.04000091552734,3665.0
58.91999816894531,81.44000244140625,3666.0
59.36000061035156,239.9600067138672,3667.0
59.47999954223633,79.80000305175781,3668.0
59.08000183105469,73.5199966430664,3669.0
61.36000061035156,72.76000213623047,3670.0
60.59999847412109,73.55999755859375,3671.0
60.400001525878906,74.0,3672.0
59.560001373291016,75.91999816894531,3673.0
59.79999923706055,76.44000244140625,3674.0
59.720001220703125,76.95999908447266,3675.0
60.68000030517578,239.9600067138672,3676.0
58.47999954223633,74.68000030517578,3677.0
59.43999862670898,74.76000213623047,3678.0
58.84000015258789,74.0,3679.0
58.7599983215332,73.95999908447266,3680.0
58.59999847412109,74.19999694824219,3681.0
58.59999847412109,229.55999755859372,3682.0
61.959999084472656,76.31999969482422,3683.0
62.31999969482422,230.5200042724609,3684.0
62.119998931884766,230.3600006103516,3685.0
62.27999877929688,63.68000030517578,3686.0
62.15999984741211,230.32000732421875,3687.0
62.43999862670898,79.19999694824219,3688.0
59.31999969482422,239.9600067138672,3689.0
59.47999954223633,239.9600067138672,3690.0
60.15999984741211,78.76000213623047,3691.0
61.040000915527344,239.9600067138672,3692.0
59.63999938964844,239.9600067138672,3693.0
59.79999923706055,239.9600067138672,3694.0
59.720001220703125,239.9600067138672,3695.0
60.59999847412109,227.47999572753903,3696.0
60.400001525878906,227.55999755859372,3697.0
59.79999923706055,227.3600006103516,3698.0
60.2400016784668,224.63999938964844,3699.0
59.7599983215332,223.32000732421875,3700.0
59.959999084472656,222.75999450683597,3701.0
58.720001220703125,227.1999969482422,3702.0
59.0,239.9600067138672,3703.0
58.84000015258789,239.9600067138672,3704.0
59.880001068115234,73.95999908447266,3705.0
60.15999984741211,239.9600067138672,3706.0
60.43999862670898,60.720001220703125,3707.0
60.040000915527344,227.16000366210935,3708.0
59.959999084472656,226.83999633789065,3709.0
59.959999084472656,227.0399932861328,3710.0
59.68000030517578,83.95999908447266,3711.0
58.31999969482422,75.36000061035156,3712.0
57.959999084472656,74.91999816894531,3713.0
59.08000183105469,72.83999633789062,3714.0
58.7599983215332,68.27999877929688,3715.0
58.400001525878906,68.04000091552734,3716.0
57.84000015258789,77.63999938964844,3717.0
58.47999954223633,84.44000244140625,3718.0
58.68000030517578,84.27999877929688,3719.0
59.08000183105469,239.9600067138672,3720.0
61.400001525878906,225.27999877929688,3721.0
59.400001525878906,82.95999908447266,3722.0
58.63999938964844,68.36000061035156,3723.0
58.59999847412109,69.36000061035156,3724.0
57.959999084472656,75.91999816894531,3725.0
57.959999084472656,67.31999969482422,3726.0
57.959999084472656,76.19999694824219,3727.0
57.959999084472656,66.5199966430664,3728.0
57.959999084472656,65.80000305175781,3729.0
57.959999084472656,66.63999938964844,3730.0
58.119998931884766,66.12000274658203,3731.0
58.560001373291016,76.91999816894531,3732.0
58.84000015258789,239.9600067138672,3733.0
58.84000015258789,85.04000091552734,3734.0
58.27999877929688,239.9600067138672,3735.0
58.400001525878906,239.9600067138672,3736.0
58.20000076293945,239.9600067138672,3737.0
57.36000061035156,81.31999969482422,3738.0
58.040000915527344,68.68000030517578,3739.0
58.15999984741211,239.9600067138672,3740.0
58.880001068115234,235.8000030517578,3741.0
57.84000015258789,222.27999877929688,3742.0
58.08000183105469,69.83999633789062,3743.0
57.959999084472656,239.9600067138672,3744.0
57.959999084472656,239.9600067138672,3745.0
59.2400016784668,69.95999908447266,3746.0
58.560001373291016,70.04000091552734,3747.0
58.68000030517578,71.95999908447266,3748.0
58.84000015258789,73.16000366210938,3749.0
58.84000015258789,222.5200042724609,3750.0
59.08000183105469,75.19999694824219,3751.0
58.59999847412109,69.95999908447266,3752.0
58.119998931884766,58.20000076293945,3753.0
57.79999923706055,76.19999694824219,3754.0
58.43999862670898,76.95999908447266,3755.0
59.20000076293945,73.63999938964844,3756.0
58.119998931884766,73.16000366210938,3757.0
57.79999923706055,239.9600067138672,3758.0
57.84000015258789,239.9600067138672,3759.0
58.560001373291016,99.44000244140624,3760.0
59.31999969482422,222.8800048828125,3761.0
59.040000915527344,69.27999877929688,3762.0
58.68000030517578,68.83999633789062,3763.0
58.59999847412109,70.27999877929688,3764.0
58.20000076293945,70.12000274658203,3765.0
58.68000030517578,71.80000305175781,3766.0
58.959999084472656,62.79999923706055,3767.0
59.08000183105469,62.84000015258789,3768.0
54.43999862670898,69.23999786376953,3769.0
53.7599983215332,72.91999816894531,3770.0
58.7599983215332,74.83999633789062,3771.0
58.68000030517578,222.1199951171875,3772.0
58.47999954223633,222.1999969482422,3773.0
57.68000030517578,222.16000366210935,3774.0
58.91999816894531,222.3600006103516,3775.0
57.31999969482422,69.08000183105469,3776.0
58.31999969482422,68.19999694824219,3777.0
57.0,239.9600067138672,3778.0
58.119998931884766,239.9600067138672,3779.0
58.79999923706055,239.9600067138672,3780.0
58.91999816894531,82.4800033569336,3781.0
59.31999969482422,78.0,3782.0
59.08000183105469,223.32000732421875,3783.0
59.2400016784668,223.16000366210935,3784.0
59.400001525878906,221.9600067138672,3785.0
58.84000015258789,223.5200042724609,3786.0
58.84000015258789,222.47999572753903,3787.0
59.040000915527344,222.67999267578125,3788.0
59.119998931884766,73.4000015258789,3789.0
58.59999847412109,73.23999786376953,3790.0
58.43999862670898,71.44000244140625,3791.0
58.400001525878906,239.9600067138672,3792.0
58.15999984741211,222.1999969482422,3793.0
58.59999847412109,77.5199966430664,3794.0
58.040000915527344,76.36000061035156,3795.0
57.959999084472656,77.04000091552734,3796.0
57.79999923706055,76.08000183105469,3797.0
59.560001373291016,75.12000274658203,3798.0
57.2400016784668,69.91999816894531,3799.0
57.27999877929688,74.63999938964844,3800.0
57.15999984741211,74.83999633789062,3801.0
57.43999862670898,73.08000183105469,3802.0
57.63999938964844,70.44000244140625,3803.0
57.400001525878906,70.68000030517578,3804.0
57.959999084472656,69.55999755859375,3805.0
57.560001373291016,70.31999969482422,3806.0
58.20000076293945,115.16000366210938,3807.0
57.880001068115234,224.83999633789065,3808.0
58.27999877929688,77.87999725341797,3809.0
58.27999877929688,75.91999816894531,3810.0
56.91999816894531,100.31999969482422,3811.0
57.0,77.5199966430664,3812.0
57.560001373291016,69.23999786376953,3813.0
57.400001525878906,67.76000213623047,3814.0
56.91999816894531,69.19999694824219,3815.0
56.84000015258789,74.63999938964844,3816.0
57.15999984741211,74.27999877929688,3817.0
57.63999938964844,75.76000213623047,3818.0
57.7599983215332,75.5999984741211,3819.0
58.08000183105469,75.44000244140625,3820.0
57.63999938964844,75.68000030517578,3821.0
57.43999862670898,74.27999877929688,3822.0
57.560001373291016,74.80000305175781,3823.0
57.2400016784668,76.08000183105469,3824.0
56.959999084472656,75.04000091552734,3825.0
57.63999938964844,75.95999908447266,3826.0
57.880001068115234,139.55999755859375,3827.0
57.68000030517578,68.63999938964844,3828.0
57.79999923706055,68.4800033569336,3829.0
57.68000030517578,69.55999755859375,3830.0
57.119998931884766,63.0,3831.0
57.84000015258789,73.91999816894531,3832.0
58.119998931884766,64.12000274658203,3833.0
57.720001220703125,74.16000366210938,3834.0
58.52000045776367,74.27999877929688,3835.0
58.720001220703125,76.87999725341797,3836.0
57.79999923706055,67.31999969482422,3837.0
57.31999969482422,68.4800033569336,3838.0
58.68000030517578,68.4800033569336,3839.0
58.91999816894531,64.87999725341797,3840.0
57.7599983215332,68.80000305175781,3841.0
58.43999862670898,68.31999969482422,3842.0
57.400001525878906,63.68000030517578,3843.0
57.20000076293945,90.95999908447266,3844.0
57.31999969482422,73.0,3845.0
57.52000045776367,74.4800033569336,3846.0
58.400001525878906,73.95999908447266,3847.0
58.959999084472656,73.83999633789062,3848.0
57.79999923706055,210.0399932861328,3849.0
57.959999084472656,75.16000366210938,3850.0
57.52000045776367,72.83999633789062,3851.0
57.119998931884766,70.0,3852.0
57.119998931884766,64.12000274658203,3853.0
57.400001525878906,64.5999984741211,3854.0
55.27999877929688,68.0,3855.0
57.959999084472656,66.91999816894531,3856.0
58.59999847412109,71.68000030517578,3857.0
58.20000076293945,73.72000122070312,3858.0
57.63999938964844,73.72000122070312,3859.0
58.20000076293945,76.5199966430664,3860.0
57.63999938964844,78.12000274658203,3861.0
57.7599983215332,79.27999877929688,3862.0
58.59999847412109,80.87999725341797,3863.0
57.47999954223633,74.63999938964844,3864.0
57.52000045776367,221.63999938964844,3865.0
58.43999862670898,221.32000732421875,3866.0
58.63999938964844,221.55999755859372,3867.0
58.0,73.36000061035156,3868.0
58.47999954223633,81.63999938964844,3869.0
58.31999969482422,81.76000213623047,3870.0
58.119998931884766,81.68000030517578,3871.0
58.040000915527344,61.27999877929688,3872.0
58.7599983215332,69.5999984741211,3873.0
58.59999847412109,69.19999694824219,3874.0
57.63999938964844,69.5199966430664,3875.0
58.20000076293945,68.83999633789062,3876.0
58.20000076293945,68.5199966430664,3877.0
57.68000030517578,73.16000366210938,3878.0
56.959999084472656,77.27999877929688,3879.0
58.84000015258789,76.72000122070312,3880.0
57.36000061035156,78.31999969482422,3881.0
58.119998931884766,78.44000244140625,3882.0
58.20000076293945,218.1199951171875,3883.0
58.040000915527344,76.87999725341797,3884.0
57.7599983215332,69.16000366210938,3885.0
57.68000030517578,113.72000122070312,3886.0
57.7599983215332,62.119998931884766,3887.0
58.2400016784668,113.4800033569336,3888.0
58.880001068115234,63.08000183105469,3889.0
58.59999847412109,61.27999877929688,3890.0
58.959999084472656,61.27999877929688,3891.0
58.84000015258789,68.23999786376953,3892.0
57.720001220703125,68.36000061035156,3893.0
58.0,68.27999877929688,3894.0
57.20000076293945,67.83999633789062,3895.0
56.959999084472656,67.5999984741211,3896.0
57.20000076293945,68.19999694824219,3897.0
57.119998931884766,68.36000061035156,3898.0
56.08000183105469,67.91999816894531,3899.0
57.0,68.87999725341797,3900.0
56.43999862670898,68.5999984741211,3901.0
57.43999862670898,78.4000015258789,3902.0
57.27999877929688,76.91999816894531,3903.0
58.119998931884766,68.55999755859375,3904.0
57.880001068115234,68.68000030517578,3905.0
58.20000076293945,69.27999877929688,3906.0
59.2400016784668,69.31999969482422,3907.0
57.36000061035156,68.87999725341797,3908.0
58.040000915527344,60.52000045776367,3909.0
56.27999877929688,66.36000061035156,3910.0
58.08000183105469,68.72000122070312,3911.0
58.119998931884766,225.63999938964844,3912.0
58.36000061035156,68.12000274658203,3913.0
57.20000076293945,224.3999938964844,3914.0
56.84000015258789,62.15999984741211,3915.0
57.91999816894531,61.7599983215332,3916.0
57.63999938964844,61.27999877929688,3917.0
57.68000030517578,224.8800048828125,3918.0
57.43999862670898,68.31999969482422,3919.0
57.959999084472656,68.08000183105469,3920.0
57.63999938964844,67.72000122070312,3921.0
57.68000030517578,67.91999816894531,3922.0
57.2400016784668,67.80000305175781,3923.0
57.47999954223633,67.19999694824219,3924.0
57.79999923706055,62.2400016784668,3925.0
57.84000015258789,68.63999938964844,3926.0
59.119998931884766,68.5199966430664,3927.0
58.040000915527344,68.83999633789062,3928.0
53.720001220703125,58.79999923706055,3929.0
57.880001068115234,68.19999694824219,3930.0
58.040000915527344,84.72000122070312,3931.0
57.959999084472656,69.4800033569336,3932.0
57.7599983215332,83.91999816894531,3933.0
57.63999938964844,239.9600067138672,3934.0
57.84000015258789,65.72000122070312,3935.0
57.79999923706055,86.55999755859375,3936.0
57.91999816894531,224.2400054931641,3937.0
57.63999938964844,68.19999694824219,3938.0
57.400001525878906,224.9600067138672,3939.0
57.400001525878906,226.9600067138672,3940.0
58.31999969482422,226.9199981689453,3941.0
57.84000015258789,226.75999450683597,3942.0
57.959999084472656,226.5200042724609,3943.0
58.08000183105469,226.16000366210935,3944.0
58.040000915527344,69.19999694824219,3945.0
57.880001068115234,71.4800033569336,3946.0
57.880001068115234,71.91999816894531,3947.0
57.91999816894531,71.5999984741211,3948.0
57.47999954223633,67.83999633789062,3949.0
57.720001220703125,70.19999694824219,3950.0
58.040000915527344,66.68000030517578,3951.0
57.400001525878906,67.76000213623047,3952.0
58.08000183105469,58.27999877929688,3953.0
58.68000030517578,68.68000030517578,3954.0
57.7599983215332,226.67999267578125,3955.0
57.959999084472656,68.23999786376953,3956.0
57.0,68.5199966430664,3957.0
57.400001525878906,68.76000213623047,3958.0
53.880001068115234,67.31999969482422,3959.0
57.36000061035156,68.31999969482422,3960.0
58.880001068115234,68.68000030517578,3961.0
82.91999816894531,128.8800048828125,3962.0
57.959999084472656,68.23999786376953,3963.0
58.08000183105469,68.83999633789062,3964.0
58.0,78.12000274658203,3965.0
58.7599983215332,68.23999786376953,3966.0
58.91999816894531,68.91999816894531,3967.0
58.27999877929688,67.91999816894531,3968.0
59.040000915527344,68.83999633789062,3969.0
59.59999847412109,59.959999084472656,3970.0
58.27999877929688,78.55999755859375,3971.0
58.119998931884766,64.04000091552734,3972.0
58.119998931884766,226.0399932861328,3973.0
57.959999084472656,79.12000274658203,3974.0
57.7599983215332,78.16000366210938,3975.0
57.040000915527344,77.12000274658203,3976.0
57.720001220703125,62.59999847412109,3977.0
58.36000061035156,62.47999954223633,3978.0
58.68000030517578,78.68000030517578,3979.0
58.27999877929688,77.4000015258789,3980.0
59.47999954223633,77.83999633789062,3981.0
56.15999984741211,77.5199966430664,3982.0
57.63999938964844,57.79999923706055,3983.0
57.31999969482422,57.7599983215332,3984.0
57.400001525878906,58.040000915527344,3985.0
58.08000183105469,67.91999816894531,3986.0
58.79999923706055,62.91999816894531,3987.0
58.27999877929688,62.91999816894531,3988.0
58.47999954223633,63.43999862670898,3989.0
58.959999084472656,62.959999084472656,3990.0
59.27999877929688,68.95999908447266,3991.0
58.91999816894531,81.08000183105469,3992.0
58.08000183105469,226.83999633789065,3993.0
59.400001525878906,68.76000213623047,3994.0
59.400001525878906,68.91999816894531,3995.0
57.720001220703125,69.0,3996.0
57.959999084472656,88.08000183105469,3997.0
58.15999984741211,87.80000305175781,3998.0
58.59999847412109,227.0399932861328,3999.0
58.08000183105469,60.959999084472656,4000.0
59.2400016784668,60.560001373291016,4001.0
58.43999862670898,67.87999725341797,4002.0
59.08000183105469,68.23999786376953,4003.0
57.400001525878906,81.76000213623047,4004.0
59.31999969482422,67.4000015258789,4005.0
58.7599983215332,67.95999908447266,4006.0
57.7599983215332,239.9600067138672,4007.0
57.36000061035156,79.5199966430664,4008.0
54.47999954223633,77.80000305175781,4009.0
58.27999877929688,78.19999694824219,4010.0
57.79999923706055,77.04000091552734,4011.0
59.400001525878906,84.4000015258789,4012.0
59.2400016784668,226.6000061035156,4013.0
58.91999816894531,85.80000305175781,4014.0
58.720001220703125,82.63999938964844,4015.0
58.040000915527344,62.47999954223633,4016.0
57.959999084472656,67.91999816894531,4017.0
57.36000061035156,224.8000030517578,4018.0
58.119998931884766,62.31999969482422,4019.0
58.119998931884766,90.1999969482422,4020.0
57.2400016784668,66.36000061035156,4021.0
57.959999084472656,89.80000305175781,4022.0
57.959999084472656,67.23999786376953,4023.0
57.7599983215332,67.63999938964844,4024.0
57.63999938964844,77.5199966430664,4025.0
57.52000045776367,67.4000015258789,4026.0
57.880001068115234,76.4000015258789,4027.0
57.880001068115234,83.12000274658203,4028.0
57.959999084472656,67.36000061035156,4029.0
58.08000183105469,67.95999908447266,4030.0
57.79999923706055,68.19999694824219,4031.0
57.63999938964844,77.36000061035156,4032.0
57.84000015258789,239.9600067138672,4033.0
57.31999969482422,239.9600067138672,4034.0
57.560001373291016,239.9600067138672,4035.0
58.119998931884766,68.19999694824219,4036.0
57.720001220703125,239.9600067138672,4037.0
58.2400016784668,239.9600067138672,4038.0
57.880001068115234,239.9600067138672,4039.0
58.040000915527344,66.08000183105469,4040.0
58.08000183105469,224.0399932861328,4041.0
57.79999923706055,66.68000030517578,4042.0
58.47999954223633,239.9600067138672,4043.0
58.119998931884766,0.0,4044.0
204.72000122070312,205.0800018310547,4045.0
100.1999969482422,100.04000091552734,4046.0
30.600000381469727,79.55999755859375,4047.0
30.600000381469727,99.44000244140624,4048.0
45.52000045776367,71.4000015258789,4049.0
214.27999877929688,71.36000061035156,4050.0
213.72000122070312,235.5200042724609,4051.0
213.55999755859372,235.72000122070312,4052.0
1.9600000381469729,4.679999828338623,4053.0
34.279998779296875,63.20000076293945,4054.0
58.79999923706055,59.2400016784668,4055.0
57.880001068115234,59.08000183105469,4056.0
57.880001068115234,60.52000045776367,4057.0
56.84000015258789,59.59999847412109,4058.0
57.400001525878906,60.560001373291016,4059.0
57.79999923706055,60.52000045776367,4060.0
57.959999084472656,58.27999877929688,4061.0
58.119998931884766,58.31999969482422,4062.0
56.20000076293945,92.8000030517578,4063.0
58.59999847412109,58.880001068115234,4064.0
58.43999862670898,221.63999938964844,4065.0
58.36000061035156,77.68000030517578,4066.0
57.31999969482422,82.63999938964844,4067.0
58.08000183105469,64.4000015258789,4068.0
57.79999923706055,62.91999816894531,4069.0
57.880001068115234,225.27999877929688,4070.0
58.91999816894531,59.880001068115234,4071.0
58.59999847412109,93.55999755859376,4072.0
58.040000915527344,93.08000183105467,4073.0
58.43999862670898,67.12000274658203,4074.0
58.43999862670898,66.44000244140625,4075.0
58.91999816894531,86.76000213623047,4076.0
58.31999969482422,87.76000213623047,4077.0
58.119998931884766,81.0,4078.0
59.31999969482422,87.5199966430664,4079.0
58.68000030517578,89.4800033569336,4080.0
58.040000915527344,89.19999694824219,4081.0
57.880001068115234,66.08000183105469,4082.0
57.52000045776367,67.95999908447266,4083.0
57.119998931884766,77.80000305175781,4084.0
56.720001220703125,57.08000183105469,4085.0
56.91999816894531,85.5199966430664,4086.0
57.119998931884766,81.31999969482422,4087.0
57.08000183105469,59.15999984741211,4088.0
57.560001373291016,60.119998931884766,4089.0
57.63999938964844,60.560001373291016,4090.0
58.119998931884766,239.9600067138672,4091.0
58.400001525878906,224.8800048828125,4092.0
58.43999862670898,86.87999725341797,4093.0
58.43999862670898,225.32000732421875,4094.0
59.31999969482422,85.0,4095.0
58.68000030517578,86.44000244140625,4096.0
59.0,84.4800033569336,4097.0
58.36000061035156,92.95999908447266,4098.0
58.43999862670898,93.76000213623048,4099.0
57.400001525878906,83.44000244140625,4100.0
57.84000015258789,83.72000122070312,4101.0
57.880001068115234,84.63999938964844,4102.0
58.119998931884766,85.4800033569336,4103.0
57.47999954223633,85.63999938964844,4104.0
57.040000915527344,85.76000213623047,4105.0
57.79999923706055,85.95999908447266,4106.0
57.84000015258789,68.36000061035156,4107.0
58.43999862670898,68.87999725341797,4108.0
57.7599983215332,65.91999816894531,4109.0
56.47999954223633,65.68000030517578,4110.0
58.52000045776367,78.80000305175781,4111.0
58.43999862670898,225.3600006103516,4112.0
58.91999816894531,77.68000030517578,4113.0
58.36000061035156,60.560001373291016,4114.0
57.959999084472656,82.83999633789062,4115.0
57.79999923706055,61.91999816894531,4116.0
58.040000915527344,79.80000305175781,4117.0
58.2400016784668,68.5199966430664,4118.0
58.47999954223633,225.9199981689453,4119.0
57.15999984741211,239.9600067138672,4120.0
57.79999923706055,61.119998931884766,4121.0
57.15999984741211,61.27999877929688,4122.0
59.15999984741211,60.08000183105469,4123.0
59.08000183105469,62.63999938964844,4124.0
58.52000045776367,94.68000030517578,4125.0
57.880001068115234,84.55999755859375,4126.0
57.59999847412109,102.36000061035156,4127.0
58.20000076293945,222.5200042724609,4128.0
57.68000030517578,64.5199966430664,4129.0
58.08000183105469,77.23999786376953,4130.0
58.31999969482422,63.7599983215332,4131.0
58.119998931884766,219.8000030517578,4132.0
57.7599983215332,62.959999084472656,4133.0
57.959999084472656,62.52000045776367,4134.0
33.0,62.68000030517578,4135.0
57.27999877929688,62.0,4136.0
58.720001220703125,63.31999969482422,4137.0
58.27999877929688,86.68000030517578,4138.0
57.959999084472656,63.040000915527344,4139.0
58.27999877929688,58.63999938964844,4140.0
57.63999938964844,73.08000183105469,4141.0
57.52000045776367,75.16000366210938,4142.0
57.63999938964844,73.04000091552734,4143.0
57.63999938964844,70.04000091552734,4144.0
57.119998931884766,223.83999633789065,4145.0
57.720001220703125,71.5199966430664,4146.0
57.31999969482422,69.16000366210938,4147.0
57.63999938964844,60.880001068115234,4148.0
57.7599983215332,60.91999816894531,4149.0
57.43999862670898,225.6000061035156,4150.0
58.15999984741211,226.8800048828125,4151.0
58.20000076293945,69.16000366210938,4152.0
57.959999084472656,226.63999938964844,4153.0
58.63999938964844,68.36000061035156,4154.0
58.79999923706055,69.5999984741211,4155.0
60.040000915527344,84.27999877929688,4156.0
60.20000076293945,83.44000244140625,4157.0
59.400001525878906,84.08000183105469,4158.0
58.47999954223633,81.83999633789062,4159.0
58.52000045776367,83.31999969482422,4160.0
58.040000915527344,86.27999877929688,4161.0
58.08000183105469,86.5999984741211,4162.0
58.59999847412109,84.83999633789062,4163.0
58.2400016784668,84.31999969482422,4164.0
58.119998931884766,83.5199966430664,4165.0
58.040000915527344,239.9600067138672,4166.0
58.040000915527344,75.91999816894531,4167.0
57.880001068115234,226.6000061035156,4168.0
57.880001068115234,61.43999862670898,4169.0
57.68000030517578,59.31999969482422,4170.0
57.560001373291016,60.52000045776367,4171.0
57.20000076293945,226.0399932861328,4172.0
57.119998931884766,226.67999267578125,4173.0
57.560001373291016,226.83999633789065,4174.0
57.0,83.63999938964844,4175.0
56.84000015258789,62.91999816894531,4176.0
56.84000015258789,232.16000366210935,4177.0
57.63999938964844,65.04000091552734,4178.0
56.47999954223633,65.63999938964844,4179.0
56.68000030517578,82.19999694824219,4180.0
57.0,239.9600067138672,4181.0
56.91999816894531,239.9600067138672,4182.0
58.08000183105469,82.16000366210938,4183.0
57.7599983215332,74.5999984741211,4184.0
58.15999984741211,73.83999633789062,4185.0
57.959999084472656,74.80000305175781,4186.0
58.119998931884766,84.31999969482422,4187.0
57.720001220703125,85.08000183105469,4188.0
56.68000030517578,85.4800033569336,4189.0
57.31999969482422,79.91999816894531,4190.0
58.15999984741211,79.19999694824219,4191.0
57.7599983215332,85.87999725341797,4192.0
56.47999954223633,85.91999816894531,4193.0
58.59999847412109,84.5999984741211,4194.0
59.20000076293945,84.23999786376953,4195.0
59.040000915527344,83.83999633789062,4196.0
59.040000915527344,226.3600006103516,4197.0
57.36000061035156,62.47999954223633,4198.0
57.880001068115234,58.0,4199.0
59.560001373291016,59.59999847412109,4200.0
60.84000015258789,61.52000045776367,4201.0
59.880001068115234,83.91999816894531,4202.0
54.84000015258789,84.19999694824219,4203.0
58.52000045776367,83.76000213623047,4204.0
58.2400016784668,84.0,4205.0
58.36000061035156,83.76000213623047,4206.0
57.52000045776367,82.80000305175781,4207.0
57.959999084472656,81.83999633789062,4208.0
58.27999877929688,83.4000015258789,4209.0
56.560001373291016,82.95999908447266,4210.0
57.880001068115234,82.87999725341797,4211.0
57.959999084472656,82.91999816894531,4212.0
57.63999938964844,83.91999816894531,4213.0
58.119998931884766,83.5199966430664,4214.0
53.84000015258789,83.4800033569336,4215.0
57.31999969482422,82.72000122070312,4216.0
118.95999908447266,119.5999984741211,4217.0
105.5199966430664,119.27999877929688,4218.0
105.4000015258789,221.72000122070312,4219.0
118.44000244140624,139.24000549316406,4220.0
65.80000305175781,66.5999984741211,4221.0
58.91999816894531,64.4000015258789,4222.0
59.08000183105469,239.9600067138672,4223.0
58.43999862670898,84.23999786376953,4224.0
58.43999862670898,60.0,4225.0
59.040000915527344,84.95999908447266,4226.0
58.400001525878906,61.0,4227.0
57.79999923706055,79.08000183105469,4228.0
58.43999862670898,80.76000213623047,4229.0
59.08000183105469,80.76000213623047,4230.0
57.31999969482422,77.5199966430664,4231.0
58.43999862670898,77.83999633789062,4232.0
58.43999862670898,78.5999984741211,4233.0
58.040000915527344,77.16000366210938,4234.0
58.43999862670898,76.83999633789062,4235.0
56.84000015258789,83.76000213623047,4236.0
56.84000015258789,83.0,4237.0
58.400001525878906,83.19999694824219,4238.0
57.15999984741211,83.31999969482422,4239.0
57.119998931884766,83.5999984741211,4240.0
58.27999877929688,84.0,4241.0
58.040000915527344,85.27999877929688,4242.0
58.08000183105469,84.31999969482422,4243.0
57.27999877929688,84.80000305175781,4244.0
57.43999862670898,82.4000015258789,4245.0
57.63999938964844,83.19999694824219,4246.0
57.959999084472656,81.19999694824219,4247.0
57.959999084472656,82.31999969482422,4248.0
58.400001525878906,82.08000183105469,4249.0
57.959999084472656,84.0,4250.0
57.52000045776367,84.4000015258789,4251.0
58.0,83.91999816894531,4252.0
57.880001068115234,85.4000015258789,4253.0
58.400001525878906,85.68000030517578,4254.0
58.52000045776367,84.95999908447266,4255.0
58.59999847412109,85.83999633789062,4256.0
58.59999847412109,85.91999816894531,4257.0
58.84000015258789,86.63999938964844,4258.0
59.15999984741211,86.0,4259.0
59.15999984741211,86.87999725341797,4260.0
59.0,86.23999786376953,4261.0
59.400001525878906,63.880001068115234,4262.0
60.52000045776367,198.1999969482422,4263.0
58.63999938964844,80.12000274658203,4264.0
61.15999984741211,78.4800033569336,4265.0
57.560001373291016,78.80000305175781,4266.0
58.15999984741211,76.55999755859375,4267.0
57.52000045776367,84.72000122070312,4268.0
57.560001373291016,85.5999984741211,4269.0
57.52000045776367,85.63999938964844,4270.0
57.400001525878906,86.63999938964844,4271.0
57.040000915527344,85.72000122070312,4272.0
54.880001068115234,85.27999877929688,4273.0
57.880001068115234,85.68000030517578,4274.0
58.040000915527344,85.31999969482422,4275.0
56.43999862670898,84.95999908447266,4276.0
56.47999954223633,85.04000091552734,4277.0
56.91999816894531,84.55999755859375,4278.0
56.84000015258789,84.23999786376953,4279.0
56.36000061035156,82.95999908447266,4280.0
57.7599983215332,82.63999938964844,4281.0
57.63999938964844,82.95999908447266,4282.0
58.27999877929688,80.91999816894531,4283.0
57.7599983215332,79.44000244140625,4284.0
57.720001220703125,79.91999816894531,4285.0
57.15999984741211,76.83999633789062,4286.0
57.040000915527344,76.04000091552734,4287.0
58.119998931884766,85.19999694824219,4288.0
57.400001525878906,86.23999786376953,4289.0
57.0,85.91999816894531,4290.0
57.0,85.23999786376953,4291.0
56.79999923706055,83.76000213623047,4292.0
57.31999969482422,82.95999908447266,4293.0
57.7599983215332,83.91999816894531,4294.0
57.79999923706055,74.55999755859375,4295.0
58.43999862670898,86.4800033569336,4296.0
57.43999862670898,74.0,4297.0
57.68000030517578,74.08000183105469,4298.0
57.31999969482422,74.31999969482422,4299.0
56.959999084472656,81.12000274658203,4300.0
57.720001220703125,81.68000030517578,4301.0
58.0,61.47999954223633,4302.0
57.7599983215332,81.36000061035156,4303.0
57.0,61.59999847412109,4304.0
57.36000061035156,62.119998931884766,4305.0
58.68000030517578,82.80000305175781,4306.0
58.560001373291016,82.44000244140625,4307.0
58.040000915527344,62.52000045776367,4308.0
58.63999938964844,63.20000076293945,4309.0
57.43999862670898,80.95999908447266,4310.0
57.400001525878906,79.63999938964844,4311.0
56.36000061035156,61.959999084472656,4312.0
58.27999877929688,81.08000183105469,4313.0
58.43999862670898,62.79999923706055,4314.0
58.20000076293945,186.83999633789065,4315.0
57.79999923706055,81.36000061035156,4316.0
57.7599983215332,81.04000091552734,4317.0
57.720001220703125,81.4000015258789,4318.0
57.880001068115234,83.4800033569336,4319.0
58.2400016784668,81.12000274658203,4320.0
58.59999847412109,82.08000183105469,4321.0
57.63999938964844,79.83999633789062,4322.0
56.84000015258789,80.4000015258789,4323.0
57.0,78.16000366210938,4324.0
57.63999938964844,79.19999694824219,4325.0
57.31999969482422,69.19999694824219,4326.0
57.47999954223633,59.27999877929688,4327.0
57.68000030517578,80.72000122070312,4328.0
58.20000076293945,79.12000274658203,4329.0
58.119998931884766,76.72000122070312,4330.0
57.63999938964844,79.4000015258789,4331.0
38.20000076293945,59.27999877929688,4332.0
57.2400016784668,80.55999755859375,4333.0
57.63999938964844,78.0,4334.0
58.08000183105469,79.91999816894531,4335.0
58.27999877929688,68.87999725341797,4336.0
58.20000076293945,69.36000061035156,4337.0
57.7599983215332,74.12000274658203,4338.0
57.15999984741211,61.27999877929688,4339.0
60.720001220703125,61.959999084472656,4340.0
59.08000183105469,81.95999908447266,4341.0
58.08000183105469,79.68000030517578,4342.0
57.63999938964844,80.12000274658203,4343.0
57.7599983215332,80.68000030517578,4344.0
58.040000915527344,80.16000366210938,4345.0
57.040000915527344,80.4000015258789,4346.0
58.59999847412109,80.19999694824219,4347.0
58.0,80.4000015258789,4348.0
58.15999984741211,80.87999725341797,4349.0
57.0,80.36000061035156,4350.0
58.119998931884766,81.04000091552734,4351.0
57.31999969482422,80.16000366210938,4352.0
57.119998931884766,79.83999633789062,4353.0
57.560001373291016,79.55999755859375,4354.0
58.15999984741211,79.5999984741211,4355.0
58.15999984741211,80.76000213623047,4356.0
57.560001373291016,78.55999755859375,4357.0
57.7599983215332,81.23999786376953,4358.0
57.36000061035156,77.5199966430664,4359.0
55.7599983215332,80.16000366210938,4360.0
56.720001220703125,78.08000183105469,4361.0
57.36000061035156,80.31999969482422,4362.0
58.27999877929688,79.63999938964844,4363.0
54.91999816894531,79.63999938964844,4364.0
57.43999862670898,81.0,4365.0
58.0,81.04000091552734,4366.0
57.2400016784668,80.4000015258789,4367.0
57.91999816894531,81.16000366210938,4368.0
57.20000076293945,81.5199966430664,4369.0
57.08000183105469,81.5999984741211,4370.0
51.31999969482422,60.560001373291016,4371.0
57.08000183105469,80.4800033569336,4372.0
57.119998931884766,81.27999877929688,4373.0
58.27999877929688,80.87999725341797,4374.0
57.560001373291016,81.12000274658203,4375.0
57.31999969482422,81.27999877929688,4376.0
57.959999084472656,59.0,4377.0
57.880001068115234,80.55999755859375,4378.0
56.880001068115234,81.19999694824219,4379.0
57.47999954223633,82.0,4380.0
57.68000030517578,80.44000244140625,4381.0
62.119998931884766,82.5199966430664,4382.0
61.08000183105469,61.959999084472656,4383.0
57.2400016784668,81.36000061035156,4384.0
57.15999984741211,82.08000183105469,4385.0
56.119998931884766,57.63999938964844,4386.0
57.119998931884766,81.68000030517578,4387.0
57.15999984741211,82.04000091552734,4388.0
57.400001525878906,81.72000122070312,4389.0
57.47999954223633,81.76000213623047,4390.0
54.31999969482422,81.83999633789062,4391.0
57.63999938964844,81.76000213623047,4392.0
58.2400016784668,81.83999633789062,4393.0
53.84000015258789,82.16000366210938,4394.0
57.20000076293945,81.83999633789062,4395.0
57.0,82.23999786376953,4396.0
57.36000061035156,81.68000030517578,4397.0
57.47999954223633,82.68000030517578,4398.0
58.0,82.19999694824219,4399.0
58.560001373291016,81.5199966430664,4400.0
58.52000045776367,81.16000366210938,4401.0
57.79999923706055,79.63999938964844,4402.0
58.0,81.04000091552734,4403.0
54.79999923706055,81.83999633789062,4404.0
56.79999923706055,62.63999938964844,4405.0
57.20000076293945,81.83999633789062,4406.0
57.2400016784668,81.83999633789062,4407.0
54.68000030517578,81.87999725341797,4408.0
57.119998931884766,81.95999908447266,4409.0
57.08000183105469,82.08000183105469,4410.0
58.36000061035156,82.72000122070312,4411.0
57.959999084472656,82.68000030517578,4412.0
58.52000045776367,82.23999786376953,4413.0
57.79999923706055,82.55999755859375,4414.0
58.20000076293945,82.4000015258789,4415.0
57.52000045776367,82.08000183105469,4416.0
57.79999923706055,81.19999694824219,4417.0
58.040000915527344,82.16000366210938,4418.0
58.20000076293945,73.76000213623047,4419.0
59.040000915527344,61.08000183105469,4420.0
59.47999954223633,73.76000213623047,4421.0
57.79999923706055,61.720001220703125,4422.0
56.84000015258789,60.560001373291016,4423.0
56.560001373291016,72.55999755859375,4424.0
57.119998931884766,72.5999984741211,4425.0
55.2400016784668,82.0,4426.0
57.59999847412109,83.36000061035156,4427.0
57.15999984741211,72.04000091552734,4428.0
57.560001373291016,82.36000061035156,4429.0
58.27999877929688,82.68000030517578,4430.0
58.31999969482422,81.83999633789062,4431.0
57.959999084472656,80.68000030517578,4432.0
57.43999862670898,81.19999694824219,4433.0
57.880001068115234,81.72000122070312,4434.0
57.959999084472656,81.19999694824219,4435.0
58.08000183105469,80.12000274658203,4436.0
57.7599983215332,79.55999755859375,4437.0
57.31999969482422,78.23999786376953,4438.0
57.84000015258789,70.16000366210938,4439.0
57.880001068115234,81.04000091552734,4440.0
57.84000015258789,79.95999908447266,4441.0
57.560001373291016,81.44000244140625,4442.0
57.7599983215332,83.36000061035156,4443.0
57.31999969482422,82.31999969482422,4444.0
57.880001068115234,83.4800033569336,4445.0
57.7599983215332,82.63999938964844,4446.0
57.59999847412109,81.83999633789062,4447.0
57.63999938964844,82.76000213623047,4448.0
40.52000045776367,82.68000030517578,4449.0
56.68000030517578,82.68000030517578,4450.0
57.040000915527344,83.68000030517578,4451.0
57.720001220703125,83.0,4452.0
57.560001373291016,83.31999969482422,4453.0
57.84000015258789,82.87999725341797,4454.0
56.7599983215332,82.87999725341797,4455.0
57.31999969482422,82.83999633789062,4456.0
56.040000915527344,82.19999694824219,4457.0
56.31999969482422,82.83999633789062,4458.0
57.52000045776367,82.63999938964844,4459.0
53.47999954223633,82.63999938964844,4460.0
57.31999969482422,82.95999908447266,4461.0
57.63999938964844,82.19999694824219,4462.0
57.119998931884766,82.5199966430664,4463.0
57.0,82.19999694824219,4464.0
56.79999923706055,82.95999908447266,4465.0
56.400001525878906,82.4800033569336,4466.0
57.119998931884766,81.68000030517578,4467.0
57.400001525878906,82.04000091552734,4468.0
57.91999816894531,82.5199966430664,4469.0
57.52000045776367,82.72000122070312,4470.0
57.31999969482422,81.83999633789062,4471.0
57.47999954223633,82.63999938964844,4472.0
57.59999847412109,82.0,4473.0
57.63999938964844,81.95999908447266,4474.0
56.720001220703125,58.59999847412109,4475.0
58.27999877929688,81.83999633789062,4476.0
58.560001373291016,82.16000366210938,4477.0
57.400001525878906,81.80000305175781,4478.0
57.880001068115234,81.80000305175781,4479.0
57.84000015258789,81.83999633789062,4480.0
57.959999084472656,82.4000015258789,4481.0
57.63999938964844,81.83999633789062,4482.0
58.08000183105469,82.16000366210938,4483.0
57.959999084472656,82.08000183105469,4484.0
57.720001220703125,81.36000061035156,4485.0
56.47999954223633,80.83999633789062,4486.0
57.0,79.12000274658203,4487.0
57.08000183105469,81.72000122070312,4488.0
56.52000045776367,81.5199966430664,4489.0
53.47999954223633,53.040000915527344,4490.0
55.7599983215332,82.16000366210938,4491.0
56.79999923706055,53.0,4492.0
53.36000061035156,81.72000122070312,4493.0
57.0,81.83999633789062,4494.0
56.43999862670898,81.5199966430664,4495.0
57.0,80.72000122070312,4496.0
56.560001373291016,81.04000091552734,4497.0
57.27999877929688,81.44000244140625,4498.0
56.91999816894531,80.55999755859375,4499.0
57.31999969482422,58.36000061035156,4500.0
57.31999969482422,81.68000030517578,4501.0
57.400001525878906,82.08000183105469,4502.0
57.52000045776367,82.12000274658203,4503.0
58.52000045776367,81.95999908447266,4504.0
57.959999084472656,82.08000183105469,4505.0
57.63999938964844,81.5199966430664,4506.0
57.0,60.880001068115234,4507.0
57.79999923706055,81.80000305175781,4508.0
57.36000061035156,81.76000213623047,4509.0
58.400001525878906,81.44000244140625,4510.0
57.15999984741211,81.76000213623047,4511.0
58.79999923706055,81.36000061035156,4512.0
57.20000076293945,82.08000183105469,4513.0
55.36000061035156,81.4000015258789,4514.0
54.91999816894531,81.08000183105469,4515.0
56.08000183105469,81.19999694824219,4516.0
56.720001220703125,81.04000091552734,4517.0
55.7599983215332,81.72000122070312,4518.0
56.15999984741211,80.72000122070312,4519.0
57.63999938964844,80.76000213623047,4520.0
57.52000045776367,81.44000244140625,4521.0
57.63999938964844,81.12000274658203,4522.0
56.52000045776367,81.72000122070312,4523.0
56.880001068115234,69.44000244140625,4524.0
53.31999969482422,73.12000274658203,4525.0
57.400001525878906,58.43999862670898,4526.0
57.0,69.5199966430664,4527.0
57.08000183105469,81.76000213623047,4528.0
57.7599983215332,73.36000061035156,4529.0
58.27999877929688,69.36000061035156,4530.0
57.560001373291016,77.36000061035156,4531.0
56.15999984741211,58.36000061035156,4532.0
57.400001525878906,80.4800033569336,4533.0
57.47999954223633,81.5199966430664,4534.0
57.36000061035156,80.16000366210938,4535.0
57.400001525878906,81.0,4536.0
57.119998931884766,81.80000305175781,4537.0
57.31999969482422,80.44000244140625,4538.0
57.7599983215332,74.95999908447266,4539.0
58.7599983215332,74.16000366210938,4540.0
57.400001525878906,74.12000274658203,4541.0
59.2400016784668,81.31999969482422,4542.0
57.0,81.4800033569336,4543.0
59.36000061035156,74.12000274658203,4544.0
50.59999847412109,81.16000366210938,4545.0
59.27999877929688,73.36000061035156,4546.0
58.47999954223633,80.87999725341797,4547.0
57.79999923706055,81.5199966430664,4548.0
57.84000015258789,79.08000183105469,4549.0
55.31999969482422,80.4000015258789,4550.0
58.52000045776367,68.27999877929688,4551.0
57.31999969482422,68.44000244140625,4552.0
59.0,73.16000366210938,4553.0
56.68000030517578,70.95999908447266,4554.0
57.15999984741211,73.31999969482422,4555.0
57.560001373291016,72.55999755859375,4556.0
56.79999923706055,72.91999816894531,4557.0
56.2400016784668,71.72000122070312,4558.0
57.0,71.87999725341797,4559.0
55.2400016784668,66.0,4560.0
55.7599983215332,72.95999908447266,4561.0
57.43999862670898,71.04000091552734,4562.0
57.119998931884766,60.08000183105469,4563.0
56.7599983215332,57.84000015258789,4564.0
56.52000045776367,57.79999923706055,4565.0
51.040000915527344,52.040000915527344,4566.0
40.400001525878906,59.2400016784668,4567.0
55.400001525878906,58.15999984741211,4568.0
54.119998931884766,56.880001068115234,4569.0
57.15999984741211,57.959999084472656,4570.0
56.400001525878906,57.84000015258789,4571.0
58.08000183105469,58.15999984741211,4572.0
58.31999969482422,58.15999984741211,4573.0
57.400001525878906,58.15999984741211,4574.0
56.959999084472656,57.959999084472656,4575.0
57.720001220703125,58.08000183105469,4576.0
59.0,74.44000244140625,4577.0
48.27999877929688,59.2400016784668,4578.0
58.36000061035156,74.0,4579.0
58.91999816894531,73.5999984741211,4580.0
58.36000061035156,74.68000030517578,4581.0
58.79999923706055,73.95999908447266,4582.0
58.47999954223633,74.36000061035156,4583.0
58.31999969482422,58.560001373291016,4584.0
58.2400016784668,74.16000366210938,4585.0
58.27999877929688,58.36000061035156,4586.0
56.560001373291016,57.959999084472656,4587.0
58.27999877929688,58.63999938964844,4588.0
57.119998931884766,59.36000061035156,4589.0
57.27999877929688,89.72000122070312,4590.0
58.119998931884766,88.55999755859375,4591.0
55.91999816894531,56.720001220703125,4592.0
58.119998931884766,89.36000061035156,4593.0
57.959999084472656,88.63999938964844,4594.0
51.0,58.63999938964844,4595.0
57.7599983215332,89.19999694824219,4596.0
57.63999938964844,58.84000015258789,4597.0
57.63999938964844,58.47999954223633,4598.0
58.47999954223633,89.12000274658203,4599.0
59.36000061035156,59.400001525878906,4600.0
57.79999923706055,58.36000061035156,4601.0
57.52000045776367,58.27999877929688,4602.0
51.880001068115234,59.0,4603.0
57.880001068115234,58.0,4604.0
57.52000045776367,57.880001068115234,4605.0
58.0,58.400001525878906,4606.0
57.63999938964844,86.72000122070312,4607.0
58.31999969482422,58.47999954223633,4608.0
58.59999847412109,59.27999877929688,4609.0
49.52000045776367,59.400001525878906,4610.0
45.84000015258789,58.720001220703125,4611.0
49.15999984741211,59.27999877929688,4612.0
55.880001068115234,57.47999954223633,4613.0
57.31999969482422,86.76000213623047,4614.0
57.91999816894531,58.59999847412109,4615.0
57.31999969482422,57.959999084472656,4616.0
56.400001525878906,57.959999084472656,4617.0
56.880001068115234,48.20000076293945,4618.0
57.31999969482422,58.20000076293945,4619.0
57.20000076293945,57.959999084472656,4620.0
57.79999923706055,58.15999984741211,4621.0
57.959999084472656,58.400001525878906,4622.0
57.59999847412109,58.27999877929688,4623.0
57.400001525878906,57.43999862670898,4624.0
57.52000045776367,57.31999969482422,4625.0
56.84000015258789,58.31999969482422,4626.0
56.720001220703125,57.31999969482422,4627.0
56.2400016784668,56.68000030517578,4628.0
56.7599983215332,57.400001525878906,4629.0
56.880001068115234,57.47999954223633,4630.0
56.880001068115234,57.720001220703125,4631.0
56.7599983215332,83.0,4632.0
57.0,58.040000915527344,4633.0
57.119998931884766,57.720001220703125,4634.0
57.47999954223633,58.119998931884766,4635.0
57.27999877929688,57.959999084472656,4636.0
56.59999847412109,57.560001373291016,4637.0
56.400001525878906,58.119998931884766,4638.0
57.119998931884766,57.59999847412109,4639.0
56.43999862670898,57.31999969482422,4640.0
54.119998931884766,58.400001525878906,4641.0
57.31999969482422,57.31999969482422,4642.0
57.27999877929688,57.47999954223633,4643.0
56.400001525878906,57.720001220703125,4644.0
57.84000015258789,58.31999969482422,4645.0
58.040000915527344,58.68000030517578,4646.0
57.59999847412109,57.7599983215332,4647.0
57.560001373291016,57.63999938964844,4648.0
57.47999954223633,57.560001373291016,4649.0
57.560001373291016,57.63999938964844,4650.0
57.52000045776367,58.040000915527344,4651.0
58.119998931884766,58.52000045776367,4652.0
57.880001068115234,58.2400016784668,4653.0
57.0,59.08000183105469,4654.0
57.59999847412109,57.560001373291016,4655.0
56.68000030517578,57.400001525878906,4656.0
57.63999938964844,57.959999084472656,4657.0
57.63999938964844,57.79999923706055,4658.0
57.959999084472656,58.36000061035156,4659.0
57.560001373291016,57.68000030517578,4660.0
57.79999923706055,57.959999084472656,4661.0
58.47999954223633,58.720001220703125,4662.0
58.31999969482422,58.2400016784668,4663.0
58.27999877929688,83.63999938964844,4664.0
58.400001525878906,58.31999969482422,4665.0
57.0,58.119998931884766,4666.0
57.63999938964844,57.84000015258789,4667.0
57.400001525878906,57.79999923706055,4668.0
57.7599983215332,58.15999984741211,4669.0
57.720001220703125,57.959999084472656,4670.0
57.36000061035156,58.040000915527344,4671.0
56.68000030517578,57.7599983215332,4672.0
0.0,58.15999984741211,4673.0
57.52000045776367,83.72000122070312,4674.0
48.36000061035156,57.36000061035156,4675.0
57.2400016784668,84.04000091552734,4676.0
56.52000045776367,56.27999877929688,4677.0
57.040000915527344,57.959999084472656,4678.0
57.79999923706055,57.47999954223633,4679.0
56.0,57.63999938964844,4680.0
57.68000030517578,58.52000045776367,4681.0
58.040000915527344,58.36000061035156,4682.0
54.43999862670898,63.2400016784668,4683.0
58.040000915527344,57.959999084472656,4684.0
57.560001373291016,59.47999954223633,4685.0
52.2400016784668,53.08000183105469,4686.0
55.400001525878906,56.59999847412109,4687.0
53.880001068115234,53.560001373291016,4688.0
56.08000183105469,83.55999755859375,4689.0
52.880001068115234,59.119998931884766,4690.0
55.7599983215332,58.36000061035156,4691.0
56.68000030517578,222.75999450683597,4692.0
54.15999984741211,55.880001068115234,4693.0
52.63999938964844,83.91999816894531,4694.0
55.7599983215332,223.0399932861328,4695.0
53.31999969482422,83.91999816894531,4696.0
56.43999862670898,55.2400016784668,4697.0
53.119998931884766,54.20000076293945,4698.0
55.7599983215332,83.23999786376953,4699.0
57.119998931884766,84.08000183105469,4700.0
55.63999938964844,83.23999786376953,4701.0
56.0,82.95999908447266,4702.0
53.43999862670898,82.5199966430664,4703.0
55.79999923706055,72.68000030517578,4704.0
57.31999969482422,84.04000091552734,4705.0
48.68000030517578,67.87999725341797,4706.0
55.720001220703125,84.83999633789062,4707.0
39.68000030517578,84.44000244140625,4708.0
48.63999938964844,76.4000015258789,4709.0
56.36000061035156,56.47999954223633,4710.0
56.68000030517578,83.91999816894531,4711.0
56.36000061035156,82.27999877929688,4712.0
56.400001525878906,57.08000183105469,4713.0
55.119998931884766,61.59999847412109,4714.0
55.400001525878906,58.720001220703125,4715.0
40.36000061035156,57.52000045776367,4716.0
55.119998931884766,66.63999938964844,4717.0
57.63999938964844,58.7599983215332,4718.0
56.84000015258789,85.19999694824219,4719.0
56.08000183105469,222.6000061035156,4720.0
56.560001373291016,223.32000732421875,4721.0
55.27999877929688,82.16000366210938,4722.0
57.43999862670898,222.6000061035156,4723.0
58.52000045776367,82.72000122070312,4724.0
58.36000061035156,82.80000305175781,4725.0
58.91999816894531,81.5999984741211,4726.0
59.040000915527344,87.80000305175781,4727.0
57.68000030517578,80.95999908447266,4728.0
57.27999877929688,80.44000244140625,4729.0
57.15999984741211,87.16000366210938,4730.0
58.959999084472656,59.400001525878906,4731.0
55.52000045776367,87.5999984741211,4732.0
56.36000061035156,88.5199966430664,4733.0
58.63999938964844,79.76000213623047,4734.0
59.0,87.19999694824219,4735.0
56.119998931884766,88.04000091552734,4736.0
57.7599983215332,64.4800033569336,4737.0
57.63999938964844,64.80000305175781,4738.0
58.43999862670898,225.1999969482422,4739.0
58.040000915527344,236.83999633789065,4740.0
56.959999084472656,80.83999633789062,4741.0
57.959999084472656,234.16000366210935,4742.0
56.31999969482422,86.95999908447266,4743.0
55.79999923706055,125.08000183105467,4744.0
56.720001220703125,224.55999755859372,4745.0
58.15999984741211,83.0,4746.0
58.2400016784668,83.91999816894531,4747.0
57.84000015258789,80.76000213623047,4748.0
57.560001373291016,77.36000061035156,4749.0
57.0,0.0,4750.0
56.84000015258789,57.31999969482422,4751.0
57.08000183105469,221.0800018310547,4752.0
57.31999969482422,82.55999755859375,4753.0
57.31999969482422,221.63999938964844,4754.0
58.43999862670898,59.68000030517578,4755.0
58.79999923706055,59.2400016784668,4756.0
58.560001373291016,58.91999816894531,4757.0
57.959999084472656,57.47999954223633,4758.0
56.47999954223633,79.36000061035156,4759.0
57.47999954223633,58.59999847412109,4760.0
59.560001373291016,77.04000091552734,4761.0
58.31999969482422,58.59999847412109,4762.0
58.119998931884766,76.76000213623047,4763.0
59.2400016784668,59.27999877929688,4764.0
58.52000045776367,79.5199966430664,4765.0
58.560001373291016,60.52000045776367,4766.0
59.560001373291016,59.959999084472656,4767.0
58.79999923706055,59.36000061035156,4768.0
58.31999969482422,77.04000091552734,4769.0
58.52000045776367,75.91999816894531,4770.0
57.63999938964844,58.0,4771.0
30.1200008392334,77.16000366210938,4772.0
56.79999923706055,75.83999633789062,4773.0
56.720001220703125,88.55999755859375,4774.0
58.400001525878906,59.27999877929688,4775.0
57.43999862670898,235.3600006103516,4776.0
57.63999938964844,82.16000366210938,4777.0
57.2400016784668,82.44000244140625,4778.0
57.20000076293945,60.36000061035156,4779.0
58.560001373291016,58.27999877929688,4780.0
57.7599983215332,57.959999084472656,4781.0
58.27999877929688,58.31999969482422,4782.0
57.959999084472656,58.59999847412109,4783.0
56.84000015258789,57.959999084472656,4784.0
57.84000015258789,57.79999923706055,4785.0
57.91999816894531,57.959999084472656,4786.0
56.36000061035156,57.08000183105469,4787.0
56.15999984741211,76.27999877929688,4788.0
58.79999923706055,58.79999923706055,4789.0
50.91999816894531,58.880001068115234,4790.0
55.52000045776367,56.119998931884766,4791.0
57.15999984741211,57.47999954223633,4792.0
55.91999816894531,57.040000915527344,4793.0
58.31999969482422,80.4000015258789,4794.0
56.79999923706055,78.68000030517578,4795.0
57.7599983215332,78.27999877929688,4796.0
55.720001220703125,56.560001373291016,4797.0
56.880001068115234,80.5999984741211,4798.0
56.68000030517578,80.72000122070312,4799.0
57.0,74.16000366210938,4800.0
56.720001220703125,80.55999755859375,4801.0
57.63999938964844,58.0,4802.0
57.400001525878906,222.9199981689453,4803.0
57.31999969482422,77.16000366210938,4804.0
57.84000015258789,78.83999633789062,4805.0
57.119998931884766,221.8800048828125,4806.0
57.560001373291016,83.63999938964844,4807.0
58.52000045776367,58.0,4808.0
57.08000183105469,57.720001220703125,4809.0
57.720001220703125,83.27999877929688,4810.0
57.720001220703125,57.959999084472656,4811.0
57.63999938964844,83.19999694824219,4812.0
58.040000915527344,81.5999984741211,4813.0
57.52000045776367,80.16000366210938,4814.0
57.560001373291016,57.79999923706055,4815.0
56.59999847412109,111.55999755859376,4816.0
57.560001373291016,57.84000015258789,4817.0
57.2400016784668,57.68000030517578,4818.0
56.7599983215332,57.63999938964844,4819.0
56.15999984741211,57.040000915527344,4820.0
57.400001525878906,57.959999084472656,4821.0
56.84000015258789,57.20000076293945,4822.0
56.720001220703125,57.15999984741211,4823.0
57.47999954223633,57.68000030517578,4824.0
57.119998931884766,57.63999938964844,4825.0
50.0,57.720001220703125,4826.0
57.720001220703125,57.959999084472656,4827.0
54.20000076293945,57.36000061035156,4828.0
57.2400016784668,57.720001220703125,4829.0
232.72000122070312,123.91999816894533,4830.0
54.79999923706055,55.400001525878906,4831.0
56.36000061035156,56.68000030517578,4832.0
55.720001220703125,57.2400016784668,4833.0
54.52000045776367,124.12000274658205,4834.0
57.119998931884766,56.119998931884766,4835.0
57.08000183105469,113.4000015258789,4836.0
57.63999938964844,57.7599983215332,4837.0
57.31999969482422,57.63999938964844,4838.0
57.2400016784668,56.7599983215332,4839.0
57.400001525878906,56.68000030517578,4840.0
56.119998931884766,56.79999923706055,4841.0
57.31999969482422,57.400001525878906,4842.0
57.880001068115234,56.36000061035156,4843.0
57.63999938964844,119.55999755859376,4844.0
57.63999938964844,57.880001068115234,4845.0
52.59999847412109,57.63999938964844,4846.0
56.27999877929688,56.84000015258789,4847.0
57.2400016784668,56.68000030517578,4848.0
52.20000076293945,239.9600067138672,4849.0
50.68000030517578,57.47999954223633,4850.0
57.0,56.52000045776367,4851.0
53.08000183105469,239.9600067138672,4852.0
57.119998931884766,239.9600067138672,4853.0
55.959999084472656,56.36000061035156,4854.0
56.68000030517578,57.040000915527344,4855.0
56.2400016784668,55.47999954223633,4856.0
38.43999862670898,54.959999084472656,4857.0
55.91999816894531,56.43999862670898,4858.0
56.560001373291016,57.20000076293945,4859.0
225.8800048828125,153.63999938964844,4860.0
55.7599983215332,57.15999984741211,4861.0
56.400001525878906,56.91999816894531,4862.0
57.68000030517578,57.959999084472656,4863.0
56.91999816894531,57.36000061035156,4864.0
39.720001220703125,57.63999938964844,4865.0
57.7599983215332,57.36000061035156,4866.0
57.040000915527344,56.720001220703125,4867.0
35.880001068115234,57.959999084472656,4868.0
55.7599983215332,56.43999862670898,4869.0
56.52000045776367,57.2400016784668,4870.0
55.400001525878906,56.52000045776367,4871.0
56.08000183105469,56.43999862670898,4872.0
56.36000061035156,56.68000030517578,4873.0
56.2400016784668,56.68000030517578,4874.0
34.599998474121094,57.0,4875.0
50.27999877929688,59.27999877929688,4876.0
56.7599983215332,57.15999984741211,4877.0
53.15999984741211,58.59999847412109,4878.0
53.0,56.91999816894531,4879.0
56.560001373291016,68.87999725341797,4880.0
55.91999816894531,56.7599983215332,4881.0
56.20000076293945,77.5199966430664,4882.0
55.7599983215332,76.55999755859375,4883.0
57.119998931884766,76.68000030517578,4884.0
56.47999954223633,76.87999725341797,4885.0
53.20000076293945,53.27999877929688,4886.0
56.91999816894531,53.880001068115234,4887.0
57.0,57.0,4888.0
56.91999816894531,56.7599983215332,4889.0
55.59999847412109,56.43999862670898,4890.0
56.43999862670898,56.52000045776367,4891.0
53.43999862670898,93.4800033569336,4892.0
55.7599983215332,54.400001525878906,4893.0
55.880001068115234,53.959999084472656,4894.0
55.47999954223633,56.720001220703125,4895.0
55.91999816894531,69.44000244140625,4896.0
55.7599983215332,75.23999786376953,4897.0
55.720001220703125,75.23999786376953,4898.0
56.08000183105469,78.16000366210938,4899.0
57.43999862670898,69.5199966430664,4900.0
57.68000030517578,77.80000305175781,4901.0
58.59999847412109,58.880001068115234,4902.0
58.91999816894531,77.44000244140625,4903.0
56.880001068115234,78.16000366210938,4904.0
56.52000045776367,88.36000061035156,4905.0
56.36000061035156,88.08000183105469,4906.0
56.79999923706055,239.9600067138672,4907.0
56.84000015258789,88.72000122070312,4908.0
55.880001068115234,78.16000366210938,4909.0
42.91999816894531,58.720001220703125,4910.0
46.119998931884766,58.0,4911.0
53.79999923706055,57.79999923706055,4912.0
51.959999084472656,59.27999877929688,4913.0
52.20000076293945,59.560001373291016,4914.0
51.880001068115234,74.63999938964844,4915.0
57.79999923706055,59.0,4916.0
57.63999938964844,58.84000015258789,4917.0
57.63999938964844,89.4000015258789,4918.0
56.36000061035156,89.44000244140625,4919.0
57.31999969482422,68.95999908447266,4920.0
57.52000045776367,60.52000045776367,4921.0
58.31999969482422,74.04000091552734,4922.0
57.0,57.959999084472656,4923.0
56.68000030517578,60.7599983215332,4924.0
56.68000030517578,77.63999938964844,4925.0
57.63999938964844,59.31999969482422,4926.0
55.7599983215332,77.19999694824219,4927.0
57.79999923706055,59.2400016784668,4928.0
55.400001525878906,59.2400016784668,4929.0
57.400001525878906,76.04000091552734,4930.0
58.91999816894531,59.400001525878906,4931.0
57.91999816894531,77.23999786376953,4932.0
58.0,78.63999938964844,4933.0
57.959999084472656,58.400001525878906,4934.0
57.7599983215332,87.16000366210938,4935.0
57.720001220703125,57.959999084472656,4936.0
54.68000030517578,90.1999969482422,4937.0
57.47999954223633,89.4800033569336,4938.0
56.880001068115234,89.4800033569336,4939.0
57.47999954223633,89.04000091552734,4940.0
57.20000076293945,88.87999725341797,4941.0
57.560001373291016,89.16000366210938,4942.0
57.880001068115234,89.08000183105469,4943.0
57.84000015258789,58.43999862670898,4944.0
58.27999877929688,89.72000122070312,4945.0
57.119998931884766,87.83999633789062,4946.0
57.0,69.19999694824219,4947.0
56.31999969482422,88.87999725341797,4948.0
41.0,89.0,4949.0
57.7599983215332,79.91999816894531,4950.0
56.63999938964844,89.16000366210938,4951.0
38.119998931884766,59.91999816894531,4952.0
55.720001220703125,122.91999816894533,4953.0
56.52000045776367,122.91999816894533,4954.0
56.2400016784668,59.2400016784668,4955.0
56.720001220703125,58.63999938964844,4956.0
57.15999984741211,58.31999969482422,4957.0
56.880001068115234,89.68000030517578,4958.0
56.84000015258789,122.12000274658205,4959.0
57.36000061035156,122.91999816894533,4960.0
56.31999969482422,123.4000015258789,4961.0
56.36000061035156,57.79999923706055,4962.0
57.31999969482422,63.59999847412109,4963.0
57.0,122.44000244140624,4964.0
56.880001068115234,57.63999938964844,4965.0
54.79999923706055,58.08000183105469,4966.0
56.79999923706055,56.720001220703125,4967.0
58.560001373291016,212.0,4968.0
55.400001525878906,58.43999862670898,4969.0
53.15999984741211,239.9600067138672,4970.0
116.5199966430664,116.83999633789062,4971.0
57.31999969482422,123.0,4972.0
56.15999984741211,122.91999816894533,4973.0
57.31999969482422,123.76000213623048,4974.0
57.31999969482422,93.76000213623048,4975.0
56.880001068115234,56.400001525878906,4976.0
56.52000045776367,57.720001220703125,4977.0
56.08000183105469,56.36000061035156,4978.0
55.68000030517578,56.43999862670898,4979.0
48.68000030517578,89.23999786376953,4980.0
55.040000915527344,55.63999938964844,4981.0
55.720001220703125,54.43999862670898,4982.0
35.63999938964844,50.68000030517578,4983.0
43.720001220703125,67.5199966430664,4984.0
41.59999847412109,54.79999923706055,4985.0
159.44000244140625,171.44000244140625,4986.0
44.20000076293945,74.63999938964844,4987.0
67.55999755859375,121.04000091552734,4988.0
121.63999938964844,121.31999969482422,4989.0
90.95999908447266,122.0,4990.0
0.0,44.36000061035156,4991.0
160.67999267578125,160.8000030517578,4992.0
56.36000061035156,62.400001525878906,4993.0
56.36000061035156,64.72000122070312,4994.0
57.119998931884766,64.63999938964844,4995.0
56.43999862670898,64.4000015258789,4996.0
57.63999938964844,64.5199966430664,4997.0
57.08000183105469,64.27999877929688,4998.0
57.0,64.36000061035156,4999.0
57.63999938964844,195.72000122070312,5000.0
55.2400016784668,65.23999786376953,5001.0
56.400001525878906,123.12000274658205,5002.0
56.36000061035156,58.15999984741211,5003.0
58.2400016784668,239.9600067138672,5004.0
57.400001525878906,123.04000091552734,5005.0
57.0,55.0,5006.0
57.63999938964844,57.43999862670898,5007.0
55.720001220703125,55.63999938964844,5008.0
156.36000061035156,95.87999725341795,5009.0
156.1999969482422,166.75999450683594,5010.0
155.60000610351562,166.36000061035156,5011.0
155.39999389648438,206.9600067138672,5012.0
154.44000244140625,203.44000244140625,5013.0
156.1999969482422,166.32000732421875,5014.0
155.8000030517578,166.83999633789062,5015.0
157.9600067138672,166.52000427246094,5016.0
166.8000030517578,55.20000076293945,5017.0
32.20000076293945,62.7599983215332,5018.0
56.400001525878906,57.31999969482422,5019.0
57.0,57.400001525878906,5020.0
57.52000045776367,120.1999969482422,5021.0
56.36000061035156,56.43999862670898,5022.0
57.0,56.91999816894531,5023.0
57.59999847412109,84.04000091552734,5024.0
57.560001373291016,239.9600067138672,5025.0
56.119998931884766,85.31999969482422,5026.0
58.27999877929688,58.0,5027.0
57.84000015258789,58.2400016784668,5028.0
116.5199966430664,206.9199981689453,5029.0
115.23999786376952,115.27999877929688,5030.0
115.55999755859376,150.67999267578125,5031.0
37.08000183105469,82.68000030517578,5032.0
57.400001525878906,56.7599983215332,5033.0
57.040000915527344,57.040000915527344,5034.0
57.84000015258789,57.79999923706055,5035.0
57.720001220703125,57.720001220703125,5036.0
33.0,56.79999923706055,5037.0
27.8799991607666,58.20000076293945,5038.0
57.15999984741211,57.20000076293945,5039.0
27.040000915527344,191.9600067138672,5040.0
184.9600067138672,57.720001220703125,5041.0
57.31999969482422,87.31999969482422,5042.0
57.63999938964844,57.959999084472656,5043.0
29.479999542236328,58.15999984741211,5044.0
56.52000045776367,57.959999084472656,5045.0
58.84000015258789,60.119998931884766,5046.0
58.08000183105469,82.0,5047.0
55.2400016784668,239.9600067138672,5048.0
58.27999877929688,66.08000183105469,5049.0
58.08000183105469,84.12000274658203,5050.0
58.20000076293945,83.4800033569336,5051.0
58.27999877929688,58.31999969482422,5052.0
57.68000030517578,82.91999816894531,5053.0
57.959999084472656,58.15999984741211,5054.0
57.52000045776367,73.68000030517578,5055.0
57.84000015258789,58.20000076293945,5056.0
57.880001068115234,73.76000213623047,5057.0
57.7599983215332,73.95999908447266,5058.0
58.27999877929688,73.72000122070312,5059.0
58.400001525878906,74.4000015258789,5060.0
56.7599983215332,73.68000030517578,5061.0
57.7599983215332,75.27999877929688,5062.0
56.79999923706055,57.79999923706055,5063.0
57.0,57.79999923706055,5064.0
56.36000061035156,83.5999984741211,5065.0
57.43999862670898,84.08000183105469,5066.0
57.63999938964844,85.68000030517578,5067.0
58.040000915527344,84.95999908447266,5068.0
58.7599983215332,84.31999969482422,5069.0
58.119998931884766,73.36000061035156,5070.0
57.0,58.84000015258789,5071.0
58.2400016784668,60.52000045776367,5072.0
53.47999954223633,126.16000366210938,5073.0
46.20000076293945,59.20000076293945,5074.0
26.31999969482422,60.43999862670898,5075.0
217.9600067138672,60.2400016784668,5076.0
46.63999938964844,141.1999969482422,5077.0
99.87999725341795,123.12000274658205,5078.0
99.8000030517578,0.0,5079.0
100.36000061035156,215.0,5080.0
92.68000030517578,215.1199951171875,5081.0
93.16000366210938,123.5999984741211,5082.0
93.4800033569336,123.63999938964844,5083.0
102.12000274658205,123.68000030517578,5084.0
100.87999725341795,239.9600067138672,5085.0
79.87999725341797,102.16000366210938,5086.0
99.27999877929688,99.16000366210938,5087.0
207.75999450683597,239.9600067138672,5088.0
99.91999816894533,166.1999969482422,5089.0
49.720001220703125,79.72000122070312,5090.0
164.27999877929688,196.67999267578125,5091.0
179.27999877929688,196.44000244140625,5092.0
55.720001220703125,57.84000015258789,5093.0
55.400001525878906,58.84000015258789,5094.0
59.31999969482422,73.16000366210938,5095.0
59.27999877929688,59.59999847412109,5096.0
56.2400016784668,58.0,5097.0
58.400001525878906,77.83999633789062,5098.0
40.2400016784668,58.52000045776367,5099.0
57.36000061035156,77.5199966430664,5100.0
57.84000015258789,57.959999084472656,5101.0
43.880001068115234,80.04000091552734,5102.0
42.79999923706055,61.400001525878906,5103.0
57.84000015258789,59.2400016784668,5104.0
32.68000030517578,0.0,5105.0
32.560001373291016,69.27999877929688,5106.0
155.9199981689453,68.91999816894531,5107.0
156.24000549316406,69.19999694824219,5108.0
61.15999984741211,0.0,5109.0
60.400001525878906,0.0,5110.0
239.0399932861328,15.079999923706056,5111.0
139.1199951171875,24.040000915527344,5112.0
138.39999389648438,0.0,5113.0
0.0,0.0,5114.0
187.3600006103516,0.0,5115.0
187.44000244140625,0.0,5116.0
187.1999969482422,0.0,5117.0
0.0,0.0,5118.0
239.67999267578125,239.9600067138672,5119.0
149.63999938964844,149.52000427246094,5120.0
149.63999938964844,149.9199981689453,5121.0
108.1999969482422,153.55999755859375,5122.0
108.83999633789062,152.0,5123.0
149.52000427246094,150.27999877929688,5124.0
41.0,239.9600067138672,5125.0
58.20000076293945,239.9600067138672,5126.0
58.43999862670898,58.36000061035156,5127.0
57.7599983215332,91.12000274658205,5128.0
58.68000030517578,63.31999969482422,5129.0
113.0,152.67999267578125,5130.0
25.63999938964844,52.880001068115234,5131.0
25.399999618530277,117.36000061035156,5132.0
25.63999938964844,102.76000213623048,5133.0
49.15999984741211,66.31999969482422,5134.0
58.20000076293945,58.31999969482422,5135.0
58.27999877929688,59.27999877929688,5136.0
61.20000076293945,61.91999816894531,5137.0
59.15999984741211,62.91999816894531,5138.0
51.08000183105469,68.27999877929688,5139.0
56.720001220703125,78.44000244140625,5140.0
57.119998931884766,67.91999816894531,5141.0
57.0,61.68000030517578,5142.0
57.79999923706055,58.119998931884766,5143.0
56.15999984741211,56.68000030517578,5144.0
56.47999954223633,57.52000045776367,5145.0
36.36000061035156,59.560001373291016,5146.0
56.91999816894531,78.0,5147.0
54.43999862670898,76.23999786376953,5148.0
54.43999862670898,54.15999984741211,5149.0
56.43999862670898,56.7599983215332,5150.0
55.119998931884766,55.47999954223633,5151.0
55.7599983215332,79.08000183105469,5152.0
57.79999923706055,58.59999847412109,5153.0
58.91999816894531,58.959999084472656,5154.0
57.47999954223633,58.08000183105469,5155.0
56.36000061035156,57.31999969482422,5156.0
58.47999954223633,239.9600067138672,5157.0
211.6000061035156,212.1999969482422,5158.0
36.27999877929688,239.9600067138672,5159.0
216.0800018310547,112.36000061035156,5160.0
112.04000091552734,68.23999786376953,5161.0
112.72000122070312,112.4000015258789,5162.0
35.2400016784668,112.27999877929688,5163.0
68.83999633789062,217.44000244140625,5164.0
85.12000274658203,239.9600067138672,5165.0
36.36000061035156,232.1199951171875,5166.0
201.32000732421875,225.44000244140625,5167.0
35.08000183105469,239.9600067138672,5168.0
0.0,34.119998931884766,5169.0
0.0,34.279998779296875,5170.0
87.72000122070312,151.47999572753906,5171.0
88.04000091552734,221.27999877929688,5172.0
198.67999267578125,221.47999572753903,5173.0
87.72000122070312,221.32000732421875,5174.0
80.83999633789062,239.9600067138672,5175.0
85.0,211.72000122070312,5176.0
174.32000732421875,0.0,5177.0
84.83999633789062,0.0,5178.0
85.12000274658203,85.27999877929688,5179.0
48.040000915527344,71.80000305175781,5180.0
68.36000061035156,68.87999725341797,5181.0
0.0,68.04000091552734,5182.0
5.639999866485596,63.959999084472656,5183.0
5.960000038146973,64.08000183105469,5184.0
5.960000038146973,63.959999084472656,5185.0
5.960000038146973,63.91999816894531,5186.0
6.440000057220459,64.55999755859375,5187.0
7.400000095367432,64.5199966430664,5188.0
65.95999908447266,66.44000244140625,5189.0
58.119998931884766,67.55999755859375,5190.0
21.479999542236328,68.0,5191.0
57.68000030517578,68.80000305175781,5192.0
57.0,58.63999938964844,5193.0
57.08000183105469,76.63999938964844,5194.0
50.59999847412109,58.79999923706055,5195.0
53.31999969482422,76.12000274658203,5196.0
56.79999923706055,75.95999908447266,5197.0
51.880001068115234,76.36000061035156,5198.0
52.119998931884766,75.4000015258789,5199.0
58.47999954223633,75.44000244140625,5200.0
51.880001068115234,76.27999877929688,5201.0
56.79999923706055,75.44000244140625,5202.0
57.0,76.16000366210938,5203.0
56.43999862670898,76.4000015258789,5204.0
57.84000015258789,76.31999969482422,5205.0
57.36000061035156,76.87999725341797,5206.0
57.0,76.27999877929688,5207.0
57.119998931884766,76.23999786376953,5208.0
56.0,75.68000030517578,5209.0
56.560001373291016,76.04000091552734,5210.0
75.55999755859375,75.63999938964844,5211.0
226.0,47.720001220703125,5212.0
225.83999633789065,239.9600067138672,5213.0
226.1999969482422,190.16000366210935,5214.0
30.799999237060547,155.39999389648438,5215.0
66.5199966430664,66.76000213623047,5216.0
84.19999694824219,83.95999908447266,5217.0
103.72000122070312,123.31999969482422,5218.0
68.36000061035156,68.23999786376953,5219.0
54.20000076293945,63.119998931884766,5220.0
48.36000061035156,88.19999694824219,5221.0
58.27999877929688,58.720001220703125,5222.0
57.27999877929688,75.5999984741211,5223.0
54.040000915527344,56.47999954223633,5224.0
54.27999877929688,54.79999923706055,5225.0
57.15999984741211,57.36000061035156,5226.0
20.68000030517578,30.31999969482422,5227.0
55.15999984741211,56.20000076293945,5228.0
90.31999969482422,114.91999816894533,5229.0
58.52000045776367,74.72000122070312,5230.0
32.68000030517578,56.68000030517578,5231.0
56.880001068115234,73.4800033569336,5232.0
57.0,71.27999877929688,5233.0
51.43999862670898,57.119998931884766,5234.0
56.720001220703125,74.68000030517578,5235.0
51.2400016784668,52.31999969482422,5236.0
54.119998931884766,74.0,5237.0
55.31999969482422,56.59999847412109,5238.0
56.08000183105469,74.12000274658203,5239.0
56.47999954223633,73.4000015258789,5240.0
56.2400016784668,74.27999877929688,5241.0
42.27999877929688,57.20000076293945,5242.0
57.43999862670898,75.31999969482422,5243.0
217.6000061035156,84.91999816894531,5244.0
57.63999938964844,89.0,5245.0
57.63999938964844,217.6000061035156,5246.0
55.400001525878906,56.720001220703125,5247.0
57.119998931884766,73.91999816894531,5248.0
56.880001068115234,56.68000030517578,5249.0
57.79999923706055,89.31999969482422,5250.0
57.43999862670898,75.4000015258789,5251.0
57.43999862670898,56.68000030517578,5252.0
58.400001525878906,74.91999816894531,5253.0
39.52000045776367,56.36000061035156,5254.0
57.959999084472656,74.5999984741211,5255.0
48.52000045776367,49.20000076293945,5256.0
205.32000732421875,239.9600067138672,5257.0
57.47999954223633,74.4800033569336,5258.0
56.27999877929688,55.880001068115234,5259.0
0.0,232.1999969482422,5260.0
56.7599983215332,55.68000030517578,5261.0
239.0800018310547,73.80000305175781,5262.0
57.15999984741211,57.52000045776367,5263.0
57.15999984741211,57.36000061035156,5264.0
55.08000183105469,56.31999969482422,5265.0
57.43999862670898,76.72000122070312,5266.0
57.27999877929688,75.76000213623047,5267.0
56.880001068115234,57.959999084472656,5268.0
56.720001220703125,57.560001373291016,5269.0
56.36000061035156,56.63999938964844,5270.0
49.79999923706055,57.15999984741211,5271.0
57.15999984741211,179.9600067138672,5272.0
56.27999877929688,57.15999984741211,5273.0
56.68000030517578,56.720001220703125,5274.0
56.79999923706055,75.44000244140625,5275.0
57.0,57.040000915527344,5276.0
56.36000061035156,56.720001220703125,5277.0
56.47999954223633,74.76000213623047,5278.0
56.31999969482422,56.47999954223633,5279.0
56.36000061035156,57.2400016784668,5280.0
55.400001525878906,56.7599983215332,5281.0
55.20000076293945,56.560001373291016,5282.0
54.880001068115234,55.880001068115234,5283.0
55.43999862670898,55.47999954223633,5284.0
54.79999923706055,55.31999969482422,5285.0
54.91999816894531,55.880001068115234,5286.0
56.880001068115234,56.040000915527344,5287.0
56.36000061035156,56.68000030517578,5288.0
53.63999938964844,54.84000015258789,5289.0
58.31999969482422,237.16000366210935,5290.0
55.400001525878906,56.84000015258789,5291.0
236.55999755859372,236.16000366210935,5292.0
56.84000015258789,56.79999923706055,5293.0
41.0,57.040000915527344,5294.0
47.560001373291016,71.4000015258789,5295.0
102.68000030517578,10.720000267028809,5296.0
56.08000183105469,57.47999954223633,5297.0
32.040000915527344,59.36000061035156,5298.0
25.36000061035156,56.400001525878906,5299.0
56.720001220703125,56.880001068115234,5300.0
41.0,57.63999938964844,5301.0
57.20000076293945,57.36000061035156,5302.0
57.15999984741211,56.52000045776367,5303.0
40.31999969482422,74.27999877929688,5304.0
56.43999862670898,56.43999862670898,5305.0
56.68000030517578,57.20000076293945,5306.0
57.0,57.040000915527344,5307.0
34.36000061035156,218.1999969482422,5308.0
56.43999862670898,57.08000183105469,5309.0
58.040000915527344,78.83999633789062,5310.0
57.7599983215332,88.80000305175781,5311.0
49.31999969482422,86.80000305175781,5312.0
57.63999938964844,57.68000030517578,5313.0
97.68000030517578,79.0,5314.0
56.36000061035156,56.040000915527344,5315.0
109.83999633789062,120.5199966430664,5316.0
57.63999938964844,57.959999084472656,5317.0
55.84000015258789,56.040000915527344,5318.0
54.880001068115234,88.23999786376953,5319.0
55.47999954223633,55.79999923706055,5320.0
53.79999923706055,196.6000061035156,5321.0
56.43999862670898,56.7599983215332,5322.0
55.08000183105469,55.20000076293945,5323.0
237.8800048828125,138.60000610351562,5324.0
0.0,39.400001525878906,5325.0
0.0,138.72000122070312,5326.0
41.0,40.720001220703125,5327.0
2.319999933242798,52.36000061035156,5328.0
54.68000030517578,55.20000076293945,5329.0
0.0,55.43999862670898,5330.0
56.68000030517578,56.68000030517578,5331.0
56.47999954223633,56.560001373291016,5332.0
56.7599983215332,57.400001525878906,5333.0
56.20000076293945,56.84000015258789,5334.0
56.08000183105469,56.7599983215332,5335.0
56.27999877929688,57.08000183105469,5336.0
97.0,56.52000045776367,5337.0
202.63999938964844,145.36000061035156,5338.0
66.44000244140625,163.8000030517578,5339.0
138.27999877929688,138.55999755859375,5340.0
57.31999969482422,76.5999984741211,5341.0
40.08000183105469,57.400001525878906,5342.0
57.720001220703125,76.87999725341797,5343.0
56.47999954223633,55.400001525878906,5344.0
31.440000534057617,58.400001525878906,5345.0
54.880001068115234,56.040000915527344,5346.0
35.2400016784668,55.7599983215332,5347.0
52.400001525878906,52.560001373291016,5348.0
107.04000091552734,73.04000091552734,5349.0
41.68000030517578,55.2400016784668,5350.0
53.15999984741211,53.79999923706055,5351.0
57.63999938964844,57.119998931884766,5352.0
48.91999816894531,54.119998931884766,5353.0
57.31999969482422,57.27999877929688,5354.0
56.36000061035156,56.720001220703125,5355.0
56.91999816894531,207.2400054931641,5356.0
57.31999969482422,57.31999969482422,5357.0
41.79999923706055,58.27999877929688,5358.0
12.720000267028809,47.31999969482422,5359.0
37.15999984741211,37.59999847412109,5360.0
239.1199951171875,53.15999984741211,5361.0
36.84000015258789,52.68000030517578,5362.0
115.91999816894533,74.5999984741211,5363.0
116.83999633789062,196.0399932861328,5364.0
38.119998931884766,57.0,5365.0
87.72000122070312,87.4800033569336,5366.0
56.68000030517578,164.9199981689453,5367.0
54.119998931884766,76.55999755859375,5368.0
57.119998931884766,64.44000244140625,5369.0
53.79999923706055,54.52000045776367,5370.0
48.68000030517578,56.720001220703125,5371.0
57.52000045776367,56.47999954223633,5372.0
54.2400016784668,56.36000061035156,5373.0
54.36000061035156,56.36000061035156,5374.0
57.119998931884766,56.63999938964844,5375.0
54.959999084472656,56.36000061035156,5376.0
54.47999954223633,198.0399932861328,5377.0
57.47999954223633,83.63999938964844,5378.0
55.119998931884766,54.84000015258789,5379.0
21.76000022888184,56.36000061035156,5380.0
56.08000183105469,56.400001525878906,5381.0
54.31999969482422,54.59999847412109,5382.0
55.08000183105469,55.84000015258789,5383.0
54.400001525878906,55.15999984741211,5384.0
54.119998931884766,54.040000915527344,5385.0
56.400001525878906,55.720001220703125,5386.0
54.7599983215332,54.119998931884766,5387.0
57.0,57.47999954223633,5388.0
134.16000366210938,134.1199951171875,5389.0
57.63999938964844,66.12000274658203,5390.0
39.720001220703125,60.560001373291016,5391.0
238.9199981689453,59.84000015258789,5392.0
52.52000045776367,52.68000030517578,5393.0
49.959999084472656,75.23999786376953,5394.0
50.27999877929688,138.60000610351562,5395.0
56.79999923706055,67.04000091552734,5396.0
54.43999862670898,54.79999923706055,5397.0
49.84000015258789,58.36000061035156,5398.0
57.68000030517578,58.0,5399.0
58.91999816894531,59.2400016784668,5400.0
58.91999816894531,57.880001068115234,5401.0
55.7599983215332,56.31999969482422,5402.0
55.47999954223633,56.36000061035156,5403.0
55.20000076293945,55.959999084472656,5404.0
54.08000183105469,55.400001525878906,5405.0
53.43999862670898,56.47999954223633,5406.0
37.15999984741211,89.04000091552734,5407.0
54.959999084472656,55.47999954223633,5408.0
35.279998779296875,56.0,5409.0
58.91999816894531,86.76000213623047,5410.0
56.43999862670898,56.119998931884766,5411.0
56.08000183105469,56.040000915527344,5412.0
56.119998931884766,56.040000915527344,5413.0
55.560001373291016,55.31999969482422,5414.0
54.84000015258789,55.15999984741211,5415.0
55.59999847412109,55.959999084472656,5416.0
37.68000030517578,56.20000076293945,5417.0
55.43999862670898,55.47999954223633,5418.0
55.119998931884766,55.560001373291016,5419.0
230.9199981689453,231.5200042724609,5420.0
52.2400016784668,125.8000030517578,5421.0
57.63999938964844,56.84000015258789,5422.0
56.040000915527344,57.0,5423.0
52.20000076293945,58.08000183105469,5424.0
56.68000030517578,56.79999923706055,5425.0
54.43999862670898,55.79999923706055,5426.0
56.880001068115234,56.59999847412109,5427.0
47.59999847412109,63.08000183105469,5428.0
51.20000076293945,53.560001373291016,5429.0
47.400001525878906,55.31999969482422,5430.0
52.68000030517578,54.84000015258789,5431.0
55.20000076293945,55.31999969482422,5432.0
56.040000915527344,55.63999938964844,5433.0
54.27999877929688,54.63999938964844,5434.0
54.720001220703125,55.400001525878906,5435.0
56.040000915527344,55.36000061035156,5436.0
54.91999816894531,55.84000015258789,5437.0
0.0,55.31999969482422,5438.0
53.31999969482422,54.91999816894531,5439.0
53.31999969482422,54.20000076293945,5440.0
0.0,53.959999084472656,5441.0
54.79999923706055,55.08000183105469,5442.0
223.63999938964844,48.52000045776367,5443.0
52.91999816894531,88.27999877929688,5444.0
55.15999984741211,56.27999877929688,5445.0
56.68000030517578,55.79999923706055,5446.0
55.84000015258789,55.63999938964844,5447.0
55.91999816894531,55.79999923706055,5448.0
56.43999862670898,57.31999969482422,5449.0
55.560001373291016,55.7599983215332,5450.0
53.040000915527344,55.08000183105469,5451.0
50.91999816894531,239.9600067138672,5452.0
33.68000030517578,54.91999816894531,5453.0
55.27999877929688,55.720001220703125,5454.0
55.91999816894531,56.15999984741211,5455.0
58.59999847412109,186.1999969482422,5456.0
55.47999954223633,113.27999877929688,5457.0
55.47999954223633,55.880001068115234,5458.0
52.84000015258789,55.47999954223633,5459.0
55.52000045776367,56.27999877929688,5460.0
56.040000915527344,56.47999954223633,5461.0
55.560001373291016,56.400001525878906,5462.0
55.720001220703125,56.36000061035156,5463.0
79.87999725341797,79.76000213623047,5464.0
0.0,195.8000030517578,5465.0
58.59999847412109,58.36000061035156,5466.0
42.59999847412109,122.72000122070312,5467.0
56.040000915527344,56.36000061035156,5468.0
33.63999938964844,186.3600006103516,5469.0
57.959999084472656,58.7599983215332,5470.0
58.040000915527344,57.959999084472656,5471.0
57.0,57.400001525878906,5472.0
58.27999877929688,186.8000030517578,5473.0
55.63999938964844,55.79999923706055,5474.0
57.0,56.59999847412109,5475.0
117.16000366210938,128.72000122070312,5476.0
186.0,53.31999969482422,5477.0
214.47999572753903,239.9600067138672,5478.0
38.959999084472656,58.47999954223633,5479.0
49.959999084472656,55.52000045776367,5480.0
56.36000061035156,56.400001525878906,5481.0
56.36000061035156,57.08000183105469,5482.0
58.0,58.119998931884766,5483.0
56.47999954223633,99.04000091552734,5484.0
57.119998931884766,57.27999877929688,5485.0
57.15999984741211,57.68000030517578,5486.0
56.08000183105469,56.52000045776367,5487.0
54.2400016784668,63.79999923706055,5488.0
58.36000061035156,58.0,5489.0
107.23999786376952,107.4000015258789,5490.0
54.47999954223633,239.9600067138672,5491.0
34.279998779296875,58.0,5492.0
58.0,65.95999908447266,5493.0
58.2400016784668,130.52000427246094,5494.0
54.20000076293945,61.959999084472656,5495.0
50.959999084472656,97.44000244140624,5496.0
57.0,73.63999938964844,5497.0
45.79999923706055,61.959999084472656,5498.0
58.27999877929688,237.27999877929688,5499.0
53.15999984741211,97.5199966430664,5500.0
55.7599983215332,56.68000030517578,5501.0
58.59999847412109,58.0,5502.0
42.52000045776367,73.95999908447266,5503.0
51.119998931884766,79.95999908447266,5504.0
231.9199981689453,233.32000732421875,5505.0
233.9199981689453,236.6000061035156,5506.0
224.72000122070312,238.44000244140625,5507.0
49.63999938964844,97.87999725341795,5508.0
54.84000015258789,59.59999847412109,5509.0
55.08000183105469,71.91999816894531,5510.0
49.040000915527344,70.80000305175781,5511.0
57.15999984741211,72.83999633789062,5512.0
50.36000061035156,71.0,5513.0
57.040000915527344,72.5199966430664,5514.0
41.0,70.76000213623047,5515.0
50.27999877929688,61.31999969482422,5516.0
39.720001220703125,97.68000030517578,5517.0
182.0,205.72000122070312,5518.0
40.68000030517578,70.95999908447266,5519.0
57.79999923706055,57.959999084472656,5520.0
43.2400016784668,42.7599983215332,5521.0
47.7599983215332,48.27999877929688,5522.0
57.959999084472656,239.9600067138672,5523.0
54.119998931884766,63.08000183105469,5524.0
36.52000045776367,52.52000045776367,5525.0
51.560001373291016,138.9600067138672,5526.0
30.76000022888184,140.60000610351562,5527.0
51.720001220703125,112.83999633789062,5528.0
89.68000030517578,89.36000061035156,5529.0
97.8000030517578,139.8800048828125,5530.0
57.0,71.72000122070312,5531.0
56.68000030517578,73.36000061035156,5532.0
58.119998931884766,97.08000183105467,5533.0
56.47999954223633,97.5999984741211,5534.0
92.12000274658205,141.16000366210938,5535.0
57.040000915527344,72.44000244140625,5536.0
56.47999954223633,71.23999786376953,5537.0
58.84000015258789,73.36000061035156,5538.0
53.63999938964844,73.0,5539.0
108.55999755859376,127.08000183105467,5540.0
57.63999938964844,73.08000183105469,5541.0
54.63999938964844,71.63999938964844,5542.0
54.79999923706055,55.31999969482422,5543.0
54.43999862670898,53.560001373291016,5544.0
63.2400016784668,73.31999969482422,5545.0
58.43999862670898,73.0,5546.0
53.15999984741211,53.400001525878906,5547.0
48.36000061035156,74.04000091552734,5548.0
53.959999084472656,73.36000061035156,5549.0
51.43999862670898,73.68000030517578,5550.0
70.63999938964844,70.76000213623047,5551.0
49.040000915527344,70.19999694824219,5552.0
51.2400016784668,58.63999938964844,5553.0
55.2400016784668,74.36000061035156,5554.0
56.08000183105469,56.08000183105469,5555.0
48.720001220703125,74.08000183105469,5556.0
56.68000030517578,239.9600067138672,5557.0
56.959999084472656,57.31999969482422,5558.0
51.91999816894531,52.7599983215332,5559.0
56.880001068115234,56.68000030517578,5560.0
55.720001220703125,56.47999954223633,5561.0
56.08000183105469,56.119998931884766,5562.0
108.5199966430664,108.55999755859376,5563.0
56.040000915527344,56.119998931884766,5564.0
56.36000061035156,56.59999847412109,5565.0
56.79999923706055,56.68000030517578,5566.0
39.43999862670898,56.20000076293945,5567.0
130.9600067138672,140.55999755859375,5568.0
57.0,56.84000015258789,5569.0
57.31999969482422,57.31999969482422,5570.0
40.880001068115234,98.95999908447266,5571.0
43.27999877929688,228.6000061035156,5572.0
0.0,56.20000076293945,5573.0
41.959999084472656,239.9600067138672,5574.0
42.0,227.72000122070312,5575.0
52.560001373291016,53.720001220703125,5576.0
210.8000030517578,211.27999877929688,5577.0
48.36000061035156,55.91999816894531,5578.0
0.0,53.47999954223633,5579.0
35.880001068115234,54.63999938964844,5580.0
30.920000076293945,225.0800018310547,5581.0
53.68000030517578,54.119998931884766,5582.0
39.08000183105469,53.959999084472656,5583.0
54.040000915527344,99.68000030517578,5584.0
55.040000915527344,99.44000244140624,5585.0
43.2400016784668,57.31999969482422,5586.0
54.119998931884766,98.8000030517578,5587.0
55.08000183105469,98.8000030517578,5588.0
55.880001068115234,100.31999969482422,5589.0
58.119998931884766,57.63999938964844,5590.0
161.0399932861328,0.0,5591.0
114.4800033569336,114.95999908447266,5592.0
0.0,58.720001220703125,5593.0
144.83999633789062,145.63999938964844,5594.0
55.720001220703125,56.47999954223633,5595.0
37.79999923706055,55.7599983215332,5596.0
56.15999984741211,83.91999816894531,5597.0
55.43999862670898,56.31999969482422,5598.0
54.119998931884766,54.880001068115234,5599.0
56.040000915527344,56.040000915527344,5600.0
56.400001525878906,56.400001525878906,5601.0
55.08000183105469,55.400001525878906,5602.0
55.08000183105469,55.2400016784668,5603.0
54.43999862670898,220.0399932861328,5604.0
85.4800033569336,108.23999786376952,5605.0
50.59999847412109,102.8000030517578,5606.0
55.400001525878906,56.560001373291016,5607.0
103.87999725341795,149.0800018310547,5608.0
55.43999862670898,55.63999938964844,5609.0
55.08000183105469,55.31999969482422,5610.0
55.15999984741211,56.959999084472656,5611.0
54.959999084472656,54.36000061035156,5612.0
56.52000045776367,55.959999084472656,5613.0
55.27999877929688,96.55999755859376,5614.0
98.1999969482422,131.32000732421875,5615.0
56.880001068115234,55.720001220703125,5616.0
66.91999816894531,217.9600067138672,5617.0
39.52000045776367,52.84000015258789,5618.0
0.0,80.4000015258789,5619.0
40.08000183105469,47.08000183105469,5620.0
55.720001220703125,98.83999633789062,5621.0
56.63999938964844,54.040000915527344,5622.0
56.27999877929688,55.959999084472656,5623.0
55.63999938964844,54.91999816894531,5624.0
57.63999938964844,57.15999984741211,5625.0
81.95999908447266,53.959999084472656,5626.0
0.0,56.36000061035156,5627.0
59.31999969482422,59.27999877929688,5628.0
57.31999969482422,57.959999084472656,5629.0
58.27999877929688,74.0,5630.0
40.20000076293945,142.24000549316406,5631.0
54.31999969482422,54.880001068115234,5632.0
55.560001373291016,222.3600006103516,5633.0
53.7599983215332,55.040000915527344,5634.0
58.63999938964844,82.19999694824219,5635.0
223.3999938964844,82.4800033569336,5636.0
58.0,82.91999816894531,5637.0
52.36000061035156,52.880001068115234,5638.0
57.79999923706055,68.36000061035156,5639.0
57.20000076293945,51.47999954223633,5640.0
25.799999237060547,59.400001525878906,5641.0
56.79999923706055,53.720001220703125,5642.0
52.2400016784668,134.47999572753906,5643.0
58.0,58.20000076293945,5644.0
52.84000015258789,54.43999862670898,5645.0
115.27999877929688,123.27999877929688,5646.0
51.560001373291016,55.52000045776367,5647.0
78.4800033569336,78.19999694824219,5648.0
57.31999969482422,57.119998931884766,5649.0
52.79999923706055,54.52000045776367,5650.0
41.43999862670898,52.880001068115234,5651.0
47.720001220703125,0.0,5652.0
54.47999954223633,55.36000061035156,5653.0
55.27999877929688,56.27999877929688,5654.0
118.12000274658205,54.52000045776367,5655.0
50.119998931884766,130.9600067138672,5656.0
29.479999542236328,55.400001525878906,5657.0
40.47999954223633,55.880001068115234,5658.0
81.16000366210938,80.87999725341797,5659.0
54.880001068115234,56.68000030517578,5660.0
55.7599983215332,56.08000183105469,5661.0
19.71999931335449,150.1199951171875,5662.0
20.040000915527344,106.5999984741211,5663.0
81.95999908447266,150.60000610351562,5664.0
39.79999923706055,6.239999771118164,5665.0
47.7599983215332,105.95999908447266,5666.0
84.83999633789062,237.16000366210935,5667.0
55.720001220703125,56.040000915527344,5668.0
55.08000183105469,63.84000015258789,5669.0
41.31999969482422,214.9199981689453,5670.0
104.68000030517578,104.5199966430664,5671.0
53.63999938964844,54.15999984741211,5672.0
42.0,106.36000061035156,5673.0
54.119998931884766,56.0,5674.0
57.31999969482422,57.119998931884766,5675.0
53.15999984741211,58.31999969482422,5676.0
57.0,57.43999862670898,5677.0
41.959999084472656,59.720001220703125,5678.0
54.0,58.43999862670898,5679.0
54.400001525878906,55.959999084472656,5680.0
53.15999984741211,54.79999923706055,5681.0
127.4000015258789,0.0,5682.0
49.15999984741211,70.76000213623047,5683.0
57.63999938964844,57.68000030517578,5684.0
40.68000030517578,239.9600067138672,5685.0
56.7599983215332,57.68000030517578,5686.0
51.560001373291016,52.52000045776367,5687.0
77.4800033569336,83.68000030517578,5688.0
51.27999877929688,57.68000030517578,5689.0
76.83999633789062,92.83999633789062,5690.0
15.239999771118164,70.19999694824219,5691.0
60.84000015258789,165.47999572753906,5692.0
51.84000015258789,74.91999816894531,5693.0
63.2400016784668,74.12000274658203,5694.0
57.959999084472656,57.79999923706055,5695.0
64.5199966430664,83.44000244140625,5696.0
44.63999938964844,58.68000030517578,5697.0
19.8799991607666,54.880001068115234,5698.0
56.36000061035156,56.36000061035156,5699.0
42.959999084472656,76.23999786376953,5700.0
56.08000183105469,56.47999954223633,5701.0
56.43999862670898,56.36000061035156,5702.0
61.47999954223633,107.91999816894533,5703.0
51.91999816894531,236.67999267578125,5704.0
56.43999862670898,78.44000244140625,5705.0
238.3600006103516,238.1199951171875,5706.0
56.84000015258789,55.880001068115234,5707.0
56.400001525878906,136.1199951171875,5708.0
25.959999084472656,56.040000915527344,5709.0
56.720001220703125,56.43999862670898,5710.0
29.07999992370605,55.2400016784668,5711.0
55.15999984741211,54.27999877929688,5712.0
54.040000915527344,69.91999816894531,5713.0
222.9600067138672,133.36000061035156,5714.0
42.84000015258789,235.6000061035156,5715.0
57.0,56.720001220703125,5716.0
41.0,56.08000183105469,5717.0
25.68000030517578,54.43999862670898,5718.0
54.31999969482422,55.43999862670898,5719.0
53.91999816894531,54.36000061035156,5720.0
54.15999984741211,54.15999984741211,5721.0
53.47999954223633,53.560001373291016,5722.0
55.720001220703125,55.400001525878906,5723.0
39.7599983215332,57.959999084472656,5724.0
46.7599983215332,92.04000091552734,5725.0
27.440000534057617,54.68000030517578,5726.0
43.880001068115234,49.63999938964844,5727.0
38.47999954223633,56.0,5728.0
54.959999084472656,55.400001525878906,5729.0
118.44000244140624,118.76000213623048,5730.0
0.0,54.68000030517578,5731.0
165.24000549316406,55.43999862670898,5732.0
55.720001220703125,56.400001525878906,5733.0
55.84000015258789,55.959999084472656,5734.0
55.15999984741211,55.43999862670898,5735.0
56.08000183105469,55.880001068115234,5736.0
55.63999938964844,55.560001373291016,5737.0
56.31999969482422,56.2400016784668,5738.0
53.2400016784668,55.63999938964844,5739.0
55.59999847412109,55.560001373291016,5740.0
56.79999923706055,56.36000061035156,5741.0
43.560001373291016,58.720001220703125,5742.0
46.15999984741211,57.91999816894531,5743.0
56.040000915527344,55.0,5744.0
43.880001068115234,60.20000076293945,5745.0
56.08000183105469,55.63999938964844,5746.0
51.560001373291016,53.119998931884766,5747.0
55.43999862670898,55.27999877929688,5748.0
55.119998931884766,55.08000183105469,5749.0
55.560001373291016,55.31999969482422,5750.0
119.44000244140624,52.880001068115234,5751.0
56.36000061035156,55.2400016784668,5752.0
107.23999786376952,122.36000061035156,5753.0
55.720001220703125,55.720001220703125,5754.0
37.63999938964844,56.720001220703125,5755.0
19.799999237060547,55.15999984741211,5756.0
0.0,54.20000076293945,5757.0
0.0,54.119998931884766,5758.0
0.0,54.36000061035156,5759.0
56.119998931884766,55.15999984741211,5760.0
0.0,54.52000045776367,5761.0
0.0,55.08000183105469,5762.0
30.920000076293945,57.040000915527344,5763.0
47.560001373291016,48.27999877929688,5764.0
0.0,54.68000030517578,5765.0
13.239999771118164,30.15999984741211,5766.0
47.720001220703125,47.63999938964844,5767.0
32.52000045776367,55.43999862670898,5768.0
27.239999771118164,54.43999862670898,5769.0
38.7599983215332,56.0,5770.0
31.399999618530277,70.19999694824219,5771.0
0.0,55.20000076293945,5772.0
0.0,51.91999816894531,5773.0
0.0,55.0,5774.0
50.43999862670898,51.59999847412109,5775.0
3.0,54.36000061035156,5776.0
56.040000915527344,55.720001220703125,5777.0
56.36000061035156,56.119998931884766,5778.0
0.0,93.23999786376952,5779.0
40.52000045776367,63.720001220703125,5780.0
75.72000122070312,204.75999450683597,5781.0
137.0,149.9600067138672,5782.0
50.27999877929688,93.4800033569336,5783.0
42.43999862670898,54.63999938964844,5784.0
56.720001220703125,57.0,5785.0
41.31999969482422,165.8800048828125,5786.0
47.2400016784668,52.08000183105469,5787.0
59.400001525878906,59.400001525878906,5788.0
58.27999877929688,68.95999908447266,5789.0
58.63999938964844,58.31999969482422,5790.0
77.83999633789062,77.23999786376953,5791.0
53.040000915527344,57.720001220703125,5792.0
53.79999923706055,55.7599983215332,5793.0
41.0,94.83999633789062,5794.0
0.0,56.2400016784668,5795.0
50.27999877929688,69.5199966430664,5796.0
58.119998931884766,68.95999908447266,5797.0
0.0,69.4800033569336,5798.0
58.31999969482422,94.95999908447266,5799.0
0.0,57.31999969482422,5800.0
57.15999984741211,57.959999084472656,5801.0
58.27999877929688,58.36000061035156,5802.0
120.31999969482422,58.27999877929688,5803.0
19.280000686645508,62.08000183105469,5804.0
58.59999847412109,166.36000061035156,5805.0
58.59999847412109,70.23999786376953,5806.0
19.8799991607666,54.880001068115234,5807.0
58.91999816894531,58.7599983215332,5808.0
59.36000061035156,140.72000122070312,5809.0
58.91999816894531,58.959999084472656,5810.0
51.2400016784668,58.119998931884766,5811.0
58.7599983215332,69.5199966430664,5812.0
26.959999084472656,58.27999877929688,5813.0
57.0,58.31999969482422,5814.0
57.959999084472656,59.27999877929688,5815.0
57.91999816894531,57.7599983215332,5816.0
41.59999847412109,58.91999816894531,5817.0
69.4800033569336,93.1999969482422,5818.0
36.91999816894531,95.12000274658205,5819.0
56.31999969482422,95.55999755859376,5820.0
119.08000183105467,118.8000030517578,5821.0
45.79999923706055,59.2400016784668,5822.0
37.040000915527344,58.27999877929688,5823.0
53.31999969482422,57.59999847412109,5824.0
95.44000244140624,222.3999938964844,5825.0
238.5200042724609,124.04000091552734,5826.0
203.63999938964844,231.16000366210935,5827.0
113.63999938964844,141.67999267578125,5828.0
93.1999969482422,60.84000015258789,5829.0
42.27999877929688,61.31999969482422,5830.0
129.55999755859375,95.4800033569336,5831.0
57.959999084472656,57.84000015258789,5832.0
57.31999969482422,58.0,5833.0
58.31999969482422,58.119998931884766,5834.0
55.720001220703125,58.119998931884766,5835.0
0.0,57.63999938964844,5836.0
0.1199999973177909,56.119998931884766,5837.0
0.0,60.84000015258789,5838.0
0.0,57.31999969482422,5839.0
43.400001525878906,56.959999084472656,5840.0
21.76000022888184,223.9600067138672,5841.0
53.040000915527344,68.23999786376953,5842.0
47.84000015258789,68.04000091552734,5843.0
51.59999847412109,54.7599983215332,5844.0
55.43999862670898,55.7599983215332,5845.0
60.79999923706055,216.1999969482422,5846.0
41.959999084472656,91.5999984741211,5847.0
56.91999816894531,48.7599983215332,5848.0
57.63999938964844,57.91999816894531,5849.0
113.95999908447266,182.6000061035156,5850.0
47.400001525878906,216.1999969482422,5851.0
20.84000015258789,46.0,5852.0
43.040000915527344,224.67999267578125,5853.0
85.16000366210938,58.84000015258789,5854.0
43.880001068115234,206.3600006103516,5855.0
51.36000061035156,239.1999969482422,5856.0
50.63999938964844,57.63999938964844,5857.0
50.79999923706055,57.31999969482422,5858.0
57.20000076293945,57.720001220703125,5859.0
56.27999877929688,0.0,5860.0
54.119998931884766,54.20000076293945,5861.0
32.36000061035156,226.0,5862.0
112.91999816894533,171.24000549316406,5863.0
45.0,58.27999877929688,5864.0
112.83999633789062,121.31999969482422,5865.0
112.63999938964844,121.0,5866.0
112.87999725341795,121.95999908447266,5867.0
53.15999984741211,54.31999969482422,5868.0
0.0,61.84000015258789,5869.0
55.52000045776367,53.959999084472656,5870.0
57.47999954223633,57.20000076293945,5871.0
96.04000091552734,57.959999084472656,5872.0
57.08000183105469,239.9600067138672,5873.0
53.959999084472656,54.36000061035156,5874.0
33.119998931884766,32.84000015258789,5875.0
46.0,58.400001525878906,5876.0
37.040000915527344,64.44000244140625,5877.0
38.119998931884766,78.31999969482422,5878.0
55.720001220703125,58.20000076293945,5879.0
56.720001220703125,57.20000076293945,5880.0
27.31999969482422,219.9199981689453,5881.0
38.7599983215332,61.7599983215332,5882.0
58.040000915527344,57.79999923706055,5883.0
40.36000061035156,220.44000244140625,5884.0
57.43999862670898,56.31999969482422,5885.0
56.2400016784668,74.80000305175781,5886.0
58.7599983215332,58.63999938964844,5887.0
28.200000762939453,56.31999969482422,5888.0
58.20000076293945,58.119998931884766,5889.0
29.8799991607666,60.040000915527344,5890.0
57.08000183105469,68.16000366210938,5891.0
53.47999954223633,69.27999877929688,5892.0
56.84000015258789,57.31999969482422,5893.0
54.43999862670898,239.3600006103516,5894.0
55.52000045776367,75.80000305175781,5895.0
56.91999816894531,83.0,5896.0
56.68000030517578,201.3999938964844,5897.0
57.880001068115234,76.55999755859375,5898.0
57.47999954223633,78.12000274658203,5899.0
57.15999984741211,76.4000015258789,5900.0
56.27999877929688,76.4000015258789,5901.0
56.47999954223633,57.400001525878906,5902.0
58.59999847412109,58.43999862670898,5903.0
44.84000015258789,63.119998931884766,5904.0
57.59999847412109,58.2400016784668,5905.0
58.27999877929688,58.2400016784668,5906.0
35.720001220703125,59.2400016784668,5907.0
56.08000183105469,74.55999755859375,5908.0
37.36000061035156,75.19999694824219,5909.0
56.68000030517578,56.84000015258789,5910.0
56.68000030517578,76.95999908447266,5911.0
56.52000045776367,78.36000061035156,5912.0
57.0,78.5999984741211,5913.0
57.59999847412109,79.12000274658203,5914.0
59.15999984741211,79.31999969482422,5915.0
195.3999938964844,195.55999755859372,5916.0
40.36000061035156,79.19999694824219,5917.0
58.27999877929688,58.52000045776367,5918.0
50.59999847412109,83.08000183105469,5919.0
57.63999938964844,79.08000183105469,5920.0
57.08000183105469,76.63999938964844,5921.0
204.47999572753903,216.27999877929688,5922.0
56.68000030517578,217.63999938964844,5923.0
57.0,78.83999633789062,5924.0
52.52000045776367,235.3600006103516,5925.0
57.63999938964844,139.63999938964844,5926.0
38.27999877929688,0.0,5927.0
57.08000183105469,193.0,5928.0
54.560001373291016,76.16000366210938,5929.0
56.560001373291016,57.68000030517578,5930.0
57.31999969482422,134.75999450683594,5931.0
56.36000061035156,78.27999877929688,5932.0
26.600000381469727,57.31999969482422,5933.0
47.31999969482422,77.31999969482422,5934.0
26.8799991607666,79.0,5935.0
238.67999267578125,210.0,5936.0
84.23999786376953,104.1999969482422,5937.0
53.040000915527344,79.0,5938.0
108.83999633789062,109.04000091552734,5939.0
106.76000213623048,135.24000549316406,5940.0
55.720001220703125,79.19999694824219,5941.0
53.59999847412109,78.44000244140625,5942.0
44.2400016784668,68.5199966430664,5943.0
53.880001068115234,54.27999877929688,5944.0
53.880001068115234,67.80000305175781,5945.0
54.119998931884766,66.76000213623047,5946.0
57.31999969482422,79.12000274658203,5947.0
51.880001068115234,68.04000091552734,5948.0
42.84000015258789,67.44000244140625,5949.0
59.84000015258789,60.880001068115234,5950.0
52.560001373291016,67.87999725341797,5951.0
52.43999862670898,77.76000213623047,5952.0
42.31999969482422,78.63999938964844,5953.0
149.1999969482422,149.47999572753906,5954.0
9.31999969482422,59.119998931884766,5955.0
58.15999984741211,59.119998931884766,5956.0
56.52000045776367,78.4800033569336,5957.0
57.31999969482422,78.4800033569336,5958.0
57.119998931884766,77.08000183105469,5959.0
57.7599983215332,79.23999786376953,5960.0
57.91999816894531,63.880001068115234,5961.0
238.67999267578125,239.1999969482422,5962.0
47.0,63.31999969482422,5963.0
57.0,66.27999877929688,5964.0
57.040000915527344,58.68000030517578,5965.0
56.2400016784668,65.63999938964844,5966.0
57.91999816894531,222.83999633789065,5967.0
55.560001373291016,68.87999725341797,5968.0
57.2400016784668,78.31999969482422,5969.0
55.43999862670898,56.7599983215332,5970.0
55.08000183105469,78.31999969482422,5971.0
54.7599983215332,79.4000015258789,5972.0
55.52000045776367,223.0,5973.0
55.720001220703125,77.23999786376953,5974.0
55.08000183105469,54.959999084472656,5975.0
59.31999969482422,60.59999847412109,5976.0
57.040000915527344,79.23999786376953,5977.0
60.880001068115234,61.15999984741211,5978.0
57.0,63.43999862670898,5979.0
55.959999084472656,56.7599983215332,5980.0
57.84000015258789,64.55999755859375,5981.0
55.2400016784668,66.16000366210938,5982.0
36.52000045776367,132.24000549316406,5983.0
57.0,59.43999862670898,5984.0
52.84000015258789,55.47999954223633,5985.0
58.59999847412109,59.400001525878906,5986.0
207.0399932861328,224.9199981689453,5987.0
0.0,59.0,5988.0
58.0,59.15999984741211,5989.0
57.560001373291016,75.55999755859375,5990.0
57.59999847412109,76.19999694824219,5991.0
57.08000183105469,75.4000015258789,5992.0
53.720001220703125,60.959999084472656,5993.0
56.47999954223633,63.15999984741211,5994.0
56.400001525878906,65.5999984741211,5995.0
56.400001525878906,78.76000213623047,5996.0
56.720001220703125,61.59999847412109,5997.0
56.20000076293945,78.63999938964844,5998.0
58.0,61.720001220703125,5999.0
55.43999862670898,57.08000183105469,6000.0
56.119998931884766,70.36000061035156,6001.0
38.119998931884766,61.31999969482422,6002.0
55.560001373291016,77.95999908447266,6003.0
56.08000183105469,72.68000030517578,6004.0
55.880001068115234,61.47999954223633,6005.0
45.79999923706055,62.27999877929688,6006.0
62.15999984741211,100.4000015258789,6007.0
24.040000915527344,222.1999969482422,6008.0
58.880001068115234,59.08000183105469,6009.0
222.63999938964844,56.43999862670898,6010.0
56.52000045776367,76.16000366210938,6011.0
56.040000915527344,221.8800048828125,6012.0
54.52000045776367,66.04000091552734,6013.0
56.7599983215332,60.52000045776367,6014.0
56.880001068115234,57.79999923706055,6015.0
50.959999084472656,0.0,6016.0
57.15999984741211,58.400001525878906,6017.0
54.43999862670898,60.2400016784668,6018.0
57.15999984741211,235.3999938964844,6019.0
57.27999877929688,79.12000274658203,6020.0
56.7599983215332,76.87999725341797,6021.0
57.20000076293945,63.959999084472656,6022.0
57.79999923706055,78.0,6023.0
57.119998931884766,80.23999786376953,6024.0
59.59999847412109,60.560001373291016,6025.0
58.91999816894531,59.43999862670898,6026.0
219.6000061035156,62.08000183105469,6027.0
57.79999923706055,61.880001068115234,6028.0
58.08000183105469,65.95999908447266,6029.0
58.91999816894531,62.959999084472656,6030.0
56.720001220703125,58.20000076293945,6031.0
35.2400016784668,57.400001525878906,6032.0
58.15999984741211,57.79999923706055,6033.0
58.43999862670898,77.91999816894531,6034.0
57.31999969482422,63.91999816894531,6035.0
55.400001525878906,58.880001068115234,6036.0
41.08000183105469,59.36000061035156,6037.0
56.79999923706055,66.36000061035156,6038.0
54.47999954223633,64.4000015258789,6039.0
128.0399932861328,226.9199981689453,6040.0
85.16000366210938,166.52000427246094,6041.0
60.52000045776367,66.72000122070312,6042.0
60.20000076293945,59.91999816894531,6043.0
56.20000076293945,74.44000244140625,6044.0
57.84000015258789,225.16000366210935,6045.0
56.84000015258789,71.5999984741211,6046.0
57.63999938964844,58.20000076293945,6047.0
56.720001220703125,64.19999694824219,6048.0
56.7599983215332,76.44000244140625,6049.0
58.720001220703125,58.91999816894531,6050.0
57.119998931884766,76.08000183105469,6051.0
57.59999847412109,58.91999816894531,6052.0
55.560001373291016,74.27999877929688,6053.0
56.400001525878906,62.47999954223633,6054.0
51.2400016784668,64.12000274658203,6055.0
58.119998931884766,126.31999969482422,6056.0
58.560001373291016,221.72000122070312,6057.0
57.20000076293945,60.959999084472656,6058.0
57.31999969482422,65.4800033569336,6059.0
56.91999816894531,81.0,6060.0
56.400001525878906,221.16000366210935,6061.0
55.43999862670898,61.959999084472656,6062.0
55.880001068115234,61.84000015258789,6063.0
57.31999969482422,67.68000030517578,6064.0
54.560001373291016,63.560001373291016,6065.0
55.119998931884766,64.04000091552734,6066.0
58.119998931884766,59.2400016784668,6067.0
56.7599983215332,77.68000030517578,6068.0
57.31999969482422,75.87999725341797,6069.0
57.68000030517578,59.119998931884766,6070.0
56.84000015258789,81.23999786376953,6071.0
56.43999862670898,77.83999633789062,6072.0
55.91999816894531,68.4800033569336,6073.0
56.959999084472656,68.44000244140625,6074.0
56.040000915527344,68.55999755859375,6075.0
56.79999923706055,67.5199966430664,6076.0
56.68000030517578,237.2400054931641,6077.0
55.63999938964844,67.5199966430664,6078.0
57.31999969482422,71.55999755859375,6079.0
55.47999954223633,222.6000061035156,6080.0
57.560001373291016,57.79999923706055,6081.0
58.27999877929688,110.44000244140624,6082.0
56.560001373291016,106.0,6083.0
57.08000183105469,69.12000274658203,6084.0
51.400001525878906,71.4000015258789,6085.0
57.0,66.68000030517578,6086.0
57.36000061035156,63.7599983215332,6087.0
54.040000915527344,63.119998931884766,6088.0
58.59999847412109,84.36000061035156,6089.0
57.31999969482422,68.5199966430664,6090.0
57.880001068115234,58.36000061035156,6091.0
51.08000183105469,222.0,6092.0
58.119998931884766,58.36000061035156,6093.0
58.119998931884766,222.75999450683597,6094.0
51.36000061035156,59.43999862670898,6095.0
51.880001068115234,58.27999877929688,6096.0
57.119998931884766,63.880001068115234,6097.0
58.880001068115234,67.36000061035156,6098.0
64.04000091552734,64.19999694824219,6099.0
58.27999877929688,62.91999816894531,6100.0
58.43999862670898,61.27999877929688,6101.0
40.959999084472656,59.720001220703125,6102.0
59.63999938964844,59.91999816894531,6103.0
58.43999862670898,62.560001373291016,6104.0
57.36000061035156,63.43999862670898,6105.0
57.0,62.959999084472656,6106.0
57.63999938964844,63.31999969482422,6107.0
58.15999984741211,63.63999938964844,6108.0
57.79999923706055,63.119998931884766,6109.0
56.52000045776367,61.0,6110.0
56.52000045776367,63.119998931884766,6111.0
57.31999969482422,75.63999938964844,6112.0
57.31999969482422,63.15999984741211,6113.0
30.440000534057617,77.23999786376953,6114.0
58.119998931884766,62.560001373291016,6115.0
58.59999847412109,58.880001068115234,6116.0
40.040000915527344,59.27999877929688,6117.0
55.59999847412109,63.959999084472656,6118.0
56.31999969482422,72.87999725341797,6119.0
57.36000061035156,72.23999786376953,6120.0
56.040000915527344,74.27999877929688,6121.0
55.7599983215332,63.720001220703125,6122.0
47.08000183105469,63.08000183105469,6123.0
55.400001525878906,63.08000183105469,6124.0
62.68000030517578,62.91999816894531,6125.0
50.43999862670898,88.23999786376953,6126.0
51.59999847412109,63.2400016784668,6127.0
56.08000183105469,77.12000274658203,6128.0
57.119998931884766,64.4000015258789,6129.0
55.84000015258789,82.91999816894531,6130.0
57.20000076293945,82.44000244140625,6131.0
54.119998931884766,58.20000076293945,6132.0
57.040000915527344,82.36000061035156,6133.0
57.63999938964844,83.12000274658203,6134.0
58.27999877929688,59.0,6135.0
58.91999816894531,220.9199981689453,6136.0
62.79999923706055,62.84000015258789,6137.0
55.47999954223633,63.119998931884766,6138.0
57.68000030517578,64.5999984741211,6139.0
58.27999877929688,58.31999969482422,6140.0
58.59999847412109,59.560001373291016,6141.0
55.59999847412109,63.119998931884766,6142.0
50.880001068115234,62.7599983215332,6143.0
58.84000015258789,82.44000244140625,6144.0
58.7599983215332,59.63999938964844,6145.0
58.7599983215332,82.72000122070312,6146.0
27.399999618530277,66.0,6147.0
59.0,63.0,6148.0
59.59999847412109,109.16000366210938,6149.0
57.47999954223633,66.36000061035156,6150.0
56.59999847412109,83.0,6151.0
58.59999847412109,81.4800033569336,6152.0
30.479999542236328,87.4000015258789,6153.0
56.84000015258789,84.87999725341797,6154.0
58.91999816894531,59.2400016784668,6155.0
58.47999954223633,222.1999969482422,6156.0
56.52000045776367,211.0399932861328,6157.0
54.63999938964844,53.959999084472656,6158.0
56.20000076293945,81.27999877929688,6159.0
56.15999984741211,66.72000122070312,6160.0
57.68000030517578,81.80000305175781,6161.0
56.43999862670898,67.04000091552734,6162.0
58.43999862670898,58.959999084472656,6163.0
58.59999847412109,58.59999847412109,6164.0
58.0,78.19999694824219,6165.0
51.040000915527344,73.5999984741211,6166.0
61.959999084472656,80.4800033569336,6167.0
46.79999923706055,63.400001525878906,6168.0
58.59999847412109,67.68000030517578,6169.0
58.84000015258789,67.95999908447266,6170.0
59.91999816894531,62.119998931884766,6171.0
57.0,65.87999725341797,6172.0
56.040000915527344,62.59999847412109,6173.0
56.68000030517578,57.08000183105469,6174.0
52.720001220703125,64.16000366210938,6175.0
57.59999847412109,65.63999938964844,6176.0
56.47999954223633,64.04000091552734,6177.0
46.43999862670898,60.91999816894531,6178.0
57.959999084472656,69.19999694824219,6179.0
57.20000076293945,74.08000183105469,6180.0
50.0,62.43999862670898,6181.0
218.9199981689453,238.0800018310547,6182.0
60.20000076293945,60.84000015258789,6183.0
59.400001525878906,86.80000305175781,6184.0
61.15999984741211,61.27999877929688,6185.0
60.84000015258789,60.880001068115234,6186.0
45.52000045776367,60.880001068115234,6187.0
59.119998931884766,76.63999938964844,6188.0
43.20000076293945,66.5999984741211,6189.0
57.31999969482422,78.0,6190.0
65.63999938964844,73.87999725341797,6191.0
55.7599983215332,75.4000015258789,6192.0
46.7599983215332,67.23999786376953,6193.0
56.79999923706055,72.44000244140625,6194.0
59.31999969482422,0.0,6195.0
215.47999572753903,72.5199966430664,6196.0
238.32000732421875,132.9600067138672,6197.0
58.59999847412109,58.91999816894531,6198.0
56.400001525878906,56.68000030517578,6199.0
57.63999938964844,239.9600067138672,6200.0
56.52000045776367,66.36000061035156,6201.0
57.59999847412109,208.8800048828125,6202.0
21.68000030517578,134.75999450683594,6203.0
29.799999237060547,135.1999969482422,6204.0
122.91999816894533,221.2400054931641,6205.0
78.08000183105469,0.0,6206.0
219.6000061035156,237.2400054931641,6207.0
237.32000732421875,237.27999877929688,6208.0
67.08000183105469,89.16000366210938,6209.0
205.3999938964844,68.55999755859375,6210.0
41.63999938964844,88.72000122070312,6211.0
53.47999954223633,239.9600067138672,6212.0
57.31999969482422,224.9199981689453,6213.0
57.0,68.55999755859375,6214.0
55.959999084472656,84.5999984741211,6215.0
57.47999954223633,84.08000183105469,6216.0
57.31999969482422,109.8000030517578,6217.0
57.27999877929688,106.0,6218.0
58.27999877929688,57.959999084472656,6219.0
46.400001525878906,201.3999938964844,6220.0
52.27999877929688,89.31999969482422,6221.0
47.27999877929688,63.63999938964844,6222.0
200.3600006103516,221.47999572753903,6223.0
53.560001373291016,64.5199966430664,6224.0
58.43999862670898,66.0,6225.0
59.52000045776367,59.27999877929688,6226.0
58.59999847412109,220.0399932861328,6227.0
105.36000061035156,141.16000366210938,6228.0
57.0,66.23999786376953,6229.0
99.5999984741211,201.8000030517578,6230.0
58.63999938964844,58.43999862670898,6231.0
219.1999969482422,67.27999877929688,6232.0
57.959999084472656,67.31999969482422,6233.0
200.1999969482422,201.1199951171875,6234.0
56.040000915527344,67.44000244140625,6235.0
35.47999954223633,58.59999847412109,6236.0
52.63999938964844,73.36000061035156,6237.0
56.47999954223633,72.68000030517578,6238.0
51.43999862670898,217.16000366210935,6239.0
33.84000015258789,57.400001525878906,6240.0
58.27999877929688,59.0,6241.0
48.040000915527344,57.63999938964844,6242.0
57.84000015258789,58.119998931884766,6243.0
57.79999923706055,57.400001525878906,6244.0
56.36000061035156,56.27999877929688,6245.0
57.43999862670898,57.959999084472656,6246.0
41.959999084472656,57.400001525878906,6247.0
57.47999954223633,57.79999923706055,6248.0
60.08000183105469,60.84000015258789,6249.0
42.91999816894531,69.5199966430664,6250.0
173.0800018310547,194.9199981689453,6251.0
55.400001525878906,236.47999572753903,6252.0
55.880001068115234,56.08000183105469,6253.0
53.0,69.31999969482422,6254.0
115.23999786376952,0.0,6255.0
52.68000030517578,59.7599983215332,6256.0
112.04000091552734,115.27999877929688,6257.0
57.0,239.9600067138672,6258.0
56.47999954223633,57.15999984741211,6259.0
110.4800033569336,141.1999969482422,6260.0
55.880001068115234,206.67999267578125,6261.0
56.400001525878906,56.720001220703125,6262.0
97.16000366210938,239.9600067138672,6263.0
49.0,57.040000915527344,6264.0
56.52000045776367,57.0,6265.0
42.560001373291016,88.91999816894531,6266.0
56.79999923706055,81.76000213623047,6267.0
40.91999816894531,107.91999816894533,6268.0
57.15999984741211,57.31999969482422,6269.0
56.36000061035156,56.63999938964844,6270.0
55.560001373291016,98.31999969482422,6271.0
57.2400016784668,88.5199966430664,6272.0
114.91999816894533,122.0,6273.0
45.47999954223633,118.16000366210938,6274.0
56.36000061035156,68.36000061035156,6275.0
44.20000076293945,87.5199966430664,6276.0
97.95999908447266,115.91999816894533,6277.0
45.0,87.68000030517578,6278.0
57.08000183105469,67.0,6279.0
56.84000015258789,87.4000015258789,6280.0
111.91999816894533,121.4800033569336,6281.0
238.5200042724609,0.0,6282.0
132.52000427246094,140.36000061035156,6283.0
57.36000061035156,87.55999755859375,6284.0
104.1999969482422,103.76000213623048,6285.0
22.63999938964844,83.04000091552734,6286.0
27.36000061035156,64.5999984741211,6287.0
57.0,82.80000305175781,6288.0
55.119998931884766,64.80000305175781,6289.0
45.400001525878906,64.72000122070312,6290.0
54.31999969482422,203.3999938964844,6291.0
57.0,82.31999969482422,6292.0
55.43999862670898,56.08000183105469,6293.0
222.32000732421875,236.44000244140625,6294.0
55.720001220703125,57.31999969482422,6295.0
50.36000061035156,214.9199981689453,6296.0
55.720001220703125,61.68000030517578,6297.0
52.20000076293945,65.04000091552734,6298.0
57.0,77.4800033569336,6299.0
56.400001525878906,216.32000732421875,6300.0
56.560001373291016,75.12000274658203,6301.0
57.08000183105469,79.95999908447266,6302.0
57.720001220703125,82.91999816894531,6303.0
57.959999084472656,58.040000915527344,6304.0
57.63999938964844,216.67999267578125,6305.0
56.119998931884766,57.47999954223633,6306.0
57.0,57.400001525878906,6307.0
57.720001220703125,57.959999084472656,6308.0
56.47999954223633,66.95999908447266,6309.0
57.31999969482422,57.36000061035156,6310.0
56.79999923706055,57.31999969482422,6311.0
56.560001373291016,56.720001220703125,6312.0
57.36000061035156,66.72000122070312,6313.0
56.36000061035156,67.31999969482422,6314.0
49.20000076293945,81.23999786376953,6315.0
58.2400016784668,85.5199966430664,6316.0
56.2400016784668,56.959999084472656,6317.0
30.280000686645508,58.31999969482422,6318.0
57.959999084472656,82.68000030517578,6319.0
58.20000076293945,76.08000183105469,6320.0
49.959999084472656,58.959999084472656,6321.0
58.47999954223633,66.23999786376953,6322.0
58.119998931884766,84.19999694824219,6323.0
57.59999847412109,74.31999969482422,6324.0
47.79999923706055,58.68000030517578,6325.0
57.0,57.47999954223633,6326.0
56.7599983215332,80.23999786376953,6327.0
52.880001068115234,76.27999877929688,6328.0
57.0,76.95999908447266,6329.0
57.43999862670898,75.5999984741211,6330.0
57.400001525878906,57.47999954223633,6331.0
56.36000061035156,56.68000030517578,6332.0
56.79999923706055,223.2400054931641,6333.0
55.959999084472656,57.040000915527344,6334.0
56.47999954223633,229.67999267578125,6335.0
56.52000045776367,229.3999938964844,6336.0
56.36000061035156,229.32000732421875,6337.0
57.20000076293945,228.47999572753903,6338.0
57.63999938964844,230.3999938964844,6339.0
57.68000030517578,57.959999084472656,6340.0
57.43999862670898,229.0,6341.0
56.36000061035156,86.63999938964844,6342.0
56.7599983215332,57.36000061035156,6343.0
55.79999923706055,65.36000061035156,6344.0
56.68000030517578,67.44000244140625,6345.0
56.15999984741211,57.040000915527344,6346.0
55.27999877929688,57.52000045776367,6347.0
55.47999954223633,222.2400054931641,6348.0
55.31999969482422,73.87999725341797,6349.0
56.2400016784668,72.68000030517578,6350.0
56.68000030517578,64.19999694824219,6351.0
55.31999969482422,77.68000030517578,6352.0
55.400001525878906,76.4800033569336,6353.0
54.27999877929688,78.44000244140625,6354.0
54.43999862670898,78.76000213623047,6355.0
54.15999984741211,56.119998931884766,6356.0
57.63999938964844,221.44000244140625,6357.0
56.68000030517578,57.43999862670898,6358.0
57.0,77.04000091552734,6359.0
56.59999847412109,75.5999984741211,6360.0
56.560001373291016,78.27999877929688,6361.0
56.59999847412109,66.95999908447266,6362.0
56.43999862670898,56.720001220703125,6363.0
56.2400016784668,226.2400054931641,6364.0
57.15999984741211,226.67999267578125,6365.0
194.44000244140625,134.1199951171875,6366.0
54.91999816894531,220.27999877929688,6367.0
55.880001068115234,65.4000015258789,6368.0
56.52000045776367,68.55999755859375,6369.0
55.91999816894531,78.19999694824219,6370.0
56.63999938964844,57.31999969482422,6371.0
56.43999862670898,239.9600067138672,6372.0
56.47999954223633,56.959999084472656,6373.0
56.2400016784668,221.16000366210935,6374.0
57.47999954223633,0.0,6375.0
56.720001220703125,0.0,6376.0
57.040000915527344,57.52000045776367,6377.0
57.2400016784668,73.19999694824219,6378.0
36.720001220703125,73.16000366210938,6379.0
56.68000030517578,72.5999984741211,6380.0
57.959999084472656,62.79999923706055,6381.0
56.91999816894531,57.31999969482422,6382.0
56.47999954223633,56.720001220703125,6383.0
55.79999923706055,56.52000045776367,6384.0
55.720001220703125,73.19999694824219,6385.0
55.59999847412109,56.20000076293945,6386.0
53.959999084472656,56.119998931884766,6387.0
55.59999847412109,73.5199966430664,6388.0
56.15999984741211,56.52000045776367,6389.0
56.47999954223633,56.720001220703125,6390.0
56.400001525878906,217.3999938964844,6391.0
56.52000045776367,56.720001220703125,6392.0
56.400001525878906,56.7599983215332,6393.0
56.36000061035156,56.63999938964844,6394.0
56.040000915527344,56.68000030517578,6395.0
56.79999923706055,58.91999816894531,6396.0
30.8799991607666,58.560001373291016,6397.0
208.2400054931641,131.67999267578125,6398.0
191.0,239.9600067138672,6399.0
58.560001373291016,57.7599983215332,6400.0
52.59999847412109,73.63999938964844,6401.0
59.560001373291016,59.959999084472656,6402.0
56.59999847412109,58.47999954223633,6403.0
55.68000030517578,58.31999969482422,6404.0
55.31999969482422,73.31999969482422,6405.0
55.59999847412109,71.72000122070312,6406.0
48.880001068115234,85.27999877929688,6407.0
58.400001525878906,69.63999938964844,6408.0
58.040000915527344,59.27999877929688,6409.0
131.9199981689453,152.36000061035156,6410.0
218.3999938964844,64.04000091552734,6411.0
54.27999877929688,152.67999267578125,6412.0
60.79999923706055,149.83999633789062,6413.0
104.91999816894533,159.75999450683594,6414.0
55.63999938964844,0.0,6415.0
54.2400016784668,74.36000061035156,6416.0
56.560001373291016,0.0,6417.0
57.91999816894531,74.63999938964844,6418.0
57.880001068115234,57.52000045776367,6419.0
57.0,57.040000915527344,6420.0
59.0,58.43999862670898,6421.0
41.400001525878906,59.880001068115234,6422.0
55.52000045776367,56.040000915527344,6423.0
56.7599983215332,56.52000045776367,6424.0
55.560001373291016,56.27999877929688,6425.0
52.79999923706055,79.44000244140625,6426.0
60.68000030517578,61.20000076293945,6427.0
57.0,79.44000244140625,6428.0
52.08000183105469,0.0,6429.0
56.20000076293945,124.87999725341795,6430.0
119.5999984741211,119.08000183105467,6431.0
53.560001373291016,64.80000305175781,6432.0
43.79999923706055,81.68000030517578,6433.0
54.79999923706055,67.5199966430664,6434.0
58.959999084472656,0.0,6435.0
210.1199951171875,125.83999633789062,6436.0
54.040000915527344,71.76000213623047,6437.0
58.959999084472656,85.4800033569336,6438.0
58.68000030517578,59.0,6439.0
94.31999969482422,113.1999969482422,6440.0
58.040000915527344,104.87999725341795,6441.0
49.79999923706055,62.119998931884766,6442.0
56.36000061035156,71.19999694824219,6443.0
99.8000030517578,99.55999755859376,6444.0
57.400001525878906,218.3600006103516,6445.0
99.44000244140624,0.0,6446.0
57.63999938964844,68.95999908447266,6447.0
57.720001220703125,58.31999969482422,6448.0
164.8800048828125,176.44000244140625,6449.0
56.20000076293945,71.12000274658203,6450.0
52.2400016784668,71.0,6451.0
56.959999084472656,57.52000045776367,6452.0
54.040000915527344,72.27999877929688,6453.0
56.79999923706055,57.720001220703125,6454.0
56.560001373291016,201.63999938964844,6455.0
55.959999084472656,72.80000305175781,6456.0
91.72000122070312,106.68000030517578,6457.0
130.63999938964844,130.27999877929688,6458.0
44.84000015258789,130.9600067138672,6459.0
64.80000305175781,75.63999938964844,6460.0
0.0,16.68000030517578,6461.0
55.79999923706055,213.32000732421875,6462.0
35.2400016784668,57.040000915527344,6463.0
39.08000183105469,83.31999969482422,6464.0
56.15999984741211,56.08000183105469,6465.0
38.91999816894531,216.3999938964844,6466.0
38.7599983215332,18.68000030517578,6467.0
54.31999969482422,69.4000015258789,6468.0
56.59999847412109,86.5199966430664,6469.0
55.08000183105469,136.72000122070312,6470.0
55.720001220703125,78.76000213623047,6471.0
106.5999984741211,124.44000244140624,6472.0
54.36000061035156,75.0,6473.0
55.7599983215332,69.16000366210938,6474.0
56.959999084472656,74.36000061035156,6475.0
54.84000015258789,80.12000274658203,6476.0
58.27999877929688,90.95999908447266,6477.0
54.959999084472656,237.1999969482422,6478.0
54.040000915527344,88.91999816894531,6479.0
54.0,88.04000091552734,6480.0
53.84000015258789,63.43999862670898,6481.0
36.59999847412109,134.75999450683594,6482.0
53.79999923706055,77.5199966430664,6483.0
58.119998931884766,196.1999969482422,6484.0
48.2400016784668,83.5999984741211,6485.0
85.80000305175781,145.0399932861328,6486.0
141.0,84.95999908447266,6487.0
0.0,68.83999633789062,6488.0
72.68000030517578,99.27999877929688,6489.0
36.20000076293945,48.15999984741211,6490.0
213.44000244140625,236.1199951171875,6491.0
56.36000061035156,56.68000030517578,6492.0
138.63999938964844,221.0,6493.0
213.1999969482422,74.5999984741211,6494.0
139.0,139.27999877929688,6495.0
59.59999847412109,71.72000122070312,6496.0
185.8000030517578,186.5200042724609,6497.0
51.720001220703125,71.44000244140625,6498.0
36.119998931884766,60.36000061035156,6499.0
44.79999923706055,77.63999938964844,6500.0
58.08000183105469,78.27999877929688,6501.0
61.47999954223633,63.79999923706055,6502.0
93.4800033569336,224.8000030517578,6503.0
58.119998931884766,69.0,6504.0
61.880001068115234,82.80000305175781,6505.0
57.68000030517578,68.63999938964844,6506.0
210.3600006103516,232.8000030517578,6507.0
137.47999572753906,58.0,6508.0
224.55999755859372,109.87999725341795,6509.0
34.599998474121094,34.400001525878906,6510.0
54.43999862670898,73.31999969482422,6511.0
45.47999954223633,73.31999969482422,6512.0
60.08000183105469,81.16000366210938,6513.0
79.23999786376953,99.72000122070312,6514.0
213.5200042724609,58.27999877929688,6515.0
236.0399932861328,236.1999969482422,6516.0
94.0,93.8000030517578,6517.0
55.720001220703125,227.32000732421875,6518.0
168.1199951171875,170.0,6519.0
43.400001525878906,61.36000061035156,6520.0
0.0,0.0,6521.0
61.0,61.15999984741211,6522.0
41.68000030517578,202.47999572753903,6523.0
79.87999725341797,177.47999572753906,6524.0
44.59999847412109,227.0800018310547,6525.0
55.040000915527344,72.91999816894531,6526.0
204.67999267578125,112.5199966430664,6527.0
100.5199966430664,100.1999969482422,6528.0
57.2400016784668,73.08000183105469,6529.0
239.0399932861328,129.36000061035156,6530.0
51.2400016784668,0.0,6531.0
21.479999542236328,141.0,6532.0
57.84000015258789,74.12000274658203,6533.0
239.16000366210935,74.0,6534.0
35.08000183105469,72.72000122070312,6535.0
154.75999450683594,206.0399932861328,6536.0
60.27999877929688,60.040000915527344,6537.0
42.59999847412109,45.79999923706055,6538.0
60.31999969482422,60.43999862670898,6539.0
40.2400016784668,107.91999816894533,6540.0
149.60000610351562,163.9199981689453,6541.0
53.15999984741211,70.87999725341797,6542.0
53.84000015258789,54.560001373291016,6543.0
4.320000171661377,4.519999980926514,6544.0
138.8000030517578,157.47999572753906,6545.0
68.63999938964844,68.19999694824219,6546.0
36.52000045776367,137.8000030517578,6547.0
105.4800033569336,105.55999755859376,6548.0
218.0,116.44000244140624,6549.0
57.79999923706055,58.27999877929688,6550.0
23.280000686645508,125.8000030517578,6551.0
210.9199981689453,222.6000061035156,6552.0
182.3999938964844,222.83999633789065,6553.0
130.16000366210938,138.27999877929688,6554.0
212.27999877929688,223.0,6555.0
222.6000061035156,138.60000610351562,6556.0
218.55999755859372,230.75999450683597,6557.0
117.12000274658205,125.95999908447266,6558.0
117.0,125.68000030517578,6559.0
45.20000076293945,232.9199981689453,6560.0
57.31999969482422,68.0,6561.0
58.040000915527344,219.72000122070312,6562.0
57.43999862670898,57.959999084472656,6563.0
99.91999816894533,185.8000030517578,6564.0
56.7599983215332,78.87999725341797,6565.0
236.47999572753903,236.5200042724609,6566.0
97.8000030517578,97.68000030517578,6567.0
54.52000045776367,215.8800048828125,6568.0
235.8000030517578,236.27999877929688,6569.0
56.720001220703125,73.31999969482422,6570.0
121.63999938964844,71.44000244140625,6571.0
168.24000549316406,77.55999755859375,6572.0
87.44000244140625,175.0399932861328,6573.0
21.84000015258789,37.47999954223633,6574.0
203.8800048828125,216.6000061035156,6575.0
58.720001220703125,67.4800033569336,6576.0
56.68000030517578,0.0,6577.0
192.3999938964844,0.0,6578.0
148.75999450683594,122.0,6579.0
0.0,1.0800000429153442,6580.0
57.0,0.0,6581.0
78.95999908447266,79.19999694824219,6582.0
47.880001068115234,48.43999862670898,6583.0
56.91999816894531,56.880001068115234,6584.0
202.9199981689453,57.0,6585.0
220.83999633789065,239.9600067138672,6586.0
54.880001068115234,239.9600067138672,6587.0
38.7599983215332,138.60000610351562,6588.0
50.7599983215332,50.91999816894531,6589.0
106.91999816894533,68.36000061035156,6590.0
186.0,186.0399932861328,6591.0
33.68000030517578,58.0,6592.0
56.27999877929688,57.31999969482422,6593.0
51.7599983215332,51.720001220703125,6594.0
52.63999938964844,239.9600067138672,6595.0
57.20000076293945,239.3600006103516,6596.0
232.1999969482422,239.27999877929688,6597.0
86.76000213623047,97.31999969482422,6598.0
219.3600006103516,229.0399932861328,6599.0
220.47999572753903,239.9600067138672,6600.0
136.55999755859375,195.2400054931641,6601.0
56.2400016784668,78.80000305175781,6602.0
57.0,141.8000030517578,6603.0
57.7599983215332,82.27999877929688,6604.0
46.20000076293945,140.52000427246094,6605.0
42.36000061035156,59.400001525878906,6606.0
58.15999984741211,60.20000076293945,6607.0
38.959999084472656,103.23999786376952,6608.0
106.5999984741211,106.83999633789062,6609.0
53.84000015258789,105.31999969482422,6610.0
30.1200008392334,239.27999877929688,6611.0
53.79999923706055,67.72000122070312,6612.0
54.43999862670898,55.43999862670898,6613.0
51.560001373291016,207.5200042724609,6614.0
176.39999389648438,54.880001068115234,6615.0
0.0,105.12000274658205,6616.0
145.60000610351562,167.8800048828125,6617.0
58.400001525878906,129.47999572753906,6618.0
43.880001068115234,81.4000015258789,6619.0
58.119998931884766,130.47999572753906,6620.0
0.0,162.0,6621.0
199.9600067138672,200.44000244140625,6622.0
114.91999816894533,156.24000549316406,6623.0
37.15999984741211,104.83999633789062,6624.0
39.880001068115234,123.36000061035156,6625.0
237.83999633789065,118.44000244140624,6626.0
172.9199981689453,68.68000030517578,6627.0
38.63999938964844,165.83999633789062,6628.0
57.720001220703125,66.83999633789062,6629.0
71.55999755859375,73.23999786376953,6630.0
76.5199966430664,101.5199966430664,6631.0
33.31999969482422,125.8000030517578,6632.0
239.0399932861328,76.68000030517578,6633.0
32.84000015258789,109.16000366210938,6634.0
108.04000091552734,123.68000030517578,6635.0
57.63999938964844,57.959999084472656,6636.0
33.15999984741211,69.5199966430664,6637.0
51.119998931884766,55.43999862670898,6638.0
107.4800033569336,42.59999847412109,6639.0
79.08000183105469,165.0399932861328,6640.0
232.75999450683597,232.2400054931641,6641.0
78.12000274658203,78.44000244140625,6642.0
103.4800033569336,103.4000015258789,6643.0
238.0,82.63999938964844,6644.0
57.68000030517578,206.83999633789065,6645.0
238.67999267578125,91.68000030517578,6646.0
58.27999877929688,73.0,6647.0
43.2400016784668,72.08000183105469,6648.0
181.0800018310547,87.68000030517578,6649.0
38.7599983215332,221.16000366210935,6650.0
199.1199951171875,109.44000244140624,6651.0
186.63999938964844,74.0,6652.0
40.47999954223633,57.959999084472656,6653.0
58.31999969482422,66.23999786376953,6654.0
34.63999938964844,57.2400016784668,6655.0
84.5199966430664,95.08000183105467,6656.0
84.72000122070312,121.44000244140624,6657.0
33.63999938964844,67.27999877929688,6658.0
92.5199966430664,119.08000183105467,6659.0
108.5199966430664,178.60000610351562,6660.0
103.72000122070312,112.5999984741211,6661.0
118.4800033569336,181.27999877929688,6662.0
118.95999908447266,217.16000366210935,6663.0
80.04000091552734,196.27999877929688,6664.0
106.5999984741211,122.31999969482422,6665.0
48.040000915527344,92.87999725341795,6666.0
49.84000015258789,145.83999633789062,6667.0
234.8000030517578,87.23999786376953,6668.0
194.27999877929688,175.0800018310547,6669.0
137.63999938964844,99.4800033569336,6670.0
33.31999969482422,67.44000244140625,6671.0
38.91999816894531,139.67999267578125,6672.0
76.08000183105469,84.76000213623047,6673.0
162.47999572753906,235.55999755859372,6674.0
116.23999786376952,237.8000030517578,6675.0
50.59999847412109,50.63999938964844,6676.0
64.08000183105469,236.0,6677.0
55.959999084472656,234.75999450683597,6678.0
51.08000183105469,235.0,6679.0
54.84000015258789,235.47999572753903,6680.0
57.20000076293945,57.43999862670898,6681.0
227.27999877929688,129.63999938964844,6682.0
206.27999877929688,114.04000091552734,6683.0
124.36000061035156,239.9600067138672,6684.0
57.79999923706055,219.75999450683597,6685.0
60.84000015258789,60.36000061035156,6686.0
58.59999847412109,58.119998931884766,6687.0
191.44000244140625,199.67999267578125,6688.0
119.5999984741211,151.9199981689453,6689.0
135.39999389648438,135.39999389648438,6690.0
59.59999847412109,200.1199951171875,6691.0
55.43999862670898,239.9600067138672,6692.0
91.23999786376952,56.15999984741211,6693.0
57.0,76.87999725341797,6694.0
56.68000030517578,73.95999908447266,6695.0
57.31999969482422,57.31999969482422,6696.0
40.47999954223633,166.75999450683594,6697.0
101.31999969482422,129.63999938964844,6698.0
52.2400016784668,60.040000915527344,6699.0
235.27999877929688,100.68000030517578,6700.0
178.16000366210938,237.9600067138672,6701.0
78.4800033569336,80.4800033569336,6702.0
0.0,128.8800048828125,6703.0
54.119998931884766,239.9600067138672,6704.0
0.0,81.4800033569336,6705.0
238.72000122070312,139.27999877929688,6706.0
131.32000732421875,138.83999633789062,6707.0
127.12000274658205,53.63999938964844,6708.0
48.36000061035156,59.52000045776367,6709.0
42.63999938964844,52.68000030517578,6710.0
117.8000030517578,128.44000244140625,6711.0
96.55999755859376,239.9600067138672,6712.0
128.0399932861328,127.72000122070312,6713.0
119.08000183105467,95.12000274658205,6714.0
105.83999633789062,105.8000030517578,6715.0
211.6000061035156,239.9600067138672,6716.0
216.8800048828125,236.0800018310547,6717.0
115.5999984741211,60.68000030517578,6718.0
58.47999954223633,78.16000366210938,6719.0
57.27999877929688,59.2400016784668,6720.0
103.12000274658205,239.9600067138672,6721.0
0.0,142.0399932861328,6722.0
208.3999938964844,237.9600067138672,6723.0
57.0,76.83999633789062,6724.0
56.560001373291016,57.040000915527344,6725.0
95.76000213623048,116.31999969482422,6726.0
0.0,0.0,6727.0
33.959999084472656,205.0,6728.0
130.39999389648438,130.1999969482422,6729.0
121.63999938964844,130.63999938964844,6730.0
97.8000030517578,97.1999969482422,6731.0
222.0,222.63999938964844,6732.0
55.7599983215332,64.31999969482422,6733.0
114.95999908447266,115.0,6734.0
56.68000030517578,56.400001525878906,6735.0
36.43999862670898,56.720001220703125,6736.0
54.52000045776367,62.47999954223633,6737.0
36.43999862670898,160.0399932861328,6738.0
46.119998931884766,58.7599983215332,6739.0
51.2400016784668,105.68000030517578,6740.0
51.27999877929688,55.560001373291016,6741.0
55.63999938964844,56.0,6742.0
20.1200008392334,156.72000122070312,6743.0
20.200000762939453,239.9600067138672,6744.0
166.8800048828125,189.8800048828125,6745.0
168.8000030517578,102.76000213623048,6746.0
89.0,110.83999633789062,6747.0
31.71999931335449,167.0399932861328,6748.0
39.27999877929688,239.9600067138672,6749.0
59.400001525878906,196.1999969482422,6750.0
57.040000915527344,68.55999755859375,6751.0
45.119998931884766,59.2400016784668,6752.0
101.68000030517578,144.1199951171875,6753.0
56.560001373291016,198.9199981689453,6754.0
194.63999938964844,194.63999938964844,6755.0
30.600000381469727,59.59999847412109,6756.0
115.23999786376952,226.83999633789065,6757.0
32.040000915527344,110.44000244140624,6758.0
99.08000183105467,226.75999450683597,6759.0
54.400001525878906,54.68000030517578,6760.0
115.5999984741211,57.63999938964844,6761.0
58.119998931884766,69.0,6762.0
138.9600067138672,146.36000061035156,6763.0
56.43999862670898,56.36000061035156,6764.0
69.4800033569336,69.4800033569336,6765.0
80.08000183105469,80.08000183105469,6766.0
51.7599983215332,75.27999877929688,6767.0
166.8000030517578,85.0,6768.0
53.79999923706055,105.31999969482422,6769.0
51.7599983215332,51.59999847412109,6770.0
111.91999816894533,116.23999786376952,6771.0
174.47999572753906,0.0,6772.0
49.040000915527344,56.84000015258789,6773.0
45.47999954223633,121.1999969482422,6774.0
115.87999725341795,54.15999984741211,6775.0
121.0,175.83999633789062,6776.0
107.95999908447266,143.83999633789062,6777.0
0.0,0.0,6778.0
51.880001068115234,52.84000015258789,6779.0
100.04000091552734,227.72000122070312,6780.0
41.63999938964844,131.67999267578125,6781.0
85.80000305175781,106.5999984741211,6782.0
41.0,164.1999969482422,6783.0
0.0,32.279998779296875,6784.0
237.63999938964844,80.4800033569336,6785.0
145.16000366210938,145.0,6786.0
113.0,79.44000244140625,6787.0
102.44000244140624,102.16000366210938,6788.0
238.83999633789065,160.47999572753906,6789.0
98.5999984741211,149.83999633789062,6790.0
40.63999938964844,74.31999969482422,6791.0
199.75999450683597,115.63999938964844,6792.0
197.1999969482422,129.47999572753906,6793.0
100.5199966430664,133.8800048828125,6794.0
43.27999877929688,88.72000122070312,6795.0
29.959999084472656,239.9600067138672,6796.0
93.95999908447266,93.8000030517578,6797.0
90.31999969482422,134.0800018310547,6798.0
37.47999954223633,59.2400016784668,6799.0
0.1199999973177909,0.0,6800.0
95.4000015258789,42.959999084472656,6801.0
95.4000015258789,170.8800048828125,6802.0
107.4000015258789,226.9600067138672,6803.0
112.68000030517578,177.0,6804.0
222.63999938964844,223.6000061035156,6805.0
110.76000213623048,165.9600067138672,6806.0
63.36000061035156,64.08000183105469,6807.0
220.1199951171875,145.72000122070312,6808.0
98.4800033569336,107.23999786376952,6809.0
41.959999084472656,189.3999938964844,6810.0
85.72000122070312,85.5199966430664,6811.0
115.4000015258789,114.95999908447266,6812.0
90.55999755859376,94.4800033569336,6813.0
33.15999984741211,224.72000122070312,6814.0
133.8000030517578,139.36000061035156,6815.0
43.880001068115234,65.16000366210938,6816.0
20.239999771118164,21.239999771118164,6817.0
110.12000274658205,109.83999633789062,6818.0
54.43999862670898,65.87999725341797,6819.0
33.720001220703125,135.39999389648438,6820.0
201.9600067138672,111.76000213623048,6821.0
170.1199951171875,54.15999984741211,6822.0
197.55999755859372,53.2400016784668,6823.0
43.400001525878906,55.59999847412109,6824.0
108.55999755859376,53.27999877929688,6825.0
55.720001220703125,56.59999847412109,6826.0
58.27999877929688,57.959999084472656,6827.0
56.84000015258789,57.7599983215332,6828.0
57.0,57.959999084472656,6829.0
36.880001068115234,98.91999816894533,6830.0
231.9600067138672,233.3999938964844,6831.0
237.72000122070312,239.0399932861328,6832.0
103.5999984741211,103.55999755859376,6833.0
68.08000183105469,68.19999694824219,6834.0
238.5200042724609,121.76000213623048,6835.0
195.27999877929688,129.63999938964844,6836.0
112.04000091552734,47.0,6837.0
106.0,105.31999969482422,6838.0
42.68000030517578,0.0,6839.0
105.0,104.87999725341795,6840.0
106.4800033569336,58.27999877929688,6841.0
31.399999618530277,57.119998931884766,6842.0
37.08000183105469,54.47999954223633,6843.0
106.27999877929688,131.9600067138672,6844.0
58.27999877929688,57.959999084472656,6845.0
42.79999923706055,57.68000030517578,6846.0
57.36000061035156,57.959999084472656,6847.0
57.720001220703125,57.68000030517578,6848.0
54.43999862670898,55.0,6849.0
28.84000015258789,57.880001068115234,6850.0
54.560001373291016,216.9199981689453,6851.0
54.27999877929688,53.79999923706055,6852.0
55.400001525878906,55.400001525878906,6853.0
55.47999954223633,56.2400016784668,6854.0
54.47999954223633,84.87999725341797,6855.0
55.7599983215332,84.87999725341797,6856.0
106.76000213623048,106.76000213623048,6857.0
50.43999862670898,57.560001373291016,6858.0
46.7599983215332,56.68000030517578,6859.0
49.400001525878906,153.8000030517578,6860.0
54.47999954223633,98.31999969482422,6861.0
36.20000076293945,57.63999938964844,6862.0
56.560001373291016,56.43999862670898,6863.0
42.63999938964844,57.15999984741211,6864.0
56.36000061035156,56.84000015258789,6865.0
41.959999084472656,57.959999084472656,6866.0
0.0,105.68000030517578,6867.0
45.79999923706055,73.31999969482422,6868.0
0.0,0.0,6869.0
114.5999984741211,76.5199966430664,6870.0
49.0,139.32000732421875,6871.0
66.36000061035156,77.19999694824219,6872.0
238.16000366210935,76.83999633789062,6873.0
53.15999984741211,73.0,6874.0
33.15999984741211,59.400001525878906,6875.0
61.20000076293945,72.08000183105469,6876.0
56.31999969482422,81.68000030517578,6877.0
31.399999618530277,57.36000061035156,6878.0
121.31999969482422,139.0800018310547,6879.0
55.43999862670898,57.08000183105469,6880.0
114.36000061035156,144.47999572753906,6881.0
4.559999942779541,5.320000171661377,6882.0
113.95999908447266,113.72000122070312,6883.0
114.8000030517578,235.55999755859372,6884.0
53.79999923706055,55.79999923706055,6885.0
57.040000915527344,72.95999908447266,6886.0
234.63999938964844,82.16000366210938,6887.0
197.3999938964844,71.5199966430664,6888.0
36.20000076293945,82.4800033569336,6889.0
35.880001068115234,178.27999877929688,6890.0
36.36000061035156,75.0,6891.0
36.880001068115234,74.36000061035156,6892.0
203.0800018310547,58.720001220703125,6893.0
120.68000030517578,217.0,6894.0
47.2400016784668,53.560001373291016,6895.0
167.0,216.9199981689453,6896.0
142.60000610351562,160.52000427246094,6897.0
42.31999969482422,53.20000076293945,6898.0
46.7599983215332,73.31999969482422,6899.0
44.36000061035156,200.1199951171875,6900.0
213.5200042724609,213.9600067138672,6901.0
144.72000122070312,145.0,6902.0
123.91999816894533,123.87999725341795,6903.0
154.0,154.67999267578125,6904.0
125.0,124.87999725341795,6905.0
100.68000030517578,100.63999938964844,6906.0
224.6000061035156,69.4800033569336,6907.0
137.63999938964844,235.3600006103516,6908.0
66.27999877929688,66.31999969482422,6909.0
121.08000183105467,121.12000274658205,6910.0
0.0,1.6399999856948853,6911.0
105.5199966430664,129.16000366210938,6912.0
106.76000213623048,88.27999877929688,6913.0
118.44000244140624,128.39999389648438,6914.0
237.9600067138672,129.1199951171875,6915.0
0.0,75.36000061035156,6916.0
57.040000915527344,57.36000061035156,6917.0
8.279999732971191,234.63999938964844,6918.0
114.95999908447266,114.31999969482422,6919.0
9.5600004196167,68.55999755859375,6920.0
205.47999572753903,114.08000183105467,6921.0
3.0,63.119998931884766,6922.0
105.04000091552734,212.27999877929688,6923.0
107.55999755859376,214.44000244140625,6924.0
0.0,123.4800033569336,6925.0
212.8800048828125,223.3999938964844,6926.0
92.68000030517578,52.0,6927.0
51.59999847412109,60.20000076293945,6928.0
102.76000213623048,102.63999938964844,6929.0
40.720001220703125,118.12000274658205,6930.0
135.75999450683594,135.32000732421875,6931.0
11.920000076293944,40.119998931884766,6932.0
141.9199981689453,155.16000366210938,6933.0
62.959999084472656,75.16000366210938,6934.0
14.800000190734863,118.91999816894533,6935.0
223.16000366210935,237.75999450683597,6936.0
107.76000213623048,56.68000030517578,6937.0
93.31999969482422,93.16000366210938,6938.0
69.4800033569336,69.4800033569336,6939.0
87.44000244140625,121.16000366210938,6940.0
88.36000061035156,88.16000366210938,6941.0
121.95999908447266,122.27999877929688,6942.0
104.04000091552734,120.44000244140624,6943.0
87.80000305175781,87.80000305175781,6944.0
104.04000091552734,124.5199966430664,6945.0
210.75999450683597,216.75999450683597,6946.0
96.36000061035156,125.0,6947.0
125.16000366210938,133.9600067138672,6948.0
19.71999931335449,117.1999969482422,6949.0
89.16000366210938,0.0,6950.0
214.0,125.5199966430664,6951.0
97.36000061035156,98.0,6952.0
48.68000030517578,0.0,6953.0
39.0,74.04000091552734,6954.0
48.31999969482422,48.84000015258789,6955.0
40.560001373291016,59.2400016784668,6956.0
0.0,7.559999942779541,6957.0
47.400001525878906,55.0,6958.0
44.880001068115234,74.08000183105469,6959.0
153.0,152.83999633789062,6960.0
104.4000015258789,104.68000030517578,6961.0
30.799999237060547,46.2400016784668,6962.0
100.83999633789062,100.55999755859376,6963.0
103.63999938964844,53.15999984741211,6964.0
52.2400016784668,53.08000183105469,6965.0
110.23999786376952,119.23999786376952,6966.0
33.31999969482422,81.68000030517578,6967.0
120.72000122070312,120.4800033569336,6968.0
55.08000183105469,60.880001068115234,6969.0
125.5199966430664,237.47999572753903,6970.0
148.9199981689453,172.52000427246094,6971.0
88.04000091552734,88.19999694824219,6972.0
237.83999633789065,128.27999877929688,6973.0
104.4000015258789,61.79999923706055,6974.0
87.55999755859375,0.0,6975.0
37.15999984741211,164.36000061035156,6976.0
34.91999816894531,131.27999877929688,6977.0
201.0399932861328,53.63999938964844,6978.0
130.9199981689453,130.9199981689453,6979.0
190.47999572753903,207.8000030517578,6980.0
54.040000915527344,95.27999877929688,6981.0
30.76000022888184,55.2400016784668,6982.0
42.84000015258789,53.79999923706055,6983.0
121.0,145.8000030517578,6984.0
238.83999633789065,108.55999755859376,6985.0
114.76000213623048,203.8000030517578,6986.0
114.95999908447266,114.5999984741211,6987.0
53.31999969482422,71.12000274658203,6988.0
36.560001373291016,125.08000183105467,6989.0
33.720001220703125,0.0,6990.0
71.63999938964844,71.44000244140625,6991.0
209.0399932861328,221.47999572753903,6992.0
112.68000030517578,174.75999450683594,6993.0
113.63999938964844,113.68000030517578,6994.0
115.87999725341795,189.1199951171875,6995.0
173.83999633789062,175.0,6996.0
204.1199951171875,58.68000030517578,6997.0
111.91999816894533,56.31999969482422,6998.0
102.12000274658205,61.27999877929688,6999.0
56.20000076293945,200.9600067138672,7000.0
106.91999816894533,116.87999725341795,7001.0
41.0,59.2400016784668,7002.0
37.84000015258789,57.7599983215332,7003.0
14.119999885559082,59.36000061035156,7004.0
42.27999877929688,59.59999847412109,7005.0
41.0,70.80000305175781,7006.0
73.19999694824219,73.95999908447266,7007.0
36.560001373291016,212.67999267578125,7008.0
119.55999755859376,0.0,7009.0
122.91999816894533,57.119998931884766,7010.0
187.72000122070312,0.0,7011.0
38.7599983215332,87.91999816894531,7012.0
0.0,122.8000030517578,7013.0
43.7599983215332,73.0,7014.0
56.119998931884766,55.91999816894531,7015.0
44.84000015258789,94.1999969482422,7016.0
226.44000244140625,227.8000030517578,7017.0
112.68000030517578,123.27999877929688,7018.0
47.119998931884766,66.95999908447266,7019.0
58.91999816894531,0.0,7020.0
120.4000015258789,129.32000732421875,7021.0
104.68000030517578,104.4000015258789,7022.0
33.79999923706055,58.119998931884766,7023.0
31.71999931335449,149.1999969482422,7024.0
178.0800018310547,221.9199981689453,7025.0
35.279998779296875,56.84000015258789,7026.0
52.20000076293945,52.84000015258789,7027.0
35.15999984741211,155.16000366210938,7028.0
34.79999923706055,53.59999847412109,7029.0
96.1999969482422,115.31999969482422,7030.0
36.2400016784668,58.119998931884766,7031.0
236.9199981689453,237.6000061035156,7032.0
94.5999984741211,235.55999755859372,7033.0
95.4000015258789,133.8000030517578,7034.0
236.0399932861328,66.31999969482422,7035.0
197.27999877929688,96.04000091552734,7036.0
87.08000183105469,94.44000244140624,7037.0
122.91999816894533,122.72000122070312,7038.0
122.27999877929688,73.55999755859375,7039.0
115.5199966430664,0.0,7040.0
58.59999847412109,68.55999755859375,7041.0
46.59999847412109,64.36000061035156,7042.0
106.8000030517578,125.83999633789062,7043.0
57.63999938964844,57.959999084472656,7044.0
46.959999084472656,57.040000915527344,7045.0
45.31999969482422,144.39999389648438,7046.0
208.83999633789065,232.0800018310547,7047.0
206.32000732421875,207.3999938964844,7048.0
22.76000022888184,23.0,7049.0
49.84000015258789,50.400001525878906,7050.0
114.91999816894533,0.0,7051.0
49.31999969482422,117.16000366210938,7052.0
214.0800018310547,234.44000244140625,7053.0
49.79999923706055,55.08000183105469,7054.0
226.0,226.0800018310547,7055.0
138.63999938964844,49.47999954223633,7056.0
203.2400054931641,49.959999084472656,7057.0
16.68000030517578,121.72000122070312,7058.0
204.8800048828125,51.040000915527344,7059.0
136.39999389648438,155.32000732421875,7060.0
103.44000244140624,123.27999877929688,7061.0
57.68000030517578,77.5199966430664,7062.0
88.68000030517578,206.75999450683597,7063.0
228.3999938964844,228.83999633789065,7064.0
41.20000076293945,130.0399932861328,7065.0
169.47999572753906,169.9199981689453,7066.0
36.84000015258789,52.91999816894531,7067.0
76.04000091552734,235.9600067138672,7068.0
138.0,145.44000244140625,7069.0
0.0,0.0,7070.0
236.3600006103516,236.9600067138672,7071.0
52.79999923706055,53.79999923706055,7072.0
237.63999938964844,66.63999938964844,7073.0
237.67999267578125,239.9600067138672,7074.0
56.84000015258789,87.95999908447266,7075.0
124.12000274658205,124.55999755859376,7076.0
48.400001525878906,72.87999725341797,7077.0
33.0,57.15999984741211,7078.0
83.72000122070312,168.9199981689453,7079.0
3.559999942779541,56.7599983215332,7080.0
97.36000061035156,60.91999816894531,7081.0
95.76000213623048,95.44000244140624,7082.0
92.68000030517578,92.5199966430664,7083.0
51.2400016784668,239.9600067138672,7084.0
95.91999816894533,0.0,7085.0
0.0,91.68000030517578,7086.0
97.95999908447266,120.68000030517578,7087.0
41.52000045776367,62.52000045776367,7088.0
237.3600006103516,116.12000274658205,7089.0
109.8000030517578,165.8800048828125,7090.0
238.5200042724609,115.91999816894533,7091.0
109.16000366210938,109.16000366210938,7092.0
115.23999786376952,58.43999862670898,7093.0
128.67999267578125,54.59999847412109,7094.0
103.72000122070312,0.0,7095.0
68.36000061035156,0.0,7096.0
0.0,137.63999938964844,7097.0
238.9600067138672,58.0,7098.0
179.27999877929688,186.0,7099.0
120.4000015258789,120.72000122070312,7100.0
108.83999633789062,108.5999984741211,7101.0
205.67999267578125,120.1999969482422,7102.0
35.279998779296875,52.59999847412109,7103.0
29.799999237060547,58.7599983215332,7104.0
81.95999908447266,51.79999923706055,7105.0
141.32000732421875,54.119998931884766,7106.0
41.84000015258789,41.959999084472656,7107.0
107.55999755859376,87.80000305175781,7108.0
201.27999877929688,236.27999877929688,7109.0
237.5200042724609,55.7599983215332,7110.0
230.55999755859372,230.75999450683597,7111.0
56.2400016784668,55.720001220703125,7112.0
50.63999938964844,226.44000244140625,7113.0
103.4000015258789,52.040000915527344,7114.0
101.27999877929688,196.67999267578125,7115.0
100.55999755859376,239.9600067138672,7116.0
131.8800048828125,223.32000732421875,7117.0
194.32000732421875,194.47999572753903,7118.0
156.72000122070312,181.63999938964844,7119.0
47.31999969482422,47.59999847412109,7120.0
44.2400016784668,124.63999938964844,7121.0
12.800000190734863,53.63999938964844,7122.0
52.720001220703125,86.5999984741211,7123.0
213.32000732421875,237.63999938964844,7124.0
52.720001220703125,119.4800033569336,7125.0
95.4000015258789,95.08000183105467,7126.0
36.36000061035156,36.43999862670898,7127.0
4.519999980926514,128.9199981689453,7128.0
94.4800033569336,127.5999984741211,7129.0
104.68000030517578,104.4800033569336,7130.0
144.9199981689453,145.0399932861328,7131.0
99.87999725341795,100.1999969482422,7132.0
136.1199951171875,144.8000030517578,7133.0
98.44000244140624,0.0,7134.0
129.0,145.63999938964844,7135.0
88.36000061035156,124.23999786376952,7136.0
38.119998931884766,56.68000030517578,7137.0
111.91999816894533,57.959999084472656,7138.0
0.0,0.0,7139.0
218.67999267578125,143.75999450683594,7140.0
153.0,197.47999572753903,7141.0
88.36000061035156,42.59999847412109,7142.0
56.040000915527344,55.63999938964844,7143.0
198.16000366210935,217.8800048828125,7144.0
104.68000030517578,115.87999725341795,7145.0
94.8000030517578,57.119998931884766,7146.0
99.08000183105467,239.9600067138672,7147.0
112.04000091552734,117.1999969482422,7148.0
112.36000061035156,112.4000015258789,7149.0
200.9600067138672,211.67999267578125,7150.0
28.520000457763672,54.79999923706055,7151.0
36.880001068115234,0.0,7152.0
41.0,112.4800033569336,7153.0
94.44000244140624,113.8000030517578,7154.0
94.44000244140624,120.83999633789062,7155.0
85.68000030517578,103.4800033569336,7156.0
212.0399932861328,212.0800018310547,7157.0
112.68000030517578,112.4000015258789,7158.0
109.31999969482422,35.400001525878906,7159.0
84.19999694824219,0.0,7160.0
80.0,81.04000091552734,7161.0
109.31999969482422,0.0,7162.0
108.36000061035156,108.76000213623048,7163.0
56.400001525878906,56.43999862670898,7164.0
35.880001068115234,86.80000305175781,7165.0
98.31999969482422,239.9600067138672,7166.0
111.44000244140624,121.04000091552734,7167.0
121.72000122070312,52.040000915527344,7168.0
120.83999633789062,136.0399932861328,7169.0
108.04000091552734,127.0,7170.0
210.3999938964844,85.04000091552734,7171.0
37.15999984741211,55.27999877929688,7172.0
120.72000122070312,136.8800048828125,7173.0
199.8800048828125,103.55999755859376,7174.0
108.1999969482422,107.95999908447266,7175.0
99.27999877929688,52.27999877929688,7176.0
107.55999755859376,139.72000122070312,7177.0
98.27999877929688,98.76000213623048,7178.0
126.76000213623048,126.36000061035156,7179.0
86.0,176.60000610351562,7180.0
82.31999969482422,236.27999877929688,7181.0
104.36000061035156,134.1199951171875,7182.0
100.83999633789062,225.63999938964844,7183.0
104.1999969482422,56.63999938964844,7184.0
54.47999954223633,54.79999923706055,7185.0
112.5999984741211,55.560001373291016,7186.0
54.7599983215332,54.7599983215332,7187.0
87.08000183105469,53.63999938964844,7188.0
236.44000244140625,236.67999267578125,7189.0
52.36000061035156,53.20000076293945,7190.0
35.880001068115234,122.36000061035156,7191.0
237.72000122070312,102.83999633789062,7192.0
237.67999267578125,238.0,7193.0
8.199999809265137,8.279999732971191,7194.0
0.0,27.0,7195.0
108.8000030517578,116.1999969482422,7196.0
27.76000022888184,53.560001373291016,7197.0
92.87999725341795,57.47999954223633,7198.0
24.84000015258789,114.68000030517578,7199.0
146.16000366210938,129.0399932861328,7200.0
57.08000183105469,56.68000030517578,7201.0
169.55999755859375,191.2400054931641,7202.0
79.12000274658203,78.80000305175781,7203.0
23.280000686645508,0.0,7204.0
83.87999725341797,54.2400016784668,7205.0
122.5999984741211,146.67999267578125,7206.0
105.4000015258789,222.1999969482422,7207.0
180.0800018310547,180.75999450683597,7208.0
128.1199951171875,239.9600067138672,7209.0
215.1999969482422,236.1999969482422,7210.0
26.799999237060547,48.91999816894531,7211.0
209.8000030517578,210.27999877929688,7212.0
94.12000274658205,43.7599983215332,7213.0
54.52000045776367,54.27999877929688,7214.0
120.68000030517578,53.20000076293945,7215.0
50.91999816894531,149.9600067138672,7216.0
33.959999084472656,52.91999816894531,7217.0
119.0,53.68000030517578,7218.0
101.8000030517578,53.880001068115234,7219.0
40.040000915527344,56.84000015258789,7220.0
206.47999572753903,55.560001373291016,7221.0
42.79999923706055,53.59999847412109,7222.0
145.0800018310547,159.83999633789062,7223.0
215.44000244140625,0.0,7224.0
115.72000122070312,115.87999725341795,7225.0
214.67999267578125,55.79999923706055,7226.0
119.72000122070312,148.9199981689453,7227.0
81.31999969482422,146.63999938964844,7228.0
8.399999618530273,119.4000015258789,7229.0
30.600000381469727,53.959999084472656,7230.0
209.6000061035156,236.75999450683597,7231.0
55.720001220703125,55.400001525878906,7232.0
79.72000122070312,106.8000030517578,7233.0
239.0,54.27999877929688,7234.0
107.87999725341795,107.91999816894533,7235.0
106.87999725341795,107.31999969482422,7236.0
46.43999862670898,52.959999084472656,7237.0
41.31999969482422,69.63999938964844,7238.0
88.08000183105469,123.5999984741211,7239.0
49.15999984741211,56.040000915527344,7240.0
115.87999725341795,143.55999755859375,7241.0
53.84000015258789,125.5199966430664,7242.0
4.199999809265137,4.679999828338623,7243.0
137.55999755859375,53.400001525878906,7244.0
41.0,144.36000061035156,7245.0
0.0,20.479999542236328,7246.0
0.0,0.0,7247.0
0.0,55.7599983215332,7248.0
101.16000366210938,225.32000732421875,7249.0
139.24000549316406,159.72000122070312,7250.0
138.44000244140625,139.27999877929688,7251.0
225.3600006103516,226.47999572753903,7252.0
236.2400054931641,236.2400054931641,7253.0
28.559999465942383,104.4000015258789,7254.0
103.8000030517578,123.55999755859376,7255.0
107.4800033569336,53.79999923706055,7256.0
32.439998626708984,57.15999984741211,7257.0
4.480000019073486,56.040000915527344,7258.0
31.399999618530277,144.83999633789062,7259.0
180.72000122070312,181.0800018310547,7260.0
239.16000366210935,106.91999816894533,7261.0
0.0,0.0,7262.0
238.6000061035156,151.39999389648438,7263.0
46.47999954223633,118.4800033569336,7264.0
0.0,52.68000030517578,7265.0
83.4000015258789,83.5999984741211,7266.0
88.36000061035156,211.0,7267.0
239.0,53.880001068115234,7268.0
41.52000045776367,54.119998931884766,7269.0
222.0399932861328,236.0800018310547,7270.0
118.44000244140624,119.12000274658205,7271.0
35.560001373291016,185.0399932861328,7272.0
34.279998779296875,78.12000274658203,7273.0
110.44000244140624,110.1999969482422,7274.0
107.72000122070312,126.16000366210938,7275.0
28.15999984741211,110.8000030517578,7276.0
182.47999572753903,182.6000061035156,7277.0
107.23999786376952,128.83999633789062,7278.0
38.43999862670898,51.959999084472656,7279.0
30.63999938964844,30.68000030517578,7280.0
105.0,138.9199981689453,7281.0
84.23999786376953,92.55999755859376,7282.0
29.8799991607666,50.43999862670898,7283.0
0.0,73.31999969482422,7284.0
201.16000366210935,142.83999633789062,7285.0
37.91999816894531,99.4000015258789,7286.0
10.4399995803833,184.72000122070312,7287.0
130.8000030517578,200.16000366210935,7288.0
37.400001525878906,55.79999923706055,7289.0
207.27999877929688,90.5999984741211,7290.0
113.95999908447266,113.63999938964844,7291.0
0.0,11.31999969482422,7292.0
114.63999938964844,217.3999938964844,7293.0
14.760000228881836,113.8000030517578,7294.0
12.800000190734863,55.720001220703125,7295.0
94.76000213623048,100.27999877929688,7296.0
26.399999618530277,57.47999954223633,7297.0
165.47999572753906,94.8000030517578,7298.0
0.0,0.0,7299.0
0.0,104.08000183105467,7300.0
104.5199966430664,118.12000274658205,7301.0
141.9600067138672,142.60000610351562,7302.0
3.4800000190734863,188.5200042724609,7303.0
213.3999938964844,134.75999450683594,7304.0
123.55999755859376,58.36000061035156,7305.0
38.7599983215332,57.560001373291016,7306.0
109.95999908447266,118.04000091552734,7307.0
200.8800048828125,202.16000366210935,7308.0
85.83999633789062,57.959999084472656,7309.0
54.43999862670898,54.68000030517578,7310.0
200.2400054931641,200.8000030517578,7311.0
52.20000076293945,52.560001373291016,7312.0
23.399999618530277,0.0,7313.0
37.36000061035156,124.55999755859376,7314.0
83.87999725341797,136.55999755859375,7315.0
204.3999938964844,204.1999969482422,7316.0
83.23999786376953,83.27999877929688,7317.0
124.4800033569336,164.39999389648438,7318.0
156.0399932861328,161.1199951171875,7319.0
110.76000213623048,0.0,7320.0
50.959999084472656,35.599998474121094,7321.0
67.44000244140625,68.36000061035156,7322.0
31.15999984741211,0.0,7323.0
122.95999908447266,122.63999938964844,7324.0
80.83999633789062,80.4800033569336,7325.0
218.0,0.0,7326.0
46.880001068115234,51.59999847412109,7327.0
99.08000183105467,162.9600067138672,7328.0
36.20000076293945,228.83999633789065,7329.0
47.59999847412109,215.0,7330.0
45.68000030517578,227.9600067138672,7331.0
0.0,55.040000915527344,7332.0
52.84000015258789,52.84000015258789,7333.0
228.72000122070312,239.9600067138672,7334.0
238.9600067138672,124.91999816894533,7335.0
35.880001068115234,53.31999969482422,7336.0
115.23999786376952,114.27999877929688,7337.0
35.880001068115234,113.4800033569336,7338.0
106.23999786376952,120.08000183105467,7339.0
99.91999816894533,105.31999969482422,7340.0
0.0,0.0,7341.0
48.040000915527344,62.68000030517578,7342.0
50.959999084472656,60.43999862670898,7343.0
112.23999786376952,124.5199966430664,7344.0
62.119998931884766,62.36000061035156,7345.0
174.67999267578125,174.47999572753906,7346.0
89.83999633789062,202.27999877929688,7347.0
238.63999938964844,83.5999984741211,7348.0
38.52000045776367,52.400001525878906,7349.0
0.0,178.67999267578125,7350.0
43.880001068115234,54.43999862670898,7351.0
40.52000045776367,56.27999877929688,7352.0
236.72000122070312,114.27999877929688,7353.0
56.08000183105469,0.0,7354.0
56.36000061035156,237.9600067138672,7355.0
113.63999938964844,113.63999938964844,7356.0
224.67999267578125,0.0,7357.0
36.36000061035156,35.91999816894531,7358.0
33.63999938964844,54.68000030517578,7359.0
224.44000244140625,136.44000244140625,7360.0
159.83999633789062,53.47999954223633,7361.0
49.0,56.040000915527344,7362.0
125.36000061035156,125.91999816894533,7363.0
200.32000732421875,121.68000030517578,7364.0
37.63999938964844,55.59999847412109,7365.0
198.16000366210935,55.68000030517578,7366.0
33.0,60.15999984741211,7367.0
120.4000015258789,200.44000244140625,7368.0
128.44000244140625,128.39999389648438,7369.0
40.27999877929688,67.44000244140625,7370.0
233.55999755859372,237.1199951171875,7371.0
128.9600067138672,145.63999938964844,7372.0
83.23999786376953,83.31999969482422,7373.0
121.68000030517578,150.8000030517578,7374.0
95.5999984741211,144.0800018310547,7375.0
93.16000366210938,102.27999877929688,7376.0
56.36000061035156,57.959999084472656,7377.0
55.560001373291016,68.63999938964844,7378.0
215.63999938964844,80.4800033569336,7379.0
139.39999389648438,149.24000549316406,7380.0
124.5199966430664,149.63999938964844,7381.0
236.3999938964844,237.32000732421875,7382.0
223.0,229.9600067138672,7383.0
27.399999618530277,67.04000091552734,7384.0
97.0,0.0,7385.0
30.440000534057617,172.0399932861328,7386.0
45.36000061035156,45.15999984741211,7387.0
239.0399932861328,239.9600067138672,7388.0
238.55999755859372,239.9600067138672,7389.0
215.3999938964844,215.75999450683597,7390.0
0.0,21.479999542236328,7391.0
179.8000030517578,228.63999938964844,7392.0
120.72000122070312,154.0399932861328,7393.0
91.5199966430664,119.55999755859376,7394.0
164.9199981689453,57.959999084472656,7395.0
28.63999938964844,115.5999984741211,7396.0
28.0,166.55999755859375,7397.0
87.55999755859375,116.5199966430664,7398.0
41.63999938964844,57.68000030517578,7399.0
40.36000061035156,55.7599983215332,7400.0
111.4000015258789,239.9600067138672,7401.0
105.83999633789062,128.39999389648438,7402.0
108.5199966430664,58.040000915527344,7403.0
176.39999389648438,0.0,7404.0
182.1999969482422,182.5200042724609,7405.0
176.8000030517578,182.1199951171875,7406.0
52.20000076293945,206.9199981689453,7407.0
0.0,54.15999984741211,7408.0
108.87999725341795,53.36000061035156,7409.0
0.0,188.75999450683597,7410.0
149.32000732421875,57.52000045776367,7411.0
165.0,174.9199981689453,7412.0
82.80000305175781,118.12000274658205,7413.0
41.0,92.55999755859376,7414.0
81.19999694824219,235.47999572753903,7415.0
40.119998931884766,53.400001525878906,7416.0
0.0,0.0,7417.0
8.680000305175781,160.0399932861328,7418.0
138.9199981689453,138.60000610351562,7419.0
99.87999725341795,0.0,7420.0
7.639999866485596,7.800000190734863,7421.0
231.0800018310547,0.7200000286102295,7422.0
34.15999984741211,230.1199951171875,7423.0
239.0800018310547,75.23999786376953,7424.0
43.2400016784668,42.63999938964844,7425.0
126.16000366210938,239.9600067138672,7426.0
238.67999267578125,239.9600067138672,7427.0
238.72000122070312,54.119998931884766,7428.0
239.0800018310547,134.1199951171875,7429.0
53.52000045776367,102.8000030517578,7430.0
238.5200042724609,124.55999755859376,7431.0
125.0,0.0,7432.0
165.67999267578125,136.8000030517578,7433.0
239.0800018310547,212.0399932861328,7434.0
238.44000244140625,47.720001220703125,7435.0
124.72000122070312,149.9600067138672,7436.0
119.72000122070312,139.16000366210938,7437.0
43.040000915527344,93.8000030517578,7438.0
42.0,221.55999755859372,7439.0
215.44000244140625,59.08000183105469,7440.0
41.63999938964844,52.880001068115234,7441.0
42.27999877929688,172.60000610351562,7442.0
113.95999908447266,61.84000015258789,7443.0
107.76000213623048,0.0,7444.0
38.119998931884766,0.0,7445.0
194.72000122070312,0.0,7446.0
102.76000213623048,149.47999572753906,7447.0
107.55999755859376,107.87999725341795,7448.0
37.560001373291016,67.5999984741211,7449.0
0.0,0.0,7450.0
205.16000366210935,146.83999633789062,7451.0
38.7599983215332,191.8000030517578,7452.0
130.27999877929688,50.400001525878906,7453.0
121.0,157.8000030517578,7454.0
237.8000030517578,237.83999633789065,7455.0
93.95999908447266,103.44000244140624,7456.0
44.59999847412109,72.68000030517578,7457.0
99.5999984741211,144.27999877929688,7458.0
102.4800033569336,124.91999816894533,7459.0
119.72000122070312,135.32000732421875,7460.0
99.08000183105467,99.87999725341795,7461.0
100.5199966430664,50.27999877929688,7462.0
140.24000549316406,139.8800048828125,7463.0
29.520000457763672,61.08000183105469,7464.0
41.47999954223633,62.47999954223633,7465.0
113.95999908447266,140.16000366210938,7466.0
177.83999633789062,83.0,7467.0
105.31999969482422,0.0,7468.0
30.440000534057617,42.959999084472656,7469.0
0.0,82.91999816894531,7470.0
108.1999969482422,107.91999816894533,7471.0
33.63999938964844,0.0,7472.0
124.87999725341795,124.8000030517578,7473.0
121.63999938964844,121.68000030517578,7474.0
125.95999908447266,126.1999969482422,7475.0
49.2400016784668,67.91999816894531,7476.0
47.08000183105469,67.55999755859375,7477.0
106.0,228.6000061035156,7478.0
0.0,67.87999725341797,7479.0
238.16000366210935,158.55999755859375,7480.0
0.0,15.520000457763672,7481.0
146.0399932861328,160.16000366210938,7482.0
0.0,0.0,7483.0
35.880001068115234,56.720001220703125,7484.0
0.0,68.91999816894531,7485.0
85.16000366210938,215.47999572753903,7486.0
82.27999877929688,114.83999633789062,7487.0
57.63999938964844,58.31999969482422,7488.0
97.68000030517578,97.36000061035156,7489.0
55.20000076293945,54.880001068115234,7490.0
117.5199966430664,216.3600006103516,7491.0
43.91999816894531,55.91999816894531,7492.0
117.83999633789062,155.8000030517578,7493.0
27.399999618530277,217.0800018310547,7494.0
0.0,0.0,7495.0
45.59999847412109,96.76000213623048,7496.0
4.480000019073486,34.439998626708984,7497.0
38.63999938964844,135.1999969482422,7498.0
75.44000244140625,94.27999877929688,7499.0
38.27999877929688,38.15999984741211,7500.0
39.560001373291016,0.0,7501.0
37.08000183105469,211.32000732421875,7502.0
39.720001220703125,2.2799999713897705,7503.0
238.1999969482422,0.0,7504.0
41.040000915527344,57.119998931884766,7505.0
40.880001068115234,0.0,7506.0
98.0,1.7999999523162842,7507.0
121.31999969482422,217.2400054931641,7508.0
64.72000122070312,218.1999969482422,7509.0
55.720001220703125,218.6000061035156,7510.0
213.0399932861328,231.16000366210935,7511.0
79.72000122070312,54.27999877929688,7512.0
55.2400016784668,111.12000274658205,7513.0
90.1999969482422,110.4000015258789,7514.0
111.27999877929688,113.68000030517578,7515.0
103.76000213623048,118.27999877929688,7516.0
225.5200042724609,226.1999969482422,7517.0
0.1199999973177909,55.52000045776367,7518.0
55.720001220703125,78.76000213623047,7519.0
133.72000122070312,133.32000732421875,7520.0
42.27999877929688,54.119998931884766,7521.0
237.3600006103516,98.95999908447266,7522.0
95.4000015258789,178.0399932861328,7523.0
43.2400016784668,43.880001068115234,7524.0
128.9199981689453,129.44000244140625,7525.0
108.5199966430664,129.36000061035156,7526.0
50.27999877929688,53.08000183105469,7527.0
22.1200008392334,117.83999633789062,7528.0
52.2400016784668,118.95999908447266,7529.0
98.1999969482422,105.95999908447266,7530.0
118.83999633789062,119.1999969482422,7531.0
236.44000244140625,141.83999633789062,7532.0
36.47999954223633,58.27999877929688,7533.0
211.75999450683597,235.3600006103516,7534.0
205.72000122070312,55.720001220703125,7535.0
83.87999725341797,47.20000076293945,7536.0
117.27999877929688,237.9600067138672,7537.0
179.9199981689453,135.52000427246094,7538.0
134.32000732421875,134.16000366210938,7539.0
117.8000030517578,134.44000244140625,7540.0
183.72000122070312,201.8800048828125,7541.0
102.4800033569336,136.0399932861328,7542.0
112.83999633789062,113.04000091552734,7543.0
113.68000030517578,130.0399932861328,7544.0
30.76000022888184,54.27999877929688,7545.0
108.04000091552734,54.880001068115234,7546.0
172.24000549316406,128.16000366210938,7547.0
38.15999984741211,54.52000045776367,7548.0
24.71999931335449,54.27999877929688,7549.0
111.36000061035156,139.27999877929688,7550.0
201.0399932861328,224.9199981689453,7551.0
121.04000091552734,146.16000366210938,7552.0
29.600000381469727,122.72000122070312,7553.0
31.1200008392334,113.68000030517578,7554.0
101.12000274658205,41.0,7555.0
127.76000213623048,155.24000549316406,7556.0
139.55999755859375,228.3600006103516,7557.0
34.279998779296875,116.87999725341795,7558.0
235.83999633789065,235.8800048828125,7559.0
239.16000366210935,138.0800018310547,7560.0
205.5200042724609,130.39999389648438,7561.0
109.8000030517578,122.76000213623048,7562.0
18.479999542236328,129.67999267578125,7563.0
31.799999237060547,153.32000732421875,7564.0
167.36000061035156,168.36000061035156,7565.0
26.63999938964844,53.08000183105469,7566.0
31.71999931335449,52.27999877929688,7567.0
37.15999984741211,53.720001220703125,7568.0
131.55999755859375,150.16000366210938,7569.0
51.59999847412109,95.72000122070312,7570.0
37.79999923706055,126.16000366210938,7571.0
52.08000183105469,228.75999450683597,7572.0
28.200000762939453,110.5199966430664,7573.0
0.0,110.44000244140624,7574.0
30.280000686645508,188.3600006103516,7575.0
55.68000030517578,140.0399932861328,7576.0
0.0,55.720001220703125,7577.0
37.47999954223633,53.720001220703125,7578.0
141.52000427246094,141.67999267578125,7579.0
38.43999862670898,0.0,7580.0
85.16000366210938,55.79999923706055,7581.0
137.83999633789062,137.32000732421875,7582.0
98.91999816894533,116.27999877929688,7583.0
0.0,0.0,7584.0
133.0,171.39999389648438,7585.0
33.0,150.24000549316406,7586.0
234.9199981689453,235.44000244140625,7587.0
108.5199966430664,0.0,7588.0
54.43999862670898,109.83999633789062,7589.0
94.4800033569336,110.23999786376952,7590.0
110.4800033569336,110.44000244140624,7591.0
92.83999633789062,92.87999725341795,7592.0
93.04000091552734,93.16000366210938,7593.0
222.1999969482422,54.79999923706055,7594.0
92.83999633789062,128.16000366210938,7595.0
92.44000244140624,103.87999725341795,7596.0
33.63999938964844,171.47999572753906,7597.0
82.5999984741211,149.16000366210938,7598.0
238.9600067138672,144.0800018310547,7599.0
194.67999267578125,207.47999572753903,7600.0
202.9600067138672,232.8000030517578,7601.0
26.959999084472656,26.920000076293945,7602.0
93.12000274658205,98.91999816894533,7603.0
38.84000015258789,169.32000732421875,7604.0
168.39999389648438,228.0399932861328,7605.0
112.36000061035156,239.9600067138672,7606.0
201.3999938964844,48.119998931884766,7607.0
78.44000244140625,53.84000015258789,7608.0
156.9199981689453,206.9199981689453,7609.0
80.23999786376953,103.12000274658205,7610.0
113.72000122070312,121.36000061035156,7611.0
78.80000305175781,78.36000061035156,7612.0
131.63999938964844,144.1199951171875,7613.0
118.27999877929688,216.8000030517578,7614.0
119.55999755859376,235.8000030517578,7615.0
100.55999755859376,100.1999969482422,7616.0
133.47999572753906,57.31999969482422,7617.0
4.360000133514404,3.0799999237060547,7618.0
0.0,0.0,7619.0
57.63999938964844,57.959999084472656,7620.0
0.0,1.7999999523162842,7621.0
95.08000183105467,169.39999389648438,7622.0
94.23999786376952,94.23999786376952,7623.0
38.7599983215332,222.9199981689453,7624.0
184.2400054931641,64.12000274658203,7625.0
86.80000305175781,93.27999877929688,7626.0
81.31999969482422,223.44000244140625,7627.0
141.67999267578125,172.9199981689453,7628.0
105.1999969482422,239.9600067138672,7629.0
15.720000267028809,160.52000427246094,7630.0
141.16000366210938,56.560001373291016,7631.0
204.9600067138672,233.5200042724609,7632.0
0.0,2.200000047683716,7633.0
0.0,0.0,7634.0
97.68000030517578,237.27999877929688,7635.0
237.0,236.16000366210935,7636.0
142.0,142.44000244140625,7637.0
233.75999450683597,57.959999084472656,7638.0
101.8000030517578,201.6000061035156,7639.0
199.9199981689453,200.47999572753903,7640.0
101.8000030517578,101.5199966430664,7641.0
37.52000045776367,133.83999633789062,7642.0
195.47999572753903,215.3999938964844,7643.0
170.1199951171875,204.55999755859372,7644.0
170.8000030517578,0.0,7645.0
118.63999938964844,118.55999755859376,7646.0
0.0,110.44000244140624,7647.0
92.83999633789062,104.36000061035156,7648.0
238.3600006103516,118.12000274658205,7649.0
20.36000061035156,36.560001373291016,7650.0
0.0,215.27999877929688,7651.0
68.87999725341797,69.55999755859375,7652.0
98.0,160.83999633789062,7653.0
73.36000061035156,73.0,7654.0
232.0800018310547,72.80000305175781,7655.0
25.200000762939453,72.4000015258789,7656.0
0.0,0.0,7657.0
197.8800048828125,150.9199981689453,7658.0
195.9199981689453,105.04000091552734,7659.0
110.76000213623048,94.08000183105467,7660.0
238.0399932861328,239.3600006103516,7661.0
231.75999450683597,0.0,7662.0
238.67999267578125,239.9600067138672,7663.0
0.0,0.0,7664.0
89.95999908447266,97.04000091552734,7665.0
238.32000732421875,239.9600067138672,7666.0
96.68000030517578,150.1199951171875,7667.0
105.16000366210938,141.16000366210938,7668.0
209.0800018310547,230.0399932861328,7669.0
14.960000038146973,208.0,7670.0
140.8800048828125,140.55999755859375,7671.0
137.44000244140625,87.87999725341797,7672.0
221.55999755859372,221.8800048828125,7673.0
38.400001525878906,146.63999938964844,7674.0
0.0,0.0,7675.0
123.55999755859376,170.0,7676.0
168.1199951171875,189.1999969482422,7677.0
114.36000061035156,239.9600067138672,7678.0
206.0,114.31999969482422,7679.0
52.560001373291016,100.0,7680.0
238.16000366210935,0.0,7681.0
45.040000915527344,87.87999725341797,7682.0
99.23999786376952,207.16000366210935,7683.0
52.84000015258789,120.08000183105467,7684.0
47.27999877929688,47.720001220703125,7685.0
114.5999984741211,115.72000122070312,7686.0
96.87999725341795,139.8800048828125,7687.0
97.23999786376952,97.83999633789062,7688.0
51.2400016784668,51.880001068115234,7689.0
124.1999969482422,145.16000366210938,7690.0
28.399999618530277,28.76000022888184,7691.0
0.0,1.0800000429153442,7692.0
91.31999969482422,198.5200042724609,7693.0
43.720001220703125,82.36000061035156,7694.0
45.52000045776367,141.9199981689453,7695.0
36.36000061035156,49.47999954223633,7696.0
202.63999938964844,235.0800018310547,7697.0
234.75999450683597,139.24000549316406,7698.0
0.0,150.1199951171875,7699.0
208.55999755859372,105.8000030517578,7700.0
231.3999938964844,0.0,7701.0
0.0,0.0,7702.0
106.5199966430664,107.4800033569336,7703.0
29.479999542236328,56.720001220703125,7704.0
95.23999786376952,200.44000244140625,7705.0
134.0800018310547,145.1999969482422,7706.0
189.16000366210935,0.6399999856948853,7707.0
0.0,108.36000061035156,7708.0
37.47999954223633,69.16000366210938,7709.0
78.76000213623047,149.16000366210938,7710.0
0.0,30.280000686645508,7711.0
231.27999877929688,233.2400054931641,7712.0
87.72000122070312,88.08000183105469,7713.0
143.72000122070312,144.1199951171875,7714.0
112.87999725341795,143.72000122070312,7715.0
2.9200000762939453,2.2799999713897705,7716.0
238.16000366210935,237.63999938964844,7717.0
29.520000457763672,119.55999755859376,7718.0
0.0,0.0,7719.0
236.3999938964844,237.16000366210935,7720.0
92.63999938964844,92.68000030517578,7721.0
36.52000045776367,36.68000030517578,7722.0
38.15999984741211,50.400001525878906,7723.0
20.239999771118164,138.75999450683594,7724.0
238.8000030517578,89.95999908447266,7725.0
96.68000030517578,96.76000213623048,7726.0
179.24000549316406,189.3999938964844,7727.0
237.5200042724609,239.9600067138672,7728.0
238.67999267578125,162.63999938964844,7729.0
179.55999755859375,181.0,7730.0
220.8800048828125,175.0800018310547,7731.0
94.44000244140624,102.8000030517578,7732.0
47.119998931884766,47.08000183105469,7733.0
238.67999267578125,55.7599983215332,7734.0
48.880001068115234,149.36000061035156,7735.0
35.599998474121094,138.16000366210938,7736.0
49.36000061035156,67.27999877929688,7737.0
62.119998931884766,217.9199981689453,7738.0
96.68000030517578,66.91999816894531,7739.0
141.16000366210938,63.47999954223633,7740.0
217.3600006103516,239.3600006103516,7741.0
161.9199981689453,0.0,7742.0
56.36000061035156,68.08000183105469,7743.0
87.63999938964844,100.1999969482422,7744.0
105.68000030517578,0.0,7745.0
116.1999969482422,136.67999267578125,7746.0
223.32000732421875,136.83999633789062,7747.0
136.67999267578125,136.52000427246094,7748.0
233.1999969482422,191.1199951171875,7749.0
85.16000366210938,91.04000091552734,7750.0
238.9199981689453,50.20000076293945,7751.0
238.47999572753903,90.72000122070312,7752.0
239.9600067138672,239.9600067138672,7753.0
127.16000366210938,143.0,7754.0
238.0,92.55999755859376,7755.0
144.36000061035156,144.67999267578125,7756.0
94.1999969482422,93.8000030517578,7757.0
93.16000366210938,93.36000061035156,7758.0
42.31999969482422,144.8000030517578,7759.0
94.44000244140624,238.0,7760.0
136.67999267578125,136.0399932861328,7761.0
104.31999969482422,125.91999816894533,7762.0
136.67999267578125,0.0,7763.0
128.55999755859375,128.0800018310547,7764.0
185.83999633789065,47.720001220703125,7765.0
237.3600006103516,236.83999633789065,7766.0
102.8000030517578,210.1199951171875,7767.0
103.5999984741211,116.1999969482422,7768.0
103.72000122070312,103.44000244140624,7769.0
30.8799991607666,59.2400016784668,7770.0
142.8800048828125,143.39999389648438,7771.0
104.36000061035156,104.04000091552734,7772.0
180.63999938964844,204.83999633789065,7773.0
105.63999938964844,40.20000076293945,7774.0
105.4000015258789,124.31999969482422,7775.0
105.87999725341795,213.0399932861328,7776.0
104.87999725341795,125.8000030517578,7777.0
25.600000381469727,50.43999862670898,7778.0
225.67999267578125,226.5200042724609,7779.0
118.1999969482422,142.1999969482422,7780.0
4.559999942779541,211.47999572753903,7781.0
153.60000610351562,170.47999572753906,7782.0
210.63999938964844,44.59999847412109,7783.0
175.75999450683594,139.8800048828125,7784.0
48.68000030517578,131.27999877929688,7785.0
134.27999877929688,216.9199981689453,7786.0
118.4800033569336,52.20000076293945,7787.0
235.9199981689453,235.72000122070312,7788.0
131.39999389648438,130.9600067138672,7789.0
235.8000030517578,235.63999938964844,7790.0
237.8800048828125,239.9600067138672,7791.0
36.91999816894531,0.0,7792.0
97.16000366210938,53.720001220703125,7793.0
2.0799999237060547,52.68000030517578,7794.0
0.0,52.79999923706055,7795.0
87.55999755859375,115.55999755859376,7796.0
86.44000244140625,122.63999938964844,7797.0
123.27999877929688,122.95999908447266,7798.0
115.23999786376952,4.199999809265137,7799.0
228.0800018310547,230.3600006103516,7800.0
97.63999938964844,1.7200000286102295,7801.0
86.87999725341797,0.0,7802.0
237.72000122070312,100.36000061035156,7803.0
126.04000091552734,0.0,7804.0
237.9600067138672,68.87999725341797,7805.0
113.36000061035156,59.27999877929688,7806.0
90.0,103.12000274658205,7807.0
78.04000091552734,235.63999938964844,7808.0
58.91999816894531,228.47999572753903,7809.0
0.0,0.0,7810.0
0.0,0.0,7811.0
36.84000015258789,37.2400016784668,7812.0
0.0,114.16000366210938,7813.0
97.23999786376952,121.04000091552734,7814.0
78.19999694824219,91.63999938964844,7815.0
0.0,17.239999771118164,7816.0
0.0,0.0,7817.0
78.55999755859375,232.67999267578125,7818.0
130.32000732421875,45.2400016784668,7819.0
29.479999542236328,130.32000732421875,7820.0
102.12000274658205,136.1999969482422,7821.0
90.63999938964844,194.83999633789065,7822.0
99.08000183105467,220.27999877929688,7823.0
165.83999633789062,184.55999755859372,7824.0
238.9600067138672,87.80000305175781,7825.0
28.239999771118164,145.39999389648438,7826.0
94.76000213623048,47.47999954223633,7827.0
238.9199981689453,87.83999633789062,7828.0
41.84000015258789,88.83999633789062,7829.0
237.5200042724609,239.9600067138672,7830.0
167.0,174.44000244140625,7831.0
117.31999969482422,126.91999816894533,7832.0
100.5199966430664,179.8000030517578,7833.0
97.04000091552734,116.55999755859376,7834.0
35.880001068115234,36.47999954223633,7835.0
131.72000122070312,131.55999755859375,7836.0
128.1999969482422,146.16000366210938,7837.0
111.87999725341795,180.83999633789065,7838.0
129.9600067138672,129.63999938964844,7839.0
238.1999969482422,125.5999984741211,7840.0
75.87999725341797,139.75999450683594,7841.0
103.1999969482422,111.72000122070312,7842.0
174.27999877929688,138.32000732421875,7843.0
105.31999969482422,174.1199951171875,7844.0
236.8800048828125,237.6000061035156,7845.0
186.0,186.44000244140625,7846.0
231.72000122070312,167.63999938964844,7847.0
150.0,149.52000427246094,7848.0
0.0,0.0,7849.0
121.83999633789062,121.95999908447266,7850.0
83.87999725341797,109.16000366210938,7851.0
84.83999633789062,84.68000030517578,7852.0
0.0,155.47999572753906,7853.0
119.08000183105467,133.8800048828125,7854.0
117.4800033569336,89.0,7855.0
105.31999969482422,235.0,7856.0
117.4800033569336,124.1999969482422,7857.0
87.36000061035156,0.0,7858.0
138.8000030517578,139.1199951171875,7859.0
95.4000015258789,56.52000045776367,7860.0
237.5200042724609,237.63999938964844,7861.0
237.8800048828125,239.9600067138672,7862.0
238.3600006103516,143.8800048828125,7863.0
238.0800018310547,238.27999877929688,7864.0
72.04000091552734,36.68000030517578,7865.0
213.75999450683597,235.55999755859372,7866.0
77.83999633789062,226.8000030517578,7867.0
145.32000732421875,196.1199951171875,7868.0
33.31999969482422,33.720001220703125,7869.0
127.23999786376952,197.5200042724609,7870.0
119.08000183105467,0.0,7871.0
85.4800033569336,0.0,7872.0
221.16000366210935,169.67999267578125,7873.0
86.44000244140625,111.1999969482422,7874.0
101.04000091552734,118.4800033569336,7875.0
117.16000366210938,170.67999267578125,7876.0
65.23999786376953,10.84000015258789,7877.0
59.27999877929688,59.15999984741211,7878.0
210.47999572753903,211.2400054931641,7879.0
65.63999938964844,141.1199951171875,7880.0
108.8000030517578,130.9199981689453,7881.0
96.44000244140624,109.55999755859376,7882.0
109.16000366210938,109.31999969482422,7883.0
153.52000427246094,58.43999862670898,7884.0
187.9600067138672,215.63999938964844,7885.0
39.08000183105469,72.72000122070312,7886.0
107.55999755859376,107.76000213623048,7887.0
237.2400054931641,237.3999938964844,7888.0
174.75999450683594,63.20000076293945,7889.0
47.43999862670898,202.0399932861328,7890.0
0.0,0.0,7891.0
32.36000061035156,196.27999877929688,7892.0
96.68000030517578,171.8800048828125,7893.0
0.0,54.52000045776367,7894.0
84.55999755859375,100.5199966430664,7895.0
226.32000732421875,164.52000427246094,7896.0
237.0399932861328,126.4800033569336,7897.0
238.16000366210935,239.9600067138672,7898.0
0.0,136.72000122070312,7899.0
235.2400054931641,235.8000030517578,7900.0
0.0,145.39999389648438,7901.0
31.399999618530277,139.8800048828125,7902.0
238.3600006103516,147.63999938964844,7903.0
31.959999084472656,229.83999633789065,7904.0
126.36000061035156,127.63999938964844,7905.0
205.6000061035156,219.75999450683597,7906.0
41.36000061035156,86.12000274658203,7907.0
89.36000061035156,235.44000244140625,7908.0
127.31999969482422,181.1199951171875,7909.0
84.80000305175781,65.19999694824219,7910.0
45.560001373291016,189.3600006103516,7911.0
0.0,3.0799999237060547,7912.0
102.44000244140624,0.0,7913.0
95.44000244140624,75.83999633789062,7914.0
95.44000244140624,128.9199981689453,7915.0
0.0,0.0,7916.0
37.79999923706055,163.32000732421875,7917.0
3.759999990463257,2.8399999141693115,7918.0
39.400001525878906,168.24000549316406,7919.0
14.600000381469728,56.15999984741211,7920.0
154.44000244140625,154.27999877929688,7921.0
86.12000274658203,224.3600006103516,7922.0
41.84000015258789,170.16000366210938,7923.0
0.0,120.68000030517578,7924.0
164.32000732421875,183.0800018310547,7925.0
164.60000610351562,165.0800018310547,7926.0
107.55999755859376,171.9600067138672,7927.0
42.68000030517578,59.15999984741211,7928.0
238.8800048828125,239.9600067138672,7929.0
88.72000122070312,67.5999984741211,7930.0
239.0399932861328,56.400001525878906,7931.0
238.8000030517578,239.1999969482422,7932.0
237.32000732421875,239.9600067138672,7933.0
81.68000030517578,235.47999572753903,7934.0
234.9199981689453,235.9199981689453,7935.0
43.560001373291016,42.959999084472656,7936.0
232.0399932861328,181.2400054931641,7937.0
212.55999755859372,231.9600067138672,7938.0
237.8800048828125,139.60000610351562,7939.0
97.8000030517578,180.1199951171875,7940.0
45.15999984741211,64.08000183105469,7941.0
0.0,99.23999786376952,7942.0
231.8800048828125,233.63999938964844,7943.0
231.2400054931641,186.0399932861328,7944.0
137.47999572753906,95.08000183105467,7945.0
94.44000244140624,94.16000366210938,7946.0
234.9600067138672,235.3600006103516,7947.0
235.75999450683597,141.47999572753906,7948.0
94.5999984741211,196.1999969482422,7949.0
235.75999450683597,239.9600067138672,7950.0
33.52000045776367,95.08000183105467,7951.0
238.72000122070312,99.27999877929688,7952.0
113.95999908447266,205.32000732421875,7953.0
195.72000122070312,208.1199951171875,7954.0
98.76000213623048,134.1999969482422,7955.0
98.0,190.0399932861328,7956.0
108.1999969482422,125.8000030517578,7957.0
99.08000183105467,125.04000091552734,7958.0
0.0,0.0,7959.0
91.16000366210938,0.0,7960.0
73.4800033569336,0.0,7961.0
118.91999816894533,143.47999572753906,7962.0
200.67999267578125,110.55999755859376,7963.0
89.04000091552734,235.0,7964.0
88.36000061035156,239.9600067138672,7965.0
215.9199981689453,9.399999618530272,7966.0
88.08000183105469,88.08000183105469,7967.0
120.83999633789062,138.60000610351562,7968.0
103.27999877929688,215.72000122070312,7969.0
137.55999755859375,137.47999572753906,7970.0
124.1999969482422,176.0399932861328,7971.0
117.04000091552734,0.0,7972.0
113.31999969482422,214.3600006103516,7973.0
237.8000030517578,85.16000366210938,7974.0
238.0399932861328,139.72000122070312,7975.0
129.32000732421875,139.75999450683594,7976.0
85.80000305175781,239.9600067138672,7977.0
123.55999755859376,139.8800048828125,7978.0
129.55999755859375,129.63999938964844,7979.0
108.55999755859376,0.0,7980.0
108.83999633789062,128.72000122070312,7981.0
107.23999786376952,140.83999633789062,7982.0
98.72000122070312,98.63999938964844,7983.0
42.31999969482422,0.0,7984.0
114.27999877929688,114.0,7985.0
98.76000213623048,196.5200042724609,7986.0
195.3600006103516,0.0,7987.0
34.599998474121094,0.0,7988.0
168.0800018310547,129.32000732421875,7989.0
100.36000061035156,139.8800048828125,7990.0
140.1999969482422,222.83999633789065,7991.0
106.95999908447266,113.04000091552734,7992.0
204.75999450683597,107.91999816894533,7993.0
95.72000122070312,221.72000122070312,7994.0
0.0,1.559999942779541,7995.0
122.91999816894533,133.24000549316406,7996.0
131.8800048828125,131.9600067138672,7997.0
83.55999755859375,237.0,7998.0
82.44000244140625,94.91999816894533,7999.0
107.4800033569336,222.5200042724609,8000.0
92.4000015258789,222.47999572753903,8001.0
238.9600067138672,117.95999908447266,8002.0
127.91999816894533,0.0,8003.0
101.8000030517578,1.2400000095367432,8004.0
108.83999633789062,109.23999786376952,8005.0
54.7599983215332,61.84000015258789,8006.0
51.720001220703125,119.87999725341795,8007.0
103.55999755859376,130.9199981689453,8008.0
237.0800018310547,128.72000122070312,8009.0
83.72000122070312,125.1999969482422,8010.0
126.12000274658205,126.55999755859376,8011.0
89.63999938964844,89.95999908447266,8012.0
88.72000122070312,95.12000274658205,8013.0
88.04000091552734,114.72000122070312,8014.0
44.20000076293945,190.83999633789065,8015.0
114.31999969482422,143.16000366210938,8016.0
88.36000061035156,88.04000091552734,8017.0
124.4000015258789,124.5199966430664,8018.0
92.68000030517578,0.0,8019.0
0.0,170.55999755859375,8020.0
36.52000045776367,138.67999267578125,8021.0
232.67999267578125,0.0,8022.0
119.55999755859376,234.0800018310547,8023.0
230.3999938964844,232.6000061035156,8024.0
180.44000244140625,0.0,8025.0
231.27999877929688,232.1199951171875,8026.0
41.63999938964844,233.44000244140625,8027.0
231.9600067138672,234.32000732421875,8028.0
39.560001373291016,134.16000366210938,8029.0
92.04000091552734,163.9199981689453,8030.0
93.8000030517578,93.8000030517578,8031.0
52.880001068115234,161.0,8032.0
222.0,231.8800048828125,8033.0
9.039999961853027,119.16000366210938,8034.0
102.27999877929688,102.8000030517578,8035.0
91.23999786376952,91.0,8036.0
232.0800018310547,232.8000030517578,8037.0
221.0800018310547,137.44000244140625,8038.0
124.87999725341795,64.55999755859375,8039.0
120.68000030517578,213.8800048828125,8040.0
58.59999847412109,68.95999908447266,8041.0
68.23999786376953,227.1199951171875,8042.0
0.0,0.0,8043.0
108.23999786376952,0.0,8044.0
114.95999908447266,183.67999267578125,8045.0
142.60000610351562,143.63999938964844,8046.0
0.0,0.0,8047.0
0.0,154.60000610351562,8048.0
123.4000015258789,0.0,8049.0
233.1999969482422,234.0,8050.0
210.63999938964844,210.9600067138672,8051.0
152.83999633789062,190.9199981689453,8052.0
82.16000366210938,180.75999450683597,8053.0
119.5999984741211,137.63999938964844,8054.0
85.0,236.47999572753903,8055.0
84.19999694824219,0.0,8056.0
31.440000534057617,235.72000122070312,8057.0
238.0,98.91999816894533,8058.0
29.15999984741211,211.83999633789065,8059.0
99.08000183105467,151.47999572753906,8060.0
94.83999633789062,94.4000015258789,8061.0
236.75999450683597,47.7599983215332,8062.0
93.4800033569336,93.1999969482422,8063.0
233.5200042724609,235.67999267578125,8064.0
105.0,135.44000244140625,8065.0
237.32000732421875,0.0,8066.0
2.039999961853028,36.7599983215332,8067.0
43.91999816894531,43.79999923706055,8068.0
154.24000549316406,154.24000549316406,8069.0
110.76000213623048,188.67999267578125,8070.0
0.0,0.0,8071.0
128.83999633789062,139.60000610351562,8072.0
25.15999984741211,61.79999923706055,8073.0
49.040000915527344,49.0,8074.0
44.040000915527344,72.4800033569336,8075.0
109.16000366210938,121.63999938964844,8076.0
119.72000122070312,144.39999389648438,8077.0
145.8000030517578,146.27999877929688,8078.0
38.7599983215332,0.0,8079.0
115.23999786376952,114.63999938964844,8080.0
41.119998931884766,56.84000015258789,8081.0
220.3999938964844,0.0,8082.0
235.9199981689453,72.55999755859375,8083.0
237.67999267578125,103.12000274658205,8084.0
21.84000015258789,67.27999877929688,8085.0
86.0,62.84000015258789,8086.0
140.55999755859375,223.0800018310547,8087.0
142.8000030517578,143.72000122070312,8088.0
129.83999633789062,147.8000030517578,8089.0
86.63999938964844,98.91999816894533,8090.0
51.2400016784668,58.959999084472656,8091.0
90.27999877929688,201.16000366210935,8092.0
238.67999267578125,103.55999755859376,8093.0
183.72000122070312,196.67999267578125,8094.0
54.63999938964844,77.08000183105469,8095.0
71.72000122070312,71.76000213623047,8096.0
83.23999786376953,103.76000213623048,8097.0
238.5200042724609,181.0,8098.0
119.08000183105467,0.0,8099.0
92.68000030517578,92.36000061035156,8100.0
96.04000091552734,202.5200042724609,8101.0
200.9199981689453,202.1999969482422,8102.0
202.9600067138672,219.3999938964844,8103.0
167.24000549316406,105.68000030517578,8104.0
96.16000366210938,104.08000183105467,8105.0
31.71999931335449,99.27999877929688,8106.0
99.91999816894533,46.63999938964844,8107.0
36.52000045776367,128.0800018310547,8108.0
38.27999877929688,128.60000610351562,8109.0
98.44000244140624,98.95999908447266,8110.0
41.36000061035156,131.0,8111.0
157.44000244140625,174.32000732421875,8112.0
100.1999969482422,197.8800048828125,8113.0
30.71999931335449,59.560001373291016,8114.0
112.83999633789062,130.9199981689453,8115.0
132.1199951171875,52.91999816894531,8116.0
51.0,58.91999816894531,8117.0
35.2400016784668,55.63999938964844,8118.0
49.84000015258789,58.27999877929688,8119.0
122.91999816894533,134.47999572753906,8120.0
31.239999771118164,58.040000915527344,8121.0
113.68000030517578,49.400001525878906,8122.0
120.68000030517578,120.4000015258789,8123.0
42.79999923706055,119.31999969482422,8124.0
96.68000030517578,115.04000091552734,8125.0
0.0,184.3600006103516,8126.0
0.0,0.0,8127.0
89.63999938964844,124.55999755859376,8128.0
88.72000122070312,139.27999877929688,8129.0
90.12000274658205,0.7599999904632568,8130.0
98.12000274658205,142.0,8131.0
88.83999633789062,141.8000030517578,8132.0
96.27999877929688,115.08000183105467,8133.0
45.20000076293945,113.36000061035156,8134.0
22.280000686645508,59.91999816894531,8135.0
80.68000030517578,161.0,8136.0
0.0,61.84000015258789,8137.0
41.36000061035156,154.63999938964844,8138.0
97.55999755859376,56.040000915527344,8139.0
0.0,98.27999877929688,8140.0
183.27999877929688,221.8000030517578,8141.0
97.31999969482422,0.0,8142.0
239.1199951171875,118.8000030517578,8143.0
0.0,4.679999828338623,8144.0
119.12000274658205,225.1199951171875,8145.0
33.0,228.5200042724609,8146.0
238.9600067138672,239.0800018310547,8147.0
41.68000030517578,147.8800048828125,8148.0
90.12000274658205,102.1999969482422,8149.0
231.6000061035156,117.0,8150.0
0.0,0.0,8151.0
85.4800033569336,159.24000549316406,8152.0
51.43999862670898,108.23999786376952,8153.0
97.31999969482422,97.04000091552734,8154.0
0.0,0.0,8155.0
114.1999969482422,114.12000274658205,8156.0
41.63999938964844,215.3999938964844,8157.0
113.5999984741211,113.55999755859376,8158.0
87.19999694824219,124.0,8159.0
52.20000076293945,53.52000045776367,8160.0
169.52000427246094,0.0,8161.0
106.31999969482422,106.04000091552734,8162.0
138.8800048828125,61.20000076293945,8163.0
220.55999755859372,239.9600067138672,8164.0
102.76000213623048,147.55999755859375,8165.0
220.1999969482422,236.67999267578125,8166.0
131.0800018310547,147.55999755859375,8167.0
110.31999969482422,130.83999633789062,8168.0
128.0399932861328,127.8000030517578,8169.0
94.76000213623048,53.31999969482422,8170.0
3.559999942779541,104.8000030517578,8171.0
238.6000061035156,66.95999908447266,8172.0
51.560001373291016,51.31999969482422,8173.0
109.83999633789062,123.23999786376952,8174.0
87.72000122070312,104.44000244140624,8175.0
130.16000366210938,130.27999877929688,8176.0
98.12000274658205,97.63999938964844,8177.0
236.67999267578125,236.83999633789065,8178.0
130.63999938964844,97.12000274658205,8179.0
107.5999984741211,174.9199981689453,8180.0
236.8800048828125,237.3999938964844,8181.0
96.72000122070312,107.95999908447266,8182.0
131.44000244140625,140.72000122070312,8183.0
91.63999938964844,0.0,8184.0
206.9600067138672,91.5999984741211,8185.0
38.119998931884766,91.27999877929688,8186.0
140.0399932861328,140.0,8187.0
42.27999877929688,210.3600006103516,8188.0
104.1999969482422,56.36000061035156,8189.0
235.8000030517578,239.9600067138672,8190.0
161.47999572753906,162.83999633789062,8191.0
163.83999633789062,186.0399932861328,8192.0
90.91999816894533,72.04000091552734,8193.0
34.959999084472656,124.5199966430664,8194.0
0.0,181.16000366210935,8195.0
33.959999084472656,122.27999877929688,8196.0
121.4000015258789,127.08000183105467,8197.0
117.8000030517578,98.0,8198.0
34.279998779296875,133.47999572753906,8199.0
36.84000015258789,215.16000366210935,8200.0
40.68000030517578,61.08000183105469,8201.0
40.880001068115234,85.95999908447266,8202.0
99.55999755859376,127.12000274658205,8203.0
41.31999969482422,77.80000305175781,8204.0
29.040000915527344,145.63999938964844,8205.0
61.400001525878906,61.84000015258789,8206.0
28.68000030517578,145.72000122070312,8207.0
124.04000091552734,150.60000610351562,8208.0
113.5199966430664,113.36000061035156,8209.0
108.23999786376952,0.0,8210.0
50.47999954223633,128.39999389648438,8211.0
42.27999877929688,42.52000045776367,8212.0
120.68000030517578,150.0399932861328,8213.0
58.59999847412109,58.36000061035156,8214.0
102.16000366210938,159.72000122070312,8215.0
0.0,2.359999895095825,8216.0
53.63999938964844,54.15999984741211,8217.0
26.63999938964844,221.67999267578125,8218.0
190.67999267578125,0.0,8219.0
28.399999618530277,0.0,8220.0
115.08000183105467,115.76000213623048,8221.0
118.27999877929688,118.16000366210938,8222.0
72.04000091552734,78.44000244140625,8223.0
30.76000022888184,227.27999877929688,8224.0
38.91999816894531,87.4000015258789,8225.0
118.44000244140624,196.0,8226.0
201.63999938964844,236.27999877929688,8227.0
36.560001373291016,0.0,8228.0
0.0,1.3200000524520874,8229.0
38.79999923706055,39.119998931884766,8230.0
44.59999847412109,0.0,8231.0
36.20000076293945,186.3999938964844,8232.0
34.599998474121094,57.959999084472656,8233.0
42.2400016784668,57.63999938964844,8234.0
34.599998474121094,55.400001525878906,8235.0
238.9600067138672,121.04000091552734,8236.0
177.9199981689453,57.0,8237.0
106.27999877929688,129.67999267578125,8238.0
41.31999969482422,72.08000183105469,8239.0
122.36000061035156,156.1999969482422,8240.0
109.31999969482422,217.75999450683597,8241.0
136.9600067138672,136.75999450683594,8242.0
30.959999084472656,157.32000732421875,8243.0
96.68000030517578,150.44000244140625,8244.0
69.16000366210938,105.23999786376952,8245.0
237.72000122070312,239.9600067138672,8246.0
39.720001220703125,239.9600067138672,8247.0
238.5200042724609,133.9600067138672,8248.0
238.44000244140625,131.0800018310547,8249.0
45.47999954223633,59.59999847412109,8250.0
43.2400016784668,136.32000732421875,8251.0
123.91999816894533,78.68000030517578,8252.0
37.63999938964844,236.3600006103516,8253.0
113.83999633789062,152.0,8254.0
225.72000122070312,235.55999755859372,8255.0
117.83999633789062,126.31999969482422,8256.0
45.31999969482422,77.19999694824219,8257.0
114.44000244140624,139.0,8258.0
196.3999938964844,58.959999084472656,8259.0
113.68000030517578,59.15999984741211,8260.0
0.0,185.55999755859372,8261.0
51.720001220703125,76.80000305175781,8262.0
211.6000061035156,221.0800018310547,8263.0
126.76000213623048,231.83999633789065,8264.0
115.4800033569336,53.27999877929688,8265.0
227.0800018310547,139.27999877929688,8266.0
95.5999984741211,138.1199951171875,8267.0
114.87999725341795,114.95999908447266,8268.0
113.5199966430664,204.6000061035156,8269.0
79.44000244140625,0.0,8270.0
41.36000061035156,65.0,8271.0
189.67999267578125,103.87999725341795,8272.0
93.8000030517578,93.4000015258789,8273.0
47.52000045776367,47.720001220703125,8274.0
60.560001373291016,73.63999938964844,8275.0
88.5199966430664,93.72000122070312,8276.0
131.27999877929688,138.0800018310547,8277.0
194.8000030517578,0.0,8278.0
0.0,200.3600006103516,8279.0
120.08000183105467,170.67999267578125,8280.0
66.83999633789062,70.95999908447266,8281.0
124.5199966430664,137.9600067138672,8282.0
113.1999969482422,124.5199966430664,8283.0
3.2799999713897705,3.880000114440918,8284.0
124.0,200.83999633789065,8285.0
0.0,75.87999725341797,8286.0
77.87999725341797,216.63999938964844,8287.0
113.95999908447266,195.16000366210935,8288.0
88.31999969482422,88.4000015258789,8289.0
199.9600067138672,226.83999633789065,8290.0
113.95999908447266,139.75999450683594,8291.0
89.0,89.31999969482422,8292.0
89.68000030517578,57.08000183105469,8293.0
112.04000091552734,187.72000122070312,8294.0
121.5999984741211,132.83999633789062,8295.0
192.6000061035156,201.3999938964844,8296.0
216.8800048828125,0.0,8297.0
95.76000213623048,95.44000244140624,8298.0
217.2400054931641,235.72000122070312,8299.0
84.23999786376953,234.55999755859372,8300.0
217.2400054931641,0.0,8301.0
153.55999755859375,234.72000122070312,8302.0
117.83999633789062,151.75999450683594,8303.0
239.0800018310547,239.9600067138672,8304.0
0.0,0.0,8305.0
136.0800018310547,135.75999450683594,8306.0
131.60000610351562,149.0,8307.0
0.0,58.27999877929688,8308.0
89.4800033569336,89.44000244140625,8309.0
225.47999572753903,226.16000366210935,8310.0
58.7599983215332,81.16000366210938,8311.0
0.0,51.63999938964844,8312.0
38.7599983215332,8.119999885559082,8313.0
89.95999908447266,214.32000732421875,8314.0
0.0,48.08000183105469,8315.0
92.5199966430664,92.36000061035156,8316.0
237.16000366210935,237.44000244140625,8317.0
104.1999969482422,239.9600067138672,8318.0
104.72000122070312,170.24000549316406,8319.0
166.16000366210938,166.24000549316406,8320.0
92.87999725341795,155.9199981689453,8321.0
209.67999267578125,224.5200042724609,8322.0
88.04000091552734,49.0,8323.0
22.440000534057617,68.19999694824219,8324.0
174.9199981689453,113.36000061035156,8325.0
102.12000274658205,237.3999938964844,8326.0
101.4800033569336,115.87999725341795,8327.0
115.55999755859376,123.27999877929688,8328.0
100.83999633789062,218.2400054931641,8329.0
233.67999267578125,148.60000610351562,8330.0
175.32000732421875,180.9199981689453,8331.0
234.83999633789065,235.63999938964844,8332.0
0.0,0.0,8333.0
233.9600067138672,239.9600067138672,8334.0
92.1999969482422,0.0,8335.0
92.68000030517578,155.72000122070312,8336.0
74.5199966430664,197.47999572753903,8337.0
147.75999450683594,225.67999267578125,8338.0
40.7599983215332,72.4000015258789,8339.0
24.76000022888184,25.200000762939453,8340.0
23.0,236.1999969482422,8341.0
115.87999725341795,236.1199951171875,8342.0
23.07999992370605,239.9600067138672,8343.0
73.04000091552734,41.36000061035156,8344.0
0.0,31.799999237060547,8345.0
74.27999877929688,48.36000061035156,8346.0
220.3600006103516,235.32000732421875,8347.0
193.72000122070312,218.44000244140625,8348.0
210.6000061035156,82.08000183105469,8349.0
181.6000061035156,201.32000732421875,8350.0
145.36000061035156,181.55999755859372,8351.0
180.8800048828125,184.83999633789065,8352.0
101.63999938964844,196.44000244140625,8353.0
188.32000732421875,188.55999755859372,8354.0
206.1199951171875,212.1999969482422,8355.0
140.24000549316406,139.8800048828125,8356.0
38.59999847412109,239.9600067138672,8357.0
74.31999969482422,145.75999450683594,8358.0
93.1999969482422,123.36000061035156,8359.0
87.4000015258789,133.83999633789062,8360.0
113.72000122070312,228.1199951171875,8361.0
197.5200042724609,222.3600006103516,8362.0
102.91999816894533,222.1199951171875,8363.0
113.16000366210938,148.55999755859375,8364.0
104.55999755859376,113.95999908447266,8365.0
83.12000274658203,100.83999633789062,8366.0
225.83999633789065,0.0,8367.0
31.84000015258789,144.67999267578125,8368.0
140.0,237.8800048828125,8369.0
0.0,0.0,8370.0
149.72000122070312,149.63999938964844,8371.0
122.95999908447266,237.16000366210935,8372.0
48.68000030517578,109.8000030517578,8373.0
148.36000061035156,154.67999267578125,8374.0
108.83999633789062,200.1199951171875,8375.0
69.4000015258789,161.36000061035156,8376.0
128.36000061035156,145.32000732421875,8377.0
96.68000030517578,0.0,8378.0
200.0800018310547,145.0,8379.0
90.76000213623048,104.12000274658205,8380.0
84.87999725341797,93.08000183105467,8381.0
212.67999267578125,0.0,8382.0
99.23999786376952,151.44000244140625,8383.0
67.23999786376953,0.0,8384.0
208.6000061035156,226.44000244140625,8385.0
96.68000030517578,222.5200042724609,8386.0
73.31999969482422,222.2400054931641,8387.0
95.4000015258789,0.0,8388.0
221.8800048828125,157.24000549316406,8389.0
0.0,0.0,8390.0
85.80000305175781,47.84000015258789,8391.0
218.9600067138672,94.44000244140624,8392.0
110.12000274658205,160.67999267578125,8393.0
87.4000015258789,0.0,8394.0
44.720001220703125,45.0,8395.0
0.0,106.76000213623048,8396.0
227.27999877929688,228.2400054931641,8397.0
167.75999450683594,0.8399999737739563,8398.0
123.55999755859376,209.63999938964844,8399.0
30.71999931335449,38.43999862670898,8400.0
59.2400016784668,59.27999877929688,8401.0
105.36000061035156,105.31999969482422,8402.0
113.31999969482422,223.0800018310547,8403.0
0.0,220.5200042724609,8404.0
115.23999786376952,114.76000213623048,8405.0
106.91999816894533,0.0,8406.0
110.76000213623048,137.9600067138672,8407.0
0.0,0.0,8408.0
89.95999908447266,104.04000091552734,8409.0
71.72000122070312,237.16000366210935,8410.0
66.5999984741211,67.68000030517578,8411.0
67.27999877929688,67.5999984741211,8412.0
235.1199951171875,136.52000427246094,8413.0
0.0,0.0,8414.0
118.95999908447266,135.16000366210938,8415.0
128.67999267578125,168.24000549316406,8416.0
195.8000030517578,161.67999267578125,8417.0
238.9600067138672,0.0,8418.0
179.16000366210938,141.9199981689453,8419.0
123.36000061035156,0.0,8420.0
100.08000183105467,133.83999633789062,8421.0
96.16000366210938,128.60000610351562,8422.0
238.16000366210935,81.0,8423.0
97.72000122070312,53.2400016784668,8424.0
128.44000244140625,139.44000244140625,8425.0
106.04000091552734,106.08000183105467,8426.0
40.040000915527344,54.20000076293945,8427.0
90.12000274658205,0.0,8428.0
123.23999786376952,123.76000213623048,8429.0
200.8800048828125,0.0,8430.0
106.44000244140624,106.16000366210938,8431.0
77.80000305175781,77.80000305175781,8432.0
111.87999725341795,206.6000061035156,8433.0
190.8000030517578,130.9600067138672,8434.0
189.8000030517578,188.8800048828125,8435.0
133.63999938964844,149.0,8436.0
202.8000030517578,203.8800048828125,8437.0
210.5200042724609,237.72000122070312,8438.0
110.76000213623048,129.63999938964844,8439.0
158.27999877929688,134.67999267578125,8440.0
168.83999633789062,52.63999938964844,8441.0
103.12000274658205,123.27999877929688,8442.0
214.8000030517578,52.720001220703125,8443.0
103.08000183105467,123.0,8444.0
124.1999969482422,239.9600067138672,8445.0
100.5199966430664,176.72000122070312,8446.0
167.16000366210938,229.5200042724609,8447.0
220.47999572753903,71.44000244140625,8448.0
167.39999389648438,185.3999938964844,8449.0
217.67999267578125,236.0399932861328,8450.0
76.72000122070312,124.5199966430664,8451.0
88.83999633789062,239.9600067138672,8452.0
34.279998779296875,0.0,8453.0
126.0,140.9199981689453,8454.0
102.91999816894533,112.83999633789062,8455.0
124.83999633789062,141.0399932861328,8456.0
168.83999633789062,170.16000366210938,8457.0
90.83999633789062,0.0,8458.0
91.55999755859376,125.5199966430664,8459.0
106.63999938964844,115.83999633789062,8460.0
2.039999961853028,0.0,8461.0
238.9600067138672,106.72000122070312,8462.0
208.55999755859372,211.8000030517578,8463.0
111.4800033569336,111.08000183105467,8464.0
138.9600067138672,138.9600067138672,8465.0
125.8000030517578,139.44000244140625,8466.0
0.0,177.1199951171875,8467.0
96.23999786376952,239.9600067138672,8468.0
124.08000183105467,0.0,8469.0
201.83999633789065,130.0,8470.0
94.5199966430664,119.16000366210938,8471.0
174.8800048828125,193.72000122070312,8472.0
195.72000122070312,120.83999633789062,8473.0
238.0399932861328,237.9600067138672,8474.0
113.0,113.08000183105467,8475.0
79.87999725341797,155.24000549316406,8476.0
79.31999969482422,112.27999877929688,8477.0
79.4000015258789,105.1999969482422,8478.0
111.55999755859376,155.47999572753906,8479.0
0.0,0.0,8480.0
100.5199966430664,209.9600067138672,8481.0
93.95999908447266,93.5199966430664,8482.0
133.63999938964844,133.8800048828125,8483.0
208.3999938964844,108.0,8484.0
92.5199966430664,120.1999969482422,8485.0
130.47999572753906,210.75999450683597,8486.0
25.0,148.39999389648438,8487.0
117.5199966430664,50.959999084472656,8488.0
30.520000457763672,43.0,8489.0
148.83999633789062,186.1199951171875,8490.0
185.8000030517578,187.0,8491.0
208.72000122070312,137.0,8492.0
116.55999755859376,116.1999969482422,8493.0
73.5199966430664,73.08000183105469,8494.0
145.8800048828125,145.72000122070312,8495.0
104.68000030517578,123.36000061035156,8496.0
104.1999969482422,115.31999969482422,8497.0
114.44000244140624,0.0,8498.0
89.55999755859375,104.63999938964844,8499.0
91.44000244140624,136.39999389648438,8500.0
118.8000030517578,65.0,8501.0
95.4000015258789,100.55999755859376,8502.0
99.91999816894533,117.83999633789062,8503.0
238.8800048828125,239.9600067138672,8504.0
159.44000244140625,160.44000244140625,8505.0
86.16000366210938,86.80000305175781,8506.0
205.67999267578125,217.0800018310547,8507.0
78.91999816894531,90.63999938964844,8508.0
100.68000030517578,162.75999450683594,8509.0
98.5999984741211,216.83999633789065,8510.0
96.04000091552734,56.720001220703125,8511.0
216.3999938964844,25.479999542236328,8512.0
224.72000122070312,225.3999938964844,8513.0
214.16000366210935,214.27999877929688,8514.0
219.1199951171875,228.5200042724609,8515.0
185.16000366210935,185.8000030517578,8516.0
223.3999938964844,224.47999572753903,8517.0
36.84000015258789,224.32000732421875,8518.0
67.55999755859375,67.91999816894531,8519.0
118.76000213623048,126.44000244140624,8520.0
67.72000122070312,67.95999908447266,8521.0
85.5199966430664,68.19999694824219,8522.0
137.32000732421875,137.1199951171875,8523.0
103.08000183105467,159.0800018310547,8524.0
0.0,0.0,8525.0
238.83999633789065,67.5999984741211,8526.0
129.1999969482422,222.8800048828125,8527.0
88.5999984741211,88.23999786376953,8528.0
98.27999877929688,239.9600067138672,8529.0
