cable,channel_index,t_p,t_s
KKFLS,0,7.626,13.292
KKFLS,1,7.625,13.291
KKFLS,2,7.625,13.290
KKFLS,3,7.624,13.289
KKFLS,4,7.624,13.289
KKFLS,5,7.623,13.288
KKFLS,6,7.623,13.287
KKFLS,7,7.622,13.286
KKFLS,8,7.622,13.285
KKFLS,9,7.621,13.285
KKFLS,10,7.621,13.284
KKFLS,11,7.621,13.283
KKFLS,12,7.620,13.282
KKFLS,13,7.620,13.281
KKFLS,14,7.619,13.281
KKFLS,15,7.619,13.280
KKFLS,16,7.618,13.279
KKFLS,17,7.618,13.278
KKFLS,18,7.617,13.277
KKFLS,19,7.617,13.277
KKFLS,20,7.616,13.276
KKFLS,21,7.616,13.275
KKFLS,22,7.616,13.274
KKFLS,23,7.615,13.274
KKFLS,24,7.615,13.273
KKFLS,25,7.614,13.272
KKFLS,26,7.614,13.271
KKFLS,27,7.613,13.271
KKFLS,28,7.613,13.270
KKFLS,29,7.613,13.269
KKFLS,30,7.612,13.268
KKFLS,31,7.612,13.268
KKFLS,32,7.611,13.267
KKFLS,33,7.611,13.266
KKFLS,34,7.610,13.265
KKFLS,35,7.610,13.265
KKFLS,36,7.610,13.264
KKFLS,37,7.609,13.263
KKFLS,38,7.609,13.262
KKFLS,39,7.608,13.261
KKFLS,40,7.608,13.261
KKFLS,41,7.607,13.260
KKFLS,42,7.607,13.259
KKFLS,43,7.607,13.258
KKFLS,44,7.606,13.258
KKFLS,45,7.606,13.257
KKFLS,46,7.605,13.256
KKFLS,47,7.605,13.255
KKFLS,48,7.604,13.255
KKFLS,49,7.604,13.254
KKFLS,50,7.604,13.253
KKFLS,51,7.603,13.252
KKFLS,52,7.603,13.252
KKFLS,53,7.602,13.251
KKFLS,54,7.602,13.250
KKFLS,55,7.601,13.249
KKFLS,56,7.601,13.249
KKFLS,57,7.601,13.248
KKFLS,58,7.600,13.247
KKFLS,59,7.600,13.246
KKFLS,60,7.599,13.246
KKFLS,61,7.599,13.245
KKFLS,62,7.598,13.244
KKFLS,63,7.598,13.243
KKFLS,64,7.598,13.243
KKFLS,65,7.597,13.242
KKFLS,66,7.597,13.241
KKFLS,67,7.596,13.241
KKFLS,68,7.596,13.240
KKFLS,69,7.595,13.239
KKFLS,70,7.595,13.238
KKFLS,71,7.595,13.238
KKFLS,72,7.594,13.237
KKFLS,73,7.594,13.236
KKFLS,74,7.593,13.235
KKFLS,75,7.593,13.235
KKFLS,76,7.592,13.234
KKFLS,77,7.592,13.233
KKFLS,78,7.591,13.232
KKFLS,79,7.591,13.231
KKFLS,80,7.591,13.231
KKFLS,81,7.590,13.230
KKFLS,82,7.590,13.229
KKFLS,83,7.589,13.228
KKFLS,84,7.589,13.227
KKFLS,85,7.588,13.227
KKFLS,86,7.588,13.226
KKFLS,87,7.587,13.225
KKFLS,88,7.587,13.224
KKFLS,89,7.587,13.223
KKFLS,90,7.586,13.223
KKFLS,91,7.586,13.222
KKFLS,92,7.585,13.221
KKFLS,93,7.585,13.220
KKFLS,94,7.584,13.219
KKFLS,95,7.584,13.219
KKFLS,96,7.583,13.218
KKFLS,97,7.583,13.217
KKFLS,98,7.582,13.216
KKFLS,99,7.582,13.216
KKFLS,100,7.582,13.215
KKFLS,101,7.581,13.214
KKFLS,102,7.581,13.213
KKFLS,103,7.580,13.212
KKFLS,104,7.580,13.212
KKFLS,105,7.579,13.211
KKFLS,106,7.579,13.210
KKFLS,107,7.578,13.209
KKFLS,108,7.578,13.209
KKFLS,109,7.578,13.208
KKFLS,110,7.577,13.207
KKFLS,111,7.577,13.206
KKFLS,112,7.576,13.205
KKFLS,113,7.576,13.205
KKFLS,114,7.575,13.204
KKFLS,115,7.575,13.203
KKFLS,116,7.574,13.202
KKFLS,117,7.574,13.202
KKFLS,118,7.574,13.201
KKFLS,119,7.573,13.200
KKFLS,120,7.573,13.199
KKFLS,121,7.572,13.198
KKFLS,122,7.572,13.198
KKFLS,123,7.571,13.197
KKFLS,124,7.571,13.196
KKFLS,125,7.570,13.195
KKFLS,126,7.570,13.195
KKFLS,127,7.570,13.194
KKFLS,128,7.569,13.193
KKFLS,129,7.569,13.192
KKFLS,130,7.568,13.191
KKFLS,131,7.568,13.191
KKFLS,132,7.567,13.190
KKFLS,133,7.567,13.189
KKFLS,134,7.566,13.188
KKFLS,135,7.566,13.188
KKFLS,136,7.566,13.187
KKFLS,137,7.565,13.186
KKFLS,138,7.565,13.185
KKFLS,139,7.564,13.185
KKFLS,140,7.564,13.184
KKFLS,141,7.563,13.183
KKFLS,142,7.563,13.182
KKFLS,143,7.563,13.181
KKFLS,144,7.562,13.181
KKFLS,145,7.562,13.180
KKFLS,146,7.561,13.179
KKFLS,147,7.561,13.178
KKFLS,148,7.560,13.178
KKFLS,149,7.560,13.177
KKFLS,150,7.559,13.176
KKFLS,151,7.559,13.175
KKFLS,152,7.559,13.175
KKFLS,153,7.558,13.174
KKFLS,154,7.558,13.173
KKFLS,155,7.557,13.172
KKFLS,156,7.557,13.172
KKFLS,157,7.556,13.171
KKFLS,158,7.556,13.170
KKFLS,159,7.556,13.169
KKFLS,160,7.555,13.169
KKFLS,161,7.555,13.168
KKFLS,162,7.554,13.167
KKFLS,163,7.554,13.166
KKFLS,164,7.553,13.165
KKFLS,165,7.553,13.165
KKFLS,166,7.553,13.164
KKFLS,167,7.552,13.163
KKFLS,168,7.552,13.162
KKFLS,169,7.551,13.162
KKFLS,170,7.551,13.161
KKFLS,171,7.550,13.160
KKFLS,172,7.550,13.159
KKFLS,173,7.550,13.159
KKFLS,174,7.549,13.158
KKFLS,175,7.549,13.157
KKFLS,176,7.548,13.156
KKFLS,177,7.548,13.156
KKFLS,178,7.547,13.155
KKFLS,179,7.547,13.154
KKFLS,180,7.547,13.153
KKFLS,181,7.546,13.153
KKFLS,182,7.546,13.152
KKFLS,183,7.545,13.151
KKFLS,184,7.545,13.150
KKFLS,185,7.544,13.150
KKFLS,186,7.544,13.149
KKFLS,187,7.544,13.148
KKFLS,188,7.543,13.148
KKFLS,189,7.543,13.147
KKFLS,190,7.542,13.146
KKFLS,191,7.542,13.145
KKFLS,192,7.542,13.145
KKFLS,193,7.541,13.144
KKFLS,194,7.541,13.143
KKFLS,195,7.540,13.143
KKFLS,196,7.540,13.142
KKFLS,197,7.540,13.141
KKFLS,198,7.539,13.140
KKFLS,199,7.539,13.140
KKFLS,200,7.538,13.139
KKFLS,201,7.538,13.138
KKFLS,202,7.537,13.138
KKFLS,203,7.537,13.137
KKFLS,204,7.537,13.136
KKFLS,205,7.536,13.135
KKFLS,206,7.536,13.135
KKFLS,207,7.535,13.134
KKFLS,208,7.535,13.133
KKFLS,209,7.535,13.133
KKFLS,210,7.534,13.132
KKFLS,211,7.534,13.131
KKFLS,212,7.533,13.130
KKFLS,213,7.533,13.130
KKFLS,214,7.533,13.129
KKFLS,215,7.532,13.128
KKFLS,216,7.532,13.128
KKFLS,217,7.531,13.127
KKFLS,218,7.531,13.126
KKFLS,219,7.531,13.125
KKFLS,220,7.530,13.125
KKFLS,221,7.530,13.124
KKFLS,222,7.529,13.123
KKFLS,223,7.529,13.123
KKFLS,224,7.529,13.122
KKFLS,225,7.528,13.121
KKFLS,226,7.528,13.121
KKFLS,227,7.527,13.120
KKFLS,228,7.527,13.119
KKFLS,229,7.527,13.118
KKFLS,230,7.526,13.118
KKFLS,231,7.526,13.117
KKFLS,232,7.525,13.116
KKFLS,233,7.525,13.116
KKFLS,234,7.525,13.115
KKFLS,235,7.524,13.114
KKFLS,236,7.524,13.114
KKFLS,237,7.523,13.113
KKFLS,238,7.523,13.112
KKFLS,239,7.523,13.111
KKFLS,240,7.522,13.111
KKFLS,241,7.522,13.110
KKFLS,242,7.521,13.109
KKFLS,243,7.521,13.109
KKFLS,244,7.521,13.108
KKFLS,245,7.520,13.107
KKFLS,246,7.520,13.107
KKFLS,247,7.519,13.106
KKFLS,248,7.519,13.105
KKFLS,249,7.519,13.105
KKFLS,250,7.518,13.104
KKFLS,251,7.518,13.103
KKFLS,252,7.517,13.102
KKFLS,253,7.517,13.102
KKFLS,254,7.517,13.101
KKFLS,255,7.516,13.100
KKFLS,256,7.516,13.100
KKFLS,257,7.515,13.099
KKFLS,258,7.515,13.098
KKFLS,259,7.515,13.098
KKFLS,260,7.514,13.097
KKFLS,261,7.514,13.096
KKFLS,262,7.514,13.096
KKFLS,263,7.513,13.095
KKFLS,264,7.513,13.094
KKFLS,265,7.512,13.094
KKFLS,266,7.512,13.093
KKFLS,267,7.512,13.092
KKFLS,268,7.511,13.091
KKFLS,269,7.511,13.091
KKFLS,270,7.510,13.090
KKFLS,271,7.510,13.089
KKFLS,272,7.510,13.089
KKFLS,273,7.509,13.088
KKFLS,274,7.509,13.087
KKFLS,275,7.508,13.087
KKFLS,276,7.508,13.086
KKFLS,277,7.508,13.085
KKFLS,278,7.507,13.085
KKFLS,279,7.507,13.084
KKFLS,280,7.507,13.083
KKFLS,281,7.506,13.083
KKFLS,282,7.506,13.082
KKFLS,283,7.505,13.081
KKFLS,284,7.505,13.081
KKFLS,285,7.505,13.080
KKFLS,286,7.504,13.079
KKFLS,287,7.504,13.079
KKFLS,288,7.503,13.078
KKFLS,289,7.503,13.077
KKFLS,290,7.503,13.077
KKFLS,291,7.502,13.076
KKFLS,292,7.502,13.075
KKFLS,293,7.501,13.075
KKFLS,294,7.501,13.074
KKFLS,295,7.501,13.073
KKFLS,296,7.500,13.073
KKFLS,297,7.500,13.072
KKFLS,298,7.500,13.071
KKFLS,299,7.499,13.071
KKFLS,300,7.499,13.070
KKFLS,301,7.498,13.069
KKFLS,302,7.498,13.069
KKFLS,303,7.498,13.068
KKFLS,304,7.497,13.067
KKFLS,305,7.497,13.067
KKFLS,306,7.497,13.066
KKFLS,307,7.496,13.065
KKFLS,308,7.496,13.065
KKFLS,309,7.495,13.064
KKFLS,310,7.495,13.063
KKFLS,311,7.495,13.063
KKFLS,312,7.494,13.062
KKFLS,313,7.494,13.061
KKFLS,314,7.494,13.061
KKFLS,315,7.493,13.060
KKFLS,316,7.493,13.059
KKFLS,317,7.492,13.059
KKFLS,318,7.492,13.058
KKFLS,319,7.492,13.057
KKFLS,320,7.491,13.057
KKFLS,321,7.491,13.056
KKFLS,322,7.490,13.055
KKFLS,323,7.490,13.055
KKFLS,324,7.490,13.054
KKFLS,325,7.489,13.053
KKFLS,326,7.489,13.053
KKFLS,327,7.489,13.052
KKFLS,328,7.488,13.051
KKFLS,329,7.488,13.051
KKFLS,330,7.487,13.050
KKFLS,331,7.487,13.049
KKFLS,332,7.487,13.049
KKFLS,333,7.486,13.048
KKFLS,334,7.486,13.047
KKFLS,335,7.486,13.047
KKFLS,336,7.485,13.046
KKFLS,337,7.485,13.045
KKFLS,338,7.485,13.045
KKFLS,339,7.484,13.044
KKFLS,340,7.484,13.044
KKFLS,341,7.483,13.043
KKFLS,342,7.483,13.042
KKFLS,343,7.483,13.042
KKFLS,344,7.482,13.041
KKFLS,345,7.482,13.040
KKFLS,346,7.482,13.040
KKFLS,347,7.481,13.039
KKFLS,348,7.481,13.038
KKFLS,349,7.480,13.038
KKFLS,350,7.480,13.037
KKFLS,351,7.480,13.036
KKFLS,352,7.479,13.036
KKFLS,353,7.479,13.035
KKFLS,354,7.479,13.034
KKFLS,355,7.478,13.034
KKFLS,356,7.478,13.033
KKFLS,357,7.477,13.033
KKFLS,358,7.477,13.032
KKFLS,359,7.477,13.031
KKFLS,360,7.476,13.031
KKFLS,361,7.476,13.030
KKFLS,362,7.476,13.029
KKFLS,363,7.475,13.029
KKFLS,364,7.475,13.028
KKFLS,365,7.475,13.027
KKFLS,366,7.474,13.027
KKFLS,367,7.474,13.026
KKFLS,368,7.473,13.026
KKFLS,369,7.473,13.025
KKFLS,370,7.473,13.024
KKFLS,371,7.472,13.024
KKFLS,372,7.472,13.023
KKFLS,373,7.472,13.022
KKFLS,374,7.471,13.022
KKFLS,375,7.471,13.021
KKFLS,376,7.471,13.020
KKFLS,377,7.470,13.020
KKFLS,378,7.470,13.019
KKFLS,379,7.469,13.019
KKFLS,380,7.469,13.018
KKFLS,381,7.469,13.017
KKFLS,382,7.468,13.017
KKFLS,383,7.468,13.016
KKFLS,384,7.468,13.015
KKFLS,385,7.467,13.015
KKFLS,386,7.467,13.014
KKFLS,387,7.467,13.013
KKFLS,388,7.466,13.013
KKFLS,389,7.466,13.012
KKFLS,390,7.466,13.012
KKFLS,391,7.465,13.011
KKFLS,392,7.465,13.010
KKFLS,393,7.464,13.010
KKFLS,394,7.464,13.009
KKFLS,395,7.464,13.008
KKFLS,396,7.463,13.008
KKFLS,397,7.463,13.007
KKFLS,398,7.463,13.007
KKFLS,399,7.462,13.006
KKFLS,400,7.462,13.005
KKFLS,401,7.462,13.005
KKFLS,402,7.461,13.004
KKFLS,403,7.461,13.003
KKFLS,404,7.461,13.003
KKFLS,405,7.460,13.002
KKFLS,406,7.460,13.002
KKFLS,407,7.460,13.002
KKFLS,408,7.460,13.002
KKFLS,409,7.460,13.002
KKFLS,410,7.460,13.002
KKFLS,411,7.460,13.001
KKFLS,412,7.460,13.001
KKFLS,413,7.460,13.001
KKFLS,414,7.460,13.001
KKFLS,415,7.460,13.001
KKFLS,416,7.460,13.001
KKFLS,417,7.460,13.001
KKFLS,418,7.460,13.001
KKFLS,419,7.460,13.001
KKFLS,420,7.459,13.001
KKFLS,421,7.459,13.000
KKFLS,422,7.459,13.000
KKFLS,423,7.458,12.999
KKFLS,424,7.458,12.998
KKFLS,425,7.458,12.998
KKFLS,426,7.457,12.997
KKFLS,427,7.457,12.996
KKFLS,428,7.457,12.996
KKFLS,429,7.456,12.995
KKFLS,430,7.456,12.994
KKFLS,431,7.455,12.994
KKFLS,432,7.455,12.993
KKFLS,433,7.455,12.992
KKFLS,434,7.454,12.992
KKFLS,435,7.454,12.991
KKFLS,436,7.453,12.990
KKFLS,437,7.453,12.990
KKFLS,438,7.453,12.989
KKFLS,439,7.452,12.988
KKFLS,440,7.452,12.987
KKFLS,441,7.451,12.987
KKFLS,442,7.451,12.986
KKFLS,443,7.451,12.985
KKFLS,444,7.450,12.985
KKFLS,445,7.450,12.984
KKFLS,446,7.450,12.984
KKFLS,447,7.449,12.983
KKFLS,448,7.449,12.982
KKFLS,449,7.449,12.982
KKFLS,450,7.448,12.981
KKFLS,451,7.448,12.981
KKFLS,452,7.447,12.980
KKFLS,453,7.447,12.979
KKFLS,454,7.447,12.979
KKFLS,455,7.446,12.978
KKFLS,456,7.446,12.978
KKFLS,457,7.446,12.977
KKFLS,458,7.445,12.976
KKFLS,459,7.445,12.976
KKFLS,460,7.445,12.975
KKFLS,461,7.444,12.975
KKFLS,462,7.444,12.974
KKFLS,463,7.444,12.973
KKFLS,464,7.443,12.973
KKFLS,465,7.443,12.972
KKFLS,466,7.443,12.972
KKFLS,467,7.442,12.971
KKFLS,468,7.442,12.970
KKFLS,469,7.442,12.970
KKFLS,470,7.441,12.969
KKFLS,471,7.441,12.969
KKFLS,472,7.441,12.968
KKFLS,473,7.440,12.968
KKFLS,474,7.440,12.967
KKFLS,475,7.440,12.966
KKFLS,476,7.439,12.966
KKFLS,477,7.439,12.965
KKFLS,478,7.439,12.965
KKFLS,479,7.438,12.964
KKFLS,480,7.438,12.963
KKFLS,481,7.438,12.963
KKFLS,482,7.437,12.962
KKFLS,483,7.437,12.962
KKFLS,484,7.437,12.961
KKFLS,485,7.436,12.960
KKFLS,486,7.436,12.960
KKFLS,487,7.436,12.959
KKFLS,488,7.435,12.959
KKFLS,489,7.435,12.958
KKFLS,490,7.435,12.958
KKFLS,491,7.434,12.957
KKFLS,492,7.434,12.956
KKFLS,493,7.434,12.956
KKFLS,494,7.433,12.955
KKFLS,495,7.433,12.955
KKFLS,496,7.433,12.954
KKFLS,497,7.432,12.953
KKFLS,498,7.432,12.953
KKFLS,499,7.432,12.952
KKFLS,500,7.431,12.952
KKFLS,501,7.431,12.951
KKFLS,502,7.431,12.951
KKFLS,503,7.430,12.950
KKFLS,504,7.430,12.949
KKFLS,505,7.430,12.949
KKFLS,506,7.429,12.948
KKFLS,507,7.429,12.948
KKFLS,508,7.429,12.947
KKFLS,509,7.428,12.947
KKFLS,510,7.428,12.946
KKFLS,511,7.428,12.945
KKFLS,512,7.427,12.945
KKFLS,513,7.427,12.944
KKFLS,514,7.427,12.944
KKFLS,515,7.426,12.943
KKFLS,516,7.426,12.943
KKFLS,517,7.426,12.942
KKFLS,518,7.425,12.941
KKFLS,519,7.425,12.941
KKFLS,520,7.425,12.940
KKFLS,521,7.424,12.940
KKFLS,522,7.424,12.939
KKFLS,523,7.424,12.939
KKFLS,524,7.423,12.938
KKFLS,525,7.423,12.937
KKFLS,526,7.423,12.937
KKFLS,527,7.423,12.936
KKFLS,528,7.422,12.936
KKFLS,529,7.422,12.935
KKFLS,530,7.422,12.935
KKFLS,531,7.421,12.934
KKFLS,532,7.421,12.933
KKFLS,533,7.421,12.933
KKFLS,534,7.420,12.932
KKFLS,535,7.420,12.932
KKFLS,536,7.420,12.931
KKFLS,537,7.419,12.931
KKFLS,538,7.419,12.930
KKFLS,539,7.419,12.930
KKFLS,540,7.418,12.929
KKFLS,541,7.418,12.928
KKFLS,542,7.418,12.928
KKFLS,543,7.417,12.927
KKFLS,544,7.417,12.927
KKFLS,545,7.417,12.926
KKFLS,546,7.416,12.926
KKFLS,547,7.416,12.925
KKFLS,548,7.416,12.924
KKFLS,549,7.415,12.924
KKFLS,550,7.415,12.923
KKFLS,551,7.415,12.923
KKFLS,552,7.415,12.922
KKFLS,553,7.414,12.922
KKFLS,554,7.414,12.921
KKFLS,555,7.414,12.921
KKFLS,556,7.413,12.920
KKFLS,557,7.413,12.920
KKFLS,558,7.413,12.919
KKFLS,559,7.412,12.918
KKFLS,560,7.412,12.918
KKFLS,561,7.412,12.917
KKFLS,562,7.411,12.917
KKFLS,563,7.411,12.916
KKFLS,564,7.411,12.916
KKFLS,565,7.410,12.915
KKFLS,566,7.410,12.915
KKFLS,567,7.410,12.914
KKFLS,568,7.409,12.913
KKFLS,569,7.409,12.913
KKFLS,570,7.409,12.912
KKFLS,571,7.409,12.912
KKFLS,572,7.408,12.911
KKFLS,573,7.408,12.911
KKFLS,574,7.408,12.910
KKFLS,575,7.407,12.910
KKFLS,576,7.407,12.909
KKFLS,577,7.407,12.909
KKFLS,578,7.406,12.908
KKFLS,579,7.406,12.908
KKFLS,580,7.406,12.907
KKFLS,581,7.405,12.906
KKFLS,582,7.405,12.906
KKFLS,583,7.405,12.905
KKFLS,584,7.405,12.905
KKFLS,585,7.404,12.904
KKFLS,586,7.404,12.904
KKFLS,587,7.404,12.903
KKFLS,588,7.403,12.903
KKFLS,589,7.403,12.902
KKFLS,590,7.403,12.902
KKFLS,591,7.402,12.901
KKFLS,592,7.402,12.901
KKFLS,593,7.402,12.900
KKFLS,594,7.401,12.899
KKFLS,595,7.401,12.899
KKFLS,596,7.401,12.898
KKFLS,597,7.401,12.898
KKFLS,598,7.400,12.897
KKFLS,599,7.400,12.897
KKFLS,600,7.400,12.896
KKFLS,601,7.399,12.896
KKFLS,602,7.399,12.895
KKFLS,603,7.399,12.895
KKFLS,604,7.398,12.894
KKFLS,605,7.398,12.894
KKFLS,606,7.398,12.893
KKFLS,607,7.398,12.893
KKFLS,608,7.397,12.892
KKFLS,609,7.397,12.891
KKFLS,610,7.397,12.891
KKFLS,611,7.396,12.890
KKFLS,612,7.396,12.890
KKFLS,613,7.396,12.889
KKFLS,614,7.395,12.889
KKFLS,615,7.395,12.888
KKFLS,616,7.395,12.888
KKFLS,617,7.395,12.887
KKFLS,618,7.394,12.887
KKFLS,619,7.394,12.886
KKFLS,620,7.394,12.886
KKFLS,621,7.393,12.885
KKFLS,622,7.393,12.885
KKFLS,623,7.393,12.884
KKFLS,624,7.392,12.884
KKFLS,625,7.392,12.883
KKFLS,626,7.392,12.883
KKFLS,627,7.392,12.882
KKFLS,628,7.391,12.882
KKFLS,629,7.391,12.881
KKFLS,630,7.391,12.881
KKFLS,631,7.390,12.880
KKFLS,632,7.390,12.880
KKFLS,633,7.390,12.879
KKFLS,634,7.389,12.878
KKFLS,635,7.389,12.878
KKFLS,636,7.389,12.877
KKFLS,637,7.389,12.877
KKFLS,638,7.388,12.876
KKFLS,639,7.388,12.876
KKFLS,640,7.388,12.875
KKFLS,641,7.387,12.875
KKFLS,642,7.387,12.874
KKFLS,643,7.387,12.874
KKFLS,644,7.387,12.873
KKFLS,645,7.386,12.873
KKFLS,646,7.386,12.872
KKFLS,647,7.386,12.872
KKFLS,648,7.385,12.871
KKFLS,649,7.385,12.871
KKFLS,650,7.385,12.870
KKFLS,651,7.385,12.870
KKFLS,652,7.384,12.869
KKFLS,653,7.384,12.869
KKFLS,654,7.384,12.868
KKFLS,655,7.383,12.868
KKFLS,656,7.383,12.867
KKFLS,657,7.383,12.867
KKFLS,658,7.383,12.866
KKFLS,659,7.382,12.866
KKFLS,660,7.382,12.865
KKFLS,661,7.382,12.865
KKFLS,662,7.381,12.864
KKFLS,663,7.381,12.864
KKFLS,664,7.381,12.863
KKFLS,665,7.381,12.863
KKFLS,666,7.380,12.862
KKFLS,667,7.380,12.862
KKFLS,668,7.380,12.861
KKFLS,669,7.379,12.861
KKFLS,670,7.379,12.860
KKFLS,671,7.379,12.860
KKFLS,672,7.379,12.859
KKFLS,673,7.378,12.859
KKFLS,674,7.378,12.858
KKFLS,675,7.378,12.858
KKFLS,676,7.377,12.857
KKFLS,677,7.377,12.857
KKFLS,678,7.377,12.856
KKFLS,679,7.377,12.856
KKFLS,680,7.376,12.855
KKFLS,681,7.376,12.855
KKFLS,682,7.376,12.854
KKFLS,683,7.375,12.854
KKFLS,684,7.375,12.853
KKFLS,685,7.375,12.853
KKFLS,686,7.375,12.852
KKFLS,687,7.374,12.852
KKFLS,688,7.374,12.851
KKFLS,689,7.374,12.851
KKFLS,690,7.373,12.850
KKFLS,691,7.373,12.850
KKFLS,692,7.373,12.849
KKFLS,693,7.373,12.849
KKFLS,694,7.372,12.848
KKFLS,695,7.372,12.848
KKFLS,696,7.372,12.848
KKFLS,697,7.372,12.847
KKFLS,698,7.371,12.847
KKFLS,699,7.371,12.846
KKFLS,700,7.371,12.846
KKFLS,701,7.370,12.845
KKFLS,702,7.370,12.845
KKFLS,703,7.370,12.844
KKFLS,704,7.370,12.844
KKFLS,705,7.369,12.843
KKFLS,706,7.369,12.843
KKFLS,707,7.369,12.842
KKFLS,708,7.369,12.842
KKFLS,709,7.368,12.841
KKFLS,710,7.368,12.841
KKFLS,711,7.368,12.840
KKFLS,712,7.367,12.840
KKFLS,713,7.367,12.839
KKFLS,714,7.367,12.839
KKFLS,715,7.367,12.838
KKFLS,716,7.366,12.838
KKFLS,717,7.366,12.837
KKFLS,718,7.366,12.837
KKFLS,719,7.366,12.837
KKFLS,720,7.365,12.836
KKFLS,721,7.365,12.836
KKFLS,722,7.365,12.835
KKFLS,723,7.364,12.835
KKFLS,724,7.364,12.834
KKFLS,725,7.364,12.834
KKFLS,726,7.364,12.833
KKFLS,727,7.363,12.833
KKFLS,728,7.363,12.832
KKFLS,729,7.363,12.832
KKFLS,730,7.363,12.831
KKFLS,731,7.362,12.831
KKFLS,732,7.362,12.830
KKFLS,733,7.362,12.830
KKFLS,734,7.361,12.829
KKFLS,735,7.361,12.829
KKFLS,736,7.361,12.829
KKFLS,737,7.361,12.828
KKFLS,738,7.360,12.828
KKFLS,739,7.360,12.827
KKFLS,740,7.360,12.827
KKFLS,741,7.360,12.826
KKFLS,742,7.359,12.826
KKFLS,743,7.359,12.825
KKFLS,744,7.359,12.825
KKFLS,745,7.359,12.824
KKFLS,746,7.358,12.824
KKFLS,747,7.358,12.823
KKFLS,748,7.358,12.823
KKFLS,749,7.358,12.823
KKFLS,750,7.357,12.822
KKFLS,751,7.357,12.822
KKFLS,752,7.357,12.821
KKFLS,753,7.356,12.821
KKFLS,754,7.356,12.820
KKFLS,755,7.356,12.820
KKFLS,756,7.356,12.819
KKFLS,757,7.355,12.819
KKFLS,758,7.355,12.818
KKFLS,759,7.355,12.818
KKFLS,760,7.355,12.818
KKFLS,761,7.354,12.817
KKFLS,762,7.354,12.817
KKFLS,763,7.354,12.816
KKFLS,764,7.354,12.816
KKFLS,765,7.353,12.815
KKFLS,766,7.353,12.815
KKFLS,767,7.353,12.814
KKFLS,768,7.353,12.814
KKFLS,769,7.352,12.813
KKFLS,770,7.352,12.813
KKFLS,771,7.352,12.813
KKFLS,772,7.352,12.812
KKFLS,773,7.351,12.812
KKFLS,774,7.351,12.811
KKFLS,775,7.351,12.811
KKFLS,776,7.351,12.810
KKFLS,777,7.350,12.810
KKFLS,778,7.350,12.809
KKFLS,779,7.350,12.809
KKFLS,780,7.350,12.809
KKFLS,781,7.349,12.808
KKFLS,782,7.349,12.808
KKFLS,783,7.349,12.807
KKFLS,784,7.349,12.807
KKFLS,785,7.348,12.806
KKFLS,786,7.348,12.806
KKFLS,787,7.348,12.805
KKFLS,788,7.348,12.805
KKFLS,789,7.347,12.805
KKFLS,790,7.347,12.804
KKFLS,791,7.347,12.804
KKFLS,792,7.347,12.803
KKFLS,793,7.346,12.803
KKFLS,794,7.346,12.802
KKFLS,795,7.346,12.802
KKFLS,796,7.346,12.802
KKFLS,797,7.345,12.801
KKFLS,798,7.345,12.801
KKFLS,799,7.345,12.800
KKFLS,800,7.345,12.800
KKFLS,801,7.344,12.799
KKFLS,802,7.344,12.799
KKFLS,803,7.344,12.798
KKFLS,804,7.344,12.798
KKFLS,805,7.343,12.798
KKFLS,806,7.343,12.797
KKFLS,807,7.343,12.797
KKFLS,808,7.343,12.797
KKFLS,809,7.342,12.796
KKFLS,810,7.342,12.796
KKFLS,811,7.342,12.795
KKFLS,812,7.342,12.795
KKFLS,813,7.342,12.795
KKFLS,814,7.341,12.794
KKFLS,815,7.341,12.794
KKFLS,816,7.341,12.794
KKFLS,817,7.341,12.793
KKFLS,818,7.341,12.793
KKFLS,819,7.340,12.792
KKFLS,820,7.340,12.792
KKFLS,821,7.340,12.792
KKFLS,822,7.340,12.791
KKFLS,823,7.339,12.791
KKFLS,824,7.339,12.791
KKFLS,825,7.339,12.790
KKFLS,826,7.339,12.790
KKFLS,827,7.339,12.789
KKFLS,828,7.338,12.789
KKFLS,829,7.338,12.789
KKFLS,830,7.338,12.788
KKFLS,831,7.338,12.788
KKFLS,832,7.338,12.788
KKFLS,833,7.337,12.787
KKFLS,834,7.337,12.787
KKFLS,835,7.337,12.787
KKFLS,836,7.337,12.786
KKFLS,837,7.337,12.786
KKFLS,838,7.336,12.785
KKFLS,839,7.336,12.785
KKFLS,840,7.336,12.785
KKFLS,841,7.336,12.784
KKFLS,842,7.335,12.784
KKFLS,843,7.335,12.784
KKFLS,844,7.335,12.783
KKFLS,845,7.335,12.783
KKFLS,846,7.335,12.783
KKFLS,847,7.334,12.782
KKFLS,848,7.334,12.782
KKFLS,849,7.334,12.781
KKFLS,850,7.334,12.781
KKFLS,851,7.334,12.781
KKFLS,852,7.333,12.780
KKFLS,853,7.333,12.780
KKFLS,854,7.333,12.780
KKFLS,855,7.333,12.779
KKFLS,856,7.333,12.779
KKFLS,857,7.332,12.779
KKFLS,858,7.332,12.778
KKFLS,859,7.332,12.778
KKFLS,860,7.332,12.778
KKFLS,861,7.332,12.777
KKFLS,862,7.331,12.777
KKFLS,863,7.331,12.776
KKFLS,864,7.331,12.776
KKFLS,865,7.331,12.776
KKFLS,866,7.331,12.775
KKFLS,867,7.330,12.775
KKFLS,868,7.330,12.775
KKFLS,869,7.330,12.774
KKFLS,870,7.330,12.774
KKFLS,871,7.330,12.774
KKFLS,872,7.329,12.773
KKFLS,873,7.329,12.773
KKFLS,874,7.329,12.773
KKFLS,875,7.329,12.773
KKFLS,876,7.329,12.772
KKFLS,877,7.329,12.772
KKFLS,878,7.328,12.772
KKFLS,879,7.328,12.771
KKFLS,880,7.328,12.771
KKFLS,881,7.328,12.771
KKFLS,882,7.328,12.771
KKFLS,883,7.328,12.770
KKFLS,884,7.327,12.770
KKFLS,885,7.327,12.770
KKFLS,886,7.327,12.769
KKFLS,887,7.327,12.769
KKFLS,888,7.327,12.769
KKFLS,889,7.327,12.768
KKFLS,890,7.326,12.768
KKFLS,891,7.326,12.768
KKFLS,892,7.326,12.768
KKFLS,893,7.326,12.767
KKFLS,894,7.326,12.767
KKFLS,895,7.326,12.767
KKFLS,896,7.326,12.766
KKFLS,897,7.325,12.766
KKFLS,898,7.325,12.766
KKFLS,899,7.325,12.766
KKFLS,900,7.325,12.765
KKFLS,901,7.325,12.765
KKFLS,902,7.325,12.765
KKFLS,903,7.324,12.765
KKFLS,904,7.324,12.764
KKFLS,905,7.324,12.764
KKFLS,906,7.324,12.764
KKFLS,907,7.324,12.763
KKFLS,908,7.324,12.763
KKFLS,909,7.323,12.763
KKFLS,910,7.323,12.763
KKFLS,911,7.323,12.762
KKFLS,912,7.323,12.762
KKFLS,913,7.323,12.762
KKFLS,914,7.323,12.761
KKFLS,915,7.322,12.761
KKFLS,916,7.322,12.761
KKFLS,917,7.322,12.761
KKFLS,918,7.322,12.760
KKFLS,919,7.322,12.760
KKFLS,920,7.322,12.760
KKFLS,921,7.322,12.760
KKFLS,922,7.321,12.759
KKFLS,923,7.321,12.759
KKFLS,924,7.321,12.759
KKFLS,925,7.321,12.758
KKFLS,926,7.321,12.758
KKFLS,927,7.321,12.758
KKFLS,928,7.320,12.758
KKFLS,929,7.320,12.757
KKFLS,930,7.320,12.757
KKFLS,931,7.320,12.757
KKFLS,932,7.320,12.757
KKFLS,933,7.320,12.756
KKFLS,934,7.320,12.756
KKFLS,935,7.319,12.756
KKFLS,936,7.319,12.756
KKFLS,937,7.319,12.755
KKFLS,938,7.319,12.755
KKFLS,939,7.319,12.755
KKFLS,940,7.319,12.755
KKFLS,941,7.319,12.754
KKFLS,942,7.319,12.754
KKFLS,943,7.318,12.754
KKFLS,944,7.318,12.754
KKFLS,945,7.318,12.754
KKFLS,946,7.318,12.753
KKFLS,947,7.318,12.753
KKFLS,948,7.318,12.753
KKFLS,949,7.318,12.753
KKFLS,950,7.318,12.753
KKFLS,951,7.317,12.752
KKFLS,952,7.317,12.752
KKFLS,953,7.317,12.752
KKFLS,954,7.317,12.752
KKFLS,955,7.317,12.751
KKFLS,956,7.317,12.751
KKFLS,957,7.317,12.751
KKFLS,958,7.317,12.751
KKFLS,959,7.316,12.751
KKFLS,960,7.316,12.750
KKFLS,961,7.316,12.750
KKFLS,962,7.316,12.750
KKFLS,963,7.316,12.750
KKFLS,964,7.316,12.750
KKFLS,965,7.316,12.749
KKFLS,966,7.316,12.749
KKFLS,967,7.316,12.749
KKFLS,968,7.315,12.749
KKFLS,969,7.315,12.749
KKFLS,970,7.315,12.748
KKFLS,971,7.315,12.748
KKFLS,972,7.315,12.748
KKFLS,973,7.315,12.748
KKFLS,974,7.315,12.748
KKFLS,975,7.315,12.747
KKFLS,976,7.314,12.747
KKFLS,977,7.314,12.747
KKFLS,978,7.314,12.747
KKFLS,979,7.314,12.747
KKFLS,980,7.314,12.746
KKFLS,981,7.314,12.746
KKFLS,982,7.314,12.746
KKFLS,983,7.314,12.746
KKFLS,984,7.314,12.746
KKFLS,985,7.313,12.745
KKFLS,986,7.313,12.745
KKFLS,987,7.313,12.745
KKFLS,988,7.313,12.745
KKFLS,989,7.313,12.745
KKFLS,990,7.313,12.744
KKFLS,991,7.313,12.744
KKFLS,992,7.313,12.744
KKFLS,993,7.313,12.744
KKFLS,994,7.312,12.744
KKFLS,995,7.312,12.743
KKFLS,996,7.312,12.743
KKFLS,997,7.312,12.743
KKFLS,998,7.312,12.743
KKFLS,999,7.312,12.743
KKFLS,1000,7.312,12.743
KKFLS,1001,7.312,12.742
KKFLS,1002,7.312,12.742
KKFLS,1003,7.312,12.742
KKFLS,1004,7.311,12.742
KKFLS,1005,7.311,12.742
KKFLS,1006,7.311,12.742
KKFLS,1007,7.311,12.742
KKFLS,1008,7.311,12.741
KKFLS,1009,7.311,12.741
KKFLS,1010,7.311,12.741
KKFLS,1011,7.311,12.741
KKFLS,1012,7.311,12.741
KKFLS,1013,7.311,12.741
KKFLS,1014,7.311,12.741
KKFLS,1015,7.311,12.741
KKFLS,1016,7.311,12.741
KKFLS,1017,7.311,12.740
KKFLS,1018,7.311,12.740
KKFLS,1019,7.310,12.740
KKFLS,1020,7.310,12.740
KKFLS,1021,7.310,12.740
KKFLS,1022,7.310,12.740
KKFLS,1023,7.310,12.740
KKFLS,1024,7.310,12.740
KKFLS,1025,7.310,12.740
KKFLS,1026,7.310,12.739
KKFLS,1027,7.310,12.739
KKFLS,1028,7.310,12.739
KKFLS,1029,7.310,12.739
KKFLS,1030,7.310,12.739
KKFLS,1031,7.310,12.739
KKFLS,1032,7.310,12.739
KKFLS,1033,7.310,12.739
KKFLS,1034,7.310,12.739
KKFLS,1035,7.310,12.739
KKFLS,1036,7.309,12.738
KKFLS,1037,7.309,12.738
KKFLS,1038,7.309,12.738
KKFLS,1039,7.309,12.738
KKFLS,1040,7.309,12.738
KKFLS,1041,7.309,12.738
KKFLS,1042,7.309,12.738
KKFLS,1043,7.309,12.738
KKFLS,1044,7.309,12.738
KKFLS,1045,7.309,12.738
KKFLS,1046,7.309,12.738
KKFLS,1047,7.309,12.737
KKFLS,1048,7.309,12.737
KKFLS,1049,7.309,12.737
KKFLS,1050,7.309,12.737
KKFLS,1051,7.309,12.737
KKFLS,1052,7.309,12.737
KKFLS,1053,7.309,12.737
KKFLS,1054,7.309,12.737
KKFLS,1055,7.308,12.737
KKFLS,1056,7.308,12.737
KKFLS,1057,7.308,12.737
KKFLS,1058,7.308,12.736
KKFLS,1059,7.308,12.736
KKFLS,1060,7.308,12.736
KKFLS,1061,7.308,12.736
KKFLS,1062,7.308,12.736
KKFLS,1063,7.308,12.736
KKFLS,1064,7.308,12.736
KKFLS,1065,7.308,12.736
KKFLS,1066,7.308,12.736
KKFLS,1067,7.308,12.736
KKFLS,1068,7.308,12.736
KKFLS,1069,7.308,12.736
KKFLS,1070,7.308,12.735
KKFLS,1071,7.308,12.735
KKFLS,1072,7.308,12.735
KKFLS,1073,7.308,12.735
KKFLS,1074,7.308,12.735
KKFLS,1075,7.308,12.735
KKFLS,1076,7.307,12.735
KKFLS,1077,7.307,12.735
KKFLS,1078,7.307,12.735
KKFLS,1079,7.307,12.735
KKFLS,1080,7.307,12.734
KKFLS,1081,7.307,12.734
KKFLS,1082,7.307,12.734
KKFLS,1083,7.307,12.734
KKFLS,1084,7.307,12.734
KKFLS,1085,7.307,12.733
KKFLS,1086,7.306,12.733
KKFLS,1087,7.306,12.733
KKFLS,1088,7.306,12.733
KKFLS,1089,7.306,12.733
KKFLS,1090,7.306,12.732
KKFLS,1091,7.306,12.732
KKFLS,1092,7.306,12.732
KKFLS,1093,7.306,12.732
KKFLS,1094,7.306,12.732
KKFLS,1095,7.305,12.731
KKFLS,1096,7.305,12.731
KKFLS,1097,7.305,12.731
KKFLS,1098,7.305,12.731
KKFLS,1099,7.305,12.731
KKFLS,1100,7.305,12.730
KKFLS,1101,7.305,12.730
KKFLS,1102,7.305,12.730
KKFLS,1103,7.305,12.730
KKFLS,1104,7.304,12.730
KKFLS,1105,7.304,12.729
KKFLS,1106,7.304,12.729
KKFLS,1107,7.304,12.729
KKFLS,1108,7.304,12.729
KKFLS,1109,7.304,12.729
KKFLS,1110,7.304,12.728
KKFLS,1111,7.304,12.728
KKFLS,1112,7.304,12.728
KKFLS,1113,7.303,12.728
KKFLS,1114,7.303,12.728
KKFLS,1115,7.303,12.727
KKFLS,1116,7.303,12.727
KKFLS,1117,7.303,12.727
KKFLS,1118,7.303,12.727
KKFLS,1119,7.303,12.727
KKFLS,1120,7.303,12.727
KKFLS,1121,7.303,12.726
KKFLS,1122,7.302,12.726
KKFLS,1123,7.302,12.726
KKFLS,1124,7.302,12.726
KKFLS,1125,7.302,12.726
KKFLS,1126,7.302,12.725
KKFLS,1127,7.302,12.725
KKFLS,1128,7.302,12.725
KKFLS,1129,7.302,12.725
KKFLS,1130,7.302,12.725
KKFLS,1131,7.302,12.725
KKFLS,1132,7.301,12.724
KKFLS,1133,7.301,12.724
KKFLS,1134,7.301,12.724
KKFLS,1135,7.301,12.724
KKFLS,1136,7.301,12.724
KKFLS,1137,7.301,12.723
KKFLS,1138,7.301,12.723
KKFLS,1139,7.301,12.723
KKFLS,1140,7.301,12.723
KKFLS,1141,7.300,12.723
KKFLS,1142,7.300,12.723
KKFLS,1143,7.300,12.722
KKFLS,1144,7.300,12.722
KKFLS,1145,7.300,12.722
KKFLS,1146,7.300,12.722
KKFLS,1147,7.300,12.722
KKFLS,1148,7.300,12.722
KKFLS,1149,7.300,12.721
KKFLS,1150,7.300,12.721
KKFLS,1151,7.300,12.721
KKFLS,1152,7.299,12.721
KKFLS,1153,7.299,12.721
KKFLS,1154,7.299,12.720
KKFLS,1155,7.299,12.720
KKFLS,1156,7.299,12.720
KKFLS,1157,7.299,12.720
KKFLS,1158,7.299,12.720
KKFLS,1159,7.299,12.720
KKFLS,1160,7.299,12.720
KKFLS,1161,7.299,12.720
KKFLS,1162,7.299,12.720
KKFLS,1163,7.299,12.720
KKFLS,1164,7.299,12.720
KKFLS,1165,7.299,12.720
KKFLS,1166,7.299,12.720
KKFLS,1167,7.299,12.720
KKFLS,1168,7.299,12.720
KKFLS,1169,7.299,12.720
KKFLS,1170,7.299,12.720
KKFLS,1171,7.299,12.720
KKFLS,1172,7.299,12.720
KKFLS,1173,7.299,12.720
KKFLS,1174,7.299,12.720
KKFLS,1175,7.299,12.720
KKFLS,1176,7.299,12.720
KKFLS,1177,7.299,12.719
KKFLS,1178,7.299,12.719
KKFLS,1179,7.299,12.719
KKFLS,1180,7.299,12.719
KKFLS,1181,7.299,12.719
KKFLS,1182,7.299,12.719
KKFLS,1183,7.299,12.719
KKFLS,1184,7.298,12.719
KKFLS,1185,7.298,12.719
KKFLS,1186,7.298,12.719
KKFLS,1187,7.298,12.719
KKFLS,1188,7.298,12.719
KKFLS,1189,7.298,12.719
KKFLS,1190,7.298,12.719
KKFLS,1191,7.298,12.719
KKFLS,1192,7.298,12.719
KKFLS,1193,7.298,12.719
KKFLS,1194,7.298,12.719
KKFLS,1195,7.298,12.719
KKFLS,1196,7.298,12.719
KKFLS,1197,7.298,12.719
KKFLS,1198,7.298,12.719
KKFLS,1199,7.298,12.719
KKFLS,1200,7.298,12.719
KKFLS,1201,7.298,12.719
KKFLS,1202,7.298,12.719
KKFLS,1203,7.298,12.719
KKFLS,1204,7.298,12.719
KKFLS,1205,7.298,12.719
KKFLS,1206,7.298,12.719
KKFLS,1207,7.298,12.719
KKFLS,1208,7.298,12.719
KKFLS,1209,7.298,12.719
KKFLS,1210,7.298,12.719
KKFLS,1211,7.298,12.718
KKFLS,1212,7.298,12.718
KKFLS,1213,7.298,12.718
KKFLS,1214,7.298,12.718
KKFLS,1215,7.298,12.718
KKFLS,1216,7.298,12.718
KKFLS,1217,7.298,12.718
KKFLS,1218,7.298,12.718
KKFLS,1219,7.298,12.718
KKFLS,1220,7.298,12.718
KKFLS,1221,7.298,12.718
KKFLS,1222,7.298,12.718
KKFLS,1223,7.298,12.718
KKFLS,1224,7.298,12.718
KKFLS,1225,7.298,12.718
KKFLS,1226,7.298,12.718
KKFLS,1227,7.298,12.718
KKFLS,1228,7.298,12.718
KKFLS,1229,7.298,12.718
KKFLS,1230,7.298,12.718
KKFLS,1231,7.298,12.718
KKFLS,1232,7.298,12.718
KKFLS,1233,7.298,12.718
KKFLS,1234,7.298,12.718
KKFLS,1235,7.298,12.718
KKFLS,1236,7.298,12.718
KKFLS,1237,7.298,12.718
KKFLS,1238,7.298,12.718
KKFLS,1239,7.298,12.718
KKFLS,1240,7.298,12.718
KKFLS,1241,7.298,12.718
KKFLS,1242,7.298,12.718
KKFLS,1243,7.298,12.718
KKFLS,1244,7.298,12.718
KKFLS,1245,7.298,12.718
KKFLS,1246,7.298,12.718
KKFLS,1247,7.298,12.718
KKFLS,1248,7.298,12.718
KKFLS,1249,7.298,12.718
KKFLS,1250,7.298,12.718
KKFLS,1251,7.298,12.718
KKFLS,1252,7.298,12.718
KKFLS,1253,7.298,12.718
KKFLS,1254,7.298,12.718
KKFLS,1255,7.298,12.718
KKFLS,1256,7.298,12.718
KKFLS,1257,7.298,12.718
KKFLS,1258,7.298,12.718
KKFLS,1259,7.298,12.718
KKFLS,1260,7.298,12.718
KKFLS,1261,7.298,12.718
KKFLS,1262,7.298,12.718
KKFLS,1263,7.298,12.718
KKFLS,1264,7.298,12.718
KKFLS,1265,7.297,12.717
KKFLS,1266,7.297,12.717
KKFLS,1267,7.297,12.717
KKFLS,1268,7.297,12.717
KKFLS,1269,7.297,12.717
KKFLS,1270,7.297,12.717
KKFLS,1271,7.297,12.717
KKFLS,1272,7.297,12.717
KKFLS,1273,7.297,12.717
KKFLS,1274,7.297,12.717
KKFLS,1275,7.297,12.717
KKFLS,1276,7.297,12.717
KKFLS,1277,7.297,12.717
KKFLS,1278,7.297,12.717
KKFLS,1279,7.297,12.717
KKFLS,1280,7.297,12.717
KKFLS,1281,7.297,12.717
KKFLS,1282,7.297,12.717
KKFLS,1283,7.297,12.717
KKFLS,1284,7.297,12.717
KKFLS,1285,7.297,12.717
KKFLS,1286,7.297,12.717
KKFLS,1287,7.297,12.717
KKFLS,1288,7.297,12.717
KKFLS,1289,7.297,12.717
KKFLS,1290,7.297,12.717
KKFLS,1291,7.297,12.717
KKFLS,1292,7.297,12.717
KKFLS,1293,7.297,12.717
KKFLS,1294,7.297,12.717
KKFLS,1295,7.297,12.717
KKFLS,1296,7.297,12.717
KKFLS,1297,7.297,12.717
KKFLS,1298,7.297,12.716
KKFLS,1299,7.297,12.716
KKFLS,1300,7.297,12.716
KKFLS,1301,7.297,12.716
KKFLS,1302,7.297,12.716
KKFLS,1303,7.297,12.716
KKFLS,1304,7.297,12.716
KKFLS,1305,7.297,12.716
KKFLS,1306,7.297,12.716
KKFLS,1307,7.297,12.716
KKFLS,1308,7.297,12.716
KKFLS,1309,7.297,12.716
KKFLS,1310,7.297,12.716
KKFLS,1311,7.297,12.716
KKFLS,1312,7.297,12.716
KKFLS,1313,7.297,12.716
KKFLS,1314,7.297,12.716
KKFLS,1315,7.297,12.716
KKFLS,1316,7.297,12.716
KKFLS,1317,7.297,12.716
KKFLS,1318,7.297,12.716
KKFLS,1319,7.297,12.716
KKFLS,1320,7.297,12.716
KKFLS,1321,7.297,12.716
KKFLS,1322,7.297,12.716
KKFLS,1323,7.297,12.716
KKFLS,1324,7.297,12.716
KKFLS,1325,7.297,12.716
KKFLS,1326,7.297,12.716
KKFLS,1327,7.297,12.716
KKFLS,1328,7.297,12.716
KKFLS,1329,7.297,12.716
KKFLS,1330,7.297,12.716
KKFLS,1331,7.297,12.716
KKFLS,1332,7.297,12.716
KKFLS,1333,7.297,12.716
KKFLS,1334,7.297,12.716
KKFLS,1335,7.297,12.716
KKFLS,1336,7.297,12.716
KKFLS,1337,7.297,12.716
KKFLS,1338,7.297,12.716
KKFLS,1339,7.297,12.716
KKFLS,1340,7.297,12.716
KKFLS,1341,7.297,12.716
KKFLS,1342,7.297,12.716
KKFLS,1343,7.297,12.716
KKFLS,1344,7.297,12.716
KKFLS,1345,7.297,12.716
KKFLS,1346,7.297,12.716
KKFLS,1347,7.297,12.716
KKFLS,1348,7.297,12.716
KKFLS,1349,7.297,12.716
KKFLS,1350,7.297,12.716
KKFLS,1351,7.297,12.716
KKFLS,1352,7.297,12.716
KKFLS,1353,7.297,12.716
KKFLS,1354,7.297,12.716
KKFLS,1355,7.297,12.716
KKFLS,1356,7.297,12.716
KKFLS,1357,7.297,12.716
KKFLS,1358,7.297,12.716
KKFLS,1359,7.297,12.716
KKFLS,1360,7.297,12.716
KKFLS,1361,7.297,12.716
KKFLS,1362,7.297,12.716
KKFLS,1363,7.297,12.716
KKFLS,1364,7.297,12.716
KKFLS,1365,7.297,12.716
KKFLS,1366,7.297,12.716
KKFLS,1367,7.297,12.716
KKFLS,1368,7.297,12.716
KKFLS,1369,7.297,12.716
KKFLS,1370,7.297,12.716
KKFLS,1371,7.297,12.716
KKFLS,1372,7.297,12.716
KKFLS,1373,7.297,12.716
KKFLS,1374,7.297,12.716
KKFLS,1375,7.297,12.716
KKFLS,1376,7.297,12.716
KKFLS,1377,7.297,12.716
KKFLS,1378,7.297,12.716
KKFLS,1379,7.297,12.716
KKFLS,1380,7.297,12.716
KKFLS,1381,7.297,12.716
KKFLS,1382,7.297,12.717
KKFLS,1383,7.297,12.717
KKFLS,1384,7.297,12.717
KKFLS,1385,7.297,12.717
KKFLS,1386,7.297,12.717
KKFLS,1387,7.297,12.717
KKFLS,1388,7.297,12.717
KKFLS,1389,7.297,12.717
KKFLS,1390,7.297,12.717
KKFLS,1391,7.297,12.717
KKFLS,1392,7.297,12.717
KKFLS,1393,7.297,12.717
KKFLS,1394,7.297,12.717
KKFLS,1395,7.297,12.717
KKFLS,1396,7.297,12.717
KKFLS,1397,7.297,12.717
KKFLS,1398,7.297,12.717
KKFLS,1399,7.297,12.717
KKFLS,1400,7.297,12.717
KKFLS,1401,7.297,12.717
KKFLS,1402,7.297,12.717
KKFLS,1403,7.297,12.717
KKFLS,1404,7.297,12.717
KKFLS,1405,7.297,12.717
KKFLS,1406,7.297,12.717
KKFLS,1407,7.297,12.717
KKFLS,1408,7.297,12.717
KKFLS,1409,7.297,12.717
KKFLS,1410,7.297,12.717
KKFLS,1411,7.297,12.717
KKFLS,1412,7.297,12.717
KKFLS,1413,7.297,12.717
KKFLS,1414,7.297,12.717
KKFLS,1415,7.298,12.717
KKFLS,1416,7.298,12.718
KKFLS,1417,7.298,12.718
KKFLS,1418,7.298,12.718
KKFLS,1419,7.298,12.718
KKFLS,1420,7.298,12.718
KKFLS,1421,7.298,12.718
KKFLS,1422,7.298,12.718
KKFLS,1423,7.298,12.718
KKFLS,1424,7.298,12.718
KKFLS,1425,7.298,12.718
KKFLS,1426,7.298,12.718
KKFLS,1427,7.298,12.718
KKFLS,1428,7.298,12.718
KKFLS,1429,7.298,12.718
KKFLS,1430,7.298,12.718
KKFLS,1431,7.298,12.718
KKFLS,1432,7.298,12.718
KKFLS,1433,7.298,12.718
KKFLS,1434,7.298,12.718
KKFLS,1435,7.298,12.718
KKFLS,1436,7.298,12.718
KKFLS,1437,7.298,12.718
KKFLS,1438,7.298,12.719
KKFLS,1439,7.298,12.719
KKFLS,1440,7.298,12.719
KKFLS,1441,7.298,12.719
KKFLS,1442,7.298,12.719
KKFLS,1443,7.298,12.719
KKFLS,1444,7.298,12.719
KKFLS,1445,7.298,12.719
KKFLS,1446,7.298,12.719
KKFLS,1447,7.298,12.719
KKFLS,1448,7.298,12.719
KKFLS,1449,7.298,12.719
KKFLS,1450,7.298,12.719
KKFLS,1451,7.298,12.719
KKFLS,1452,7.299,12.719
KKFLS,1453,7.299,12.719
KKFLS,1454,7.299,12.719
KKFLS,1455,7.299,12.719
KKFLS,1456,7.299,12.719
KKFLS,1457,7.299,12.720
KKFLS,1458,7.299,12.720
KKFLS,1459,7.299,12.720
KKFLS,1460,7.299,12.720
KKFLS,1461,7.299,12.720
KKFLS,1462,7.299,12.720
KKFLS,1463,7.299,12.720
KKFLS,1464,7.299,12.720
KKFLS,1465,7.299,12.720
KKFLS,1466,7.299,12.720
KKFLS,1467,7.299,12.720
KKFLS,1468,7.299,12.720
KKFLS,1469,7.299,12.720
KKFLS,1470,7.299,12.720
KKFLS,1471,7.299,12.720
KKFLS,1472,7.299,12.721
KKFLS,1473,7.299,12.721
KKFLS,1474,7.299,12.721
KKFLS,1475,7.299,12.721
KKFLS,1476,7.299,12.721
KKFLS,1477,7.299,12.721
KKFLS,1478,7.299,12.721
KKFLS,1479,7.300,12.721
KKFLS,1480,7.300,12.721
KKFLS,1481,7.300,12.721
KKFLS,1482,7.300,12.721
KKFLS,1483,7.300,12.721
KKFLS,1484,7.300,12.721
KKFLS,1485,7.300,12.721
KKFLS,1486,7.300,12.721
KKFLS,1487,7.300,12.722
KKFLS,1488,7.300,12.722
KKFLS,1489,7.300,12.722
KKFLS,1490,7.300,12.722
KKFLS,1491,7.300,12.722
KKFLS,1492,7.300,12.722
KKFLS,1493,7.300,12.722
KKFLS,1494,7.300,12.722
KKFLS,1495,7.300,12.722
KKFLS,1496,7.300,12.722
KKFLS,1497,7.300,12.722
KKFLS,1498,7.300,12.722
KKFLS,1499,7.300,12.723
KKFLS,1500,7.300,12.723
KKFLS,1501,7.300,12.723
KKFLS,1502,7.301,12.723
KKFLS,1503,7.301,12.723
KKFLS,1504,7.301,12.723
KKFLS,1505,7.301,12.723
KKFLS,1506,7.301,12.723
KKFLS,1507,7.301,12.723
KKFLS,1508,7.301,12.723
KKFLS,1509,7.301,12.723
KKFLS,1510,7.301,12.723
KKFLS,1511,7.301,12.724
KKFLS,1512,7.301,12.724
KKFLS,1513,7.301,12.724
KKFLS,1514,7.301,12.724
KKFLS,1515,7.301,12.724
KKFLS,1516,7.301,12.724
KKFLS,1517,7.301,12.724
KKFLS,1518,7.301,12.724
KKFLS,1519,7.301,12.724
KKFLS,1520,7.301,12.724
KKFLS,1521,7.301,12.724
KKFLS,1522,7.302,12.725
KKFLS,1523,7.302,12.725
KKFLS,1524,7.302,12.725
KKFLS,1525,7.302,12.725
KKFLS,1526,7.302,12.725
KKFLS,1527,7.302,12.725
KKFLS,1528,7.302,12.725
KKFLS,1529,7.302,12.725
KKFLS,1530,7.302,12.725
KKFLS,1531,7.302,12.725
KKFLS,1532,7.302,12.725
KKFLS,1533,7.302,12.726
KKFLS,1534,7.302,12.726
KKFLS,1535,7.302,12.726
KKFLS,1536,7.302,12.726
KKFLS,1537,7.302,12.726
KKFLS,1538,7.302,12.726
KKFLS,1539,7.302,12.726
KKFLS,1540,7.303,12.726
KKFLS,1541,7.303,12.726
KKFLS,1542,7.303,12.726
KKFLS,1543,7.303,12.727
KKFLS,1544,7.303,12.727
KKFLS,1545,7.303,12.727
KKFLS,1546,7.303,12.727
KKFLS,1547,7.303,12.727
KKFLS,1548,7.303,12.727
KKFLS,1549,7.303,12.727
KKFLS,1550,7.303,12.727
KKFLS,1551,7.303,12.727
KKFLS,1552,7.303,12.728
KKFLS,1553,7.303,12.728
KKFLS,1554,7.303,12.728
KKFLS,1555,7.303,12.728
KKFLS,1556,7.303,12.728
KKFLS,1557,7.304,12.728
KKFLS,1558,7.304,12.728
KKFLS,1559,7.304,12.728
KKFLS,1560,7.304,12.728
KKFLS,1561,7.304,12.729
KKFLS,1562,7.304,12.729
KKFLS,1563,7.304,12.729
KKFLS,1564,7.304,12.729
KKFLS,1565,7.304,12.729
KKFLS,1566,7.304,12.729
KKFLS,1567,7.304,12.729
KKFLS,1568,7.304,12.729
KKFLS,1569,7.304,12.729
KKFLS,1570,7.304,12.730
KKFLS,1571,7.304,12.730
KKFLS,1572,7.305,12.730
KKFLS,1573,7.305,12.730
KKFLS,1574,7.305,12.730
KKFLS,1575,7.305,12.730
KKFLS,1576,7.305,12.730
KKFLS,1577,7.305,12.730
KKFLS,1578,7.305,12.731
KKFLS,1579,7.305,12.731
KKFLS,1580,7.305,12.731
KKFLS,1581,7.305,12.731
KKFLS,1582,7.305,12.731
KKFLS,1583,7.305,12.731
KKFLS,1584,7.305,12.731
KKFLS,1585,7.305,12.731
KKFLS,1586,7.306,12.731
KKFLS,1587,7.306,12.732
KKFLS,1588,7.306,12.732
KKFLS,1589,7.306,12.732
KKFLS,1590,7.306,12.732
KKFLS,1591,7.306,12.732
KKFLS,1592,7.306,12.732
KKFLS,1593,7.306,12.732
KKFLS,1594,7.306,12.733
KKFLS,1595,7.306,12.733
KKFLS,1596,7.306,12.733
KKFLS,1597,7.306,12.733
KKFLS,1598,7.306,12.733
KKFLS,1599,7.306,12.733
KKFLS,1600,7.307,12.733
KKFLS,1601,7.307,12.733
KKFLS,1602,7.307,12.734
KKFLS,1603,7.307,12.734
KKFLS,1604,7.307,12.734
KKFLS,1605,7.307,12.734
KKFLS,1606,7.307,12.734
KKFLS,1607,7.307,12.734
KKFLS,1608,7.307,12.734
KKFLS,1609,7.307,12.735
KKFLS,1610,7.307,12.735
KKFLS,1611,7.307,12.735
KKFLS,1612,7.307,12.735
KKFLS,1613,7.308,12.735
KKFLS,1614,7.308,12.735
KKFLS,1615,7.308,12.735
KKFLS,1616,7.308,12.735
KKFLS,1617,7.308,12.736
KKFLS,1618,7.308,12.736
KKFLS,1619,7.308,12.736
KKFLS,1620,7.308,12.736
KKFLS,1621,7.308,12.736
KKFLS,1622,7.308,12.736
KKFLS,1623,7.308,12.736
KKFLS,1624,7.308,12.737
KKFLS,1625,7.309,12.737
KKFLS,1626,7.309,12.737
KKFLS,1627,7.309,12.737
KKFLS,1628,7.309,12.737
KKFLS,1629,7.309,12.737
KKFLS,1630,7.309,12.738
KKFLS,1631,7.309,12.738
KKFLS,1632,7.309,12.738
KKFLS,1633,7.309,12.738
KKFLS,1634,7.309,12.738
KKFLS,1635,7.309,12.738
KKFLS,1636,7.309,12.738
KKFLS,1637,7.310,12.739
KKFLS,1638,7.310,12.739
KKFLS,1639,7.310,12.739
KKFLS,1640,7.310,12.739
KKFLS,1641,7.310,12.739
KKFLS,1642,7.310,12.739
KKFLS,1643,7.310,12.739
KKFLS,1644,7.310,12.740
KKFLS,1645,7.310,12.740
KKFLS,1646,7.310,12.740
KKFLS,1647,7.310,12.740
KKFLS,1648,7.311,12.740
KKFLS,1649,7.311,12.740
KKFLS,1650,7.311,12.741
KKFLS,1651,7.311,12.741
KKFLS,1652,7.311,12.741
KKFLS,1653,7.311,12.741
KKFLS,1654,7.311,12.741
KKFLS,1655,7.311,12.741
KKFLS,1656,7.311,12.742
KKFLS,1657,7.311,12.742
KKFLS,1658,7.311,12.742
KKFLS,1659,7.312,12.742
KKFLS,1660,7.312,12.742
KKFLS,1661,7.312,12.742
KKFLS,1662,7.312,12.742
KKFLS,1663,7.312,12.743
KKFLS,1664,7.312,12.743
KKFLS,1665,7.312,12.743
KKFLS,1666,7.312,12.743
KKFLS,1667,7.312,12.743
KKFLS,1668,7.312,12.743
KKFLS,1669,7.312,12.744
KKFLS,1670,7.313,12.744
KKFLS,1671,7.313,12.744
KKFLS,1672,7.313,12.744
KKFLS,1673,7.313,12.744
KKFLS,1674,7.313,12.745
KKFLS,1675,7.313,12.745
KKFLS,1676,7.313,12.745
KKFLS,1677,7.313,12.745
KKFLS,1678,7.313,12.745
KKFLS,1679,7.313,12.745
KKFLS,1680,7.314,12.746
KKFLS,1681,7.314,12.746
KKFLS,1682,7.314,12.746
KKFLS,1683,7.314,12.746
KKFLS,1684,7.314,12.746
KKFLS,1685,7.314,12.746
KKFLS,1686,7.314,12.747
KKFLS,1687,7.314,12.747
KKFLS,1688,7.314,12.747
KKFLS,1689,7.314,12.747
KKFLS,1690,7.315,12.747
KKFLS,1691,7.315,12.747
KKFLS,1692,7.315,12.748
KKFLS,1693,7.315,12.748
KKFLS,1694,7.315,12.748
KKFLS,1695,7.315,12.748
KKFLS,1696,7.315,12.748
KKFLS,1697,7.315,12.749
KKFLS,1698,7.315,12.749
KKFLS,1699,7.315,12.749
KKFLS,1700,7.316,12.749
KKFLS,1701,7.316,12.749
KKFLS,1702,7.316,12.749
KKFLS,1703,7.316,12.750
KKFLS,1704,7.316,12.750
KKFLS,1705,7.316,12.750
KKFLS,1706,7.316,12.750
KKFLS,1707,7.316,12.750
KKFLS,1708,7.316,12.751
KKFLS,1709,7.317,12.751
KKFLS,1710,7.317,12.751
KKFLS,1711,7.317,12.751
KKFLS,1712,7.317,12.751
KKFLS,1713,7.317,12.752
KKFLS,1714,7.317,12.752
KKFLS,1715,7.317,12.752
KKFLS,1716,7.317,12.752
KKFLS,1717,7.317,12.752
KKFLS,1718,7.317,12.752
KKFLS,1719,7.318,12.753
KKFLS,1720,7.318,12.753
KKFLS,1721,7.318,12.753
KKFLS,1722,7.318,12.753
KKFLS,1723,7.318,12.753
KKFLS,1724,7.318,12.754
KKFLS,1725,7.318,12.754
KKFLS,1726,7.318,12.754
KKFLS,1727,7.318,12.754
KKFLS,1728,7.319,12.754
KKFLS,1729,7.319,12.755
KKFLS,1730,7.319,12.755
KKFLS,1731,7.319,12.755
KKFLS,1732,7.319,12.755
KKFLS,1733,7.319,12.755
KKFLS,1734,7.319,12.756
KKFLS,1735,7.319,12.756
KKFLS,1736,7.320,12.756
KKFLS,1737,7.320,12.756
KKFLS,1738,7.320,12.756
KKFLS,1739,7.320,12.757
KKFLS,1740,7.320,12.757
KKFLS,1741,7.320,12.757
KKFLS,1742,7.320,12.757
KKFLS,1743,7.320,12.757
KKFLS,1744,7.320,12.758
KKFLS,1745,7.321,12.758
KKFLS,1746,7.321,12.758
KKFLS,1747,7.321,12.758
KKFLS,1748,7.321,12.758
KKFLS,1749,7.321,12.759
KKFLS,1750,7.321,12.759
KKFLS,1751,7.321,12.759
KKFLS,1752,7.321,12.759
KKFLS,1753,7.322,12.760
KKFLS,1754,7.322,12.760
KKFLS,1755,7.322,12.760
KKFLS,1756,7.322,12.760
KKFLS,1757,7.322,12.760
KKFLS,1758,7.322,12.761
KKFLS,1759,7.322,12.761
KKFLS,1760,7.322,12.761
KKFLS,1761,7.322,12.761
KKFLS,1762,7.323,12.761
KKFLS,1763,7.323,12.762
KKFLS,1764,7.323,12.762
KKFLS,1765,7.323,12.762
KKFLS,1766,7.323,12.762
KKFLS,1767,7.323,12.763
KKFLS,1768,7.323,12.763
KKFLS,1769,7.323,12.763
KKFLS,1770,7.324,12.763
KKFLS,1771,7.324,12.763
KKFLS,1772,7.324,12.764
KKFLS,1773,7.324,12.764
KKFLS,1774,7.324,12.764
KKFLS,1775,7.324,12.764
KKFLS,1776,7.324,12.764
KKFLS,1777,7.324,12.765
KKFLS,1778,7.325,12.765
KKFLS,1779,7.325,12.765
KKFLS,1780,7.325,12.765
KKFLS,1781,7.325,12.766
KKFLS,1782,7.325,12.766
KKFLS,1783,7.325,12.766
KKFLS,1784,7.325,12.766
KKFLS,1785,7.326,12.766
KKFLS,1786,7.326,12.767
KKFLS,1787,7.326,12.767
KKFLS,1788,7.326,12.767
KKFLS,1789,7.326,12.767
KKFLS,1790,7.326,12.768
KKFLS,1791,7.326,12.768
KKFLS,1792,7.326,12.768
KKFLS,1793,7.327,12.768
KKFLS,1794,7.327,12.769
KKFLS,1795,7.327,12.769
KKFLS,1796,7.327,12.769
KKFLS,1797,7.327,12.769
KKFLS,1798,7.327,12.769
KKFLS,1799,7.327,12.770
KKFLS,1800,7.327,12.770
KKFLS,1801,7.328,12.770
KKFLS,1802,7.328,12.770
KKFLS,1803,7.328,12.771
KKFLS,1804,7.328,12.771
KKFLS,1805,7.328,12.771
KKFLS,1806,7.328,12.771
KKFLS,1807,7.328,12.772
KKFLS,1808,7.329,12.772
KKFLS,1809,7.329,12.772
KKFLS,1810,7.329,12.772
KKFLS,1811,7.329,12.773
KKFLS,1812,7.329,12.773
KKFLS,1813,7.329,12.773
KKFLS,1814,7.329,12.773
KKFLS,1815,7.330,12.774
KKFLS,1816,7.330,12.774
KKFLS,1817,7.330,12.774
KKFLS,1818,7.330,12.774
KKFLS,1819,7.330,12.774
KKFLS,1820,7.330,12.775
KKFLS,1821,7.330,12.775
KKFLS,1822,7.330,12.775
KKFLS,1823,7.331,12.775
KKFLS,1824,7.331,12.776
KKFLS,1825,7.331,12.776
KKFLS,1826,7.331,12.776
KKFLS,1827,7.331,12.776
KKFLS,1828,7.331,12.777
KKFLS,1829,7.331,12.777
KKFLS,1830,7.332,12.777
KKFLS,1831,7.332,12.777
KKFLS,1832,7.332,12.778
KKFLS,1833,7.332,12.778
KKFLS,1834,7.332,12.778
KKFLS,1835,7.332,12.778
KKFLS,1836,7.332,12.779
KKFLS,1837,7.333,12.779
KKFLS,1838,7.333,12.779
KKFLS,1839,7.333,12.779
KKFLS,1840,7.333,12.780
KKFLS,1841,7.333,12.780
KKFLS,1842,7.333,12.780
KKFLS,1843,7.333,12.780
KKFLS,1844,7.334,12.781
KKFLS,1845,7.334,12.781
KKFLS,1846,7.334,12.781
KKFLS,1847,7.334,12.781
KKFLS,1848,7.334,12.782
KKFLS,1849,7.334,12.782
KKFLS,1850,7.335,12.782
KKFLS,1851,7.335,12.783
KKFLS,1852,7.335,12.783
KKFLS,1853,7.335,12.783
KKFLS,1854,7.335,12.783
KKFLS,1855,7.335,12.784
KKFLS,1856,7.335,12.784
KKFLS,1857,7.336,12.784
KKFLS,1858,7.336,12.784
KKFLS,1859,7.336,12.785
KKFLS,1860,7.336,12.785
KKFLS,1861,7.336,12.785
KKFLS,1862,7.336,12.785
KKFLS,1863,7.336,12.786
KKFLS,1864,7.337,12.786
KKFLS,1865,7.337,12.786
KKFLS,1866,7.337,12.786
KKFLS,1867,7.337,12.787
KKFLS,1868,7.337,12.787
KKFLS,1869,7.337,12.787
KKFLS,1870,7.338,12.788
KKFLS,1871,7.338,12.788
KKFLS,1872,7.338,12.788
KKFLS,1873,7.338,12.788
KKFLS,1874,7.338,12.789
KKFLS,1875,7.338,12.789
KKFLS,1876,7.338,12.789
KKFLS,1877,7.339,12.789
KKFLS,1878,7.339,12.790
KKFLS,1879,7.339,12.790
KKFLS,1880,7.339,12.790
KKFLS,1881,7.339,12.791
KKFLS,1882,7.339,12.791
KKFLS,1883,7.340,12.791
KKFLS,1884,7.340,12.791
KKFLS,1885,7.340,12.792
KKFLS,1886,7.340,12.792
KKFLS,1887,7.340,12.792
KKFLS,1888,7.340,12.792
KKFLS,1889,7.341,12.793
KKFLS,1890,7.341,12.793
KKFLS,1891,7.341,12.793
KKFLS,1892,7.341,12.794
KKFLS,1893,7.341,12.794
KKFLS,1894,7.341,12.794
KKFLS,1895,7.341,12.794
KKFLS,1896,7.342,12.795
KKFLS,1897,7.342,12.795
KKFLS,1898,7.342,12.795
KKFLS,1899,7.342,12.796
KKFLS,1900,7.342,12.796
KKFLS,1901,7.342,12.796
KKFLS,1902,7.343,12.796
KKFLS,1903,7.343,12.797
KKFLS,1904,7.343,12.797
KKFLS,1905,7.343,12.797
KKFLS,1906,7.343,12.798
KKFLS,1907,7.343,12.798
KKFLS,1908,7.344,12.798
KKFLS,1909,7.344,12.798
KKFLS,1910,7.344,12.799
KKFLS,1911,7.344,12.799
KKFLS,1912,7.344,12.799
KKFLS,1913,7.344,12.800
KKFLS,1914,7.345,12.800
KKFLS,1915,7.345,12.800
KKFLS,1916,7.345,12.800
KKFLS,1917,7.345,12.801
KKFLS,1918,7.345,12.801
KKFLS,1919,7.345,12.801
KKFLS,1920,7.346,12.802
KKFLS,1921,7.346,12.802
KKFLS,1922,7.346,12.802
KKFLS,1923,7.346,12.802
KKFLS,1924,7.346,12.803
KKFLS,1925,7.346,12.803
KKFLS,1926,7.347,12.803
KKFLS,1927,7.347,12.804
KKFLS,1928,7.347,12.804
KKFLS,1929,7.347,12.804
KKFLS,1930,7.347,12.805
KKFLS,1931,7.347,12.805
KKFLS,1932,7.348,12.805
KKFLS,1933,7.348,12.805
KKFLS,1934,7.348,12.806
KKFLS,1935,7.348,12.806
KKFLS,1936,7.348,12.806
KKFLS,1937,7.348,12.807
KKFLS,1938,7.349,12.807
KKFLS,1939,7.349,12.807
KKFLS,1940,7.349,12.808
KKFLS,1941,7.349,12.808
KKFLS,1942,7.349,12.808
KKFLS,1943,7.350,12.809
KKFLS,1944,7.350,12.809
KKFLS,1945,7.350,12.809
KKFLS,1946,7.350,12.809
KKFLS,1947,7.350,12.810
KKFLS,1948,7.350,12.810
KKFLS,1949,7.351,12.810
KKFLS,1950,7.351,12.811
KKFLS,1951,7.351,12.811
KKFLS,1952,7.351,12.811
KKFLS,1953,7.351,12.812
KKFLS,1954,7.351,12.812
KKFLS,1955,7.352,12.812
KKFLS,1956,7.352,12.813
KKFLS,1957,7.352,12.813
KKFLS,1958,7.352,12.813
KKFLS,1959,7.352,12.813
KKFLS,1960,7.353,12.814
KKFLS,1961,7.353,12.814
KKFLS,1962,7.353,12.814
KKFLS,1963,7.353,12.815
KKFLS,1964,7.353,12.815
KKFLS,1965,7.353,12.815
KKFLS,1966,7.354,12.816
KKFLS,1967,7.354,12.816
KKFLS,1968,7.354,12.816
KKFLS,1969,7.354,12.817
KKFLS,1970,7.354,12.817
KKFLS,1971,7.355,12.817
KKFLS,1972,7.355,12.818
KKFLS,1973,7.355,12.818
KKFLS,1974,7.355,12.818
KKFLS,1975,7.355,12.819
KKFLS,1976,7.355,12.819
KKFLS,1977,7.356,12.819
KKFLS,1978,7.356,12.819
KKFLS,1979,7.356,12.820
KKFLS,1980,7.356,12.820
KKFLS,1981,7.356,12.820
KKFLS,1982,7.357,12.821
KKFLS,1983,7.357,12.821
KKFLS,1984,7.357,12.821
KKFLS,1985,7.357,12.822
KKFLS,1986,7.357,12.822
KKFLS,1987,7.357,12.822
KKFLS,1988,7.358,12.823
KKFLS,1989,7.358,12.823
KKFLS,1990,7.358,12.823
KKFLS,1991,7.358,12.824
KKFLS,1992,7.358,12.824
KKFLS,1993,7.359,12.824
KKFLS,1994,7.359,12.825
KKFLS,1995,7.359,12.825
KKFLS,1996,7.359,12.825
KKFLS,1997,7.359,12.826
KKFLS,1998,7.360,12.826
KKFLS,1999,7.360,12.826
KKFLS,2000,7.360,12.827
KKFLS,2001,7.360,12.827
KKFLS,2002,7.360,12.827
KKFLS,2003,7.360,12.828
KKFLS,2004,7.361,12.828
KKFLS,2005,7.361,12.828
KKFLS,2006,7.361,12.829
KKFLS,2007,7.361,12.829
KKFLS,2008,7.361,12.829
KKFLS,2009,7.362,12.830
KKFLS,2010,7.362,12.830
KKFLS,2011,7.362,12.830
KKFLS,2012,7.362,12.831
KKFLS,2013,7.362,12.831
KKFLS,2014,7.363,12.831
KKFLS,2015,7.363,12.832
KKFLS,2016,7.363,12.832
KKFLS,2017,7.363,12.832
KKFLS,2018,7.363,12.833
KKFLS,2019,7.364,12.833
KKFLS,2020,7.364,12.833
KKFLS,2021,7.364,12.834
KKFLS,2022,7.364,12.834
KKFLS,2023,7.364,12.835
KKFLS,2024,7.365,12.835
KKFLS,2025,7.365,12.835
KKFLS,2026,7.365,12.836
KKFLS,2027,7.365,12.836
KKFLS,2028,7.365,12.836
KKFLS,2029,7.366,12.837
KKFLS,2030,7.366,12.837
KKFLS,2031,7.366,12.837
KKFLS,2032,7.366,12.838
KKFLS,2033,7.366,12.838
KKFLS,2034,7.367,12.838
KKFLS,2035,7.367,12.839
KKFLS,2036,7.367,12.839
KKFLS,2037,7.367,12.839
KKFLS,2038,7.367,12.840
KKFLS,2039,7.368,12.840
KKFLS,2040,7.368,12.840
KKFLS,2041,7.368,12.841
KKFLS,2042,7.368,12.841
KKFLS,2043,7.368,12.842
KKFLS,2044,7.369,12.842
KKFLS,2045,7.369,12.842
KKFLS,2046,7.369,12.843
KKFLS,2047,7.369,12.843
KKFLS,2048,7.369,12.843
KKFLS,2049,7.370,12.844
KKFLS,2050,7.370,12.844
KKFLS,2051,7.370,12.844
KKFLS,2052,7.370,12.845
KKFLS,2053,7.370,12.845
KKFLS,2054,7.371,12.845
KKFLS,2055,7.371,12.846
KKFLS,2056,7.371,12.846
KKFLS,2057,7.371,12.847
KKFLS,2058,7.371,12.847
KKFLS,2059,7.372,12.847
KKFLS,2060,7.372,12.848
KKFLS,2061,7.372,12.848
KKFLS,2062,7.372,12.848
KKFLS,2063,7.372,12.849
KKFLS,2064,7.373,12.849
KKFLS,2065,7.373,12.849
KKFLS,2066,7.373,12.850
KKFLS,2067,7.373,12.850
KKFLS,2068,7.374,12.851
KKFLS,2069,7.374,12.851
KKFLS,2070,7.374,12.851
KKFLS,2071,7.374,12.852
KKFLS,2072,7.374,12.852
KKFLS,2073,7.375,12.852
KKFLS,2074,7.375,12.853
KKFLS,2075,7.375,12.853
KKFLS,2076,7.375,12.854
KKFLS,2077,7.375,12.854
KKFLS,2078,7.376,12.854
KKFLS,2079,7.376,12.855
KKFLS,2080,7.376,12.855
KKFLS,2081,7.376,12.855
KKFLS,2082,7.377,12.856
KKFLS,2083,7.377,12.856
KKFLS,2084,7.377,12.857
KKFLS,2085,7.377,12.857
KKFLS,2086,7.377,12.857
KKFLS,2087,7.378,12.858
KKFLS,2088,7.378,12.858
KKFLS,2089,7.378,12.858
KKFLS,2090,7.378,12.859
KKFLS,2091,7.378,12.859
KKFLS,2092,7.379,12.860
KKFLS,2093,7.379,12.860
KKFLS,2094,7.379,12.860
KKFLS,2095,7.379,12.861
KKFLS,2096,7.380,12.861
KKFLS,2097,7.380,12.861
KKFLS,2098,7.380,12.862
KKFLS,2099,7.380,12.862
KKFLS,2100,7.380,12.863
KKFLS,2101,7.381,12.863
KKFLS,2102,7.381,12.863
KKFLS,2103,7.381,12.864
KKFLS,2104,7.381,12.864
KKFLS,2105,7.382,12.865
KKFLS,2106,7.382,12.865
KKFLS,2107,7.382,12.865
KKFLS,2108,7.382,12.866
KKFLS,2109,7.382,12.866
KKFLS,2110,7.383,12.866
KKFLS,2111,7.383,12.867
KKFLS,2112,7.383,12.867
KKFLS,2113,7.383,12.868
KKFLS,2114,7.383,12.868
KKFLS,2115,7.384,12.868
KKFLS,2116,7.384,12.869
KKFLS,2117,7.384,12.869
KKFLS,2118,7.384,12.870
KKFLS,2119,7.385,12.870
KKFLS,2120,7.385,12.870
KKFLS,2121,7.385,12.871
KKFLS,2122,7.385,12.871
KKFLS,2123,7.386,12.872
KKFLS,2124,7.386,12.872
KKFLS,2125,7.386,12.872
KKFLS,2126,7.386,12.873
KKFLS,2127,7.386,12.873
KKFLS,2128,7.387,12.874
KKFLS,2129,7.387,12.874
KKFLS,2130,7.387,12.874
KKFLS,2131,7.387,12.875
KKFLS,2132,7.388,12.875
KKFLS,2133,7.388,12.875
KKFLS,2134,7.388,12.876
KKFLS,2135,7.388,12.876
KKFLS,2136,7.388,12.877
KKFLS,2137,7.389,12.877
KKFLS,2138,7.389,12.878
KKFLS,2139,7.389,12.878
KKFLS,2140,7.389,12.878
KKFLS,2141,7.390,12.879
KKFLS,2142,7.390,12.879
KKFLS,2143,7.390,12.880
KKFLS,2144,7.390,12.880
KKFLS,2145,7.391,12.880
KKFLS,2146,7.391,12.881
KKFLS,2147,7.391,12.881
KKFLS,2148,7.391,12.882
KKFLS,2149,7.391,12.882
KKFLS,2150,7.392,12.882
KKFLS,2151,7.392,12.883
KKFLS,2152,7.392,12.883
KKFLS,2153,7.392,12.884
KKFLS,2154,7.393,12.884
KKFLS,2155,7.393,12.884
KKFLS,2156,7.393,12.885
KKFLS,2157,7.393,12.885
KKFLS,2158,7.394,12.886
KKFLS,2159,7.394,12.886
KKFLS,2160,7.394,12.886
KKFLS,2161,7.394,12.887
KKFLS,2162,7.395,12.887
KKFLS,2163,7.395,12.888
KKFLS,2164,7.395,12.888
KKFLS,2165,7.395,12.889
KKFLS,2166,7.395,12.889
KKFLS,2167,7.396,12.889
KKFLS,2168,7.396,12.890
KKFLS,2169,7.396,12.890
KKFLS,2170,7.396,12.891
KKFLS,2171,7.397,12.891
KKFLS,2172,7.397,12.891
KKFLS,2173,7.397,12.892
KKFLS,2174,7.397,12.892
KKFLS,2175,7.398,12.893
KKFLS,2176,7.398,12.893
KKFLS,2177,7.398,12.894
KKFLS,2178,7.398,12.894
KKFLS,2179,7.399,12.894
KKFLS,2180,7.399,12.895
KKFLS,2181,7.399,12.895
KKFLS,2182,7.399,12.896
KKFLS,2183,7.400,12.896
KKFLS,2184,7.400,12.897
KKFLS,2185,7.400,12.897
KKFLS,2186,7.400,12.897
KKFLS,2187,7.401,12.898
KKFLS,2188,7.401,12.898
KKFLS,2189,7.401,12.899
KKFLS,2190,7.401,12.899
KKFLS,2191,7.401,12.899
KKFLS,2192,7.402,12.900
KKFLS,2193,7.402,12.900
KKFLS,2194,7.402,12.901
KKFLS,2195,7.402,12.901
KKFLS,2196,7.403,12.902
KKFLS,2197,7.403,12.902
KKFLS,2198,7.403,12.903
KKFLS,2199,7.403,12.903
KKFLS,2200,7.404,12.903
KKFLS,2201,7.404,12.904
KKFLS,2202,7.404,12.904
KKFLS,2203,7.404,12.905
KKFLS,2204,7.405,12.905
KKFLS,2205,7.405,12.906
KKFLS,2206,7.405,12.906
KKFLS,2207,7.405,12.906
KKFLS,2208,7.406,12.907
KKFLS,2209,7.406,12.907
KKFLS,2210,7.406,12.908
KKFLS,2211,7.406,12.908
KKFLS,2212,7.407,12.909
KKFLS,2213,7.407,12.909
KKFLS,2214,7.407,12.909
KKFLS,2215,7.407,12.910
KKFLS,2216,7.408,12.910
KKFLS,2217,7.408,12.911
KKFLS,2218,7.408,12.911
KKFLS,2219,7.408,12.912
KKFLS,2220,7.409,12.912
KKFLS,2221,7.409,12.913
KKFLS,2222,7.409,12.913
KKFLS,2223,7.409,12.913
KKFLS,2224,7.410,12.914
KKFLS,2225,7.410,12.914
KKFLS,2226,7.410,12.915
KKFLS,2227,7.410,12.915
KKFLS,2228,7.411,12.916
KKFLS,2229,7.411,12.916
KKFLS,2230,7.411,12.917
KKFLS,2231,7.411,12.917
KKFLS,2232,7.412,12.917
KKFLS,2233,7.412,12.918
KKFLS,2234,7.412,12.918
KKFLS,2235,7.413,12.919
KKFLS,2236,7.413,12.919
KKFLS,2237,7.413,12.920
KKFLS,2238,7.413,12.920
KKFLS,2239,7.414,12.921
KKFLS,2240,7.414,12.921
KKFLS,2241,7.414,12.922
KKFLS,2242,7.414,12.922
KKFLS,2243,7.415,12.922
KKFLS,2244,7.415,12.923
KKFLS,2245,7.415,12.923
KKFLS,2246,7.415,12.924
KKFLS,2247,7.416,12.924
KKFLS,2248,7.416,12.925
KKFLS,2249,7.416,12.925
KKFLS,2250,7.416,12.926
KKFLS,2251,7.417,12.926
KKFLS,2252,7.417,12.927
KKFLS,2253,7.417,12.927
KKFLS,2254,7.417,12.927
KKFLS,2255,7.418,12.928
KKFLS,2256,7.418,12.928
KKFLS,2257,7.418,12.929
KKFLS,2258,7.418,12.929
KKFLS,2259,7.419,12.930
KKFLS,2260,7.419,12.930
KKFLS,2261,7.419,12.931
KKFLS,2262,7.420,12.931
KKFLS,2263,7.420,12.932
KKFLS,2264,7.420,12.932
KKFLS,2265,7.420,12.932
KKFLS,2266,7.421,12.933
KKFLS,2267,7.421,12.933
KKFLS,2268,7.421,12.934
KKFLS,2269,7.421,12.934
KKFLS,2270,7.422,12.935
KKFLS,2271,7.422,12.935
KKFLS,2272,7.422,12.936
KKFLS,2273,7.422,12.936
KKFLS,2274,7.423,12.937
KKFLS,2275,7.423,12.937
KKFLS,2276,7.423,12.938
KKFLS,2277,7.424,12.938
KKFLS,2278,7.424,12.939
KKFLS,2279,7.424,12.939
KKFLS,2280,7.424,12.940
KKFLS,2281,7.425,12.940
KKFLS,2282,7.425,12.940
KKFLS,2283,7.425,12.941
KKFLS,2284,7.425,12.941
KKFLS,2285,7.426,12.942
KKFLS,2286,7.426,12.942
KKFLS,2287,7.426,12.943
KKFLS,2288,7.427,12.943
KKFLS,2289,7.427,12.944
KKFLS,2290,7.427,12.944
KKFLS,2291,7.427,12.945
KKFLS,2292,7.428,12.945
KKFLS,2293,7.428,12.946
KKFLS,2294,7.428,12.946
KKFLS,2295,7.428,12.947
KKFLS,2296,7.429,12.947
KKFLS,2297,7.429,12.948
KKFLS,2298,7.429,12.948
KKFLS,2299,7.430,12.949
KKFLS,2300,7.430,12.949
KKFLS,2301,7.430,12.950
KKFLS,2302,7.430,12.950
KKFLS,2303,7.431,12.950
KKFLS,2304,7.431,12.951
KKFLS,2305,7.431,12.951
KKFLS,2306,7.431,12.952
KKFLS,2307,7.432,12.952
KKFLS,2308,7.432,12.953
KKFLS,2309,7.432,12.953
KKFLS,2310,7.433,12.954
KKFLS,2311,7.433,12.954
KKFLS,2312,7.433,12.955
KKFLS,2313,7.433,12.955
KKFLS,2314,7.434,12.956
KKFLS,2315,7.434,12.956
KKFLS,2316,7.434,12.957
KKFLS,2317,7.435,12.957
KKFLS,2318,7.435,12.958
KKFLS,2319,7.435,12.958
KKFLS,2320,7.435,12.959
KKFLS,2321,7.436,12.959
KKFLS,2322,7.436,12.960
KKFLS,2323,7.436,12.960
KKFLS,2324,7.436,12.961
KKFLS,2325,7.437,12.961
KKFLS,2326,7.437,12.962
KKFLS,2327,7.437,12.962
KKFLS,2328,7.438,12.963
KKFLS,2329,7.438,12.963
KKFLS,2330,7.438,12.964
KKFLS,2331,7.438,12.964
KKFLS,2332,7.439,12.965
KKFLS,2333,7.439,12.965
KKFLS,2334,7.439,12.966
KKFLS,2335,7.440,12.966
KKFLS,2336,7.440,12.967
KKFLS,2337,7.440,12.967
KKFLS,2338,7.440,12.968
KKFLS,2339,7.441,12.968
KKFLS,2340,7.441,12.969
KKFLS,2341,7.441,12.969
KKFLS,2342,7.442,12.970
KKFLS,2343,7.442,12.970
KKFLS,2344,7.442,12.971
KKFLS,2345,7.442,12.971
KKFLS,2346,7.443,12.972
KKFLS,2347,7.443,12.972
KKFLS,2348,7.443,12.973
KKFLS,2349,7.444,12.973
KKFLS,2350,7.444,12.974
KKFLS,2351,7.444,12.974
KKFLS,2352,7.444,12.975
KKFLS,2353,7.445,12.975
KKFLS,2354,7.445,12.976
KKFLS,2355,7.445,12.976
KKFLS,2356,7.446,12.977
KKFLS,2357,7.446,12.977
KKFLS,2358,7.446,12.978
KKFLS,2359,7.446,12.978
KKFLS,2360,7.447,12.979
KKFLS,2361,7.447,12.979
KKFLS,2362,7.447,12.980
KKFLS,2363,7.448,12.980
KKFLS,2364,7.448,12.981
KKFLS,2365,7.448,12.981
KKFLS,2366,7.449,12.982
KKFLS,2367,7.449,12.982
KKFLS,2368,7.449,12.983
KKFLS,2369,7.449,12.983
KKFLS,2370,7.450,12.984
KKFLS,2371,7.450,12.984
KKFLS,2372,7.450,12.985
KKFLS,2373,7.451,12.985
KKFLS,2374,7.451,12.986
KKFLS,2375,7.451,12.986
KKFLS,2376,7.451,12.987
KKFLS,2377,7.452,12.987
KKFLS,2378,7.452,12.988
KKFLS,2379,7.452,12.989
KKFLS,2380,7.453,12.989
KKFLS,2381,7.453,12.990
KKFLS,2382,7.453,12.990
KKFLS,2383,7.454,12.991
KKFLS,2384,7.454,12.991
KKFLS,2385,7.454,12.992
KKFLS,2386,7.454,12.992
KKFLS,2387,7.455,12.993
KKFLS,2388,7.455,12.993
KKFLS,2389,7.455,12.994
KKFLS,2390,7.456,12.994
KKFLS,2391,7.456,12.995
KKFLS,2392,7.456,12.995
KKFLS,2393,7.457,12.996
KKFLS,2394,7.457,12.996
KKFLS,2395,7.457,12.997
KKFLS,2396,7.457,12.997
KKFLS,2397,7.458,12.998
KKFLS,2398,7.458,12.998
KKFLS,2399,7.458,12.999
KKFLS,2400,7.459,13.000
KKFLS,2401,7.459,13.000
KKFLS,2402,7.459,13.001
KKFLS,2403,7.460,13.001
KKFLS,2404,7.460,13.002
KKFLS,2405,7.460,13.002
KKFLS,2406,7.460,13.003
KKFLS,2407,7.461,13.003
KKFLS,2408,7.461,13.004
KKFLS,2409,7.461,13.004
KKFLS,2410,7.462,13.005
KKFLS,2411,7.462,13.005
KKFLS,2412,7.462,13.006
KKFLS,2413,7.463,13.006
KKFLS,2414,7.463,13.007
KKFLS,2415,7.463,13.007
KKFLS,2416,7.464,13.008
KKFLS,2417,7.464,13.009
KKFLS,2418,7.464,13.009
KKFLS,2419,7.464,13.010
KKFLS,2420,7.465,13.010
KKFLS,2421,7.465,13.011
KKFLS,2422,7.465,13.011
KKFLS,2423,7.466,13.012
KKFLS,2424,7.466,13.012
KKFLS,2425,7.466,13.013
KKFLS,2426,7.467,13.013
KKFLS,2427,7.467,13.014
KKFLS,2428,7.467,13.015
KKFLS,2429,7.468,13.015
KKFLS,2430,7.468,13.016
KKFLS,2431,7.468,13.016
KKFLS,2432,7.468,13.017
KKFLS,2433,7.469,13.017
KKFLS,2434,7.469,13.018
KKFLS,2435,7.469,13.018
KKFLS,2436,7.470,13.019
KKFLS,2437,7.470,13.019
KKFLS,2438,7.470,13.020
KKFLS,2439,7.471,13.020
KKFLS,2440,7.471,13.021
KKFLS,2441,7.471,13.022
KKFLS,2442,7.472,13.022
KKFLS,2443,7.472,13.023
KKFLS,2444,7.472,13.023
KKFLS,2445,7.473,13.024
KKFLS,2446,7.473,13.024
KKFLS,2447,7.473,13.025
KKFLS,2448,7.473,13.025
KKFLS,2449,7.474,13.026
KKFLS,2450,7.474,13.027
KKFLS,2451,7.474,13.027
KKFLS,2452,7.475,13.028
KKFLS,2453,7.475,13.028
KKFLS,2454,7.475,13.029
KKFLS,2455,7.476,13.029
KKFLS,2456,7.476,13.030
KKFLS,2457,7.476,13.030
KKFLS,2458,7.477,13.031
KKFLS,2459,7.477,13.032
KKFLS,2460,7.477,13.032
KKFLS,2461,7.478,13.033
KKFLS,2462,7.478,13.033
KKFLS,2463,7.478,13.034
KKFLS,2464,7.479,13.034
KKFLS,2465,7.479,13.035
KKFLS,2466,7.479,13.035
KKFLS,2467,7.479,13.036
KKFLS,2468,7.480,13.037
KKFLS,2469,7.480,13.037
KKFLS,2470,7.480,13.038
KKFLS,2471,7.481,13.038
KKFLS,2472,7.481,13.039
KKFLS,2473,7.481,13.039
KKFLS,2474,7.482,13.040
KKFLS,2475,7.482,13.041
KKFLS,2476,7.482,13.041
KKFLS,2477,7.483,13.042
KKFLS,2478,7.483,13.042
KKFLS,2479,7.483,13.043
KKFLS,2480,7.484,13.043
KKFLS,2481,7.484,13.044
KKFLS,2482,7.484,13.044
KKFLS,2483,7.485,13.045
KKFLS,2484,7.485,13.046
KKFLS,2485,7.485,13.046
KKFLS,2486,7.486,13.047
KKFLS,2487,7.486,13.047
KKFLS,2488,7.486,13.048
KKFLS,2489,7.487,13.048
KKFLS,2490,7.487,13.049
KKFLS,2491,7.487,13.050
KKFLS,2492,7.488,13.050
KKFLS,2493,7.488,13.051
KKFLS,2494,7.488,13.051
KKFLS,2495,7.489,13.052
KKFLS,2496,7.489,13.052
KKFLS,2497,7.489,13.053
KKFLS,2498,7.490,13.054
KKFLS,2499,7.490,13.054
KKFLS,2500,7.490,13.055
KKFLS,2501,7.491,13.055
KKFLS,2502,7.491,13.056
KKFLS,2503,7.491,13.056
KKFLS,2504,7.492,13.057
KKFLS,2505,7.492,13.058
KKFLS,2506,7.492,13.058
KKFLS,2507,7.493,13.059
KKFLS,2508,7.493,13.059
KKFLS,2509,7.493,13.060
KKFLS,2510,7.493,13.061
KKFLS,2511,7.494,13.061
KKFLS,2512,7.494,13.062
KKFLS,2513,7.494,13.062
KKFLS,2514,7.495,13.063
KKFLS,2515,7.495,13.063
KKFLS,2516,7.495,13.064
KKFLS,2517,7.496,13.065
KKFLS,2518,7.496,13.065
KKFLS,2519,7.496,13.066
KKFLS,2520,7.497,13.066
KKFLS,2521,7.497,13.067
KKFLS,2522,7.497,13.068
KKFLS,2523,7.498,13.068
KKFLS,2524,7.498,13.069
KKFLS,2525,7.499,13.069
KKFLS,2526,7.499,13.070
KKFLS,2527,7.499,13.070
KKFLS,2528,7.500,13.071
KKFLS,2529,7.500,13.072
KKFLS,2530,7.500,13.072
KKFLS,2531,7.501,13.073
KKFLS,2532,7.501,13.073
KKFLS,2533,7.501,13.074
KKFLS,2534,7.502,13.075
KKFLS,2535,7.502,13.075
KKFLS,2536,7.502,13.076
KKFLS,2537,7.503,13.076
KKFLS,2538,7.503,13.077
KKFLS,2539,7.503,13.078
KKFLS,2540,7.504,13.078
KKFLS,2541,7.504,13.079
KKFLS,2542,7.504,13.079
KKFLS,2543,7.505,13.080
KKFLS,2544,7.505,13.081
KKFLS,2545,7.505,13.081
KKFLS,2546,7.506,13.082
KKFLS,2547,7.506,13.082
KKFLS,2548,7.506,13.083
KKFLS,2549,7.507,13.084
KKFLS,2550,7.507,13.084
KKFLS,2551,7.507,13.085
KKFLS,2552,7.508,13.085
KKFLS,2553,7.508,13.086
KKFLS,2554,7.508,13.087
KKFLS,2555,7.509,13.087
KKFLS,2556,7.509,13.088
KKFLS,2557,7.509,13.088
KKFLS,2558,7.510,13.089
KKFLS,2559,7.510,13.090
KKFLS,2560,7.510,13.090
KKFLS,2561,7.511,13.091
KKFLS,2562,7.511,13.091
KKFLS,2563,7.511,13.092
KKFLS,2564,7.512,13.093
KKFLS,2565,7.512,13.093
KKFLS,2566,7.512,13.094
KKFLS,2567,7.513,13.094
KKFLS,2568,7.513,13.095
KKFLS,2569,7.514,13.096
KKFLS,2570,7.514,13.096
KKFLS,2571,7.514,13.097
KKFLS,2572,7.515,13.097
KKFLS,2573,7.515,13.098
KKFLS,2574,7.515,13.099
KKFLS,2575,7.516,13.099
KKFLS,2576,7.516,13.100
KKFLS,2577,7.516,13.101
KKFLS,2578,7.517,13.101
KKFLS,2579,7.517,13.102
KKFLS,2580,7.517,13.102
KKFLS,2581,7.518,13.103
KKFLS,2582,7.518,13.104
KKFLS,2583,7.518,13.104
KKFLS,2584,7.519,13.105
KKFLS,2585,7.519,13.105
KKFLS,2586,7.519,13.106
KKFLS,2587,7.520,13.107
KKFLS,2588,7.520,13.107
KKFLS,2589,7.521,13.108
KKFLS,2590,7.521,13.109
KKFLS,2591,7.521,13.109
KKFLS,2592,7.522,13.110
KKFLS,2593,7.522,13.110
KKFLS,2594,7.522,13.111
KKFLS,2595,7.523,13.112
KKFLS,2596,7.523,13.112
KKFLS,2597,7.523,13.113
KKFLS,2598,7.524,13.113
KKFLS,2599,7.524,13.114
KKFLS,2600,7.524,13.115
KKFLS,2601,7.525,13.115
KKFLS,2602,7.525,13.116
KKFLS,2603,7.526,13.117
KKFLS,2604,7.526,13.117
KKFLS,2605,7.526,13.118
KKFLS,2606,7.527,13.118
KKFLS,2607,7.527,13.119
KKFLS,2608,7.527,13.120
KKFLS,2609,7.528,13.120
KKFLS,2610,7.528,13.121
KKFLS,2611,7.528,13.122
KKFLS,2612,7.529,13.122
KKFLS,2613,7.529,13.123
KKFLS,2614,7.529,13.123
KKFLS,2615,7.530,13.124
KKFLS,2616,7.530,13.125
KKFLS,2617,7.531,13.125
KKFLS,2618,7.531,13.126
KKFLS,2619,7.531,13.127
KKFLS,2620,7.532,13.127
KKFLS,2621,7.532,13.128
KKFLS,2622,7.532,13.129
KKFLS,2623,7.533,13.129
KKFLS,2624,7.533,13.130
KKFLS,2625,7.533,13.130
KKFLS,2626,7.534,13.131
KKFLS,2627,7.534,13.132
KKFLS,2628,7.535,13.132
KKFLS,2629,7.535,13.133
KKFLS,2630,7.535,13.134
KKFLS,2631,7.536,13.134
KKFLS,2632,7.536,13.135
KKFLS,2633,7.536,13.136
KKFLS,2634,7.537,13.136
KKFLS,2635,7.537,13.137
KKFLS,2636,7.537,13.137
KKFLS,2637,7.538,13.138
KKFLS,2638,7.538,13.139
KKFLS,2639,7.539,13.139
KKFLS,2640,7.539,13.140
KKFLS,2641,7.539,13.141
KKFLS,2642,7.540,13.141
KKFLS,2643,7.540,13.142
KKFLS,2644,7.540,13.143
KKFLS,2645,7.541,13.143
KKFLS,2646,7.541,13.144
KKFLS,2647,7.541,13.145
KKFLS,2648,7.542,13.145
KKFLS,2649,7.542,13.146
KKFLS,2650,7.543,13.146
KKFLS,2651,7.543,13.147
KKFLS,2652,7.543,13.148
KKFLS,2653,7.544,13.148
KKFLS,2654,7.544,13.149
KKFLS,2655,7.544,13.150
KKFLS,2656,7.545,13.150
KKFLS,2657,7.545,13.151
KKFLS,2658,7.546,13.152
KKFLS,2659,7.546,13.152
KKFLS,2660,7.546,13.153
KKFLS,2661,7.547,13.154
KKFLS,2662,7.547,13.154
KKFLS,2663,7.547,13.155
KKFLS,2664,7.548,13.156
KKFLS,2665,7.548,13.156
KKFLS,2666,7.548,13.157
KKFLS,2667,7.549,13.157
KKFLS,2668,7.549,13.158
KKFLS,2669,7.550,13.159
KKFLS,2670,7.550,13.159
KKFLS,2671,7.550,13.160
KKFLS,2672,7.551,13.161
KKFLS,2673,7.551,13.161
KKFLS,2674,7.551,13.162
KKFLS,2675,7.552,13.163
KKFLS,2676,7.552,13.163
KKFLS,2677,7.553,13.164
KKFLS,2678,7.553,13.165
KKFLS,2679,7.553,13.165
KKFLS,2680,7.554,13.166
KKFLS,2681,7.554,13.167
KKFLS,2682,7.554,13.167
KKFLS,2683,7.555,13.168
KKFLS,2684,7.555,13.169
KKFLS,2685,7.556,13.169
KKFLS,2686,7.556,13.170
KKFLS,2687,7.556,13.171
KKFLS,2688,7.557,13.171
KKFLS,2689,7.557,13.172
KKFLS,2690,7.558,13.173
KKFLS,2691,7.558,13.173
KKFLS,2692,7.558,13.174
KKFLS,2693,7.559,13.175
KKFLS,2694,7.559,13.175
KKFLS,2695,7.559,13.176
KKFLS,2696,7.560,13.177
KKFLS,2697,7.560,13.177
KKFLS,2698,7.561,13.178
KKFLS,2699,7.561,13.179
KKFLS,2700,7.561,13.179
KKFLS,2701,7.562,13.180
KKFLS,2702,7.562,13.181
KKFLS,2703,7.562,13.181
KKFLS,2704,7.563,13.182
KKFLS,2705,7.563,13.183
KKFLS,2706,7.564,13.183
KKFLS,2707,7.564,13.184
KKFLS,2708,7.564,13.185
KKFLS,2709,7.565,13.185
KKFLS,2710,7.565,13.186
KKFLS,2711,7.566,13.187
KKFLS,2712,7.566,13.187
KKFLS,2713,7.566,13.188
KKFLS,2714,7.567,13.189
KKFLS,2715,7.567,13.189
KKFLS,2716,7.567,13.190
KKFLS,2717,7.568,13.191
KKFLS,2718,7.568,13.191
KKFLS,2719,7.569,13.192
KKFLS,2720,7.569,13.193
KKFLS,2721,7.569,13.193
KKFLS,2722,7.570,13.194
KKFLS,2723,7.570,13.195
KKFLS,2724,7.571,13.195
KKFLS,2725,7.571,13.196
KKFLS,2726,7.571,13.197
KKFLS,2727,7.572,13.198
KKFLS,2728,7.572,13.198
KKFLS,2729,7.573,13.199
KKFLS,2730,7.573,13.200
KKFLS,2731,7.573,13.200
KKFLS,2732,7.574,13.201
KKFLS,2733,7.574,13.202
KKFLS,2734,7.574,13.202
KKFLS,2735,7.575,13.203
KKFLS,2736,7.575,13.204
KKFLS,2737,7.576,13.204
KKFLS,2738,7.576,13.205
KKFLS,2739,7.576,13.206
KKFLS,2740,7.577,13.206
KKFLS,2741,7.577,13.207
KKFLS,2742,7.578,13.208
KKFLS,2743,7.578,13.208
KKFLS,2744,7.578,13.209
KKFLS,2745,7.579,13.210
KKFLS,2746,7.579,13.211
KKFLS,2747,7.580,13.211
KKFLS,2748,7.580,13.212
KKFLS,2749,7.580,13.213
KKFLS,2750,7.581,13.213
KKFLS,2751,7.581,13.214
KKFLS,2752,7.582,13.215
KKFLS,2753,7.582,13.215
KKFLS,2754,7.582,13.216
KKFLS,2755,7.583,13.217
KKFLS,2756,7.583,13.217
KKFLS,2757,7.584,13.218
KKFLS,2758,7.584,13.219
KKFLS,2759,7.584,13.220
KKFLS,2760,7.585,13.220
KKFLS,2761,7.585,13.221
KKFLS,2762,7.586,13.222
KKFLS,2763,7.586,13.222
KKFLS,2764,7.586,13.223
KKFLS,2765,7.587,13.224
KKFLS,2766,7.587,13.224
KKFLS,2767,7.588,13.225
KKFLS,2768,7.588,13.226
KKFLS,2769,7.588,13.227
KKFLS,2770,7.589,13.227
KKFLS,2771,7.589,13.228
KKFLS,2772,7.590,13.229
KKFLS,2773,7.590,13.229
KKFLS,2774,7.590,13.230
KKFLS,2775,7.591,13.231
KKFLS,2776,7.591,13.231
KKFLS,2777,7.592,13.232
KKFLS,2778,7.592,13.233
KKFLS,2779,7.592,13.234
KKFLS,2780,7.593,13.234
KKFLS,2781,7.593,13.235
KKFLS,2782,7.594,13.236
KKFLS,2783,7.594,13.236
KKFLS,2784,7.594,13.237
KKFLS,2785,7.595,13.238
KKFLS,2786,7.595,13.239
KKFLS,2787,7.596,13.239
KKFLS,2788,7.596,13.240
KKFLS,2789,7.596,13.241
KKFLS,2790,7.597,13.241
KKFLS,2791,7.597,13.242
KKFLS,2792,7.598,13.243
KKFLS,2793,7.598,13.243
KKFLS,2794,7.598,13.244
KKFLS,2795,7.599,13.245
KKFLS,2796,7.599,13.246
KKFLS,2797,7.600,13.246
KKFLS,2798,7.600,13.247
KKFLS,2799,7.600,13.248
KKFLS,2800,7.601,13.248
KKFLS,2801,7.601,13.249
KKFLS,2802,7.602,13.250
KKFLS,2803,7.602,13.251
KKFLS,2804,7.602,13.251
KKFLS,2805,7.603,13.252
KKFLS,2806,7.603,13.253
KKFLS,2807,7.604,13.253
KKFLS,2808,7.604,13.254
KKFLS,2809,7.604,13.255
KKFLS,2810,7.605,13.256
KKFLS,2811,7.605,13.256
KKFLS,2812,7.606,13.257
KKFLS,2813,7.606,13.258
KKFLS,2814,7.607,13.259
KKFLS,2815,7.607,13.259
KKFLS,2816,7.607,13.260
KKFLS,2817,7.608,13.261
KKFLS,2818,7.608,13.261
KKFLS,2819,7.609,13.262
KKFLS,2820,7.609,13.263
KKFLS,2821,7.609,13.264
KKFLS,2822,7.610,13.264
KKFLS,2823,7.610,13.265
KKFLS,2824,7.611,13.266
KKFLS,2825,7.611,13.266
KKFLS,2826,7.612,13.267
KKFLS,2827,7.612,13.268
KKFLS,2828,7.612,13.269
KKFLS,2829,7.613,13.269
KKFLS,2830,7.613,13.270
KKFLS,2831,7.614,13.271
KKFLS,2832,7.614,13.272
KKFLS,2833,7.614,13.272
KKFLS,2834,7.615,13.273
KKFLS,2835,7.615,13.274
KKFLS,2836,7.616,13.274
KKFLS,2837,7.616,13.275
KKFLS,2838,7.616,13.276
KKFLS,2839,7.617,13.277
KKFLS,2840,7.617,13.277
KKFLS,2841,7.618,13.278
KKFLS,2842,7.618,13.279
KKFLS,2843,7.619,13.280
KKFLS,2844,7.619,13.280
KKFLS,2845,7.619,13.281
KKFLS,2846,7.620,13.282
KKFLS,2847,7.620,13.283
KKFLS,2848,7.621,13.283
KKFLS,2849,7.621,13.284
KKFLS,2850,7.622,13.285
KKFLS,2851,7.622,13.285
KKFLS,2852,7.622,13.286
KKFLS,2853,7.623,13.287
KKFLS,2854,7.623,13.288
KKFLS,2855,7.624,13.288
KKFLS,2856,7.624,13.289
KKFLS,2857,7.624,13.290
KKFLS,2858,7.625,13.291
KKFLS,2859,7.625,13.291
KKFLS,2860,7.626,13.292
KKFLS,2861,7.626,13.293
KKFLS,2862,7.627,13.294
KKFLS,2863,7.627,13.294
KKFLS,2864,7.627,13.295
KKFLS,2865,7.628,13.296
KKFLS,2866,7.628,13.297
KKFLS,2867,7.629,13.297
KKFLS,2868,7.629,13.298
KKFLS,2869,7.630,13.299
KKFLS,2870,7.630,13.300
KKFLS,2871,7.630,13.300
KKFLS,2872,7.631,13.301
KKFLS,2873,7.631,13.302
KKFLS,2874,7.632,13.303
KKFLS,2875,7.632,13.303
KKFLS,2876,7.633,13.304
KKFLS,2877,7.633,13.305
KKFLS,2878,7.633,13.306
KKFLS,2879,7.634,13.306
KKFLS,2880,7.634,13.307
KKFLS,2881,7.635,13.308
KKFLS,2882,7.635,13.309
KKFLS,2883,7.636,13.309
KKFLS,2884,7.636,13.310
KKFLS,2885,7.636,13.311
KKFLS,2886,7.637,13.312
KKFLS,2887,7.637,13.312
KKFLS,2888,7.638,13.313
KKFLS,2889,7.638,13.314
KKFLS,2890,7.639,13.315
KKFLS,2891,7.639,13.315
KKFLS,2892,7.639,13.316
KKFLS,2893,7.640,13.317
KKFLS,2894,7.640,13.318
KKFLS,2895,7.641,13.318
KKFLS,2896,7.641,13.319
KKFLS,2897,7.642,13.320
KKFLS,2898,7.642,13.321
KKFLS,2899,7.642,13.321
KKFLS,2900,7.643,13.322
KKFLS,2901,7.643,13.323
KKFLS,2902,7.644,13.324
KKFLS,2903,7.644,13.324
KKFLS,2904,7.645,13.325
KKFLS,2905,7.645,13.326
KKFLS,2906,7.645,13.327
KKFLS,2907,7.646,13.327
KKFLS,2908,7.646,13.328
KKFLS,2909,7.647,13.329
KKFLS,2910,7.647,13.330
KKFLS,2911,7.648,13.330
KKFLS,2912,7.648,13.331
KKFLS,2913,7.649,13.332
KKFLS,2914,7.649,13.333
KKFLS,2915,7.649,13.334
KKFLS,2916,7.650,13.334
KKFLS,2917,7.650,13.335
KKFLS,2918,7.651,13.336
KKFLS,2919,7.651,13.337
KKFLS,2920,7.652,13.337
KKFLS,2921,7.652,13.338
KKFLS,2922,7.652,13.339
KKFLS,2923,7.653,13.340
KKFLS,2924,7.653,13.340
KKFLS,2925,7.654,13.341
KKFLS,2926,7.654,13.342
KKFLS,2927,7.655,13.343
KKFLS,2928,7.655,13.344
KKFLS,2929,7.656,13.344
KKFLS,2930,7.656,13.345
KKFLS,2931,7.656,13.346
KKFLS,2932,7.657,13.347
KKFLS,2933,7.657,13.347
KKFLS,2934,7.658,13.348
KKFLS,2935,7.658,13.349
KKFLS,2936,7.659,13.350
KKFLS,2937,7.659,13.350
KKFLS,2938,7.660,13.351
KKFLS,2939,7.660,13.352
KKFLS,2940,7.660,13.353
KKFLS,2941,7.661,13.354
KKFLS,2942,7.661,13.354
KKFLS,2943,7.662,13.355
KKFLS,2944,7.662,13.356
KKFLS,2945,7.663,13.357
KKFLS,2946,7.663,13.357
KKFLS,2947,7.664,13.358
KKFLS,2948,7.664,13.359
KKFLS,2949,7.664,13.360
KKFLS,2950,7.665,13.361
KKFLS,2951,7.665,13.361
KKFLS,2952,7.666,13.362
KKFLS,2953,7.666,13.363
KKFLS,2954,7.667,13.364
KKFLS,2955,7.667,13.364
KKFLS,2956,7.668,13.365
KKFLS,2957,7.668,13.366
KKFLS,2958,7.668,13.367
KKFLS,2959,7.669,13.368
KKFLS,2960,7.669,13.368
KKFLS,2961,7.670,13.369
KKFLS,2962,7.670,13.370
KKFLS,2963,7.671,13.371
KKFLS,2964,7.671,13.372
KKFLS,2965,7.672,13.372
KKFLS,2966,7.672,13.373
KKFLS,2967,7.672,13.374
KKFLS,2968,7.673,13.375
KKFLS,2969,7.673,13.376
KKFLS,2970,7.674,13.376
KKFLS,2971,7.674,13.377
KKFLS,2972,7.675,13.378
KKFLS,2973,7.675,13.379
KKFLS,2974,7.676,13.379
KKFLS,2975,7.676,13.380
KKFLS,2976,7.677,13.381
KKFLS,2977,7.677,13.382
KKFLS,2978,7.677,13.383
KKFLS,2979,7.678,13.383
KKFLS,2980,7.678,13.384
KKFLS,2981,7.679,13.385
KKFLS,2982,7.679,13.386
KKFLS,2983,7.680,13.387
KKFLS,2984,7.680,13.387
KKFLS,2985,7.681,13.388
KKFLS,2986,7.681,13.389
KKFLS,2987,7.682,13.390
KKFLS,2988,7.682,13.391
KKFLS,2989,7.682,13.391
KKFLS,2990,7.683,13.392
KKFLS,2991,7.683,13.393
KKFLS,2992,7.684,13.394
KKFLS,2993,7.684,13.395
KKFLS,2994,7.685,13.395
KKFLS,2995,7.685,13.396
KKFLS,2996,7.686,13.397
KKFLS,2997,7.686,13.398
KKFLS,2998,7.687,13.399
KKFLS,2999,7.687,13.399
KKFLS,3000,7.687,13.400
KKFLS,3001,7.688,13.401
KKFLS,3002,7.688,13.402
KKFLS,3003,7.689,13.403
KKFLS,3004,7.689,13.403
KKFLS,3005,7.690,13.404
KKFLS,3006,7.690,13.405
KKFLS,3007,7.691,13.406
KKFLS,3008,7.691,13.407
KKFLS,3009,7.692,13.407
KKFLS,3010,7.692,13.408
KKFLS,3011,7.692,13.409
KKFLS,3012,7.693,13.410
KKFLS,3013,7.693,13.411
KKFLS,3014,7.694,13.411
KKFLS,3015,7.694,13.412
KKFLS,3016,7.695,13.413
KKFLS,3017,7.695,13.414
KKFLS,3018,7.696,13.415
KKFLS,3019,7.696,13.415
KKFLS,3020,7.697,13.416
KKFLS,3021,7.697,13.417
KKFLS,3022,7.698,13.418
KKFLS,3023,7.698,13.419
KKFLS,3024,7.699,13.420
KKFLS,3025,7.699,13.420
KKFLS,3026,7.699,13.421
KKFLS,3027,7.700,13.422
KKFLS,3028,7.700,13.423
KKFLS,3029,7.701,13.424
KKFLS,3030,7.701,13.424
KKFLS,3031,7.702,13.425
KKFLS,3032,7.702,13.426
KKFLS,3033,7.703,13.427
KKFLS,3034,7.703,13.428
KKFLS,3035,7.704,13.429
KKFLS,3036,7.704,13.429
KKFLS,3037,7.705,13.430
KKFLS,3038,7.705,13.431
KKFLS,3039,7.705,13.432
KKFLS,3040,7.706,13.433
KKFLS,3041,7.706,13.433
KKFLS,3042,7.707,13.434
KKFLS,3043,7.707,13.435
KKFLS,3044,7.708,13.436
KKFLS,3045,7.708,13.437
KKFLS,3046,7.709,13.438
KKFLS,3047,7.709,13.438
KKFLS,3048,7.710,13.439
KKFLS,3049,7.710,13.440
KKFLS,3050,7.711,13.441
KKFLS,3051,7.711,13.442
KKFLS,3052,7.712,13.442
KKFLS,3053,7.712,13.443
KKFLS,3054,7.713,13.444
KKFLS,3055,7.713,13.445
KKFLS,3056,7.713,13.446
KKFLS,3057,7.714,13.447
KKFLS,3058,7.714,13.447
KKFLS,3059,7.715,13.448
KKFLS,3060,7.715,13.449
KKFLS,3061,7.716,13.450
KKFLS,3062,7.716,13.451
KKFLS,3063,7.717,13.452
KKFLS,3064,7.717,13.452
KKFLS,3065,7.718,13.453
KKFLS,3066,7.718,13.454
KKFLS,3067,7.719,13.455
KKFLS,3068,7.719,13.456
KKFLS,3069,7.720,13.457
KKFLS,3070,7.720,13.457
KKFLS,3071,7.721,13.458
KKFLS,3072,7.721,13.459
KKFLS,3073,7.722,13.460
KKFLS,3074,7.722,13.461
KKFLS,3075,7.722,13.462
KKFLS,3076,7.723,13.462
KKFLS,3077,7.723,13.463
KKFLS,3078,7.724,13.464
KKFLS,3079,7.724,13.465
KKFLS,3080,7.725,13.466
KKFLS,3081,7.725,13.467
KKFLS,3082,7.726,13.467
KKFLS,3083,7.726,13.468
KKFLS,3084,7.727,13.469
KKFLS,3085,7.727,13.470
KKFLS,3086,7.728,13.471
KKFLS,3087,7.728,13.472
KKFLS,3088,7.729,13.472
KKFLS,3089,7.729,13.473
KKFLS,3090,7.730,13.474
KKFLS,3091,7.730,13.475
KKFLS,3092,7.731,13.476
KKFLS,3093,7.731,13.477
KKFLS,3094,7.732,13.477
KKFLS,3095,7.732,13.478
KKFLS,3096,7.733,13.479
KKFLS,3097,7.733,13.480
KKFLS,3098,7.734,13.481
KKFLS,3099,7.734,13.482
KKFLS,3100,7.734,13.483
KKFLS,3101,7.735,13.483
KKFLS,3102,7.735,13.484
KKFLS,3103,7.736,13.485
KKFLS,3104,7.736,13.486
KKFLS,3105,7.737,13.487
KKFLS,3106,7.737,13.488
KKFLS,3107,7.738,13.488
KKFLS,3108,7.738,13.489
KKFLS,3109,7.739,13.490
KKFLS,3110,7.739,13.491
KKFLS,3111,7.740,13.492
KKFLS,3112,7.740,13.493
KKFLS,3113,7.741,13.494
KKFLS,3114,7.741,13.494
KKFLS,3115,7.742,13.495
KKFLS,3116,7.742,13.496
KKFLS,3117,7.743,13.497
KKFLS,3118,7.743,13.498
KKFLS,3119,7.744,13.499
KKFLS,3120,7.744,13.500
KKFLS,3121,7.745,13.500
KKFLS,3122,7.745,13.501
KKFLS,3123,7.746,13.502
KKFLS,3124,7.746,13.503
KKFLS,3125,7.747,13.504
KKFLS,3126,7.747,13.505
KKFLS,3127,7.748,13.506
KKFLS,3128,7.748,13.506
KKFLS,3129,7.749,13.507
KKFLS,3130,7.749,13.508
KKFLS,3131,7.750,13.509
KKFLS,3132,7.750,13.510
KKFLS,3133,7.751,13.511
KKFLS,3134,7.751,13.512
KKFLS,3135,7.752,13.512
KKFLS,3136,7.752,13.513
KKFLS,3137,7.752,13.514
KKFLS,3138,7.753,13.515
KKFLS,3139,7.753,13.516
KKFLS,3140,7.754,13.517
KKFLS,3141,7.754,13.518
KKFLS,3142,7.755,13.518
KKFLS,3143,7.755,13.519
KKFLS,3144,7.756,13.520
KKFLS,3145,7.756,13.521
KKFLS,3146,7.757,13.522
KKFLS,3147,7.757,13.523
KKFLS,3148,7.758,13.524
KKFLS,3149,7.758,13.524
KKFLS,3150,7.759,13.525
KKFLS,3151,7.759,13.526
KKFLS,3152,7.760,13.527
KKFLS,3153,7.760,13.528
KKFLS,3154,7.761,13.529
KKFLS,3155,7.761,13.530
KKFLS,3156,7.762,13.531
KKFLS,3157,7.762,13.531
KKFLS,3158,7.763,13.532
KKFLS,3159,7.763,13.533
KKFLS,3160,7.764,13.534
KKFLS,3161,7.764,13.535
KKFLS,3162,7.765,13.536
KKFLS,3163,7.765,13.537
KKFLS,3164,7.766,13.538
KKFLS,3165,7.766,13.538
KKFLS,3166,7.767,13.539
KKFLS,3167,7.767,13.540
KKFLS,3168,7.768,13.541
KKFLS,3169,7.768,13.542
KKFLS,3170,7.769,13.543
KKFLS,3171,7.769,13.544
KKFLS,3172,7.770,13.545
KKFLS,3173,7.770,13.545
KKFLS,3174,7.771,13.546
KKFLS,3175,7.771,13.547
KKFLS,3176,7.772,13.548
KKFLS,3177,7.772,13.549
KKFLS,3178,7.773,13.550
KKFLS,3179,7.773,13.551
KKFLS,3180,7.774,13.552
KKFLS,3181,7.774,13.552
KKFLS,3182,7.775,13.553
KKFLS,3183,7.775,13.554
KKFLS,3184,7.776,13.555
KKFLS,3185,7.776,13.556
KKFLS,3186,7.777,13.557
KKFLS,3187,7.777,13.558
KKFLS,3188,7.778,13.559
KKFLS,3189,7.778,13.559
KKFLS,3190,7.779,13.560
KKFLS,3191,7.779,13.561
KKFLS,3192,7.780,13.562
KKFLS,3193,7.780,13.563
KKFLS,3194,7.781,13.564
KKFLS,3195,7.781,13.565
KKFLS,3196,7.782,13.566
KKFLS,3197,7.782,13.567
KKFLS,3198,7.783,13.567
KKFLS,3199,7.783,13.568
KKFLS,3200,7.784,13.569
KKFLS,3201,7.784,13.570
KKFLS,3202,7.785,13.571
KKFLS,3203,7.785,13.572
KKFLS,3204,7.786,13.573
KKFLS,3205,7.786,13.574
KKFLS,3206,7.787,13.575
KKFLS,3207,7.787,13.575
KKFLS,3208,7.788,13.576
KKFLS,3209,7.788,13.577
KKFLS,3210,7.789,13.578
KKFLS,3211,7.790,13.579
KKFLS,3212,7.790,13.580
KKFLS,3213,7.791,13.581
KKFLS,3214,7.791,13.582
KKFLS,3215,7.792,13.583
KKFLS,3216,7.792,13.583
KKFLS,3217,7.793,13.584
KKFLS,3218,7.793,13.585
KKFLS,3219,7.794,13.586
KKFLS,3220,7.794,13.587
KKFLS,3221,7.795,13.588
KKFLS,3222,7.795,13.589
KKFLS,3223,7.796,13.590
KKFLS,3224,7.796,13.591
KKFLS,3225,7.797,13.591
KKFLS,3226,7.797,13.592
KKFLS,3227,7.798,13.593
KKFLS,3228,7.798,13.594
KKFLS,3229,7.799,13.595
KKFLS,3230,7.799,13.596
KKFLS,3231,7.800,13.597
KKFLS,3232,7.800,13.598
KKFLS,3233,7.801,13.599
KKFLS,3234,7.801,13.600
KKFLS,3235,7.802,13.600
KKFLS,3236,7.802,13.601
KKFLS,3237,7.803,13.602
KKFLS,3238,7.803,13.603
KKFLS,3239,7.804,13.604
KKFLS,3240,7.804,13.605
KKFLS,3241,7.805,13.606
KKFLS,3242,7.805,13.607
KKFLS,3243,7.806,13.608
KKFLS,3244,7.806,13.609
KKFLS,3245,7.807,13.610
KKFLS,3246,7.807,13.610
KKFLS,3247,7.808,13.611
KKFLS,3248,7.809,13.612
KKFLS,3249,7.809,13.613
KKFLS,3250,7.810,13.614
KKFLS,3251,7.810,13.615
KKFLS,3252,7.811,13.616
KKFLS,3253,7.811,13.617
KKFLS,3254,7.812,13.618
KKFLS,3255,7.812,13.619
KKFLS,3256,7.813,13.620
KKFLS,3257,7.813,13.620
KKFLS,3258,7.814,13.621
KKFLS,3259,7.814,13.622
KKFLS,3260,7.815,13.623
KKFLS,3261,7.815,13.624
KKFLS,3262,7.816,13.625
KKFLS,3263,7.816,13.626
KKFLS,3264,7.817,13.627
KKFLS,3265,7.817,13.628
KKFLS,3266,7.818,13.629
KKFLS,3267,7.818,13.630
KKFLS,3268,7.819,13.630
KKFLS,3269,7.819,13.631
KKFLS,3270,7.820,13.632
KKFLS,3271,7.820,13.633
KKFLS,3272,7.821,13.634
KKFLS,3273,7.822,13.635
KKFLS,3274,7.822,13.636
KKFLS,3275,7.823,13.637
KKFLS,3276,7.823,13.638
KKFLS,3277,7.824,13.639
KKFLS,3278,7.824,13.640
KKFLS,3279,7.825,13.641
KKFLS,3280,7.825,13.641
KKFLS,3281,7.826,13.642
KKFLS,3282,7.826,13.643
KKFLS,3283,7.827,13.644
KKFLS,3284,7.827,13.645
KKFLS,3285,7.828,13.646
KKFLS,3286,7.828,13.647
KKFLS,3287,7.829,13.648
KKFLS,3288,7.829,13.649
KKFLS,3289,7.830,13.650
KKFLS,3290,7.830,13.651
KKFLS,3291,7.831,13.652
KKFLS,3292,7.832,13.653
KKFLS,3293,7.832,13.653
KKFLS,3294,7.833,13.654
KKFLS,3295,7.833,13.655
KKFLS,3296,7.834,13.656
KKFLS,3297,7.834,13.657
KKFLS,3298,7.835,13.658
KKFLS,3299,7.835,13.659
KKFLS,3300,7.836,13.660
KKFLS,3301,7.836,13.661
KKFLS,3302,7.837,13.662
KKFLS,3303,7.837,13.663
KKFLS,3304,7.838,13.664
KKFLS,3305,7.838,13.665
KKFLS,3306,7.839,13.666
KKFLS,3307,7.839,13.666
KKFLS,3308,7.840,13.667
KKFLS,3309,7.841,13.668
KKFLS,3310,7.841,13.669
KKFLS,3311,7.842,13.670
KKFLS,3312,7.842,13.671
KKFLS,3313,7.843,13.672
KKFLS,3314,7.843,13.673
KKFLS,3315,7.844,13.674
KKFLS,3316,7.844,13.675
KKFLS,3317,7.845,13.676
KKFLS,3318,7.845,13.677
KKFLS,3319,7.846,13.678
KKFLS,3320,7.846,13.679
KKFLS,3321,7.847,13.680
KKFLS,3322,7.847,13.681
KKFLS,3323,7.848,13.681
KKFLS,3324,7.849,13.682
KKFLS,3325,7.849,13.683
KKFLS,3326,7.850,13.684
KKFLS,3327,7.850,13.685
KKFLS,3328,7.851,13.686
KKFLS,3329,7.851,13.687
KKFLS,3330,7.852,13.688
KKFLS,3331,7.852,13.689
KKFLS,3332,7.853,13.690
KKFLS,3333,7.853,13.691
KKFLS,3334,7.854,13.692
KKFLS,3335,7.854,13.693
KKFLS,3336,7.855,13.694
KKFLS,3337,7.856,13.695
KKFLS,3338,7.856,13.696
KKFLS,3339,7.857,13.697
KKFLS,3340,7.857,13.697
KKFLS,3341,7.858,13.698
KKFLS,3342,7.858,13.699
KKFLS,3343,7.859,13.700
KKFLS,3344,7.859,13.701
KKFLS,3345,7.860,13.702
KKFLS,3346,7.860,13.703
KKFLS,3347,7.861,13.704
KKFLS,3348,7.861,13.705
KKFLS,3349,7.862,13.706
KKFLS,3350,7.863,13.707
KKFLS,3351,7.863,13.708
KKFLS,3352,7.864,13.709
KKFLS,3353,7.864,13.710
KKFLS,3354,7.865,13.711
KKFLS,3355,7.865,13.712
KKFLS,3356,7.866,13.713
KKFLS,3357,7.866,13.714
KKFLS,3358,7.867,13.715
KKFLS,3359,7.867,13.715
KKFLS,3360,7.868,13.716
KKFLS,3361,7.868,13.717
KKFLS,3362,7.869,13.718
KKFLS,3363,7.870,13.719
KKFLS,3364,7.870,13.720
KKFLS,3365,7.871,13.721
KKFLS,3366,7.871,13.722
KKFLS,3367,7.872,13.723
KKFLS,3368,7.872,13.724
KKFLS,3369,7.873,13.725
KKFLS,3370,7.873,13.726
KKFLS,3371,7.874,13.727
KKFLS,3372,7.874,13.728
KKFLS,3373,7.875,13.729
KKFLS,3374,7.876,13.730
KKFLS,3375,7.876,13.731
KKFLS,3376,7.877,13.732
KKFLS,3377,7.877,13.733
KKFLS,3378,7.878,13.734
KKFLS,3379,7.878,13.735
KKFLS,3380,7.879,13.736
KKFLS,3381,7.879,13.737
KKFLS,3382,7.880,13.737
KKFLS,3383,7.881,13.738
KKFLS,3384,7.881,13.739
KKFLS,3385,7.882,13.740
KKFLS,3386,7.882,13.741
KKFLS,3387,7.883,13.742
KKFLS,3388,7.883,13.743
KKFLS,3389,7.884,13.744
KKFLS,3390,7.884,13.745
KKFLS,3391,7.885,13.746
KKFLS,3392,7.885,13.747
KKFLS,3393,7.886,13.748
KKFLS,3394,7.887,13.749
KKFLS,3395,7.887,13.750
KKFLS,3396,7.888,13.751
KKFLS,3397,7.888,13.752
KKFLS,3398,7.889,13.753
KKFLS,3399,7.889,13.754
KKFLS,3400,7.890,13.755
KKFLS,3401,7.890,13.756
KKFLS,3402,7.891,13.757
KKFLS,3403,7.892,13.758
KKFLS,3404,7.892,13.759
KKFLS,3405,7.893,13.760
KKFLS,3406,7.893,13.761
KKFLS,3407,7.894,13.762
KKFLS,3408,7.894,13.763
KKFLS,3409,7.895,13.764
KKFLS,3410,7.895,13.765
KKFLS,3411,7.896,13.766
KKFLS,3412,7.897,13.767
KKFLS,3413,7.897,13.767
KKFLS,3414,7.898,13.768
KKFLS,3415,7.898,13.769
KKFLS,3416,7.899,13.770
KKFLS,3417,7.899,13.771
KKFLS,3418,7.900,13.772
KKFLS,3419,7.900,13.773
KKFLS,3420,7.901,13.774
KKFLS,3421,7.902,13.775
KKFLS,3422,7.902,13.776
KKFLS,3423,7.903,13.777
KKFLS,3424,7.903,13.778
KKFLS,3425,7.904,13.779
KKFLS,3426,7.904,13.780
KKFLS,3427,7.905,13.781
KKFLS,3428,7.905,13.782
KKFLS,3429,7.906,13.783
KKFLS,3430,7.907,13.784
KKFLS,3431,7.907,13.785
KKFLS,3432,7.908,13.786
KKFLS,3433,7.908,13.787
KKFLS,3434,7.909,13.788
KKFLS,3435,7.909,13.789
KKFLS,3436,7.910,13.790
KKFLS,3437,7.910,13.791
KKFLS,3438,7.911,13.792
KKFLS,3439,7.912,13.793
KKFLS,3440,7.912,13.794
KKFLS,3441,7.913,13.795
KKFLS,3442,7.913,13.796
KKFLS,3443,7.914,13.797
KKFLS,3444,7.914,13.798
KKFLS,3445,7.915,13.799
KKFLS,3446,7.916,13.800
KKFLS,3447,7.916,13.801
KKFLS,3448,7.917,13.802
KKFLS,3449,7.917,13.803
KKFLS,3450,7.918,13.804
KKFLS,3451,7.918,13.805
KKFLS,3452,7.919,13.806
KKFLS,3453,7.920,13.807
KKFLS,3454,7.920,13.808
KKFLS,3455,7.921,13.809
KKFLS,3456,7.921,13.810
KKFLS,3457,7.922,13.811
KKFLS,3458,7.922,13.812
KKFLS,3459,7.923,13.813
KKFLS,3460,7.923,13.814
KKFLS,3461,7.924,13.815
KKFLS,3462,7.925,13.816
KKFLS,3463,7.925,13.817
KKFLS,3464,7.926,13.818
KKFLS,3465,7.926,13.819
KKFLS,3466,7.927,13.820
KKFLS,3467,7.927,13.821
KKFLS,3468,7.928,13.822
KKFLS,3469,7.929,13.823
KKFLS,3470,7.929,13.824
KKFLS,3471,7.930,13.825
KKFLS,3472,7.930,13.826
KKFLS,3473,7.931,13.827
KKFLS,3474,7.931,13.828
KKFLS,3475,7.932,13.829
KKFLS,3476,7.933,13.830
KKFLS,3477,7.933,13.831
KKFLS,3478,7.934,13.832
KKFLS,3479,7.934,13.833
KKFLS,3480,7.935,13.834
KKFLS,3481,7.935,13.835
KKFLS,3482,7.936,13.836
KKFLS,3483,7.937,13.837
KKFLS,3484,7.937,13.838
KKFLS,3485,7.938,13.839
KKFLS,3486,7.938,13.840
KKFLS,3487,7.939,13.841
KKFLS,3488,7.939,13.842
KKFLS,3489,7.940,13.843
KKFLS,3490,7.941,13.844
KKFLS,3491,7.941,13.845
KKFLS,3492,7.942,13.846
KKFLS,3493,7.942,13.847
KKFLS,3494,7.943,13.848
KKFLS,3495,7.943,13.849
KKFLS,3496,7.944,13.850
KKFLS,3497,7.945,13.851
KKFLS,3498,7.945,13.852
KKFLS,3499,7.946,13.853
KKFLS,3500,7.946,13.854
KKFLS,3501,7.947,13.855
KKFLS,3502,7.947,13.856
KKFLS,3503,7.948,13.857
KKFLS,3504,7.949,13.858
KKFLS,3505,7.949,13.859
KKFLS,3506,7.950,13.860
KKFLS,3507,7.950,13.861
KKFLS,3508,7.951,13.862
KKFLS,3509,7.951,13.863
KKFLS,3510,7.952,13.864
KKFLS,3511,7.953,13.865
KKFLS,3512,7.953,13.866
KKFLS,3513,7.954,13.867
KKFLS,3514,7.954,13.868
KKFLS,3515,7.955,13.869
KKFLS,3516,7.956,13.870
KKFLS,3517,7.956,13.871
KKFLS,3518,7.957,13.872
KKFLS,3519,7.957,13.873
KKFLS,3520,7.958,13.874
KKFLS,3521,7.958,13.875
KKFLS,3522,7.959,13.876
KKFLS,3523,7.960,13.877
KKFLS,3524,7.960,13.878
KKFLS,3525,7.961,13.879
KKFLS,3526,7.961,13.880
KKFLS,3527,7.962,13.881
KKFLS,3528,7.962,13.882
KKFLS,3529,7.963,13.883
KKFLS,3530,7.964,13.884
KKFLS,3531,7.964,13.885
KKFLS,3532,7.965,13.886
KKFLS,3533,7.965,13.887
KKFLS,3534,7.966,13.888
KKFLS,3535,7.967,13.889
KKFLS,3536,7.967,13.890
KKFLS,3537,7.968,13.891
KKFLS,3538,7.968,13.892
KKFLS,3539,7.969,13.893
KKFLS,3540,7.969,13.894
KKFLS,3541,7.970,13.895
KKFLS,3542,7.970,13.896
KKFLS,3543,7.971,13.897
KKFLS,3544,7.971,13.897
KKFLS,3545,7.972,13.898
KKFLS,3546,7.972,13.899
KKFLS,3547,7.973,13.900
KKFLS,3548,7.973,13.901
KKFLS,3549,7.974,13.902
KKFLS,3550,7.974,13.903
KKFLS,3551,7.975,13.904
KKFLS,3552,7.975,13.905
KKFLS,3553,7.976,13.905
KKFLS,3554,7.976,13.906
KKFLS,3555,7.977,13.907
KKFLS,3556,7.977,13.908
KKFLS,3557,7.978,13.909
KKFLS,3558,7.978,13.910
KKFLS,3559,7.979,13.911
KKFLS,3560,7.979,13.912
KKFLS,3561,7.980,13.913
KKFLS,3562,7.980,13.914
KKFLS,3563,7.981,13.914
KKFLS,3564,7.981,13.915
KKFLS,3565,7.982,13.916
KKFLS,3566,7.982,13.917
KKFLS,3567,7.983,13.918
KKFLS,3568,7.984,13.919
KKFLS,3569,7.984,13.920
KKFLS,3570,7.985,13.921
KKFLS,3571,7.985,13.922
KKFLS,3572,7.986,13.923
KKFLS,3573,7.986,13.923
KKFLS,3574,7.987,13.924
KKFLS,3575,7.987,13.925
KKFLS,3576,7.988,13.926
KKFLS,3577,7.988,13.927
KKFLS,3578,7.989,13.928
KKFLS,3579,7.989,13.929
KKFLS,3580,7.990,13.930
KKFLS,3581,7.990,13.931
KKFLS,3582,7.991,13.932
KKFLS,3583,7.991,13.932
KKFLS,3584,7.992,13.933
KKFLS,3585,7.992,13.934
KKFLS,3586,7.993,13.935
KKFLS,3587,7.993,13.936
KKFLS,3588,7.994,13.937
KKFLS,3589,7.994,13.938
KKFLS,3590,7.995,13.939
KKFLS,3591,7.995,13.940
KKFLS,3592,7.996,13.941
KKFLS,3593,7.996,13.942
KKFLS,3594,7.997,13.942
KKFLS,3595,7.997,13.943
KKFLS,3596,7.998,13.944
KKFLS,3597,7.998,13.945
KKFLS,3598,7.999,13.946
KKFLS,3599,8.000,13.947
KKFLS,3600,8.000,13.948
KKFLS,3601,8.001,13.949
KKFLS,3602,8.001,13.950
KKFLS,3603,8.002,13.951
KKFLS,3604,8.002,13.952
KKFLS,3605,8.003,13.953
KKFLS,3606,8.003,13.953
KKFLS,3607,8.004,13.954
KKFLS,3608,8.004,13.955
KKFLS,3609,8.005,13.956
KKFLS,3610,8.005,13.957
KKFLS,3611,8.006,13.958
KKFLS,3612,8.006,13.959
KKFLS,3613,8.007,13.960
KKFLS,3614,8.007,13.961
KKFLS,3615,8.008,13.962
KKFLS,3616,8.008,13.963
KKFLS,3617,8.009,13.964
KKFLS,3618,8.010,13.965
KKFLS,3619,8.010,13.965
KKFLS,3620,8.011,13.966
KKFLS,3621,8.011,13.967
KKFLS,3622,8.012,13.968
KKFLS,3623,8.012,13.969
KKFLS,3624,8.013,13.970
KKFLS,3625,8.013,13.971
KKFLS,3626,8.014,13.972
KKFLS,3627,8.014,13.973
KKFLS,3628,8.015,13.974
KKFLS,3629,8.016,13.975
KKFLS,3630,8.016,13.976
KKFLS,3631,8.017,13.977
KKFLS,3632,8.017,13.978
KKFLS,3633,8.018,13.979
KKFLS,3634,8.018,13.980
KKFLS,3635,8.019,13.981
KKFLS,3636,8.019,13.982
KKFLS,3637,8.020,13.983
KKFLS,3638,8.020,13.984
KKFLS,3639,8.021,13.985
KKFLS,3640,8.022,13.986
KKFLS,3641,8.022,13.987
KKFLS,3642,8.023,13.988
KKFLS,3643,8.023,13.989
KKFLS,3644,8.024,13.990
KKFLS,3645,8.024,13.990
KKFLS,3646,8.025,13.991
KKFLS,3647,8.025,13.992
KKFLS,3648,8.026,13.993
KKFLS,3649,8.027,13.994
KKFLS,3650,8.027,13.995
KKFLS,3651,8.028,13.996
KKFLS,3652,8.028,13.997
KKFLS,3653,8.029,13.998
KKFLS,3654,8.029,13.999
KKFLS,3655,8.030,14.000
KKFLS,3656,8.030,14.001
KKFLS,3657,8.031,14.002
KKFLS,3658,8.032,14.003
KKFLS,3659,8.032,14.004
KKFLS,3660,8.033,14.005
KKFLS,3661,8.033,14.006
KKFLS,3662,8.034,14.007
KKFLS,3663,8.034,14.008
KKFLS,3664,8.035,14.009
KKFLS,3665,8.035,14.010
KKFLS,3666,8.036,14.011
KKFLS,3667,8.037,14.012
KKFLS,3668,8.037,14.013
KKFLS,3669,8.038,14.014
KKFLS,3670,8.038,14.015
KKFLS,3671,8.039,14.016
KKFLS,3672,8.039,14.017
KKFLS,3673,8.040,14.018
KKFLS,3674,8.040,14.019
KKFLS,3675,8.041,14.020
KKFLS,3676,8.042,14.021
KKFLS,3677,8.042,14.022
KKFLS,3678,8.043,14.023
KKFLS,3679,8.043,14.024
KKFLS,3680,8.044,14.025
KKFLS,3681,8.044,14.026
KKFLS,3682,8.045,14.026
KKFLS,3683,8.045,14.027
KKFLS,3684,8.046,14.028
KKFLS,3685,8.047,14.029
KKFLS,3686,8.047,14.030
KKFLS,3687,8.048,14.031
KKFLS,3688,8.048,14.032
KKFLS,3689,8.049,14.033
KKFLS,3690,8.049,14.034
KKFLS,3691,8.050,14.035
KKFLS,3692,8.050,14.036
KKFLS,3693,8.051,14.037
KKFLS,3694,8.052,14.038
KKFLS,3695,8.052,14.039
KKFLS,3696,8.053,14.040
KKFLS,3697,8.053,14.041
KKFLS,3698,8.054,14.042
KKFLS,3699,8.054,14.043
KKFLS,3700,8.055,14.044
KKFLS,3701,8.056,14.045
KKFLS,3702,8.056,14.046
KKFLS,3703,8.057,14.047
KKFLS,3704,8.057,14.048
KKFLS,3705,8.058,14.049
KKFLS,3706,8.058,14.050
KKFLS,3707,8.059,14.051
KKFLS,3708,8.059,14.052
KKFLS,3709,8.060,14.053
KKFLS,3710,8.061,14.054
KKFLS,3711,8.061,14.055
KKFLS,3712,8.062,14.056
KKFLS,3713,8.062,14.057
KKFLS,3714,8.063,14.058
KKFLS,3715,8.063,14.059
KKFLS,3716,8.064,14.060
KKFLS,3717,8.065,14.061
KKFLS,3718,8.065,14.062
KKFLS,3719,8.066,14.063
KKFLS,3720,8.066,14.064
KKFLS,3721,8.067,14.065
KKFLS,3722,8.067,14.066
KKFLS,3723,8.068,14.067
KKFLS,3724,8.069,14.068
KKFLS,3725,8.069,14.069
KKFLS,3726,8.070,14.070
KKFLS,3727,8.070,14.071
KKFLS,3728,8.071,14.072
KKFLS,3729,8.071,14.073
KKFLS,3730,8.072,14.074
KKFLS,3731,8.073,14.075
KKFLS,3732,8.073,14.076
KKFLS,3733,8.074,14.077
KKFLS,3734,8.074,14.078
KKFLS,3735,8.075,14.079
KKFLS,3736,8.075,14.080
KKFLS,3737,8.076,14.081
KKFLS,3738,8.077,14.082
KKFLS,3739,8.077,14.083
KKFLS,3740,8.078,14.084
KKFLS,3741,8.078,14.085
KKFLS,3742,8.079,14.086
KKFLS,3743,8.079,14.087
KKFLS,3744,8.080,14.088
KKFLS,3745,8.081,14.089
KKFLS,3746,8.081,14.090
KKFLS,3747,8.082,14.091
KKFLS,3748,8.082,14.092
KKFLS,3749,8.083,14.093
KKFLS,3750,8.083,14.094
KKFLS,3751,8.084,14.095
KKFLS,3752,8.085,14.096
KKFLS,3753,8.085,14.097
KKFLS,3754,8.086,14.098
KKFLS,3755,8.086,14.099
KKFLS,3756,8.087,14.100
KKFLS,3757,8.087,14.101
KKFLS,3758,8.088,14.102
KKFLS,3759,8.089,14.103
KKFLS,3760,8.089,14.104
KKFLS,3761,8.090,14.105
KKFLS,3762,8.090,14.106
KKFLS,3763,8.091,14.107
KKFLS,3764,8.091,14.108
KKFLS,3765,8.092,14.109
KKFLS,3766,8.093,14.110
KKFLS,3767,8.093,14.111
KKFLS,3768,8.094,14.112
KKFLS,3769,8.094,14.113
KKFLS,3770,8.095,14.114
KKFLS,3771,8.096,14.115
KKFLS,3772,8.096,14.116
KKFLS,3773,8.097,14.117
KKFLS,3774,8.097,14.118
KKFLS,3775,8.098,14.119
KKFLS,3776,8.098,14.120
KKFLS,3777,8.099,14.121
KKFLS,3778,8.100,14.122
KKFLS,3779,8.100,14.123
KKFLS,3780,8.101,14.124
KKFLS,3781,8.101,14.125
KKFLS,3782,8.102,14.127
KKFLS,3783,8.102,14.128
KKFLS,3784,8.103,14.129
KKFLS,3785,8.104,14.130
KKFLS,3786,8.104,14.131
KKFLS,3787,8.105,14.132
KKFLS,3788,8.105,14.133
KKFLS,3789,8.106,14.134
KKFLS,3790,8.107,14.135
KKFLS,3791,8.107,14.136
KKFLS,3792,8.108,14.137
KKFLS,3793,8.108,14.138
KKFLS,3794,8.109,14.139
KKFLS,3795,8.109,14.140
KKFLS,3796,8.110,14.141
KKFLS,3797,8.111,14.142
KKFLS,3798,8.111,14.143
KKFLS,3799,8.112,14.144
KKFLS,3800,8.112,14.145
KKFLS,3801,8.113,14.146
KKFLS,3802,8.114,14.147
KKFLS,3803,8.114,14.148
KKFLS,3804,8.115,14.149
KKFLS,3805,8.115,14.150
KKFLS,3806,8.116,14.151
KKFLS,3807,8.117,14.152
KKFLS,3808,8.117,14.153
KKFLS,3809,8.118,14.154
KKFLS,3810,8.118,14.155
KKFLS,3811,8.119,14.156
KKFLS,3812,8.119,14.157
KKFLS,3813,8.120,14.158
KKFLS,3814,8.121,14.159
KKFLS,3815,8.121,14.160
KKFLS,3816,8.122,14.161
KKFLS,3817,8.122,14.162
KKFLS,3818,8.123,14.163
KKFLS,3819,8.123,14.164
KKFLS,3820,8.124,14.165
KKFLS,3821,8.124,14.166
KKFLS,3822,8.125,14.167
KKFLS,3823,8.125,14.168
KKFLS,3824,8.126,14.169
KKFLS,3825,8.127,14.170
KKFLS,3826,8.127,14.171
KKFLS,3827,8.128,14.172
KKFLS,3828,8.128,14.173
KKFLS,3829,8.129,14.174
KKFLS,3830,8.129,14.175
KKFLS,3831,8.130,14.176
KKFLS,3832,8.130,14.177
KKFLS,3833,8.131,14.177
KKFLS,3834,8.132,14.178
KKFLS,3835,8.132,14.179
KKFLS,3836,8.133,14.180
KKFLS,3837,8.133,14.181
KKFLS,3838,8.134,14.182
KKFLS,3839,8.134,14.183
KKFLS,3840,8.135,14.184
KKFLS,3841,8.135,14.185
KKFLS,3842,8.136,14.186
KKFLS,3843,8.137,14.187
KKFLS,3844,8.137,14.188
KKFLS,3845,8.138,14.189
KKFLS,3846,8.138,14.190
KKFLS,3847,8.139,14.191
KKFLS,3848,8.139,14.192
KKFLS,3849,8.140,14.193
KKFLS,3850,8.140,14.194
KKFLS,3851,8.141,14.195
KKFLS,3852,8.141,14.196
KKFLS,3853,8.142,14.197
KKFLS,3854,8.143,14.198
KKFLS,3855,8.143,14.199
KKFLS,3856,8.144,14.200
KKFLS,3857,8.144,14.201
KKFLS,3858,8.145,14.202
KKFLS,3859,8.145,14.203
KKFLS,3860,8.146,14.204
KKFLS,3861,8.147,14.205
KKFLS,3862,8.147,14.206
KKFLS,3863,8.148,14.207
KKFLS,3864,8.148,14.208
KKFLS,3865,8.149,14.209
KKFLS,3866,8.149,14.210
KKFLS,3867,8.150,14.211
KKFLS,3868,8.150,14.212
KKFLS,3869,8.151,14.213
KKFLS,3870,8.152,14.214
KKFLS,3871,8.152,14.214
KKFLS,3872,8.153,14.215
KKFLS,3873,8.153,14.216
KKFLS,3874,8.154,14.217
KKFLS,3875,8.154,14.218
KKFLS,3876,8.155,14.219
KKFLS,3877,8.155,14.220
KKFLS,3878,8.156,14.221
KKFLS,3879,8.157,14.222
KKFLS,3880,8.157,14.223
KKFLS,3881,8.158,14.224
KKFLS,3882,8.158,14.225
KKFLS,3883,8.159,14.226
KKFLS,3884,8.159,14.227
KKFLS,3885,8.160,14.228
KKFLS,3886,8.161,14.229
KKFLS,3887,8.161,14.230
KKFLS,3888,8.162,14.231
KKFLS,3889,8.162,14.232
KKFLS,3890,8.163,14.233
KKFLS,3891,8.163,14.234
KKFLS,3892,8.164,14.235
KKFLS,3893,8.164,14.236
KKFLS,3894,8.165,14.237
KKFLS,3895,8.166,14.238
KKFLS,3896,8.166,14.239
KKFLS,3897,8.167,14.240
KKFLS,3898,8.167,14.241
KKFLS,3899,8.168,14.242
KKFLS,3900,8.168,14.243
KKFLS,3901,8.169,14.244
KKFLS,3902,8.170,14.245
KKFLS,3903,8.170,14.246
KKFLS,3904,8.171,14.247
KKFLS,3905,8.171,14.248
KKFLS,3906,8.172,14.249
KKFLS,3907,8.172,14.250
KKFLS,3908,8.173,14.251
KKFLS,3909,8.174,14.252
KKFLS,3910,8.174,14.253
KKFLS,3911,8.175,14.254
KKFLS,3912,8.175,14.255
KKFLS,3913,8.176,14.256
KKFLS,3914,8.176,14.257
KKFLS,3915,8.177,14.258
KKFLS,3916,8.177,14.259
KKFLS,3917,8.178,14.260
KKFLS,3918,8.179,14.261
KKFLS,3919,8.179,14.262
KKFLS,3920,8.180,14.263
KKFLS,3921,8.180,14.264
KKFLS,3922,8.181,14.265
KKFLS,3923,8.181,14.266
KKFLS,3924,8.182,14.267
KKFLS,3925,8.183,14.268
KKFLS,3926,8.183,14.269
KKFLS,3927,8.184,14.270
KKFLS,3928,8.184,14.271
KKFLS,3929,8.185,14.272
KKFLS,3930,8.185,14.273
KKFLS,3931,8.186,14.274
KKFLS,3932,8.187,14.275
KKFLS,3933,8.187,14.276
KKFLS,3934,8.188,14.277
KKFLS,3935,8.188,14.278
KKFLS,3936,8.189,14.279
KKFLS,3937,8.190,14.280
KKFLS,3938,8.190,14.281
KKFLS,3939,8.191,14.283
KKFLS,3940,8.191,14.284
KKFLS,3941,8.192,14.285
KKFLS,3942,8.193,14.286
KKFLS,3943,8.193,14.287
KKFLS,3944,8.194,14.288
KKFLS,3945,8.195,14.289
KKFLS,3946,8.195,14.290
KKFLS,3947,8.196,14.291
KKFLS,3948,8.196,14.292
KKFLS,3949,8.197,14.293
KKFLS,3950,8.198,14.294
KKFLS,3951,8.198,14.295
KKFLS,3952,8.199,14.296
KKFLS,3953,8.199,14.297
KKFLS,3954,8.200,14.299
KKFLS,3955,8.201,14.300
KKFLS,3956,8.201,14.301
KKFLS,3957,8.202,14.302
KKFLS,3958,8.202,14.303
KKFLS,3959,8.203,14.304
KKFLS,3960,8.204,14.305
KKFLS,3961,8.204,14.306
KKFLS,3962,8.205,14.307
KKFLS,3963,8.205,14.308
KKFLS,3964,8.206,14.309
KKFLS,3965,8.207,14.310
KKFLS,3966,8.207,14.311
KKFLS,3967,8.208,14.312
KKFLS,3968,8.209,14.314
KKFLS,3969,8.209,14.315
KKFLS,3970,8.210,14.316
KKFLS,3971,8.210,14.317
KKFLS,3972,8.211,14.318
KKFLS,3973,8.212,14.319
KKFLS,3974,8.212,14.320
KKFLS,3975,8.213,14.321
KKFLS,3976,8.213,14.322
KKFLS,3977,8.214,14.323
KKFLS,3978,8.215,14.324
KKFLS,3979,8.215,14.325
KKFLS,3980,8.216,14.326
KKFLS,3981,8.217,14.327
KKFLS,3982,8.217,14.329
KKFLS,3983,8.218,14.330
KKFLS,3984,8.218,14.331
KKFLS,3985,8.219,14.332
KKFLS,3986,8.220,14.333
KKFLS,3987,8.220,14.334
KKFLS,3988,8.221,14.335
KKFLS,3989,8.221,14.336
KKFLS,3990,8.222,14.337
KKFLS,3991,8.223,14.338
KKFLS,3992,8.223,14.339
KKFLS,3993,8.224,14.340
KKFLS,3994,8.225,14.342
KKFLS,3995,8.225,14.343
KKFLS,3996,8.226,14.344
KKFLS,3997,8.226,14.345
KKFLS,3998,8.227,14.346
KKFLS,3999,8.228,14.347
KKFLS,4000,8.228,14.348
KKFLS,4001,8.229,14.349
KKFLS,4002,8.229,14.350
KKFLS,4003,8.230,14.351
KKFLS,4004,8.231,14.352
KKFLS,4005,8.231,14.353
KKFLS,4006,8.232,14.355
KKFLS,4007,8.233,14.356
KKFLS,4008,8.233,14.357
KKFLS,4009,8.234,14.358
KKFLS,4010,8.234,14.359
KKFLS,4011,8.235,14.360
KKFLS,4012,8.236,14.361
KKFLS,4013,8.236,14.362
KKFLS,4014,8.237,14.363
KKFLS,4015,8.238,14.364
KKFLS,4016,8.238,14.365
KKFLS,4017,8.239,14.367
KKFLS,4018,8.239,14.368
KKFLS,4019,8.240,14.369
KKFLS,4020,8.241,14.370
KKFLS,4021,8.241,14.371
KKFLS,4022,8.242,14.372
KKFLS,4023,8.243,14.373
KKFLS,4024,8.243,14.374
KKFLS,4025,8.244,14.375
KKFLS,4026,8.244,14.376
KKFLS,4027,8.245,14.377
KKFLS,4028,8.246,14.379
KKFLS,4029,8.246,14.380
KKFLS,4030,8.247,14.381
KKFLS,4031,8.248,14.382
KKFLS,4032,8.248,14.383
KKFLS,4033,8.249,14.384
KKFLS,4034,8.249,14.385
KKFLS,4035,8.250,14.386
KKFLS,4036,8.250,14.387
KKFLS,4037,8.251,14.388
KKFLS,4038,8.251,14.389
KKFLS,4039,8.252,14.390
KKFLS,4040,8.253,14.391
KKFLS,4041,8.253,14.392
KKFLS,4042,8.254,14.393
KKFLS,4043,8.254,14.394
KKFLS,4044,8.255,14.394
KKFLS,4045,8.255,14.395
KKFLS,4046,8.256,14.396
KKFLS,4047,8.256,14.397
KKFLS,4048,8.257,14.398
KKFLS,4049,8.257,14.399
KKFLS,4050,8.258,14.400
KKFLS,4051,8.259,14.401
KKFLS,4052,8.259,14.402
KKFLS,4053,8.260,14.403
KKFLS,4054,8.260,14.404
KKFLS,4055,8.261,14.405
KKFLS,4056,8.261,14.406
KKFLS,4057,8.262,14.407
KKFLS,4058,8.262,14.408
KKFLS,4059,8.263,14.409
KKFLS,4060,8.263,14.410
KKFLS,4061,8.264,14.411
KKFLS,4062,8.265,14.412
KKFLS,4063,8.265,14.413
KKFLS,4064,8.266,14.414
KKFLS,4065,8.266,14.415
KKFLS,4066,8.267,14.416
KKFLS,4067,8.267,14.417
KKFLS,4068,8.268,14.418
KKFLS,4069,8.268,14.418
KKFLS,4070,8.269,14.419
KKFLS,4071,8.269,14.420
KKFLS,4072,8.270,14.421
KKFLS,4073,8.271,14.422
KKFLS,4074,8.271,14.423
KKFLS,4075,8.272,14.424
KKFLS,4076,8.272,14.425
KKFLS,4077,8.273,14.426
KKFLS,4078,8.273,14.427
KKFLS,4079,8.274,14.428
KKFLS,4080,8.274,14.429
KKFLS,4081,8.275,14.430
KKFLS,4082,8.276,14.431
KKFLS,4083,8.276,14.432
KKFLS,4084,8.277,14.434
KKFLS,4085,8.278,14.435
KKFLS,4086,8.278,14.436
KKFLS,4087,8.279,14.437
KKFLS,4088,8.280,14.438
KKFLS,4089,8.280,14.439
KKFLS,4090,8.281,14.441
KKFLS,4091,8.282,14.442
KKFLS,4092,8.282,14.443
KKFLS,4093,8.283,14.444
KKFLS,4094,8.284,14.445
KKFLS,4095,8.284,14.446
KKFLS,4096,8.285,14.447
KKFLS,4097,8.286,14.449
KKFLS,4098,8.286,14.450
KKFLS,4099,8.287,14.451
KKFLS,4100,8.288,14.452
KKFLS,4101,8.288,14.453
KKFLS,4102,8.289,14.454
KKFLS,4103,8.290,14.456
KKFLS,4104,8.290,14.457
KKFLS,4105,8.291,14.458
KKFLS,4106,8.292,14.459
KKFLS,4107,8.292,14.460
KKFLS,4108,8.293,14.461
KKFLS,4109,8.294,14.463
KKFLS,4110,8.294,14.464
KKFLS,4111,8.295,14.465
KKFLS,4112,8.295,14.466
KKFLS,4113,8.296,14.467
KKFLS,4114,8.297,14.468
KKFLS,4115,8.297,14.470
KKFLS,4116,8.298,14.471
KKFLS,4117,8.299,14.472
KKFLS,4118,8.299,14.473
KKFLS,4119,8.300,14.474
KKFLS,4120,8.301,14.475
KKFLS,4121,8.301,14.476
KKFLS,4122,8.302,14.478
KKFLS,4123,8.303,14.479
KKFLS,4124,8.303,14.480
KKFLS,4125,8.304,14.481
KKFLS,4126,8.305,14.482
KKFLS,4127,8.305,14.483
KKFLS,4128,8.306,14.485
KKFLS,4129,8.307,14.486
KKFLS,4130,8.307,14.487
KKFLS,4131,8.308,14.488
KKFLS,4132,8.309,14.489
KKFLS,4133,8.309,14.490
KKFLS,4134,8.310,14.492
KKFLS,4135,8.311,14.493
KKFLS,4136,8.311,14.494
KKFLS,4137,8.312,14.495
KKFLS,4138,8.313,14.496
KKFLS,4139,8.313,14.498
KKFLS,4140,8.314,14.499
KKFLS,4141,8.315,14.500
KKFLS,4142,8.315,14.501
KKFLS,4143,8.316,14.502
KKFLS,4144,8.317,14.503
KKFLS,4145,8.317,14.505
KKFLS,4146,8.318,14.506
KKFLS,4147,8.319,14.507
KKFLS,4148,8.319,14.508
KKFLS,4149,8.320,14.509
KKFLS,4150,8.321,14.510
KKFLS,4151,8.321,14.512
KKFLS,4152,8.322,14.513
KKFLS,4153,8.323,14.514
KKFLS,4154,8.323,14.515
KKFLS,4155,8.324,14.516
KKFLS,4156,8.324,14.517
KKFLS,4157,8.325,14.518
KKFLS,4158,8.326,14.519
KKFLS,4159,8.326,14.520
KKFLS,4160,8.327,14.521
KKFLS,4161,8.327,14.522
KKFLS,4162,8.328,14.523
KKFLS,4163,8.329,14.524
KKFLS,4164,8.329,14.525
KKFLS,4165,8.330,14.526
KKFLS,4166,8.330,14.527
KKFLS,4167,8.331,14.528
KKFLS,4168,8.332,14.529
KKFLS,4169,8.332,14.530
KKFLS,4170,8.333,14.531
KKFLS,4171,8.333,14.533
KKFLS,4172,8.334,14.534
KKFLS,4173,8.335,14.535
KKFLS,4174,8.335,14.536
KKFLS,4175,8.336,14.537
KKFLS,4176,8.336,14.538
KKFLS,4177,8.337,14.539
KKFLS,4178,8.338,14.540
KKFLS,4179,8.338,14.541
KKFLS,4180,8.339,14.542
KKFLS,4181,8.339,14.543
KKFLS,4182,8.340,14.544
KKFLS,4183,8.341,14.545
KKFLS,4184,8.341,14.546
KKFLS,4185,8.342,14.547
KKFLS,4186,8.342,14.548
KKFLS,4187,8.343,14.549
KKFLS,4188,8.344,14.550
KKFLS,4189,8.344,14.551
KKFLS,4190,8.345,14.552
KKFLS,4191,8.345,14.554
KKFLS,4192,8.346,14.555
KKFLS,4193,8.347,14.556
KKFLS,4194,8.347,14.557
KKFLS,4195,8.348,14.558
KKFLS,4196,8.348,14.559
KKFLS,4197,8.349,14.560
KKFLS,4198,8.350,14.561
KKFLS,4199,8.350,14.562
KKFLS,4200,8.351,14.563
KKFLS,4201,8.351,14.564
KKFLS,4202,8.352,14.565
KKFLS,4203,8.353,14.566
KKFLS,4204,8.353,14.567
KKFLS,4205,8.354,14.568
KKFLS,4206,8.354,14.569
KKFLS,4207,8.355,14.570
KKFLS,4208,8.356,14.572
KKFLS,4209,8.356,14.573
KKFLS,4210,8.357,14.574
KKFLS,4211,8.357,14.575
KKFLS,4212,8.358,14.576
KKFLS,4213,8.359,14.577
KKFLS,4214,8.359,14.578
KKFLS,4215,8.360,14.579
KKFLS,4216,8.360,14.580
KKFLS,4217,8.361,14.581
KKFLS,4218,8.362,14.582
KKFLS,4219,8.362,14.583
KKFLS,4220,8.363,14.584
KKFLS,4221,8.364,14.585
KKFLS,4222,8.364,14.586
KKFLS,4223,8.365,14.588
KKFLS,4224,8.365,14.589
KKFLS,4225,8.366,14.590
KKFLS,4226,8.367,14.591
KKFLS,4227,8.367,14.592
KKFLS,4228,8.368,14.593
KKFLS,4229,8.368,14.594
KKFLS,4230,8.369,14.595
KKFLS,4231,8.370,14.596
KKFLS,4232,8.370,14.597
KKFLS,4233,8.371,14.598
KKFLS,4234,8.371,14.599
KKFLS,4235,8.372,14.600
KKFLS,4236,8.373,14.601
KKFLS,4237,8.373,14.602
KKFLS,4238,8.374,14.604
KKFLS,4239,8.374,14.605
KKFLS,4240,8.375,14.606
KKFLS,4241,8.376,14.607
KKFLS,4242,8.376,14.608
KKFLS,4243,8.377,14.609
KKFLS,4244,8.378,14.610
KKFLS,4245,8.378,14.611
KKFLS,4246,8.379,14.612
KKFLS,4247,8.379,14.613
KKFLS,4248,8.380,14.614
KKFLS,4249,8.381,14.615
KKFLS,4250,8.381,14.616
KKFLS,4251,8.382,14.618
KKFLS,4252,8.382,14.619
KKFLS,4253,8.383,14.620
KKFLS,4254,8.384,14.621
KKFLS,4255,8.384,14.622
KKFLS,4256,8.385,14.623
KKFLS,4257,8.386,14.624
KKFLS,4258,8.386,14.625
KKFLS,4259,8.387,14.626
KKFLS,4260,8.387,14.627
KKFLS,4261,8.388,14.628
KKFLS,4262,8.389,14.629
KKFLS,4263,8.389,14.630
KKFLS,4264,8.390,14.632
KKFLS,4265,8.390,14.633
KKFLS,4266,8.391,14.634
KKFLS,4267,8.392,14.635
KKFLS,4268,8.392,14.636
KKFLS,4269,8.393,14.637
KKFLS,4270,8.394,14.638
KKFLS,4271,8.394,14.639
KKFLS,4272,8.395,14.640
KKFLS,4273,8.395,14.641
KKFLS,4274,8.396,14.642
KKFLS,4275,8.397,14.643
KKFLS,4276,8.397,14.645
KKFLS,4277,8.398,14.646
KKFLS,4278,8.398,14.647
KKFLS,4279,8.399,14.648
KKFLS,4280,8.400,14.649
KKFLS,4281,8.400,14.650
KKFLS,4282,8.401,14.651
KKFLS,4283,8.402,14.652
KKFLS,4284,8.402,14.653
KKFLS,4285,8.403,14.654
KKFLS,4286,8.403,14.655
KKFLS,4287,8.404,14.657
KKFLS,4288,8.405,14.658
KKFLS,4289,8.405,14.659
KKFLS,4290,8.406,14.660
KKFLS,4291,8.407,14.661
KKFLS,4292,8.407,14.662
KKFLS,4293,8.408,14.663
KKFLS,4294,8.408,14.664
KKFLS,4295,8.409,14.665
KKFLS,4296,8.410,14.666
KKFLS,4297,8.410,14.667
KKFLS,4298,8.411,14.669
KKFLS,4299,8.412,14.670
KKFLS,4300,8.412,14.671
KKFLS,4301,8.413,14.672
KKFLS,4302,8.413,14.673
KKFLS,4303,8.414,14.674
KKFLS,4304,8.415,14.675
KKFLS,4305,8.415,14.676
KKFLS,4306,8.416,14.677
KKFLS,4307,8.417,14.678
KKFLS,4308,8.417,14.680
KKFLS,4309,8.418,14.681
KKFLS,4310,8.418,14.682
KKFLS,4311,8.419,14.683
KKFLS,4312,8.420,14.684
KKFLS,4313,8.420,14.685
KKFLS,4314,8.421,14.686
KKFLS,4315,8.422,14.687
KKFLS,4316,8.422,14.688
KKFLS,4317,8.423,14.689
KKFLS,4318,8.423,14.691
KKFLS,4319,8.424,14.692
KKFLS,4320,8.425,14.693
KKFLS,4321,8.425,14.694
KKFLS,4322,8.426,14.695
KKFLS,4323,8.427,14.696
KKFLS,4324,8.427,14.697
KKFLS,4325,8.428,14.698
KKFLS,4326,8.428,14.699
KKFLS,4327,8.429,14.700
KKFLS,4328,8.430,14.702
KKFLS,4329,8.430,14.703
KKFLS,4330,8.431,14.704
KKFLS,4331,8.432,14.705
KKFLS,4332,8.432,14.706
KKFLS,4333,8.433,14.707
KKFLS,4334,8.433,14.708
KKFLS,4335,8.434,14.709
KKFLS,4336,8.435,14.710
KKFLS,4337,8.435,14.711
KKFLS,4338,8.436,14.713
KKFLS,4339,8.437,14.714
KKFLS,4340,8.437,14.715
KKFLS,4341,8.438,14.716
KKFLS,4342,8.439,14.717
KKFLS,4343,8.439,14.718
KKFLS,4344,8.440,14.719
KKFLS,4345,8.440,14.720
KKFLS,4346,8.441,14.721
KKFLS,4347,8.442,14.723
KKFLS,4348,8.442,14.724
KKFLS,4349,8.443,14.725
KKFLS,4350,8.444,14.726
KKFLS,4351,8.444,14.727
KKFLS,4352,8.445,14.728
KKFLS,4353,8.445,14.729
KKFLS,4354,8.446,14.730
KKFLS,4355,8.447,14.731
KKFLS,4356,8.447,14.733
KKFLS,4357,8.448,14.734
KKFLS,4358,8.449,14.735
KKFLS,4359,8.449,14.736
KKFLS,4360,8.450,14.737
KKFLS,4361,8.451,14.738
KKFLS,4362,8.451,14.739
KKFLS,4363,8.452,14.740
KKFLS,4364,8.452,14.742
KKFLS,4365,8.453,14.743
KKFLS,4366,8.454,14.744
KKFLS,4367,8.454,14.745
KKFLS,4368,8.455,14.746
KKFLS,4369,8.456,14.747
KKFLS,4370,8.456,14.748
KKFLS,4371,8.457,14.749
KKFLS,4372,8.458,14.750
KKFLS,4373,8.458,14.752
KKFLS,4374,8.459,14.753
KKFLS,4375,8.459,14.754
KKFLS,4376,8.460,14.755
KKFLS,4377,8.461,14.756
KKFLS,4378,8.461,14.757
KKFLS,4379,8.462,14.758
KKFLS,4380,8.463,14.759
KKFLS,4381,8.463,14.761
KKFLS,4382,8.464,14.762
KKFLS,4383,8.465,14.763
KKFLS,4384,8.465,14.764
KKFLS,4385,8.466,14.765
KKFLS,4386,8.467,14.766
KKFLS,4387,8.467,14.767
KKFLS,4388,8.468,14.768
KKFLS,4389,8.468,14.770
KKFLS,4390,8.469,14.771
KKFLS,4391,8.470,14.772
KKFLS,4392,8.470,14.773
KKFLS,4393,8.471,14.774
KKFLS,4394,8.472,14.775
KKFLS,4395,8.472,14.776
KKFLS,4396,8.473,14.777
KKFLS,4397,8.474,14.779
KKFLS,4398,8.474,14.780
KKFLS,4399,8.475,14.781
KKFLS,4400,8.476,14.782
KKFLS,4401,8.476,14.783
KKFLS,4402,8.477,14.784
KKFLS,4403,8.477,14.785
KKFLS,4404,8.478,14.786
KKFLS,4405,8.479,14.788
KKFLS,4406,8.479,14.789
KKFLS,4407,8.480,14.790
KKFLS,4408,8.481,14.791
KKFLS,4409,8.481,14.792
KKFLS,4410,8.482,14.793
KKFLS,4411,8.483,14.794
KKFLS,4412,8.483,14.796
KKFLS,4413,8.484,14.797
KKFLS,4414,8.485,14.798
KKFLS,4415,8.485,14.799
KKFLS,4416,8.486,14.800
KKFLS,4417,8.486,14.801
KKFLS,4418,8.487,14.802
KKFLS,4419,8.488,14.803
KKFLS,4420,8.488,14.805
KKFLS,4421,8.489,14.806
KKFLS,4422,8.490,14.807
KKFLS,4423,8.490,14.808
KKFLS,4424,8.491,14.809
KKFLS,4425,8.492,14.810
KKFLS,4426,8.492,14.811
KKFLS,4427,8.493,14.813
KKFLS,4428,8.494,14.814
KKFLS,4429,8.494,14.815
KKFLS,4430,8.495,14.816
KKFLS,4431,8.496,14.817
KKFLS,4432,8.496,14.818
KKFLS,4433,8.497,14.819
KKFLS,4434,8.498,14.821
KKFLS,4435,8.498,14.822
KKFLS,4436,8.499,14.823
KKFLS,4437,8.499,14.824
KKFLS,4438,8.500,14.825
KKFLS,4439,8.501,14.826
KKFLS,4440,8.501,14.827
KKFLS,4441,8.502,14.829
KKFLS,4442,8.503,14.830
KKFLS,4443,8.503,14.831
KKFLS,4444,8.504,14.832
KKFLS,4445,8.505,14.833
KKFLS,4446,8.505,14.834
KKFLS,4447,8.506,14.835
KKFLS,4448,8.507,14.837
KKFLS,4449,8.507,14.838
KKFLS,4450,8.508,14.839
KKFLS,4451,8.509,14.840
KKFLS,4452,8.509,14.841
KKFLS,4453,8.510,14.842
KKFLS,4454,8.511,14.843
KKFLS,4455,8.511,14.845
KKFLS,4456,8.512,14.846
KKFLS,4457,8.512,14.847
KKFLS,4458,8.513,14.848
KKFLS,4459,8.514,14.849
KKFLS,4460,8.514,14.850
KKFLS,4461,8.515,14.851
KKFLS,4462,8.516,14.853
KKFLS,4463,8.516,14.854
KKFLS,4464,8.517,14.855
KKFLS,4465,8.518,14.856
KKFLS,4466,8.518,14.857
KKFLS,4467,8.519,14.858
KKFLS,4468,8.520,14.860
KKFLS,4469,8.520,14.861
KKFLS,4470,8.521,14.862
KKFLS,4471,8.522,14.863
KKFLS,4472,8.522,14.864
KKFLS,4473,8.523,14.865
KKFLS,4474,8.524,14.866
KKFLS,4475,8.524,14.868
KKFLS,4476,8.525,14.869
KKFLS,4477,8.526,14.870
KKFLS,4478,8.526,14.871
KKFLS,4479,8.527,14.872
KKFLS,4480,8.528,14.873
KKFLS,4481,8.528,14.875
KKFLS,4482,8.529,14.876
KKFLS,4483,8.530,14.877
KKFLS,4484,8.530,14.878
KKFLS,4485,8.531,14.879
KKFLS,4486,8.532,14.880
KKFLS,4487,8.532,14.881
KKFLS,4488,8.533,14.883
KKFLS,4489,8.534,14.884
KKFLS,4490,8.534,14.885
KKFLS,4491,8.535,14.886
KKFLS,4492,8.536,14.887
KKFLS,4493,8.536,14.888
KKFLS,4494,8.537,14.889
KKFLS,4495,8.537,14.890
KKFLS,4496,8.538,14.892
KKFLS,4497,8.539,14.893
KKFLS,4498,8.539,14.894
KKFLS,4499,8.540,14.895
KKFLS,4500,8.540,14.896
KKFLS,4501,8.541,14.897
KKFLS,4502,8.541,14.898
KKFLS,4503,8.542,14.899
KKFLS,4504,8.543,14.900
KKFLS,4505,8.543,14.901
KKFLS,4506,8.544,14.902
KKFLS,4507,8.544,14.903
KKFLS,4508,8.545,14.904
KKFLS,4509,8.545,14.905
KKFLS,4510,8.546,14.906
KKFLS,4511,8.547,14.907
KKFLS,4512,8.547,14.908
KKFLS,4513,8.548,14.909
KKFLS,4514,8.548,14.910
KKFLS,4515,8.549,14.911
KKFLS,4516,8.550,14.912
KKFLS,4517,8.550,14.913
KKFLS,4518,8.551,14.914
KKFLS,4519,8.551,14.915
KKFLS,4520,8.552,14.916
KKFLS,4521,8.552,14.917
KKFLS,4522,8.553,14.918
KKFLS,4523,8.554,14.919
KKFLS,4524,8.554,14.920
KKFLS,4525,8.555,14.921
KKFLS,4526,8.555,14.922
KKFLS,4527,8.556,14.923
KKFLS,4528,8.557,14.924
KKFLS,4529,8.557,14.925
KKFLS,4530,8.558,14.926
KKFLS,4531,8.558,14.927
KKFLS,4532,8.559,14.928
KKFLS,4533,8.559,14.929
KKFLS,4534,8.560,14.930
KKFLS,4535,8.561,14.931
KKFLS,4536,8.561,14.932
KKFLS,4537,8.562,14.933
KKFLS,4538,8.562,14.934
KKFLS,4539,8.563,14.935
KKFLS,4540,8.564,14.936
KKFLS,4541,8.564,14.937
KKFLS,4542,8.565,14.939
KKFLS,4543,8.565,14.940
KKFLS,4544,8.566,14.941
KKFLS,4545,8.566,14.942
KKFLS,4546,8.567,14.943
KKFLS,4547,8.568,14.944
KKFLS,4548,8.568,14.945
KKFLS,4549,8.569,14.946
KKFLS,4550,8.569,14.947
KKFLS,4551,8.570,14.948
KKFLS,4552,8.571,14.949
KKFLS,4553,8.571,14.950
KKFLS,4554,8.572,14.951
KKFLS,4555,8.572,14.952
KKFLS,4556,8.573,14.953
KKFLS,4557,8.574,14.954
KKFLS,4558,8.574,14.955
KKFLS,4559,8.575,14.956
KKFLS,4560,8.575,14.957
KKFLS,4561,8.576,14.958
KKFLS,4562,8.576,14.959
KKFLS,4563,8.577,14.960
KKFLS,4564,8.578,14.961
KKFLS,4565,8.578,14.962
KKFLS,4566,8.579,14.963
KKFLS,4567,8.579,14.964
KKFLS,4568,8.580,14.965
KKFLS,4569,8.581,14.966
KKFLS,4570,8.581,14.968
KKFLS,4571,8.582,14.969
KKFLS,4572,8.582,14.970
KKFLS,4573,8.583,14.971
KKFLS,4574,8.584,14.972
KKFLS,4575,8.584,14.973
KKFLS,4576,8.585,14.974
KKFLS,4577,8.585,14.975
KKFLS,4578,8.586,14.976
KKFLS,4579,8.587,14.977
KKFLS,4580,8.587,14.978
KKFLS,4581,8.588,14.979
KKFLS,4582,8.588,14.980
KKFLS,4583,8.589,14.981
KKFLS,4584,8.590,14.982
KKFLS,4585,8.590,14.983
KKFLS,4586,8.591,14.984
KKFLS,4587,8.591,14.985
KKFLS,4588,8.592,14.986
KKFLS,4589,8.593,14.987
KKFLS,4590,8.593,14.988
KKFLS,4591,8.594,14.989
KKFLS,4592,8.594,14.990
KKFLS,4593,8.595,14.992
KKFLS,4594,8.595,14.993
KKFLS,4595,8.596,14.994
KKFLS,4596,8.597,14.995
KKFLS,4597,8.597,14.996
KKFLS,4598,8.598,14.997
KKFLS,4599,8.598,14.998
KKFLS,4600,8.599,14.999
KKFLS,4601,8.600,15.000
KKFLS,4602,8.600,15.001
KKFLS,4603,8.601,15.002
KKFLS,4604,8.601,15.003
KKFLS,4605,8.602,15.004
KKFLS,4606,8.603,15.005
KKFLS,4607,8.603,15.006
KKFLS,4608,8.604,15.007
KKFLS,4609,8.604,15.008
KKFLS,4610,8.605,15.009
KKFLS,4611,8.606,15.010
KKFLS,4612,8.606,15.012
KKFLS,4613,8.607,15.013
KKFLS,4614,8.607,15.014
KKFLS,4615,8.608,15.015
KKFLS,4616,8.609,15.016
KKFLS,4617,8.609,15.017
KKFLS,4618,8.610,15.018
KKFLS,4619,8.610,15.019
KKFLS,4620,8.611,15.020
KKFLS,4621,8.612,15.021
KKFLS,4622,8.612,15.022
KKFLS,4623,8.613,15.023
KKFLS,4624,8.613,15.024
KKFLS,4625,8.614,15.025
KKFLS,4626,8.615,15.026
KKFLS,4627,8.615,15.027
KKFLS,4628,8.616,15.028
KKFLS,4629,8.617,15.029
KKFLS,4630,8.617,15.031
KKFLS,4631,8.618,15.032
KKFLS,4632,8.618,15.033
KKFLS,4633,8.619,15.034
KKFLS,4634,8.620,15.035
KKFLS,4635,8.620,15.036
KKFLS,4636,8.621,15.037
KKFLS,4637,8.621,15.038
KKFLS,4638,8.622,15.039
KKFLS,4639,8.623,15.040
KKFLS,4640,8.623,15.041
KKFLS,4641,8.624,15.042
KKFLS,4642,8.624,15.043
KKFLS,4643,8.625,15.044
KKFLS,4644,8.626,15.045
KKFLS,4645,8.626,15.046
KKFLS,4646,8.627,15.048
KKFLS,4647,8.627,15.049
KKFLS,4648,8.628,15.050
KKFLS,4649,8.629,15.051
KKFLS,4650,8.629,15.052
KKFLS,4651,8.630,15.053
KKFLS,4652,8.630,15.054
KKFLS,4653,8.631,15.055
KKFLS,4654,8.632,15.056
KKFLS,4655,8.632,15.057
KKFLS,4656,8.633,15.058
KKFLS,4657,8.634,15.059
KKFLS,4658,8.634,15.060
KKFLS,4659,8.635,15.061
KKFLS,4660,8.635,15.063
KKFLS,4661,8.636,15.064
KKFLS,4662,8.637,15.065
KKFLS,4663,8.637,15.066
KKFLS,4664,8.638,15.067
KKFLS,4665,8.638,15.068
KKFLS,4666,8.639,15.069
KKFLS,4667,8.640,15.070
KKFLS,4668,8.640,15.071
KKFLS,4669,8.641,15.072
KKFLS,4670,8.641,15.073
KKFLS,4671,8.642,15.074
KKFLS,4672,8.643,15.075
KKFLS,4673,8.643,15.076
KKFLS,4674,8.644,15.078
KKFLS,4675,8.645,15.079
KKFLS,4676,8.645,15.080
KKFLS,4677,8.646,15.081
KKFLS,4678,8.646,15.082
KKFLS,4679,8.647,15.083
KKFLS,4680,8.648,15.084
KKFLS,4681,8.648,15.085
KKFLS,4682,8.649,15.086
KKFLS,4683,8.649,15.087
KKFLS,4684,8.650,15.088
KKFLS,4685,8.651,15.089
KKFLS,4686,8.651,15.091
KKFLS,4687,8.652,15.092
KKFLS,4688,8.652,15.093
KKFLS,4689,8.653,15.094
KKFLS,4690,8.654,15.095
KKFLS,4691,8.654,15.096
KKFLS,4692,8.655,15.097
KKFLS,4693,8.656,15.098
KKFLS,4694,8.656,15.099
KKFLS,4695,8.657,15.100
KKFLS,4696,8.657,15.101
KKFLS,4697,8.658,15.102
KKFLS,4698,8.659,15.103
KKFLS,4699,8.659,15.105
KKFLS,4700,8.660,15.106
KKFLS,4701,8.660,15.107
KKFLS,4702,8.661,15.108
KKFLS,4703,8.662,15.109
KKFLS,4704,8.662,15.110
KKFLS,4705,8.663,15.111
KKFLS,4706,8.663,15.112
KKFLS,4707,8.664,15.113
KKFLS,4708,8.665,15.114
KKFLS,4709,8.665,15.115
KKFLS,4710,8.666,15.116
KKFLS,4711,8.666,15.117
KKFLS,4712,8.667,15.118
KKFLS,4713,8.668,15.119
KKFLS,4714,8.668,15.120
KKFLS,4715,8.669,15.121
KKFLS,4716,8.669,15.122
KKFLS,4717,8.670,15.124
KKFLS,4718,8.671,15.125
KKFLS,4719,8.671,15.126
KKFLS,4720,8.672,15.127
KKFLS,4721,8.672,15.128
KKFLS,4722,8.673,15.129
KKFLS,4723,8.674,15.130
KKFLS,4724,8.674,15.131
KKFLS,4725,8.675,15.132
KKFLS,4726,8.675,15.133
KKFLS,4727,8.676,15.134
KKFLS,4728,8.677,15.135
KKFLS,4729,8.677,15.136
KKFLS,4730,8.678,15.137
KKFLS,4731,8.678,15.138
KKFLS,4732,8.679,15.139
KKFLS,4733,8.680,15.140
KKFLS,4734,8.680,15.141
KKFLS,4735,8.681,15.143
KKFLS,4736,8.681,15.144
KKFLS,4737,8.682,15.145
KKFLS,4738,8.683,15.146
KKFLS,4739,8.683,15.147
KKFLS,4740,8.684,15.148
KKFLS,4741,8.685,15.149
KKFLS,4742,8.685,15.150
KKFLS,4743,8.686,15.151
KKFLS,4744,8.686,15.152
KKFLS,4745,8.687,15.153
KKFLS,4746,8.688,15.154
KKFLS,4747,8.688,15.155
KKFLS,4748,8.689,15.156
KKFLS,4749,8.689,15.157
KKFLS,4750,8.690,15.158
KKFLS,4751,8.691,15.160
KKFLS,4752,8.691,15.161
KKFLS,4753,8.692,15.162
KKFLS,4754,8.692,15.163
KKFLS,4755,8.693,15.164
KKFLS,4756,8.694,15.165
KKFLS,4757,8.694,15.166
KKFLS,4758,8.695,15.167
KKFLS,4759,8.695,15.168
KKFLS,4760,8.696,15.169
KKFLS,4761,8.697,15.170
KKFLS,4762,8.697,15.171
KKFLS,4763,8.698,15.172
KKFLS,4764,8.698,15.173
KKFLS,4765,8.699,15.174
KKFLS,4766,8.700,15.176
KKFLS,4767,8.700,15.177
KKFLS,4768,8.701,15.178
KKFLS,4769,8.702,15.179
KKFLS,4770,8.702,15.180
KKFLS,4771,8.703,15.181
KKFLS,4772,8.703,15.182
KKFLS,4773,8.704,15.183
KKFLS,4774,8.705,15.184
KKFLS,4775,8.705,15.185
KKFLS,4776,8.706,15.186
KKFLS,4777,8.706,15.187
KKFLS,4778,8.707,15.188
KKFLS,4779,8.708,15.190
KKFLS,4780,8.708,15.191
KKFLS,4781,8.709,15.192
KKFLS,4782,8.709,15.193
KKFLS,4783,8.710,15.194
KKFLS,4784,8.711,15.195
KKFLS,4785,8.711,15.196
KKFLS,4786,8.712,15.197
KKFLS,4787,8.713,15.198
KKFLS,4788,8.713,15.199
KKFLS,4789,8.714,15.200
KKFLS,4790,8.714,15.201
KKFLS,4791,8.715,15.202
KKFLS,4792,8.716,15.204
KKFLS,4793,8.716,15.205
KKFLS,4794,8.717,15.206
KKFLS,4795,8.717,15.207
KKFLS,4796,8.718,15.208
KKFLS,4797,8.719,15.209
KKFLS,4798,8.719,15.210
KKFLS,4799,8.720,15.211
KKFLS,4800,8.721,15.212
KKFLS,4801,8.721,15.213
KKFLS,4802,8.722,15.214
KKFLS,4803,8.722,15.215
KKFLS,4804,8.723,15.216
KKFLS,4805,8.724,15.218
KKFLS,4806,8.724,15.219
KKFLS,4807,8.725,15.220
KKFLS,4808,8.725,15.221
KKFLS,4809,8.726,15.222
KKFLS,4810,8.727,15.223
KKFLS,4811,8.727,15.224
KKFLS,4812,8.728,15.225
KKFLS,4813,8.729,15.226
KKFLS,4814,8.729,15.227
KKFLS,4815,8.730,15.228
KKFLS,4816,8.730,15.230
KKFLS,4817,8.731,15.231
KKFLS,4818,8.732,15.232
KKFLS,4819,8.732,15.233
KKFLS,4820,8.733,15.234
KKFLS,4821,8.734,15.235
KKFLS,4822,8.734,15.236
KKFLS,4823,8.735,15.237
KKFLS,4824,8.735,15.238
KKFLS,4825,8.736,15.239
KKFLS,4826,8.737,15.240
KKFLS,4827,8.737,15.241
KKFLS,4828,8.738,15.243
KKFLS,4829,8.738,15.244
KKFLS,4830,8.739,15.245
KKFLS,4831,8.740,15.246
KKFLS,4832,8.740,15.247
KKFLS,4833,8.741,15.248
KKFLS,4834,8.742,15.249
KKFLS,4835,8.742,15.250
KKFLS,4836,8.743,15.251
KKFLS,4837,8.743,15.252
KKFLS,4838,8.744,15.254
KKFLS,4839,8.745,15.255
KKFLS,4840,8.745,15.256
KKFLS,4841,8.746,15.257
KKFLS,4842,8.747,15.258
KKFLS,4843,8.747,15.259
KKFLS,4844,8.748,15.260
KKFLS,4845,8.748,15.261
KKFLS,4846,8.749,15.262
KKFLS,4847,8.750,15.263
KKFLS,4848,8.750,15.264
KKFLS,4849,8.751,15.266
KKFLS,4850,8.752,15.267
KKFLS,4851,8.752,15.268
KKFLS,4852,8.753,15.269
KKFLS,4853,8.753,15.270
KKFLS,4854,8.754,15.271
KKFLS,4855,8.755,15.272
KKFLS,4856,8.755,15.273
KKFLS,4857,8.756,15.274
KKFLS,4858,8.757,15.275
KKFLS,4859,8.757,15.277
KKFLS,4860,8.758,15.278
KKFLS,4861,8.758,15.279
KKFLS,4862,8.759,15.280
KKFLS,4863,8.760,15.281
KKFLS,4864,8.760,15.282
KKFLS,4865,8.761,15.283
KKFLS,4866,8.762,15.284
KKFLS,4867,8.762,15.285
KKFLS,4868,8.763,15.287
KKFLS,4869,8.763,15.288
KKFLS,4870,8.764,15.289
KKFLS,4871,8.765,15.290
KKFLS,4872,8.765,15.291
KKFLS,4873,8.766,15.292
KKFLS,4874,8.767,15.293
KKFLS,4875,8.767,15.294
KKFLS,4876,8.768,15.295
KKFLS,4877,8.769,15.296
KKFLS,4878,8.769,15.298
KKFLS,4879,8.770,15.299
KKFLS,4880,8.770,15.300
KKFLS,4881,8.771,15.301
KKFLS,4882,8.772,15.302
KKFLS,4883,8.772,15.303
KKFLS,4884,8.773,15.304
KKFLS,4885,8.774,15.305
KKFLS,4886,8.774,15.306
KKFLS,4887,8.775,15.308
KKFLS,4888,8.775,15.309
KKFLS,4889,8.776,15.310
KKFLS,4890,8.777,15.311
KKFLS,4891,8.777,15.312
KKFLS,4892,8.778,15.313
KKFLS,4893,8.779,15.314
KKFLS,4894,8.779,15.315
KKFLS,4895,8.780,15.316
KKFLS,4896,8.781,15.318
KKFLS,4897,8.781,15.319
KKFLS,4898,8.782,15.320
KKFLS,4899,8.782,15.321
KKFLS,4900,8.783,15.322
KKFLS,4901,8.784,15.323
KKFLS,4902,8.784,15.324
KKFLS,4903,8.785,15.325
KKFLS,4904,8.785,15.326
KKFLS,4905,8.786,15.327
KKFLS,4906,8.786,15.328
KKFLS,4907,8.787,15.329
KKFLS,4908,8.787,15.329
KKFLS,4909,8.788,15.330
KKFLS,4910,8.788,15.331
KKFLS,4911,8.789,15.332
KKFLS,4912,8.789,15.333
KKFLS,4913,8.790,15.333
KKFLS,4914,8.790,15.334
KKFLS,4915,8.791,15.335
KKFLS,4916,8.791,15.336
KKFLS,4917,8.791,15.337
KKFLS,4918,8.792,15.338
KKFLS,4919,8.792,15.338
KKFLS,4920,8.793,15.339
KKFLS,4921,8.793,15.340
KKFLS,4922,8.794,15.341
KKFLS,4923,8.794,15.342
KKFLS,4924,8.795,15.343
KKFLS,4925,8.795,15.343
KKFLS,4926,8.796,15.344
KKFLS,4927,8.796,15.345
KKFLS,4928,8.797,15.346
KKFLS,4929,8.797,15.347
KKFLS,4930,8.798,15.348
KKFLS,4931,8.798,15.348
KKFLS,4932,8.799,15.349
KKFLS,4933,8.799,15.350
KKFLS,4934,8.799,15.351
KKFLS,4935,8.800,15.352
KKFLS,4936,8.800,15.353
KKFLS,4937,8.801,15.353
KKFLS,4938,8.801,15.354
KKFLS,4939,8.802,15.355
KKFLS,4940,8.802,15.356
KKFLS,4941,8.803,15.357
KKFLS,4942,8.803,15.358
KKFLS,4943,8.804,15.358
KKFLS,4944,8.804,15.359
KKFLS,4945,8.805,15.360
KKFLS,4946,8.805,15.361
KKFLS,4947,8.806,15.362
KKFLS,4948,8.806,15.363
KKFLS,4949,8.807,15.363
KKFLS,4950,8.807,15.364
KKFLS,4951,8.808,15.365
KKFLS,4952,8.808,15.366
KKFLS,4953,8.809,15.367
KKFLS,4954,8.809,15.368
KKFLS,4955,8.809,15.368
KKFLS,4956,8.810,15.369
KKFLS,4957,8.810,15.370
KKFLS,4958,8.811,15.371
KKFLS,4959,8.811,15.372
KKFLS,4960,8.812,15.373
KKFLS,4961,8.812,15.373
KKFLS,4962,8.813,15.374
KKFLS,4963,8.813,15.375
KKFLS,4964,8.814,15.376
KKFLS,4965,8.814,15.377
KKFLS,4966,8.815,15.378
KKFLS,4967,8.815,15.379
KKFLS,4968,8.816,15.379
KKFLS,4969,8.816,15.380
KKFLS,4970,8.817,15.381
KKFLS,4971,8.817,15.382
KKFLS,4972,8.818,15.383
KKFLS,4973,8.818,15.384
KKFLS,4974,8.819,15.384
KKFLS,4975,8.819,15.385
KKFLS,4976,8.820,15.386
KKFLS,4977,8.820,15.387
KKFLS,4978,8.821,15.388
KKFLS,4979,8.821,15.389
KKFLS,4980,8.822,15.390
KKFLS,4981,8.822,15.390
KKFLS,4982,8.822,15.391
KKFLS,4983,8.823,15.392
KKFLS,4984,8.823,15.393
KKFLS,4985,8.824,15.394
KKFLS,4986,8.824,15.395
KKFLS,4987,8.825,15.396
KKFLS,4988,8.825,15.396
KKFLS,4989,8.826,15.397
KKFLS,4990,8.826,15.398
KKFLS,4991,8.827,15.399
KKFLS,4992,8.827,15.400
KKFLS,4993,8.828,15.401
KKFLS,4994,8.828,15.401
KKFLS,4995,8.829,15.402
KKFLS,4996,8.829,15.403
KKFLS,4997,8.830,15.404
KKFLS,4998,8.830,15.405
KKFLS,4999,8.831,15.406
KKFLS,5000,8.831,15.407
KKFLS,5001,8.832,15.407
KKFLS,5002,8.832,15.408
KKFLS,5003,8.833,15.409
KKFLS,5004,8.833,15.410
KKFLS,5005,8.834,15.411
KKFLS,5006,8.834,15.412
KKFLS,5007,8.835,15.413
KKFLS,5008,8.835,15.413
KKFLS,5009,8.836,15.414
KKFLS,5010,8.836,15.415
KKFLS,5011,8.837,15.416
KKFLS,5012,8.837,15.417
KKFLS,5013,8.838,15.418
KKFLS,5014,8.838,15.419
KKFLS,5015,8.839,15.420
KKFLS,5016,8.839,15.420
KKFLS,5017,8.840,15.421
KKFLS,5018,8.840,15.422
KKFLS,5019,8.841,15.423
KKFLS,5020,8.841,15.424
KKFLS,5021,8.842,15.425
KKFLS,5022,8.842,15.426
KKFLS,5023,8.842,15.426
KKFLS,5024,8.843,15.427
KKFLS,5025,8.843,15.428
KKFLS,5026,8.844,15.429
KKFLS,5027,8.844,15.430
KKFLS,5028,8.845,15.431
KKFLS,5029,8.845,15.432
KKFLS,5030,8.846,15.433
KKFLS,5031,8.846,15.433
KKFLS,5032,8.847,15.434
KKFLS,5033,8.847,15.435
KKFLS,5034,8.848,15.436
KKFLS,5035,8.848,15.437
KKFLS,5036,8.849,15.438
KKFLS,5037,8.849,15.439
KKFLS,5038,8.850,15.439
KKFLS,5039,8.850,15.440
KKFLS,5040,8.851,15.441
KKFLS,5041,8.851,15.442
KKFLS,5042,8.852,15.443
KKFLS,5043,8.852,15.444
KKFLS,5044,8.853,15.445
KKFLS,5045,8.853,15.446
KKFLS,5046,8.854,15.446
KKFLS,5047,8.854,15.447
KKFLS,5048,8.855,15.448
KKFLS,5049,8.855,15.449
KKFLS,5050,8.856,15.450
KKFLS,5051,8.856,15.451
KKFLS,5052,8.857,15.452
KKFLS,5053,8.857,15.453
KKFLS,5054,8.858,15.453
KKFLS,5055,8.858,15.454
KKFLS,5056,8.859,15.455
KKFLS,5057,8.859,15.456
KKFLS,5058,8.860,15.457
KKFLS,5059,8.860,15.458
KKFLS,5060,8.861,15.459
KKFLS,5061,8.861,15.460
KKFLS,5062,8.862,15.460
KKFLS,5063,8.862,15.461
KKFLS,5064,8.863,15.462
KKFLS,5065,8.863,15.463
KKFLS,5066,8.864,15.464
KKFLS,5067,8.864,15.465
KKFLS,5068,8.865,15.466
KKFLS,5069,8.865,15.467
KKFLS,5070,8.866,15.468
KKFLS,5071,8.866,15.468
KKFLS,5072,8.867,15.469
KKFLS,5073,8.867,15.470
KKFLS,5074,8.868,15.471
KKFLS,5075,8.868,15.472
KKFLS,5076,8.869,15.473
KKFLS,5077,8.869,15.474
KKFLS,5078,8.870,15.475
KKFLS,5079,8.870,15.475
KKFLS,5080,8.871,15.476
KKFLS,5081,8.871,15.477
KKFLS,5082,8.872,15.478
KKFLS,5083,8.872,15.479
KKFLS,5084,8.873,15.480
KKFLS,5085,8.873,15.481
KKFLS,5086,8.874,15.482
KKFLS,5087,8.874,15.483
KKFLS,5088,8.875,15.483
KKFLS,5089,8.875,15.484
KKFLS,5090,8.876,15.485
KKFLS,5091,8.876,15.486
KKFLS,5092,8.877,15.487
KKFLS,5093,8.877,15.488
KKFLS,5094,8.878,15.489
KKFLS,5095,8.878,15.490
KKFLS,5096,8.879,15.491
KKFLS,5097,8.879,15.491
KKFLS,5098,8.880,15.492
KKFLS,5099,8.881,15.493
KKFLS,5100,8.881,15.494
KKFLS,5101,8.882,15.495
KKFLS,5102,8.882,15.496
KKFLS,5103,8.883,15.497
KKFLS,5104,8.883,15.498
KKFLS,5105,8.884,15.499
KKFLS,5106,8.884,15.500
KKFLS,5107,8.885,15.500
KKFLS,5108,8.885,15.501
KKFLS,5109,8.886,15.502
KKFLS,5110,8.886,15.503
KKFLS,5111,8.887,15.504
KKFLS,5112,8.887,15.505
KKFLS,5113,8.888,15.506
KKFLS,5114,8.888,15.507
KKFLS,5115,8.889,15.508
KKFLS,5116,8.889,15.508
KKFLS,5117,8.890,15.509
KKFLS,5118,8.890,15.510
KKFLS,5119,8.891,15.511
KKFLS,5120,8.891,15.512
KKFLS,5121,8.892,15.513
KKFLS,5122,8.892,15.514
KKFLS,5123,8.893,15.515
KKFLS,5124,8.893,15.516
KKFLS,5125,8.894,15.517
KKFLS,5126,8.894,15.517
KKFLS,5127,8.895,15.518
KKFLS,5128,8.895,15.519
KKFLS,5129,8.896,15.520
KKFLS,5130,8.896,15.521
KKFLS,5131,8.897,15.522
KKFLS,5132,8.897,15.523
KKFLS,5133,8.898,15.524
KKFLS,5134,8.898,15.525
KKFLS,5135,8.899,15.526
KKFLS,5136,8.899,15.527
KKFLS,5137,8.900,15.527
KKFLS,5138,8.900,15.528
KKFLS,5139,8.901,15.529
KKFLS,5140,8.901,15.530
KKFLS,5141,8.902,15.531
KKFLS,5142,8.903,15.532
KKFLS,5143,8.903,15.533
KKFLS,5144,8.904,15.534
KKFLS,5145,8.904,15.535
KKFLS,5146,8.905,15.536
KKFLS,5147,8.905,15.537
KKFLS,5148,8.906,15.537
KKFLS,5149,8.906,15.538
KKFLS,5150,8.907,15.539
KKFLS,5151,8.907,15.540
KKFLS,5152,8.908,15.541
KKFLS,5153,8.908,15.542
KKFLS,5154,8.909,15.543
KKFLS,5155,8.909,15.544
KKFLS,5156,8.910,15.545
KKFLS,5157,8.910,15.546
KKFLS,5158,8.911,15.547
KKFLS,5159,8.911,15.547
KKFLS,5160,8.912,15.548
KKFLS,5161,8.912,15.549
KKFLS,5162,8.913,15.550
KKFLS,5163,8.913,15.551
KKFLS,5164,8.914,15.552
KKFLS,5165,8.914,15.553
KKFLS,5166,8.915,15.554
KKFLS,5167,8.916,15.555
KKFLS,5168,8.916,15.556
KKFLS,5169,8.917,15.557
KKFLS,5170,8.917,15.558
KKFLS,5171,8.918,15.558
KKFLS,5172,8.918,15.559
KKFLS,5173,8.919,15.560
KKFLS,5174,8.919,15.561
KKFLS,5175,8.920,15.562
KKFLS,5176,8.920,15.563
KKFLS,5177,8.921,15.564
KKFLS,5178,8.921,15.565
KKFLS,5179,8.922,15.566
KKFLS,5180,8.922,15.567
KKFLS,5181,8.923,15.568
KKFLS,5182,8.923,15.569
KKFLS,5183,8.924,15.569
KKFLS,5184,8.924,15.570
KKFLS,5185,8.925,15.571
KKFLS,5186,8.925,15.572
KKFLS,5187,8.926,15.573
KKFLS,5188,8.927,15.574
KKFLS,5189,8.927,15.575
KKFLS,5190,8.928,15.576
KKFLS,5191,8.928,15.577
KKFLS,5192,8.929,15.578
KKFLS,5193,8.929,15.579
KKFLS,5194,8.930,15.580
KKFLS,5195,8.930,15.581
KKFLS,5196,8.931,15.582
KKFLS,5197,8.931,15.582
KKFLS,5198,8.932,15.583
KKFLS,5199,8.932,15.584
KKFLS,5200,8.933,15.585
KKFLS,5201,8.933,15.586
KKFLS,5202,8.934,15.587
KKFLS,5203,8.934,15.588
KKFLS,5204,8.935,15.589
KKFLS,5205,8.935,15.590
KKFLS,5206,8.936,15.591
KKFLS,5207,8.937,15.592
KKFLS,5208,8.937,15.593
KKFLS,5209,8.938,15.594
KKFLS,5210,8.938,15.595
KKFLS,5211,8.939,15.595
KKFLS,5212,8.939,15.596
KKFLS,5213,8.940,15.597
KKFLS,5214,8.940,15.598
KKFLS,5215,8.941,15.599
KKFLS,5216,8.941,15.600
KKFLS,5217,8.942,15.601
KKFLS,5218,8.942,15.602
KKFLS,5219,8.943,15.603
KKFLS,5220,8.943,15.604
KKFLS,5221,8.944,15.605
KKFLS,5222,8.944,15.606
KKFLS,5223,8.945,15.607
KKFLS,5224,8.946,15.608
KKFLS,5225,8.946,15.609
KKFLS,5226,8.947,15.609
KKFLS,5227,8.947,15.610
KKFLS,5228,8.948,15.611
KKFLS,5229,8.948,15.612
KKFLS,5230,8.949,15.613
KKFLS,5231,8.949,15.614
KKFLS,5232,8.950,15.615
KKFLS,5233,8.950,15.616
KKFLS,5234,8.951,15.617
KKFLS,5235,8.951,15.618
KKFLS,5236,8.952,15.619
KKFLS,5237,8.953,15.620
KKFLS,5238,8.953,15.621
KKFLS,5239,8.954,15.622
KKFLS,5240,8.954,15.623
KKFLS,5241,8.955,15.624
KKFLS,5242,8.955,15.625
KKFLS,5243,8.956,15.625
KKFLS,5244,8.956,15.626
KKFLS,5245,8.957,15.627
KKFLS,5246,8.957,15.628
KKFLS,5247,8.958,15.629
KKFLS,5248,8.958,15.630
KKFLS,5249,8.959,15.631
KKFLS,5250,8.959,15.632
KKFLS,5251,8.960,15.633
KKFLS,5252,8.961,15.634
KKFLS,5253,8.961,15.635
KKFLS,5254,8.962,15.636
KKFLS,5255,8.962,15.637
KKFLS,5256,8.963,15.638
KKFLS,5257,8.963,15.639
KKFLS,5258,8.964,15.640
KKFLS,5259,8.964,15.641
KKFLS,5260,8.965,15.642
KKFLS,5261,8.965,15.642
KKFLS,5262,8.966,15.643
KKFLS,5263,8.966,15.644
KKFLS,5264,8.967,15.645
KKFLS,5265,8.968,15.646
KKFLS,5266,8.968,15.647
KKFLS,5267,8.969,15.648
KKFLS,5268,8.969,15.649
KKFLS,5269,8.970,15.650
KKFLS,5270,8.970,15.651
KKFLS,5271,8.971,15.652
KKFLS,5272,8.971,15.653
KKFLS,5273,8.972,15.654
KKFLS,5274,8.972,15.655
KKFLS,5275,8.973,15.656
KKFLS,5276,8.974,15.657
KKFLS,5277,8.974,15.658
KKFLS,5278,8.975,15.659
KKFLS,5279,8.975,15.660
KKFLS,5280,8.976,15.661
KKFLS,5281,8.976,15.662
KKFLS,5282,8.977,15.663
KKFLS,5283,8.977,15.663
KKFLS,5284,8.978,15.664
KKFLS,5285,8.978,15.665
KKFLS,5286,8.979,15.666
KKFLS,5287,8.980,15.667
KKFLS,5288,8.980,15.668
KKFLS,5289,8.981,15.669
KKFLS,5290,8.981,15.670
KKFLS,5291,8.982,15.671
KKFLS,5292,8.982,15.672
KKFLS,5293,8.983,15.673
KKFLS,5294,8.983,15.674
KKFLS,5295,8.984,15.675
KKFLS,5296,8.984,15.676
KKFLS,5297,8.985,15.677
KKFLS,5298,8.986,15.678
KKFLS,5299,8.986,15.679
KKFLS,5300,8.987,15.680
KKFLS,5301,8.987,15.681
KKFLS,5302,8.988,15.682
KKFLS,5303,8.988,15.683
KKFLS,5304,8.989,15.684
KKFLS,5305,8.989,15.685
KKFLS,5306,8.990,15.686
KKFLS,5307,8.990,15.687
KKFLS,5308,8.991,15.687
KKFLS,5309,8.992,15.688
KKFLS,5310,8.992,15.689
KKFLS,5311,8.993,15.690
KKFLS,5312,8.993,15.691
KKFLS,5313,8.994,15.692
KKFLS,5314,8.994,15.693
KKFLS,5315,8.995,15.694
KKFLS,5316,8.995,15.695
KKFLS,5317,8.996,15.696
KKFLS,5318,8.997,15.697
KKFLS,5319,8.997,15.698
KKFLS,5320,8.998,15.699
KKFLS,5321,8.998,15.700
KKFLS,5322,8.999,15.701
KKFLS,5323,8.999,15.702
KKFLS,5324,9.000,15.703
KKFLS,5325,9.000,15.704
KKFLS,5326,9.001,15.705
KKFLS,5327,9.001,15.706
KKFLS,5328,9.002,15.707
KKFLS,5329,9.003,15.708
KKFLS,5330,9.003,15.709
KKFLS,5331,9.004,15.710
KKFLS,5332,9.004,15.711
KKFLS,5333,9.005,15.712
KKFLS,5334,9.005,15.713
KKFLS,5335,9.006,15.714
KKFLS,5336,9.006,15.715
KKFLS,5337,9.007,15.716
KKFLS,5338,9.008,15.717
KKFLS,5339,9.008,15.718
KKFLS,5340,9.009,15.719
KKFLS,5341,9.009,15.720
KKFLS,5342,9.010,15.721
KKFLS,5343,9.010,15.722
KKFLS,5344,9.011,15.722
KKFLS,5345,9.011,15.723
KKFLS,5346,9.012,15.724
KKFLS,5347,9.013,15.725
KKFLS,5348,9.013,15.726
KKFLS,5349,9.014,15.727
KKFLS,5350,9.014,15.728
KKFLS,5351,9.015,15.729
KKFLS,5352,9.015,15.730
KKFLS,5353,9.016,15.731
KKFLS,5354,9.016,15.732
KKFLS,5355,9.017,15.733
KKFLS,5356,9.018,15.734
KKFLS,5357,9.018,15.735
KKFLS,5358,9.019,15.736
KKFLS,5359,9.019,15.737
KKFLS,5360,9.020,15.738
KKFLS,5361,9.020,15.739
KKFLS,5362,9.021,15.740
KKFLS,5363,9.022,15.741
KKFLS,5364,9.022,15.742
KKFLS,5365,9.023,15.743
KKFLS,5366,9.023,15.744
KKFLS,5367,9.024,15.745
KKFLS,5368,9.024,15.746
KKFLS,5369,9.025,15.747
KKFLS,5370,9.025,15.748
KKFLS,5371,9.026,15.749
KKFLS,5372,9.027,15.750
KKFLS,5373,9.027,15.751
KKFLS,5374,9.028,15.752
KKFLS,5375,9.028,15.753
KKFLS,5376,9.029,15.754
KKFLS,5377,9.029,15.755
KKFLS,5378,9.030,15.756
KKFLS,5379,9.030,15.757
KKFLS,5380,9.031,15.758
KKFLS,5381,9.032,15.759
KKFLS,5382,9.032,15.760
KKFLS,5383,9.033,15.761
KKFLS,5384,9.033,15.762
KKFLS,5385,9.034,15.763
KKFLS,5386,9.034,15.764
KKFLS,5387,9.035,15.765
KKFLS,5388,9.036,15.766
KKFLS,5389,9.036,15.767
KKFLS,5390,9.037,15.768
KKFLS,5391,9.037,15.769
KKFLS,5392,9.038,15.770
KKFLS,5393,9.038,15.771
KKFLS,5394,9.039,15.772
KKFLS,5395,9.040,15.773
KKFLS,5396,9.040,15.774
KKFLS,5397,9.041,15.775
KKFLS,5398,9.041,15.776
KKFLS,5399,9.042,15.777
KKFLS,5400,9.042,15.778
KKFLS,5401,9.043,15.779
KKFLS,5402,9.043,15.780
KKFLS,5403,9.044,15.781
KKFLS,5404,9.045,15.782
KKFLS,5405,9.045,15.783
KKFLS,5406,9.046,15.784
KKFLS,5407,9.046,15.785
KKFLS,5408,9.047,15.786
KKFLS,5409,9.047,15.786
KKFLS,5410,9.048,15.787
KKFLS,5411,9.048,15.788
KKFLS,5412,9.049,15.789
KKFLS,5413,9.049,15.790
KKFLS,5414,9.050,15.791
KKFLS,5415,9.050,15.792
KKFLS,5416,9.051,15.793
KKFLS,5417,9.051,15.794
KKFLS,5418,9.052,15.795
KKFLS,5419,9.053,15.796
KKFLS,5420,9.053,15.797
KKFLS,5421,9.054,15.798
KKFLS,5422,9.054,15.798
KKFLS,5423,9.055,15.799
KKFLS,5424,9.055,15.800
KKFLS,5425,9.056,15.801
KKFLS,5426,9.056,15.802
KKFLS,5427,9.057,15.803
KKFLS,5428,9.057,15.804
KKFLS,5429,9.058,15.805
KKFLS,5430,9.058,15.806
KKFLS,5431,9.059,15.807
KKFLS,5432,9.059,15.808
KKFLS,5433,9.060,15.809
KKFLS,5434,9.060,15.810
KKFLS,5435,9.061,15.810
KKFLS,5436,9.061,15.811
KKFLS,5437,9.062,15.812
KKFLS,5438,9.063,15.813
KKFLS,5439,9.063,15.814
KKFLS,5440,9.064,15.815
KKFLS,5441,9.064,15.816
KKFLS,5442,9.065,15.817
KKFLS,5443,9.065,15.818
KKFLS,5444,9.066,15.819
KKFLS,5445,9.066,15.820
KKFLS,5446,9.067,15.821
KKFLS,5447,9.067,15.822
KKFLS,5448,9.068,15.822
KKFLS,5449,9.068,15.823
KKFLS,5450,9.069,15.824
KKFLS,5451,9.069,15.825
KKFLS,5452,9.070,15.826
KKFLS,5453,9.070,15.827
KKFLS,5454,9.071,15.828
KKFLS,5455,9.071,15.829
KKFLS,5456,9.072,15.830
KKFLS,5457,9.073,15.831
KKFLS,5458,9.073,15.832
KKFLS,5459,9.074,15.833
KKFLS,5460,9.074,15.834
KKFLS,5461,9.075,15.835
KKFLS,5462,9.075,15.836
KKFLS,5463,9.076,15.836
KKFLS,5464,9.076,15.837
KKFLS,5465,9.077,15.838
KKFLS,5466,9.077,15.839
KKFLS,5467,9.078,15.840
KKFLS,5468,9.078,15.841
KKFLS,5469,9.079,15.842
KKFLS,5470,9.079,15.843
KKFLS,5471,9.080,15.844
KKFLS,5472,9.081,15.845
KKFLS,5473,9.081,15.846
KKFLS,5474,9.082,15.847
KKFLS,5475,9.082,15.848
KKFLS,5476,9.083,15.849
KKFLS,5477,9.083,15.850
KKFLS,5478,9.084,15.851
KKFLS,5479,9.084,15.851
KKFLS,5480,9.085,15.852
KKFLS,5481,9.085,15.853
KKFLS,5482,9.085,15.853
KKFLS,5483,9.086,15.854
KKFLS,5484,9.086,15.855
KKFLS,5485,9.087,15.855
KKFLS,5486,9.087,15.856
KKFLS,5487,9.087,15.857
KKFLS,5488,9.088,15.857
KKFLS,5489,9.088,15.858
KKFLS,5490,9.088,15.859
KKFLS,5491,9.089,15.860
KKFLS,5492,9.089,15.860
KKFLS,5493,9.090,15.861
KKFLS,5494,9.090,15.862
KKFLS,5495,9.090,15.862
KKFLS,5496,9.091,15.863
KKFLS,5497,9.091,15.864
KKFLS,5498,9.092,15.864
KKFLS,5499,9.092,15.865
KKFLS,5500,9.092,15.866
KKFLS,5501,9.093,15.866
KKFLS,5502,9.093,15.867
KKFLS,5503,9.094,15.868
KKFLS,5504,9.094,15.868
KKFLS,5505,9.094,15.869
KKFLS,5506,9.095,15.870
KKFLS,5507,9.095,15.871
KKFLS,5508,9.095,15.871
KKFLS,5509,9.096,15.872
KKFLS,5510,9.096,15.873
KKFLS,5511,9.097,15.873
KKFLS,5512,9.097,15.874
KKFLS,5513,9.097,15.875
KKFLS,5514,9.098,15.875
KKFLS,5515,9.098,15.876
KKFLS,5516,9.099,15.877
KKFLS,5517,9.099,15.877
KKFLS,5518,9.099,15.878
KKFLS,5519,9.100,15.879
KKFLS,5520,9.100,15.880
KKFLS,5521,9.101,15.880
KKFLS,5522,9.101,15.881
KKFLS,5523,9.101,15.882
KKFLS,5524,9.102,15.882
KKFLS,5525,9.102,15.883
KKFLS,5526,9.103,15.884
KKFLS,5527,9.103,15.884
KKFLS,5528,9.103,15.885
KKFLS,5529,9.104,15.886
KKFLS,5530,9.104,15.887
KKFLS,5531,9.105,15.887
KKFLS,5532,9.105,15.888
KKFLS,5533,9.105,15.889
KKFLS,5534,9.106,15.889
KKFLS,5535,9.106,15.890
KKFLS,5536,9.107,15.891
KKFLS,5537,9.107,15.891
KKFLS,5538,9.107,15.892
KKFLS,5539,9.108,15.893
KKFLS,5540,9.108,15.894
KKFLS,5541,9.109,15.894
KKFLS,5542,9.109,15.895
KKFLS,5543,9.109,15.896
KKFLS,5544,9.110,15.896
KKFLS,5545,9.110,15.897
KKFLS,5546,9.111,15.898
KKFLS,5547,9.111,15.899
KKFLS,5548,9.111,15.899
KKFLS,5549,9.112,15.900
KKFLS,5550,9.112,15.901
KKFLS,5551,9.113,15.901
KKFLS,5552,9.113,15.902
KKFLS,5553,9.113,15.903
KKFLS,5554,9.114,15.903
KKFLS,5555,9.114,15.904
KKFLS,5556,9.115,15.905
KKFLS,5557,9.115,15.906
KKFLS,5558,9.115,15.906
KKFLS,5559,9.116,15.907
KKFLS,5560,9.116,15.908
KKFLS,5561,9.117,15.908
KKFLS,5562,9.117,15.909
KKFLS,5563,9.117,15.910
KKFLS,5564,9.118,15.911
KKFLS,5565,9.118,15.911
KKFLS,5566,9.119,15.912
KKFLS,5567,9.119,15.913
KKFLS,5568,9.119,15.913
KKFLS,5569,9.120,15.914
KKFLS,5570,9.120,15.915
KKFLS,5571,9.121,15.916
KKFLS,5572,9.121,15.916
KKFLS,5573,9.122,15.917
KKFLS,5574,9.122,15.918
KKFLS,5575,9.122,15.918
KKFLS,5576,9.123,15.919
KKFLS,5577,9.123,15.920
KKFLS,5578,9.124,15.921
KKFLS,5579,9.124,15.921
KKFLS,5580,9.124,15.922
KKFLS,5581,9.125,15.923
KKFLS,5582,9.125,15.923
KKFLS,5583,9.126,15.924
KKFLS,5584,9.126,15.925
KKFLS,5585,9.126,15.926
KKFLS,5586,9.127,15.926
KKFLS,5587,9.127,15.927
KKFLS,5588,9.128,15.928
KKFLS,5589,9.128,15.929
KKFLS,5590,9.128,15.929
KKFLS,5591,9.129,15.930
KKFLS,5592,9.129,15.931
KKFLS,5593,9.130,15.931
KKFLS,5594,9.130,15.932
KKFLS,5595,9.131,15.933
KKFLS,5596,9.131,15.934
KKFLS,5597,9.131,15.934
KKFLS,5598,9.132,15.935
KKFLS,5599,9.132,15.936
KKFLS,5600,9.133,15.936
KKFLS,5601,9.133,15.937
KKFLS,5602,9.133,15.938
KKFLS,5603,9.134,15.939
KKFLS,5604,9.134,15.939
KKFLS,5605,9.135,15.940
KKFLS,5606,9.135,15.941
KKFLS,5607,9.135,15.942
KKFLS,5608,9.136,15.942
KKFLS,5609,9.136,15.943
KKFLS,5610,9.137,15.943
KKFLS,5611,9.137,15.944
KKFLS,5612,9.137,15.944
KKFLS,5613,9.137,15.945
KKFLS,5614,9.138,15.946
KKFLS,5615,9.138,15.946
KKFLS,5616,9.138,15.947
KKFLS,5617,9.139,15.947
KKFLS,5618,9.139,15.948
KKFLS,5619,9.139,15.948
KKFLS,5620,9.139,15.949
KKFLS,5621,9.140,15.949
KKFLS,5622,9.140,15.950
KKFLS,5623,9.140,15.950
KKFLS,5624,9.141,15.951
KKFLS,5625,9.141,15.951
KKFLS,5626,9.141,15.952
KKFLS,5627,9.142,15.952
KKFLS,5628,9.142,15.953
KKFLS,5629,9.142,15.953
KKFLS,5630,9.142,15.954
KKFLS,5631,9.143,15.954
KKFLS,5632,9.143,15.955
KKFLS,5633,9.143,15.955
KKFLS,5634,9.144,15.956
KKFLS,5635,9.144,15.956
KKFLS,5636,9.144,15.957
KKFLS,5637,9.145,15.958
KKFLS,5638,9.145,15.958
KKFLS,5639,9.145,15.959
KKFLS,5640,9.145,15.959
KKFLS,5641,9.146,15.960
KKFLS,5642,9.146,15.960
KKFLS,5643,9.146,15.961
KKFLS,5644,9.147,15.961
KKFLS,5645,9.147,15.962
KKFLS,5646,9.147,15.962
KKFLS,5647,9.148,15.963
KKFLS,5648,9.148,15.963
KKFLS,5649,9.148,15.964
KKFLS,5650,9.148,15.964
KKFLS,5651,9.149,15.965
KKFLS,5652,9.149,15.965
KKFLS,5653,9.149,15.966
KKFLS,5654,9.150,15.967
KKFLS,5655,9.150,15.967
KKFLS,5656,9.150,15.968
KKFLS,5657,9.151,15.968
KKFLS,5658,9.151,15.969
KKFLS,5659,9.151,15.969
KKFLS,5660,9.151,15.970
KKFLS,5661,9.152,15.970
KKFLS,5662,9.152,15.971
KKFLS,5663,9.152,15.971
KKFLS,5664,9.153,15.972
KKFLS,5665,9.153,15.972
KKFLS,5666,9.153,15.973
KKFLS,5667,9.154,15.973
KKFLS,5668,9.154,15.974
KKFLS,5669,9.154,15.975
KKFLS,5670,9.155,15.975
KKFLS,5671,9.155,15.976
KKFLS,5672,9.155,15.976
KKFLS,5673,9.155,15.977
KKFLS,5674,9.156,15.977
KKFLS,5675,9.156,15.978
KKFLS,5676,9.156,15.978
KKFLS,5677,9.157,15.979
KKFLS,5678,9.157,15.979
KKFLS,5679,9.157,15.980
KKFLS,5680,9.158,15.980
KKFLS,5681,9.158,15.981
KKFLS,5682,9.158,15.982
KKFLS,5683,9.159,15.982
KKFLS,5684,9.159,15.983
KKFLS,5685,9.159,15.983
KKFLS,5686,9.159,15.984
KKFLS,5687,9.160,15.984
KKFLS,5688,9.160,15.985
KKFLS,5689,9.160,15.985
KKFLS,5690,9.161,15.986
KKFLS,5691,9.161,15.986
KKFLS,5692,9.161,15.987
KKFLS,5693,9.162,15.988
KKFLS,5694,9.162,15.988
KKFLS,5695,9.162,15.989
KKFLS,5696,9.163,15.989
KKFLS,5697,9.163,15.990
KKFLS,5698,9.163,15.990
KKFLS,5699,9.163,15.991
KKFLS,5700,9.164,15.991
KKFLS,5701,9.164,15.992
KKFLS,5702,9.164,15.992
KKFLS,5703,9.165,15.993
KKFLS,5704,9.165,15.994
KKFLS,5705,9.165,15.994
KKFLS,5706,9.166,15.995
KKFLS,5707,9.166,15.995
KKFLS,5708,9.166,15.996
KKFLS,5709,9.167,15.996
KKFLS,5710,9.167,15.997
KKFLS,5711,9.167,15.997
KKFLS,5712,9.168,15.998
KKFLS,5713,9.168,15.999
KKFLS,5714,9.168,15.999
KKFLS,5715,9.169,16.000
KKFLS,5716,9.169,16.000
KKFLS,5717,9.169,16.001
KKFLS,5718,9.169,16.001
KKFLS,5719,9.170,16.002
KKFLS,5720,9.170,16.002
KKFLS,5721,9.170,16.003
KKFLS,5722,9.171,16.004
KKFLS,5723,9.171,16.004
KKFLS,5724,9.171,16.005
KKFLS,5725,9.172,16.005
KKFLS,5726,9.172,16.006
KKFLS,5727,9.172,16.006
KKFLS,5728,9.173,16.007
KKFLS,5729,9.173,16.007
KKFLS,5730,9.173,16.008
KKFLS,5731,9.174,16.009
KKFLS,5732,9.174,16.009
KKFLS,5733,9.174,16.010
KKFLS,5734,9.175,16.010
KKFLS,5735,9.175,16.011
KKFLS,5736,9.175,16.011
KKFLS,5737,9.176,16.012
KKFLS,5738,9.176,16.013
KKFLS,5739,9.176,16.013
KKFLS,5740,9.176,16.014
KKFLS,5741,9.177,16.014
KKFLS,5742,9.177,16.015
KKFLS,5743,9.177,16.015
KKFLS,5744,9.178,16.016
KKFLS,5745,9.178,16.017
KKFLS,5746,9.178,16.017
KKFLS,5747,9.179,16.018
KKFLS,5748,9.179,16.018
KKFLS,5749,9.179,16.019
KKFLS,5750,9.180,16.019
KKFLS,5751,9.180,16.020
KKFLS,5752,9.180,16.020
KKFLS,5753,9.181,16.021
KKFLS,5754,9.181,16.022
KKFLS,5755,9.181,16.022
KKFLS,5756,9.182,16.023
KKFLS,5757,9.182,16.023
KKFLS,5758,9.182,16.024
KKFLS,5759,9.183,16.024
KKFLS,5760,9.183,16.025
KKFLS,5761,9.183,16.026
KKFLS,5762,9.184,16.026
KKFLS,5763,9.184,16.027
KKFLS,5764,9.184,16.027
KKFLS,5765,9.185,16.028
KKFLS,5766,9.185,16.028
KKFLS,5767,9.185,16.029
KKFLS,5768,9.186,16.030
KKFLS,5769,9.186,16.030
KKFLS,5770,9.186,16.031
KKFLS,5771,9.187,16.031
KKFLS,5772,9.187,16.032
KKFLS,5773,9.187,16.033
KKFLS,5774,9.188,16.033
KKFLS,5775,9.188,16.034
KKFLS,5776,9.188,16.034
KKFLS,5777,9.188,16.035
KKFLS,5778,9.189,16.035
KKFLS,5779,9.189,16.036
KKFLS,5780,9.189,16.037
KKFLS,5781,9.190,16.037
KKFLS,5782,9.190,16.038
KKFLS,5783,9.190,16.038
KKFLS,5784,9.191,16.039
KKFLS,5785,9.191,16.039
KKFLS,5786,9.191,16.040
KKFLS,5787,9.192,16.041
KKFLS,5788,9.192,16.041
KKFLS,5789,9.192,16.042
KKFLS,5790,9.193,16.042
KKFLS,5791,9.193,16.043
KKFLS,5792,9.193,16.044
KKFLS,5793,9.194,16.044
KKFLS,5794,9.194,16.045
KKFLS,5795,9.194,16.045
KKFLS,5796,9.195,16.046
KKFLS,5797,9.195,16.046
KKFLS,5798,9.195,16.047
KKFLS,5799,9.196,16.048
KKFLS,5800,9.196,16.048
KKFLS,5801,9.196,16.049
KKFLS,5802,9.197,16.049
KKFLS,5803,9.197,16.050
KKFLS,5804,9.197,16.051
KKFLS,5805,9.198,16.051
KKFLS,5806,9.198,16.052
KKFLS,5807,9.198,16.052
KKFLS,5808,9.199,16.053
KKFLS,5809,9.199,16.054
KKFLS,5810,9.199,16.054
KKFLS,5811,9.200,16.055
KKFLS,5812,9.200,16.055
KKFLS,5813,9.200,16.056
KKFLS,5814,9.201,16.056
KKFLS,5815,9.201,16.057
KKFLS,5816,9.201,16.058
KKFLS,5817,9.202,16.058
KKFLS,5818,9.202,16.059
KKFLS,5819,9.202,16.059
KKFLS,5820,9.203,16.060
KKFLS,5821,9.203,16.061
KKFLS,5822,9.204,16.061
KKFLS,5823,9.204,16.062
KKFLS,5824,9.204,16.062
KKFLS,5825,9.205,16.063
KKFLS,5826,9.205,16.064
KKFLS,5827,9.205,16.064
KKFLS,5828,9.206,16.065
KKFLS,5829,9.206,16.065
KKFLS,5830,9.206,16.066
KKFLS,5831,9.207,16.067
KKFLS,5832,9.207,16.067
KKFLS,5833,9.207,16.068
KKFLS,5834,9.208,16.068
KKFLS,5835,9.208,16.069
KKFLS,5836,9.208,16.070
KKFLS,5837,9.209,16.070
KKFLS,5838,9.209,16.071
KKFLS,5839,9.209,16.071
KKFLS,5840,9.210,16.072
KKFLS,5841,9.210,16.073
KKFLS,5842,9.210,16.073
KKFLS,5843,9.211,16.074
KKFLS,5844,9.211,16.074
KKFLS,5845,9.211,16.075
KKFLS,5846,9.212,16.076
KKFLS,5847,9.212,16.076
KKFLS,5848,9.212,16.077
KKFLS,5849,9.213,16.077
KKFLS,5850,9.213,16.078
KKFLS,5851,9.213,16.079
KKFLS,5852,9.214,16.079
KKFLS,5853,9.214,16.080
KKFLS,5854,9.214,16.080
KKFLS,5855,9.215,16.081
KKFLS,5856,9.215,16.082
KKFLS,5857,9.215,16.082
KKFLS,5858,9.216,16.083
KKFLS,5859,9.216,16.083
KKFLS,5860,9.217,16.084
KKFLS,5861,9.217,16.085
KKFLS,5862,9.217,16.085
KKFLS,5863,9.218,16.086
KKFLS,5864,9.218,16.087
KKFLS,5865,9.218,16.087
KKFLS,5866,9.219,16.088
KKFLS,5867,9.219,16.088
KKFLS,5868,9.219,16.089
KKFLS,5869,9.220,16.090
KKFLS,5870,9.220,16.090
KKFLS,5871,9.220,16.091
KKFLS,5872,9.221,16.091
KKFLS,5873,9.221,16.092
KKFLS,5874,9.221,16.093
KKFLS,5875,9.222,16.093
KKFLS,5876,9.222,16.094
KKFLS,5877,9.222,16.095
KKFLS,5878,9.223,16.095
KKFLS,5879,9.223,16.096
KKFLS,5880,9.223,16.096
KKFLS,5881,9.224,16.097
KKFLS,5882,9.224,16.098
KKFLS,5883,9.225,16.098
KKFLS,5884,9.225,16.099
KKFLS,5885,9.225,16.099
KKFLS,5886,9.226,16.100
KKFLS,5887,9.226,16.101
KKFLS,5888,9.226,16.101
KKFLS,5889,9.227,16.102
KKFLS,5890,9.227,16.103
KKFLS,5891,9.227,16.103
KKFLS,5892,9.228,16.104
KKFLS,5893,9.228,16.104
KKFLS,5894,9.228,16.105
KKFLS,5895,9.229,16.106
KKFLS,5896,9.229,16.106
KKFLS,5897,9.229,16.107
KKFLS,5898,9.230,16.108
KKFLS,5899,9.230,16.108
KKFLS,5900,9.231,16.109
KKFLS,5901,9.231,16.109
KKFLS,5902,9.231,16.110
KKFLS,5903,9.232,16.111
KKFLS,5904,9.232,16.111
KKFLS,5905,9.232,16.112
KKFLS,5906,9.233,16.113
KKFLS,5907,9.233,16.113
KKFLS,5908,9.233,16.114
KKFLS,5909,9.234,16.114
KKFLS,5910,9.234,16.115
KKFLS,5911,9.234,16.116
KKFLS,5912,9.235,16.116
KKFLS,5913,9.235,16.117
KKFLS,5914,9.236,16.118
KKFLS,5915,9.236,16.118
KKFLS,5916,9.236,16.119
KKFLS,5917,9.237,16.119
KKFLS,5918,9.237,16.120
KKFLS,5919,9.237,16.121
KKFLS,5920,9.238,16.121
KKFLS,5921,9.238,16.122
KKFLS,5922,9.238,16.123
KKFLS,5923,9.239,16.123
KKFLS,5924,9.239,16.124
KKFLS,5925,9.239,16.124
KKFLS,5926,9.240,16.125
KKFLS,5927,9.240,16.126
KKFLS,5928,9.241,16.126
KKFLS,5929,9.241,16.127
KKFLS,5930,9.241,16.128
KKFLS,5931,9.242,16.128
KKFLS,5932,9.242,16.129
KKFLS,5933,9.242,16.130
KKFLS,5934,9.243,16.130
KKFLS,5935,9.243,16.131
KKFLS,5936,9.243,16.131
KKFLS,5937,9.244,16.132
KKFLS,5938,9.244,16.133
KKFLS,5939,9.245,16.133
KKFLS,5940,9.245,16.134
KKFLS,5941,9.245,16.135
KKFLS,5942,9.246,16.135
KKFLS,5943,9.246,16.136
KKFLS,5944,9.246,16.137
KKFLS,5945,9.247,16.137
KKFLS,5946,9.247,16.138
KKFLS,5947,9.247,16.138
KKFLS,5948,9.248,16.139
KKFLS,5949,9.248,16.140
KKFLS,5950,9.249,16.140
KKFLS,5951,9.249,16.141
KKFLS,5952,9.249,16.142
KKFLS,5953,9.250,16.142
KKFLS,5954,9.250,16.143
KKFLS,5955,9.250,16.144
KKFLS,5956,9.251,16.144
KKFLS,5957,9.251,16.145
KKFLS,5958,9.251,16.146
KKFLS,5959,9.252,16.146
KKFLS,5960,9.252,16.147
KKFLS,5961,9.253,16.148
KKFLS,5962,9.253,16.148
KKFLS,5963,9.253,16.149
KKFLS,5964,9.254,16.149
KKFLS,5965,9.254,16.150
KKFLS,5966,9.254,16.151
KKFLS,5967,9.255,16.151
KKFLS,5968,9.255,16.152
KKFLS,5969,9.255,16.153
KKFLS,5970,9.256,16.153
KKFLS,5971,9.256,16.154
KKFLS,5972,9.257,16.155
KKFLS,5973,9.257,16.155
KKFLS,5974,9.257,16.156
KKFLS,5975,9.258,16.157
KKFLS,5976,9.258,16.157
KKFLS,5977,9.258,16.158
KKFLS,5978,9.259,16.159
KKFLS,5979,9.259,16.159
KKFLS,5980,9.260,16.160
KKFLS,5981,9.260,16.160
KKFLS,5982,9.260,16.161
KKFLS,5983,9.261,16.162
KKFLS,5984,9.261,16.162
KKFLS,5985,9.261,16.163
KKFLS,5986,9.262,16.164
KKFLS,5987,9.262,16.164
KKFLS,5988,9.263,16.165
KKFLS,5989,9.263,16.166
KKFLS,5990,9.263,16.166
KKFLS,5991,9.264,16.167
KKFLS,5992,9.264,16.168
KKFLS,5993,9.264,16.168
KKFLS,5994,9.265,16.169
KKFLS,5995,9.265,16.170
KKFLS,5996,9.266,16.170
KKFLS,5997,9.266,16.171
KKFLS,5998,9.266,16.172
KKFLS,5999,9.267,16.172
KKFLS,6000,9.267,16.173
KKFLS,6001,9.267,16.174
KKFLS,6002,9.268,16.174
KKFLS,6003,9.268,16.175
KKFLS,6004,9.269,16.176
KKFLS,6005,9.269,16.176
KKFLS,6006,9.269,16.177
KKFLS,6007,9.270,16.178
KKFLS,6008,9.270,16.178
KKFLS,6009,9.270,16.179
KKFLS,6010,9.271,16.180
KKFLS,6011,9.271,16.180
KKFLS,6012,9.272,16.181
KKFLS,6013,9.272,16.182
KKFLS,6014,9.272,16.182
KKFLS,6015,9.273,16.183
KKFLS,6016,9.273,16.184
KKFLS,6017,9.273,16.184
KKFLS,6018,9.274,16.185
KKFLS,6019,9.274,16.186
KKFLS,6020,9.275,16.186
KKFLS,6021,9.275,16.187
KKFLS,6022,9.275,16.188
KKFLS,6023,9.276,16.188
KKFLS,6024,9.276,16.189
KKFLS,6025,9.276,16.190
KKFLS,6026,9.277,16.190
KKFLS,6027,9.277,16.191
KKFLS,6028,9.278,16.192
KKFLS,6029,9.278,16.192
KKFLS,6030,9.278,16.193
KKFLS,6031,9.279,16.194
KKFLS,6032,9.279,16.194
KKFLS,6033,9.279,16.195
KKFLS,6034,9.280,16.196
KKFLS,6035,9.280,16.196
KKFLS,6036,9.281,16.197
KKFLS,6037,9.281,16.198
KKFLS,6038,9.281,16.198
KKFLS,6039,9.282,16.199
KKFLS,6040,9.282,16.200
KKFLS,6041,9.283,16.200
KKFLS,6042,9.283,16.201
KKFLS,6043,9.283,16.202
KKFLS,6044,9.284,16.202
KKFLS,6045,9.284,16.203
KKFLS,6046,9.284,16.204
KKFLS,6047,9.285,16.204
KKFLS,6048,9.285,16.205
KKFLS,6049,9.286,16.206
KKFLS,6050,9.286,16.206
KKFLS,6051,9.286,16.207
KKFLS,6052,9.287,16.208
KKFLS,6053,9.287,16.208
KKFLS,6054,9.288,16.209
KKFLS,6055,9.288,16.210
KKFLS,6056,9.288,16.211
KKFLS,6057,9.289,16.211
KKFLS,6058,9.289,16.212
KKFLS,6059,9.289,16.213
KKFLS,6060,9.290,16.213
KKFLS,6061,9.290,16.214
KKFLS,6062,9.291,16.215
KKFLS,6063,9.291,16.215
KKFLS,6064,9.291,16.216
KKFLS,6065,9.292,16.217
KKFLS,6066,9.292,16.217
KKFLS,6067,9.293,16.218
KKFLS,6068,9.293,16.219
KKFLS,6069,9.293,16.219
KKFLS,6070,9.294,16.220
KKFLS,6071,9.294,16.221
KKFLS,6072,9.295,16.221
KKFLS,6073,9.295,16.222
KKFLS,6074,9.295,16.223
KKFLS,6075,9.296,16.224
KKFLS,6076,9.296,16.224
KKFLS,6077,9.296,16.225
KKFLS,6078,9.297,16.226
KKFLS,6079,9.297,16.226
KKFLS,6080,9.298,16.227
KKFLS,6081,9.298,16.228
KKFLS,6082,9.298,16.228
KKFLS,6083,9.299,16.229
KKFLS,6084,9.299,16.230
KKFLS,6085,9.300,16.230
KKFLS,6086,9.300,16.231
KKFLS,6087,9.300,16.232
KKFLS,6088,9.301,16.232
KKFLS,6089,9.301,16.233
KKFLS,6090,9.302,16.234
KKFLS,6091,9.302,16.235
KKFLS,6092,9.302,16.235
KKFLS,6093,9.303,16.236
KKFLS,6094,9.303,16.237
KKFLS,6095,9.304,16.237
KKFLS,6096,9.304,16.238
KKFLS,6097,9.304,16.239
KKFLS,6098,9.305,16.239
KKFLS,6099,9.305,16.240
KKFLS,6100,9.306,16.241
KKFLS,6101,9.306,16.241
KKFLS,6102,9.306,16.242
KKFLS,6103,9.307,16.243
KKFLS,6104,9.307,16.244
KKFLS,6105,9.308,16.244
KKFLS,6106,9.308,16.245
KKFLS,6107,9.308,16.246
KKFLS,6108,9.309,16.246
KKFLS,6109,9.309,16.247
KKFLS,6110,9.310,16.248
KKFLS,6111,9.310,16.248
KKFLS,6112,9.310,16.249
KKFLS,6113,9.311,16.250
KKFLS,6114,9.311,16.251
KKFLS,6115,9.311,16.251
KKFLS,6116,9.312,16.252
KKFLS,6117,9.312,16.253
KKFLS,6118,9.313,16.253
KKFLS,6119,9.313,16.254
KKFLS,6120,9.313,16.255
KKFLS,6121,9.314,16.255
KKFLS,6122,9.314,16.256
KKFLS,6123,9.315,16.257
KKFLS,6124,9.315,16.258
KKFLS,6125,9.315,16.258
KKFLS,6126,9.316,16.259
KKFLS,6127,9.316,16.260
KKFLS,6128,9.317,16.260
KKFLS,6129,9.317,16.261
KKFLS,6130,9.317,16.262
KKFLS,6131,9.318,16.263
KKFLS,6132,9.318,16.263
KKFLS,6133,9.319,16.264
KKFLS,6134,9.319,16.265
KKFLS,6135,9.320,16.265
KKFLS,6136,9.320,16.266
KKFLS,6137,9.320,16.267
KKFLS,6138,9.321,16.268
KKFLS,6139,9.321,16.268
KKFLS,6140,9.322,16.269
KKFLS,6141,9.322,16.270
KKFLS,6142,9.322,16.270
KKFLS,6143,9.323,16.271
KKFLS,6144,9.323,16.272
KKFLS,6145,9.324,16.272
KKFLS,6146,9.324,16.273
KKFLS,6147,9.324,16.274
KKFLS,6148,9.325,16.275
KKFLS,6149,9.325,16.275
KKFLS,6150,9.326,16.276
KKFLS,6151,9.326,16.277
KKFLS,6152,9.326,16.277
KKFLS,6153,9.327,16.278
KKFLS,6154,9.327,16.279
KKFLS,6155,9.328,16.280
KKFLS,6156,9.328,16.280
KKFLS,6157,9.328,16.281
KKFLS,6158,9.329,16.282
KKFLS,6159,9.329,16.282
KKFLS,6160,9.330,16.283
KKFLS,6161,9.330,16.284
KKFLS,6162,9.330,16.285
KKFLS,6163,9.331,16.285
KKFLS,6164,9.331,16.286
KKFLS,6165,9.332,16.287
KKFLS,6166,9.332,16.288
KKFLS,6167,9.332,16.288
KKFLS,6168,9.333,16.289
KKFLS,6169,9.333,16.290
KKFLS,6170,9.334,16.290
KKFLS,6171,9.334,16.291
KKFLS,6172,9.335,16.292
KKFLS,6173,9.335,16.293
KKFLS,6174,9.335,16.293
KKFLS,6175,9.336,16.294
KKFLS,6176,9.336,16.295
KKFLS,6177,9.337,16.295
KKFLS,6178,9.337,16.296
KKFLS,6179,9.337,16.297
KKFLS,6180,9.338,16.298
KKFLS,6181,9.338,16.298
KKFLS,6182,9.339,16.299
KKFLS,6183,9.339,16.300
KKFLS,6184,9.339,16.301
KKFLS,6185,9.340,16.301
KKFLS,6186,9.340,16.302
KKFLS,6187,9.341,16.303
KKFLS,6188,9.341,16.303
KKFLS,6189,9.342,16.304
KKFLS,6190,9.342,16.305
KKFLS,6191,9.342,16.306
KKFLS,6192,9.343,16.306
KKFLS,6193,9.343,16.307
KKFLS,6194,9.344,16.308
KKFLS,6195,9.344,16.309
KKFLS,6196,9.344,16.309
KKFLS,6197,9.345,16.310
KKFLS,6198,9.345,16.311
KKFLS,6199,9.346,16.311
KKFLS,6200,9.346,16.312
KKFLS,6201,9.347,16.313
KKFLS,6202,9.347,16.314
KKFLS,6203,9.347,16.314
KKFLS,6204,9.348,16.315
KKFLS,6205,9.348,16.316
KKFLS,6206,9.349,16.317
KKFLS,6207,9.349,16.317
KKFLS,6208,9.349,16.318
KKFLS,6209,9.350,16.319
KKFLS,6210,9.350,16.320
KKFLS,6211,9.351,16.320
KKFLS,6212,9.351,16.321
KKFLS,6213,9.352,16.322
KKFLS,6214,9.352,16.322
KKFLS,6215,9.352,16.323
KKFLS,6216,9.353,16.324
KKFLS,6217,9.353,16.325
KKFLS,6218,9.354,16.325
KKFLS,6219,9.354,16.326
KKFLS,6220,9.354,16.327
KKFLS,6221,9.355,16.328
KKFLS,6222,9.355,16.328
KKFLS,6223,9.356,16.329
KKFLS,6224,9.356,16.330
KKFLS,6225,9.357,16.331
KKFLS,6226,9.357,16.331
KKFLS,6227,9.357,16.332
KKFLS,6228,9.358,16.333
KKFLS,6229,9.358,16.334
KKFLS,6230,9.359,16.334
KKFLS,6231,9.359,16.335
KKFLS,6232,9.359,16.336
KKFLS,6233,9.360,16.337
KKFLS,6234,9.360,16.337
KKFLS,6235,9.361,16.338
KKFLS,6236,9.361,16.339
KKFLS,6237,9.362,16.339
KKFLS,6238,9.362,16.340
KKFLS,6239,9.362,16.341
KKFLS,6240,9.363,16.342
KKFLS,6241,9.363,16.342
KKFLS,6242,9.364,16.343
KKFLS,6243,9.364,16.344
KKFLS,6244,9.365,16.345
KKFLS,6245,9.365,16.345
KKFLS,6246,9.365,16.346
KKFLS,6247,9.366,16.347
KKFLS,6248,9.366,16.348
KKFLS,6249,9.367,16.348
KKFLS,6250,9.367,16.349
KKFLS,6251,9.368,16.350
KKFLS,6252,9.368,16.351
KKFLS,6253,9.368,16.351
KKFLS,6254,9.369,16.352
KKFLS,6255,9.369,16.353
KKFLS,6256,9.370,16.354
KKFLS,6257,9.370,16.354
KKFLS,6258,9.371,16.355
KKFLS,6259,9.371,16.356
KKFLS,6260,9.371,16.357
KKFLS,6261,9.372,16.357
KKFLS,6262,9.372,16.358
KKFLS,6263,9.373,16.359
KKFLS,6264,9.373,16.360
KKFLS,6265,9.374,16.360
KKFLS,6266,9.374,16.361
KKFLS,6267,9.374,16.362
KKFLS,6268,9.375,16.363
KKFLS,6269,9.375,16.363
KKFLS,6270,9.376,16.364
KKFLS,6271,9.376,16.365
KKFLS,6272,9.377,16.366
KKFLS,6273,9.377,16.367
KKFLS,6274,9.377,16.367
KKFLS,6275,9.378,16.368
KKFLS,6276,9.378,16.369
KKFLS,6277,9.379,16.370
KKFLS,6278,9.379,16.370
KKFLS,6279,9.380,16.371
KKFLS,6280,9.380,16.372
KKFLS,6281,9.380,16.373
KKFLS,6282,9.381,16.373
KKFLS,6283,9.381,16.374
KKFLS,6284,9.382,16.375
KKFLS,6285,9.382,16.376
KKFLS,6286,9.383,16.376
KKFLS,6287,9.383,16.377
KKFLS,6288,9.383,16.378
KKFLS,6289,9.384,16.379
KKFLS,6290,9.384,16.379
KKFLS,6291,9.385,16.380
KKFLS,6292,9.385,16.381
KKFLS,6293,9.386,16.382
KKFLS,6294,9.386,16.382
KKFLS,6295,9.386,16.383
KKFLS,6296,9.387,16.384
KKFLS,6297,9.387,16.385
KKFLS,6298,9.388,16.386
KKFLS,6299,9.388,16.386
KKFLS,6300,9.389,16.387
KKFLS,6301,9.389,16.388
KKFLS,6302,9.390,16.389
KKFLS,6303,9.390,16.389
KKFLS,6304,9.390,16.390
KKFLS,6305,9.391,16.391
KKFLS,6306,9.391,16.392
KKFLS,6307,9.392,16.392
KKFLS,6308,9.392,16.393
KKFLS,6309,9.393,16.394
KKFLS,6310,9.393,16.395
KKFLS,6311,9.393,16.396
KKFLS,6312,9.394,16.396
KKFLS,6313,9.394,16.397
KKFLS,6314,9.395,16.398
KKFLS,6315,9.395,16.399
KKFLS,6316,9.396,16.399
KKFLS,6317,9.396,16.400
KKFLS,6318,9.397,16.401
KKFLS,6319,9.397,16.402
KKFLS,6320,9.397,16.402
KKFLS,6321,9.398,16.403
KKFLS,6322,9.398,16.404
KKFLS,6323,9.399,16.405
KKFLS,6324,9.399,16.406
KKFLS,6325,9.400,16.406
KKFLS,6326,9.400,16.407
KKFLS,6327,9.400,16.408
KKFLS,6328,9.401,16.409
KKFLS,6329,9.401,16.409
KKFLS,6330,9.402,16.410
KKFLS,6331,9.402,16.411
KKFLS,6332,9.403,16.412
KKFLS,6333,9.403,16.413
KKFLS,6334,9.404,16.413
KKFLS,6335,9.404,16.414
KKFLS,6336,9.404,16.415
KKFLS,6337,9.405,16.416
KKFLS,6338,9.405,16.416
KKFLS,6339,9.406,16.417
KKFLS,6340,9.406,16.418
KKFLS,6341,9.407,16.419
KKFLS,6342,9.407,16.420
KKFLS,6343,9.408,16.420
KKFLS,6344,9.408,16.421
KKFLS,6345,9.408,16.422
KKFLS,6346,9.409,16.423
KKFLS,6347,9.409,16.423
KKFLS,6348,9.410,16.424
KKFLS,6349,9.410,16.425
KKFLS,6350,9.411,16.426
KKFLS,6351,9.411,16.427
KKFLS,6352,9.412,16.427
KKFLS,6353,9.412,16.428
KKFLS,6354,9.412,16.429
KKFLS,6355,9.413,16.430
KKFLS,6356,9.413,16.431
KKFLS,6357,9.414,16.431
KKFLS,6358,9.414,16.432
KKFLS,6359,9.415,16.433
KKFLS,6360,9.415,16.434
KKFLS,6361,9.416,16.434
KKFLS,6362,9.416,16.435
KKFLS,6363,9.416,16.436
KKFLS,6364,9.417,16.437
KKFLS,6365,9.417,16.438
KKFLS,6366,9.418,16.438
KKFLS,6367,9.418,16.439
KKFLS,6368,9.419,16.440
KKFLS,6369,9.419,16.441
KKFLS,6370,9.420,16.442
KKFLS,6371,9.420,16.442
KKFLS,6372,9.420,16.443
KKFLS,6373,9.421,16.444
KKFLS,6374,9.421,16.445
KKFLS,6375,9.422,16.446
KKFLS,6376,9.422,16.446
KKFLS,6377,9.423,16.447
KKFLS,6378,9.423,16.448
KKFLS,6379,9.424,16.449
KKFLS,6380,9.424,16.449
KKFLS,6381,9.425,16.450
KKFLS,6382,9.425,16.451
KKFLS,6383,9.425,16.452
KKFLS,6384,9.426,16.453
KKFLS,6385,9.426,16.453
KKFLS,6386,9.427,16.454
KKFLS,6387,9.427,16.455
KKFLS,6388,9.428,16.456
KKFLS,6389,9.428,16.457
KKFLS,6390,9.429,16.457
KKFLS,6391,9.429,16.458
KKFLS,6392,9.430,16.459
KKFLS,6393,9.430,16.460
KKFLS,6394,9.430,16.461
KKFLS,6395,9.431,16.461
KKFLS,6396,9.431,16.462
KKFLS,6397,9.432,16.463
KKFLS,6398,9.432,16.464
KKFLS,6399,9.433,16.465
KKFLS,6400,9.433,16.465
KKFLS,6401,9.434,16.466
KKFLS,6402,9.434,16.467
KKFLS,6403,9.435,16.468
KKFLS,6404,9.435,16.469
KKFLS,6405,9.435,16.469
KKFLS,6406,9.436,16.470
KKFLS,6407,9.436,16.471
KKFLS,6408,9.437,16.472
KKFLS,6409,9.437,16.473
KKFLS,6410,9.438,16.473
KKFLS,6411,9.438,16.474
KKFLS,6412,9.438,16.475
KKFLS,6413,9.439,16.475
KKFLS,6414,9.439,16.476
KKFLS,6415,9.439,16.476
KKFLS,6416,9.440,16.477
KKFLS,6417,9.440,16.478
KKFLS,6418,9.440,16.478
KKFLS,6419,9.441,16.479
KKFLS,6420,9.441,16.480
KKFLS,6421,9.442,16.480
KKFLS,6422,9.442,16.481
KKFLS,6423,9.442,16.482
KKFLS,6424,9.443,16.482
KKFLS,6425,9.443,16.483
KKFLS,6426,9.443,16.483
KKFLS,6427,9.444,16.484
KKFLS,6428,9.444,16.485
KKFLS,6429,9.444,16.485
KKFLS,6430,9.445,16.486
KKFLS,6431,9.445,16.487
KKFLS,6432,9.446,16.487
KKFLS,6433,9.446,16.488
KKFLS,6434,9.446,16.489
KKFLS,6435,9.447,16.489
KKFLS,6436,9.447,16.490
KKFLS,6437,9.447,16.491
KKFLS,6438,9.448,16.491
KKFLS,6439,9.448,16.492
KKFLS,6440,9.449,16.493
KKFLS,6441,9.449,16.493
KKFLS,6442,9.449,16.494
KKFLS,6443,9.450,16.494
KKFLS,6444,9.450,16.495
KKFLS,6445,9.450,16.496
KKFLS,6446,9.451,16.496
KKFLS,6447,9.451,16.497
KKFLS,6448,9.451,16.498
KKFLS,6449,9.452,16.498
KKFLS,6450,9.452,16.499
KKFLS,6451,9.453,16.500
KKFLS,6452,9.453,16.500
KKFLS,6453,9.453,16.501
KKFLS,6454,9.454,16.502
KKFLS,6455,9.454,16.502
KKFLS,6456,9.454,16.503
KKFLS,6457,9.455,16.504
KKFLS,6458,9.455,16.504
KKFLS,6459,9.456,16.505
KKFLS,6460,9.456,16.506
KKFLS,6461,9.456,16.506
KKFLS,6462,9.457,16.507
KKFLS,6463,9.457,16.508
KKFLS,6464,9.457,16.508
KKFLS,6465,9.458,16.509
KKFLS,6466,9.458,16.509
KKFLS,6467,9.459,16.510
KKFLS,6468,9.459,16.511
KKFLS,6469,9.459,16.511
KKFLS,6470,9.460,16.512
KKFLS,6471,9.460,16.513
KKFLS,6472,9.460,16.513
KKFLS,6473,9.461,16.514
KKFLS,6474,9.461,16.515
KKFLS,6475,9.462,16.515
KKFLS,6476,9.462,16.516
KKFLS,6477,9.462,16.517
KKFLS,6478,9.463,16.517
KKFLS,6479,9.463,16.518
KKFLS,6480,9.463,16.519
KKFLS,6481,9.464,16.519
KKFLS,6482,9.464,16.520
KKFLS,6483,9.465,16.521
KKFLS,6484,9.465,16.521
KKFLS,6485,9.465,16.522
KKFLS,6486,9.466,16.523
KKFLS,6487,9.466,16.523
KKFLS,6488,9.466,16.524
KKFLS,6489,9.467,16.525
KKFLS,6490,9.467,16.525
KKFLS,6491,9.468,16.526
KKFLS,6492,9.468,16.527
KKFLS,6493,9.468,16.527
KKFLS,6494,9.469,16.528
KKFLS,6495,9.469,16.529
KKFLS,6496,9.469,16.529
KKFLS,6497,9.470,16.530
KKFLS,6498,9.470,16.531
KKFLS,6499,9.471,16.531
KKFLS,6500,9.471,16.532
KKFLS,6501,9.471,16.533
KKFLS,6502,9.472,16.533
KKFLS,6503,9.472,16.534
KKFLS,6504,9.472,16.535
KKFLS,6505,9.473,16.535
KKFLS,6506,9.473,16.536
KKFLS,6507,9.474,16.537
KKFLS,6508,9.474,16.537
KKFLS,6509,9.474,16.538
KKFLS,6510,9.475,16.539
KKFLS,6511,9.475,16.539
KKFLS,6512,9.476,16.540
KKFLS,6513,9.476,16.541
KKFLS,6514,9.476,16.541
KKFLS,6515,9.477,16.542
KKFLS,6516,9.477,16.543
KKFLS,6517,9.477,16.543
KKFLS,6518,9.478,16.544
KKFLS,6519,9.478,16.545
KKFLS,6520,9.479,16.545
KKFLS,6521,9.479,16.546
KKFLS,6522,9.479,16.547
KKFLS,6523,9.480,16.548
KKFLS,6524,9.480,16.548
KKFLS,6525,9.481,16.549
KKFLS,6526,9.481,16.550
KKFLS,6527,9.481,16.550
KKFLS,6528,9.482,16.551
KKFLS,6529,9.482,16.552
KKFLS,6530,9.482,16.552
KKFLS,6531,9.483,16.553
KKFLS,6532,9.483,16.554
KKFLS,6533,9.484,16.554
KKFLS,6534,9.484,16.555
KKFLS,6535,9.484,16.556
KKFLS,6536,9.485,16.556
KKFLS,6537,9.485,16.557
KKFLS,6538,9.486,16.558
KKFLS,6539,9.486,16.558
KKFLS,6540,9.486,16.559
KKFLS,6541,9.487,16.560
KKFLS,6542,9.487,16.560
KKFLS,6543,9.487,16.561
KKFLS,6544,9.488,16.562
KKFLS,6545,9.488,16.562
KKFLS,6546,9.489,16.563
KKFLS,6547,9.489,16.564
KKFLS,6548,9.489,16.565
KKFLS,6549,9.490,16.565
KKFLS,6550,9.490,16.566
KKFLS,6551,9.491,16.567
KKFLS,6552,9.491,16.567
KKFLS,6553,9.491,16.568
KKFLS,6554,9.492,16.569
KKFLS,6555,9.492,16.569
KKFLS,6556,9.493,16.570
KKFLS,6557,9.493,16.571
KKFLS,6558,9.493,16.571
KKFLS,6559,9.494,16.572
KKFLS,6560,9.494,16.573
KKFLS,6561,9.494,16.573
KKFLS,6562,9.495,16.574
KKFLS,6563,9.495,16.575
KKFLS,6564,9.496,16.576
KKFLS,6565,9.496,16.576
KKFLS,6566,9.496,16.577
KKFLS,6567,9.497,16.578
KKFLS,6568,9.497,16.578
KKFLS,6569,9.498,16.579
KKFLS,6570,9.498,16.580
KKFLS,6571,9.498,16.580
KKFLS,6572,9.499,16.581
KKFLS,6573,9.499,16.582
KKFLS,6574,9.500,16.582
KKFLS,6575,9.500,16.583
KKFLS,6576,9.500,16.584
KKFLS,6577,9.501,16.585
KKFLS,6578,9.501,16.585
KKFLS,6579,9.502,16.586
KKFLS,6580,9.502,16.587
KKFLS,6581,9.502,16.587
KKFLS,6582,9.503,16.588
KKFLS,6583,9.503,16.589
KKFLS,6584,9.504,16.589
KKFLS,6585,9.504,16.590
KKFLS,6586,9.504,16.591
KKFLS,6587,9.505,16.592
KKFLS,6588,9.505,16.592
KKFLS,6589,9.506,16.593
KKFLS,6590,9.506,16.594
KKFLS,6591,9.506,16.594
KKFLS,6592,9.507,16.595
KKFLS,6593,9.507,16.596
KKFLS,6594,9.508,16.596
KKFLS,6595,9.508,16.597
KKFLS,6596,9.508,16.598
KKFLS,6597,9.509,16.599
KKFLS,6598,9.509,16.599
KKFLS,6599,9.510,16.600
KKFLS,6600,9.510,16.601
KKFLS,6601,9.510,16.601
KKFLS,6602,9.511,16.602
KKFLS,6603,9.511,16.603
KKFLS,6604,9.512,16.603
KKFLS,6605,9.512,16.604
KKFLS,6606,9.512,16.605
KKFLS,6607,9.513,16.606
KKFLS,6608,9.513,16.606
KKFLS,6609,9.514,16.607
KKFLS,6610,9.514,16.608
KKFLS,6611,9.514,16.608
KKFLS,6612,9.515,16.609
KKFLS,6613,9.515,16.610
KKFLS,6614,9.516,16.611
KKFLS,6615,9.516,16.611
KKFLS,6616,9.516,16.612
KKFLS,6617,9.517,16.613
KKFLS,6618,9.517,16.613
KKFLS,6619,9.518,16.614
KKFLS,6620,9.518,16.615
KKFLS,6621,9.518,16.616
KKFLS,6622,9.519,16.616
KKFLS,6623,9.519,16.617
KKFLS,6624,9.520,16.618
KKFLS,6625,9.520,16.618
KKFLS,6626,9.520,16.619
KKFLS,6627,9.521,16.620
KKFLS,6628,9.521,16.621
KKFLS,6629,9.522,16.621
KKFLS,6630,9.522,16.622
KKFLS,6631,9.522,16.623
KKFLS,6632,9.523,16.623
KKFLS,6633,9.523,16.624
KKFLS,6634,9.524,16.625
KKFLS,6635,9.524,16.626
KKFLS,6636,9.524,16.626
KKFLS,6637,9.525,16.627
KKFLS,6638,9.525,16.628
KKFLS,6639,9.526,16.628
KKFLS,6640,9.526,16.629
KKFLS,6641,9.526,16.630
KKFLS,6642,9.527,16.631
KKFLS,6643,9.527,16.631
KKFLS,6644,9.528,16.632
KKFLS,6645,9.528,16.633
KKFLS,6646,9.529,16.633
KKFLS,6647,9.529,16.634
KKFLS,6648,9.529,16.635
KKFLS,6649,9.530,16.636
KKFLS,6650,9.530,16.636
KKFLS,6651,9.531,16.637
KKFLS,6652,9.531,16.638
KKFLS,6653,9.531,16.638
KKFLS,6654,9.532,16.639
KKFLS,6655,9.532,16.640
KKFLS,6656,9.533,16.641
KKFLS,6657,9.533,16.641
KKFLS,6658,9.533,16.642
KKFLS,6659,9.534,16.643
KKFLS,6660,9.534,16.644
KKFLS,6661,9.535,16.644
KKFLS,6662,9.535,16.645
KKFLS,6663,9.535,16.646
KKFLS,6664,9.536,16.646
KKFLS,6665,9.536,16.647
KKFLS,6666,9.537,16.648
KKFLS,6667,9.537,16.649
KKFLS,6668,9.538,16.649
KKFLS,6669,9.538,16.650
KKFLS,6670,9.538,16.651
KKFLS,6671,9.539,16.652
KKFLS,6672,9.539,16.652
KKFLS,6673,9.540,16.653
KKFLS,6674,9.540,16.654
KKFLS,6675,9.540,16.654
KKFLS,6676,9.541,16.655
KKFLS,6677,9.541,16.656
KKFLS,6678,9.542,16.657
KKFLS,6679,9.542,16.657
KKFLS,6680,9.543,16.658
KKFLS,6681,9.543,16.659
KKFLS,6682,9.543,16.660
KKFLS,6683,9.544,16.660
KKFLS,6684,9.544,16.661
KKFLS,6685,9.545,16.662
KKFLS,6686,9.545,16.662
KKFLS,6687,9.545,16.663
KKFLS,6688,9.546,16.664
KKFLS,6689,9.546,16.665
KKFLS,6690,9.547,16.665
KKFLS,6691,9.547,16.666
KKFLS,6692,9.548,16.667
KKFLS,6693,9.548,16.668
KKFLS,6694,9.548,16.668
KKFLS,6695,9.549,16.669
KKFLS,6696,9.549,16.670
KKFLS,6697,9.550,16.671
KKFLS,6698,9.550,16.671
KKFLS,6699,9.550,16.672
KKFLS,6700,9.551,16.673
KKFLS,6701,9.551,16.674
KKFLS,6702,9.552,16.674
KKFLS,6703,9.552,16.675
KKFLS,6704,9.553,16.676
KKFLS,6705,9.553,16.676
KKFLS,6706,9.553,16.677
KKFLS,6707,9.554,16.678
KKFLS,6708,9.554,16.679
KKFLS,6709,9.555,16.679
KKFLS,6710,9.555,16.680
KKFLS,6711,9.555,16.681
KKFLS,6712,9.556,16.682
KKFLS,6713,9.556,16.682
KKFLS,6714,9.557,16.683
KKFLS,6715,9.557,16.684
KKFLS,6716,9.558,16.685
KKFLS,6717,9.558,16.685
KKFLS,6718,9.558,16.686
KKFLS,6719,9.559,16.687
KKFLS,6720,9.559,16.688
KKFLS,6721,9.560,16.688
KKFLS,6722,9.560,16.689
KKFLS,6723,9.561,16.690
KKFLS,6724,9.561,16.691
KKFLS,6725,9.561,16.691
KKFLS,6726,9.562,16.692
KKFLS,6727,9.562,16.693
KKFLS,6728,9.563,16.694
KKFLS,6729,9.563,16.694
KKFLS,6730,9.564,16.695
KKFLS,6731,9.564,16.696
KKFLS,6732,9.564,16.697
KKFLS,6733,9.565,16.697
KKFLS,6734,9.565,16.698
KKFLS,6735,9.566,16.699
KKFLS,6736,9.566,16.700
KKFLS,6737,9.567,16.700
KKFLS,6738,9.567,16.701
KKFLS,6739,9.567,16.702
KKFLS,6740,9.568,16.703
KKFLS,6741,9.568,16.703
KKFLS,6742,9.569,16.704
KKFLS,6743,9.569,16.705
KKFLS,6744,9.569,16.706
KKFLS,6745,9.570,16.706
KKFLS,6746,9.570,16.707
KKFLS,6747,9.571,16.708
KKFLS,6748,9.571,16.709
KKFLS,6749,9.572,16.709
KKFLS,6750,9.572,16.710
KKFLS,6751,9.572,16.711
KKFLS,6752,9.573,16.712
KKFLS,6753,9.573,16.712
KKFLS,6754,9.574,16.713
KKFLS,6755,9.574,16.714
KKFLS,6756,9.575,16.715
KKFLS,6757,9.575,16.715
KKFLS,6758,9.575,16.716
KKFLS,6759,9.576,16.717
KKFLS,6760,9.576,16.718
KKFLS,6761,9.577,16.718
KKFLS,6762,9.577,16.719
KKFLS,6763,9.578,16.720
KKFLS,6764,9.578,16.721
KKFLS,6765,9.579,16.721
KKFLS,6766,9.579,16.722
KKFLS,6767,9.579,16.723
KKFLS,6768,9.580,16.724
KKFLS,6769,9.580,16.725
KKFLS,6770,9.581,16.725
KKFLS,6771,9.581,16.726
KKFLS,6772,9.582,16.727
KKFLS,6773,9.582,16.728
KKFLS,6774,9.582,16.728
KKFLS,6775,9.583,16.729
KKFLS,6776,9.583,16.730
KKFLS,6777,9.584,16.731
KKFLS,6778,9.584,16.731
KKFLS,6779,9.585,16.732
KKFLS,6780,9.585,16.733
KKFLS,6781,9.585,16.734
KKFLS,6782,9.586,16.734
KKFLS,6783,9.586,16.735
KKFLS,6784,9.587,16.736
KKFLS,6785,9.587,16.737
KKFLS,6786,9.588,16.738
KKFLS,6787,9.588,16.738
KKFLS,6788,9.588,16.739
KKFLS,6789,9.589,16.740
KKFLS,6790,9.589,16.741
KKFLS,6791,9.590,16.741
KKFLS,6792,9.590,16.742
KKFLS,6793,9.591,16.743
KKFLS,6794,9.591,16.744
KKFLS,6795,9.592,16.744
KKFLS,6796,9.592,16.745
KKFLS,6797,9.592,16.746
KKFLS,6798,9.593,16.747
KKFLS,6799,9.593,16.748
KKFLS,6800,9.594,16.748
KKFLS,6801,9.594,16.749
KKFLS,6802,9.595,16.750
KKFLS,6803,9.595,16.751
KKFLS,6804,9.595,16.751
KKFLS,6805,9.596,16.752
KKFLS,6806,9.596,16.753
KKFLS,6807,9.597,16.754
KKFLS,6808,9.597,16.754
KKFLS,6809,9.598,16.755
KKFLS,6810,9.598,16.756
KKFLS,6811,9.599,16.757
KKFLS,6812,9.599,16.758
KKFLS,6813,9.599,16.758
KKFLS,6814,9.600,16.759
KKFLS,6815,9.600,16.760
KKFLS,6816,9.601,16.761
KKFLS,6817,9.601,16.761
KKFLS,6818,9.602,16.762
KKFLS,6819,9.602,16.763
KKFLS,6820,9.603,16.764
KKFLS,6821,9.603,16.765
KKFLS,6822,9.603,16.765
KKFLS,6823,9.604,16.766
KKFLS,6824,9.604,16.767
KKFLS,6825,9.605,16.768
KKFLS,6826,9.605,16.768
KKFLS,6827,9.606,16.769
KKFLS,6828,9.606,16.770
KKFLS,6829,9.607,16.771
KKFLS,6830,9.607,16.772
KKFLS,6831,9.607,16.772
KKFLS,6832,9.608,16.773
KKFLS,6833,9.608,16.774
KKFLS,6834,9.609,16.775
KKFLS,6835,9.609,16.776
KKFLS,6836,9.610,16.776
KKFLS,6837,9.610,16.777
KKFLS,6838,9.611,16.778
KKFLS,6839,9.611,16.779
KKFLS,6840,9.611,16.779
KKFLS,6841,9.612,16.780
KKFLS,6842,9.612,16.781
KKFLS,6843,9.613,16.782
KKFLS,6844,9.613,16.783
KKFLS,6845,9.614,16.783
KKFLS,6846,9.614,16.784
KKFLS,6847,9.615,16.785
KKFLS,6848,9.615,16.786
KKFLS,6849,9.615,16.787
KKFLS,6850,9.616,16.787
KKFLS,6851,9.616,16.788
KKFLS,6852,9.617,16.789
KKFLS,6853,9.617,16.790
KKFLS,6854,9.618,16.790
KKFLS,6855,9.618,16.791
KKFLS,6856,9.619,16.792
KKFLS,6857,9.619,16.793
KKFLS,6858,9.619,16.794
KKFLS,6859,9.620,16.794
KKFLS,6860,9.620,16.795
KKFLS,6861,9.621,16.796
KKFLS,6862,9.621,16.797
KKFLS,6863,9.622,16.798
KKFLS,6864,9.622,16.798
KKFLS,6865,9.623,16.799
KKFLS,6866,9.623,16.800
KKFLS,6867,9.624,16.801
KKFLS,6868,9.624,16.802
KKFLS,6869,9.624,16.802
KKFLS,6870,9.625,16.803
KKFLS,6871,9.625,16.804
KKFLS,6872,9.626,16.805
KKFLS,6873,9.626,16.806
KKFLS,6874,9.627,16.806
KKFLS,6875,9.627,16.807
KKFLS,6876,9.628,16.808
KKFLS,6877,9.628,16.809
KKFLS,6878,9.628,16.810
KKFLS,6879,9.629,16.810
KKFLS,6880,9.629,16.811
KKFLS,6881,9.630,16.812
KKFLS,6882,9.630,16.813
KKFLS,6883,9.631,16.814
KKFLS,6884,9.631,16.814
KKFLS,6885,9.632,16.815
KKFLS,6886,9.632,16.816
KKFLS,6887,9.633,16.817
KKFLS,6888,9.633,16.818
KKFLS,6889,9.633,16.818
KKFLS,6890,9.634,16.819
KKFLS,6891,9.634,16.820
KKFLS,6892,9.635,16.821
KKFLS,6893,9.635,16.822
KKFLS,6894,9.636,16.822
KKFLS,6895,9.636,16.823
KKFLS,6896,9.637,16.824
KKFLS,6897,9.637,16.825
KKFLS,6898,9.638,16.826
KKFLS,6899,9.638,16.826
KKFLS,6900,9.638,16.827
KKFLS,6901,9.639,16.828
KKFLS,6902,9.639,16.829
KKFLS,6903,9.640,16.830
KKFLS,6904,9.640,16.830
KKFLS,6905,9.641,16.831
KKFLS,6906,9.641,16.832
KKFLS,6907,9.642,16.833
KKFLS,6908,9.642,16.834
KKFLS,6909,9.643,16.834
KKFLS,6910,9.643,16.835
KKFLS,6911,9.644,16.836
KKFLS,6912,9.644,16.837
KKFLS,6913,9.644,16.838
KKFLS,6914,9.645,16.838
KKFLS,6915,9.645,16.839
KKFLS,6916,9.646,16.840
KKFLS,6917,9.646,16.841
KKFLS,6918,9.647,16.842
KKFLS,6919,9.647,16.843
KKFLS,6920,9.648,16.843
KKFLS,6921,9.648,16.844
KKFLS,6922,9.649,16.845
KKFLS,6923,9.649,16.846
KKFLS,6924,9.650,16.847
KKFLS,6925,9.650,16.847
KKFLS,6926,9.650,16.848
KKFLS,6927,9.651,16.849
KKFLS,6928,9.651,16.850
KKFLS,6929,9.652,16.851
KKFLS,6930,9.652,16.851
KKFLS,6931,9.653,16.852
KKFLS,6932,9.653,16.853
KKFLS,6933,9.654,16.854
KKFLS,6934,9.654,16.855
KKFLS,6935,9.655,16.856
KKFLS,6936,9.655,16.856
KKFLS,6937,9.656,16.857
KKFLS,6938,9.656,16.858
KKFLS,6939,9.656,16.859
KKFLS,6940,9.657,16.860
KKFLS,6941,9.657,16.860
KKFLS,6942,9.658,16.861
KKFLS,6943,9.658,16.862
KKFLS,6944,9.659,16.863
KKFLS,6945,9.659,16.864
KKFLS,6946,9.660,16.865
KKFLS,6947,9.660,16.865
KKFLS,6948,9.661,16.866
KKFLS,6949,9.661,16.867
KKFLS,6950,9.662,16.868
KKFLS,6951,9.662,16.869
KKFLS,6952,9.663,16.870
KKFLS,6953,9.663,16.870
KKFLS,6954,9.663,16.871
KKFLS,6955,9.664,16.872
KKFLS,6956,9.664,16.873
KKFLS,6957,9.665,16.874
KKFLS,6958,9.665,16.874
KKFLS,6959,9.666,16.875
KKFLS,6960,9.666,16.876
KKFLS,6961,9.667,16.877
KKFLS,6962,9.667,16.878
KKFLS,6963,9.668,16.879
KKFLS,6964,9.668,16.879
KKFLS,6965,9.669,16.880
KKFLS,6966,9.669,16.881
KKFLS,6967,9.670,16.882
KKFLS,6968,9.670,16.883
KKFLS,6969,9.670,16.884
KKFLS,6970,9.671,16.884
KKFLS,6971,9.671,16.885
KKFLS,6972,9.672,16.886
KKFLS,6973,9.672,16.887
KKFLS,6974,9.673,16.888
KKFLS,6975,9.673,16.889
KKFLS,6976,9.674,16.889
KKFLS,6977,9.674,16.890
KKFLS,6978,9.675,16.891
KKFLS,6979,9.675,16.892
KKFLS,6980,9.676,16.893
KKFLS,6981,9.676,16.893
KKFLS,6982,9.677,16.894
KKFLS,6983,9.677,16.895
KKFLS,6984,9.678,16.896
KKFLS,6985,9.678,16.897
KKFLS,6986,9.678,16.898
KKFLS,6987,9.679,16.898
KKFLS,6988,9.679,16.899
KKFLS,6989,9.680,16.900
KKFLS,6990,9.680,16.901
KKFLS,6991,9.681,16.902
KKFLS,6992,9.681,16.903
KKFLS,6993,9.682,16.904
KKFLS,6994,9.682,16.904
KKFLS,6995,9.683,16.905
KKFLS,6996,9.683,16.906
KKFLS,6997,9.684,16.907
KKFLS,6998,9.684,16.908
KKFLS,6999,9.685,16.909
KKFLS,7000,9.685,16.909
KKFLS,7001,9.686,16.910
KKFLS,7002,9.686,16.911
KKFLS,7003,9.687,16.912
KKFLS,7004,9.687,16.913
KKFLS,7005,9.688,16.914
KKFLS,7006,9.688,16.914
KKFLS,7007,9.688,16.915
KKFLS,7008,9.689,16.916
KKFLS,7009,9.689,16.917
KKFLS,7010,9.690,16.918
KKFLS,7011,9.690,16.919
KKFLS,7012,9.691,16.919
KKFLS,7013,9.691,16.920
KKFLS,7014,9.692,16.921
KKFLS,7015,9.692,16.922
KKFLS,7016,9.693,16.923
KKFLS,7017,9.693,16.924
KKFLS,7018,9.694,16.925
KKFLS,7019,9.694,16.925
KKFLS,7020,9.695,16.926
KKFLS,7021,9.695,16.927
KKFLS,7022,9.696,16.928
KKFLS,7023,9.696,16.929
KKFLS,7024,9.697,16.930
KKFLS,7025,9.697,16.930
KKFLS,7026,9.698,16.931
KKFLS,7027,9.698,16.932
KKFLS,7028,9.699,16.933
KKFLS,7029,9.699,16.934
KKFLS,7030,9.699,16.935
KKFLS,7031,9.700,16.936
KKFLS,7032,9.700,16.936
KKFLS,7033,9.701,16.937
KKFLS,7034,9.701,16.938
KKFLS,7035,9.702,16.939
KKFLS,7036,9.702,16.940
KKFLS,7037,9.703,16.941
KKFLS,7038,9.703,16.941
KKFLS,7039,9.704,16.942
KKFLS,7040,9.704,16.943
KKFLS,7041,9.705,16.944
KKFLS,7042,9.705,16.945
KKFLS,7043,9.706,16.946
KKFLS,7044,9.706,16.947
KKFLS,7045,9.707,16.947
KKFLS,7046,9.707,16.948
KKFLS,7047,9.708,16.949
KKFLS,7048,9.708,16.950
KKFLS,7049,9.709,16.951
KKFLS,7050,9.709,16.952
KKFLS,7051,9.710,16.953
KKFLS,7052,9.710,16.953
KKFLS,7053,9.711,16.954
KKFLS,7054,9.711,16.955
KKFLS,7055,9.712,16.956
KKFLS,7056,9.712,16.957
KKFLS,7057,9.713,16.958
KKFLS,7058,9.713,16.959
KKFLS,7059,9.714,16.959
KKFLS,7060,9.714,16.960
KKFLS,7061,9.714,16.961
KKFLS,7062,9.715,16.962
KKFLS,7063,9.715,16.963
KKFLS,7064,9.716,16.964
KKFLS,7065,9.716,16.965
KKFLS,7066,9.717,16.965
KKFLS,7067,9.717,16.966
KKFLS,7068,9.718,16.967
KKFLS,7069,9.718,16.968
KKFLS,7070,9.719,16.969
KKFLS,7071,9.719,16.970
KKFLS,7072,9.720,16.971
KKFLS,7073,9.720,16.971
KKFLS,7074,9.721,16.972
KKFLS,7075,9.721,16.973
KKFLS,7076,9.722,16.974
KKFLS,7077,9.722,16.975
KKFLS,7078,9.723,16.976
KKFLS,7079,9.723,16.977
KKFLS,7080,9.724,16.977
KKFLS,7081,9.724,16.978
KKFLS,7082,9.725,16.979
KKFLS,7083,9.725,16.980
KKFLS,7084,9.726,16.981
KKFLS,7085,9.726,16.982
KKFLS,7086,9.727,16.983
KKFLS,7087,9.727,16.984
KKFLS,7088,9.728,16.984
KKFLS,7089,9.728,16.985
KKFLS,7090,9.729,16.986
KKFLS,7091,9.729,16.987
KKFLS,7092,9.730,16.988
KKFLS,7093,9.730,16.989
KKFLS,7094,9.731,16.990
KKFLS,7095,9.731,16.990
KKFLS,7096,9.732,16.991
KKFLS,7097,9.732,16.992
KKFLS,7098,9.733,16.993
KKFLS,7099,9.733,16.994
KKFLS,7100,9.734,16.995
KKFLS,7101,9.734,16.996
KKFLS,7102,9.735,16.997
KKFLS,7103,9.735,16.997
KKFLS,7104,9.736,16.998
KKFLS,7105,9.736,16.999
KKFLS,7106,9.737,17.000
KKFLS,7107,9.737,17.001
KKFLS,7108,9.738,17.002
KKFLS,7109,9.738,17.003
KKFLS,7110,9.739,17.004
KKFLS,7111,9.739,17.004
KKFLS,7112,9.740,17.005
KKFLS,7113,9.740,17.006
KKFLS,7114,9.741,17.007
KKFLS,7115,9.741,17.008
KKFLS,7116,9.742,17.009
KKFLS,7117,9.742,17.010
KKFLS,7118,9.743,17.011
KKFLS,7119,9.743,17.011
KKFLS,7120,9.744,17.012
KKFLS,7121,9.744,17.013
KKFLS,7122,9.745,17.014
KKFLS,7123,9.745,17.015
KKFLS,7124,9.745,17.016
KKFLS,7125,9.746,17.017
KKFLS,7126,9.746,17.018
KKFLS,7127,9.747,17.018
KKFLS,7128,9.747,17.019
KKFLS,7129,9.748,17.020
KKFLS,7130,9.748,17.021
KKFLS,7131,9.749,17.022
KKFLS,7132,9.749,17.023
KKFLS,7133,9.750,17.024
KKFLS,7134,9.750,17.025
KKFLS,7135,9.751,17.025
KKFLS,7136,9.751,17.026
KKFLS,7137,9.752,17.027
KKFLS,7138,9.752,17.028
KKFLS,7139,9.753,17.029
KKFLS,7140,9.753,17.030
KKFLS,7141,9.754,17.031
KKFLS,7142,9.754,17.032
KKFLS,7143,9.755,17.033
KKFLS,7144,9.755,17.033
KKFLS,7145,9.756,17.034
KKFLS,7146,9.756,17.035
KKFLS,7147,9.757,17.036
KKFLS,7148,9.758,17.037
KKFLS,7149,9.758,17.038
KKFLS,7150,9.759,17.039
KKFLS,7151,9.759,17.040
KKFLS,7152,9.760,17.040
KKFLS,7153,9.760,17.041
KKFLS,7154,9.761,17.042
KKFLS,7155,9.761,17.043
KKFLS,7156,9.762,17.044
KKFLS,7157,9.762,17.045
KKFLS,7158,9.763,17.046
KKFLS,7159,9.763,17.047
KKFLS,7160,9.764,17.048
KKFLS,7161,9.764,17.048
KKFLS,7162,9.765,17.049
KKFLS,7163,9.765,17.050
KKFLS,7164,9.766,17.051
KKFLS,7165,9.766,17.052
KKFLS,7166,9.767,17.053
KKFLS,7167,9.767,17.054
KKFLS,7168,9.768,17.055
KKFLS,7169,9.768,17.056
KKFLS,7170,9.769,17.057
KKFLS,7171,9.769,17.057
KKFLS,7172,9.770,17.058
KKFLS,7173,9.770,17.059
KKFLS,7174,9.771,17.060
KKFLS,7175,9.771,17.061
KKFLS,7176,9.772,17.062
KKFLS,7177,9.772,17.063
KKFLS,7178,9.773,17.064
KKFLS,7179,9.773,17.065
KKFLS,7180,9.774,17.065
KKFLS,7181,9.774,17.066
KKFLS,7182,9.775,17.067
KKFLS,7183,9.775,17.068
KKFLS,7184,9.776,17.069
KKFLS,7185,9.776,17.070
KKFLS,7186,9.777,17.071
KKFLS,7187,9.777,17.072
KKFLS,7188,9.778,17.073
KKFLS,7189,9.778,17.074
KKFLS,7190,9.779,17.074
KKFLS,7191,9.779,17.075
KKFLS,7192,9.780,17.076
KKFLS,7193,9.780,17.077
KKFLS,7194,9.781,17.078
KKFLS,7195,9.781,17.079
KKFLS,7196,9.782,17.080
KKFLS,7197,9.782,17.081
KKFLS,7198,9.783,17.082
KKFLS,7199,9.783,17.083
KKFLS,7200,9.784,17.083
KKFLS,7201,9.784,17.084
KKFLS,7202,9.785,17.085
KKFLS,7203,9.785,17.086
KKFLS,7204,9.786,17.087
KKFLS,7205,9.786,17.088
KKFLS,7206,9.787,17.089
KKFLS,7207,9.787,17.090
KKFLS,7208,9.788,17.091
KKFLS,7209,9.788,17.092
KKFLS,7210,9.789,17.092
KKFLS,7211,9.790,17.093
KKFLS,7212,9.790,17.094
KKFLS,7213,9.791,17.095
KKFLS,7214,9.791,17.096
KKFLS,7215,9.792,17.097
KKFLS,7216,9.792,17.098
KKFLS,7217,9.793,17.099
KKFLS,7218,9.793,17.100
KKFLS,7219,9.794,17.101
KKFLS,7220,9.794,17.102
KKFLS,7221,9.795,17.102
KKFLS,7222,9.795,17.103
KKFLS,7223,9.796,17.104
KKFLS,7224,9.796,17.105
KKFLS,7225,9.797,17.106
KKFLS,7226,9.797,17.107
KKFLS,7227,9.798,17.108
KKFLS,7228,9.798,17.109
KKFLS,7229,9.799,17.110
KKFLS,7230,9.799,17.111
KKFLS,7231,9.800,17.112
KKFLS,7232,9.800,17.112
KKFLS,7233,9.801,17.113
KKFLS,7234,9.801,17.114
KKFLS,7235,9.802,17.115
KKFLS,7236,9.802,17.116
KKFLS,7237,9.803,17.117
KKFLS,7238,9.803,17.118
KKFLS,7239,9.804,17.119
KKFLS,7240,9.804,17.120
KKFLS,7241,9.805,17.121
KKFLS,7242,9.806,17.122
KKFLS,7243,9.806,17.123
KKFLS,7244,9.807,17.123
KKFLS,7245,9.807,17.124
KKFLS,7246,9.808,17.125
KKFLS,7247,9.808,17.126
KKFLS,7248,9.809,17.127
KKFLS,7249,9.809,17.128
KKFLS,7250,9.810,17.129
KKFLS,7251,9.810,17.130
KKFLS,7252,9.811,17.131
KKFLS,7253,9.811,17.132
KKFLS,7254,9.812,17.133
KKFLS,7255,9.812,17.134
KKFLS,7256,9.813,17.134
KKFLS,7257,9.813,17.135
KKFLS,7258,9.814,17.136
KKFLS,7259,9.814,17.137
KKFLS,7260,9.815,17.138
KKFLS,7261,9.815,17.139
KKFLS,7262,9.816,17.140
KKFLS,7263,9.816,17.141
KKFLS,7264,9.817,17.142
KKFLS,7265,9.817,17.143
KKFLS,7266,9.818,17.144
KKFLS,7267,9.819,17.145
KKFLS,7268,9.819,17.145
KKFLS,7269,9.820,17.146
KKFLS,7270,9.820,17.147
KKFLS,7271,9.821,17.148
KKFLS,7272,9.821,17.149
KKFLS,7273,9.822,17.150
KKFLS,7274,9.822,17.151
KKFLS,7275,9.823,17.152
KKFLS,7276,9.823,17.153
KKFLS,7277,9.824,17.154
KKFLS,7278,9.824,17.155
KKFLS,7279,9.825,17.156
KKFLS,7280,9.825,17.157
KKFLS,7281,9.826,17.158
KKFLS,7282,9.826,17.158
KKFLS,7283,9.827,17.159
KKFLS,7284,9.827,17.160
KKFLS,7285,9.828,17.161
KKFLS,7286,9.829,17.162
KKFLS,7287,9.829,17.163
KKFLS,7288,9.830,17.164
KKFLS,7289,9.830,17.165
KKFLS,7290,9.830,17.165
KKFLS,7291,9.830,17.166
KKFLS,7292,9.831,17.166
KKFLS,7293,9.831,17.166
KKFLS,7294,9.831,17.166
KKFLS,7295,9.831,17.167
KKFLS,7296,9.831,17.167
KKFLS,7297,9.832,17.167
KKFLS,7298,9.832,17.168
KKFLS,7299,9.832,17.168
KKFLS,7300,9.832,17.168
KKFLS,7301,9.832,17.169
KKFLS,7302,9.832,17.169
KKFLS,7303,9.833,17.169
KKFLS,7304,9.833,17.170
KKFLS,7305,9.833,17.170
KKFLS,7306,9.833,17.170
KKFLS,7307,9.833,17.171
KKFLS,7308,9.834,17.171
KKFLS,7309,9.834,17.171
KKFLS,7310,9.834,17.172
KKFLS,7311,9.834,17.172
KKFLS,7312,9.834,17.172
KKFLS,7313,9.834,17.173
KKFLS,7314,9.835,17.173
KKFLS,7315,9.835,17.173
KKFLS,7316,9.835,17.174
KKFLS,7317,9.835,17.174
KKFLS,7318,9.835,17.174
KKFLS,7319,9.836,17.175
KKFLS,7320,9.836,17.175
KKFLS,7321,9.836,17.175
KKFLS,7322,9.836,17.176
KKFLS,7323,9.836,17.176
KKFLS,7324,9.836,17.176
KKFLS,7325,9.837,17.177
KKFLS,7326,9.837,17.177
KKFLS,7327,9.837,17.177
KKFLS,7328,9.837,17.178
KKFLS,7329,9.837,17.178
KKFLS,7330,9.838,17.178
KKFLS,7331,9.838,17.179
KKFLS,7332,9.838,17.179
KKFLS,7333,9.838,17.179
KKFLS,7334,9.838,17.180
KKFLS,7335,9.839,17.180
KKFLS,7336,9.839,17.180
KKFLS,7337,9.839,17.181
KKFLS,7338,9.839,17.181
KKFLS,7339,9.839,17.181
KKFLS,7340,9.840,17.182
KKFLS,7341,9.840,17.182
KKFLS,7342,9.840,17.182
KKFLS,7343,9.840,17.183
KKFLS,7344,9.840,17.183
KKFLS,7345,9.840,17.183
KKFLS,7346,9.841,17.184
KKFLS,7347,9.841,17.184
KKFLS,7348,9.841,17.184
KKFLS,7349,9.841,17.185
KKFLS,7350,9.841,17.185
KKFLS,7351,9.842,17.185
KKFLS,7352,9.842,17.186
KKFLS,7353,9.842,17.186
KKFLS,7354,9.842,17.186
KKFLS,7355,9.842,17.187
KKFLS,7356,9.843,17.187
KKFLS,7357,9.843,17.187
KKFLS,7358,9.843,17.188
KKFLS,7359,9.843,17.188
KKFLS,7360,9.843,17.188
KKFLS,7361,9.844,17.189
KKFLS,7362,9.844,17.189
KKFLS,7363,9.844,17.189
KKFLS,7364,9.844,17.190
KKFLS,7365,9.844,17.190
KKFLS,7366,9.845,17.190
KKFLS,7367,9.845,17.191
KKFLS,7368,9.845,17.191
KKFLS,7369,9.845,17.191
KKFLS,7370,9.845,17.192
KKFLS,7371,9.846,17.192
KKFLS,7372,9.846,17.193
KKFLS,7373,9.846,17.193
KKFLS,7374,9.846,17.193
KKFLS,7375,9.846,17.194
KKFLS,7376,9.847,17.194
KKFLS,7377,9.847,17.194
KKFLS,7378,9.847,17.195
KKFLS,7379,9.847,17.195
KKFLS,7380,9.848,17.196
KKFLS,7381,9.848,17.196
KKFLS,7382,9.848,17.196
KKFLS,7383,9.848,17.197
KKFLS,7384,9.848,17.197
KKFLS,7385,9.849,17.198
KKFLS,7386,9.849,17.198
KKFLS,7387,9.849,17.199
KKFLS,7388,9.849,17.199
KKFLS,7389,9.850,17.199
KKFLS,7390,9.850,17.200
KKFLS,7391,9.850,17.200
KKFLS,7392,9.850,17.201
KKFLS,7393,9.851,17.201
KKFLS,7394,9.851,17.202
KKFLS,7395,9.851,17.202
KKFLS,7396,9.851,17.202
KKFLS,7397,9.852,17.203
KKFLS,7398,9.852,17.203
KKFLS,7399,9.852,17.204
KKFLS,7400,9.852,17.204
KKFLS,7401,9.853,17.205
KKFLS,7402,9.853,17.205
KKFLS,7403,9.853,17.205
KKFLS,7404,9.853,17.206
KKFLS,7405,9.854,17.206
KKFLS,7406,9.854,17.207
KKFLS,7407,9.854,17.207
KKFLS,7408,9.854,17.208
KKFLS,7409,9.855,17.208
KKFLS,7410,9.855,17.208
KKFLS,7411,9.855,17.209
KKFLS,7412,9.855,17.209
KKFLS,7413,9.855,17.210
KKFLS,7414,9.856,17.210
KKFLS,7415,9.856,17.211
KKFLS,7416,9.856,17.211
KKFLS,7417,9.856,17.211
KKFLS,7418,9.857,17.212
KKFLS,7419,9.857,17.213
KKFLS,7420,9.858,17.214
KKFLS,7421,9.858,17.215
KKFLS,7422,9.859,17.216
KKFLS,7423,9.860,17.217
KKFLS,7424,9.860,17.218
KKFLS,7425,9.861,17.219
KKFLS,7426,9.861,17.220
KKFLS,7427,9.862,17.221
KKFLS,7428,9.862,17.222
KKFLS,7429,9.863,17.223
KKFLS,7430,9.863,17.224
KKFLS,7431,9.864,17.225
KKFLS,7432,9.864,17.226
KKFLS,7433,9.865,17.227
KKFLS,7434,9.866,17.227
KKFLS,7435,9.866,17.228
KKFLS,7436,9.867,17.229
KKFLS,7437,9.867,17.230
KKFLS,7438,9.868,17.231
KKFLS,7439,9.868,17.232
KKFLS,7440,9.869,17.233
KKFLS,7441,9.869,17.234
KKFLS,7442,9.870,17.235
KKFLS,7443,9.870,17.236
KKFLS,7444,9.871,17.237
KKFLS,7445,9.872,17.238
KKFLS,7446,9.872,17.239
KKFLS,7447,9.873,17.240
KKFLS,7448,9.873,17.241
KKFLS,7449,9.874,17.242
KKFLS,7450,9.874,17.243
KKFLS,7451,9.875,17.244
KKFLS,7452,9.875,17.245
KKFLS,7453,9.876,17.246
KKFLS,7454,9.876,17.247
KKFLS,7455,9.877,17.248
KKFLS,7456,9.878,17.249
KKFLS,7457,9.878,17.250
KKFLS,7458,9.879,17.251
KKFLS,7459,9.879,17.252
KKFLS,7460,9.880,17.253
KKFLS,7461,9.880,17.254
KKFLS,7462,9.881,17.255
KKFLS,7463,9.881,17.255
KKFLS,7464,9.882,17.256
KKFLS,7465,9.883,17.257
KKFLS,7466,9.883,17.258
KKFLS,7467,9.884,17.259
KKFLS,7468,9.884,17.260
KKFLS,7469,9.885,17.261
KKFLS,7470,9.885,17.262
KKFLS,7471,9.886,17.263
KKFLS,7472,9.886,17.264
KKFLS,7473,9.887,17.265
KKFLS,7474,9.888,17.266
KKFLS,7475,9.888,17.268
KKFLS,7476,9.889,17.269
KKFLS,7477,9.890,17.270
KKFLS,7478,9.890,17.271
KKFLS,7479,9.891,17.272
KKFLS,7480,9.891,17.273
KKFLS,7481,9.892,17.274
KKFLS,7482,9.893,17.275
KKFLS,7483,9.893,17.277
KKFLS,7484,9.894,17.278
KKFLS,7485,9.895,17.279
KKFLS,7486,9.895,17.280
KKFLS,7487,9.896,17.281
KKFLS,7488,9.897,17.282
KKFLS,7489,9.897,17.283
KKFLS,7490,9.898,17.285
KKFLS,7491,9.899,17.286
KKFLS,7492,9.899,17.287
KKFLS,7493,9.900,17.288
KKFLS,7494,9.900,17.289
KKFLS,7495,9.901,17.290
KKFLS,7496,9.902,17.291
KKFLS,7497,9.902,17.292
KKFLS,7498,9.903,17.294
KKFLS,7499,9.904,17.295
KKFLS,7500,9.904,17.296
KKFLS,7501,9.905,17.297
KKFLS,7502,9.906,17.298
KKFLS,7503,9.906,17.299
KKFLS,7504,9.907,17.300
KKFLS,7505,9.908,17.302
KKFLS,7506,9.908,17.303
KKFLS,7507,9.909,17.304
KKFLS,7508,9.909,17.305
KKFLS,7509,9.910,17.306
KKFLS,7510,9.911,17.307
KKFLS,7511,9.911,17.308
KKFLS,7512,9.912,17.309
KKFLS,7513,9.913,17.311
KKFLS,7514,9.913,17.312
KKFLS,7515,9.914,17.313
KKFLS,7516,9.915,17.314
KKFLS,7517,9.915,17.315
KKFLS,7518,9.916,17.316
KKFLS,7519,9.917,17.317
KKFLS,7520,9.917,17.319
KKFLS,7521,9.918,17.320
KKFLS,7522,9.918,17.321
KKFLS,7523,9.919,17.322
KKFLS,7524,9.920,17.323
KKFLS,7525,9.920,17.324
KKFLS,7526,9.921,17.325
KKFLS,7527,9.922,17.327
KKFLS,7528,9.922,17.328
KKFLS,7529,9.923,17.329
KKFLS,7530,9.924,17.330
KKFLS,7531,9.924,17.331
KKFLS,7532,9.925,17.332
KKFLS,7533,9.926,17.333
KKFLS,7534,9.926,17.335
KKFLS,7535,9.927,17.336
KKFLS,7536,9.928,17.337
KKFLS,7537,9.928,17.338
KKFLS,7538,9.929,17.339
KKFLS,7539,9.930,17.340
KKFLS,7540,9.930,17.341
KKFLS,7541,9.931,17.343
KKFLS,7542,9.931,17.344
KKFLS,7543,9.932,17.345
KKFLS,7544,9.933,17.346
KKFLS,7545,9.933,17.347
KKFLS,7546,9.934,17.348
KKFLS,7547,9.935,17.349
KKFLS,7548,9.935,17.351
KKFLS,7549,9.936,17.352
KKFLS,7550,9.937,17.353
KKFLS,7551,9.937,17.354
KKFLS,7552,9.938,17.355
KKFLS,7553,9.939,17.356
KKFLS,7554,9.939,17.358
KKFLS,7555,9.940,17.359
KKFLS,7556,9.941,17.360
KKFLS,7557,9.941,17.361
KKFLS,7558,9.942,17.362
KKFLS,7559,9.943,17.363
KKFLS,7560,9.943,17.364
KKFLS,7561,9.944,17.366
KKFLS,7562,9.944,17.367
KKFLS,7563,9.945,17.368
KKFLS,7564,9.946,17.369
KKFLS,7565,9.946,17.370
KKFLS,7566,9.947,17.371
KKFLS,7567,9.948,17.372
KKFLS,7568,9.948,17.374
KKFLS,7569,9.949,17.375
KKFLS,7570,9.950,17.376
KKFLS,7571,9.950,17.377
KKFLS,7572,9.951,17.378
KKFLS,7573,9.952,17.379
KKFLS,7574,9.952,17.381
KKFLS,7575,9.953,17.382
KKFLS,7576,9.954,17.383
KKFLS,7577,9.954,17.384
KKFLS,7578,9.955,17.385
KKFLS,7579,9.956,17.386
KKFLS,7580,9.956,17.387
KKFLS,7581,9.957,17.389
KKFLS,7582,9.958,17.390
KKFLS,7583,9.958,17.391
KKFLS,7584,9.959,17.392
KKFLS,7585,9.960,17.393
KKFLS,7586,9.960,17.394
KKFLS,7587,9.961,17.396
KKFLS,7588,9.962,17.397
KKFLS,7589,9.962,17.398
KKFLS,7590,9.963,17.399
KKFLS,7591,9.963,17.400
KKFLS,7592,9.964,17.401
KKFLS,7593,9.965,17.403
KKFLS,7594,9.965,17.404
KKFLS,7595,9.966,17.405
KKFLS,7596,9.967,17.406
KKFLS,7597,9.967,17.407
KKFLS,7598,9.968,17.408
KKFLS,7599,9.969,17.410
KKFLS,7600,9.969,17.411
KKFLS,7601,9.970,17.412
KKFLS,7602,9.971,17.413
KKFLS,7603,9.971,17.414
KKFLS,7604,9.972,17.415
KKFLS,7605,9.973,17.416
KKFLS,7606,9.973,17.418
KKFLS,7607,9.974,17.419
KKFLS,7608,9.975,17.420
KKFLS,7609,9.975,17.421
KKFLS,7610,9.976,17.422
KKFLS,7611,9.977,17.423
KKFLS,7612,9.977,17.425
KKFLS,7613,9.978,17.426
KKFLS,7614,9.979,17.427
KKFLS,7615,9.979,17.428
KKFLS,7616,9.980,17.429
KKFLS,7617,9.981,17.430
KKFLS,7618,9.981,17.432
KKFLS,7619,9.982,17.433
KKFLS,7620,9.983,17.434
KKFLS,7621,9.983,17.435
KKFLS,7622,9.984,17.436
KKFLS,7623,9.985,17.437
KKFLS,7624,9.985,17.439
KKFLS,7625,9.986,17.440
KKFLS,7626,9.987,17.441
KKFLS,7627,9.987,17.442
KKFLS,7628,9.988,17.443
KKFLS,7629,9.989,17.444
KKFLS,7630,9.989,17.446
KKFLS,7631,9.990,17.447
KKFLS,7632,9.991,17.448
KKFLS,7633,9.991,17.449
KKFLS,7634,9.992,17.450
KKFLS,7635,9.993,17.452
KKFLS,7636,9.993,17.453
KKFLS,7637,9.994,17.454
KKFLS,7638,9.995,17.455
KKFLS,7639,9.995,17.456
KKFLS,7640,9.996,17.457
KKFLS,7641,9.997,17.459
KKFLS,7642,9.997,17.460
KKFLS,7643,9.998,17.461
KKFLS,7644,9.999,17.462
KKFLS,7645,9.999,17.463
KKFLS,7646,10.000,17.464
KKFLS,7647,10.001,17.466
KKFLS,7648,10.001,17.467
KKFLS,7649,10.002,17.468
KKFLS,7650,10.003,17.469
KKFLS,7651,10.003,17.470
KKFLS,7652,10.004,17.471
KKFLS,7653,10.005,17.473
KKFLS,7654,10.005,17.474
KKFLS,7655,10.006,17.475
KKFLS,7656,10.007,17.476
KKFLS,7657,10.007,17.477
KKFLS,7658,10.008,17.479
KKFLS,7659,10.009,17.480
KKFLS,7660,10.009,17.481
KKFLS,7661,10.010,17.482
KKFLS,7662,10.011,17.483
KKFLS,7663,10.011,17.484
KKFLS,7664,10.012,17.486
KKFLS,7665,10.013,17.487
KKFLS,7666,10.013,17.488
KKFLS,7667,10.014,17.489
KKFLS,7668,10.015,17.490
KKFLS,7669,10.015,17.491
KKFLS,7670,10.016,17.493
KKFLS,7671,10.017,17.494
KKFLS,7672,10.017,17.495
KKFLS,7673,10.018,17.496
KKFLS,7674,10.019,17.497
KKFLS,7675,10.019,17.499
KKFLS,7676,10.020,17.500
KKFLS,7677,10.021,17.501
KKFLS,7678,10.021,17.502
KKFLS,7679,10.022,17.503
KKFLS,7680,10.023,17.504
KKFLS,7681,10.023,17.506
KKFLS,7682,10.024,17.507
KKFLS,7683,10.025,17.508
KKFLS,7684,10.025,17.509
KKFLS,7685,10.026,17.510
KKFLS,7686,10.027,17.512
KKFLS,7687,10.027,17.513
KKFLS,7688,10.028,17.514
KKFLS,7689,10.029,17.515
KKFLS,7690,10.029,17.516
KKFLS,7691,10.030,17.518
KKFLS,7692,10.031,17.519
KKFLS,7693,10.031,17.520
KKFLS,7694,10.032,17.521
KKFLS,7695,10.033,17.522
KKFLS,7696,10.033,17.523
KKFLS,7697,10.034,17.525
KKFLS,7698,10.035,17.526
KKFLS,7699,10.035,17.527
KKFLS,7700,10.036,17.528
KKFLS,7701,10.037,17.529
KKFLS,7702,10.037,17.531
KKFLS,7703,10.038,17.532
KKFLS,7704,10.039,17.533
KKFLS,7705,10.039,17.534
KKFLS,7706,10.040,17.535
KKFLS,7707,10.041,17.537
KKFLS,7708,10.041,17.538
KKFLS,7709,10.042,17.539
KKFLS,7710,10.043,17.540
KKFLS,7711,10.043,17.541
KKFLS,7712,10.044,17.543
KKFLS,7713,10.045,17.544
KKFLS,7714,10.045,17.545
KKFLS,7715,10.046,17.546
KKFLS,7716,10.047,17.547
KKFLS,7717,10.047,17.548
KKFLS,7718,10.048,17.550
KKFLS,7719,10.049,17.551
KKFLS,7720,10.049,17.552
KKFLS,7721,10.050,17.553
KKFLS,7722,10.051,17.554
KKFLS,7723,10.052,17.556
KKFLS,7724,10.052,17.557
KKFLS,7725,10.053,17.558
KKFLS,7726,10.054,17.559
KKFLS,7727,10.054,17.560
KKFLS,7728,10.055,17.562
KKFLS,7729,10.056,17.563
KKFLS,7730,10.056,17.564
KKFLS,7731,10.057,17.565
KKFLS,7732,10.058,17.566
KKFLS,7733,10.058,17.568
KKFLS,7734,10.059,17.569
KKFLS,7735,10.060,17.570
KKFLS,7736,10.060,17.571
KKFLS,7737,10.061,17.572
KKFLS,7738,10.062,17.574
KKFLS,7739,10.062,17.575
KKFLS,7740,10.063,17.576
KKFLS,7741,10.064,17.577
KKFLS,7742,10.064,17.578
KKFLS,7743,10.065,17.580
KKFLS,7744,10.066,17.581
KKFLS,7745,10.066,17.582
KKFLS,7746,10.067,17.583
KKFLS,7747,10.068,17.584
KKFLS,7748,10.069,17.586
KKFLS,7749,10.069,17.587
KKFLS,7750,10.070,17.588
KKFLS,7751,10.071,17.589
KKFLS,7752,10.071,17.590
KKFLS,7753,10.072,17.592
KKFLS,7754,10.073,17.593
KKFLS,7755,10.073,17.594
KKFLS,7756,10.074,17.595
KKFLS,7757,10.075,17.596
KKFLS,7758,10.075,17.597
KKFLS,7759,10.076,17.598
KKFLS,7760,10.076,17.599
KKFLS,7761,10.077,17.600
KKFLS,7762,10.077,17.601
KKFLS,7763,10.078,17.602
KKFLS,7764,10.078,17.603
KKFLS,7765,10.079,17.604
KKFLS,7766,10.079,17.605
KKFLS,7767,10.080,17.606
KKFLS,7768,10.080,17.607
KKFLS,7769,10.081,17.607
KKFLS,7770,10.081,17.608
KKFLS,7771,10.082,17.609
KKFLS,7772,10.082,17.610
KKFLS,7773,10.083,17.611
KKFLS,7774,10.084,17.612
KKFLS,7775,10.084,17.613
KKFLS,7776,10.085,17.614
KKFLS,7777,10.085,17.615
KKFLS,7778,10.086,17.616
KKFLS,7779,10.086,17.617
KKFLS,7780,10.087,17.618
KKFLS,7781,10.087,17.619
KKFLS,7782,10.088,17.620
KKFLS,7783,10.088,17.621
KKFLS,7784,10.089,17.622
KKFLS,7785,10.089,17.623
KKFLS,7786,10.090,17.623
KKFLS,7787,10.090,17.624
KKFLS,7788,10.091,17.625
KKFLS,7789,10.092,17.626
KKFLS,7790,10.092,17.627
KKFLS,7791,10.093,17.628
KKFLS,7792,10.093,17.629
KKFLS,7793,10.094,17.630
KKFLS,7794,10.094,17.631
KKFLS,7795,10.095,17.632
KKFLS,7796,10.095,17.633
KKFLS,7797,10.096,17.634
KKFLS,7798,10.096,17.635
KKFLS,7799,10.097,17.636
KKFLS,7800,10.097,17.637
KKFLS,7801,10.098,17.638
KKFLS,7802,10.099,17.639
KKFLS,7803,10.099,17.640
KKFLS,7804,10.100,17.641
KKFLS,7805,10.100,17.641
KKFLS,7806,10.101,17.642
KKFLS,7807,10.101,17.643
KKFLS,7808,10.102,17.644
KKFLS,7809,10.102,17.645
KKFLS,7810,10.103,17.646
KKFLS,7811,10.103,17.647
KKFLS,7812,10.104,17.648
KKFLS,7813,10.104,17.649
KKFLS,7814,10.105,17.650
KKFLS,7815,10.106,17.651
KKFLS,7816,10.106,17.652
KKFLS,7817,10.107,17.653
KKFLS,7818,10.107,17.654
KKFLS,7819,10.108,17.655
KKFLS,7820,10.108,17.656
KKFLS,7821,10.109,17.657
KKFLS,7822,10.109,17.658
KKFLS,7823,10.110,17.659
KKFLS,7824,10.110,17.660
KKFLS,7825,10.111,17.661
KKFLS,7826,10.111,17.661
KKFLS,7827,10.112,17.662
KKFLS,7828,10.113,17.663
KKFLS,7829,10.113,17.664
KKFLS,7830,10.114,17.665
KKFLS,7831,10.114,17.666
KKFLS,7832,10.115,17.667
KKFLS,7833,10.115,17.668
KKFLS,7834,10.116,17.669
KKFLS,7835,10.116,17.670
KKFLS,7836,10.117,17.671
KKFLS,7837,10.117,17.672
KKFLS,7838,10.118,17.673
KKFLS,7839,10.119,17.674
KKFLS,7840,10.119,17.675
KKFLS,7841,10.120,17.676
KKFLS,7842,10.120,17.677
KKFLS,7843,10.121,17.678
KKFLS,7844,10.121,17.679
KKFLS,7845,10.122,17.680
KKFLS,7846,10.122,17.681
KKFLS,7847,10.123,17.682
KKFLS,7848,10.123,17.683
KKFLS,7849,10.124,17.684
KKFLS,7850,10.125,17.685
KKFLS,7851,10.125,17.685
KKFLS,7852,10.126,17.686
KKFLS,7853,10.126,17.687
KKFLS,7854,10.127,17.688
KKFLS,7855,10.127,17.689
KKFLS,7856,10.128,17.690
KKFLS,7857,10.128,17.691
KKFLS,7858,10.129,17.692
KKFLS,7859,10.129,17.693
KKFLS,7860,10.130,17.694
KKFLS,7861,10.131,17.695
KKFLS,7862,10.131,17.696
KKFLS,7863,10.132,17.697
KKFLS,7864,10.132,17.698
KKFLS,7865,10.133,17.699
KKFLS,7866,10.133,17.700
KKFLS,7867,10.134,17.701
KKFLS,7868,10.134,17.702
KKFLS,7869,10.135,17.703
KKFLS,7870,10.135,17.704
KKFLS,7871,10.136,17.705
KKFLS,7872,10.137,17.706
KKFLS,7873,10.137,17.707
KKFLS,7874,10.138,17.708
KKFLS,7875,10.138,17.709
KKFLS,7876,10.139,17.710
KKFLS,7877,10.139,17.711
KKFLS,7878,10.140,17.712
KKFLS,7879,10.140,17.713
KKFLS,7880,10.141,17.714
KKFLS,7881,10.142,17.714
KKFLS,7882,10.142,17.715
KKFLS,7883,10.143,17.716
KKFLS,7884,10.143,17.717
KKFLS,7885,10.144,17.718
KKFLS,7886,10.144,17.719
KKFLS,7887,10.145,17.720
KKFLS,7888,10.145,17.721
KKFLS,7889,10.146,17.722
KKFLS,7890,10.146,17.723
KKFLS,7891,10.147,17.724
KKFLS,7892,10.148,17.725
KKFLS,7893,10.148,17.726
KKFLS,7894,10.149,17.727
KKFLS,7895,10.149,17.728
KKFLS,7896,10.150,17.729
KKFLS,7897,10.150,17.730
KKFLS,7898,10.151,17.731
KKFLS,7899,10.151,17.732
KKFLS,7900,10.152,17.733
KKFLS,7901,10.153,17.734
KKFLS,7902,10.153,17.735
KKFLS,7903,10.154,17.736
KKFLS,7904,10.154,17.737
KKFLS,7905,10.155,17.738
KKFLS,7906,10.156,17.739
KKFLS,7907,10.156,17.740
KKFLS,7908,10.157,17.741
KKFLS,7909,10.157,17.742
KKFLS,7910,10.158,17.744
KKFLS,7911,10.159,17.745
KKFLS,7912,10.159,17.746
KKFLS,7913,10.160,17.747
KKFLS,7914,10.160,17.748
KKFLS,7915,10.161,17.749
KKFLS,7916,10.162,17.750
KKFLS,7917,10.162,17.751
KKFLS,7918,10.163,17.752
KKFLS,7919,10.164,17.753
KKFLS,7920,10.164,17.754
KKFLS,7921,10.165,17.756
KKFLS,7922,10.165,17.757
KKFLS,7923,10.166,17.758
KKFLS,7924,10.167,17.759
KKFLS,7925,10.167,17.760
KKFLS,7926,10.168,17.761
KKFLS,7927,10.168,17.762
KKFLS,7928,10.169,17.763
KKFLS,7929,10.170,17.764
KKFLS,7930,10.170,17.765
KKFLS,7931,10.171,17.766
KKFLS,7932,10.172,17.767
KKFLS,7933,10.172,17.769
KKFLS,7934,10.173,17.770
KKFLS,7935,10.173,17.771
KKFLS,7936,10.174,17.772
KKFLS,7937,10.175,17.773
KKFLS,7938,10.175,17.774
KKFLS,7939,10.176,17.775
KKFLS,7940,10.176,17.776
KKFLS,7941,10.177,17.777
KKFLS,7942,10.178,17.778
KKFLS,7943,10.178,17.780
KKFLS,7944,10.179,17.781
KKFLS,7945,10.180,17.782
KKFLS,7946,10.180,17.783
KKFLS,7947,10.181,17.784
KKFLS,7948,10.181,17.785
KKFLS,7949,10.182,17.786
KKFLS,7950,10.183,17.787
KKFLS,7951,10.183,17.788
KKFLS,7952,10.184,17.789
KKFLS,7953,10.185,17.790
KKFLS,7954,10.185,17.792
KKFLS,7955,10.186,17.793
KKFLS,7956,10.186,17.794
KKFLS,7957,10.187,17.795
KKFLS,7958,10.188,17.796
KKFLS,7959,10.188,17.797
KKFLS,7960,10.189,17.798
KKFLS,7961,10.190,17.799
KKFLS,7962,10.190,17.800
KKFLS,7963,10.191,17.801
KKFLS,7964,10.191,17.803
KKFLS,7965,10.192,17.804
KKFLS,7966,10.193,17.805
KKFLS,7967,10.193,17.806
KKFLS,7968,10.194,17.807
KKFLS,7969,10.195,17.808
KKFLS,7970,10.195,17.809
KKFLS,7971,10.196,17.810
KKFLS,7972,10.196,17.811
KKFLS,7973,10.197,17.812
KKFLS,7974,10.198,17.814
KKFLS,7975,10.198,17.815
KKFLS,7976,10.199,17.816
KKFLS,7977,10.200,17.817
KKFLS,7978,10.200,17.818
KKFLS,7979,10.201,17.819
KKFLS,7980,10.201,17.820
KKFLS,7981,10.202,17.821
KKFLS,7982,10.203,17.822
KKFLS,7983,10.203,17.824
KKFLS,7984,10.204,17.825
KKFLS,7985,10.205,17.826
KKFLS,7986,10.205,17.827
KKFLS,7987,10.206,17.828
KKFLS,7988,10.206,17.829
KKFLS,7989,10.207,17.830
KKFLS,7990,10.208,17.831
KKFLS,7991,10.208,17.832
KKFLS,7992,10.209,17.833
KKFLS,7993,10.210,17.835
KKFLS,7994,10.210,17.836
KKFLS,7995,10.211,17.837
KKFLS,7996,10.211,17.838
KKFLS,7997,10.212,17.839
KKFLS,7998,10.213,17.840
KKFLS,7999,10.213,17.841
KKFLS,8000,10.214,17.842
KKFLS,8001,10.215,17.843
KKFLS,8002,10.215,17.845
KKFLS,8003,10.216,17.846
KKFLS,8004,10.216,17.847
KKFLS,8005,10.217,17.848
KKFLS,8006,10.218,17.849
KKFLS,8007,10.218,17.850
KKFLS,8008,10.219,17.851
KKFLS,8009,10.220,17.852
KKFLS,8010,10.220,17.853
KKFLS,8011,10.221,17.855
KKFLS,8012,10.221,17.856
KKFLS,8013,10.222,17.857
KKFLS,8014,10.223,17.858
KKFLS,8015,10.223,17.859
KKFLS,8016,10.224,17.860
KKFLS,8017,10.225,17.861
KKFLS,8018,10.225,17.862
KKFLS,8019,10.226,17.863
KKFLS,8020,10.227,17.865
KKFLS,8021,10.227,17.866
KKFLS,8022,10.228,17.867
KKFLS,8023,10.228,17.868
KKFLS,8024,10.229,17.869
KKFLS,8025,10.230,17.870
KKFLS,8026,10.230,17.871
KKFLS,8027,10.231,17.872
KKFLS,8028,10.232,17.874
KKFLS,8029,10.232,17.875
KKFLS,8030,10.233,17.876
KKFLS,8031,10.233,17.877
KKFLS,8032,10.234,17.878
KKFLS,8033,10.235,17.879
KKFLS,8034,10.235,17.880
KKFLS,8035,10.236,17.881
KKFLS,8036,10.237,17.882
KKFLS,8037,10.237,17.884
KKFLS,8038,10.238,17.885
KKFLS,8039,10.239,17.886
KKFLS,8040,10.239,17.887
KKFLS,8041,10.240,17.888
KKFLS,8042,10.240,17.889
KKFLS,8043,10.241,17.890
KKFLS,8044,10.242,17.891
KKFLS,8045,10.242,17.893
KKFLS,8046,10.243,17.894
KKFLS,8047,10.244,17.895
KKFLS,8048,10.244,17.896
KKFLS,8049,10.245,17.897
KKFLS,8050,10.246,17.898
KKFLS,8051,10.246,17.899
KKFLS,8052,10.247,17.900
KKFLS,8053,10.247,17.902
KKFLS,8054,10.248,17.903
KKFLS,8055,10.249,17.904
KKFLS,8056,10.249,17.905
KKFLS,8057,10.250,17.906
KKFLS,8058,10.251,17.907
KKFLS,8059,10.251,17.908
KKFLS,8060,10.252,17.909
KKFLS,8061,10.253,17.911
KKFLS,8062,10.253,17.912
KKFLS,8063,10.254,17.913
KKFLS,8064,10.254,17.914
KKFLS,8065,10.255,17.915
KKFLS,8066,10.256,17.916
KKFLS,8067,10.256,17.917
KKFLS,8068,10.257,17.918
KKFLS,8069,10.258,17.920
KKFLS,8070,10.258,17.921
KKFLS,8071,10.259,17.922
KKFLS,8072,10.260,17.923
KKFLS,8073,10.260,17.924
KKFLS,8074,10.261,17.925
KKFLS,8075,10.261,17.926
KKFLS,8076,10.262,17.928
KKFLS,8077,10.263,17.929
KKFLS,8078,10.263,17.930
KKFLS,8079,10.264,17.931
KKFLS,8080,10.265,17.932
KKFLS,8081,10.265,17.933
KKFLS,8082,10.266,17.934
KKFLS,8083,10.267,17.935
KKFLS,8084,10.267,17.937
KKFLS,8085,10.268,17.938
KKFLS,8086,10.269,17.939
KKFLS,8087,10.269,17.940
KKFLS,8088,10.270,17.941
KKFLS,8089,10.270,17.942
KKFLS,8090,10.271,17.943
KKFLS,8091,10.272,17.944
KKFLS,8092,10.272,17.946
KKFLS,8093,10.273,17.947
KKFLS,8094,10.274,17.948
KKFLS,8095,10.274,17.949
KKFLS,8096,10.275,17.950
KKFLS,8097,10.276,17.951
KKFLS,8098,10.276,17.952
KKFLS,8099,10.277,17.954
KKFLS,8100,10.278,17.955
KKFLS,8101,10.278,17.956
KKFLS,8102,10.279,17.957
KKFLS,8103,10.279,17.958
KKFLS,8104,10.280,17.959
KKFLS,8105,10.281,17.960
KKFLS,8106,10.281,17.962
KKFLS,8107,10.282,17.963
KKFLS,8108,10.283,17.964
KKFLS,8109,10.283,17.965
KKFLS,8110,10.284,17.966
KKFLS,8111,10.285,17.967
KKFLS,8112,10.285,17.968
KKFLS,8113,10.286,17.970
KKFLS,8114,10.287,17.971
KKFLS,8115,10.287,17.972
KKFLS,8116,10.288,17.973
KKFLS,8117,10.288,17.974
KKFLS,8118,10.289,17.975
KKFLS,8119,10.290,17.976
KKFLS,8120,10.290,17.978
KKFLS,8121,10.291,17.979
KKFLS,8122,10.292,17.980
KKFLS,8123,10.292,17.981
KKFLS,8124,10.293,17.982
KKFLS,8125,10.294,17.983
KKFLS,8126,10.294,17.984
KKFLS,8127,10.295,17.986
KKFLS,8128,10.296,17.987
KKFLS,8129,10.296,17.988
KKFLS,8130,10.297,17.989
KKFLS,8131,10.298,17.990
KKFLS,8132,10.298,17.991
KKFLS,8133,10.299,17.992
KKFLS,8134,10.299,17.994
KKFLS,8135,10.300,17.995
KKFLS,8136,10.301,17.996
KKFLS,8137,10.301,17.997
KKFLS,8138,10.302,17.998
KKFLS,8139,10.303,17.999
KKFLS,8140,10.303,18.000
KKFLS,8141,10.304,18.002
KKFLS,8142,10.305,18.003
KKFLS,8143,10.305,18.004
KKFLS,8144,10.306,18.005
KKFLS,8145,10.307,18.006
KKFLS,8146,10.307,18.007
KKFLS,8147,10.308,18.008
KKFLS,8148,10.309,18.010
KKFLS,8149,10.309,18.011
KKFLS,8150,10.310,18.012
KKFLS,8151,10.311,18.013
KKFLS,8152,10.311,18.014
KKFLS,8153,10.312,18.015
KKFLS,8154,10.312,18.016
KKFLS,8155,10.313,18.018
KKFLS,8156,10.314,18.019
KKFLS,8157,10.314,18.020
KKFLS,8158,10.315,18.021
KKFLS,8159,10.316,18.022
KKFLS,8160,10.316,18.023
KKFLS,8161,10.317,18.025
KKFLS,8162,10.318,18.026
KKFLS,8163,10.318,18.027
KKFLS,8164,10.319,18.028
KKFLS,8165,10.320,18.029
KKFLS,8166,10.320,18.030
KKFLS,8167,10.321,18.031
KKFLS,8168,10.322,18.033
KKFLS,8169,10.322,18.034
KKFLS,8170,10.323,18.035
KKFLS,8171,10.324,18.036
KKFLS,8172,10.324,18.037
KKFLS,8173,10.325,18.038
KKFLS,8174,10.326,18.040
KKFLS,8175,10.326,18.041
KKFLS,8176,10.327,18.042
KKFLS,8177,10.328,18.043
KKFLS,8178,10.328,18.044
KKFLS,8179,10.329,18.045
KKFLS,8180,10.329,18.047
KKFLS,8181,10.330,18.048
KKFLS,8182,10.331,18.049
KKFLS,8183,10.331,18.050
KKFLS,8184,10.332,18.051
KKFLS,8185,10.333,18.052
KKFLS,8186,10.333,18.053
KKFLS,8187,10.334,18.055
KKFLS,8188,10.335,18.056
KKFLS,8189,10.335,18.057
KKFLS,8190,10.336,18.058
KKFLS,8191,10.337,18.059
KKFLS,8192,10.337,18.060
KKFLS,8193,10.338,18.062
KKFLS,8194,10.339,18.063
KKFLS,8195,10.339,18.064
KKFLS,8196,10.340,18.065
KKFLS,8197,10.341,18.066
KKFLS,8198,10.341,18.067
KKFLS,8199,10.342,18.069
KKFLS,8200,10.343,18.070
KKFLS,8201,10.343,18.071
KKFLS,8202,10.344,18.072
KKFLS,8203,10.345,18.073
KKFLS,8204,10.345,18.074
KKFLS,8205,10.346,18.076
KKFLS,8206,10.347,18.077
KKFLS,8207,10.347,18.078
KKFLS,8208,10.348,18.079
KKFLS,8209,10.349,18.080
KKFLS,8210,10.349,18.081
KKFLS,8211,10.350,18.083
KKFLS,8212,10.351,18.084
KKFLS,8213,10.351,18.085
KKFLS,8214,10.352,18.086
KKFLS,8215,10.353,18.087
KKFLS,8216,10.353,18.088
KKFLS,8217,10.354,18.090
KKFLS,8218,10.354,18.091
KKFLS,8219,10.355,18.092
KKFLS,8220,10.356,18.093
KKFLS,8221,10.357,18.094
KKFLS,8222,10.357,18.096
KKFLS,8223,10.358,18.097
KKFLS,8224,10.359,18.098
KKFLS,8225,10.359,18.099
KKFLS,8226,10.360,18.101
KKFLS,8227,10.361,18.102
KKFLS,8228,10.362,18.103
KKFLS,8229,10.362,18.104
KKFLS,8230,10.363,18.106
KKFLS,8231,10.364,18.107
KKFLS,8232,10.364,18.108
KKFLS,8233,10.365,18.110
KKFLS,8234,10.366,18.111
KKFLS,8235,10.367,18.112
KKFLS,8236,10.367,18.113
KKFLS,8237,10.368,18.115
KKFLS,8238,10.369,18.116
KKFLS,8239,10.369,18.117
KKFLS,8240,10.370,18.118
KKFLS,8241,10.371,18.120
KKFLS,8242,10.372,18.121
KKFLS,8243,10.372,18.122
KKFLS,8244,10.373,18.123
KKFLS,8245,10.374,18.125
KKFLS,8246,10.374,18.126
KKFLS,8247,10.375,18.127
KKFLS,8248,10.376,18.128
KKFLS,8249,10.377,18.130
KKFLS,8250,10.377,18.131
KKFLS,8251,10.378,18.132
KKFLS,8252,10.379,18.133
KKFLS,8253,10.379,18.135
KKFLS,8254,10.380,18.136
KKFLS,8255,10.381,18.137
KKFLS,8256,10.382,18.138
KKFLS,8257,10.382,18.140
KKFLS,8258,10.383,18.141
KKFLS,8259,10.384,18.142
KKFLS,8260,10.384,18.144
KKFLS,8261,10.385,18.145
KKFLS,8262,10.386,18.146
KKFLS,8263,10.387,18.147
KKFLS,8264,10.387,18.149
KKFLS,8265,10.388,18.150
KKFLS,8266,10.389,18.151
KKFLS,8267,10.389,18.152
KKFLS,8268,10.390,18.154
KKFLS,8269,10.391,18.155
KKFLS,8270,10.392,18.156
KKFLS,8271,10.392,18.157
KKFLS,8272,10.393,18.159
KKFLS,8273,10.394,18.160
KKFLS,8274,10.394,18.161
KKFLS,8275,10.395,18.162
KKFLS,8276,10.396,18.164
KKFLS,8277,10.397,18.165
KKFLS,8278,10.397,18.166
KKFLS,8279,10.398,18.168
KKFLS,8280,10.399,18.169
KKFLS,8281,10.399,18.170
KKFLS,8282,10.400,18.171
KKFLS,8283,10.401,18.173
KKFLS,8284,10.402,18.174
KKFLS,8285,10.402,18.175
KKFLS,8286,10.403,18.176
KKFLS,8287,10.404,18.178
KKFLS,8288,10.404,18.179
KKFLS,8289,10.405,18.180
KKFLS,8290,10.406,18.182
KKFLS,8291,10.407,18.183
KKFLS,8292,10.407,18.184
KKFLS,8293,10.408,18.185
KKFLS,8294,10.409,18.187
KKFLS,8295,10.409,18.188
KKFLS,8296,10.410,18.189
KKFLS,8297,10.411,18.190
KKFLS,8298,10.412,18.192
KKFLS,8299,10.412,18.193
KKFLS,8300,10.413,18.194
KKFLS,8301,10.414,18.195
KKFLS,8302,10.414,18.197
KKFLS,8303,10.415,18.198
KKFLS,8304,10.416,18.199
KKFLS,8305,10.417,18.201
KKFLS,8306,10.417,18.202
KKFLS,8307,10.418,18.203
KKFLS,8308,10.419,18.204
KKFLS,8309,10.420,18.206
KKFLS,8310,10.420,18.207
KKFLS,8311,10.421,18.208
KKFLS,8312,10.422,18.209
KKFLS,8313,10.422,18.211
KKFLS,8314,10.423,18.212
KKFLS,8315,10.424,18.213
KKFLS,8316,10.425,18.215
KKFLS,8317,10.425,18.216
KKFLS,8318,10.426,18.217
KKFLS,8319,10.427,18.218
KKFLS,8320,10.427,18.220
KKFLS,8321,10.428,18.221
KKFLS,8322,10.429,18.222
KKFLS,8323,10.430,18.224
KKFLS,8324,10.430,18.225
KKFLS,8325,10.431,18.226
KKFLS,8326,10.432,18.227
KKFLS,8327,10.433,18.229
KKFLS,8328,10.433,18.230
KKFLS,8329,10.434,18.231
KKFLS,8330,10.435,18.232
KKFLS,8331,10.435,18.234
KKFLS,8332,10.436,18.235
KKFLS,8333,10.437,18.236
KKFLS,8334,10.438,18.238
KKFLS,8335,10.438,18.239
KKFLS,8336,10.439,18.240
KKFLS,8337,10.440,18.241
KKFLS,8338,10.440,18.243
KKFLS,8339,10.441,18.244
KKFLS,8340,10.442,18.245
KKFLS,8341,10.442,18.246
KKFLS,8342,10.443,18.247
KKFLS,8343,10.443,18.248
KKFLS,8344,10.444,18.249
KKFLS,8345,10.445,18.250
KKFLS,8346,10.445,18.251
KKFLS,8347,10.446,18.252
KKFLS,8348,10.446,18.253
KKFLS,8349,10.447,18.254
KKFLS,8350,10.447,18.254
KKFLS,8351,10.448,18.255
KKFLS,8352,10.448,18.256
KKFLS,8353,10.449,18.257
KKFLS,8354,10.449,18.258
KKFLS,8355,10.450,18.259
KKFLS,8356,10.450,18.260
KKFLS,8357,10.451,18.261
KKFLS,8358,10.451,18.262
KKFLS,8359,10.452,18.263
KKFLS,8360,10.452,18.264
KKFLS,8361,10.453,18.265
KKFLS,8362,10.454,18.266
KKFLS,8363,10.454,18.267
KKFLS,8364,10.455,18.268
KKFLS,8365,10.455,18.269
KKFLS,8366,10.456,18.270
KKFLS,8367,10.456,18.270
KKFLS,8368,10.457,18.271
KKFLS,8369,10.457,18.272
KKFLS,8370,10.458,18.273
KKFLS,8371,10.458,18.274
KKFLS,8372,10.459,18.275
KKFLS,8373,10.459,18.276
KKFLS,8374,10.460,18.277
KKFLS,8375,10.460,18.278
KKFLS,8376,10.461,18.279
KKFLS,8377,10.462,18.280
KKFLS,8378,10.462,18.281
KKFLS,8379,10.463,18.282
KKFLS,8380,10.463,18.283
KKFLS,8381,10.464,18.284
KKFLS,8382,10.464,18.285
KKFLS,8383,10.465,18.286
KKFLS,8384,10.465,18.287
KKFLS,8385,10.466,18.288
KKFLS,8386,10.466,18.288
KKFLS,8387,10.467,18.289
KKFLS,8388,10.467,18.290
KKFLS,8389,10.468,18.291
KKFLS,8390,10.469,18.292
KKFLS,8391,10.469,18.293
KKFLS,8392,10.470,18.294
KKFLS,8393,10.470,18.295
KKFLS,8394,10.471,18.296
KKFLS,8395,10.471,18.297
KKFLS,8396,10.472,18.298
KKFLS,8397,10.472,18.299
KKFLS,8398,10.473,18.300
KKFLS,8399,10.473,18.301
KKFLS,8400,10.474,18.302
KKFLS,8401,10.474,18.303
KKFLS,8402,10.475,18.304
KKFLS,8403,10.476,18.305
KKFLS,8404,10.476,18.306
KKFLS,8405,10.477,18.307
KKFLS,8406,10.477,18.307
KKFLS,8407,10.478,18.308
KKFLS,8408,10.478,18.309
KKFLS,8409,10.479,18.310
KKFLS,8410,10.479,18.311
KKFLS,8411,10.480,18.312
KKFLS,8412,10.480,18.313
KKFLS,8413,10.481,18.314
KKFLS,8414,10.481,18.315
KKFLS,8415,10.482,18.316
KKFLS,8416,10.483,18.317
KKFLS,8417,10.483,18.318
KKFLS,8418,10.484,18.319
KKFLS,8419,10.484,18.320
KKFLS,8420,10.485,18.321
KKFLS,8421,10.485,18.322
KKFLS,8422,10.486,18.323
KKFLS,8423,10.486,18.324
KKFLS,8424,10.487,18.325
KKFLS,8425,10.487,18.326
KKFLS,8426,10.488,18.327
KKFLS,8427,10.488,18.328
KKFLS,8428,10.489,18.329
KKFLS,8429,10.490,18.330
KKFLS,8430,10.490,18.330
KKFLS,8431,10.491,18.331
KKFLS,8432,10.491,18.332
KKFLS,8433,10.492,18.333
KKFLS,8434,10.492,18.334
KKFLS,8435,10.493,18.335
KKFLS,8436,10.493,18.336
KKFLS,8437,10.494,18.337
KKFLS,8438,10.494,18.338
KKFLS,8439,10.495,18.339
KKFLS,8440,10.496,18.340
KKFLS,8441,10.496,18.341
KKFLS,8442,10.497,18.342
KKFLS,8443,10.497,18.343
KKFLS,8444,10.498,18.344
KKFLS,8445,10.498,18.345
KKFLS,8446,10.499,18.346
KKFLS,8447,10.499,18.347
KKFLS,8448,10.500,18.348
KKFLS,8449,10.500,18.349
KKFLS,8450,10.501,18.350
KKFLS,8451,10.502,18.351
KKFLS,8452,10.502,18.352
KKFLS,8453,10.503,18.353
KKFLS,8454,10.503,18.354
KKFLS,8455,10.504,18.355
KKFLS,8456,10.504,18.356
KKFLS,8457,10.505,18.357
KKFLS,8458,10.505,18.357
KKFLS,8459,10.506,18.358
KKFLS,8460,10.506,18.359
KKFLS,8461,10.507,18.360
KKFLS,8462,10.508,18.361
KKFLS,8463,10.508,18.362
KKFLS,8464,10.509,18.363
KKFLS,8465,10.509,18.364
KKFLS,8466,10.510,18.365
KKFLS,8467,10.510,18.366
KKFLS,8468,10.511,18.367
KKFLS,8469,10.511,18.368
KKFLS,8470,10.512,18.369
KKFLS,8471,10.513,18.370
KKFLS,8472,10.513,18.371
KKFLS,8473,10.514,18.372
KKFLS,8474,10.514,18.373
KKFLS,8475,10.515,18.374
KKFLS,8476,10.515,18.375
KKFLS,8477,10.516,18.376
KKFLS,8478,10.516,18.377
KKFLS,8479,10.517,18.378
KKFLS,8480,10.517,18.379
KKFLS,8481,10.518,18.380
KKFLS,8482,10.519,18.381
KKFLS,8483,10.519,18.382
KKFLS,8484,10.520,18.383
KKFLS,8485,10.520,18.384
KKFLS,8486,10.520,18.384
KKFLS,8487,10.520,18.384
KKFLS,8488,10.520,18.384
KKFLS,8489,10.520,18.384
KKFLS,8490,10.520,18.384
KKFLS,8491,10.520,18.384
KKFLS,8492,10.520,18.384
KKFLS,8493,10.520,18.384
KKFLS,8494,10.520,18.384
KKFLS,8495,10.520,18.384
KKFLS,8496,10.520,18.384
KKFLS,8497,10.520,18.384
KKFLS,8498,10.520,18.384
KKFLS,8499,10.520,18.384
KKFLS,8500,10.520,18.384
KKFLS,8501,10.520,18.384
KKFLS,8502,10.520,18.384
KKFLS,8503,10.520,18.384
KKFLS,8504,10.520,18.384
KKFLS,8505,10.520,18.384
KKFLS,8506,10.520,18.384
KKFLS,8507,10.520,18.384
KKFLS,8508,10.520,18.384
KKFLS,8509,10.520,18.384
KKFLS,8510,10.520,18.384
KKFLS,8511,10.520,18.384
KKFLS,8512,10.520,18.384
KKFLS,8513,10.520,18.384
KKFLS,8514,10.520,18.384
KKFLS,8515,10.520,18.384
KKFLS,8516,10.520,18.384
KKFLS,8517,10.520,18.384
KKFLS,8518,10.520,18.384
KKFLS,8519,10.520,18.384
KKFLS,8520,10.520,18.384
KKFLS,8521,10.520,18.384
KKFLS,8522,10.520,18.384
KKFLS,8523,10.520,18.384
KKFLS,8524,10.520,18.384
KKFLS,8525,10.520,18.384
KKFLS,8526,10.520,18.384
KKFLS,8527,10.520,18.384
KKFLS,8528,10.520,18.384
KKFLS,8529,10.520,18.384
KKFLS,8530,10.520,18.384
KKFLN,0,7.626,13.292
KKFLN,1,7.625,13.291
KKFLN,2,7.625,13.291
KKFLN,3,7.624,13.290
KKFLN,4,7.624,13.289
KKFLN,5,7.624,13.288
KKFLN,6,7.623,13.288
KKFLN,7,7.623,13.287
KKFLN,8,7.622,13.286
KKFLN,9,7.622,13.285
KKFLN,10,7.621,13.285
KKFLN,11,7.621,13.284
KKFLN,12,7.621,13.283
KKFLN,13,7.620,13.282
KKFLN,14,7.620,13.282
KKFLN,15,7.619,13.281
KKFLN,16,7.619,13.280
KKFLN,17,7.618,13.279
KKFLN,18,7.618,13.278
KKFLN,19,7.618,13.278
KKFLN,20,7.617,13.277
KKFLN,21,7.617,13.276
KKFLN,22,7.616,13.275
KKFLN,23,7.616,13.275
KKFLN,24,7.615,13.274
KKFLN,25,7.615,13.273
KKFLN,26,7.615,13.272
KKFLN,27,7.614,13.272
KKFLN,28,7.614,13.271
KKFLN,29,7.613,13.270
KKFLN,30,7.613,13.269
KKFLN,31,7.612,13.269
KKFLN,32,7.612,13.268
KKFLN,33,7.611,13.267
KKFLN,34,7.611,13.266
KKFLN,35,7.611,13.266
KKFLN,36,7.610,13.265
KKFLN,37,7.610,13.264
KKFLN,38,7.609,13.263
KKFLN,39,7.609,13.263
KKFLN,40,7.608,13.262
KKFLN,41,7.608,13.261
KKFLN,42,7.608,13.260
KKFLN,43,7.607,13.260
KKFLN,44,7.607,13.259
KKFLN,45,7.606,13.258
KKFLN,46,7.606,13.257
KKFLN,47,7.606,13.257
KKFLN,48,7.605,13.256
KKFLN,49,7.605,13.255
KKFLN,50,7.604,13.254
KKFLN,51,7.604,13.254
KKFLN,52,7.603,13.253
KKFLN,53,7.603,13.252
KKFLN,54,7.603,13.251
KKFLN,55,7.602,13.251
KKFLN,56,7.602,13.250
KKFLN,57,7.601,13.249
KKFLN,58,7.601,13.249
KKFLN,59,7.600,13.248
KKFLN,60,7.600,13.247
KKFLN,61,7.600,13.246
KKFLN,62,7.599,13.246
KKFLN,63,7.599,13.245
KKFLN,64,7.598,13.244
KKFLN,65,7.598,13.243
KKFLN,66,7.597,13.243
KKFLN,67,7.597,13.242
KKFLN,68,7.597,13.241
KKFLN,69,7.596,13.240
KKFLN,70,7.596,13.240
KKFLN,71,7.595,13.239
KKFLN,72,7.595,13.238
KKFLN,73,7.595,13.237
KKFLN,74,7.594,13.237
KKFLN,75,7.594,13.236
KKFLN,76,7.593,13.235
KKFLN,77,7.593,13.235
KKFLN,78,7.592,13.234
KKFLN,79,7.592,13.233
KKFLN,80,7.592,13.232
KKFLN,81,7.591,13.232
KKFLN,82,7.591,13.231
KKFLN,83,7.590,13.230
KKFLN,84,7.590,13.229
KKFLN,85,7.589,13.229
KKFLN,86,7.589,13.228
KKFLN,87,7.589,13.227
KKFLN,88,7.588,13.226
KKFLN,89,7.588,13.226
KKFLN,90,7.587,13.225
KKFLN,91,7.587,13.224
KKFLN,92,7.587,13.223
KKFLN,93,7.586,13.223
KKFLN,94,7.586,13.222
KKFLN,95,7.585,13.221
KKFLN,96,7.585,13.221
KKFLN,97,7.584,13.220
KKFLN,98,7.584,13.219
KKFLN,99,7.584,13.218
KKFLN,100,7.583,13.218
KKFLN,101,7.583,13.217
KKFLN,102,7.582,13.216
KKFLN,103,7.582,13.215
KKFLN,104,7.582,13.215
KKFLN,105,7.581,13.214
KKFLN,106,7.581,13.213
KKFLN,107,7.580,13.213
KKFLN,108,7.580,13.212
KKFLN,109,7.579,13.211
KKFLN,110,7.579,13.210
KKFLN,111,7.579,13.210
KKFLN,112,7.578,13.209
KKFLN,113,7.578,13.208
KKFLN,114,7.577,13.207
KKFLN,115,7.577,13.207
KKFLN,116,7.577,13.206
KKFLN,117,7.576,13.205
KKFLN,118,7.576,13.205
KKFLN,119,7.575,13.204
KKFLN,120,7.575,13.203
KKFLN,121,7.574,13.202
KKFLN,122,7.574,13.202
KKFLN,123,7.574,13.201
KKFLN,124,7.573,13.200
KKFLN,125,7.573,13.199
KKFLN,126,7.572,13.199
KKFLN,127,7.572,13.198
KKFLN,128,7.572,13.197
KKFLN,129,7.571,13.197
KKFLN,130,7.571,13.196
KKFLN,131,7.570,13.195
KKFLN,132,7.570,13.194
KKFLN,133,7.570,13.194
KKFLN,134,7.569,13.193
KKFLN,135,7.569,13.192
KKFLN,136,7.568,13.192
KKFLN,137,7.568,13.191
KKFLN,138,7.568,13.190
KKFLN,139,7.567,13.189
KKFLN,140,7.567,13.189
KKFLN,141,7.566,13.188
KKFLN,142,7.566,13.187
KKFLN,143,7.566,13.187
KKFLN,144,7.565,13.186
KKFLN,145,7.565,13.185
KKFLN,146,7.564,13.185
KKFLN,147,7.564,13.184
KKFLN,148,7.563,13.183
KKFLN,149,7.563,13.182
KKFLN,150,7.563,13.182
KKFLN,151,7.562,13.181
KKFLN,152,7.562,13.180
KKFLN,153,7.561,13.180
KKFLN,154,7.561,13.179
KKFLN,155,7.561,13.178
KKFLN,156,7.560,13.177
KKFLN,157,7.560,13.177
KKFLN,158,7.559,13.176
KKFLN,159,7.559,13.175
KKFLN,160,7.559,13.175
KKFLN,161,7.558,13.174
KKFLN,162,7.558,13.173
KKFLN,163,7.557,13.173
KKFLN,164,7.557,13.172
KKFLN,165,7.557,13.171
KKFLN,166,7.556,13.170
KKFLN,167,7.556,13.170
KKFLN,168,7.555,13.169
KKFLN,169,7.555,13.168
KKFLN,170,7.555,13.168
KKFLN,171,7.554,13.167
KKFLN,172,7.554,13.166
KKFLN,173,7.553,13.166
KKFLN,174,7.553,13.165
KKFLN,175,7.553,13.164
KKFLN,176,7.552,13.163
KKFLN,177,7.552,13.163
KKFLN,178,7.551,13.162
KKFLN,179,7.551,13.161
KKFLN,180,7.551,13.161
KKFLN,181,7.550,13.160
KKFLN,182,7.550,13.159
KKFLN,183,7.550,13.159
KKFLN,184,7.549,13.158
KKFLN,185,7.549,13.157
KKFLN,186,7.548,13.157
KKFLN,187,7.548,13.156
KKFLN,188,7.548,13.155
KKFLN,189,7.547,13.155
KKFLN,190,7.547,13.154
KKFLN,191,7.547,13.153
KKFLN,192,7.546,13.153
KKFLN,193,7.546,13.152
KKFLN,194,7.545,13.151
KKFLN,195,7.545,13.151
KKFLN,196,7.545,13.150
KKFLN,197,7.544,13.149
KKFLN,198,7.544,13.149
KKFLN,199,7.543,13.148
KKFLN,200,7.543,13.147
KKFLN,201,7.543,13.147
KKFLN,202,7.542,13.146
KKFLN,203,7.542,13.145
KKFLN,204,7.542,13.145
KKFLN,205,7.541,13.144
KKFLN,206,7.541,13.143
KKFLN,207,7.540,13.143
KKFLN,208,7.540,13.142
KKFLN,209,7.540,13.141
KKFLN,210,7.539,13.141
KKFLN,211,7.539,13.140
KKFLN,212,7.539,13.140
KKFLN,213,7.538,13.139
KKFLN,214,7.538,13.138
KKFLN,215,7.537,13.138
KKFLN,216,7.537,13.137
KKFLN,217,7.537,13.136
KKFLN,218,7.536,13.136
KKFLN,219,7.536,13.135
KKFLN,220,7.536,13.134
KKFLN,221,7.535,13.134
KKFLN,222,7.535,13.133
KKFLN,223,7.535,13.132
KKFLN,224,7.534,13.132
KKFLN,225,7.534,13.131
KKFLN,226,7.533,13.130
KKFLN,227,7.533,13.130
KKFLN,228,7.533,13.129
KKFLN,229,7.532,13.128
KKFLN,230,7.532,13.128
KKFLN,231,7.532,13.127
KKFLN,232,7.531,13.127
KKFLN,233,7.531,13.126
KKFLN,234,7.530,13.125
KKFLN,235,7.530,13.125
KKFLN,236,7.530,13.124
KKFLN,237,7.529,13.123
KKFLN,238,7.529,13.123
KKFLN,239,7.529,13.122
KKFLN,240,7.528,13.121
KKFLN,241,7.528,13.121
KKFLN,242,7.528,13.120
KKFLN,243,7.527,13.119
KKFLN,244,7.527,13.119
KKFLN,245,7.526,13.118
KKFLN,246,7.526,13.118
KKFLN,247,7.526,13.117
KKFLN,248,7.525,13.116
KKFLN,249,7.525,13.116
KKFLN,250,7.525,13.115
KKFLN,251,7.524,13.114
KKFLN,252,7.524,13.114
KKFLN,253,7.523,13.113
KKFLN,254,7.523,13.112
KKFLN,255,7.523,13.112
KKFLN,256,7.522,13.111
KKFLN,257,7.522,13.111
KKFLN,258,7.522,13.110
KKFLN,259,7.521,13.109
KKFLN,260,7.521,13.109
KKFLN,261,7.521,13.108
KKFLN,262,7.520,13.107
KKFLN,263,7.520,13.107
KKFLN,264,7.520,13.106
KKFLN,265,7.519,13.105
KKFLN,266,7.519,13.105
KKFLN,267,7.518,13.104
KKFLN,268,7.518,13.104
KKFLN,269,7.518,13.103
KKFLN,270,7.517,13.102
KKFLN,271,7.517,13.102
KKFLN,272,7.517,13.101
KKFLN,273,7.516,13.100
KKFLN,274,7.516,13.100
KKFLN,275,7.516,13.099
KKFLN,276,7.515,13.099
KKFLN,277,7.515,13.098
KKFLN,278,7.515,13.097
KKFLN,279,7.514,13.097
KKFLN,280,7.514,13.096
KKFLN,281,7.514,13.096
KKFLN,282,7.513,13.095
KKFLN,283,7.513,13.095
KKFLN,284,7.513,13.094
KKFLN,285,7.512,13.094
KKFLN,286,7.512,13.093
KKFLN,287,7.512,13.092
KKFLN,288,7.511,13.092
KKFLN,289,7.511,13.091
KKFLN,290,7.511,13.091
KKFLN,291,7.510,13.090
KKFLN,292,7.510,13.090
KKFLN,293,7.510,13.089
KKFLN,294,7.509,13.089
KKFLN,295,7.509,13.088
KKFLN,296,7.509,13.087
KKFLN,297,7.509,13.087
KKFLN,298,7.508,13.086
KKFLN,299,7.508,13.086
KKFLN,300,7.508,13.085
KKFLN,301,7.507,13.085
KKFLN,302,7.507,13.084
KKFLN,303,7.507,13.084
KKFLN,304,7.506,13.083
KKFLN,305,7.506,13.082
KKFLN,306,7.506,13.082
KKFLN,307,7.505,13.081
KKFLN,308,7.505,13.081
KKFLN,309,7.505,13.080
KKFLN,310,7.504,13.080
KKFLN,311,7.504,13.079
KKFLN,312,7.504,13.079
KKFLN,313,7.503,13.078
KKFLN,314,7.503,13.077
KKFLN,315,7.503,13.077
KKFLN,316,7.503,13.076
KKFLN,317,7.502,13.076
KKFLN,318,7.502,13.075
KKFLN,319,7.502,13.075
KKFLN,320,7.501,13.074
KKFLN,321,7.501,13.074
KKFLN,322,7.501,13.073
KKFLN,323,7.500,13.073
KKFLN,324,7.500,13.072
KKFLN,325,7.500,13.071
KKFLN,326,7.499,13.071
KKFLN,327,7.499,13.070
KKFLN,328,7.499,13.070
KKFLN,329,7.499,13.069
KKFLN,330,7.498,13.069
KKFLN,331,7.498,13.068
KKFLN,332,7.498,13.068
KKFLN,333,7.497,13.067
KKFLN,334,7.497,13.067
KKFLN,335,7.497,13.066
KKFLN,336,7.496,13.066
KKFLN,337,7.496,13.065
KKFLN,338,7.496,13.064
KKFLN,339,7.495,13.064
KKFLN,340,7.495,13.063
KKFLN,341,7.495,13.063
KKFLN,342,7.495,13.062
KKFLN,343,7.494,13.062
KKFLN,344,7.494,13.061
KKFLN,345,7.494,13.061
KKFLN,346,7.493,13.060
KKFLN,347,7.493,13.060
KKFLN,348,7.493,13.059
KKFLN,349,7.492,13.059
KKFLN,350,7.492,13.058
KKFLN,351,7.492,13.058
KKFLN,352,7.491,13.057
KKFLN,353,7.491,13.057
KKFLN,354,7.491,13.056
KKFLN,355,7.491,13.055
KKFLN,356,7.490,13.055
KKFLN,357,7.490,13.054
KKFLN,358,7.490,13.054
KKFLN,359,7.489,13.053
KKFLN,360,7.489,13.053
KKFLN,361,7.489,13.052
KKFLN,362,7.488,13.052
KKFLN,363,7.488,13.051
KKFLN,364,7.488,13.051
KKFLN,365,7.488,13.050
KKFLN,366,7.487,13.050
KKFLN,367,7.487,13.049
KKFLN,368,7.487,13.049
KKFLN,369,7.486,13.048
KKFLN,370,7.486,13.048
KKFLN,371,7.486,13.047
KKFLN,372,7.486,13.047
KKFLN,373,7.485,13.046
KKFLN,374,7.485,13.046
KKFLN,375,7.485,13.045
KKFLN,376,7.484,13.044
KKFLN,377,7.484,13.044
KKFLN,378,7.484,13.043
KKFLN,379,7.483,13.043
KKFLN,380,7.483,13.042
KKFLN,381,7.483,13.042
KKFLN,382,7.483,13.041
KKFLN,383,7.482,13.041
KKFLN,384,7.482,13.040
KKFLN,385,7.482,13.040
KKFLN,386,7.481,13.039
KKFLN,387,7.481,13.039
KKFLN,388,7.481,13.038
KKFLN,389,7.481,13.038
KKFLN,390,7.480,13.037
KKFLN,391,7.480,13.037
KKFLN,392,7.480,13.036
KKFLN,393,7.479,13.036
KKFLN,394,7.479,13.035
KKFLN,395,7.479,13.035
KKFLN,396,7.478,13.034
KKFLN,397,7.478,13.034
KKFLN,398,7.478,13.033
KKFLN,399,7.478,13.033
KKFLN,400,7.477,13.032
KKFLN,401,7.477,13.032
KKFLN,402,7.477,13.031
KKFLN,403,7.476,13.031
KKFLN,404,7.476,13.030
KKFLN,405,7.476,13.030
KKFLN,406,7.476,13.029
KKFLN,407,7.475,13.029
KKFLN,408,7.475,13.028
KKFLN,409,7.475,13.028
KKFLN,410,7.474,13.027
KKFLN,411,7.474,13.027
KKFLN,412,7.474,13.026
KKFLN,413,7.474,13.026
KKFLN,414,7.473,13.025
KKFLN,415,7.473,13.025
KKFLN,416,7.473,13.024
KKFLN,417,7.473,13.024
KKFLN,418,7.472,13.023
KKFLN,419,7.472,13.023
KKFLN,420,7.472,13.022
KKFLN,421,7.471,13.022
KKFLN,422,7.471,13.021
KKFLN,423,7.471,13.021
KKFLN,424,7.471,13.020
KKFLN,425,7.470,13.020
KKFLN,426,7.470,13.019
KKFLN,427,7.470,13.019
KKFLN,428,7.469,13.018
KKFLN,429,7.469,13.018
KKFLN,430,7.469,13.017
KKFLN,431,7.469,13.017
KKFLN,432,7.468,13.016
KKFLN,433,7.468,13.016
KKFLN,434,7.468,13.015
KKFLN,435,7.467,13.015
KKFLN,436,7.467,13.015
KKFLN,437,7.467,13.014
KKFLN,438,7.467,13.014
KKFLN,439,7.466,13.013
KKFLN,440,7.466,13.013
KKFLN,441,7.466,13.012
KKFLN,442,7.466,13.012
KKFLN,443,7.465,13.011
KKFLN,444,7.465,13.011
KKFLN,445,7.465,13.010
KKFLN,446,7.464,13.010
KKFLN,447,7.464,13.009
KKFLN,448,7.464,13.009
KKFLN,449,7.464,13.009
KKFLN,450,7.464,13.008
KKFLN,451,7.463,13.008
KKFLN,452,7.463,13.007
KKFLN,453,7.463,13.007
KKFLN,454,7.463,13.007
KKFLN,455,7.463,13.006
KKFLN,456,7.462,13.006
KKFLN,457,7.462,13.006
KKFLN,458,7.462,13.005
KKFLN,459,7.462,13.005
KKFLN,460,7.462,13.005
KKFLN,461,7.461,13.004
KKFLN,462,7.461,13.004
KKFLN,463,7.461,13.003
KKFLN,464,7.461,13.003
KKFLN,465,7.460,13.003
KKFLN,466,7.460,13.002
KKFLN,467,7.460,13.002
KKFLN,468,7.460,13.002
KKFLN,469,7.460,13.001
KKFLN,470,7.459,13.001
KKFLN,471,7.459,13.001
KKFLN,472,7.459,13.000
KKFLN,473,7.459,13.000
KKFLN,474,7.459,13.000
KKFLN,475,7.458,12.999
KKFLN,476,7.458,12.999
KKFLN,477,7.458,12.999
KKFLN,478,7.458,12.998
KKFLN,479,7.458,12.998
KKFLN,480,7.457,12.997
KKFLN,481,7.457,12.997
KKFLN,482,7.457,12.997
KKFLN,483,7.457,12.996
KKFLN,484,7.457,12.996
KKFLN,485,7.456,12.996
KKFLN,486,7.456,12.995
KKFLN,487,7.456,12.995
KKFLN,488,7.456,12.995
KKFLN,489,7.456,12.994
KKFLN,490,7.455,12.994
KKFLN,491,7.455,12.994
KKFLN,492,7.455,12.993
KKFLN,493,7.455,12.993
KKFLN,494,7.455,12.993
KKFLN,495,7.454,12.992
KKFLN,496,7.454,12.992
KKFLN,497,7.454,12.992
KKFLN,498,7.454,12.991
KKFLN,499,7.454,12.991
KKFLN,500,7.454,12.991
KKFLN,501,7.453,12.990
KKFLN,502,7.453,12.990
KKFLN,503,7.453,12.990
KKFLN,504,7.453,12.989
KKFLN,505,7.453,12.989
KKFLN,506,7.452,12.989
KKFLN,507,7.452,12.988
KKFLN,508,7.452,12.988
KKFLN,509,7.452,12.988
KKFLN,510,7.452,12.987
KKFLN,511,7.451,12.987
KKFLN,512,7.451,12.986
KKFLN,513,7.451,12.986
KKFLN,514,7.451,12.986
KKFLN,515,7.451,12.985
KKFLN,516,7.450,12.985
KKFLN,517,7.450,12.985
KKFLN,518,7.450,12.984
KKFLN,519,7.450,12.984
KKFLN,520,7.450,12.984
KKFLN,521,7.449,12.984
KKFLN,522,7.449,12.983
KKFLN,523,7.449,12.983
KKFLN,524,7.449,12.983
KKFLN,525,7.449,12.982
KKFLN,526,7.449,12.982
KKFLN,527,7.448,12.982
KKFLN,528,7.448,12.981
KKFLN,529,7.448,12.981
KKFLN,530,7.448,12.981
KKFLN,531,7.448,12.980
KKFLN,532,7.447,12.980
KKFLN,533,7.447,12.980
KKFLN,534,7.447,12.979
KKFLN,535,7.447,12.979
KKFLN,536,7.447,12.979
KKFLN,537,7.447,12.978
KKFLN,538,7.446,12.978
KKFLN,539,7.446,12.978
KKFLN,540,7.446,12.977
KKFLN,541,7.446,12.977
KKFLN,542,7.446,12.977
KKFLN,543,7.445,12.976
KKFLN,544,7.445,12.976
KKFLN,545,7.445,12.976
KKFLN,546,7.445,12.975
KKFLN,547,7.445,12.975
KKFLN,548,7.444,12.975
KKFLN,549,7.444,12.974
KKFLN,550,7.444,12.974
KKFLN,551,7.444,12.974
KKFLN,552,7.444,12.974
KKFLN,553,7.444,12.973
KKFLN,554,7.443,12.973
KKFLN,555,7.443,12.973
KKFLN,556,7.443,12.972
KKFLN,557,7.443,12.972
KKFLN,558,7.443,12.972
KKFLN,559,7.443,12.971
KKFLN,560,7.442,12.971
KKFLN,561,7.442,12.971
KKFLN,562,7.442,12.970
KKFLN,563,7.442,12.970
KKFLN,564,7.442,12.970
KKFLN,565,7.441,12.969
KKFLN,566,7.441,12.969
KKFLN,567,7.441,12.969
KKFLN,568,7.441,12.969
KKFLN,569,7.441,12.968
KKFLN,570,7.441,12.968
KKFLN,571,7.440,12.968
KKFLN,572,7.440,12.967
KKFLN,573,7.440,12.967
KKFLN,574,7.440,12.967
KKFLN,575,7.440,12.966
KKFLN,576,7.440,12.966
KKFLN,577,7.439,12.966
KKFLN,578,7.439,12.965
KKFLN,579,7.439,12.965
KKFLN,580,7.439,12.965
KKFLN,581,7.439,12.965
KKFLN,582,7.439,12.964
KKFLN,583,7.438,12.964
KKFLN,584,7.438,12.964
KKFLN,585,7.438,12.963
KKFLN,586,7.438,12.963
KKFLN,587,7.438,12.963
KKFLN,588,7.437,12.962
KKFLN,589,7.437,12.962
KKFLN,590,7.437,12.962
KKFLN,591,7.437,12.962
KKFLN,592,7.437,12.961
KKFLN,593,7.437,12.961
KKFLN,594,7.436,12.961
KKFLN,595,7.436,12.960
KKFLN,596,7.436,12.960
KKFLN,597,7.436,12.960
KKFLN,598,7.436,12.960
KKFLN,599,7.436,12.959
KKFLN,600,7.435,12.959
KKFLN,601,7.435,12.959
KKFLN,602,7.435,12.958
KKFLN,603,7.435,12.958
KKFLN,604,7.435,12.958
KKFLN,605,7.435,12.958
KKFLN,606,7.435,12.958
KKFLN,607,7.435,12.957
KKFLN,608,7.435,12.957
KKFLN,609,7.434,12.957
KKFLN,610,7.434,12.957
KKFLN,611,7.434,12.957
KKFLN,612,7.434,12.957
KKFLN,613,7.434,12.957
KKFLN,614,7.434,12.957
KKFLN,615,7.434,12.957
KKFLN,616,7.434,12.956
KKFLN,617,7.434,12.956
KKFLN,618,7.434,12.956
KKFLN,619,7.434,12.956
KKFLN,620,7.434,12.956
KKFLN,621,7.434,12.956
KKFLN,622,7.434,12.956
KKFLN,623,7.434,12.956
KKFLN,624,7.433,12.955
KKFLN,625,7.433,12.955
KKFLN,626,7.433,12.955
KKFLN,627,7.433,12.955
KKFLN,628,7.433,12.955
KKFLN,629,7.433,12.955
KKFLN,630,7.433,12.955
KKFLN,631,7.433,12.955
KKFLN,632,7.433,12.955
KKFLN,633,7.433,12.955
KKFLN,634,7.433,12.954
KKFLN,635,7.433,12.954
KKFLN,636,7.433,12.954
KKFLN,637,7.433,12.954
KKFLN,638,7.433,12.954
KKFLN,639,7.433,12.954
KKFLN,640,7.432,12.954
KKFLN,641,7.432,12.954
KKFLN,642,7.432,12.954
KKFLN,643,7.432,12.953
KKFLN,644,7.432,12.953
KKFLN,645,7.432,12.953
KKFLN,646,7.432,12.953
KKFLN,647,7.432,12.953
KKFLN,648,7.432,12.953
KKFLN,649,7.432,12.953
KKFLN,650,7.432,12.953
KKFLN,651,7.432,12.953
KKFLN,652,7.432,12.953
KKFLN,653,7.432,12.952
KKFLN,654,7.432,12.952
KKFLN,655,7.432,12.952
KKFLN,656,7.432,12.952
KKFLN,657,7.432,12.952
KKFLN,658,7.431,12.952
KKFLN,659,7.431,12.952
KKFLN,660,7.431,12.952
KKFLN,661,7.431,12.952
KKFLN,662,7.431,12.952
KKFLN,663,7.431,12.952
KKFLN,664,7.431,12.951
KKFLN,665,7.431,12.951
KKFLN,666,7.431,12.951
KKFLN,667,7.431,12.951
KKFLN,668,7.431,12.951
KKFLN,669,7.431,12.951
KKFLN,670,7.431,12.951
KKFLN,671,7.431,12.951
KKFLN,672,7.431,12.951
KKFLN,673,7.431,12.951
KKFLN,674,7.431,12.951
KKFLN,675,7.431,12.950
KKFLN,676,7.431,12.950
KKFLN,677,7.431,12.950
KKFLN,678,7.430,12.950
KKFLN,679,7.430,12.950
KKFLN,680,7.430,12.950
KKFLN,681,7.430,12.950
KKFLN,682,7.430,12.950
KKFLN,683,7.430,12.950
KKFLN,684,7.430,12.950
KKFLN,685,7.430,12.950
KKFLN,686,7.430,12.950
KKFLN,687,7.430,12.949
KKFLN,688,7.430,12.949
KKFLN,689,7.430,12.949
KKFLN,690,7.430,12.949
KKFLN,691,7.430,12.949
KKFLN,692,7.430,12.949
KKFLN,693,7.430,12.949
KKFLN,694,7.430,12.949
KKFLN,695,7.430,12.949
KKFLN,696,7.430,12.949
KKFLN,697,7.430,12.949
KKFLN,698,7.430,12.949
KKFLN,699,7.430,12.949
KKFLN,700,7.429,12.948
KKFLN,701,7.429,12.948
KKFLN,702,7.429,12.948
KKFLN,703,7.429,12.948
KKFLN,704,7.429,12.948
KKFLN,705,7.429,12.948
KKFLN,706,7.429,12.948
KKFLN,707,7.429,12.948
KKFLN,708,7.429,12.948
KKFLN,709,7.429,12.948
KKFLN,710,7.429,12.948
KKFLN,711,7.429,12.948
KKFLN,712,7.429,12.948
KKFLN,713,7.429,12.948
KKFLN,714,7.429,12.947
KKFLN,715,7.429,12.947
KKFLN,716,7.429,12.947
KKFLN,717,7.429,12.947
KKFLN,718,7.429,12.947
KKFLN,719,7.429,12.947
KKFLN,720,7.429,12.947
KKFLN,721,7.429,12.947
KKFLN,722,7.429,12.947
KKFLN,723,7.429,12.947
KKFLN,724,7.429,12.947
KKFLN,725,7.428,12.947
KKFLN,726,7.428,12.947
KKFLN,727,7.428,12.947
KKFLN,728,7.428,12.947
KKFLN,729,7.428,12.947
KKFLN,730,7.428,12.946
KKFLN,731,7.428,12.946
KKFLN,732,7.428,12.946
KKFLN,733,7.428,12.946
KKFLN,734,7.428,12.946
KKFLN,735,7.428,12.946
KKFLN,736,7.428,12.946
KKFLN,737,7.428,12.946
KKFLN,738,7.428,12.946
KKFLN,739,7.428,12.946
KKFLN,740,7.428,12.946
KKFLN,741,7.428,12.946
KKFLN,742,7.428,12.946
KKFLN,743,7.428,12.946
KKFLN,744,7.428,12.946
KKFLN,745,7.428,12.946
KKFLN,746,7.428,12.946
KKFLN,747,7.428,12.946
KKFLN,748,7.428,12.945
KKFLN,749,7.428,12.945
KKFLN,750,7.428,12.945
KKFLN,751,7.428,12.945
KKFLN,752,7.428,12.945
KKFLN,753,7.428,12.945
KKFLN,754,7.428,12.945
KKFLN,755,7.428,12.945
KKFLN,756,7.428,12.945
KKFLN,757,7.428,12.945
KKFLN,758,7.427,12.945
KKFLN,759,7.427,12.945
KKFLN,760,7.427,12.945
KKFLN,761,7.427,12.945
KKFLN,762,7.427,12.945
KKFLN,763,7.427,12.945
KKFLN,764,7.427,12.945
KKFLN,765,7.427,12.945
KKFLN,766,7.427,12.945
KKFLN,767,7.427,12.945
KKFLN,768,7.427,12.945
KKFLN,769,7.427,12.945
KKFLN,770,7.427,12.945
KKFLN,771,7.427,12.944
KKFLN,772,7.427,12.944
KKFLN,773,7.427,12.944
KKFLN,774,7.427,12.944
KKFLN,775,7.427,12.944
KKFLN,776,7.427,12.944
KKFLN,777,7.427,12.944
KKFLN,778,7.427,12.944
KKFLN,779,7.427,12.944
KKFLN,780,7.427,12.944
KKFLN,781,7.427,12.944
KKFLN,782,7.427,12.944
KKFLN,783,7.427,12.944
KKFLN,784,7.427,12.944
KKFLN,785,7.427,12.944
KKFLN,786,7.427,12.944
KKFLN,787,7.427,12.944
KKFLN,788,7.427,12.944
KKFLN,789,7.427,12.944
KKFLN,790,7.427,12.944
KKFLN,791,7.427,12.944
KKFLN,792,7.427,12.944
KKFLN,793,7.427,12.944
KKFLN,794,7.427,12.944
KKFLN,795,7.427,12.944
KKFLN,796,7.427,12.944
KKFLN,797,7.427,12.944
KKFLN,798,7.427,12.944
KKFLN,799,7.427,12.944
KKFLN,800,7.427,12.944
KKFLN,801,7.427,12.944
KKFLN,802,7.427,12.944
KKFLN,803,7.427,12.944
KKFLN,804,7.427,12.943
KKFLN,805,7.427,12.943
KKFLN,806,7.427,12.943
KKFLN,807,7.427,12.943
KKFLN,808,7.427,12.943
KKFLN,809,7.427,12.943
KKFLN,810,7.427,12.943
KKFLN,811,7.427,12.943
KKFLN,812,7.427,12.943
KKFLN,813,7.427,12.943
KKFLN,814,7.427,12.943
KKFLN,815,7.427,12.943
KKFLN,816,7.426,12.943
KKFLN,817,7.426,12.943
KKFLN,818,7.426,12.943
KKFLN,819,7.426,12.943
KKFLN,820,7.427,12.943
KKFLN,821,7.427,12.944
KKFLN,822,7.427,12.944
KKFLN,823,7.427,12.944
KKFLN,824,7.427,12.944
KKFLN,825,7.427,12.944
KKFLN,826,7.427,12.944
KKFLN,827,7.427,12.945
KKFLN,828,7.427,12.945
KKFLN,829,7.427,12.945
KKFLN,830,7.428,12.945
KKFLN,831,7.428,12.945
KKFLN,832,7.428,12.945
KKFLN,833,7.428,12.946
KKFLN,834,7.428,12.946
KKFLN,835,7.428,12.946
KKFLN,836,7.428,12.946
KKFLN,837,7.428,12.946
KKFLN,838,7.428,12.946
KKFLN,839,7.428,12.947
KKFLN,840,7.429,12.947
KKFLN,841,7.429,12.947
KKFLN,842,7.429,12.947
KKFLN,843,7.429,12.947
KKFLN,844,7.429,12.948
KKFLN,845,7.429,12.948
KKFLN,846,7.429,12.948
KKFLN,847,7.429,12.948
KKFLN,848,7.429,12.948
KKFLN,849,7.429,12.948
KKFLN,850,7.430,12.949
KKFLN,851,7.430,12.949
KKFLN,852,7.430,12.949
KKFLN,853,7.430,12.949
KKFLN,854,7.430,12.949
KKFLN,855,7.430,12.950
KKFLN,856,7.430,12.950
KKFLN,857,7.430,12.950
KKFLN,858,7.430,12.950
KKFLN,859,7.431,12.950
KKFLN,860,7.431,12.951
KKFLN,861,7.431,12.951
KKFLN,862,7.431,12.951
KKFLN,863,7.431,12.951
KKFLN,864,7.431,12.951
KKFLN,865,7.431,12.952
KKFLN,866,7.431,12.952
KKFLN,867,7.431,12.952
KKFLN,868,7.432,12.952
KKFLN,869,7.432,12.952
KKFLN,870,7.432,12.952
KKFLN,871,7.432,12.953
KKFLN,872,7.432,12.953
KKFLN,873,7.432,12.953
KKFLN,874,7.432,12.953
KKFLN,875,7.432,12.953
KKFLN,876,7.432,12.954
KKFLN,877,7.433,12.954
KKFLN,878,7.433,12.954
KKFLN,879,7.433,12.954
KKFLN,880,7.433,12.954
KKFLN,881,7.433,12.955
KKFLN,882,7.433,12.955
KKFLN,883,7.433,12.955
KKFLN,884,7.433,12.955
KKFLN,885,7.433,12.955
KKFLN,886,7.434,12.956
KKFLN,887,7.434,12.956
KKFLN,888,7.434,12.956
KKFLN,889,7.434,12.956
KKFLN,890,7.434,12.956
KKFLN,891,7.434,12.957
KKFLN,892,7.434,12.957
KKFLN,893,7.434,12.957
KKFLN,894,7.435,12.957
KKFLN,895,7.435,12.958
KKFLN,896,7.435,12.958
KKFLN,897,7.435,12.958
KKFLN,898,7.435,12.958
KKFLN,899,7.435,12.958
KKFLN,900,7.435,12.959
KKFLN,901,7.435,12.959
KKFLN,902,7.435,12.959
KKFLN,903,7.436,12.959
KKFLN,904,7.436,12.959
KKFLN,905,7.436,12.960
KKFLN,906,7.436,12.960
KKFLN,907,7.436,12.960
KKFLN,908,7.436,12.960
KKFLN,909,7.436,12.960
KKFLN,910,7.436,12.961
KKFLN,911,7.437,12.961
KKFLN,912,7.437,12.961
KKFLN,913,7.437,12.961
KKFLN,914,7.437,12.962
KKFLN,915,7.437,12.962
KKFLN,916,7.437,12.962
KKFLN,917,7.437,12.962
KKFLN,918,7.437,12.962
KKFLN,919,7.438,12.963
KKFLN,920,7.438,12.963
KKFLN,921,7.438,12.963
KKFLN,922,7.438,12.963
KKFLN,923,7.438,12.964
KKFLN,924,7.438,12.964
KKFLN,925,7.438,12.964
KKFLN,926,7.438,12.964
KKFLN,927,7.439,12.964
KKFLN,928,7.439,12.965
KKFLN,929,7.439,12.965
KKFLN,930,7.439,12.965
KKFLN,931,7.439,12.965
KKFLN,932,7.439,12.966
KKFLN,933,7.439,12.966
KKFLN,934,7.439,12.966
KKFLN,935,7.440,12.966
KKFLN,936,7.440,12.966
KKFLN,937,7.440,12.967
KKFLN,938,7.440,12.967
KKFLN,939,7.440,12.967
KKFLN,940,7.440,12.967
KKFLN,941,7.440,12.968
KKFLN,942,7.441,12.968
KKFLN,943,7.441,12.968
KKFLN,944,7.441,12.968
KKFLN,945,7.441,12.969
KKFLN,946,7.441,12.969
KKFLN,947,7.441,12.969
KKFLN,948,7.441,12.969
KKFLN,949,7.441,12.969
KKFLN,950,7.442,12.970
KKFLN,951,7.442,12.970
KKFLN,952,7.442,12.970
KKFLN,953,7.442,12.970
KKFLN,954,7.442,12.971
KKFLN,955,7.442,12.971
KKFLN,956,7.442,12.971
KKFLN,957,7.443,12.971
KKFLN,958,7.443,12.972
KKFLN,959,7.443,12.972
KKFLN,960,7.443,12.972
KKFLN,961,7.443,12.972
KKFLN,962,7.443,12.973
KKFLN,963,7.443,12.973
KKFLN,964,7.443,12.973
KKFLN,965,7.444,12.973
KKFLN,966,7.444,12.973
KKFLN,967,7.444,12.974
KKFLN,968,7.444,12.974
KKFLN,969,7.444,12.974
KKFLN,970,7.444,12.974
KKFLN,971,7.444,12.975
KKFLN,972,7.445,12.975
KKFLN,973,7.445,12.975
KKFLN,974,7.445,12.975
KKFLN,975,7.445,12.976
KKFLN,976,7.445,12.976
KKFLN,977,7.445,12.976
KKFLN,978,7.445,12.976
KKFLN,979,7.446,12.977
KKFLN,980,7.446,12.977
KKFLN,981,7.446,12.977
KKFLN,982,7.446,12.977
KKFLN,983,7.446,12.978
KKFLN,984,7.446,12.978
KKFLN,985,7.446,12.978
KKFLN,986,7.447,12.978
KKFLN,987,7.447,12.979
KKFLN,988,7.447,12.979
KKFLN,989,7.447,12.979
KKFLN,990,7.447,12.979
KKFLN,991,7.447,12.980
KKFLN,992,7.447,12.980
KKFLN,993,7.448,12.980
KKFLN,994,7.448,12.980
KKFLN,995,7.448,12.981
KKFLN,996,7.448,12.981
KKFLN,997,7.448,12.981
KKFLN,998,7.448,12.982
KKFLN,999,7.448,12.982
KKFLN,1000,7.449,12.982
KKFLN,1001,7.449,12.982
KKFLN,1002,7.449,12.983
KKFLN,1003,7.449,12.983
KKFLN,1004,7.449,12.983
KKFLN,1005,7.450,12.984
KKFLN,1006,7.450,12.984
KKFLN,1007,7.450,12.985
KKFLN,1008,7.450,12.985
KKFLN,1009,7.451,12.985
KKFLN,1010,7.451,12.986
KKFLN,1011,7.451,12.986
KKFLN,1012,7.451,12.986
KKFLN,1013,7.451,12.987
KKFLN,1014,7.452,12.987
KKFLN,1015,7.452,12.987
KKFLN,1016,7.452,12.988
KKFLN,1017,7.452,12.988
KKFLN,1018,7.452,12.989
KKFLN,1019,7.453,12.989
KKFLN,1020,7.453,12.989
KKFLN,1021,7.453,12.990
KKFLN,1022,7.453,12.990
KKFLN,1023,7.453,12.990
KKFLN,1024,7.454,12.991
KKFLN,1025,7.454,12.991
KKFLN,1026,7.454,12.992
KKFLN,1027,7.454,12.992
KKFLN,1028,7.455,12.992
KKFLN,1029,7.455,12.993
KKFLN,1030,7.455,12.993
KKFLN,1031,7.455,12.993
KKFLN,1032,7.455,12.994
KKFLN,1033,7.456,12.994
KKFLN,1034,7.456,12.995
KKFLN,1035,7.456,12.995
KKFLN,1036,7.456,12.995
KKFLN,1037,7.456,12.996
KKFLN,1038,7.457,12.996
KKFLN,1039,7.457,12.996
KKFLN,1040,7.457,12.997
KKFLN,1041,7.457,12.997
KKFLN,1042,7.458,12.998
KKFLN,1043,7.458,12.998
KKFLN,1044,7.458,12.998
KKFLN,1045,7.458,12.999
KKFLN,1046,7.458,12.999
KKFLN,1047,7.459,12.999
KKFLN,1048,7.459,13.000
KKFLN,1049,7.459,13.000
KKFLN,1050,7.459,13.001
KKFLN,1051,7.459,13.001
KKFLN,1052,7.460,13.001
KKFLN,1053,7.460,13.002
KKFLN,1054,7.460,13.002
KKFLN,1055,7.460,13.003
KKFLN,1056,7.461,13.003
KKFLN,1057,7.461,13.003
KKFLN,1058,7.461,13.004
KKFLN,1059,7.461,13.004
KKFLN,1060,7.461,13.004
KKFLN,1061,7.462,13.005
KKFLN,1062,7.462,13.005
KKFLN,1063,7.462,13.006
KKFLN,1064,7.462,13.006
KKFLN,1065,7.463,13.006
KKFLN,1066,7.463,13.007
KKFLN,1067,7.463,13.007
KKFLN,1068,7.463,13.008
KKFLN,1069,7.463,13.008
KKFLN,1070,7.464,13.008
KKFLN,1071,7.464,13.009
KKFLN,1072,7.464,13.009
KKFLN,1073,7.464,13.010
KKFLN,1074,7.465,13.010
KKFLN,1075,7.465,13.010
KKFLN,1076,7.465,13.011
KKFLN,1077,7.465,13.011
KKFLN,1078,7.466,13.012
KKFLN,1079,7.466,13.012
KKFLN,1080,7.466,13.012
KKFLN,1081,7.466,13.013
KKFLN,1082,7.466,13.013
KKFLN,1083,7.467,13.014
KKFLN,1084,7.467,13.014
KKFLN,1085,7.467,13.014
KKFLN,1086,7.467,13.015
KKFLN,1087,7.468,13.015
KKFLN,1088,7.468,13.016
KKFLN,1089,7.468,13.016
KKFLN,1090,7.468,13.016
KKFLN,1091,7.468,13.017
KKFLN,1092,7.469,13.017
KKFLN,1093,7.469,13.018
KKFLN,1094,7.469,13.018
KKFLN,1095,7.469,13.018
KKFLN,1096,7.470,13.019
KKFLN,1097,7.470,13.019
KKFLN,1098,7.470,13.020
KKFLN,1099,7.470,13.020
KKFLN,1100,7.471,13.020
KKFLN,1101,7.471,13.021
KKFLN,1102,7.471,13.021
KKFLN,1103,7.471,13.022
KKFLN,1104,7.472,13.022
KKFLN,1105,7.472,13.022
KKFLN,1106,7.472,13.023
KKFLN,1107,7.472,13.023
KKFLN,1108,7.472,13.024
KKFLN,1109,7.473,13.024
KKFLN,1110,7.473,13.025
KKFLN,1111,7.473,13.025
KKFLN,1112,7.473,13.025
KKFLN,1113,7.474,13.026
KKFLN,1114,7.474,13.026
KKFLN,1115,7.474,13.027
KKFLN,1116,7.474,13.027
KKFLN,1117,7.475,13.027
KKFLN,1118,7.475,13.028
KKFLN,1119,7.475,13.028
KKFLN,1120,7.475,13.029
KKFLN,1121,7.476,13.029
KKFLN,1122,7.476,13.030
KKFLN,1123,7.476,13.030
KKFLN,1124,7.476,13.030
KKFLN,1125,7.477,13.031
KKFLN,1126,7.477,13.031
KKFLN,1127,7.477,13.032
KKFLN,1128,7.477,13.032
KKFLN,1129,7.477,13.032
KKFLN,1130,7.478,13.033
KKFLN,1131,7.478,13.033
KKFLN,1132,7.478,13.034
KKFLN,1133,7.478,13.034
KKFLN,1134,7.479,13.035
KKFLN,1135,7.479,13.035
KKFLN,1136,7.479,13.035
KKFLN,1137,7.479,13.036
KKFLN,1138,7.480,13.036
KKFLN,1139,7.480,13.037
KKFLN,1140,7.480,13.037
KKFLN,1141,7.480,13.038
KKFLN,1142,7.481,13.038
KKFLN,1143,7.481,13.038
KKFLN,1144,7.481,13.039
KKFLN,1145,7.481,13.039
KKFLN,1146,7.482,13.040
KKFLN,1147,7.482,13.040
KKFLN,1148,7.482,13.041
KKFLN,1149,7.482,13.041
KKFLN,1150,7.483,13.041
KKFLN,1151,7.483,13.042
KKFLN,1152,7.483,13.042
KKFLN,1153,7.483,13.043
KKFLN,1154,7.484,13.043
KKFLN,1155,7.484,13.044
KKFLN,1156,7.484,13.044
KKFLN,1157,7.484,13.045
KKFLN,1158,7.485,13.045
KKFLN,1159,7.485,13.045
KKFLN,1160,7.485,13.046
KKFLN,1161,7.485,13.046
KKFLN,1162,7.486,13.047
KKFLN,1163,7.486,13.047
KKFLN,1164,7.486,13.048
KKFLN,1165,7.486,13.048
KKFLN,1166,7.487,13.048
KKFLN,1167,7.487,13.049
KKFLN,1168,7.487,13.049
KKFLN,1169,7.487,13.050
KKFLN,1170,7.488,13.050
KKFLN,1171,7.488,13.051
KKFLN,1172,7.488,13.051
KKFLN,1173,7.488,13.052
KKFLN,1174,7.489,13.052
KKFLN,1175,7.489,13.052
KKFLN,1176,7.489,13.053
KKFLN,1177,7.489,13.053
KKFLN,1178,7.490,13.054
KKFLN,1179,7.490,13.054
KKFLN,1180,7.490,13.055
KKFLN,1181,7.490,13.055
KKFLN,1182,7.491,13.056
KKFLN,1183,7.491,13.056
KKFLN,1184,7.491,13.056
KKFLN,1185,7.491,13.057
KKFLN,1186,7.492,13.057
KKFLN,1187,7.492,13.058
KKFLN,1188,7.492,13.058
KKFLN,1189,7.492,13.059
KKFLN,1190,7.493,13.059
KKFLN,1191,7.493,13.060
KKFLN,1192,7.493,13.060
KKFLN,1193,7.493,13.061
KKFLN,1194,7.494,13.061
KKFLN,1195,7.494,13.061
KKFLN,1196,7.494,13.062
KKFLN,1197,7.495,13.062
KKFLN,1198,7.495,13.063
KKFLN,1199,7.495,13.063
KKFLN,1200,7.495,13.064
KKFLN,1201,7.496,13.064
KKFLN,1202,7.496,13.065
KKFLN,1203,7.496,13.065
KKFLN,1204,7.496,13.066
KKFLN,1205,7.497,13.066
KKFLN,1206,7.497,13.066
KKFLN,1207,7.497,13.067
KKFLN,1208,7.497,13.067
KKFLN,1209,7.498,13.068
KKFLN,1210,7.498,13.068
KKFLN,1211,7.498,13.069
KKFLN,1212,7.498,13.069
KKFLN,1213,7.499,13.070
KKFLN,1214,7.499,13.070
KKFLN,1215,7.499,13.071
KKFLN,1216,7.500,13.071
KKFLN,1217,7.500,13.072
KKFLN,1218,7.500,13.072
KKFLN,1219,7.500,13.072
KKFLN,1220,7.501,13.073
KKFLN,1221,7.501,13.073
KKFLN,1222,7.501,13.074
KKFLN,1223,7.501,13.074
KKFLN,1224,7.502,13.075
KKFLN,1225,7.502,13.075
KKFLN,1226,7.502,13.076
KKFLN,1227,7.502,13.076
KKFLN,1228,7.503,13.077
KKFLN,1229,7.503,13.077
KKFLN,1230,7.503,13.078
KKFLN,1231,7.504,13.078
KKFLN,1232,7.504,13.079
KKFLN,1233,7.504,13.079
KKFLN,1234,7.505,13.080
KKFLN,1235,7.505,13.080
KKFLN,1236,7.505,13.081
KKFLN,1237,7.505,13.081
KKFLN,1238,7.506,13.082
KKFLN,1239,7.506,13.083
KKFLN,1240,7.506,13.083
KKFLN,1241,7.507,13.084
KKFLN,1242,7.507,13.084
KKFLN,1243,7.507,13.085
KKFLN,1244,7.508,13.085
KKFLN,1245,7.508,13.086
KKFLN,1246,7.508,13.086
KKFLN,1247,7.508,13.087
KKFLN,1248,7.509,13.087
KKFLN,1249,7.509,13.088
KKFLN,1250,7.509,13.088
KKFLN,1251,7.510,13.089
KKFLN,1252,7.510,13.089
KKFLN,1253,7.510,13.090
KKFLN,1254,7.511,13.091
KKFLN,1255,7.511,13.091
KKFLN,1256,7.511,13.092
KKFLN,1257,7.512,13.092
KKFLN,1258,7.512,13.093
KKFLN,1259,7.512,13.093
KKFLN,1260,7.512,13.094
KKFLN,1261,7.513,13.094
KKFLN,1262,7.513,13.095
KKFLN,1263,7.513,13.095
KKFLN,1264,7.514,13.096
KKFLN,1265,7.514,13.097
KKFLN,1266,7.514,13.097
KKFLN,1267,7.515,13.098
KKFLN,1268,7.515,13.098
KKFLN,1269,7.515,13.099
KKFLN,1270,7.516,13.099
KKFLN,1271,7.516,13.100
KKFLN,1272,7.516,13.100
KKFLN,1273,7.517,13.101
KKFLN,1274,7.517,13.101
KKFLN,1275,7.517,13.102
KKFLN,1276,7.517,13.103
KKFLN,1277,7.518,13.103
KKFLN,1278,7.518,13.104
KKFLN,1279,7.518,13.104
KKFLN,1280,7.519,13.105
KKFLN,1281,7.519,13.105
KKFLN,1282,7.519,13.106
KKFLN,1283,7.520,13.106
KKFLN,1284,7.520,13.107
KKFLN,1285,7.520,13.107
KKFLN,1286,7.521,13.108
KKFLN,1287,7.521,13.109
KKFLN,1288,7.521,13.109
KKFLN,1289,7.522,13.110
KKFLN,1290,7.522,13.110
KKFLN,1291,7.522,13.111
KKFLN,1292,7.523,13.111
KKFLN,1293,7.523,13.112
KKFLN,1294,7.523,13.112
KKFLN,1295,7.523,13.113
KKFLN,1296,7.524,13.114
KKFLN,1297,7.524,13.114
KKFLN,1298,7.524,13.115
KKFLN,1299,7.525,13.115
KKFLN,1300,7.525,13.116
KKFLN,1301,7.525,13.116
KKFLN,1302,7.526,13.117
KKFLN,1303,7.526,13.118
KKFLN,1304,7.526,13.118
KKFLN,1305,7.527,13.119
KKFLN,1306,7.527,13.119
KKFLN,1307,7.527,13.120
KKFLN,1308,7.528,13.120
KKFLN,1309,7.528,13.121
KKFLN,1310,7.528,13.121
KKFLN,1311,7.529,13.122
KKFLN,1312,7.529,13.123
KKFLN,1313,7.529,13.123
KKFLN,1314,7.530,13.124
KKFLN,1315,7.530,13.124
KKFLN,1316,7.530,13.125
KKFLN,1317,7.531,13.125
KKFLN,1318,7.531,13.126
KKFLN,1319,7.531,13.127
KKFLN,1320,7.532,13.127
KKFLN,1321,7.532,13.128
KKFLN,1322,7.532,13.128
KKFLN,1323,7.533,13.129
KKFLN,1324,7.533,13.129
KKFLN,1325,7.533,13.130
KKFLN,1326,7.533,13.131
KKFLN,1327,7.534,13.131
KKFLN,1328,7.534,13.132
KKFLN,1329,7.534,13.132
KKFLN,1330,7.535,13.133
KKFLN,1331,7.535,13.133
KKFLN,1332,7.535,13.134
KKFLN,1333,7.536,13.135
KKFLN,1334,7.536,13.135
KKFLN,1335,7.536,13.136
KKFLN,1336,7.537,13.136
KKFLN,1337,7.537,13.137
KKFLN,1338,7.537,13.137
KKFLN,1339,7.538,13.138
KKFLN,1340,7.538,13.139
KKFLN,1341,7.538,13.139
KKFLN,1342,7.539,13.140
KKFLN,1343,7.539,13.140
KKFLN,1344,7.539,13.141
KKFLN,1345,7.540,13.142
KKFLN,1346,7.540,13.142
KKFLN,1347,7.540,13.143
KKFLN,1348,7.541,13.143
KKFLN,1349,7.541,13.144
KKFLN,1350,7.541,13.144
KKFLN,1351,7.542,13.145
KKFLN,1352,7.542,13.146
KKFLN,1353,7.542,13.146
KKFLN,1354,7.543,13.147
KKFLN,1355,7.543,13.147
KKFLN,1356,7.543,13.148
KKFLN,1357,7.544,13.149
KKFLN,1358,7.544,13.149
KKFLN,1359,7.544,13.150
KKFLN,1360,7.545,13.150
KKFLN,1361,7.545,13.151
KKFLN,1362,7.545,13.151
KKFLN,1363,7.546,13.152
KKFLN,1364,7.546,13.153
KKFLN,1365,7.546,13.153
KKFLN,1366,7.547,13.154
KKFLN,1367,7.547,13.154
KKFLN,1368,7.547,13.155
KKFLN,1369,7.548,13.156
KKFLN,1370,7.548,13.156
KKFLN,1371,7.548,13.157
KKFLN,1372,7.549,13.157
KKFLN,1373,7.549,13.158
KKFLN,1374,7.549,13.159
KKFLN,1375,7.550,13.159
KKFLN,1376,7.550,13.160
KKFLN,1377,7.550,13.160
KKFLN,1378,7.551,13.161
KKFLN,1379,7.551,13.162
KKFLN,1380,7.552,13.162
KKFLN,1381,7.552,13.163
KKFLN,1382,7.552,13.163
KKFLN,1383,7.553,13.164
KKFLN,1384,7.553,13.165
KKFLN,1385,7.553,13.165
KKFLN,1386,7.554,13.166
KKFLN,1387,7.554,13.166
KKFLN,1388,7.554,13.167
KKFLN,1389,7.555,13.168
KKFLN,1390,7.555,13.168
KKFLN,1391,7.555,13.169
KKFLN,1392,7.556,13.169
KKFLN,1393,7.556,13.170
KKFLN,1394,7.556,13.171
KKFLN,1395,7.557,13.171
KKFLN,1396,7.557,13.172
KKFLN,1397,7.557,13.172
KKFLN,1398,7.558,13.173
KKFLN,1399,7.558,13.174
KKFLN,1400,7.558,13.174
KKFLN,1401,7.559,13.175
KKFLN,1402,7.559,13.175
KKFLN,1403,7.559,13.176
KKFLN,1404,7.560,13.177
KKFLN,1405,7.560,13.177
KKFLN,1406,7.560,13.178
KKFLN,1407,7.561,13.178
KKFLN,1408,7.561,13.179
KKFLN,1409,7.562,13.180
KKFLN,1410,7.562,13.180
KKFLN,1411,7.562,13.181
KKFLN,1412,7.563,13.181
KKFLN,1413,7.563,13.182
KKFLN,1414,7.563,13.183
KKFLN,1415,7.564,13.183
KKFLN,1416,7.564,13.184
KKFLN,1417,7.564,13.185
KKFLN,1418,7.565,13.185
KKFLN,1419,7.565,13.186
KKFLN,1420,7.565,13.186
KKFLN,1421,7.566,13.187
KKFLN,1422,7.566,13.188
KKFLN,1423,7.566,13.188
KKFLN,1424,7.567,13.189
KKFLN,1425,7.567,13.189
KKFLN,1426,7.567,13.190
KKFLN,1427,7.568,13.191
KKFLN,1428,7.568,13.191
KKFLN,1429,7.569,13.192
KKFLN,1430,7.569,13.193
KKFLN,1431,7.569,13.193
KKFLN,1432,7.570,13.194
KKFLN,1433,7.570,13.194
KKFLN,1434,7.570,13.195
KKFLN,1435,7.571,13.196
KKFLN,1436,7.571,13.196
KKFLN,1437,7.571,13.197
KKFLN,1438,7.572,13.198
KKFLN,1439,7.572,13.198
KKFLN,1440,7.572,13.199
KKFLN,1441,7.573,13.199
KKFLN,1442,7.573,13.200
KKFLN,1443,7.574,13.201
KKFLN,1444,7.574,13.201
KKFLN,1445,7.574,13.202
KKFLN,1446,7.575,13.203
KKFLN,1447,7.575,13.203
KKFLN,1448,7.575,13.204
KKFLN,1449,7.576,13.204
KKFLN,1450,7.576,13.205
KKFLN,1451,7.576,13.206
KKFLN,1452,7.577,13.206
KKFLN,1453,7.577,13.207
KKFLN,1454,7.577,13.208
KKFLN,1455,7.578,13.208
KKFLN,1456,7.578,13.209
KKFLN,1457,7.579,13.210
KKFLN,1458,7.579,13.210
KKFLN,1459,7.579,13.211
KKFLN,1460,7.580,13.211
KKFLN,1461,7.580,13.212
KKFLN,1462,7.580,13.213
KKFLN,1463,7.581,13.213
KKFLN,1464,7.581,13.214
KKFLN,1465,7.581,13.215
KKFLN,1466,7.582,13.215
KKFLN,1467,7.582,13.216
KKFLN,1468,7.583,13.217
KKFLN,1469,7.583,13.217
KKFLN,1470,7.583,13.218
KKFLN,1471,7.584,13.218
KKFLN,1472,7.584,13.219
KKFLN,1473,7.584,13.220
KKFLN,1474,7.585,13.220
KKFLN,1475,7.585,13.221
KKFLN,1476,7.585,13.222
KKFLN,1477,7.586,13.222
KKFLN,1478,7.586,13.223
KKFLN,1479,7.587,13.224
KKFLN,1480,7.587,13.224
KKFLN,1481,7.587,13.225
KKFLN,1482,7.588,13.225
KKFLN,1483,7.588,13.226
KKFLN,1484,7.588,13.227
KKFLN,1485,7.589,13.227
KKFLN,1486,7.589,13.228
KKFLN,1487,7.590,13.229
KKFLN,1488,7.590,13.229
KKFLN,1489,7.590,13.230
KKFLN,1490,7.591,13.231
KKFLN,1491,7.591,13.231
KKFLN,1492,7.591,13.232
KKFLN,1493,7.592,13.233
KKFLN,1494,7.592,13.233
KKFLN,1495,7.593,13.234
KKFLN,1496,7.593,13.235
KKFLN,1497,7.593,13.235
KKFLN,1498,7.594,13.236
KKFLN,1499,7.594,13.237
KKFLN,1500,7.594,13.237
KKFLN,1501,7.595,13.238
KKFLN,1502,7.595,13.238
KKFLN,1503,7.595,13.239
KKFLN,1504,7.596,13.240
KKFLN,1505,7.596,13.240
KKFLN,1506,7.597,13.241
KKFLN,1507,7.597,13.242
KKFLN,1508,7.597,13.242
KKFLN,1509,7.598,13.243
KKFLN,1510,7.598,13.244
KKFLN,1511,7.598,13.244
KKFLN,1512,7.599,13.245
KKFLN,1513,7.599,13.246
KKFLN,1514,7.600,13.246
KKFLN,1515,7.600,13.247
KKFLN,1516,7.600,13.248
KKFLN,1517,7.601,13.248
KKFLN,1518,7.601,13.249
KKFLN,1519,7.601,13.250
KKFLN,1520,7.602,13.250
KKFLN,1521,7.602,13.251
KKFLN,1522,7.603,13.252
KKFLN,1523,7.603,13.252
KKFLN,1524,7.603,13.253
KKFLN,1525,7.604,13.254
KKFLN,1526,7.604,13.254
KKFLN,1527,7.605,13.255
KKFLN,1528,7.605,13.256
KKFLN,1529,7.605,13.256
KKFLN,1530,7.606,13.257
KKFLN,1531,7.606,13.258
KKFLN,1532,7.606,13.258
KKFLN,1533,7.607,13.259
KKFLN,1534,7.607,13.260
KKFLN,1535,7.608,13.260
KKFLN,1536,7.608,13.261
KKFLN,1537,7.608,13.262
KKFLN,1538,7.609,13.262
KKFLN,1539,7.609,13.263
KKFLN,1540,7.609,13.264
KKFLN,1541,7.610,13.264
KKFLN,1542,7.610,13.265
KKFLN,1543,7.611,13.266
KKFLN,1544,7.611,13.266
KKFLN,1545,7.611,13.267
KKFLN,1546,7.612,13.268
KKFLN,1547,7.612,13.268
KKFLN,1548,7.613,13.269
KKFLN,1549,7.613,13.270
KKFLN,1550,7.613,13.270
KKFLN,1551,7.614,13.271
KKFLN,1552,7.614,13.272
KKFLN,1553,7.614,13.272
KKFLN,1554,7.615,13.273
KKFLN,1555,7.615,13.274
KKFLN,1556,7.616,13.274
KKFLN,1557,7.616,13.275
KKFLN,1558,7.616,13.276
KKFLN,1559,7.617,13.276
KKFLN,1560,7.617,13.277
KKFLN,1561,7.618,13.278
KKFLN,1562,7.618,13.278
KKFLN,1563,7.618,13.279
KKFLN,1564,7.619,13.280
KKFLN,1565,7.619,13.281
KKFLN,1566,7.620,13.281
KKFLN,1567,7.620,13.282
KKFLN,1568,7.620,13.283
KKFLN,1569,7.621,13.283
KKFLN,1570,7.621,13.284
KKFLN,1571,7.621,13.285
KKFLN,1572,7.622,13.285
KKFLN,1573,7.622,13.286
KKFLN,1574,7.623,13.287
KKFLN,1575,7.623,13.287
KKFLN,1576,7.623,13.288
KKFLN,1577,7.624,13.289
KKFLN,1578,7.624,13.289
KKFLN,1579,7.625,13.290
KKFLN,1580,7.625,13.291
KKFLN,1581,7.625,13.291
KKFLN,1582,7.626,13.292
KKFLN,1583,7.626,13.293
KKFLN,1584,7.627,13.294
KKFLN,1585,7.627,13.294
KKFLN,1586,7.627,13.295
KKFLN,1587,7.628,13.296
KKFLN,1588,7.628,13.296
KKFLN,1589,7.629,13.297
KKFLN,1590,7.629,13.298
KKFLN,1591,7.629,13.298
KKFLN,1592,7.630,13.299
KKFLN,1593,7.630,13.300
KKFLN,1594,7.631,13.300
KKFLN,1595,7.631,13.301
KKFLN,1596,7.631,13.302
KKFLN,1597,7.632,13.303
KKFLN,1598,7.632,13.303
KKFLN,1599,7.633,13.304
KKFLN,1600,7.633,13.305
KKFLN,1601,7.633,13.305
KKFLN,1602,7.634,13.306
KKFLN,1603,7.634,13.307
KKFLN,1604,7.635,13.307
KKFLN,1605,7.635,13.308
KKFLN,1606,7.635,13.309
KKFLN,1607,7.636,13.310
KKFLN,1608,7.636,13.310
KKFLN,1609,7.637,13.311
KKFLN,1610,7.637,13.312
KKFLN,1611,7.637,13.312
KKFLN,1612,7.638,13.313
KKFLN,1613,7.638,13.314
KKFLN,1614,7.639,13.314
KKFLN,1615,7.639,13.315
KKFLN,1616,7.639,13.316
KKFLN,1617,7.640,13.317
KKFLN,1618,7.640,13.317
KKFLN,1619,7.641,13.318
KKFLN,1620,7.641,13.319
KKFLN,1621,7.641,13.319
KKFLN,1622,7.642,13.320
KKFLN,1623,7.642,13.321
KKFLN,1624,7.643,13.322
KKFLN,1625,7.643,13.322
KKFLN,1626,7.643,13.323
KKFLN,1627,7.644,13.324
KKFLN,1628,7.644,13.324
KKFLN,1629,7.645,13.325
KKFLN,1630,7.645,13.326
KKFLN,1631,7.645,13.327
KKFLN,1632,7.646,13.327
KKFLN,1633,7.646,13.328
KKFLN,1634,7.647,13.329
KKFLN,1635,7.647,13.329
KKFLN,1636,7.647,13.330
KKFLN,1637,7.648,13.331
KKFLN,1638,7.648,13.332
KKFLN,1639,7.649,13.332
KKFLN,1640,7.649,13.333
KKFLN,1641,7.649,13.334
KKFLN,1642,7.650,13.334
KKFLN,1643,7.650,13.335
KKFLN,1644,7.651,13.336
KKFLN,1645,7.651,13.337
KKFLN,1646,7.652,13.337
KKFLN,1647,7.652,13.338
KKFLN,1648,7.652,13.339
KKFLN,1649,7.653,13.339
KKFLN,1650,7.653,13.340
KKFLN,1651,7.654,13.341
KKFLN,1652,7.654,13.342
KKFLN,1653,7.654,13.342
KKFLN,1654,7.655,13.343
KKFLN,1655,7.655,13.344
KKFLN,1656,7.656,13.344
KKFLN,1657,7.656,13.345
KKFLN,1658,7.656,13.346
KKFLN,1659,7.657,13.347
KKFLN,1660,7.657,13.347
KKFLN,1661,7.658,13.348
KKFLN,1662,7.658,13.349
KKFLN,1663,7.659,13.350
KKFLN,1664,7.659,13.350
KKFLN,1665,7.659,13.351
KKFLN,1666,7.660,13.352
KKFLN,1667,7.660,13.352
KKFLN,1668,7.661,13.353
KKFLN,1669,7.661,13.354
KKFLN,1670,7.661,13.355
KKFLN,1671,7.662,13.355
KKFLN,1672,7.662,13.356
KKFLN,1673,7.663,13.357
KKFLN,1674,7.663,13.358
KKFLN,1675,7.664,13.358
KKFLN,1676,7.664,13.359
KKFLN,1677,7.664,13.360
KKFLN,1678,7.665,13.360
KKFLN,1679,7.665,13.361
KKFLN,1680,7.666,13.362
KKFLN,1681,7.666,13.363
KKFLN,1682,7.666,13.363
KKFLN,1683,7.667,13.364
KKFLN,1684,7.667,13.365
KKFLN,1685,7.668,13.366
KKFLN,1686,7.668,13.366
KKFLN,1687,7.669,13.367
KKFLN,1688,7.669,13.368
KKFLN,1689,7.669,13.369
KKFLN,1690,7.670,13.369
KKFLN,1691,7.670,13.370
KKFLN,1692,7.671,13.371
KKFLN,1693,7.671,13.371
KKFLN,1694,7.671,13.372
KKFLN,1695,7.672,13.373
KKFLN,1696,7.672,13.374
KKFLN,1697,7.673,13.374
KKFLN,1698,7.673,13.375
KKFLN,1699,7.674,13.376
KKFLN,1700,7.674,13.377
KKFLN,1701,7.674,13.377
KKFLN,1702,7.675,13.378
KKFLN,1703,7.675,13.379
KKFLN,1704,7.676,13.380
KKFLN,1705,7.676,13.380
KKFLN,1706,7.677,13.381
KKFLN,1707,7.677,13.382
KKFLN,1708,7.677,13.383
KKFLN,1709,7.678,13.383
KKFLN,1710,7.678,13.384
KKFLN,1711,7.679,13.385
KKFLN,1712,7.679,13.386
KKFLN,1713,7.680,13.386
KKFLN,1714,7.680,13.387
KKFLN,1715,7.680,13.388
KKFLN,1716,7.681,13.389
KKFLN,1717,7.681,13.389
KKFLN,1718,7.682,13.390
KKFLN,1719,7.682,13.391
KKFLN,1720,7.683,13.392
KKFLN,1721,7.683,13.392
KKFLN,1722,7.683,13.393
KKFLN,1723,7.684,13.394
KKFLN,1724,7.684,13.395
KKFLN,1725,7.685,13.395
KKFLN,1726,7.685,13.396
KKFLN,1727,7.686,13.397
KKFLN,1728,7.686,13.398
KKFLN,1729,7.686,13.398
KKFLN,1730,7.687,13.399
KKFLN,1731,7.687,13.400
KKFLN,1732,7.688,13.401
KKFLN,1733,7.688,13.401
KKFLN,1734,7.689,13.402
KKFLN,1735,7.689,13.403
KKFLN,1736,7.689,13.404
KKFLN,1737,7.690,13.404
KKFLN,1738,7.690,13.405
KKFLN,1739,7.691,13.406
KKFLN,1740,7.691,13.407
KKFLN,1741,7.692,13.407
KKFLN,1742,7.692,13.408
KKFLN,1743,7.692,13.409
KKFLN,1744,7.693,13.410
KKFLN,1745,7.693,13.410
KKFLN,1746,7.694,13.411
KKFLN,1747,7.694,13.412
KKFLN,1748,7.695,13.413
KKFLN,1749,7.695,13.414
KKFLN,1750,7.696,13.414
KKFLN,1751,7.696,13.415
KKFLN,1752,7.696,13.416
KKFLN,1753,7.697,13.417
KKFLN,1754,7.697,13.417
KKFLN,1755,7.698,13.418
KKFLN,1756,7.698,13.419
KKFLN,1757,7.699,13.420
KKFLN,1758,7.699,13.420
KKFLN,1759,7.699,13.421
KKFLN,1760,7.700,13.422
KKFLN,1761,7.700,13.423
KKFLN,1762,7.701,13.424
KKFLN,1763,7.701,13.424
KKFLN,1764,7.702,13.425
KKFLN,1765,7.702,13.426
KKFLN,1766,7.703,13.427
KKFLN,1767,7.703,13.427
KKFLN,1768,7.703,13.428
KKFLN,1769,7.704,13.429
KKFLN,1770,7.704,13.430
KKFLN,1771,7.705,13.430
KKFLN,1772,7.705,13.431
KKFLN,1773,7.706,13.432
KKFLN,1774,7.706,13.433
KKFLN,1775,7.706,13.434
KKFLN,1776,7.707,13.434
KKFLN,1777,7.707,13.435
KKFLN,1778,7.708,13.436
KKFLN,1779,7.708,13.437
KKFLN,1780,7.709,13.437
KKFLN,1781,7.709,13.438
KKFLN,1782,7.710,13.439
KKFLN,1783,7.710,13.440
KKFLN,1784,7.710,13.441
KKFLN,1785,7.711,13.441
KKFLN,1786,7.711,13.442
KKFLN,1787,7.712,13.443
KKFLN,1788,7.712,13.444
KKFLN,1789,7.713,13.444
KKFLN,1790,7.713,13.445
KKFLN,1791,7.714,13.446
KKFLN,1792,7.714,13.447
KKFLN,1793,7.714,13.448
KKFLN,1794,7.715,13.448
KKFLN,1795,7.715,13.449
KKFLN,1796,7.716,13.450
KKFLN,1797,7.716,13.451
KKFLN,1798,7.717,13.451
KKFLN,1799,7.717,13.452
KKFLN,1800,7.718,13.453
KKFLN,1801,7.718,13.454
KKFLN,1802,7.719,13.455
KKFLN,1803,7.719,13.455
KKFLN,1804,7.719,13.456
KKFLN,1805,7.720,13.457
KKFLN,1806,7.720,13.458
KKFLN,1807,7.721,13.459
KKFLN,1808,7.721,13.459
KKFLN,1809,7.722,13.460
KKFLN,1810,7.722,13.461
KKFLN,1811,7.723,13.462
KKFLN,1812,7.723,13.462
KKFLN,1813,7.723,13.463
KKFLN,1814,7.724,13.464
KKFLN,1815,7.724,13.465
KKFLN,1816,7.725,13.466
KKFLN,1817,7.725,13.466
KKFLN,1818,7.726,13.467
KKFLN,1819,7.726,13.468
KKFLN,1820,7.727,13.469
KKFLN,1821,7.727,13.470
KKFLN,1822,7.728,13.470
KKFLN,1823,7.728,13.471
KKFLN,1824,7.728,13.472
KKFLN,1825,7.729,13.473
KKFLN,1826,7.729,13.474
KKFLN,1827,7.730,13.474
KKFLN,1828,7.730,13.475
KKFLN,1829,7.731,13.476
KKFLN,1830,7.731,13.477
KKFLN,1831,7.732,13.478
KKFLN,1832,7.732,13.478
KKFLN,1833,7.733,13.479
KKFLN,1834,7.733,13.480
KKFLN,1835,7.733,13.481
KKFLN,1836,7.734,13.482
KKFLN,1837,7.734,13.482
KKFLN,1838,7.735,13.483
KKFLN,1839,7.735,13.484
KKFLN,1840,7.736,13.485
KKFLN,1841,7.736,13.486
KKFLN,1842,7.737,13.486
KKFLN,1843,7.737,13.487
KKFLN,1844,7.738,13.488
KKFLN,1845,7.738,13.489
KKFLN,1846,7.739,13.490
KKFLN,1847,7.739,13.490
KKFLN,1848,7.739,13.491
KKFLN,1849,7.740,13.492
KKFLN,1850,7.740,13.493
KKFLN,1851,7.741,13.494
KKFLN,1852,7.741,13.494
KKFLN,1853,7.742,13.495
KKFLN,1854,7.742,13.496
KKFLN,1855,7.743,13.497
KKFLN,1856,7.743,13.498
KKFLN,1857,7.744,13.499
KKFLN,1858,7.744,13.499
KKFLN,1859,7.745,13.500
KKFLN,1860,7.745,13.501
KKFLN,1861,7.745,13.502
KKFLN,1862,7.746,13.503
KKFLN,1863,7.746,13.503
KKFLN,1864,7.747,13.504
KKFLN,1865,7.747,13.505
KKFLN,1866,7.748,13.506
KKFLN,1867,7.748,13.507
KKFLN,1868,7.749,13.507
KKFLN,1869,7.749,13.508
KKFLN,1870,7.750,13.509
KKFLN,1871,7.750,13.510
KKFLN,1872,7.751,13.511
KKFLN,1873,7.751,13.512
KKFLN,1874,7.751,13.512
KKFLN,1875,7.752,13.513
KKFLN,1876,7.752,13.514
KKFLN,1877,7.753,13.515
KKFLN,1878,7.753,13.516
KKFLN,1879,7.754,13.516
KKFLN,1880,7.754,13.517
KKFLN,1881,7.755,13.518
KKFLN,1882,7.755,13.519
KKFLN,1883,7.756,13.520
KKFLN,1884,7.756,13.521
KKFLN,1885,7.757,13.521
KKFLN,1886,7.757,13.522
KKFLN,1887,7.758,13.523
KKFLN,1888,7.758,13.524
KKFLN,1889,7.758,13.525
KKFLN,1890,7.759,13.525
KKFLN,1891,7.759,13.526
KKFLN,1892,7.760,13.527
KKFLN,1893,7.760,13.528
KKFLN,1894,7.761,13.529
KKFLN,1895,7.761,13.530
KKFLN,1896,7.762,13.530
KKFLN,1897,7.762,13.531
KKFLN,1898,7.763,13.532
KKFLN,1899,7.763,13.533
KKFLN,1900,7.764,13.534
KKFLN,1901,7.764,13.535
KKFLN,1902,7.765,13.535
KKFLN,1903,7.765,13.536
KKFLN,1904,7.766,13.537
KKFLN,1905,7.766,13.538
KKFLN,1906,7.767,13.539
KKFLN,1907,7.767,13.540
KKFLN,1908,7.767,13.540
KKFLN,1909,7.768,13.541
KKFLN,1910,7.768,13.542
KKFLN,1911,7.769,13.543
KKFLN,1912,7.769,13.544
KKFLN,1913,7.770,13.545
KKFLN,1914,7.770,13.545
KKFLN,1915,7.771,13.546
KKFLN,1916,7.771,13.547
KKFLN,1917,7.772,13.548
KKFLN,1918,7.772,13.549
KKFLN,1919,7.773,13.550
KKFLN,1920,7.773,13.550
KKFLN,1921,7.774,13.551
KKFLN,1922,7.774,13.552
KKFLN,1923,7.775,13.553
KKFLN,1924,7.775,13.554
KKFLN,1925,7.776,13.555
KKFLN,1926,7.776,13.555
KKFLN,1927,7.777,13.556
KKFLN,1928,7.777,13.557
KKFLN,1929,7.777,13.558
KKFLN,1930,7.778,13.559
KKFLN,1931,7.778,13.560
KKFLN,1932,7.779,13.560
KKFLN,1933,7.779,13.561
KKFLN,1934,7.780,13.562
KKFLN,1935,7.780,13.563
KKFLN,1936,7.781,13.564
KKFLN,1937,7.781,13.565
KKFLN,1938,7.782,13.566
KKFLN,1939,7.782,13.566
KKFLN,1940,7.783,13.567
KKFLN,1941,7.783,13.568
KKFLN,1942,7.784,13.569
KKFLN,1943,7.784,13.570
KKFLN,1944,7.785,13.571
KKFLN,1945,7.785,13.571
KKFLN,1946,7.786,13.572
KKFLN,1947,7.786,13.573
KKFLN,1948,7.787,13.574
KKFLN,1949,7.787,13.575
KKFLN,1950,7.788,13.576
KKFLN,1951,7.788,13.577
KKFLN,1952,7.789,13.577
KKFLN,1953,7.789,13.578
KKFLN,1954,7.790,13.579
KKFLN,1955,7.790,13.580
KKFLN,1956,7.791,13.581
KKFLN,1957,7.791,13.582
KKFLN,1958,7.792,13.582
KKFLN,1959,7.792,13.583
KKFLN,1960,7.792,13.584
KKFLN,1961,7.793,13.585
KKFLN,1962,7.793,13.586
KKFLN,1963,7.794,13.587
KKFLN,1964,7.794,13.588
KKFLN,1965,7.795,13.588
KKFLN,1966,7.795,13.589
KKFLN,1967,7.796,13.590
KKFLN,1968,7.796,13.591
KKFLN,1969,7.797,13.592
KKFLN,1970,7.797,13.593
KKFLN,1971,7.798,13.594
KKFLN,1972,7.798,13.594
KKFLN,1973,7.799,13.595
KKFLN,1974,7.799,13.596
KKFLN,1975,7.800,13.597
KKFLN,1976,7.800,13.598
KKFLN,1977,7.801,13.599
KKFLN,1978,7.801,13.600
KKFLN,1979,7.802,13.600
KKFLN,1980,7.802,13.601
KKFLN,1981,7.803,13.602
KKFLN,1982,7.803,13.603
KKFLN,1983,7.804,13.604
KKFLN,1984,7.804,13.605
KKFLN,1985,7.805,13.606
KKFLN,1986,7.805,13.607
KKFLN,1987,7.806,13.607
KKFLN,1988,7.806,13.608
KKFLN,1989,7.807,13.609
KKFLN,1990,7.807,13.610
KKFLN,1991,7.808,13.611
KKFLN,1992,7.808,13.612
KKFLN,1993,7.809,13.613
KKFLN,1994,7.809,13.613
KKFLN,1995,7.810,13.614
KKFLN,1996,7.810,13.615
KKFLN,1997,7.811,13.616
KKFLN,1998,7.811,13.617
KKFLN,1999,7.812,13.618
KKFLN,2000,7.812,13.619
KKFLN,2001,7.813,13.620
KKFLN,2002,7.813,13.620
KKFLN,2003,7.814,13.621
KKFLN,2004,7.814,13.622
KKFLN,2005,7.815,13.623
KKFLN,2006,7.815,13.624
KKFLN,2007,7.816,13.625
KKFLN,2008,7.816,13.626
KKFLN,2009,7.817,13.626
KKFLN,2010,7.817,13.627
KKFLN,2011,7.818,13.628
KKFLN,2012,7.818,13.629
KKFLN,2013,7.819,13.630
KKFLN,2014,7.819,13.631
KKFLN,2015,7.820,13.632
KKFLN,2016,7.820,13.633
KKFLN,2017,7.821,13.633
KKFLN,2018,7.821,13.634
KKFLN,2019,7.822,13.635
KKFLN,2020,7.822,13.636
KKFLN,2021,7.823,13.637
KKFLN,2022,7.823,13.638
KKFLN,2023,7.824,13.639
KKFLN,2024,7.824,13.640
KKFLN,2025,7.825,13.641
KKFLN,2026,7.825,13.641
KKFLN,2027,7.826,13.642
KKFLN,2028,7.826,13.643
KKFLN,2029,7.827,13.644
KKFLN,2030,7.827,13.645
KKFLN,2031,7.828,13.646
KKFLN,2032,7.828,13.647
KKFLN,2033,7.829,13.648
KKFLN,2034,7.829,13.648
KKFLN,2035,7.830,13.649
KKFLN,2036,7.830,13.650
KKFLN,2037,7.831,13.651
KKFLN,2038,7.831,13.652
KKFLN,2039,7.832,13.653
KKFLN,2040,7.832,13.654
KKFLN,2041,7.833,13.655
KKFLN,2042,7.833,13.656
KKFLN,2043,7.834,13.656
KKFLN,2044,7.834,13.657
KKFLN,2045,7.835,13.658
KKFLN,2046,7.835,13.659
KKFLN,2047,7.836,13.660
KKFLN,2048,7.836,13.661
KKFLN,2049,7.837,13.662
KKFLN,2050,7.837,13.663
KKFLN,2051,7.838,13.664
KKFLN,2052,7.838,13.664
KKFLN,2053,7.839,13.665
KKFLN,2054,7.839,13.666
KKFLN,2055,7.840,13.667
KKFLN,2056,7.840,13.668
KKFLN,2057,7.841,13.669
KKFLN,2058,7.841,13.670
KKFLN,2059,7.842,13.671
KKFLN,2060,7.842,13.672
KKFLN,2061,7.843,13.672
KKFLN,2062,7.843,13.673
KKFLN,2063,7.844,13.674
KKFLN,2064,7.844,13.675
KKFLN,2065,7.845,13.676
KKFLN,2066,7.845,13.677
KKFLN,2067,7.846,13.678
KKFLN,2068,7.846,13.679
KKFLN,2069,7.847,13.680
KKFLN,2070,7.847,13.681
KKFLN,2071,7.848,13.681
KKFLN,2072,7.849,13.682
KKFLN,2073,7.849,13.683
KKFLN,2074,7.850,13.684
KKFLN,2075,7.850,13.685
KKFLN,2076,7.851,13.686
KKFLN,2077,7.851,13.687
KKFLN,2078,7.852,13.688
KKFLN,2079,7.852,13.689
KKFLN,2080,7.853,13.690
KKFLN,2081,7.853,13.690
KKFLN,2082,7.854,13.691
KKFLN,2083,7.854,13.692
KKFLN,2084,7.855,13.693
KKFLN,2085,7.855,13.694
KKFLN,2086,7.856,13.695
KKFLN,2087,7.856,13.696
KKFLN,2088,7.857,13.697
KKFLN,2089,7.857,13.698
KKFLN,2090,7.858,13.699
KKFLN,2091,7.858,13.700
KKFLN,2092,7.859,13.700
KKFLN,2093,7.859,13.701
KKFLN,2094,7.860,13.702
KKFLN,2095,7.860,13.703
KKFLN,2096,7.861,13.704
KKFLN,2097,7.861,13.705
KKFLN,2098,7.862,13.706
KKFLN,2099,7.862,13.707
KKFLN,2100,7.863,13.708
KKFLN,2101,7.864,13.709
KKFLN,2102,7.864,13.710
KKFLN,2103,7.865,13.710
KKFLN,2104,7.865,13.711
KKFLN,2105,7.866,13.712
KKFLN,2106,7.866,13.713
KKFLN,2107,7.867,13.714
KKFLN,2108,7.867,13.715
KKFLN,2109,7.868,13.716
KKFLN,2110,7.868,13.717
KKFLN,2111,7.869,13.718
KKFLN,2112,7.869,13.719
KKFLN,2113,7.870,13.720
KKFLN,2114,7.870,13.721
KKFLN,2115,7.871,13.721
KKFLN,2116,7.871,13.722
KKFLN,2117,7.872,13.723
KKFLN,2118,7.872,13.724
KKFLN,2119,7.873,13.725
KKFLN,2120,7.873,13.726
KKFLN,2121,7.874,13.727
KKFLN,2122,7.874,13.728
KKFLN,2123,7.875,13.729
KKFLN,2124,7.876,13.730
KKFLN,2125,7.876,13.731
KKFLN,2126,7.877,13.732
KKFLN,2127,7.877,13.732
KKFLN,2128,7.878,13.733
KKFLN,2129,7.878,13.734
KKFLN,2130,7.879,13.735
KKFLN,2131,7.879,13.736
KKFLN,2132,7.880,13.737
KKFLN,2133,7.880,13.738
KKFLN,2134,7.881,13.739
KKFLN,2135,7.881,13.740
KKFLN,2136,7.882,13.741
KKFLN,2137,7.882,13.742
KKFLN,2138,7.883,13.743
KKFLN,2139,7.883,13.744
KKFLN,2140,7.884,13.744
KKFLN,2141,7.884,13.745
KKFLN,2142,7.885,13.746
KKFLN,2143,7.886,13.747
KKFLN,2144,7.886,13.748
KKFLN,2145,7.887,13.749
KKFLN,2146,7.887,13.750
KKFLN,2147,7.888,13.751
KKFLN,2148,7.888,13.752
KKFLN,2149,7.889,13.753
KKFLN,2150,7.889,13.754
KKFLN,2151,7.890,13.755
KKFLN,2152,7.890,13.756
KKFLN,2153,7.891,13.757
KKFLN,2154,7.891,13.757
KKFLN,2155,7.892,13.758
KKFLN,2156,7.892,13.759
KKFLN,2157,7.893,13.760
KKFLN,2158,7.894,13.761
KKFLN,2159,7.894,13.762
KKFLN,2160,7.895,13.763
KKFLN,2161,7.895,13.764
KKFLN,2162,7.896,13.765
KKFLN,2163,7.896,13.766
KKFLN,2164,7.897,13.767
KKFLN,2165,7.897,13.768
KKFLN,2166,7.898,13.769
KKFLN,2167,7.898,13.770
KKFLN,2168,7.899,13.771
KKFLN,2169,7.899,13.772
KKFLN,2170,7.900,13.772
KKFLN,2171,7.900,13.773
KKFLN,2172,7.901,13.774
KKFLN,2173,7.902,13.775
KKFLN,2174,7.902,13.776
KKFLN,2175,7.903,13.777
KKFLN,2176,7.903,13.778
KKFLN,2177,7.904,13.779
KKFLN,2178,7.904,13.780
KKFLN,2179,7.905,13.781
KKFLN,2180,7.905,13.782
KKFLN,2181,7.906,13.783
KKFLN,2182,7.906,13.784
KKFLN,2183,7.907,13.785
KKFLN,2184,7.907,13.786
KKFLN,2185,7.908,13.787
KKFLN,2186,7.909,13.788
KKFLN,2187,7.909,13.788
KKFLN,2188,7.910,13.789
KKFLN,2189,7.910,13.790
KKFLN,2190,7.911,13.791
KKFLN,2191,7.911,13.792
KKFLN,2192,7.912,13.793
KKFLN,2193,7.912,13.794
KKFLN,2194,7.913,13.795
KKFLN,2195,7.913,13.796
KKFLN,2196,7.914,13.797
KKFLN,2197,7.914,13.798
KKFLN,2198,7.915,13.799
KKFLN,2199,7.916,13.800
KKFLN,2200,7.916,13.801
KKFLN,2201,7.917,13.802
KKFLN,2202,7.917,13.803
KKFLN,2203,7.918,13.804
KKFLN,2204,7.918,13.805
KKFLN,2205,7.919,13.806
KKFLN,2206,7.919,13.807
KKFLN,2207,7.920,13.807
KKFLN,2208,7.920,13.808
KKFLN,2209,7.921,13.809
KKFLN,2210,7.922,13.810
KKFLN,2211,7.922,13.811
KKFLN,2212,7.923,13.812
KKFLN,2213,7.923,13.813
KKFLN,2214,7.924,13.814
KKFLN,2215,7.924,13.815
KKFLN,2216,7.925,13.816
KKFLN,2217,7.925,13.817
KKFLN,2218,7.926,13.818
KKFLN,2219,7.926,13.819
KKFLN,2220,7.927,13.820
KKFLN,2221,7.928,13.821
KKFLN,2222,7.928,13.822
KKFLN,2223,7.929,13.823
KKFLN,2224,7.929,13.824
KKFLN,2225,7.930,13.825
KKFLN,2226,7.930,13.826
KKFLN,2227,7.931,13.827
KKFLN,2228,7.931,13.828
KKFLN,2229,7.932,13.829
KKFLN,2230,7.933,13.830
KKFLN,2231,7.933,13.830
KKFLN,2232,7.934,13.831
KKFLN,2233,7.934,13.832
KKFLN,2234,7.935,13.833
KKFLN,2235,7.935,13.834
KKFLN,2236,7.936,13.835
KKFLN,2237,7.936,13.836
KKFLN,2238,7.937,13.837
KKFLN,2239,7.937,13.838
KKFLN,2240,7.938,13.839
KKFLN,2241,7.939,13.840
KKFLN,2242,7.939,13.841
KKFLN,2243,7.940,13.842
KKFLN,2244,7.940,13.843
KKFLN,2245,7.941,13.844
KKFLN,2246,7.941,13.845
KKFLN,2247,7.942,13.846
KKFLN,2248,7.942,13.847
KKFLN,2249,7.943,13.848
KKFLN,2250,7.943,13.849
KKFLN,2251,7.944,13.850
KKFLN,2252,7.945,13.851
KKFLN,2253,7.945,13.852
KKFLN,2254,7.946,13.853
KKFLN,2255,7.946,13.854
KKFLN,2256,7.947,13.854
KKFLN,2257,7.947,13.855
KKFLN,2258,7.948,13.856
KKFLN,2259,7.948,13.857
KKFLN,2260,7.949,13.858
KKFLN,2261,7.949,13.859
KKFLN,2262,7.950,13.860
KKFLN,2263,7.951,13.861
KKFLN,2264,7.951,13.862
KKFLN,2265,7.952,13.863
KKFLN,2266,7.952,13.864
KKFLN,2267,7.953,13.865
KKFLN,2268,7.953,13.866
KKFLN,2269,7.954,13.867
KKFLN,2270,7.954,13.868
KKFLN,2271,7.955,13.869
KKFLN,2272,7.956,13.870
KKFLN,2273,7.956,13.871
KKFLN,2274,7.957,13.872
KKFLN,2275,7.957,13.873
KKFLN,2276,7.958,13.874
KKFLN,2277,7.958,13.875
KKFLN,2278,7.959,13.876
KKFLN,2279,7.959,13.877
KKFLN,2280,7.960,13.878
KKFLN,2281,7.961,13.879
KKFLN,2282,7.961,13.880
KKFLN,2283,7.962,13.881
KKFLN,2284,7.962,13.882
KKFLN,2285,7.963,13.883
KKFLN,2286,7.963,13.884
KKFLN,2287,7.964,13.885
KKFLN,2288,7.964,13.886
KKFLN,2289,7.965,13.887
KKFLN,2290,7.966,13.888
KKFLN,2291,7.966,13.888
KKFLN,2292,7.967,13.889
KKFLN,2293,7.967,13.890
KKFLN,2294,7.968,13.891
KKFLN,2295,7.968,13.892
KKFLN,2296,7.969,13.893
KKFLN,2297,7.969,13.894
KKFLN,2298,7.970,13.895
KKFLN,2299,7.971,13.896
KKFLN,2300,7.971,13.897
KKFLN,2301,7.972,13.898
KKFLN,2302,7.972,13.899
KKFLN,2303,7.973,13.900
KKFLN,2304,7.973,13.901
KKFLN,2305,7.974,13.902
KKFLN,2306,7.975,13.903
KKFLN,2307,7.975,13.904
KKFLN,2308,7.976,13.905
KKFLN,2309,7.976,13.906
KKFLN,2310,7.977,13.907
KKFLN,2311,7.977,13.908
KKFLN,2312,7.978,13.909
KKFLN,2313,7.978,13.910
KKFLN,2314,7.979,13.911
KKFLN,2315,7.980,13.912
KKFLN,2316,7.980,13.913
KKFLN,2317,7.981,13.914
KKFLN,2318,7.981,13.915
KKFLN,2319,7.982,13.916
KKFLN,2320,7.982,13.917
KKFLN,2321,7.983,13.918
KKFLN,2322,7.984,13.919
KKFLN,2323,7.984,13.920
KKFLN,2324,7.985,13.921
KKFLN,2325,7.985,13.922
KKFLN,2326,7.986,13.923
KKFLN,2327,7.986,13.924
KKFLN,2328,7.987,13.925
KKFLN,2329,7.987,13.926
KKFLN,2330,7.988,13.927
KKFLN,2331,7.989,13.928
KKFLN,2332,7.989,13.929
KKFLN,2333,7.990,13.930
KKFLN,2334,7.990,13.931
KKFLN,2335,7.991,13.932
KKFLN,2336,7.991,13.933
KKFLN,2337,7.992,13.934
KKFLN,2338,7.993,13.935
KKFLN,2339,7.993,13.936
KKFLN,2340,7.994,13.937
KKFLN,2341,7.994,13.938
KKFLN,2342,7.995,13.939
KKFLN,2343,7.995,13.940
KKFLN,2344,7.996,13.941
KKFLN,2345,7.997,13.942
KKFLN,2346,7.997,13.943
KKFLN,2347,7.998,13.944
KKFLN,2348,7.998,13.945
KKFLN,2349,7.999,13.946
KKFLN,2350,7.999,13.947
KKFLN,2351,8.000,13.948
KKFLN,2352,8.001,13.949
KKFLN,2353,8.001,13.950
KKFLN,2354,8.002,13.951
KKFLN,2355,8.002,13.952
KKFLN,2356,8.003,13.953
KKFLN,2357,8.004,13.954
KKFLN,2358,8.004,13.955
KKFLN,2359,8.005,13.956
KKFLN,2360,8.005,13.957
KKFLN,2361,8.006,13.959
KKFLN,2362,8.007,13.960
KKFLN,2363,8.007,13.961
KKFLN,2364,8.008,13.962
KKFLN,2365,8.009,13.963
KKFLN,2366,8.009,13.964
KKFLN,2367,8.010,13.965
KKFLN,2368,8.011,13.966
KKFLN,2369,8.011,13.967
KKFLN,2370,8.012,13.968
KKFLN,2371,8.012,13.970
KKFLN,2372,8.013,13.971
KKFLN,2373,8.014,13.972
KKFLN,2374,8.014,13.973
KKFLN,2375,8.015,13.974
KKFLN,2376,8.016,13.975
KKFLN,2377,8.016,13.976
KKFLN,2378,8.017,13.977
KKFLN,2379,8.017,13.978
KKFLN,2380,8.018,13.980
KKFLN,2381,8.019,13.981
KKFLN,2382,8.019,13.982
KKFLN,2383,8.020,13.983
KKFLN,2384,8.021,13.984
KKFLN,2385,8.021,13.985
KKFLN,2386,8.022,13.986
KKFLN,2387,8.023,13.987
KKFLN,2388,8.023,13.988
KKFLN,2389,8.024,13.990
KKFLN,2390,8.024,13.991
KKFLN,2391,8.025,13.992
KKFLN,2392,8.026,13.993
KKFLN,2393,8.026,13.994
KKFLN,2394,8.027,13.995
KKFLN,2395,8.028,13.996
KKFLN,2396,8.028,13.997
KKFLN,2397,8.029,13.998
KKFLN,2398,8.030,14.000
KKFLN,2399,8.030,14.001
KKFLN,2400,8.031,14.002
KKFLN,2401,8.031,14.003
KKFLN,2402,8.032,14.004
KKFLN,2403,8.033,14.005
KKFLN,2404,8.033,14.006
KKFLN,2405,8.034,14.007
KKFLN,2406,8.035,14.009
KKFLN,2407,8.035,14.010
KKFLN,2408,8.036,14.011
KKFLN,2409,8.037,14.012
KKFLN,2410,8.037,14.013
KKFLN,2411,8.038,14.014
KKFLN,2412,8.038,14.015
KKFLN,2413,8.039,14.016
KKFLN,2414,8.040,14.017
KKFLN,2415,8.040,14.019
KKFLN,2416,8.041,14.020
KKFLN,2417,8.042,14.021
KKFLN,2418,8.042,14.022
KKFLN,2419,8.043,14.023
KKFLN,2420,8.044,14.024
KKFLN,2421,8.044,14.025
KKFLN,2422,8.045,14.026
KKFLN,2423,8.045,14.028
KKFLN,2424,8.046,14.029
KKFLN,2425,8.047,14.030
KKFLN,2426,8.047,14.031
KKFLN,2427,8.048,14.032
KKFLN,2428,8.049,14.033
KKFLN,2429,8.049,14.034
KKFLN,2430,8.050,14.035
KKFLN,2431,8.051,14.037
KKFLN,2432,8.051,14.038
KKFLN,2433,8.052,14.039
KKFLN,2434,8.053,14.040
KKFLN,2435,8.053,14.041
KKFLN,2436,8.054,14.042
KKFLN,2437,8.054,14.043
KKFLN,2438,8.055,14.045
KKFLN,2439,8.056,14.046
KKFLN,2440,8.056,14.047
KKFLN,2441,8.057,14.048
KKFLN,2442,8.058,14.049
KKFLN,2443,8.058,14.050
KKFLN,2444,8.059,14.051
KKFLN,2445,8.060,14.052
KKFLN,2446,8.060,14.054
KKFLN,2447,8.061,14.055
KKFLN,2448,8.062,14.056
KKFLN,2449,8.062,14.057
KKFLN,2450,8.063,14.058
KKFLN,2451,8.064,14.059
KKFLN,2452,8.064,14.060
KKFLN,2453,8.065,14.061
KKFLN,2454,8.065,14.063
KKFLN,2455,8.066,14.064
KKFLN,2456,8.067,14.065
KKFLN,2457,8.067,14.066
KKFLN,2458,8.068,14.067
KKFLN,2459,8.069,14.068
KKFLN,2460,8.069,14.069
KKFLN,2461,8.070,14.071
KKFLN,2462,8.071,14.072
KKFLN,2463,8.071,14.073
KKFLN,2464,8.072,14.074
KKFLN,2465,8.073,14.075
KKFLN,2466,8.073,14.076
KKFLN,2467,8.074,14.077
KKFLN,2468,8.075,14.079
KKFLN,2469,8.075,14.080
KKFLN,2470,8.076,14.081
KKFLN,2471,8.077,14.082
KKFLN,2472,8.077,14.083
KKFLN,2473,8.078,14.084
KKFLN,2474,8.078,14.085
KKFLN,2475,8.079,14.087
KKFLN,2476,8.080,14.088
KKFLN,2477,8.080,14.089
KKFLN,2478,8.081,14.090
KKFLN,2479,8.082,14.091
KKFLN,2480,8.082,14.092
KKFLN,2481,8.083,14.093
KKFLN,2482,8.084,14.095
KKFLN,2483,8.084,14.096
KKFLN,2484,8.085,14.097
KKFLN,2485,8.086,14.098
KKFLN,2486,8.086,14.099
KKFLN,2487,8.087,14.100
KKFLN,2488,8.088,14.101
KKFLN,2489,8.088,14.103
KKFLN,2490,8.089,14.104
KKFLN,2491,8.090,14.105
KKFLN,2492,8.090,14.106
KKFLN,2493,8.091,14.107
KKFLN,2494,8.092,14.108
KKFLN,2495,8.092,14.110
KKFLN,2496,8.093,14.111
KKFLN,2497,8.094,14.112
KKFLN,2498,8.094,14.113
KKFLN,2499,8.095,14.114
KKFLN,2500,8.095,14.115
KKFLN,2501,8.096,14.116
KKFLN,2502,8.097,14.118
KKFLN,2503,8.097,14.119
KKFLN,2504,8.098,14.120
KKFLN,2505,8.099,14.121
KKFLN,2506,8.099,14.122
KKFLN,2507,8.100,14.123
KKFLN,2508,8.101,14.124
KKFLN,2509,8.101,14.126
KKFLN,2510,8.102,14.127
KKFLN,2511,8.103,14.128
KKFLN,2512,8.103,14.129
KKFLN,2513,8.104,14.130
KKFLN,2514,8.105,14.131
KKFLN,2515,8.105,14.133
KKFLN,2516,8.106,14.134
KKFLN,2517,8.107,14.135
KKFLN,2518,8.107,14.136
KKFLN,2519,8.108,14.137
KKFLN,2520,8.109,14.138
KKFLN,2521,8.109,14.140
KKFLN,2522,8.110,14.141
KKFLN,2523,8.111,14.142
KKFLN,2524,8.111,14.143
KKFLN,2525,8.112,14.144
KKFLN,2526,8.113,14.145
KKFLN,2527,8.113,14.147
KKFLN,2528,8.114,14.148
KKFLN,2529,8.115,14.149
KKFLN,2530,8.115,14.150
KKFLN,2531,8.116,14.151
KKFLN,2532,8.117,14.152
KKFLN,2533,8.117,14.153
KKFLN,2534,8.118,14.155
KKFLN,2535,8.119,14.156
KKFLN,2536,8.119,14.157
KKFLN,2537,8.120,14.158
KKFLN,2538,8.121,14.159
KKFLN,2539,8.121,14.160
KKFLN,2540,8.122,14.162
KKFLN,2541,8.123,14.163
KKFLN,2542,8.123,14.164
KKFLN,2543,8.124,14.165
KKFLN,2544,8.125,14.166
KKFLN,2545,8.125,14.167
KKFLN,2546,8.126,14.169
KKFLN,2547,8.127,14.170
KKFLN,2548,8.127,14.171
KKFLN,2549,8.128,14.172
KKFLN,2550,8.129,14.173
KKFLN,2551,8.129,14.174
KKFLN,2552,8.130,14.176
KKFLN,2553,8.131,14.177
KKFLN,2554,8.131,14.178
KKFLN,2555,8.132,14.179
KKFLN,2556,8.133,14.180
KKFLN,2557,8.133,14.182
KKFLN,2558,8.134,14.183
KKFLN,2559,8.135,14.184
KKFLN,2560,8.135,14.185
KKFLN,2561,8.136,14.186
KKFLN,2562,8.137,14.187
KKFLN,2563,8.137,14.189
KKFLN,2564,8.138,14.190
KKFLN,2565,8.139,14.191
KKFLN,2566,8.139,14.192
KKFLN,2567,8.140,14.193
KKFLN,2568,8.141,14.194
KKFLN,2569,8.141,14.196
KKFLN,2570,8.142,14.197
KKFLN,2571,8.143,14.198
KKFLN,2572,8.143,14.199
KKFLN,2573,8.144,14.200
KKFLN,2574,8.145,14.201
KKFLN,2575,8.145,14.203
KKFLN,2576,8.146,14.204
KKFLN,2577,8.147,14.205
KKFLN,2578,8.147,14.206
KKFLN,2579,8.148,14.207
KKFLN,2580,8.149,14.209
KKFLN,2581,8.149,14.210
KKFLN,2582,8.150,14.211
KKFLN,2583,8.151,14.212
KKFLN,2584,8.151,14.213
KKFLN,2585,8.152,14.214
KKFLN,2586,8.153,14.216
KKFLN,2587,8.153,14.217
KKFLN,2588,8.154,14.218
KKFLN,2589,8.155,14.219
KKFLN,2590,8.155,14.220
KKFLN,2591,8.156,14.222
KKFLN,2592,8.157,14.223
KKFLN,2593,8.157,14.224
KKFLN,2594,8.158,14.225
KKFLN,2595,8.159,14.226
KKFLN,2596,8.159,14.227
KKFLN,2597,8.160,14.229
KKFLN,2598,8.161,14.230
KKFLN,2599,8.162,14.231
KKFLN,2600,8.162,14.232
KKFLN,2601,8.163,14.233
KKFLN,2602,8.164,14.235
KKFLN,2603,8.164,14.236
KKFLN,2604,8.165,14.237
KKFLN,2605,8.166,14.238
KKFLN,2606,8.166,14.240
KKFLN,2607,8.167,14.241
KKFLN,2608,8.168,14.242
KKFLN,2609,8.168,14.243
KKFLN,2610,8.169,14.244
KKFLN,2611,8.170,14.246
KKFLN,2612,8.171,14.247
KKFLN,2613,8.171,14.248
KKFLN,2614,8.172,14.249
KKFLN,2615,8.173,14.251
KKFLN,2616,8.173,14.252
KKFLN,2617,8.174,14.253
KKFLN,2618,8.175,14.254
KKFLN,2619,8.175,14.255
KKFLN,2620,8.176,14.257
KKFLN,2621,8.177,14.258
KKFLN,2622,8.178,14.259
KKFLN,2623,8.178,14.260
KKFLN,2624,8.179,14.262
KKFLN,2625,8.180,14.263
KKFLN,2626,8.180,14.264
KKFLN,2627,8.181,14.265
KKFLN,2628,8.182,14.266
KKFLN,2629,8.182,14.268
KKFLN,2630,8.183,14.269
KKFLN,2631,8.184,14.270
KKFLN,2632,8.185,14.271
KKFLN,2633,8.185,14.273
KKFLN,2634,8.186,14.274
KKFLN,2635,8.187,14.275
KKFLN,2636,8.187,14.276
KKFLN,2637,8.188,14.277
KKFLN,2638,8.189,14.279
KKFLN,2639,8.189,14.280
KKFLN,2640,8.190,14.281
KKFLN,2641,8.191,14.282
KKFLN,2642,8.192,14.284
KKFLN,2643,8.192,14.285
KKFLN,2644,8.193,14.286
KKFLN,2645,8.194,14.287
KKFLN,2646,8.194,14.289
KKFLN,2647,8.195,14.290
KKFLN,2648,8.196,14.291
KKFLN,2649,8.196,14.292
KKFLN,2650,8.197,14.293
KKFLN,2651,8.198,14.295
KKFLN,2652,8.199,14.296
KKFLN,2653,8.199,14.297
KKFLN,2654,8.200,14.298
KKFLN,2655,8.201,14.300
KKFLN,2656,8.201,14.301
KKFLN,2657,8.202,14.302
KKFLN,2658,8.203,14.303
KKFLN,2659,8.203,14.305
KKFLN,2660,8.204,14.306
KKFLN,2661,8.205,14.307
KKFLN,2662,8.206,14.308
KKFLN,2663,8.206,14.310
KKFLN,2664,8.207,14.311
KKFLN,2665,8.208,14.312
KKFLN,2666,8.208,14.313
KKFLN,2667,8.209,14.315
KKFLN,2668,8.210,14.316
KKFLN,2669,8.211,14.317
KKFLN,2670,8.211,14.318
KKFLN,2671,8.212,14.319
KKFLN,2672,8.213,14.321
KKFLN,2673,8.213,14.322
KKFLN,2674,8.214,14.323
KKFLN,2675,8.215,14.324
KKFLN,2676,8.215,14.326
KKFLN,2677,8.216,14.327
KKFLN,2678,8.217,14.328
KKFLN,2679,8.218,14.329
KKFLN,2680,8.218,14.331
KKFLN,2681,8.219,14.332
KKFLN,2682,8.220,14.333
KKFLN,2683,8.220,14.334
KKFLN,2684,8.221,14.336
KKFLN,2685,8.222,14.337
KKFLN,2686,8.223,14.338
KKFLN,2687,8.223,14.339
KKFLN,2688,8.224,14.341
KKFLN,2689,8.225,14.342
KKFLN,2690,8.225,14.343
KKFLN,2691,8.226,14.344
KKFLN,2692,8.227,14.346
KKFLN,2693,8.228,14.347
KKFLN,2694,8.228,14.348
KKFLN,2695,8.229,14.349
KKFLN,2696,8.230,14.351
KKFLN,2697,8.230,14.352
KKFLN,2698,8.231,14.353
KKFLN,2699,8.232,14.354
KKFLN,2700,8.233,14.356
KKFLN,2701,8.233,14.357
KKFLN,2702,8.234,14.358
KKFLN,2703,8.235,14.359
KKFLN,2704,8.235,14.361
KKFLN,2705,8.236,14.362
KKFLN,2706,8.237,14.363
KKFLN,2707,8.238,14.364
KKFLN,2708,8.238,14.366
KKFLN,2709,8.239,14.367
KKFLN,2710,8.240,14.368
KKFLN,2711,8.240,14.369
KKFLN,2712,8.241,14.371
KKFLN,2713,8.242,14.372
KKFLN,2714,8.243,14.373
KKFLN,2715,8.243,14.374
KKFLN,2716,8.244,14.376
KKFLN,2717,8.245,14.377
KKFLN,2718,8.245,14.378
KKFLN,2719,8.246,14.379
KKFLN,2720,8.247,14.381
KKFLN,2721,8.248,14.382
KKFLN,2722,8.248,14.383
KKFLN,2723,8.249,14.384
KKFLN,2724,8.250,14.386
KKFLN,2725,8.250,14.387
KKFLN,2726,8.251,14.388
KKFLN,2727,8.252,14.389
KKFLN,2728,8.253,14.391
KKFLN,2729,8.253,14.392
KKFLN,2730,8.254,14.393
KKFLN,2731,8.255,14.394
KKFLN,2732,8.255,14.396
KKFLN,2733,8.256,14.397
KKFLN,2734,8.257,14.398
KKFLN,2735,8.258,14.400
KKFLN,2736,8.258,14.401
KKFLN,2737,8.259,14.402
KKFLN,2738,8.260,14.403
KKFLN,2739,8.260,14.405
KKFLN,2740,8.261,14.406
KKFLN,2741,8.262,14.407
KKFLN,2742,8.263,14.408
KKFLN,2743,8.263,14.410
KKFLN,2744,8.264,14.411
KKFLN,2745,8.265,14.412
KKFLN,2746,8.265,14.413
KKFLN,2747,8.266,14.415
KKFLN,2748,8.267,14.416
KKFLN,2749,8.268,14.417
KKFLN,2750,8.268,14.418
KKFLN,2751,8.269,14.420
KKFLN,2752,8.270,14.421
KKFLN,2753,8.271,14.422
KKFLN,2754,8.271,14.424
KKFLN,2755,8.272,14.425
KKFLN,2756,8.273,14.426
KKFLN,2757,8.273,14.427
KKFLN,2758,8.274,14.429
KKFLN,2759,8.275,14.430
KKFLN,2760,8.276,14.431
KKFLN,2761,8.276,14.432
KKFLN,2762,8.277,14.434
KKFLN,2763,8.278,14.435
KKFLN,2764,8.279,14.436
KKFLN,2765,8.279,14.438
KKFLN,2766,8.280,14.439
KKFLN,2767,8.281,14.440
KKFLN,2768,8.281,14.441
KKFLN,2769,8.282,14.443
KKFLN,2770,8.283,14.444
KKFLN,2771,8.284,14.445
KKFLN,2772,8.284,14.446
KKFLN,2773,8.285,14.448
KKFLN,2774,8.286,14.449
KKFLN,2775,8.286,14.450
KKFLN,2776,8.287,14.452
KKFLN,2777,8.288,14.453
KKFLN,2778,8.289,14.454
KKFLN,2779,8.289,14.455
KKFLN,2780,8.290,14.457
KKFLN,2781,8.291,14.458
KKFLN,2782,8.292,14.459
KKFLN,2783,8.292,14.460
KKFLN,2784,8.293,14.462
KKFLN,2785,8.294,14.463
KKFLN,2786,8.294,14.464
KKFLN,2787,8.295,14.466
KKFLN,2788,8.296,14.467
KKFLN,2789,8.297,14.468
KKFLN,2790,8.297,14.469
KKFLN,2791,8.298,14.471
KKFLN,2792,8.299,14.472
KKFLN,2793,8.300,14.473
KKFLN,2794,8.300,14.474
KKFLN,2795,8.301,14.476
KKFLN,2796,8.302,14.477
KKFLN,2797,8.303,14.478
KKFLN,2798,8.303,14.480
KKFLN,2799,8.304,14.481
KKFLN,2800,8.305,14.482
KKFLN,2801,8.305,14.483
KKFLN,2802,8.306,14.485
KKFLN,2803,8.307,14.486
KKFLN,2804,8.308,14.487
KKFLN,2805,8.308,14.489
KKFLN,2806,8.309,14.490
KKFLN,2807,8.310,14.491
KKFLN,2808,8.311,14.492
KKFLN,2809,8.311,14.494
KKFLN,2810,8.312,14.495
KKFLN,2811,8.313,14.496
KKFLN,2812,8.313,14.498
KKFLN,2813,8.314,14.499
KKFLN,2814,8.315,14.500
KKFLN,2815,8.316,14.501
KKFLN,2816,8.316,14.503
KKFLN,2817,8.317,14.504
KKFLN,2818,8.318,14.505
KKFLN,2819,8.319,14.507
KKFLN,2820,8.319,14.508
KKFLN,2821,8.320,14.509
KKFLN,2822,8.321,14.510
KKFLN,2823,8.322,14.512
KKFLN,2824,8.322,14.513
KKFLN,2825,8.323,14.514
KKFLN,2826,8.324,14.516
KKFLN,2827,8.325,14.517
KKFLN,2828,8.325,14.518
KKFLN,2829,8.326,14.520
KKFLN,2830,8.327,14.521
KKFLN,2831,8.327,14.522
KKFLN,2832,8.328,14.523
KKFLN,2833,8.329,14.525
KKFLN,2834,8.330,14.526
KKFLN,2835,8.330,14.527
KKFLN,2836,8.331,14.529
KKFLN,2837,8.332,14.530
KKFLN,2838,8.333,14.531
KKFLN,2839,8.333,14.532
KKFLN,2840,8.334,14.534
KKFLN,2841,8.335,14.535
KKFLN,2842,8.336,14.536
KKFLN,2843,8.336,14.538
KKFLN,2844,8.337,14.539
KKFLN,2845,8.338,14.540
KKFLN,2846,8.339,14.542
KKFLN,2847,8.339,14.543
KKFLN,2848,8.340,14.544
KKFLN,2849,8.341,14.545
KKFLN,2850,8.341,14.547
KKFLN,2851,8.342,14.548
KKFLN,2852,8.343,14.549
KKFLN,2853,8.344,14.551
KKFLN,2854,8.344,14.552
KKFLN,2855,8.345,14.553
KKFLN,2856,8.346,14.554
KKFLN,2857,8.347,14.556
KKFLN,2858,8.347,14.557
KKFLN,2859,8.348,14.558
KKFLN,2860,8.349,14.560
KKFLN,2861,8.350,14.561
KKFLN,2862,8.350,14.562
KKFLN,2863,8.351,14.564
KKFLN,2864,8.352,14.565
KKFLN,2865,8.353,14.566
KKFLN,2866,8.353,14.568
KKFLN,2867,8.354,14.569
KKFLN,2868,8.355,14.570
KKFLN,2869,8.356,14.571
KKFLN,2870,8.356,14.573
KKFLN,2871,8.357,14.574
KKFLN,2872,8.358,14.575
KKFLN,2873,8.359,14.577
KKFLN,2874,8.359,14.578
KKFLN,2875,8.360,14.579
KKFLN,2876,8.361,14.581
KKFLN,2877,8.362,14.582
KKFLN,2878,8.362,14.583
KKFLN,2879,8.363,14.584
KKFLN,2880,8.364,14.586
KKFLN,2881,8.364,14.587
KKFLN,2882,8.365,14.588
KKFLN,2883,8.366,14.590
KKFLN,2884,8.367,14.591
KKFLN,2885,8.367,14.592
KKFLN,2886,8.368,14.594
KKFLN,2887,8.369,14.595
KKFLN,2888,8.370,14.596
KKFLN,2889,8.370,14.598
KKFLN,2890,8.371,14.599
KKFLN,2891,8.372,14.600
KKFLN,2892,8.373,14.601
KKFLN,2893,8.373,14.603
KKFLN,2894,8.374,14.604
KKFLN,2895,8.375,14.605
KKFLN,2896,8.376,14.607
KKFLN,2897,8.376,14.608
KKFLN,2898,8.377,14.609
KKFLN,2899,8.378,14.611
KKFLN,2900,8.379,14.612
KKFLN,2901,8.379,14.613
KKFLN,2902,8.380,14.615
KKFLN,2903,8.381,14.616
KKFLN,2904,8.382,14.617
KKFLN,2905,8.382,14.619
KKFLN,2906,8.383,14.620
KKFLN,2907,8.384,14.621
KKFLN,2908,8.385,14.623
KKFLN,2909,8.385,14.624
KKFLN,2910,8.386,14.625
KKFLN,2911,8.387,14.626
KKFLN,2912,8.388,14.628
KKFLN,2913,8.388,14.629
KKFLN,2914,8.389,14.630
KKFLN,2915,8.390,14.632
KKFLN,2916,8.391,14.633
KKFLN,2917,8.391,14.634
KKFLN,2918,8.392,14.636
KKFLN,2919,8.393,14.637
KKFLN,2920,8.394,14.638
KKFLN,2921,8.394,14.640
KKFLN,2922,8.395,14.641
KKFLN,2923,8.396,14.642
KKFLN,2924,8.397,14.644
KKFLN,2925,8.397,14.645
KKFLN,2926,8.398,14.646
KKFLN,2927,8.399,14.648
KKFLN,2928,8.400,14.649
KKFLN,2929,8.400,14.650
KKFLN,2930,8.401,14.652
KKFLN,2931,8.402,14.653
KKFLN,2932,8.403,14.654
KKFLN,2933,8.403,14.656
KKFLN,2934,8.404,14.657
KKFLN,2935,8.405,14.658
KKFLN,2936,8.406,14.659
KKFLN,2937,8.406,14.661
KKFLN,2938,8.407,14.662
KKFLN,2939,8.408,14.663
KKFLN,2940,8.409,14.665
KKFLN,2941,8.410,14.666
KKFLN,2942,8.410,14.667
KKFLN,2943,8.411,14.669
KKFLN,2944,8.412,14.670
KKFLN,2945,8.413,14.671
KKFLN,2946,8.413,14.673
KKFLN,2947,8.414,14.674
KKFLN,2948,8.415,14.675
KKFLN,2949,8.416,14.677
KKFLN,2950,8.416,14.678
KKFLN,2951,8.417,14.679
KKFLN,2952,8.418,14.681
KKFLN,2953,8.419,14.682
KKFLN,2954,8.419,14.683
KKFLN,2955,8.420,14.685
KKFLN,2956,8.421,14.686
KKFLN,2957,8.422,14.687
KKFLN,2958,8.422,14.689
KKFLN,2959,8.423,14.690
KKFLN,2960,8.424,14.691
KKFLN,2961,8.425,14.693
KKFLN,2962,8.425,14.694
KKFLN,2963,8.426,14.695
KKFLN,2964,8.427,14.697
KKFLN,2965,8.428,14.698
KKFLN,2966,8.428,14.699
KKFLN,2967,8.429,14.701
KKFLN,2968,8.430,14.702
KKFLN,2969,8.431,14.703
KKFLN,2970,8.432,14.705
KKFLN,2971,8.432,14.706
KKFLN,2972,8.433,14.707
KKFLN,2973,8.434,14.709
KKFLN,2974,8.435,14.710
KKFLN,2975,8.435,14.711
KKFLN,2976,8.436,14.713
KKFLN,2977,8.437,14.714
KKFLN,2978,8.438,14.715
KKFLN,2979,8.438,14.717
KKFLN,2980,8.439,14.718
KKFLN,2981,8.440,14.719
KKFLN,2982,8.441,14.721
KKFLN,2983,8.441,14.722
KKFLN,2984,8.442,14.723
KKFLN,2985,8.443,14.725
KKFLN,2986,8.444,14.726
KKFLN,2987,8.444,14.727
KKFLN,2988,8.445,14.729
KKFLN,2989,8.446,14.730
KKFLN,2990,8.447,14.731
KKFLN,2991,8.448,14.733
KKFLN,2992,8.448,14.734
KKFLN,2993,8.449,14.735
KKFLN,2994,8.450,14.737
KKFLN,2995,8.451,14.738
KKFLN,2996,8.451,14.740
KKFLN,2997,8.452,14.741
KKFLN,2998,8.453,14.742
KKFLN,2999,8.454,14.744
KKFLN,3000,8.454,14.745
KKFLN,3001,8.455,14.746
KKFLN,3002,8.456,14.748
KKFLN,3003,8.457,14.749
KKFLN,3004,8.457,14.750
KKFLN,3005,8.458,14.752
KKFLN,3006,8.459,14.753
KKFLN,3007,8.460,14.754
KKFLN,3008,8.461,14.756
KKFLN,3009,8.461,14.757
KKFLN,3010,8.462,14.758
KKFLN,3011,8.463,14.760
KKFLN,3012,8.464,14.761
KKFLN,3013,8.464,14.762
KKFLN,3014,8.465,14.764
KKFLN,3015,8.466,14.765
KKFLN,3016,8.467,14.766
KKFLN,3017,8.467,14.768
KKFLN,3018,8.468,14.769
KKFLN,3019,8.469,14.770
KKFLN,3020,8.470,14.772
KKFLN,3021,8.471,14.773
KKFLN,3022,8.471,14.775
KKFLN,3023,8.472,14.776
KKFLN,3024,8.473,14.777
KKFLN,3025,8.474,14.779
KKFLN,3026,8.474,14.780
KKFLN,3027,8.475,14.781
KKFLN,3028,8.476,14.783
KKFLN,3029,8.477,14.784
KKFLN,3030,8.477,14.785
KKFLN,3031,8.478,14.787
KKFLN,3032,8.479,14.788
KKFLN,3033,8.480,14.789
KKFLN,3034,8.481,14.791
KKFLN,3035,8.481,14.792
KKFLN,3036,8.482,14.793
KKFLN,3037,8.483,14.795
KKFLN,3038,8.484,14.796
KKFLN,3039,8.484,14.798
KKFLN,3040,8.485,14.799
KKFLN,3041,8.486,14.800
KKFLN,3042,8.487,14.802
KKFLN,3043,8.487,14.803
KKFLN,3044,8.488,14.804
KKFLN,3045,8.489,14.806
KKFLN,3046,8.490,14.807
KKFLN,3047,8.491,14.808
KKFLN,3048,8.491,14.810
KKFLN,3049,8.492,14.811
KKFLN,3050,8.493,14.812
KKFLN,3051,8.494,14.814
KKFLN,3052,8.494,14.815
KKFLN,3053,8.495,14.817
KKFLN,3054,8.496,14.818
KKFLN,3055,8.497,14.819
KKFLN,3056,8.498,14.821
KKFLN,3057,8.498,14.822
KKFLN,3058,8.499,14.823
KKFLN,3059,8.500,14.825
KKFLN,3060,8.501,14.826
KKFLN,3061,8.501,14.827
KKFLN,3062,8.502,14.829
KKFLN,3063,8.503,14.830
KKFLN,3064,8.504,14.831
KKFLN,3065,8.505,14.833
KKFLN,3066,8.505,14.834
KKFLN,3067,8.506,14.836
KKFLN,3068,8.507,14.837
KKFLN,3069,8.508,14.838
KKFLN,3070,8.508,14.840
KKFLN,3071,8.509,14.841
KKFLN,3072,8.510,14.842
KKFLN,3073,8.511,14.844
KKFLN,3074,8.512,14.845
KKFLN,3075,8.512,14.846
KKFLN,3076,8.513,14.848
KKFLN,3077,8.514,14.849
KKFLN,3078,8.515,14.851
KKFLN,3079,8.515,14.852
KKFLN,3080,8.516,14.853
KKFLN,3081,8.517,14.855
KKFLN,3082,8.518,14.856
KKFLN,3083,8.519,14.857
KKFLN,3084,8.519,14.859
KKFLN,3085,8.520,14.860
KKFLN,3086,8.521,14.862
KKFLN,3087,8.522,14.863
KKFLN,3088,8.522,14.864
KKFLN,3089,8.523,14.866
KKFLN,3090,8.524,14.867
KKFLN,3091,8.525,14.868
KKFLN,3092,8.526,14.870
KKFLN,3093,8.526,14.871
KKFLN,3094,8.527,14.872
KKFLN,3095,8.528,14.874
KKFLN,3096,8.529,14.875
KKFLN,3097,8.529,14.877
KKFLN,3098,8.530,14.878
KKFLN,3099,8.531,14.879
KKFLN,3100,8.532,14.881
KKFLN,3101,8.533,14.882
KKFLN,3102,8.533,14.883
KKFLN,3103,8.534,14.885
KKFLN,3104,8.535,14.886
KKFLN,3105,8.536,14.888
KKFLN,3106,8.536,14.889
KKFLN,3107,8.537,14.890
KKFLN,3108,8.538,14.892
KKFLN,3109,8.539,14.893
KKFLN,3110,8.540,14.894
KKFLN,3111,8.540,14.896
KKFLN,3112,8.541,14.897
KKFLN,3113,8.542,14.899
KKFLN,3114,8.543,14.900
KKFLN,3115,8.544,14.901
KKFLN,3116,8.544,14.903
KKFLN,3117,8.545,14.904
KKFLN,3118,8.546,14.905
KKFLN,3119,8.547,14.907
KKFLN,3120,8.547,14.908
KKFLN,3121,8.548,14.910
KKFLN,3122,8.549,14.911
KKFLN,3123,8.550,14.912
KKFLN,3124,8.551,14.914
KKFLN,3125,8.551,14.915
KKFLN,3126,8.552,14.917
KKFLN,3127,8.553,14.918
KKFLN,3128,8.554,14.919
KKFLN,3129,8.555,14.921
KKFLN,3130,8.555,14.922
KKFLN,3131,8.556,14.923
KKFLN,3132,8.557,14.925
KKFLN,3133,8.558,14.926
KKFLN,3134,8.558,14.928
KKFLN,3135,8.559,14.929
KKFLN,3136,8.560,14.930
KKFLN,3137,8.561,14.932
KKFLN,3138,8.562,14.933
KKFLN,3139,8.562,14.935
KKFLN,3140,8.563,14.936
KKFLN,3141,8.564,14.937
KKFLN,3142,8.565,14.939
KKFLN,3143,8.566,14.940
KKFLN,3144,8.566,14.941
KKFLN,3145,8.567,14.943
KKFLN,3146,8.568,14.944
KKFLN,3147,8.569,14.946
KKFLN,3148,8.570,14.947
KKFLN,3149,8.570,14.948
KKFLN,3150,8.571,14.950
KKFLN,3151,8.572,14.951
KKFLN,3152,8.573,14.953
KKFLN,3153,8.573,14.954
KKFLN,3154,8.574,14.955
KKFLN,3155,8.575,14.957
KKFLN,3156,8.576,14.958
KKFLN,3157,8.577,14.959
KKFLN,3158,8.577,14.961
KKFLN,3159,8.578,14.962
KKFLN,3160,8.579,14.964
KKFLN,3161,8.580,14.965
KKFLN,3162,8.581,14.966
KKFLN,3163,8.581,14.968
KKFLN,3164,8.582,14.969
KKFLN,3165,8.583,14.971
KKFLN,3166,8.584,14.972
KKFLN,3167,8.585,14.973
KKFLN,3168,8.585,14.975
KKFLN,3169,8.586,14.976
KKFLN,3170,8.587,14.978
KKFLN,3171,8.588,14.979
KKFLN,3172,8.589,14.980
KKFLN,3173,8.589,14.982
KKFLN,3174,8.590,14.983
KKFLN,3175,8.591,14.985
KKFLN,3176,8.592,14.986
KKFLN,3177,8.593,14.987
KKFLN,3178,8.593,14.989
KKFLN,3179,8.594,14.990
KKFLN,3180,8.595,14.992
KKFLN,3181,8.596,14.993
KKFLN,3182,8.596,14.994
KKFLN,3183,8.597,14.996
KKFLN,3184,8.598,14.997
KKFLN,3185,8.599,14.998
KKFLN,3186,8.600,15.000
KKFLN,3187,8.600,15.001
KKFLN,3188,8.601,15.003
KKFLN,3189,8.602,15.004
KKFLN,3190,8.603,15.005
KKFLN,3191,8.604,15.007
KKFLN,3192,8.604,15.008
KKFLN,3193,8.605,15.010
KKFLN,3194,8.606,15.011
KKFLN,3195,8.607,15.012
KKFLN,3196,8.608,15.014
KKFLN,3197,8.608,15.015
KKFLN,3198,8.609,15.017
KKFLN,3199,8.610,15.018
KKFLN,3200,8.611,15.019
KKFLN,3201,8.612,15.021
KKFLN,3202,8.612,15.022
KKFLN,3203,8.613,15.024
KKFLN,3204,8.614,15.025
KKFLN,3205,8.615,15.026
KKFLN,3206,8.616,15.028
KKFLN,3207,8.616,15.029
KKFLN,3208,8.617,15.031
KKFLN,3209,8.618,15.032
KKFLN,3210,8.619,15.034
KKFLN,3211,8.620,15.035
KKFLN,3212,8.620,15.036
KKFLN,3213,8.621,15.038
KKFLN,3214,8.622,15.039
KKFLN,3215,8.623,15.041
KKFLN,3216,8.624,15.042
KKFLN,3217,8.624,15.043
KKFLN,3218,8.625,15.045
KKFLN,3219,8.626,15.046
KKFLN,3220,8.627,15.048
KKFLN,3221,8.628,15.049
KKFLN,3222,8.628,15.050
KKFLN,3223,8.629,15.052
KKFLN,3224,8.630,15.053
KKFLN,3225,8.631,15.055
KKFLN,3226,8.632,15.056
KKFLN,3227,8.632,15.057
KKFLN,3228,8.633,15.059
KKFLN,3229,8.634,15.060
KKFLN,3230,8.635,15.062
KKFLN,3231,8.636,15.063
KKFLN,3232,8.636,15.064
KKFLN,3233,8.637,15.066
KKFLN,3234,8.638,15.067
KKFLN,3235,8.639,15.069
KKFLN,3236,8.640,15.070
KKFLN,3237,8.640,15.072
KKFLN,3238,8.641,15.073
KKFLN,3239,8.642,15.074
KKFLN,3240,8.643,15.076
KKFLN,3241,8.644,15.077
KKFLN,3242,8.644,15.079
KKFLN,3243,8.645,15.080
KKFLN,3244,8.646,15.081
KKFLN,3245,8.647,15.083
KKFLN,3246,8.648,15.084
KKFLN,3247,8.649,15.086
KKFLN,3248,8.649,15.087
KKFLN,3249,8.650,15.089
KKFLN,3250,8.651,15.090
KKFLN,3251,8.652,15.091
KKFLN,3252,8.653,15.093
KKFLN,3253,8.653,15.094
KKFLN,3254,8.654,15.096
KKFLN,3255,8.655,15.097
KKFLN,3256,8.656,15.098
KKFLN,3257,8.657,15.100
KKFLN,3258,8.657,15.101
KKFLN,3259,8.658,15.103
KKFLN,3260,8.659,15.104
KKFLN,3261,8.660,15.106
KKFLN,3262,8.661,15.107
KKFLN,3263,8.661,15.108
KKFLN,3264,8.662,15.110
KKFLN,3265,8.663,15.111
KKFLN,3266,8.664,15.113
KKFLN,3267,8.665,15.114
KKFLN,3268,8.665,15.115
KKFLN,3269,8.666,15.117
KKFLN,3270,8.667,15.118
KKFLN,3271,8.668,15.120
KKFLN,3272,8.669,15.121
KKFLN,3273,8.670,15.123
KKFLN,3274,8.670,15.124
KKFLN,3275,8.671,15.125
KKFLN,3276,8.672,15.127
KKFLN,3277,8.673,15.128
KKFLN,3278,8.674,15.130
KKFLN,3279,8.674,15.131
KKFLN,3280,8.675,15.133
KKFLN,3281,8.676,15.134
KKFLN,3282,8.677,15.135
KKFLN,3283,8.678,15.137
KKFLN,3284,8.678,15.138
KKFLN,3285,8.679,15.140
KKFLN,3286,8.680,15.141
KKFLN,3287,8.681,15.142
KKFLN,3288,8.682,15.144
KKFLN,3289,8.682,15.145
KKFLN,3290,8.683,15.147
KKFLN,3291,8.684,15.148
KKFLN,3292,8.685,15.150
KKFLN,3293,8.686,15.151
KKFLN,3294,8.687,15.152
KKFLN,3295,8.687,15.154
KKFLN,3296,8.688,15.155
KKFLN,3297,8.689,15.157
KKFLN,3298,8.690,15.158
KKFLN,3299,8.691,15.160
KKFLN,3300,8.691,15.161
KKFLN,3301,8.692,15.162
KKFLN,3302,8.693,15.164
KKFLN,3303,8.694,15.165
KKFLN,3304,8.695,15.167
KKFLN,3305,8.696,15.168
KKFLN,3306,8.696,15.170
KKFLN,3307,8.697,15.171
KKFLN,3308,8.698,15.172
KKFLN,3309,8.699,15.174
KKFLN,3310,8.700,15.175
KKFLN,3311,8.700,15.177
KKFLN,3312,8.701,15.178
KKFLN,3313,8.702,15.180
KKFLN,3314,8.703,15.181
KKFLN,3315,8.704,15.183
KKFLN,3316,8.704,15.184
KKFLN,3317,8.705,15.185
KKFLN,3318,8.706,15.187
KKFLN,3319,8.707,15.188
KKFLN,3320,8.708,15.190
KKFLN,3321,8.709,15.191
KKFLN,3322,8.709,15.193
KKFLN,3323,8.710,15.194
KKFLN,3324,8.711,15.195
KKFLN,3325,8.712,15.197
KKFLN,3326,8.713,15.198
KKFLN,3327,8.713,15.200
KKFLN,3328,8.714,15.201
KKFLN,3329,8.715,15.203
KKFLN,3330,8.716,15.204
KKFLN,3331,8.717,15.205
KKFLN,3332,8.718,15.207
KKFLN,3333,8.718,15.208
KKFLN,3334,8.719,15.210
KKFLN,3335,8.720,15.211
KKFLN,3336,8.721,15.213
KKFLN,3337,8.722,15.214
KKFLN,3338,8.722,15.216
KKFLN,3339,8.723,15.217
KKFLN,3340,8.724,15.218
KKFLN,3341,8.725,15.220
KKFLN,3342,8.726,15.221
KKFLN,3343,8.727,15.223
KKFLN,3344,8.727,15.224
KKFLN,3345,8.728,15.226
KKFLN,3346,8.729,15.227
KKFLN,3347,8.730,15.229
KKFLN,3348,8.731,15.230
KKFLN,3349,8.731,15.231
KKFLN,3350,8.732,15.233
KKFLN,3351,8.733,15.234
KKFLN,3352,8.734,15.236
KKFLN,3353,8.735,15.237
KKFLN,3354,8.736,15.239
KKFLN,3355,8.736,15.240
KKFLN,3356,8.737,15.242
KKFLN,3357,8.738,15.243
KKFLN,3358,8.739,15.244
KKFLN,3359,8.739,15.245
KKFLN,3360,8.740,15.247
KKFLN,3361,8.741,15.248
KKFLN,3362,8.741,15.249
KKFLN,3363,8.742,15.250
KKFLN,3364,8.743,15.251
KKFLN,3365,8.743,15.252
KKFLN,3366,8.744,15.253
KKFLN,3367,8.745,15.255
KKFLN,3368,8.745,15.256
KKFLN,3369,8.746,15.257
KKFLN,3370,8.746,15.258
KKFLN,3371,8.747,15.259
KKFLN,3372,8.747,15.260
KKFLN,3373,8.748,15.260
KKFLN,3374,8.749,15.261
KKFLN,3375,8.749,15.262
KKFLN,3376,8.750,15.263
KKFLN,3377,8.750,15.264
KKFLN,3378,8.751,15.265
KKFLN,3379,8.751,15.266
KKFLN,3380,8.752,15.267
KKFLN,3381,8.752,15.268
KKFLN,3382,8.753,15.269
KKFLN,3383,8.754,15.271
KKFLN,3384,8.755,15.272
KKFLN,3385,8.755,15.273
KKFLN,3386,8.756,15.275
KKFLN,3387,8.757,15.276
KKFLN,3388,8.757,15.277
KKFLN,3389,8.758,15.278
KKFLN,3390,8.759,15.279
KKFLN,3391,8.759,15.280
KKFLN,3392,8.760,15.281
KKFLN,3393,8.760,15.282
KKFLN,3394,8.761,15.283
KKFLN,3395,8.761,15.284
KKFLN,3396,8.762,15.285
KKFLN,3397,8.763,15.286
KKFLN,3398,8.763,15.287
KKFLN,3399,8.764,15.288
KKFLN,3400,8.764,15.289
KKFLN,3401,8.765,15.290
KKFLN,3402,8.765,15.291
KKFLN,3403,8.766,15.292
KKFLN,3404,8.767,15.293
KKFLN,3405,8.767,15.295
KKFLN,3406,8.768,15.296
KKFLN,3407,8.769,15.297
KKFLN,3408,8.770,15.299
KKFLN,3409,8.770,15.300
KKFLN,3410,8.771,15.301
KKFLN,3411,8.772,15.303
KKFLN,3412,8.773,15.304
KKFLN,3413,8.773,15.305
KKFLN,3414,8.774,15.307
KKFLN,3415,8.775,15.308
KKFLN,3416,8.776,15.309
KKFLN,3417,8.777,15.311
KKFLN,3418,8.778,15.312
KKFLN,3419,8.778,15.314
KKFLN,3420,8.779,15.315
KKFLN,3421,8.780,15.317
KKFLN,3422,8.781,15.318
KKFLN,3423,8.782,15.320
KKFLN,3424,8.783,15.321
KKFLN,3425,8.783,15.323
KKFLN,3426,8.784,15.324
KKFLN,3427,8.785,15.326
KKFLN,3428,8.786,15.327
KKFLN,3429,8.787,15.328
KKFLN,3430,8.788,15.330
KKFLN,3431,8.788,15.331
KKFLN,3432,8.789,15.333
KKFLN,3433,8.790,15.334
KKFLN,3434,8.791,15.336
KKFLN,3435,8.792,15.337
KKFLN,3436,8.793,15.339
KKFLN,3437,8.793,15.340
KKFLN,3438,8.794,15.342
KKFLN,3439,8.795,15.343
KKFLN,3440,8.796,15.345
KKFLN,3441,8.797,15.346
KKFLN,3442,8.798,15.347
KKFLN,3443,8.798,15.349
KKFLN,3444,8.799,15.350
KKFLN,3445,8.800,15.352
KKFLN,3446,8.801,15.353
KKFLN,3447,8.802,15.355
KKFLN,3448,8.803,15.356
KKFLN,3449,8.803,15.358
KKFLN,3450,8.804,15.359
KKFLN,3451,8.805,15.361
KKFLN,3452,8.806,15.362
KKFLN,3453,8.807,15.364
KKFLN,3454,8.808,15.365
KKFLN,3455,8.808,15.367
KKFLN,3456,8.809,15.368
KKFLN,3457,8.810,15.369
KKFLN,3458,8.811,15.371
KKFLN,3459,8.812,15.372
KKFLN,3460,8.813,15.374
KKFLN,3461,8.813,15.375
KKFLN,3462,8.814,15.377
KKFLN,3463,8.815,15.378
KKFLN,3464,8.816,15.380
KKFLN,3465,8.817,15.381
KKFLN,3466,8.818,15.383
KKFLN,3467,8.818,15.384
KKFLN,3468,8.819,15.386
KKFLN,3469,8.820,15.387
KKFLN,3470,8.821,15.389
KKFLN,3471,8.822,15.390
KKFLN,3472,8.823,15.392
KKFLN,3473,8.823,15.393
KKFLN,3474,8.824,15.394
KKFLN,3475,8.825,15.396
KKFLN,3476,8.826,15.397
KKFLN,3477,8.827,15.399
KKFLN,3478,8.828,15.400
KKFLN,3479,8.828,15.402
KKFLN,3480,8.829,15.403
KKFLN,3481,8.830,15.405
KKFLN,3482,8.831,15.406
KKFLN,3483,8.832,15.408
KKFLN,3484,8.833,15.409
KKFLN,3485,8.834,15.411
KKFLN,3486,8.834,15.412
KKFLN,3487,8.835,15.414
KKFLN,3488,8.836,15.415
KKFLN,3489,8.837,15.417
KKFLN,3490,8.838,15.418
KKFLN,3491,8.839,15.420
KKFLN,3492,8.839,15.421
KKFLN,3493,8.840,15.422
KKFLN,3494,8.841,15.424
KKFLN,3495,8.842,15.425
KKFLN,3496,8.843,15.427
KKFLN,3497,8.844,15.428
KKFLN,3498,8.844,15.430
KKFLN,3499,8.845,15.431
KKFLN,3500,8.846,15.433
KKFLN,3501,8.847,15.434
KKFLN,3502,8.848,15.436
KKFLN,3503,8.849,15.437
KKFLN,3504,8.850,15.439
KKFLN,3505,8.850,15.440
KKFLN,3506,8.851,15.442
KKFLN,3507,8.852,15.443
KKFLN,3508,8.853,15.445
KKFLN,3509,8.854,15.446
KKFLN,3510,8.855,15.448
KKFLN,3511,8.855,15.449
KKFLN,3512,8.856,15.451
KKFLN,3513,8.857,15.452
KKFLN,3514,8.858,15.454
KKFLN,3515,8.859,15.455
KKFLN,3516,8.860,15.457
KKFLN,3517,8.860,15.458
KKFLN,3518,8.861,15.460
KKFLN,3519,8.862,15.461
KKFLN,3520,8.863,15.462
KKFLN,3521,8.864,15.464
KKFLN,3522,8.865,15.465
KKFLN,3523,8.866,15.467
KKFLN,3524,8.866,15.468
KKFLN,3525,8.867,15.470
KKFLN,3526,8.868,15.471
KKFLN,3527,8.869,15.473
KKFLN,3528,8.870,15.474
KKFLN,3529,8.871,15.476
KKFLN,3530,8.871,15.477
KKFLN,3531,8.872,15.479
KKFLN,3532,8.873,15.480
KKFLN,3533,8.874,15.482
KKFLN,3534,8.875,15.483
KKFLN,3535,8.876,15.485
KKFLN,3536,8.877,15.486
KKFLN,3537,8.877,15.488
KKFLN,3538,8.878,15.489
KKFLN,3539,8.879,15.491
KKFLN,3540,8.880,15.492
KKFLN,3541,8.881,15.494
KKFLN,3542,8.882,15.495
KKFLN,3543,8.882,15.497
KKFLN,3544,8.883,15.498
KKFLN,3545,8.884,15.500
KKFLN,3546,8.885,15.501
KKFLN,3547,8.886,15.503
KKFLN,3548,8.887,15.504
KKFLN,3549,8.888,15.506
KKFLN,3550,8.888,15.507
KKFLN,3551,8.889,15.509
KKFLN,3552,8.890,15.510
KKFLN,3553,8.891,15.512
KKFLN,3554,8.892,15.513
KKFLN,3555,8.893,15.515
KKFLN,3556,8.894,15.516
KKFLN,3557,8.894,15.518
KKFLN,3558,8.895,15.519
KKFLN,3559,8.896,15.521
KKFLN,3560,8.897,15.522
KKFLN,3561,8.898,15.524
KKFLN,3562,8.899,15.525
KKFLN,3563,8.899,15.527
KKFLN,3564,8.900,15.528
KKFLN,3565,8.901,15.530
KKFLN,3566,8.902,15.531
KKFLN,3567,8.903,15.533
KKFLN,3568,8.904,15.534
KKFLN,3569,8.905,15.536
KKFLN,3570,8.905,15.537
KKFLN,3571,8.906,15.539
KKFLN,3572,8.907,15.540
KKFLN,3573,8.908,15.542
KKFLN,3574,8.909,15.543
KKFLN,3575,8.910,15.545
KKFLN,3576,8.911,15.546
KKFLN,3577,8.911,15.548
KKFLN,3578,8.912,15.549
KKFLN,3579,8.913,15.551
KKFLN,3580,8.914,15.552
KKFLN,3581,8.915,15.554
KKFLN,3582,8.916,15.555
KKFLN,3583,8.917,15.557
KKFLN,3584,8.917,15.558
KKFLN,3585,8.918,15.560
KKFLN,3586,8.919,15.561
KKFLN,3587,8.920,15.563
KKFLN,3588,8.921,15.564
KKFLN,3589,8.922,15.566
KKFLN,3590,8.923,15.567
KKFLN,3591,8.923,15.569
KKFLN,3592,8.924,15.570
KKFLN,3593,8.925,15.572
KKFLN,3594,8.926,15.573
KKFLN,3595,8.927,15.575
KKFLN,3596,8.928,15.576
KKFLN,3597,8.928,15.578
KKFLN,3598,8.929,15.579
KKFLN,3599,8.930,15.581
KKFLN,3600,8.931,15.582
KKFLN,3601,8.932,15.584
KKFLN,3602,8.933,15.585
KKFLN,3603,8.934,15.587
KKFLN,3604,8.934,15.588
KKFLN,3605,8.935,15.590
KKFLN,3606,8.936,15.591
KKFLN,3607,8.937,15.593
KKFLN,3608,8.938,15.594
KKFLN,3609,8.939,15.596
KKFLN,3610,8.940,15.597
KKFLN,3611,8.940,15.599
KKFLN,3612,8.941,15.600
KKFLN,3613,8.942,15.602
KKFLN,3614,8.943,15.603
KKFLN,3615,8.944,15.605
KKFLN,3616,8.945,15.606
KKFLN,3617,8.946,15.608
KKFLN,3618,8.946,15.609
KKFLN,3619,8.947,15.611
KKFLN,3620,8.948,15.612
KKFLN,3621,8.949,15.614
KKFLN,3622,8.950,15.615
KKFLN,3623,8.951,15.617
KKFLN,3624,8.952,15.618
KKFLN,3625,8.953,15.620
KKFLN,3626,8.953,15.621
KKFLN,3627,8.954,15.623
KKFLN,3628,8.955,15.624
KKFLN,3629,8.956,15.626
KKFLN,3630,8.957,15.627
KKFLN,3631,8.958,15.629
KKFLN,3632,8.959,15.630
KKFLN,3633,8.959,15.632
KKFLN,3634,8.960,15.633
KKFLN,3635,8.961,15.635
KKFLN,3636,8.962,15.636
KKFLN,3637,8.963,15.638
KKFLN,3638,8.964,15.639
KKFLN,3639,8.965,15.641
KKFLN,3640,8.965,15.642
KKFLN,3641,8.966,15.644
KKFLN,3642,8.967,15.646
KKFLN,3643,8.968,15.647
KKFLN,3644,8.969,15.649
KKFLN,3645,8.970,15.650
KKFLN,3646,8.971,15.652
KKFLN,3647,8.971,15.653
KKFLN,3648,8.972,15.655
KKFLN,3649,8.973,15.656
KKFLN,3650,8.974,15.658
KKFLN,3651,8.975,15.659
KKFLN,3652,8.976,15.661
KKFLN,3653,8.977,15.662
KKFLN,3654,8.977,15.664
KKFLN,3655,8.978,15.665
KKFLN,3656,8.979,15.667
KKFLN,3657,8.980,15.668
KKFLN,3658,8.981,15.670
KKFLN,3659,8.982,15.671
KKFLN,3660,8.983,15.673
KKFLN,3661,8.984,15.674
KKFLN,3662,8.984,15.676
KKFLN,3663,8.985,15.677
KKFLN,3664,8.986,15.679
KKFLN,3665,8.987,15.680
KKFLN,3666,8.988,15.682
KKFLN,3667,8.989,15.683
KKFLN,3668,8.990,15.685
KKFLN,3669,8.990,15.687
KKFLN,3670,8.991,15.688
KKFLN,3671,8.992,15.690
KKFLN,3672,8.993,15.691
KKFLN,3673,8.994,15.693
KKFLN,3674,8.995,15.694
KKFLN,3675,8.996,15.696
KKFLN,3676,8.997,15.697
KKFLN,3677,8.997,15.699
KKFLN,3678,8.998,15.700
KKFLN,3679,8.999,15.702
KKFLN,3680,9.000,15.703
KKFLN,3681,9.001,15.705
KKFLN,3682,9.002,15.706
KKFLN,3683,9.003,15.708
KKFLN,3684,9.003,15.709
KKFLN,3685,9.004,15.711
KKFLN,3686,9.005,15.712
KKFLN,3687,9.006,15.714
KKFLN,3688,9.007,15.715
KKFLN,3689,9.008,15.717
KKFLN,3690,9.009,15.719
KKFLN,3691,9.010,15.720
KKFLN,3692,9.010,15.722
KKFLN,3693,9.011,15.723
KKFLN,3694,9.012,15.725
KKFLN,3695,9.013,15.726
KKFLN,3696,9.014,15.728
KKFLN,3697,9.015,15.729
KKFLN,3698,9.016,15.731
KKFLN,3699,9.016,15.732
KKFLN,3700,9.017,15.734
KKFLN,3701,9.018,15.735
KKFLN,3702,9.019,15.737
KKFLN,3703,9.020,15.738
KKFLN,3704,9.021,15.740
KKFLN,3705,9.022,15.741
KKFLN,3706,9.023,15.743
KKFLN,3707,9.023,15.745
KKFLN,3708,9.024,15.746
KKFLN,3709,9.025,15.748
KKFLN,3710,9.026,15.749
KKFLN,3711,9.027,15.751
KKFLN,3712,9.028,15.752
KKFLN,3713,9.029,15.754
KKFLN,3714,9.030,15.755
KKFLN,3715,9.030,15.757
KKFLN,3716,9.031,15.758
KKFLN,3717,9.032,15.760
KKFLN,3718,9.033,15.761
KKFLN,3719,9.034,15.763
KKFLN,3720,9.035,15.764
KKFLN,3721,9.036,15.766
KKFLN,3722,9.037,15.768
KKFLN,3723,9.037,15.769
KKFLN,3724,9.038,15.771
KKFLN,3725,9.039,15.772
KKFLN,3726,9.040,15.774
KKFLN,3727,9.041,15.775
KKFLN,3728,9.042,15.777
KKFLN,3729,9.043,15.778
KKFLN,3730,9.044,15.780
KKFLN,3731,9.044,15.781
KKFLN,3732,9.045,15.783
KKFLN,3733,9.046,15.784
KKFLN,3734,9.047,15.786
KKFLN,3735,9.048,15.788
KKFLN,3736,9.049,15.789
KKFLN,3737,9.050,15.791
KKFLN,3738,9.051,15.792
KKFLN,3739,9.051,15.794
KKFLN,3740,9.052,15.795
KKFLN,3741,9.053,15.797
KKFLN,3742,9.054,15.798
KKFLN,3743,9.055,15.800
KKFLN,3744,9.056,15.801
KKFLN,3745,9.057,15.803
KKFLN,3746,9.058,15.804
KKFLN,3747,9.058,15.806
KKFLN,3748,9.059,15.808
KKFLN,3749,9.060,15.809
KKFLN,3750,9.061,15.811
KKFLN,3751,9.062,15.812
KKFLN,3752,9.063,15.814
KKFLN,3753,9.064,15.815
KKFLN,3754,9.065,15.817
KKFLN,3755,9.065,15.818
KKFLN,3756,9.066,15.820
KKFLN,3757,9.067,15.821
KKFLN,3758,9.068,15.823
KKFLN,3759,9.069,15.824
KKFLN,3760,9.070,15.826
KKFLN,3761,9.071,15.828
KKFLN,3762,9.072,15.829
KKFLN,3763,9.072,15.831
KKFLN,3764,9.073,15.832
KKFLN,3765,9.074,15.834
KKFLN,3766,9.075,15.835
KKFLN,3767,9.076,15.837
KKFLN,3768,9.077,15.838
KKFLN,3769,9.078,15.840
KKFLN,3770,9.079,15.841
KKFLN,3771,9.079,15.843
KKFLN,3772,9.080,15.845
KKFLN,3773,9.081,15.846
KKFLN,3774,9.082,15.848
KKFLN,3775,9.083,15.849
KKFLN,3776,9.084,15.851
KKFLN,3777,9.085,15.852
KKFLN,3778,9.086,15.854
KKFLN,3779,9.086,15.855
KKFLN,3780,9.087,15.857
KKFLN,3781,9.088,15.858
KKFLN,3782,9.089,15.860
KKFLN,3783,9.090,15.862
KKFLN,3784,9.091,15.863
KKFLN,3785,9.092,15.865
KKFLN,3786,9.093,15.866
KKFLN,3787,9.094,15.868
KKFLN,3788,9.094,15.869
KKFLN,3789,9.095,15.871
KKFLN,3790,9.096,15.872
KKFLN,3791,9.097,15.874
KKFLN,3792,9.098,15.876
KKFLN,3793,9.099,15.877
KKFLN,3794,9.100,15.879
KKFLN,3795,9.101,15.880
KKFLN,3796,9.101,15.882
KKFLN,3797,9.102,15.883
KKFLN,3798,9.103,15.885
KKFLN,3799,9.104,15.886
KKFLN,3800,9.105,15.888
KKFLN,3801,9.106,15.890
KKFLN,3802,9.107,15.891
KKFLN,3803,9.108,15.893
KKFLN,3804,9.109,15.894
KKFLN,3805,9.109,15.896
KKFLN,3806,9.110,15.897
KKFLN,3807,9.111,15.899
KKFLN,3808,9.112,15.900
KKFLN,3809,9.113,15.902
KKFLN,3810,9.114,15.903
KKFLN,3811,9.115,15.905
KKFLN,3812,9.116,15.907
KKFLN,3813,9.116,15.908
KKFLN,3814,9.117,15.910
KKFLN,3815,9.118,15.911
KKFLN,3816,9.119,15.913
KKFLN,3817,9.120,15.914
KKFLN,3818,9.121,15.916
KKFLN,3819,9.122,15.917
KKFLN,3820,9.123,15.919
KKFLN,3821,9.124,15.921
KKFLN,3822,9.124,15.922
KKFLN,3823,9.125,15.924
KKFLN,3824,9.126,15.925
KKFLN,3825,9.127,15.927
KKFLN,3826,9.128,15.928
KKFLN,3827,9.129,15.930
KKFLN,3828,9.130,15.932
KKFLN,3829,9.131,15.933
KKFLN,3830,9.132,15.935
KKFLN,3831,9.132,15.936
KKFLN,3832,9.133,15.938
KKFLN,3833,9.134,15.939
KKFLN,3834,9.135,15.941
KKFLN,3835,9.136,15.942
KKFLN,3836,9.137,15.944
KKFLN,3837,9.138,15.946
KKFLN,3838,9.139,15.947
KKFLN,3839,9.140,15.949
KKFLN,3840,9.140,15.950
KKFLN,3841,9.141,15.952
KKFLN,3842,9.142,15.953
KKFLN,3843,9.143,15.955
KKFLN,3844,9.144,15.956
KKFLN,3845,9.145,15.958
KKFLN,3846,9.146,15.960
KKFLN,3847,9.147,15.961
KKFLN,3848,9.148,15.963
KKFLN,3849,9.148,15.964
KKFLN,3850,9.149,15.966
KKFLN,3851,9.150,15.967
KKFLN,3852,9.151,15.969
KKFLN,3853,9.152,15.971
KKFLN,3854,9.153,15.972
KKFLN,3855,9.154,15.974
KKFLN,3856,9.155,15.975
KKFLN,3857,9.156,15.977
KKFLN,3858,9.156,15.978
KKFLN,3859,9.157,15.980
KKFLN,3860,9.158,15.981
KKFLN,3861,9.159,15.983
KKFLN,3862,9.160,15.984
KKFLN,3863,9.161,15.986
KKFLN,3864,9.161,15.987
KKFLN,3865,9.162,15.989
KKFLN,3866,9.163,15.990
KKFLN,3867,9.164,15.992
KKFLN,3868,9.165,15.993
KKFLN,3869,9.166,15.995
KKFLN,3870,9.167,15.996
KKFLN,3871,9.167,15.998
KKFLN,3872,9.168,15.999
KKFLN,3873,9.169,16.001
KKFLN,3874,9.170,16.002
KKFLN,3875,9.171,16.004
KKFLN,3876,9.172,16.005
KKFLN,3877,9.172,16.006
KKFLN,3878,9.173,16.008
KKFLN,3879,9.174,16.009
KKFLN,3880,9.175,16.011
KKFLN,3881,9.176,16.012
KKFLN,3882,9.177,16.014
KKFLN,3883,9.177,16.015
KKFLN,3884,9.178,16.017
KKFLN,3885,9.179,16.018
KKFLN,3886,9.180,16.020
KKFLN,3887,9.181,16.021
KKFLN,3888,9.182,16.023
KKFLN,3889,9.182,16.024
KKFLN,3890,9.183,16.026
KKFLN,3891,9.184,16.027
KKFLN,3892,9.185,16.029
KKFLN,3893,9.186,16.030
KKFLN,3894,9.187,16.032
KKFLN,3895,9.188,16.033
KKFLN,3896,9.188,16.035
KKFLN,3897,9.189,16.036
KKFLN,3898,9.190,16.038
KKFLN,3899,9.191,16.039
KKFLN,3900,9.192,16.040
KKFLN,3901,9.193,16.042
KKFLN,3902,9.193,16.043
KKFLN,3903,9.194,16.045
KKFLN,3904,9.195,16.046
KKFLN,3905,9.196,16.048
KKFLN,3906,9.197,16.049
KKFLN,3907,9.198,16.051
KKFLN,3908,9.198,16.052
KKFLN,3909,9.199,16.054
KKFLN,3910,9.200,16.055
KKFLN,3911,9.201,16.057
KKFLN,3912,9.202,16.058
KKFLN,3913,9.203,16.060
KKFLN,3914,9.204,16.061
KKFLN,3915,9.204,16.063
KKFLN,3916,9.205,16.064
KKFLN,3917,9.206,16.066
KKFLN,3918,9.207,16.067
KKFLN,3919,9.208,16.069
KKFLN,3920,9.209,16.070
KKFLN,3921,9.209,16.072
KKFLN,3922,9.210,16.073
KKFLN,3923,9.211,16.075
KKFLN,3924,9.212,16.076
KKFLN,3925,9.213,16.078
KKFLN,3926,9.214,16.079
KKFLN,3927,9.215,16.081
KKFLN,3928,9.215,16.082
KKFLN,3929,9.216,16.084
KKFLN,3930,9.217,16.085
KKFLN,3931,9.218,16.087
KKFLN,3932,9.219,16.088
KKFLN,3933,9.220,16.090
KKFLN,3934,9.220,16.091
KKFLN,3935,9.221,16.092
KKFLN,3936,9.222,16.094
KKFLN,3937,9.223,16.095
KKFLN,3938,9.224,16.097
KKFLN,3939,9.225,16.098
KKFLN,3940,9.226,16.100
KKFLN,3941,9.226,16.101
KKFLN,3942,9.227,16.103
KKFLN,3943,9.228,16.104
KKFLN,3944,9.229,16.106
KKFLN,3945,9.230,16.107
KKFLN,3946,9.231,16.109
KKFLN,3947,9.231,16.110
KKFLN,3948,9.232,16.112
KKFLN,3949,9.233,16.113
KKFLN,3950,9.234,16.115
KKFLN,3951,9.235,16.116
KKFLN,3952,9.236,16.118
KKFLN,3953,9.237,16.119
KKFLN,3954,9.237,16.121
KKFLN,3955,9.238,16.122
KKFLN,3956,9.239,16.124
KKFLN,3957,9.240,16.125
KKFLN,3958,9.241,16.127
KKFLN,3959,9.242,16.128
KKFLN,3960,9.242,16.130
KKFLN,3961,9.243,16.131
KKFLN,3962,9.244,16.133
KKFLN,3963,9.245,16.134
KKFLN,3964,9.246,16.136
KKFLN,3965,9.247,16.137
KKFLN,3966,9.248,16.139
KKFLN,3967,9.248,16.140
KKFLN,3968,9.249,16.142
KKFLN,3969,9.250,16.143
KKFLN,3970,9.251,16.145
KKFLN,3971,9.252,16.146
KKFLN,3972,9.253,16.148
KKFLN,3973,9.254,16.149
KKFLN,3974,9.254,16.151
KKFLN,3975,9.255,16.152
KKFLN,3976,9.256,16.154
KKFLN,3977,9.257,16.155
KKFLN,3978,9.258,16.157
KKFLN,3979,9.259,16.158
KKFLN,3980,9.260,16.160
KKFLN,3981,9.260,16.161
KKFLN,3982,9.261,16.163
KKFLN,3983,9.262,16.164
KKFLN,3984,9.263,16.166
KKFLN,3985,9.264,16.167
KKFLN,3986,9.265,16.169
KKFLN,3987,9.265,16.170
KKFLN,3988,9.266,16.172
KKFLN,3989,9.267,16.173
KKFLN,3990,9.268,16.175
KKFLN,3991,9.269,16.176
KKFLN,3992,9.270,16.178
KKFLN,3993,9.271,16.179
KKFLN,3994,9.271,16.181
KKFLN,3995,9.272,16.182
KKFLN,3996,9.273,16.184
KKFLN,3997,9.274,16.185
KKFLN,3998,9.275,16.187
KKFLN,3999,9.276,16.188
KKFLN,4000,9.277,16.190
KKFLN,4001,9.277,16.191
KKFLN,4002,9.278,16.193
KKFLN,4003,9.279,16.194
KKFLN,4004,9.280,16.196
KKFLN,4005,9.281,16.197
KKFLN,4006,9.282,16.199
KKFLN,4007,9.283,16.200
KKFLN,4008,9.283,16.202
KKFLN,4009,9.284,16.203
KKFLN,4010,9.285,16.205
KKFLN,4011,9.286,16.206
KKFLN,4012,9.287,16.208
KKFLN,4013,9.288,16.209
KKFLN,4014,9.289,16.211
KKFLN,4015,9.289,16.212
KKFLN,4016,9.290,16.214
KKFLN,4017,9.291,16.215
KKFLN,4018,9.292,16.217
KKFLN,4019,9.293,16.218
KKFLN,4020,9.294,16.220
KKFLN,4021,9.295,16.222
KKFLN,4022,9.295,16.223
KKFLN,4023,9.296,16.225
KKFLN,4024,9.297,16.226
KKFLN,4025,9.298,16.228
KKFLN,4026,9.299,16.229
KKFLN,4027,9.300,16.231
KKFLN,4028,9.301,16.232
KKFLN,4029,9.301,16.234
KKFLN,4030,9.302,16.235
KKFLN,4031,9.303,16.237
KKFLN,4032,9.304,16.238
KKFLN,4033,9.305,16.240
KKFLN,4034,9.306,16.241
KKFLN,4035,9.307,16.243
KKFLN,4036,9.307,16.244
KKFLN,4037,9.308,16.246
KKFLN,4038,9.309,16.247
KKFLN,4039,9.310,16.249
KKFLN,4040,9.311,16.250
KKFLN,4041,9.312,16.252
KKFLN,4042,9.313,16.253
KKFLN,4043,9.313,16.255
KKFLN,4044,9.314,16.256
KKFLN,4045,9.315,16.258
KKFLN,4046,9.316,16.259
KKFLN,4047,9.317,16.261
KKFLN,4048,9.318,16.262
KKFLN,4049,9.319,16.264
KKFLN,4050,9.320,16.265
KKFLN,4051,9.320,16.267
KKFLN,4052,9.321,16.268
KKFLN,4053,9.322,16.270
KKFLN,4054,9.323,16.271
KKFLN,4055,9.324,16.273
KKFLN,4056,9.325,16.275
KKFLN,4057,9.326,16.276
KKFLN,4058,9.326,16.278
KKFLN,4059,9.327,16.279
KKFLN,4060,9.328,16.281
KKFLN,4061,9.329,16.282
KKFLN,4062,9.330,16.284
KKFLN,4063,9.331,16.285
KKFLN,4064,9.332,16.287
KKFLN,4065,9.332,16.288
KKFLN,4066,9.333,16.290
KKFLN,4067,9.334,16.291
KKFLN,4068,9.335,16.293
KKFLN,4069,9.336,16.294
KKFLN,4070,9.337,16.296
KKFLN,4071,9.338,16.297
KKFLN,4072,9.339,16.299
KKFLN,4073,9.339,16.300
KKFLN,4074,9.340,16.302
KKFLN,4075,9.341,16.303
KKFLN,4076,9.342,16.304
KKFLN,4077,9.342,16.306
KKFLN,4078,9.343,16.307
KKFLN,4079,9.344,16.308
KKFLN,4080,9.345,16.310
KKFLN,4081,9.345,16.311
KKFLN,4082,9.346,16.312
KKFLN,4083,9.347,16.314
KKFLN,4084,9.348,16.315
KKFLN,4085,9.349,16.316
KKFLN,4086,9.349,16.318
KKFLN,4087,9.350,16.319
KKFLN,4088,9.351,16.321
KKFLN,4089,9.352,16.322
KKFLN,4090,9.352,16.323
KKFLN,4091,9.353,16.325
KKFLN,4092,9.354,16.326
KKFLN,4093,9.355,16.327
KKFLN,4094,9.355,16.329
KKFLN,4095,9.356,16.330
KKFLN,4096,9.357,16.331
KKFLN,4097,9.358,16.333
KKFLN,4098,9.359,16.334
KKFLN,4099,9.359,16.336
KKFLN,4100,9.360,16.337
KKFLN,4101,9.361,16.338
KKFLN,4102,9.362,16.340
KKFLN,4103,9.362,16.341
KKFLN,4104,9.363,16.342
KKFLN,4105,9.364,16.344
KKFLN,4106,9.365,16.345
KKFLN,4107,9.366,16.346
KKFLN,4108,9.366,16.348
KKFLN,4109,9.367,16.349
KKFLN,4110,9.368,16.351
KKFLN,4111,9.369,16.352
KKFLN,4112,9.369,16.353
KKFLN,4113,9.370,16.355
KKFLN,4114,9.371,16.356
KKFLN,4115,9.372,16.357
KKFLN,4116,9.373,16.359
KKFLN,4117,9.373,16.360
KKFLN,4118,9.374,16.361
KKFLN,4119,9.375,16.363
KKFLN,4120,9.376,16.364
KKFLN,4121,9.376,16.366
KKFLN,4122,9.377,16.367
KKFLN,4123,9.378,16.368
KKFLN,4124,9.379,16.370
KKFLN,4125,9.380,16.371
KKFLN,4126,9.380,16.372
KKFLN,4127,9.381,16.374
KKFLN,4128,9.382,16.375
KKFLN,4129,9.383,16.377
KKFLN,4130,9.383,16.378
KKFLN,4131,9.384,16.379
KKFLN,4132,9.385,16.381
KKFLN,4133,9.386,16.382
KKFLN,4134,9.387,16.383
KKFLN,4135,9.387,16.385
KKFLN,4136,9.388,16.386
KKFLN,4137,9.389,16.387
KKFLN,4138,9.390,16.389
KKFLN,4139,9.390,16.390
KKFLN,4140,9.391,16.392
KKFLN,4141,9.392,16.393
KKFLN,4142,9.393,16.394
KKFLN,4143,9.394,16.396
KKFLN,4144,9.394,16.397
KKFLN,4145,9.395,16.398
KKFLN,4146,9.396,16.400
KKFLN,4147,9.397,16.401
KKFLN,4148,9.397,16.403
KKFLN,4149,9.398,16.404
KKFLN,4150,9.399,16.405
KKFLN,4151,9.400,16.407
KKFLN,4152,9.401,16.408
KKFLN,4153,9.401,16.409
KKFLN,4154,9.402,16.411
KKFLN,4155,9.403,16.412
KKFLN,4156,9.404,16.414
KKFLN,4157,9.404,16.415
KKFLN,4158,9.405,16.416
KKFLN,4159,9.406,16.418
KKFLN,4160,9.407,16.419
KKFLN,4161,9.408,16.420
KKFLN,4162,9.408,16.422
KKFLN,4163,9.409,16.423
KKFLN,4164,9.410,16.425
KKFLN,4165,9.411,16.426
KKFLN,4166,9.412,16.427
KKFLN,4167,9.412,16.429
KKFLN,4168,9.413,16.430
KKFLN,4169,9.414,16.432
KKFLN,4170,9.415,16.433
KKFLN,4171,9.415,16.434
KKFLN,4172,9.416,16.436
KKFLN,4173,9.417,16.437
KKFLN,4174,9.418,16.438
KKFLN,4175,9.419,16.440
KKFLN,4176,9.419,16.441
KKFLN,4177,9.420,16.443
KKFLN,4178,9.421,16.444
KKFLN,4179,9.422,16.445
KKFLN,4180,9.423,16.447
KKFLN,4181,9.423,16.448
KKFLN,4182,9.424,16.449
KKFLN,4183,9.425,16.451
KKFLN,4184,9.426,16.452
KKFLN,4185,9.426,16.454
KKFLN,4186,9.427,16.455
KKFLN,4187,9.428,16.456
KKFLN,4188,9.429,16.458
KKFLN,4189,9.430,16.459
KKFLN,4190,9.430,16.461
KKFLN,4191,9.431,16.462
KKFLN,4192,9.432,16.463
KKFLN,4193,9.433,16.465
KKFLN,4194,9.434,16.466
KKFLN,4195,9.434,16.468
KKFLN,4196,9.435,16.469
KKFLN,4197,9.436,16.470
KKFLN,4198,9.437,16.472
KKFLN,4199,9.437,16.473
KKFLN,4200,9.438,16.474
KKFLN,4201,9.439,16.476
KKFLN,4202,9.440,16.477
KKFLN,4203,9.441,16.479
KKFLN,4204,9.441,16.480
KKFLN,4205,9.442,16.481
KKFLN,4206,9.443,16.483
KKFLN,4207,9.444,16.484
KKFLN,4208,9.445,16.486
KKFLN,4209,9.445,16.487
KKFLN,4210,9.446,16.488
KKFLN,4211,9.447,16.490
KKFLN,4212,9.448,16.491
KKFLN,4213,9.449,16.493
KKFLN,4214,9.449,16.494
KKFLN,4215,9.450,16.495
KKFLN,4216,9.451,16.497
KKFLN,4217,9.452,16.498
KKFLN,4218,9.452,16.499
KKFLN,4219,9.453,16.501
KKFLN,4220,9.454,16.502
KKFLN,4221,9.455,16.504
KKFLN,4222,9.456,16.505
KKFLN,4223,9.456,16.506
KKFLN,4224,9.457,16.508
KKFLN,4225,9.458,16.509
KKFLN,4226,9.459,16.511
KKFLN,4227,9.460,16.512
KKFLN,4228,9.460,16.513
KKFLN,4229,9.461,16.515
KKFLN,4230,9.462,16.516
KKFLN,4231,9.463,16.518
KKFLN,4232,9.464,16.519
KKFLN,4233,9.464,16.520
KKFLN,4234,9.465,16.522
KKFLN,4235,9.466,16.523
KKFLN,4236,9.467,16.525
KKFLN,4237,9.468,16.526
KKFLN,4238,9.468,16.527
KKFLN,4239,9.469,16.529
KKFLN,4240,9.470,16.530
KKFLN,4241,9.471,16.532
KKFLN,4242,9.471,16.533
KKFLN,4243,9.472,16.534
KKFLN,4244,9.473,16.536
KKFLN,4245,9.474,16.537
KKFLN,4246,9.475,16.539
KKFLN,4247,9.475,16.540
KKFLN,4248,9.476,16.541
KKFLN,4249,9.477,16.543
KKFLN,4250,9.478,16.544
KKFLN,4251,9.479,16.546
KKFLN,4252,9.479,16.547
KKFLN,4253,9.480,16.548
KKFLN,4254,9.481,16.550
KKFLN,4255,9.482,16.551
KKFLN,4256,9.483,16.553
KKFLN,4257,9.483,16.554
KKFLN,4258,9.484,16.555
KKFLN,4259,9.485,16.556
KKFLN,4260,9.485,16.557
KKFLN,4261,9.486,16.559
KKFLN,4262,9.487,16.560
KKFLN,4263,9.487,16.561
KKFLN,4264,9.488,16.562
KKFLN,4265,9.489,16.563
KKFLN,4266,9.489,16.564
KKFLN,4267,9.490,16.565
KKFLN,4268,9.490,16.566
KKFLN,4269,9.491,16.567
KKFLN,4270,9.492,16.568
KKFLN,4271,9.492,16.570
KKFLN,4272,9.493,16.571
KKFLN,4273,9.494,16.572
KKFLN,4274,9.494,16.573
KKFLN,4275,9.495,16.574
KKFLN,4276,9.495,16.575
KKFLN,4277,9.496,16.576
KKFLN,4278,9.497,16.577
KKFLN,4279,9.497,16.578
KKFLN,4280,9.498,16.580
KKFLN,4281,9.499,16.581
KKFLN,4282,9.499,16.582
KKFLN,4283,9.500,16.583
KKFLN,4284,9.500,16.584
KKFLN,4285,9.501,16.585
KKFLN,4286,9.502,16.586
KKFLN,4287,9.502,16.587
KKFLN,4288,9.503,16.588
KKFLN,4289,9.504,16.589
KKFLN,4290,9.504,16.591
KKFLN,4291,9.505,16.592
KKFLN,4292,9.505,16.593
KKFLN,4293,9.506,16.594
KKFLN,4294,9.507,16.595
KKFLN,4295,9.507,16.596
KKFLN,4296,9.508,16.597
KKFLN,4297,9.509,16.598
KKFLN,4298,9.509,16.599
KKFLN,4299,9.510,16.601
KKFLN,4300,9.511,16.602
KKFLN,4301,9.511,16.603
KKFLN,4302,9.512,16.604
KKFLN,4303,9.512,16.605
KKFLN,4304,9.513,16.606
KKFLN,4305,9.514,16.607
KKFLN,4306,9.514,16.608
KKFLN,4307,9.515,16.610
KKFLN,4308,9.516,16.611
KKFLN,4309,9.516,16.612
KKFLN,4310,9.517,16.613
KKFLN,4311,9.517,16.614
KKFLN,4312,9.518,16.615
KKFLN,4313,9.519,16.616
KKFLN,4314,9.519,16.617
KKFLN,4315,9.520,16.618
KKFLN,4316,9.521,16.620
KKFLN,4317,9.521,16.621
KKFLN,4318,9.522,16.622
KKFLN,4319,9.523,16.623
KKFLN,4320,9.523,16.624
KKFLN,4321,9.524,16.625
KKFLN,4322,9.524,16.626
KKFLN,4323,9.525,16.627
KKFLN,4324,9.526,16.629
KKFLN,4325,9.526,16.630
KKFLN,4326,9.527,16.631
KKFLN,4327,9.528,16.632
KKFLN,4328,9.528,16.633
KKFLN,4329,9.529,16.634
KKFLN,4330,9.530,16.635
KKFLN,4331,9.530,16.636
KKFLN,4332,9.531,16.637
KKFLN,4333,9.531,16.639
KKFLN,4334,9.532,16.640
KKFLN,4335,9.533,16.641
KKFLN,4336,9.533,16.642
KKFLN,4337,9.534,16.643
KKFLN,4338,9.535,16.644
KKFLN,4339,9.535,16.645
KKFLN,4340,9.536,16.646
KKFLN,4341,9.537,16.648
KKFLN,4342,9.537,16.649
KKFLN,4343,9.538,16.650
KKFLN,4344,9.538,16.651
KKFLN,4345,9.539,16.652
KKFLN,4346,9.540,16.653
KKFLN,4347,9.540,16.654
KKFLN,4348,9.541,16.656
KKFLN,4349,9.542,16.657
KKFLN,4350,9.542,16.658
KKFLN,4351,9.543,16.659
KKFLN,4352,9.544,16.660
KKFLN,4353,9.544,16.661
KKFLN,4354,9.545,16.662
KKFLN,4355,9.546,16.663
KKFLN,4356,9.546,16.665
KKFLN,4357,9.547,16.666
KKFLN,4358,9.547,16.667
KKFLN,4359,9.548,16.668
KKFLN,4360,9.549,16.669
KKFLN,4361,9.549,16.670
KKFLN,4362,9.550,16.671
KKFLN,4363,9.551,16.672
KKFLN,4364,9.551,16.674
KKFLN,4365,9.552,16.675
KKFLN,4366,9.553,16.676
KKFLN,4367,9.553,16.677
KKFLN,4368,9.554,16.678
KKFLN,4369,9.555,16.679
KKFLN,4370,9.555,16.680
KKFLN,4371,9.556,16.682
KKFLN,4372,9.556,16.683
KKFLN,4373,9.557,16.684
KKFLN,4374,9.558,16.685
KKFLN,4375,9.558,16.686
KKFLN,4376,9.559,16.687
KKFLN,4377,9.560,16.688
KKFLN,4378,9.560,16.689
KKFLN,4379,9.561,16.691
KKFLN,4380,9.562,16.692
KKFLN,4381,9.562,16.693
KKFLN,4382,9.563,16.694
KKFLN,4383,9.564,16.695
KKFLN,4384,9.564,16.696
KKFLN,4385,9.565,16.697
KKFLN,4386,9.566,16.699
KKFLN,4387,9.566,16.700
KKFLN,4388,9.567,16.701
KKFLN,4389,9.567,16.702
KKFLN,4390,9.568,16.703
KKFLN,4391,9.569,16.704
KKFLN,4392,9.569,16.705
KKFLN,4393,9.570,16.707
KKFLN,4394,9.571,16.708
KKFLN,4395,9.571,16.709
KKFLN,4396,9.572,16.710
KKFLN,4397,9.573,16.711
KKFLN,4398,9.573,16.712
KKFLN,4399,9.574,16.713
KKFLN,4400,9.575,16.715
KKFLN,4401,9.575,16.716
KKFLN,4402,9.576,16.717
KKFLN,4403,9.577,16.718
KKFLN,4404,9.577,16.719
KKFLN,4405,9.578,16.720
KKFLN,4406,9.578,16.721
KKFLN,4407,9.579,16.723
KKFLN,4408,9.580,16.724
KKFLN,4409,9.580,16.725
KKFLN,4410,9.581,16.726
KKFLN,4411,9.582,16.727
KKFLN,4412,9.582,16.728
KKFLN,4413,9.583,16.729
KKFLN,4414,9.584,16.731
KKFLN,4415,9.584,16.732
KKFLN,4416,9.585,16.733
KKFLN,4417,9.586,16.734
KKFLN,4418,9.586,16.735
KKFLN,4419,9.587,16.736
KKFLN,4420,9.588,16.737
KKFLN,4421,9.588,16.739
KKFLN,4422,9.589,16.740
KKFLN,4423,9.590,16.741
KKFLN,4424,9.590,16.742
KKFLN,4425,9.591,16.743
KKFLN,4426,9.591,16.744
KKFLN,4427,9.592,16.746
KKFLN,4428,9.593,16.747
KKFLN,4429,9.593,16.748
KKFLN,4430,9.594,16.749
KKFLN,4431,9.595,16.750
KKFLN,4432,9.595,16.751
KKFLN,4433,9.596,16.752
KKFLN,4434,9.597,16.754
KKFLN,4435,9.597,16.755
KKFLN,4436,9.598,16.756
KKFLN,4437,9.599,16.757
KKFLN,4438,9.599,16.758
KKFLN,4439,9.600,16.759
KKFLN,4440,9.601,16.760
KKFLN,4441,9.601,16.762
KKFLN,4442,9.602,16.763
KKFLN,4443,9.603,16.764
KKFLN,4444,9.603,16.765
KKFLN,4445,9.604,16.766
KKFLN,4446,9.605,16.767
KKFLN,4447,9.605,16.769
KKFLN,4448,9.606,16.770
KKFLN,4449,9.607,16.771
KKFLN,4450,9.607,16.772
KKFLN,4451,9.608,16.773
KKFLN,4452,9.609,16.774
KKFLN,4453,9.609,16.776
KKFLN,4454,9.610,16.777
KKFLN,4455,9.610,16.778
KKFLN,4456,9.611,16.779
KKFLN,4457,9.612,16.780
KKFLN,4458,9.612,16.781
KKFLN,4459,9.613,16.782
KKFLN,4460,9.614,16.784
KKFLN,4461,9.614,16.785
KKFLN,4462,9.615,16.786
KKFLN,4463,9.616,16.787
KKFLN,4464,9.616,16.788
KKFLN,4465,9.617,16.789
KKFLN,4466,9.618,16.791
KKFLN,4467,9.618,16.792
KKFLN,4468,9.619,16.793
KKFLN,4469,9.620,16.794
KKFLN,4470,9.620,16.795
KKFLN,4471,9.621,16.796
KKFLN,4472,9.622,16.798
KKFLN,4473,9.622,16.799
KKFLN,4474,9.623,16.800
KKFLN,4475,9.624,16.801
KKFLN,4476,9.624,16.802
KKFLN,4477,9.625,16.803
KKFLN,4478,9.626,16.805
KKFLN,4479,9.626,16.806
KKFLN,4480,9.627,16.807
KKFLN,4481,9.628,16.808
KKFLN,4482,9.628,16.809
KKFLN,4483,9.629,16.810
KKFLN,4484,9.630,16.812
KKFLN,4485,9.630,16.813
KKFLN,4486,9.631,16.814
KKFLN,4487,9.632,16.815
KKFLN,4488,9.632,16.816
KKFLN,4489,9.633,16.817
KKFLN,4490,9.634,16.819
KKFLN,4491,9.634,16.820
KKFLN,4492,9.635,16.821
KKFLN,4493,9.636,16.822
KKFLN,4494,9.636,16.823
KKFLN,4495,9.637,16.824
KKFLN,4496,9.638,16.826
KKFLN,4497,9.638,16.827
KKFLN,4498,9.639,16.828
KKFLN,4499,9.640,16.829
KKFLN,4500,9.640,16.830
KKFLN,4501,9.641,16.831
KKFLN,4502,9.642,16.833
KKFLN,4503,9.642,16.834
KKFLN,4504,9.643,16.835
KKFLN,4505,9.644,16.836
KKFLN,4506,9.644,16.837
KKFLN,4507,9.645,16.838
KKFLN,4508,9.646,16.840
KKFLN,4509,9.646,16.841
KKFLN,4510,9.647,16.842
KKFLN,4511,9.648,16.843
KKFLN,4512,9.648,16.844
KKFLN,4513,9.649,16.846
KKFLN,4514,9.650,16.847
KKFLN,4515,9.650,16.848
KKFLN,4516,9.651,16.849
KKFLN,4517,9.652,16.850
KKFLN,4518,9.652,16.851
KKFLN,4519,9.653,16.853
KKFLN,4520,9.654,16.854
KKFLN,4521,9.654,16.855
KKFLN,4522,9.655,16.856
KKFLN,4523,9.656,16.857
KKFLN,4524,9.656,16.858
KKFLN,4525,9.657,16.860
KKFLN,4526,9.658,16.861
KKFLN,4527,9.658,16.862
KKFLN,4528,9.659,16.863
KKFLN,4529,9.660,16.864
KKFLN,4530,9.660,16.866
KKFLN,4531,9.661,16.867
KKFLN,4532,9.662,16.868
KKFLN,4533,9.662,16.869
KKFLN,4534,9.663,16.870
KKFLN,4535,9.664,16.871
KKFLN,4536,9.664,16.873
KKFLN,4537,9.665,16.874
KKFLN,4538,9.666,16.875
KKFLN,4539,9.666,16.876
KKFLN,4540,9.667,16.877
KKFLN,4541,9.668,16.879
KKFLN,4542,9.668,16.880
KKFLN,4543,9.669,16.881
KKFLN,4544,9.670,16.882
KKFLN,4545,9.670,16.883
KKFLN,4546,9.671,16.884
KKFLN,4547,9.672,16.886
KKFLN,4548,9.672,16.887
KKFLN,4549,9.673,16.888
KKFLN,4550,9.674,16.889
KKFLN,4551,9.674,16.890
KKFLN,4552,9.675,16.892
KKFLN,4553,9.676,16.893
KKFLN,4554,9.676,16.894
KKFLN,4555,9.677,16.895
KKFLN,4556,9.678,16.896
KKFLN,4557,9.678,16.898
KKFLN,4558,9.679,16.899
KKFLN,4559,9.680,16.900
KKFLN,4560,9.680,16.901
KKFLN,4561,9.681,16.902
KKFLN,4562,9.682,16.903
KKFLN,4563,9.682,16.905
KKFLN,4564,9.683,16.906
KKFLN,4565,9.684,16.907
KKFLN,4566,9.684,16.908
KKFLN,4567,9.685,16.909
KKFLN,4568,9.686,16.911
KKFLN,4569,9.687,16.912
KKFLN,4570,9.687,16.913
KKFLN,4571,9.688,16.914
KKFLN,4572,9.689,16.915
KKFLN,4573,9.689,16.917
KKFLN,4574,9.690,16.918
KKFLN,4575,9.691,16.919
KKFLN,4576,9.691,16.920
KKFLN,4577,9.692,16.921
KKFLN,4578,9.693,16.923
KKFLN,4579,9.693,16.924
KKFLN,4580,9.694,16.925
KKFLN,4581,9.695,16.926
KKFLN,4582,9.695,16.927
KKFLN,4583,9.696,16.929
KKFLN,4584,9.697,16.930
KKFLN,4585,9.697,16.931
KKFLN,4586,9.698,16.932
KKFLN,4587,9.699,16.933
KKFLN,4588,9.699,16.934
KKFLN,4589,9.700,16.936
KKFLN,4590,9.701,16.937
KKFLN,4591,9.701,16.938
KKFLN,4592,9.702,16.939
KKFLN,4593,9.703,16.940
KKFLN,4594,9.703,16.942
KKFLN,4595,9.704,16.943
KKFLN,4596,9.705,16.944
KKFLN,4597,9.706,16.945
KKFLN,4598,9.706,16.946
KKFLN,4599,9.707,16.948
KKFLN,4600,9.708,16.949
KKFLN,4601,9.708,16.950
KKFLN,4602,9.709,16.951
KKFLN,4603,9.709,16.952
KKFLN,4604,9.710,16.952
KKFLN,4605,9.710,16.953
KKFLN,4606,9.710,16.954
KKFLN,4607,9.711,16.955
KKFLN,4608,9.711,16.955
KKFLN,4609,9.712,16.956
KKFLN,4610,9.712,16.957
KKFLN,4611,9.712,16.957
KKFLN,4612,9.713,16.958
KKFLN,4613,9.713,16.959
KKFLN,4614,9.714,16.959
KKFLN,4615,9.714,16.960
KKFLN,4616,9.714,16.961
KKFLN,4617,9.715,16.962
KKFLN,4618,9.715,16.962
KKFLN,4619,9.716,16.963
KKFLN,4620,9.716,16.964
KKFLN,4621,9.716,16.964
KKFLN,4622,9.717,16.965
KKFLN,4623,9.717,16.966
KKFLN,4624,9.718,16.966
KKFLN,4625,9.718,16.967
KKFLN,4626,9.718,16.968
KKFLN,4627,9.719,16.969
KKFLN,4628,9.719,16.969
KKFLN,4629,9.720,16.970
KKFLN,4630,9.720,16.971
KKFLN,4631,9.720,16.971
KKFLN,4632,9.721,16.972
KKFLN,4633,9.721,16.973
KKFLN,4634,9.722,16.974
KKFLN,4635,9.722,16.974
KKFLN,4636,9.722,16.975
KKFLN,4637,9.723,16.976
KKFLN,4638,9.723,16.976
KKFLN,4639,9.724,16.977
KKFLN,4640,9.724,16.978
KKFLN,4641,9.724,16.979
KKFLN,4642,9.725,16.979
KKFLN,4643,9.725,16.980
KKFLN,4644,9.726,16.981
KKFLN,4645,9.726,16.981
KKFLN,4646,9.726,16.982
KKFLN,4647,9.727,16.983
KKFLN,4648,9.727,16.984
KKFLN,4649,9.728,16.984
KKFLN,4650,9.728,16.985
KKFLN,4651,9.728,16.986
KKFLN,4652,9.729,16.986
KKFLN,4653,9.729,16.987
KKFLN,4654,9.730,16.988
KKFLN,4655,9.730,16.989
KKFLN,4656,9.730,16.989
KKFLN,4657,9.731,16.990
KKFLN,4658,9.731,16.991
KKFLN,4659,9.732,16.991
KKFLN,4660,9.732,16.992
KKFLN,4661,9.733,16.993
KKFLN,4662,9.733,16.994
KKFLN,4663,9.733,16.994
KKFLN,4664,9.734,16.995
KKFLN,4665,9.734,16.996
KKFLN,4666,9.735,16.997
KKFLN,4667,9.735,16.997
KKFLN,4668,9.735,16.998
KKFLN,4669,9.736,16.999
KKFLN,4670,9.736,16.999
KKFLN,4671,9.737,17.000
KKFLN,4672,9.737,17.001
KKFLN,4673,9.737,17.002
KKFLN,4674,9.738,17.002
KKFLN,4675,9.738,17.003
KKFLN,4676,9.739,17.004
KKFLN,4677,9.739,17.004
KKFLN,4678,9.740,17.005
KKFLN,4679,9.740,17.006
KKFLN,4680,9.740,17.007
KKFLN,4681,9.741,17.007
KKFLN,4682,9.741,17.008
KKFLN,4683,9.742,17.009
KKFLN,4684,9.742,17.010
KKFLN,4685,9.742,17.010
KKFLN,4686,9.743,17.011
KKFLN,4687,9.743,17.012
KKFLN,4688,9.744,17.012
KKFLN,4689,9.744,17.013
KKFLN,4690,9.744,17.014
KKFLN,4691,9.745,17.015
KKFLN,4692,9.745,17.015
KKFLN,4693,9.746,17.016
KKFLN,4694,9.746,17.017
KKFLN,4695,9.747,17.018
KKFLN,4696,9.747,17.018
KKFLN,4697,9.747,17.019
KKFLN,4698,9.748,17.020
KKFLN,4699,9.748,17.021
KKFLN,4700,9.749,17.021
KKFLN,4701,9.749,17.022
KKFLN,4702,9.749,17.023
KKFLN,4703,9.750,17.023
KKFLN,4704,9.750,17.024
KKFLN,4705,9.751,17.025
KKFLN,4706,9.751,17.026
KKFLN,4707,9.752,17.026
KKFLN,4708,9.752,17.027
KKFLN,4709,9.752,17.028
KKFLN,4710,9.753,17.029
KKFLN,4711,9.753,17.029
KKFLN,4712,9.754,17.030
KKFLN,4713,9.754,17.031
KKFLN,4714,9.754,17.032
KKFLN,4715,9.755,17.032
KKFLN,4716,9.755,17.033
KKFLN,4717,9.756,17.034
KKFLN,4718,9.756,17.035
KKFLN,4719,9.757,17.035
KKFLN,4720,9.757,17.036
KKFLN,4721,9.757,17.037
KKFLN,4722,9.758,17.037
KKFLN,4723,9.758,17.038
KKFLN,4724,9.759,17.039
KKFLN,4725,9.759,17.040
KKFLN,4726,9.759,17.040
KKFLN,4727,9.760,17.041
KKFLN,4728,9.760,17.042
KKFLN,4729,9.761,17.043
KKFLN,4730,9.761,17.043
KKFLN,4731,9.762,17.044
KKFLN,4732,9.762,17.045
KKFLN,4733,9.762,17.046
KKFLN,4734,9.763,17.046
KKFLN,4735,9.763,17.047
KKFLN,4736,9.764,17.048
KKFLN,4737,9.764,17.049
KKFLN,4738,9.765,17.049
KKFLN,4739,9.765,17.050
KKFLN,4740,9.765,17.051
KKFLN,4741,9.766,17.052
KKFLN,4742,9.766,17.052
KKFLN,4743,9.767,17.053
KKFLN,4744,9.767,17.054
KKFLN,4745,9.768,17.055
KKFLN,4746,9.768,17.055
KKFLN,4747,9.768,17.056
KKFLN,4748,9.769,17.057
KKFLN,4749,9.769,17.058
KKFLN,4750,9.770,17.058
KKFLN,4751,9.770,17.059
KKFLN,4752,9.771,17.060
KKFLN,4753,9.771,17.061
KKFLN,4754,9.771,17.061
KKFLN,4755,9.772,17.062
KKFLN,4756,9.772,17.063
KKFLN,4757,9.773,17.064
KKFLN,4758,9.773,17.064
KKFLN,4759,9.773,17.065
KKFLN,4760,9.774,17.066
KKFLN,4761,9.774,17.067
KKFLN,4762,9.775,17.067
KKFLN,4763,9.775,17.068
KKFLN,4764,9.776,17.069
KKFLN,4765,9.776,17.070
KKFLN,4766,9.776,17.070
KKFLN,4767,9.777,17.071
KKFLN,4768,9.777,17.072
KKFLN,4769,9.778,17.073
KKFLN,4770,9.778,17.073
KKFLN,4771,9.779,17.074
KKFLN,4772,9.779,17.075
KKFLN,4773,9.779,17.076
KKFLN,4774,9.780,17.076
KKFLN,4775,9.780,17.077
KKFLN,4776,9.781,17.078
KKFLN,4777,9.781,17.079
KKFLN,4778,9.782,17.080
KKFLN,4779,9.782,17.080
KKFLN,4780,9.783,17.081
KKFLN,4781,9.783,17.082
KKFLN,4782,9.783,17.083
KKFLN,4783,9.784,17.083
KKFLN,4784,9.784,17.084
KKFLN,4785,9.785,17.085
KKFLN,4786,9.785,17.086
KKFLN,4787,9.786,17.086
KKFLN,4788,9.786,17.087
KKFLN,4789,9.786,17.088
KKFLN,4790,9.787,17.089
KKFLN,4791,9.787,17.089
KKFLN,4792,9.788,17.090
KKFLN,4793,9.788,17.091
KKFLN,4794,9.789,17.092
KKFLN,4795,9.789,17.092
KKFLN,4796,9.789,17.093
KKFLN,4797,9.790,17.094
KKFLN,4798,9.790,17.095
KKFLN,4799,9.791,17.096
KKFLN,4800,9.791,17.096
KKFLN,4801,9.792,17.097
KKFLN,4802,9.792,17.098
KKFLN,4803,9.792,17.099
KKFLN,4804,9.793,17.099
KKFLN,4805,9.793,17.100
KKFLN,4806,9.794,17.101
KKFLN,4807,9.794,17.102
KKFLN,4808,9.795,17.102
KKFLN,4809,9.795,17.103
KKFLN,4810,9.796,17.104
KKFLN,4811,9.796,17.105
KKFLN,4812,9.796,17.106
KKFLN,4813,9.797,17.106
KKFLN,4814,9.797,17.107
KKFLN,4815,9.798,17.108
KKFLN,4816,9.798,17.109
KKFLN,4817,9.799,17.109
KKFLN,4818,9.799,17.110
KKFLN,4819,9.799,17.111
KKFLN,4820,9.800,17.112
KKFLN,4821,9.800,17.112
KKFLN,4822,9.801,17.113
KKFLN,4823,9.801,17.114
KKFLN,4824,9.802,17.115
KKFLN,4825,9.802,17.116
KKFLN,4826,9.803,17.116
KKFLN,4827,9.803,17.117
KKFLN,4828,9.803,17.118
KKFLN,4829,9.804,17.119
KKFLN,4830,9.804,17.119
KKFLN,4831,9.805,17.120
KKFLN,4832,9.805,17.121
KKFLN,4833,9.806,17.122
KKFLN,4834,9.806,17.123
KKFLN,4835,9.807,17.123
KKFLN,4836,9.807,17.124
KKFLN,4837,9.807,17.125
KKFLN,4838,9.808,17.126
KKFLN,4839,9.808,17.126
KKFLN,4840,9.809,17.127
KKFLN,4841,9.809,17.128
KKFLN,4842,9.810,17.129
KKFLN,4843,9.810,17.130
KKFLN,4844,9.810,17.130
KKFLN,4845,9.811,17.131
KKFLN,4846,9.811,17.132
KKFLN,4847,9.812,17.133
KKFLN,4848,9.812,17.134
KKFLN,4849,9.813,17.134
KKFLN,4850,9.813,17.135
KKFLN,4851,9.814,17.136
KKFLN,4852,9.814,17.137
KKFLN,4853,9.814,17.137
KKFLN,4854,9.815,17.138
KKFLN,4855,9.815,17.139
KKFLN,4856,9.816,17.140
KKFLN,4857,9.816,17.141
KKFLN,4858,9.817,17.141
KKFLN,4859,9.817,17.142
KKFLN,4860,9.818,17.143
KKFLN,4861,9.818,17.144
KKFLN,4862,9.819,17.145
KKFLN,4863,9.819,17.145
KKFLN,4864,9.819,17.146
KKFLN,4865,9.820,17.147
KKFLN,4866,9.820,17.148
KKFLN,4867,9.821,17.148
KKFLN,4868,9.821,17.149
KKFLN,4869,9.822,17.150
KKFLN,4870,9.822,17.151
KKFLN,4871,9.823,17.152
KKFLN,4872,9.823,17.152
KKFLN,4873,9.823,17.153
KKFLN,4874,9.824,17.154
KKFLN,4875,9.824,17.155
KKFLN,4876,9.825,17.156
KKFLN,4877,9.825,17.156
KKFLN,4878,9.826,17.157
KKFLN,4879,9.826,17.158
KKFLN,4880,9.827,17.159
KKFLN,4881,9.827,17.160
KKFLN,4882,9.827,17.160
KKFLN,4883,9.828,17.161
KKFLN,4884,9.828,17.162
KKFLN,4885,9.829,17.163
KKFLN,4886,9.829,17.164
KKFLN,4887,9.830,17.164
KKFLN,4888,9.830,17.165
KKFLN,4889,9.831,17.166
KKFLN,4890,9.831,17.167
KKFLN,4891,9.832,17.167
KKFLN,4892,9.832,17.168
KKFLN,4893,9.832,17.169
KKFLN,4894,9.833,17.170
KKFLN,4895,9.833,17.171
KKFLN,4896,9.834,17.171
KKFLN,4897,9.834,17.172
KKFLN,4898,9.835,17.173
KKFLN,4899,9.835,17.174
KKFLN,4900,9.836,17.175
KKFLN,4901,9.836,17.175
KKFLN,4902,9.837,17.176
KKFLN,4903,9.837,17.177
KKFLN,4904,9.837,17.178
KKFLN,4905,9.838,17.179
KKFLN,4906,9.838,17.179
KKFLN,4907,9.839,17.180
KKFLN,4908,9.839,17.181
KKFLN,4909,9.840,17.182
KKFLN,4910,9.840,17.183
KKFLN,4911,9.841,17.184
KKFLN,4912,9.841,17.184
KKFLN,4913,9.842,17.185
KKFLN,4914,9.842,17.186
KKFLN,4915,9.842,17.187
KKFLN,4916,9.843,17.188
KKFLN,4917,9.843,17.188
KKFLN,4918,9.844,17.189
KKFLN,4919,9.844,17.190
KKFLN,4920,9.845,17.191
KKFLN,4921,9.845,17.192
KKFLN,4922,9.846,17.192
KKFLN,4923,9.846,17.193
KKFLN,4924,9.847,17.194
KKFLN,4925,9.847,17.195
KKFLN,4926,9.847,17.196
KKFLN,4927,9.848,17.196
KKFLN,4928,9.848,17.197
KKFLN,4929,9.849,17.198
KKFLN,4930,9.849,17.199
KKFLN,4931,9.850,17.200
KKFLN,4932,9.850,17.200
KKFLN,4933,9.851,17.201
KKFLN,4934,9.851,17.202
KKFLN,4935,9.852,17.203
KKFLN,4936,9.852,17.204
KKFLN,4937,9.853,17.205
KKFLN,4938,9.853,17.205
KKFLN,4939,9.853,17.206
KKFLN,4940,9.854,17.207
KKFLN,4941,9.854,17.208
KKFLN,4942,9.855,17.209
KKFLN,4943,9.855,17.209
KKFLN,4944,9.856,17.210
KKFLN,4945,9.856,17.211
KKFLN,4946,9.857,17.212
KKFLN,4947,9.857,17.213
KKFLN,4948,9.858,17.213
KKFLN,4949,9.858,17.214
KKFLN,4950,9.859,17.215
KKFLN,4951,9.859,17.216
KKFLN,4952,9.859,17.217
KKFLN,4953,9.860,17.218
KKFLN,4954,9.860,17.218
KKFLN,4955,9.861,17.219
KKFLN,4956,9.861,17.220
KKFLN,4957,9.862,17.221
KKFLN,4958,9.862,17.222
KKFLN,4959,9.863,17.222
KKFLN,4960,9.863,17.223
KKFLN,4961,9.864,17.224
KKFLN,4962,9.864,17.225
KKFLN,4963,9.865,17.226
KKFLN,4964,9.865,17.227
KKFLN,4965,9.866,17.227
KKFLN,4966,9.866,17.228
KKFLN,4967,9.866,17.229
KKFLN,4968,9.867,17.230
KKFLN,4969,9.867,17.231
KKFLN,4970,9.868,17.232
KKFLN,4971,9.868,17.232
KKFLN,4972,9.869,17.233
KKFLN,4973,9.869,17.234
KKFLN,4974,9.870,17.235
KKFLN,4975,9.870,17.236
KKFLN,4976,9.871,17.236
KKFLN,4977,9.871,17.237
KKFLN,4978,9.872,17.238
KKFLN,4979,9.872,17.239
KKFLN,4980,9.873,17.240
KKFLN,4981,9.873,17.241
KKFLN,4982,9.873,17.241
KKFLN,4983,9.874,17.242
KKFLN,4984,9.874,17.243
KKFLN,4985,9.875,17.244
KKFLN,4986,9.875,17.245
KKFLN,4987,9.876,17.246
KKFLN,4988,9.876,17.246
KKFLN,4989,9.877,17.247
KKFLN,4990,9.877,17.248
KKFLN,4991,9.878,17.249
KKFLN,4992,9.878,17.250
KKFLN,4993,9.879,17.251
KKFLN,4994,9.879,17.251
KKFLN,4995,9.880,17.252
KKFLN,4996,9.880,17.253
KKFLN,4997,9.880,17.254
KKFLN,4998,9.881,17.255
KKFLN,4999,9.881,17.256
KKFLN,5000,9.882,17.256
KKFLN,5001,9.882,17.257
KKFLN,5002,9.883,17.258
KKFLN,5003,9.883,17.259
KKFLN,5004,9.884,17.260
KKFLN,5005,9.884,17.261
KKFLN,5006,9.885,17.261
KKFLN,5007,9.885,17.262
KKFLN,5008,9.886,17.263
KKFLN,5009,9.886,17.264
KKFLN,5010,9.887,17.265
KKFLN,5011,9.887,17.266
KKFLN,5012,9.888,17.266
KKFLN,5013,9.888,17.267
KKFLN,5014,9.889,17.268
KKFLN,5015,9.889,17.269
KKFLN,5016,9.889,17.270
KKFLN,5017,9.890,17.271
KKFLN,5018,9.890,17.271
KKFLN,5019,9.891,17.272
KKFLN,5020,9.891,17.273
KKFLN,5021,9.892,17.274
KKFLN,5022,9.892,17.275
KKFLN,5023,9.893,17.276
KKFLN,5024,9.893,17.276
KKFLN,5025,9.894,17.277
KKFLN,5026,9.894,17.278
KKFLN,5027,9.895,17.279
KKFLN,5028,9.895,17.280
KKFLN,5029,9.896,17.281
KKFLN,5030,9.896,17.281
KKFLN,5031,9.897,17.282
KKFLN,5032,9.897,17.283
KKFLN,5033,9.898,17.284
KKFLN,5034,9.898,17.285
KKFLN,5035,9.899,17.286
KKFLN,5036,9.899,17.287
KKFLN,5037,9.900,17.287
KKFLN,5038,9.900,17.288
KKFLN,5039,9.900,17.289
KKFLN,5040,9.901,17.290
KKFLN,5041,9.901,17.291
KKFLN,5042,9.902,17.292
KKFLN,5043,9.902,17.292
KKFLN,5044,9.903,17.293
KKFLN,5045,9.903,17.294
KKFLN,5046,9.904,17.295
KKFLN,5047,9.904,17.296
KKFLN,5048,9.905,17.297
KKFLN,5049,9.905,17.298
KKFLN,5050,9.906,17.298
KKFLN,5051,9.906,17.299
KKFLN,5052,9.907,17.300
KKFLN,5053,9.907,17.301
KKFLN,5054,9.908,17.302
KKFLN,5055,9.908,17.303
KKFLN,5056,9.909,17.303
KKFLN,5057,9.909,17.304
KKFLN,5058,9.910,17.305
KKFLN,5059,9.910,17.306
KKFLN,5060,9.911,17.307
KKFLN,5061,9.911,17.308
KKFLN,5062,9.912,17.309
KKFLN,5063,9.912,17.309
KKFLN,5064,9.913,17.310
KKFLN,5065,9.913,17.311
KKFLN,5066,9.913,17.312
KKFLN,5067,9.914,17.313
KKFLN,5068,9.914,17.314
KKFLN,5069,9.915,17.315
KKFLN,5070,9.915,17.315
KKFLN,5071,9.916,17.316
KKFLN,5072,9.916,17.317
KKFLN,5073,9.917,17.318
KKFLN,5074,9.917,17.319
KKFLN,5075,9.918,17.320
KKFLN,5076,9.918,17.321
KKFLN,5077,9.919,17.321
KKFLN,5078,9.919,17.322
KKFLN,5079,9.920,17.323
KKFLN,5080,9.920,17.324
KKFLN,5081,9.921,17.325
KKFLN,5082,9.921,17.326
KKFLN,5083,9.922,17.327
KKFLN,5084,9.922,17.327
KKFLN,5085,9.923,17.328
KKFLN,5086,9.923,17.329
KKFLN,5087,9.924,17.330
KKFLN,5088,9.924,17.331
KKFLN,5089,9.925,17.332
KKFLN,5090,9.925,17.333
KKFLN,5091,9.926,17.333
KKFLN,5092,9.926,17.334
KKFLN,5093,9.927,17.335
KKFLN,5094,9.927,17.336
KKFLN,5095,9.928,17.337
KKFLN,5096,9.928,17.338
KKFLN,5097,9.929,17.339
KKFLN,5098,9.929,17.340
KKFLN,5099,9.930,17.340
KKFLN,5100,9.930,17.341
KKFLN,5101,9.931,17.342
KKFLN,5102,9.931,17.343
KKFLN,5103,9.932,17.344
KKFLN,5104,9.932,17.345
KKFLN,5105,9.932,17.346
KKFLN,5106,9.933,17.346
KKFLN,5107,9.933,17.347
KKFLN,5108,9.934,17.348
KKFLN,5109,9.934,17.349
KKFLN,5110,9.935,17.350
KKFLN,5111,9.935,17.351
KKFLN,5112,9.936,17.352
KKFLN,5113,9.936,17.352
KKFLN,5114,9.937,17.353
KKFLN,5115,9.937,17.354
KKFLN,5116,9.938,17.355
KKFLN,5117,9.938,17.356
KKFLN,5118,9.939,17.357
KKFLN,5119,9.939,17.358
KKFLN,5120,9.940,17.359
KKFLN,5121,9.940,17.359
KKFLN,5122,9.941,17.360
KKFLN,5123,9.941,17.361
KKFLN,5124,9.942,17.362
KKFLN,5125,9.942,17.363
KKFLN,5126,9.943,17.364
KKFLN,5127,9.943,17.365
KKFLN,5128,9.944,17.366
KKFLN,5129,9.944,17.366
KKFLN,5130,9.945,17.367
KKFLN,5131,9.945,17.368
KKFLN,5132,9.946,17.369
KKFLN,5133,9.946,17.370
KKFLN,5134,9.947,17.371
KKFLN,5135,9.947,17.372
KKFLN,5136,9.948,17.373
KKFLN,5137,9.948,17.373
KKFLN,5138,9.949,17.374
KKFLN,5139,9.949,17.375
KKFLN,5140,9.950,17.376
KKFLN,5141,9.950,17.377
KKFLN,5142,9.951,17.378
KKFLN,5143,9.951,17.379
KKFLN,5144,9.952,17.380
KKFLN,5145,9.952,17.380
KKFLN,5146,9.953,17.381
KKFLN,5147,9.953,17.382
KKFLN,5148,9.954,17.383
KKFLN,5149,9.954,17.384
KKFLN,5150,9.955,17.385
KKFLN,5151,9.955,17.386
KKFLN,5152,9.956,17.387
KKFLN,5153,9.956,17.388
KKFLN,5154,9.957,17.388
KKFLN,5155,9.957,17.389
KKFLN,5156,9.958,17.390
KKFLN,5157,9.958,17.391
KKFLN,5158,9.959,17.392
KKFLN,5159,9.959,17.393
KKFLN,5160,9.960,17.394
KKFLN,5161,9.960,17.395
KKFLN,5162,9.961,17.395
KKFLN,5163,9.961,17.396
KKFLN,5164,9.962,17.397
KKFLN,5165,9.962,17.398
KKFLN,5166,9.963,17.399
KKFLN,5167,9.963,17.400
KKFLN,5168,9.964,17.401
KKFLN,5169,9.964,17.402
KKFLN,5170,9.965,17.403
KKFLN,5171,9.965,17.403
KKFLN,5172,9.966,17.404
KKFLN,5173,9.966,17.405
KKFLN,5174,9.967,17.406
KKFLN,5175,9.967,17.407
KKFLN,5176,9.968,17.408
KKFLN,5177,9.968,17.409
KKFLN,5178,9.969,17.410
KKFLN,5179,9.969,17.411
KKFLN,5180,9.970,17.411
KKFLN,5181,9.970,17.412
KKFLN,5182,9.971,17.413
KKFLN,5183,9.971,17.414
KKFLN,5184,9.972,17.415
KKFLN,5185,9.972,17.416
KKFLN,5186,9.973,17.417
KKFLN,5187,9.973,17.418
KKFLN,5188,9.974,17.419
KKFLN,5189,9.974,17.419
KKFLN,5190,9.975,17.420
KKFLN,5191,9.975,17.421
KKFLN,5192,9.976,17.422
KKFLN,5193,9.976,17.423
KKFLN,5194,9.977,17.424
KKFLN,5195,9.977,17.425
KKFLN,5196,9.978,17.426
KKFLN,5197,9.978,17.427
KKFLN,5198,9.979,17.427
KKFLN,5199,9.979,17.428
KKFLN,5200,9.980,17.429
KKFLN,5201,9.980,17.430
KKFLN,5202,9.981,17.431
KKFLN,5203,9.981,17.432
KKFLN,5204,9.982,17.433
KKFLN,5205,9.982,17.434
KKFLN,5206,9.983,17.435
KKFLN,5207,9.984,17.436
KKFLN,5208,9.984,17.436
KKFLN,5209,9.985,17.437
KKFLN,5210,9.985,17.438
KKFLN,5211,9.986,17.439
KKFLN,5212,9.986,17.440
KKFLN,5213,9.987,17.441
KKFLN,5214,9.987,17.442
KKFLN,5215,9.988,17.443
KKFLN,5216,9.988,17.444
KKFLN,5217,9.989,17.445
KKFLN,5218,9.989,17.445
KKFLN,5219,9.990,17.446
KKFLN,5220,9.990,17.447
KKFLN,5221,9.991,17.448
KKFLN,5222,9.991,17.449
KKFLN,5223,9.992,17.450
KKFLN,5224,9.992,17.451
KKFLN,5225,9.993,17.452
KKFLN,5226,9.993,17.453
KKFLN,5227,9.994,17.454
KKFLN,5228,9.994,17.455
KKFLN,5229,9.995,17.455
KKFLN,5230,9.995,17.456
KKFLN,5231,9.996,17.457
KKFLN,5232,9.996,17.458
KKFLN,5233,9.997,17.459
KKFLN,5234,9.997,17.460
KKFLN,5235,9.998,17.461
KKFLN,5236,9.998,17.462
KKFLN,5237,9.999,17.463
KKFLN,5238,9.999,17.464
KKFLN,5239,10.000,17.464
KKFLN,5240,10.000,17.465
KKFLN,5241,10.001,17.466
KKFLN,5242,10.001,17.467
KKFLN,5243,10.002,17.468
KKFLN,5244,10.002,17.469
KKFLN,5245,10.003,17.470
KKFLN,5246,10.003,17.471
KKFLN,5247,10.004,17.472
KKFLN,5248,10.005,17.473
KKFLN,5249,10.005,17.474
KKFLN,5250,10.006,17.474
KKFLN,5251,10.006,17.475
KKFLN,5252,10.007,17.476
KKFLN,5253,10.007,17.477
KKFLN,5254,10.008,17.478
KKFLN,5255,10.008,17.479
KKFLN,5256,10.009,17.480
KKFLN,5257,10.009,17.481
KKFLN,5258,10.010,17.482
KKFLN,5259,10.010,17.483
KKFLN,5260,10.011,17.484
KKFLN,5261,10.011,17.485
KKFLN,5262,10.012,17.485
KKFLN,5263,10.012,17.486
KKFLN,5264,10.013,17.487
KKFLN,5265,10.013,17.488
KKFLN,5266,10.014,17.489
KKFLN,5267,10.014,17.490
KKFLN,5268,10.015,17.491
KKFLN,5269,10.015,17.492
KKFLN,5270,10.016,17.493
KKFLN,5271,10.016,17.494
KKFLN,5272,10.017,17.495
KKFLN,5273,10.017,17.496
KKFLN,5274,10.018,17.496
KKFLN,5275,10.019,17.497
KKFLN,5276,10.019,17.498
KKFLN,5277,10.020,17.499
KKFLN,5278,10.020,17.500
KKFLN,5279,10.021,17.501
KKFLN,5280,10.021,17.502
KKFLN,5281,10.022,17.503
KKFLN,5282,10.022,17.504
KKFLN,5283,10.023,17.505
KKFLN,5284,10.023,17.506
KKFLN,5285,10.024,17.507
KKFLN,5286,10.024,17.508
KKFLN,5287,10.025,17.508
KKFLN,5288,10.025,17.509
KKFLN,5289,10.026,17.510
KKFLN,5290,10.026,17.511
KKFLN,5291,10.027,17.512
KKFLN,5292,10.027,17.513
KKFLN,5293,10.028,17.514
KKFLN,5294,10.028,17.515
KKFLN,5295,10.029,17.516
KKFLN,5296,10.030,17.517
KKFLN,5297,10.030,17.518
KKFLN,5298,10.031,17.519
KKFLN,5299,10.031,17.520
KKFLN,5300,10.032,17.520
KKFLN,5301,10.032,17.521
KKFLN,5302,10.033,17.522
KKFLN,5303,10.033,17.523
KKFLN,5304,10.034,17.524
KKFLN,5305,10.034,17.525
KKFLN,5306,10.035,17.526
KKFLN,5307,10.035,17.527
KKFLN,5308,10.036,17.528
KKFLN,5309,10.036,17.529
KKFLN,5310,10.037,17.530
KKFLN,5311,10.037,17.531
KKFLN,5312,10.038,17.532
KKFLN,5313,10.038,17.533
KKFLN,5314,10.039,17.533
KKFLN,5315,10.040,17.534
KKFLN,5316,10.040,17.535
KKFLN,5317,10.041,17.536
KKFLN,5318,10.041,17.537
KKFLN,5319,10.042,17.538
KKFLN,5320,10.042,17.539
KKFLN,5321,10.043,17.540
KKFLN,5322,10.043,17.541
KKFLN,5323,10.044,17.542
KKFLN,5324,10.044,17.543
KKFLN,5325,10.045,17.544
KKFLN,5326,10.045,17.545
KKFLN,5327,10.046,17.546
KKFLN,5328,10.046,17.547
KKFLN,5329,10.047,17.547
KKFLN,5330,10.047,17.548
KKFLN,5331,10.048,17.549
KKFLN,5332,10.049,17.550
KKFLN,5333,10.049,17.551
KKFLN,5334,10.050,17.552
KKFLN,5335,10.050,17.553
KKFLN,5336,10.051,17.554
KKFLN,5337,10.051,17.555
KKFLN,5338,10.052,17.556
KKFLN,5339,10.052,17.557
KKFLN,5340,10.053,17.558
KKFLN,5341,10.053,17.559
KKFLN,5342,10.054,17.560
KKFLN,5343,10.054,17.561
KKFLN,5344,10.055,17.562
KKFLN,5345,10.055,17.562
KKFLN,5346,10.056,17.563
KKFLN,5347,10.056,17.564
KKFLN,5348,10.057,17.565
KKFLN,5349,10.058,17.566
KKFLN,5350,10.058,17.567
KKFLN,5351,10.059,17.568
KKFLN,5352,10.059,17.569
KKFLN,5353,10.060,17.570
KKFLN,5354,10.060,17.571
KKFLN,5355,10.061,17.572
KKFLN,5356,10.061,17.573
KKFLN,5357,10.062,17.574
KKFLN,5358,10.062,17.575
KKFLN,5359,10.063,17.576
KKFLN,5360,10.063,17.577
KKFLN,5361,10.064,17.578
KKFLN,5362,10.065,17.579
KKFLN,5363,10.065,17.579
KKFLN,5364,10.066,17.580
KKFLN,5365,10.066,17.581
KKFLN,5366,10.067,17.582
KKFLN,5367,10.067,17.583
KKFLN,5368,10.068,17.584
KKFLN,5369,10.068,17.585
KKFLN,5370,10.069,17.586
KKFLN,5371,10.069,17.587
KKFLN,5372,10.070,17.588
KKFLN,5373,10.070,17.589
KKFLN,5374,10.071,17.590
KKFLN,5375,10.071,17.591
KKFLN,5376,10.072,17.592
KKFLN,5377,10.073,17.593
KKFLN,5378,10.073,17.594
KKFLN,5379,10.074,17.595
KKFLN,5380,10.074,17.596
KKFLN,5381,10.075,17.597
KKFLN,5382,10.075,17.598
KKFLN,5383,10.076,17.598
KKFLN,5384,10.076,17.599
KKFLN,5385,10.077,17.600
KKFLN,5386,10.077,17.601
KKFLN,5387,10.078,17.602
KKFLN,5388,10.078,17.603
KKFLN,5389,10.079,17.604
KKFLN,5390,10.080,17.605
KKFLN,5391,10.080,17.606
KKFLN,5392,10.081,17.607
KKFLN,5393,10.081,17.608
KKFLN,5394,10.082,17.609
KKFLN,5395,10.082,17.610
KKFLN,5396,10.083,17.611
KKFLN,5397,10.083,17.612
KKFLN,5398,10.084,17.613
KKFLN,5399,10.084,17.614
KKFLN,5400,10.085,17.615
KKFLN,5401,10.086,17.616
KKFLN,5402,10.086,17.617
KKFLN,5403,10.087,17.618
KKFLN,5404,10.087,17.619
KKFLN,5405,10.088,17.619
KKFLN,5406,10.088,17.620
KKFLN,5407,10.089,17.621
KKFLN,5408,10.089,17.622
KKFLN,5409,10.090,17.623
KKFLN,5410,10.090,17.624
KKFLN,5411,10.091,17.625
KKFLN,5412,10.092,17.626
KKFLN,5413,10.092,17.627
KKFLN,5414,10.093,17.628
KKFLN,5415,10.093,17.629
KKFLN,5416,10.094,17.630
KKFLN,5417,10.094,17.631
KKFLN,5418,10.095,17.632
KKFLN,5419,10.095,17.633
KKFLN,5420,10.096,17.634
KKFLN,5421,10.096,17.635
KKFLN,5422,10.097,17.636
KKFLN,5423,10.098,17.637
KKFLN,5424,10.098,17.638
KKFLN,5425,10.099,17.639
KKFLN,5426,10.099,17.640
KKFLN,5427,10.100,17.641
KKFLN,5428,10.100,17.642
KKFLN,5429,10.101,17.643
KKFLN,5430,10.101,17.644
KKFLN,5431,10.102,17.645
KKFLN,5432,10.102,17.645
KKFLN,5433,10.103,17.646
KKFLN,5434,10.104,17.647
KKFLN,5435,10.104,17.648
KKFLN,5436,10.105,17.649
KKFLN,5437,10.105,17.650
KKFLN,5438,10.106,17.651
KKFLN,5439,10.106,17.652
KKFLN,5440,10.107,17.653
KKFLN,5441,10.107,17.654
KKFLN,5442,10.108,17.655
KKFLN,5443,10.108,17.656
KKFLN,5444,10.109,17.657
KKFLN,5445,10.110,17.658
KKFLN,5446,10.110,17.659
KKFLN,5447,10.111,17.660
KKFLN,5448,10.111,17.661
KKFLN,5449,10.112,17.662
KKFLN,5450,10.112,17.663
KKFLN,5451,10.113,17.664
KKFLN,5452,10.113,17.665
KKFLN,5453,10.114,17.666
KKFLN,5454,10.115,17.667
KKFLN,5455,10.115,17.668
KKFLN,5456,10.116,17.669
KKFLN,5457,10.116,17.670
KKFLN,5458,10.117,17.671
KKFLN,5459,10.117,17.672
KKFLN,5460,10.118,17.673
KKFLN,5461,10.118,17.674
KKFLN,5462,10.119,17.675
KKFLN,5463,10.119,17.676
KKFLN,5464,10.120,17.677
KKFLN,5465,10.121,17.678
KKFLN,5466,10.121,17.679
KKFLN,5467,10.122,17.680
KKFLN,5468,10.122,17.680
KKFLN,5469,10.123,17.681
KKFLN,5470,10.123,17.682
KKFLN,5471,10.124,17.683
KKFLN,5472,10.124,17.684
KKFLN,5473,10.125,17.685
KKFLN,5474,10.126,17.686
KKFLN,5475,10.126,17.687
KKFLN,5476,10.127,17.688
KKFLN,5477,10.127,17.689
KKFLN,5478,10.128,17.690
KKFLN,5479,10.128,17.691
KKFLN,5480,10.129,17.692
KKFLN,5481,10.129,17.693
KKFLN,5482,10.130,17.694
KKFLN,5483,10.131,17.695
KKFLN,5484,10.131,17.696
KKFLN,5485,10.132,17.697
KKFLN,5486,10.132,17.698
KKFLN,5487,10.133,17.699
KKFLN,5488,10.133,17.700
KKFLN,5489,10.134,17.701
KKFLN,5490,10.134,17.702
KKFLN,5491,10.135,17.703
KKFLN,5492,10.136,17.704
KKFLN,5493,10.136,17.705
KKFLN,5494,10.137,17.706
KKFLN,5495,10.137,17.707
KKFLN,5496,10.138,17.708
KKFLN,5497,10.138,17.709
KKFLN,5498,10.139,17.710
KKFLN,5499,10.140,17.711
KKFLN,5500,10.140,17.712
KKFLN,5501,10.141,17.713
KKFLN,5502,10.141,17.714
KKFLN,5503,10.142,17.715
KKFLN,5504,10.142,17.716
KKFLN,5505,10.143,17.717
KKFLN,5506,10.143,17.718
KKFLN,5507,10.144,17.719
KKFLN,5508,10.145,17.720
KKFLN,5509,10.145,17.721
KKFLN,5510,10.146,17.722
KKFLN,5511,10.146,17.723
KKFLN,5512,10.147,17.724
KKFLN,5513,10.147,17.725
KKFLN,5514,10.148,17.726
KKFLN,5515,10.148,17.727
KKFLN,5516,10.149,17.728
KKFLN,5517,10.150,17.729
KKFLN,5518,10.150,17.730
KKFLN,5519,10.151,17.731
KKFLN,5520,10.151,17.732
KKFLN,5521,10.152,17.733
KKFLN,5522,10.152,17.734
KKFLN,5523,10.153,17.735
KKFLN,5524,10.154,17.736
KKFLN,5525,10.154,17.737
KKFLN,5526,10.155,17.738
KKFLN,5527,10.155,17.739
KKFLN,5528,10.156,17.740
KKFLN,5529,10.156,17.741
KKFLN,5530,10.157,17.742
KKFLN,5531,10.157,17.743
KKFLN,5532,10.158,17.744
KKFLN,5533,10.159,17.745
KKFLN,5534,10.159,17.746
KKFLN,5535,10.160,17.747
KKFLN,5536,10.160,17.748
KKFLN,5537,10.161,17.749
KKFLN,5538,10.161,17.750
KKFLN,5539,10.162,17.751
KKFLN,5540,10.163,17.752
KKFLN,5541,10.163,17.753
KKFLN,5542,10.164,17.754
KKFLN,5543,10.164,17.755
KKFLN,5544,10.165,17.756
KKFLN,5545,10.165,17.757
KKFLN,5546,10.166,17.758
KKFLN,5547,10.167,17.759
KKFLN,5548,10.167,17.760
KKFLN,5549,10.168,17.761
KKFLN,5550,10.168,17.762
KKFLN,5551,10.169,17.763
KKFLN,5552,10.169,17.764
KKFLN,5553,10.170,17.765
KKFLN,5554,10.170,17.766
KKFLN,5555,10.171,17.767
KKFLN,5556,10.172,17.768
KKFLN,5557,10.172,17.769
KKFLN,5558,10.173,17.770
KKFLN,5559,10.173,17.771
KKFLN,5560,10.174,17.772
KKFLN,5561,10.174,17.773
KKFLN,5562,10.175,17.774
KKFLN,5563,10.176,17.775
KKFLN,5564,10.176,17.776
KKFLN,5565,10.177,17.777
KKFLN,5566,10.177,17.778
KKFLN,5567,10.178,17.779
KKFLN,5568,10.178,17.780
KKFLN,5569,10.179,17.781
KKFLN,5570,10.180,17.782
KKFLN,5571,10.180,17.783
KKFLN,5572,10.181,17.784
KKFLN,5573,10.181,17.785
KKFLN,5574,10.182,17.786
KKFLN,5575,10.182,17.787
KKFLN,5576,10.183,17.788
KKFLN,5577,10.184,17.789
KKFLN,5578,10.184,17.790
KKFLN,5579,10.185,17.791
KKFLN,5580,10.185,17.792
KKFLN,5581,10.186,17.793
KKFLN,5582,10.186,17.794
KKFLN,5583,10.187,17.795
KKFLN,5584,10.188,17.796
KKFLN,5585,10.188,17.797
KKFLN,5586,10.189,17.798
KKFLN,5587,10.189,17.799
KKFLN,5588,10.190,17.800
KKFLN,5589,10.190,17.801
KKFLN,5590,10.191,17.802
KKFLN,5591,10.192,17.803
KKFLN,5592,10.192,17.804
KKFLN,5593,10.193,17.805
KKFLN,5594,10.193,17.806
KKFLN,5595,10.194,17.807
KKFLN,5596,10.194,17.808
KKFLN,5597,10.195,17.809
KKFLN,5598,10.196,17.810
KKFLN,5599,10.196,17.811
KKFLN,5600,10.197,17.812
KKFLN,5601,10.197,17.813
KKFLN,5602,10.198,17.814
KKFLN,5603,10.199,17.815
KKFLN,5604,10.199,17.816
KKFLN,5605,10.200,17.817
KKFLN,5606,10.200,17.818
KKFLN,5607,10.201,17.819
KKFLN,5608,10.201,17.820
KKFLN,5609,10.202,17.821
KKFLN,5610,10.203,17.822
KKFLN,5611,10.203,17.823
KKFLN,5612,10.204,17.824
KKFLN,5613,10.204,17.825
KKFLN,5614,10.205,17.826
KKFLN,5615,10.205,17.827
KKFLN,5616,10.206,17.828
KKFLN,5617,10.207,17.829
KKFLN,5618,10.207,17.830
KKFLN,5619,10.208,17.831
KKFLN,5620,10.208,17.833
KKFLN,5621,10.209,17.834
KKFLN,5622,10.209,17.835
KKFLN,5623,10.210,17.836
KKFLN,5624,10.211,17.837
KKFLN,5625,10.211,17.838
KKFLN,5626,10.212,17.839
KKFLN,5627,10.212,17.840
KKFLN,5628,10.213,17.841
KKFLN,5629,10.214,17.842
KKFLN,5630,10.214,17.843
KKFLN,5631,10.215,17.844
KKFLN,5632,10.215,17.845
KKFLN,5633,10.216,17.846
KKFLN,5634,10.216,17.847
KKFLN,5635,10.217,17.848
KKFLN,5636,10.218,17.849
KKFLN,5637,10.218,17.850
KKFLN,5638,10.219,17.851
KKFLN,5639,10.219,17.852
KKFLN,5640,10.220,17.853
KKFLN,5641,10.221,17.854
KKFLN,5642,10.221,17.855
KKFLN,5643,10.222,17.856
KKFLN,5644,10.222,17.857
KKFLN,5645,10.223,17.858
KKFLN,5646,10.223,17.859
KKFLN,5647,10.224,17.860
KKFLN,5648,10.225,17.861
KKFLN,5649,10.225,17.862
KKFLN,5650,10.226,17.863
KKFLN,5651,10.226,17.864
KKFLN,5652,10.227,17.865
KKFLN,5653,10.228,17.866
KKFLN,5654,10.228,17.867
KKFLN,5655,10.229,17.868
KKFLN,5656,10.229,17.869
KKFLN,5657,10.230,17.871
KKFLN,5658,10.230,17.872
KKFLN,5659,10.231,17.873
KKFLN,5660,10.232,17.874
KKFLN,5661,10.232,17.875
KKFLN,5662,10.233,17.876
KKFLN,5663,10.233,17.877
KKFLN,5664,10.234,17.878
KKFLN,5665,10.235,17.879
KKFLN,5666,10.235,17.880
KKFLN,5667,10.236,17.881
KKFLN,5668,10.236,17.882
KKFLN,5669,10.237,17.883
KKFLN,5670,10.237,17.884
KKFLN,5671,10.238,17.885
KKFLN,5672,10.239,17.886
KKFLN,5673,10.239,17.887
KKFLN,5674,10.240,17.888
KKFLN,5675,10.240,17.889
KKFLN,5676,10.241,17.890
KKFLN,5677,10.242,17.891
KKFLN,5678,10.242,17.892
KKFLN,5679,10.243,17.893
KKFLN,5680,10.243,17.894
KKFLN,5681,10.244,17.895
KKFLN,5682,10.245,17.896
KKFLN,5683,10.245,17.897
KKFLN,5684,10.246,17.899
KKFLN,5685,10.246,17.900
KKFLN,5686,10.247,17.901
KKFLN,5687,10.247,17.902
KKFLN,5688,10.248,17.903
KKFLN,5689,10.249,17.904
KKFLN,5690,10.249,17.905
KKFLN,5691,10.250,17.906
KKFLN,5692,10.250,17.907
KKFLN,5693,10.251,17.908
KKFLN,5694,10.252,17.909
KKFLN,5695,10.252,17.910
KKFLN,5696,10.253,17.911
KKFLN,5697,10.253,17.912
KKFLN,5698,10.254,17.913
KKFLN,5699,10.255,17.914
KKFLN,5700,10.255,17.915
KKFLN,5701,10.256,17.916
KKFLN,5702,10.256,17.917
KKFLN,5703,10.257,17.918
KKFLN,5704,10.258,17.919
KKFLN,5705,10.258,17.920
KKFLN,5706,10.259,17.921
KKFLN,5707,10.259,17.923
KKFLN,5708,10.260,17.924
KKFLN,5709,10.260,17.925
KKFLN,5710,10.261,17.926
KKFLN,5711,10.262,17.927
KKFLN,5712,10.262,17.928
KKFLN,5713,10.263,17.929
KKFLN,5714,10.263,17.930
KKFLN,5715,10.264,17.931
KKFLN,5716,10.265,17.932
KKFLN,5717,10.265,17.933
KKFLN,5718,10.266,17.934
KKFLN,5719,10.266,17.935
KKFLN,5720,10.267,17.936
KKFLN,5721,10.268,17.937
KKFLN,5722,10.268,17.938
KKFLN,5723,10.269,17.939
KKFLN,5724,10.269,17.940
KKFLN,5725,10.270,17.941
KKFLN,5726,10.271,17.942
KKFLN,5727,10.271,17.944
KKFLN,5728,10.272,17.945
KKFLN,5729,10.272,17.946
KKFLN,5730,10.273,17.947
KKFLN,5731,10.274,17.948
KKFLN,5732,10.274,17.949
KKFLN,5733,10.275,17.950
KKFLN,5734,10.275,17.951
KKFLN,5735,10.276,17.952
KKFLN,5736,10.277,17.953
KKFLN,5737,10.277,17.954
KKFLN,5738,10.278,17.955
KKFLN,5739,10.278,17.956
KKFLN,5740,10.279,17.957
KKFLN,5741,10.280,17.958
KKFLN,5742,10.280,17.959
KKFLN,5743,10.281,17.960
KKFLN,5744,10.281,17.961
KKFLN,5745,10.282,17.962
KKFLN,5746,10.283,17.964
KKFLN,5747,10.283,17.965
KKFLN,5748,10.284,17.966
KKFLN,5749,10.284,17.967
KKFLN,5750,10.285,17.968
KKFLN,5751,10.286,17.969
KKFLN,5752,10.286,17.970
KKFLN,5753,10.287,17.971
KKFLN,5754,10.287,17.972
KKFLN,5755,10.288,17.973
KKFLN,5756,10.289,17.974
KKFLN,5757,10.289,17.975
KKFLN,5758,10.290,17.976
KKFLN,5759,10.290,17.977
KKFLN,5760,10.291,17.978
KKFLN,5761,10.292,17.979
KKFLN,5762,10.292,17.981
KKFLN,5763,10.293,17.982
KKFLN,5764,10.293,17.983
KKFLN,5765,10.294,17.984
KKFLN,5766,10.295,17.985
KKFLN,5767,10.295,17.986
KKFLN,5768,10.296,17.987
KKFLN,5769,10.296,17.988
KKFLN,5770,10.297,17.989
KKFLN,5771,10.298,17.990
KKFLN,5772,10.298,17.991
KKFLN,5773,10.299,17.992
KKFLN,5774,10.299,17.993
KKFLN,5775,10.300,17.994
KKFLN,5776,10.301,17.995
KKFLN,5777,10.301,17.996
KKFLN,5778,10.302,17.998
KKFLN,5779,10.302,17.999
KKFLN,5780,10.303,18.000
KKFLN,5781,10.304,18.001
KKFLN,5782,10.304,18.002
KKFLN,5783,10.305,18.003
KKFLN,5784,10.305,18.004
KKFLN,5785,10.306,18.005
KKFLN,5786,10.307,18.006
KKFLN,5787,10.307,18.007
KKFLN,5788,10.308,18.008
KKFLN,5789,10.308,18.009
KKFLN,5790,10.309,18.010
KKFLN,5791,10.310,18.011
KKFLN,5792,10.310,18.013
KKFLN,5793,10.311,18.014
KKFLN,5794,10.311,18.015
KKFLN,5795,10.312,18.016
KKFLN,5796,10.313,18.017
KKFLN,5797,10.313,18.018
KKFLN,5798,10.314,18.019
KKFLN,5799,10.314,18.020
KKFLN,5800,10.315,18.021
KKFLN,5801,10.316,18.022
KKFLN,5802,10.316,18.023
KKFLN,5803,10.317,18.024
KKFLN,5804,10.318,18.025
KKFLN,5805,10.318,18.026
KKFLN,5806,10.319,18.028
KKFLN,5807,10.319,18.029
KKFLN,5808,10.320,18.030
KKFLN,5809,10.321,18.031
KKFLN,5810,10.321,18.032
KKFLN,5811,10.322,18.033
KKFLN,5812,10.322,18.034
KKFLN,5813,10.323,18.035
KKFLN,5814,10.324,18.036
KKFLN,5815,10.324,18.037
KKFLN,5816,10.325,18.038
KKFLN,5817,10.325,18.039
KKFLN,5818,10.326,18.040
KKFLN,5819,10.327,18.042
KKFLN,5820,10.327,18.043
KKFLN,5821,10.328,18.044
KKFLN,5822,10.328,18.045
KKFLN,5823,10.329,18.046
KKFLN,5824,10.330,18.047
KKFLN,5825,10.330,18.048
KKFLN,5826,10.331,18.049
KKFLN,5827,10.332,18.050
KKFLN,5828,10.332,18.051
KKFLN,5829,10.333,18.052
KKFLN,5830,10.333,18.053
KKFLN,5831,10.334,18.054
KKFLN,5832,10.335,18.056
KKFLN,5833,10.335,18.057
KKFLN,5834,10.336,18.058
KKFLN,5835,10.336,18.059
KKFLN,5836,10.337,18.060
KKFLN,5837,10.338,18.061
KKFLN,5838,10.338,18.062
KKFLN,5839,10.339,18.063
KKFLN,5840,10.340,18.064
KKFLN,5841,10.340,18.065
KKFLN,5842,10.341,18.066
KKFLN,5843,10.341,18.067
KKFLN,5844,10.342,18.069
KKFLN,5845,10.343,18.070
KKFLN,5846,10.343,18.071
KKFLN,5847,10.344,18.072
KKFLN,5848,10.344,18.073
KKFLN,5849,10.345,18.074
KKFLN,5850,10.346,18.075
KKFLN,5851,10.346,18.076
KKFLN,5852,10.347,18.077
KKFLN,5853,10.347,18.078
KKFLN,5854,10.348,18.079
KKFLN,5855,10.349,18.081
KKFLN,5856,10.349,18.082
KKFLN,5857,10.350,18.083
KKFLN,5858,10.351,18.084
KKFLN,5859,10.351,18.085
KKFLN,5860,10.352,18.086
KKFLN,5861,10.352,18.087
KKFLN,5862,10.353,18.088
KKFLN,5863,10.354,18.089
KKFLN,5864,10.354,18.090
KKFLN,5865,10.355,18.091
KKFLN,5866,10.356,18.092
KKFLN,5867,10.356,18.094
KKFLN,5868,10.357,18.095
KKFLN,5869,10.357,18.096
KKFLN,5870,10.358,18.097
KKFLN,5871,10.359,18.098
KKFLN,5872,10.359,18.099
KKFLN,5873,10.360,18.100
KKFLN,5874,10.360,18.101
KKFLN,5875,10.361,18.102
KKFLN,5876,10.362,18.103
KKFLN,5877,10.362,18.105
KKFLN,5878,10.363,18.106
KKFLN,5879,10.364,18.107
KKFLN,5880,10.364,18.108
KKFLN,5881,10.365,18.109
KKFLN,5882,10.365,18.110
KKFLN,5883,10.366,18.111
KKFLN,5884,10.367,18.112
KKFLN,5885,10.367,18.113
KKFLN,5886,10.368,18.114
KKFLN,5887,10.369,18.115
KKFLN,5888,10.369,18.117
KKFLN,5889,10.370,18.118
KKFLN,5890,10.370,18.119
KKFLN,5891,10.371,18.120
KKFLN,5892,10.372,18.121
KKFLN,5893,10.372,18.122
KKFLN,5894,10.373,18.123
KKFLN,5895,10.373,18.124
KKFLN,5896,10.374,18.125
KKFLN,5897,10.375,18.126
KKFLN,5898,10.375,18.128
KKFLN,5899,10.376,18.129
KKFLN,5900,10.377,18.130
KKFLN,5901,10.377,18.131
KKFLN,5902,10.378,18.132
KKFLN,5903,10.378,18.133
KKFLN,5904,10.379,18.134
KKFLN,5905,10.380,18.135
KKFLN,5906,10.380,18.136
KKFLN,5907,10.381,18.137
KKFLN,5908,10.382,18.139
KKFLN,5909,10.382,18.140
KKFLN,5910,10.383,18.141
KKFLN,5911,10.383,18.142
KKFLN,5912,10.384,18.143
KKFLN,5913,10.385,18.144
KKFLN,5914,10.385,18.145
KKFLN,5915,10.386,18.146
KKFLN,5916,10.387,18.147
KKFLN,5917,10.387,18.148
KKFLN,5918,10.388,18.150
KKFLN,5919,10.388,18.151
KKFLN,5920,10.389,18.152
KKFLN,5921,10.390,18.153
KKFLN,5922,10.390,18.154
KKFLN,5923,10.391,18.155
KKFLN,5924,10.392,18.156
KKFLN,5925,10.392,18.157
KKFLN,5926,10.393,18.158
KKFLN,5927,10.393,18.160
KKFLN,5928,10.394,18.161
KKFLN,5929,10.395,18.162
KKFLN,5930,10.395,18.163
KKFLN,5931,10.396,18.164
KKFLN,5932,10.397,18.165
KKFLN,5933,10.397,18.166
KKFLN,5934,10.398,18.167
KKFLN,5935,10.398,18.168
KKFLN,5936,10.399,18.170
KKFLN,5937,10.400,18.171
KKFLN,5938,10.400,18.172
KKFLN,5939,10.401,18.173
KKFLN,5940,10.402,18.174
KKFLN,5941,10.402,18.175
KKFLN,5942,10.403,18.176
KKFLN,5943,10.403,18.177
KKFLN,5944,10.404,18.178
KKFLN,5945,10.405,18.180
KKFLN,5946,10.405,18.181
KKFLN,5947,10.406,18.182
KKFLN,5948,10.407,18.183
KKFLN,5949,10.407,18.184
KKFLN,5950,10.408,18.185
KKFLN,5951,10.409,18.186
KKFLN,5952,10.409,18.187
KKFLN,5953,10.410,18.188
KKFLN,5954,10.410,18.190
KKFLN,5955,10.411,18.191
KKFLN,5956,10.412,18.192
KKFLN,5957,10.412,18.193
KKFLN,5958,10.413,18.194
KKFLN,5959,10.414,18.195
KKFLN,5960,10.414,18.196
KKFLN,5961,10.415,18.197
KKFLN,5962,10.415,18.198
KKFLN,5963,10.416,18.200
KKFLN,5964,10.417,18.201
KKFLN,5965,10.417,18.202
KKFLN,5966,10.418,18.203
KKFLN,5967,10.419,18.204
KKFLN,5968,10.419,18.205
KKFLN,5969,10.420,18.206
KKFLN,5970,10.421,18.207
KKFLN,5971,10.421,18.209
KKFLN,5972,10.422,18.210
KKFLN,5973,10.422,18.211
KKFLN,5974,10.423,18.212
KKFLN,5975,10.424,18.213
KKFLN,5976,10.424,18.214
KKFLN,5977,10.425,18.215
KKFLN,5978,10.426,18.216
KKFLN,5979,10.426,18.218
KKFLN,5980,10.427,18.219
KKFLN,5981,10.428,18.220
KKFLN,5982,10.428,18.221
KKFLN,5983,10.429,18.222
KKFLN,5984,10.429,18.223
KKFLN,5985,10.430,18.224
KKFLN,5986,10.431,18.225
KKFLN,5987,10.431,18.226
KKFLN,5988,10.432,18.228
KKFLN,5989,10.433,18.229
KKFLN,5990,10.433,18.230
KKFLN,5991,10.434,18.231
KKFLN,5992,10.434,18.232
KKFLN,5993,10.435,18.233
KKFLN,5994,10.436,18.234
KKFLN,5995,10.436,18.235
KKFLN,5996,10.437,18.237
KKFLN,5997,10.438,18.238
KKFLN,5998,10.438,18.239
KKFLN,5999,10.439,18.240
KKFLN,6000,10.440,18.241
KKFLN,6001,10.440,18.242
KKFLN,6002,10.441,18.243
KKFLN,6003,10.442,18.245
KKFLN,6004,10.442,18.246
KKFLN,6005,10.443,18.247
KKFLN,6006,10.443,18.248
KKFLN,6007,10.444,18.249
KKFLN,6008,10.445,18.250
KKFLN,6009,10.445,18.251
KKFLN,6010,10.446,18.252
KKFLN,6011,10.447,18.254
KKFLN,6012,10.447,18.255
KKFLN,6013,10.448,18.256
KKFLN,6014,10.449,18.257
KKFLN,6015,10.449,18.258
KKFLN,6016,10.450,18.259
KKFLN,6017,10.450,18.260
KKFLN,6018,10.451,18.261
KKFLN,6019,10.452,18.263
KKFLN,6020,10.452,18.264
KKFLN,6021,10.453,18.265
KKFLN,6022,10.454,18.266
KKFLN,6023,10.454,18.267
KKFLN,6024,10.455,18.268
KKFLN,6025,10.456,18.269
KKFLN,6026,10.456,18.271
KKFLN,6027,10.457,18.272
KKFLN,6028,10.458,18.273
KKFLN,6029,10.458,18.274
KKFLN,6030,10.459,18.275
KKFLN,6031,10.459,18.276
KKFLN,6032,10.460,18.277
KKFLN,6033,10.461,18.278
KKFLN,6034,10.461,18.280
KKFLN,6035,10.462,18.281
KKFLN,6036,10.463,18.282
KKFLN,6037,10.463,18.283
KKFLN,6038,10.464,18.284
KKFLN,6039,10.465,18.285
KKFLN,6040,10.465,18.286
KKFLN,6041,10.466,18.288
KKFLN,6042,10.466,18.289
KKFLN,6043,10.467,18.290
KKFLN,6044,10.468,18.291
KKFLN,6045,10.468,18.292
KKFLN,6046,10.469,18.293
KKFLN,6047,10.470,18.294
KKFLN,6048,10.470,18.296
KKFLN,6049,10.471,18.297
KKFLN,6050,10.472,18.298
KKFLN,6051,10.472,18.299
KKFLN,6052,10.473,18.300
KKFLN,6053,10.474,18.301
KKFLN,6054,10.474,18.302
KKFLN,6055,10.475,18.304
KKFLN,6056,10.476,18.305
KKFLN,6057,10.476,18.306
KKFLN,6058,10.477,18.307
KKFLN,6059,10.477,18.308
KKFLN,6060,10.478,18.309
KKFLN,6061,10.479,18.310
KKFLN,6062,10.479,18.312
KKFLN,6063,10.480,18.313
KKFLN,6064,10.481,18.314
KKFLN,6065,10.481,18.315
KKFLN,6066,10.482,18.316
KKFLN,6067,10.483,18.317
KKFLN,6068,10.483,18.318
KKFLN,6069,10.484,18.320
KKFLN,6070,10.485,18.321
KKFLN,6071,10.485,18.322
KKFLN,6072,10.486,18.323
KKFLN,6073,10.487,18.324
KKFLN,6074,10.487,18.325
KKFLN,6075,10.488,18.326
KKFLN,6076,10.488,18.328
KKFLN,6077,10.489,18.329
KKFLN,6078,10.490,18.330
KKFLN,6079,10.490,18.331
KKFLN,6080,10.491,18.332
KKFLN,6081,10.492,18.333
KKFLN,6082,10.492,18.334
KKFLN,6083,10.493,18.336
KKFLN,6084,10.494,18.337
KKFLN,6085,10.494,18.338
KKFLN,6086,10.495,18.339
KKFLN,6087,10.496,18.340
KKFLN,6088,10.496,18.341
KKFLN,6089,10.497,18.342
KKFLN,6090,10.498,18.344
KKFLN,6091,10.498,18.345
KKFLN,6092,10.499,18.346
KKFLN,6093,10.500,18.347
KKFLN,6094,10.500,18.348
KKFLN,6095,10.501,18.349
KKFLN,6096,10.501,18.351
KKFLN,6097,10.502,18.352
KKFLN,6098,10.503,18.353
KKFLN,6099,10.503,18.354
KKFLN,6100,10.504,18.355
KKFLN,6101,10.505,18.356
KKFLN,6102,10.505,18.357
KKFLN,6103,10.506,18.359
KKFLN,6104,10.507,18.360
KKFLN,6105,10.507,18.361
KKFLN,6106,10.508,18.362
KKFLN,6107,10.509,18.363
KKFLN,6108,10.509,18.364
KKFLN,6109,10.510,18.366
KKFLN,6110,10.511,18.367
KKFLN,6111,10.511,18.368
KKFLN,6112,10.512,18.369
KKFLN,6113,10.513,18.370
KKFLN,6114,10.513,18.371
KKFLN,6115,10.514,18.372
KKFLN,6116,10.515,18.374
KKFLN,6117,10.515,18.375
KKFLN,6118,10.516,18.376
KKFLN,6119,10.517,18.377
KKFLN,6120,10.517,18.378
KKFLN,6121,10.518,18.379
KKFLN,6122,10.518,18.381
KKFLN,6123,10.519,18.382
KKFLN,6124,10.520,18.383
KKFLN,6125,10.520,18.384
KKFLN,6126,10.521,18.385
KKFLN,6127,10.522,18.386
KKFLN,6128,10.522,18.388
KKFLN,6129,10.523,18.389
KKFLN,6130,10.524,18.390
KKFLN,6131,10.524,18.391
KKFLN,6132,10.525,18.392
KKFLN,6133,10.526,18.393
KKFLN,6134,10.526,18.395
KKFLN,6135,10.527,18.396
KKFLN,6136,10.528,18.397
KKFLN,6137,10.528,18.398
KKFLN,6138,10.529,18.399
KKFLN,6139,10.530,18.400
KKFLN,6140,10.530,18.401
KKFLN,6141,10.531,18.403
KKFLN,6142,10.532,18.404
KKFLN,6143,10.532,18.405
KKFLN,6144,10.533,18.406
KKFLN,6145,10.534,18.407
KKFLN,6146,10.534,18.408
KKFLN,6147,10.535,18.410
KKFLN,6148,10.536,18.411
KKFLN,6149,10.536,18.412
KKFLN,6150,10.537,18.413
KKFLN,6151,10.538,18.414
KKFLN,6152,10.538,18.415
KKFLN,6153,10.539,18.417
KKFLN,6154,10.540,18.418
KKFLN,6155,10.540,18.419
KKFLN,6156,10.541,18.420
KKFLN,6157,10.541,18.421
KKFLN,6158,10.542,18.422
KKFLN,6159,10.543,18.424
KKFLN,6160,10.543,18.425
KKFLN,6161,10.544,18.426
KKFLN,6162,10.545,18.427
KKFLN,6163,10.545,18.428
KKFLN,6164,10.546,18.429
KKFLN,6165,10.547,18.431
KKFLN,6166,10.547,18.432
KKFLN,6167,10.548,18.433
KKFLN,6168,10.549,18.434
KKFLN,6169,10.549,18.435
KKFLN,6170,10.550,18.437
KKFLN,6171,10.551,18.438
KKFLN,6172,10.551,18.439
KKFLN,6173,10.552,18.440
KKFLN,6174,10.553,18.441
KKFLN,6175,10.553,18.442
KKFLN,6176,10.554,18.444
KKFLN,6177,10.555,18.445
KKFLN,6178,10.555,18.446
KKFLN,6179,10.556,18.447
KKFLN,6180,10.557,18.448
KKFLN,6181,10.557,18.449
KKFLN,6182,10.558,18.451
KKFLN,6183,10.559,18.452
KKFLN,6184,10.559,18.453
KKFLN,6185,10.560,18.454
KKFLN,6186,10.561,18.455
KKFLN,6187,10.561,18.456
KKFLN,6188,10.562,18.458
KKFLN,6189,10.563,18.459
KKFLN,6190,10.563,18.460
KKFLN,6191,10.564,18.461
KKFLN,6192,10.565,18.462
KKFLN,6193,10.565,18.464
KKFLN,6194,10.566,18.465
KKFLN,6195,10.567,18.466
KKFLN,6196,10.567,18.467
KKFLN,6197,10.568,18.468
KKFLN,6198,10.569,18.469
KKFLN,6199,10.569,18.471
KKFLN,6200,10.570,18.472
KKFLN,6201,10.571,18.473
KKFLN,6202,10.571,18.474
KKFLN,6203,10.572,18.475
KKFLN,6204,10.573,18.476
KKFLN,6205,10.573,18.478
KKFLN,6206,10.574,18.479
KKFLN,6207,10.575,18.480
KKFLN,6208,10.575,18.481
KKFLN,6209,10.576,18.482
KKFLN,6210,10.577,18.484
KKFLN,6211,10.577,18.485
KKFLN,6212,10.578,18.486
KKFLN,6213,10.579,18.487
KKFLN,6214,10.579,18.488
KKFLN,6215,10.580,18.489
KKFLN,6216,10.581,18.491
KKFLN,6217,10.581,18.492
KKFLN,6218,10.582,18.493
KKFLN,6219,10.583,18.494
KKFLN,6220,10.583,18.495
KKFLN,6221,10.584,18.497
KKFLN,6222,10.585,18.498
KKFLN,6223,10.585,18.499
KKFLN,6224,10.586,18.500
KKFLN,6225,10.587,18.501
KKFLN,6226,10.587,18.503
KKFLN,6227,10.588,18.504
KKFLN,6228,10.589,18.505
KKFLN,6229,10.589,18.506
KKFLN,6230,10.590,18.507
KKFLN,6231,10.591,18.508
KKFLN,6232,10.591,18.510
KKFLN,6233,10.592,18.511
KKFLN,6234,10.593,18.512
KKFLN,6235,10.593,18.513
KKFLN,6236,10.594,18.514
KKFLN,6237,10.595,18.516
KKFLN,6238,10.595,18.517
KKFLN,6239,10.596,18.518
KKFLN,6240,10.597,18.519
KKFLN,6241,10.597,18.520
KKFLN,6242,10.598,18.522
KKFLN,6243,10.599,18.523
KKFLN,6244,10.599,18.524
KKFLN,6245,10.600,18.525
KKFLN,6246,10.601,18.526
KKFLN,6247,10.602,18.527
KKFLN,6248,10.602,18.529
KKFLN,6249,10.603,18.530
KKFLN,6250,10.604,18.531
KKFLN,6251,10.604,18.532
KKFLN,6252,10.605,18.533
KKFLN,6253,10.606,18.535
KKFLN,6254,10.606,18.536
KKFLN,6255,10.607,18.537
KKFLN,6256,10.608,18.538
KKFLN,6257,10.608,18.539
KKFLN,6258,10.609,18.541
KKFLN,6259,10.610,18.542
KKFLN,6260,10.610,18.543
KKFLN,6261,10.611,18.544
KKFLN,6262,10.612,18.545
KKFLN,6263,10.612,18.547
KKFLN,6264,10.613,18.548
KKFLN,6265,10.614,18.549
KKFLN,6266,10.614,18.550
KKFLN,6267,10.615,18.551
KKFLN,6268,10.616,18.553
KKFLN,6269,10.616,18.554
KKFLN,6270,10.617,18.555
KKFLN,6271,10.618,18.556
KKFLN,6272,10.618,18.557
KKFLN,6273,10.619,18.559
KKFLN,6274,10.620,18.560
KKFLN,6275,10.620,18.561
KKFLN,6276,10.621,18.562
KKFLN,6277,10.622,18.563
KKFLN,6278,10.622,18.565
KKFLN,6279,10.623,18.566
KKFLN,6280,10.624,18.567
KKFLN,6281,10.624,18.568
KKFLN,6282,10.625,18.569
KKFLN,6283,10.626,18.570
KKFLN,6284,10.627,18.572
KKFLN,6285,10.627,18.573
KKFLN,6286,10.628,18.574
KKFLN,6287,10.629,18.575
KKFLN,6288,10.629,18.576
KKFLN,6289,10.630,18.578
KKFLN,6290,10.631,18.579
KKFLN,6291,10.631,18.580
KKFLN,6292,10.632,18.581
KKFLN,6293,10.633,18.583
KKFLN,6294,10.633,18.584
KKFLN,6295,10.634,18.585
KKFLN,6296,10.635,18.586
KKFLN,6297,10.635,18.587
KKFLN,6298,10.636,18.589
KKFLN,6299,10.637,18.590
KKFLN,6300,10.637,18.591
KKFLN,6301,10.638,18.592
KKFLN,6302,10.639,18.593
KKFLN,6303,10.639,18.595
KKFLN,6304,10.640,18.596
KKFLN,6305,10.641,18.597
KKFLN,6306,10.641,18.598
KKFLN,6307,10.642,18.599
KKFLN,6308,10.643,18.601
KKFLN,6309,10.644,18.602
KKFLN,6310,10.644,18.603
KKFLN,6311,10.645,18.604
KKFLN,6312,10.646,18.605
KKFLN,6313,10.646,18.607
KKFLN,6314,10.647,18.608
KKFLN,6315,10.648,18.609
KKFLN,6316,10.648,18.610
KKFLN,6317,10.649,18.611
KKFLN,6318,10.650,18.613
KKFLN,6319,10.650,18.614
KKFLN,6320,10.651,18.615
KKFLN,6321,10.652,18.616
KKFLN,6322,10.652,18.617
KKFLN,6323,10.653,18.619
KKFLN,6324,10.654,18.620
KKFLN,6325,10.654,18.621
KKFLN,6326,10.655,18.622
KKFLN,6327,10.656,18.624
KKFLN,6328,10.656,18.625
KKFLN,6329,10.657,18.626
KKFLN,6330,10.658,18.627
KKFLN,6331,10.659,18.628
KKFLN,6332,10.659,18.630
KKFLN,6333,10.660,18.631
KKFLN,6334,10.661,18.632
KKFLN,6335,10.661,18.633
KKFLN,6336,10.662,18.634
KKFLN,6337,10.663,18.636
KKFLN,6338,10.663,18.637
KKFLN,6339,10.664,18.638
KKFLN,6340,10.665,18.639
KKFLN,6341,10.665,18.641
KKFLN,6342,10.666,18.642
KKFLN,6343,10.667,18.643
KKFLN,6344,10.667,18.644
KKFLN,6345,10.668,18.645
KKFLN,6346,10.669,18.647
KKFLN,6347,10.670,18.648
KKFLN,6348,10.670,18.649
KKFLN,6349,10.671,18.650
KKFLN,6350,10.672,18.651
KKFLN,6351,10.672,18.653
KKFLN,6352,10.673,18.654
KKFLN,6353,10.674,18.655
KKFLN,6354,10.674,18.656
KKFLN,6355,10.675,18.658
KKFLN,6356,10.676,18.659
KKFLN,6357,10.676,18.660
KKFLN,6358,10.677,18.661
KKFLN,6359,10.678,18.662
KKFLN,6360,10.678,18.664
KKFLN,6361,10.679,18.665
KKFLN,6362,10.680,18.666
KKFLN,6363,10.681,18.667
KKFLN,6364,10.681,18.668
KKFLN,6365,10.682,18.670
KKFLN,6366,10.683,18.671
KKFLN,6367,10.683,18.672
KKFLN,6368,10.684,18.673
KKFLN,6369,10.685,18.675
KKFLN,6370,10.685,18.676
KKFLN,6371,10.686,18.677
KKFLN,6372,10.687,18.678
KKFLN,6373,10.687,18.679
KKFLN,6374,10.688,18.681
KKFLN,6375,10.689,18.682
KKFLN,6376,10.689,18.683
KKFLN,6377,10.690,18.684
KKFLN,6378,10.691,18.686
KKFLN,6379,10.692,18.687
KKFLN,6380,10.692,18.688
KKFLN,6381,10.693,18.689
KKFLN,6382,10.694,18.690
KKFLN,6383,10.694,18.692
KKFLN,6384,10.695,18.693
KKFLN,6385,10.696,18.694
KKFLN,6386,10.696,18.695
KKFLN,6387,10.697,18.697
KKFLN,6388,10.698,18.698
KKFLN,6389,10.698,18.699
KKFLN,6390,10.699,18.700
KKFLN,6391,10.700,18.702
KKFLN,6392,10.701,18.703
KKFLN,6393,10.701,18.704
KKFLN,6394,10.702,18.705
KKFLN,6395,10.703,18.706
KKFLN,6396,10.703,18.708
KKFLN,6397,10.704,18.709
KKFLN,6398,10.705,18.710
KKFLN,6399,10.705,18.711
KKFLN,6400,10.706,18.713
KKFLN,6401,10.707,18.714
KKFLN,6402,10.707,18.715
KKFLN,6403,10.708,18.716
KKFLN,6404,10.709,18.717
KKFLN,6405,10.710,18.719
KKFLN,6406,10.710,18.720
KKFLN,6407,10.711,18.721
KKFLN,6408,10.712,18.722
KKFLN,6409,10.712,18.724
KKFLN,6410,10.713,18.725
KKFLN,6411,10.714,18.726
KKFLN,6412,10.714,18.727
KKFLN,6413,10.715,18.729
KKFLN,6414,10.716,18.730
KKFLN,6415,10.717,18.731
KKFLN,6416,10.717,18.732
KKFLN,6417,10.718,18.733
KKFLN,6418,10.719,18.735
KKFLN,6419,10.719,18.736
KKFLN,6420,10.720,18.737
KKFLN,6421,10.721,18.738
KKFLN,6422,10.721,18.740
KKFLN,6423,10.722,18.741
KKFLN,6424,10.723,18.742
KKFLN,6425,10.724,18.743
KKFLN,6426,10.724,18.745
KKFLN,6427,10.725,18.746
KKFLN,6428,10.726,18.747
KKFLN,6429,10.726,18.748
KKFLN,6430,10.727,18.750
KKFLN,6431,10.728,18.751
KKFLN,6432,10.728,18.752
KKFLN,6433,10.729,18.753
KKFLN,6434,10.730,18.754
KKFLN,6435,10.730,18.756
KKFLN,6436,10.731,18.757
KKFLN,6437,10.732,18.758
KKFLN,6438,10.733,18.759
KKFLN,6439,10.733,18.761
KKFLN,6440,10.734,18.762
KKFLN,6441,10.735,18.763
KKFLN,6442,10.735,18.764
KKFLN,6443,10.736,18.766
KKFLN,6444,10.737,18.767
KKFLN,6445,10.737,18.768
KKFLN,6446,10.738,18.769
KKFLN,6447,10.739,18.771
KKFLN,6448,10.740,18.772
KKFLN,6449,10.740,18.773
KKFLN,6450,10.741,18.774
KKFLN,6451,10.742,18.776
KKFLN,6452,10.742,18.777
KKFLN,6453,10.743,18.778
KKFLN,6454,10.744,18.779
KKFLN,6455,10.744,18.780
KKFLN,6456,10.745,18.782
KKFLN,6457,10.746,18.783
KKFLN,6458,10.747,18.784
KKFLN,6459,10.747,18.785
KKFLN,6460,10.748,18.787
KKFLN,6461,10.749,18.788
KKFLN,6462,10.749,18.789
KKFLN,6463,10.750,18.790
KKFLN,6464,10.751,18.792
KKFLN,6465,10.752,18.793
KKFLN,6466,10.752,18.794
KKFLN,6467,10.753,18.795
KKFLN,6468,10.754,18.797
KKFLN,6469,10.754,18.798
KKFLN,6470,10.755,18.799
KKFLN,6471,10.756,18.800
KKFLN,6472,10.756,18.802
KKFLN,6473,10.757,18.803
KKFLN,6474,10.758,18.805
KKFLN,6475,10.759,18.806
KKFLN,6476,10.760,18.808
KKFLN,6477,10.761,18.809
KKFLN,6478,10.762,18.811
KKFLN,6479,10.762,18.812
KKFLN,6480,10.763,18.814
KKFLN,6481,10.764,18.815
KKFLN,6482,10.765,18.817
KKFLN,6483,10.766,18.819
KKFLN,6484,10.767,18.820
KKFLN,6485,10.768,18.822
KKFLN,6486,10.769,18.823
KKFLN,6487,10.769,18.825
KKFLN,6488,10.770,18.826
KKFLN,6489,10.771,18.828
KKFLN,6490,10.772,18.829
KKFLN,6491,10.773,18.831
KKFLN,6492,10.774,18.832
KKFLN,6493,10.775,18.834
KKFLN,6494,10.776,18.836
KKFLN,6495,10.776,18.837
KKFLN,6496,10.777,18.839
KKFLN,6497,10.778,18.840
KKFLN,6498,10.779,18.842
KKFLN,6499,10.780,18.843
KKFLN,6500,10.781,18.845
KKFLN,6501,10.782,18.846
KKFLN,6502,10.783,18.848
KKFLN,6503,10.783,18.850
KKFLN,6504,10.784,18.851
KKFLN,6505,10.785,18.853
KKFLN,6506,10.786,18.854
KKFLN,6507,10.787,18.856
KKFLN,6508,10.788,18.857
KKFLN,6509,10.789,18.859
KKFLN,6510,10.790,18.860
KKFLN,6511,10.790,18.862
KKFLN,6512,10.791,18.863
KKFLN,6513,10.792,18.865
KKFLN,6514,10.793,18.867
KKFLN,6515,10.794,18.868
KKFLN,6516,10.795,18.870
KKFLN,6517,10.796,18.871
KKFLN,6518,10.796,18.873
KKFLN,6519,10.797,18.874
KKFLN,6520,10.798,18.875
KKFLN,6521,10.799,18.876
KKFLN,6522,10.799,18.878
KKFLN,6523,10.800,18.879
KKFLN,6524,10.801,18.880
KKFLN,6525,10.801,18.881
KKFLN,6526,10.802,18.883
KKFLN,6527,10.803,18.884
KKFLN,6528,10.804,18.885
KKFLN,6529,10.804,18.886
KKFLN,6530,10.805,18.887
KKFLN,6531,10.806,18.889
KKFLN,6532,10.806,18.890
KKFLN,6533,10.807,18.891
KKFLN,6534,10.808,18.892
KKFLN,6535,10.808,18.894
KKFLN,6536,10.809,18.895
KKFLN,6537,10.810,18.896
KKFLN,6538,10.811,18.897
KKFLN,6539,10.811,18.899
KKFLN,6540,10.812,18.900
KKFLN,6541,10.813,18.901
KKFLN,6542,10.813,18.902
KKFLN,6543,10.814,18.904
KKFLN,6544,10.815,18.905
KKFLN,6545,10.816,18.906
KKFLN,6546,10.816,18.907
KKFLN,6547,10.817,18.909
KKFLN,6548,10.818,18.910
KKFLN,6549,10.818,18.911
KKFLN,6550,10.819,18.912
KKFLN,6551,10.820,18.914
KKFLN,6552,10.820,18.915
KKFLN,6553,10.821,18.916
KKFLN,6554,10.822,18.918
KKFLN,6555,10.823,18.919
KKFLN,6556,10.823,18.920
KKFLN,6557,10.824,18.921
KKFLN,6558,10.825,18.922
KKFLN,6559,10.825,18.924
KKFLN,6560,10.826,18.925
KKFLN,6561,10.827,18.926
KKFLN,6562,10.827,18.927
KKFLN,6563,10.828,18.928
KKFLN,6564,10.828,18.929
KKFLN,6565,10.829,18.930
KKFLN,6566,10.830,18.931
KKFLN,6567,10.830,18.932
KKFLN,6568,10.831,18.933
KKFLN,6569,10.831,18.934
KKFLN,6570,10.832,18.936
KKFLN,6571,10.833,18.937
KKFLN,6572,10.833,18.938
KKFLN,6573,10.834,18.939
KKFLN,6574,10.835,18.940
KKFLN,6575,10.835,18.941
KKFLN,6576,10.836,18.942
KKFLN,6577,10.836,18.943
KKFLN,6578,10.837,18.944
KKFLN,6579,10.838,18.945
KKFLN,6580,10.838,18.947
KKFLN,6581,10.839,18.948
KKFLN,6582,10.840,18.949
KKFLN,6583,10.840,18.950
KKFLN,6584,10.841,18.951
KKFLN,6585,10.841,18.952
KKFLN,6586,10.842,18.953
KKFLN,6587,10.843,18.954
KKFLN,6588,10.843,18.955
KKFLN,6589,10.844,18.956
KKFLN,6590,10.844,18.958
KKFLN,6591,10.845,18.959
KKFLN,6592,10.846,18.960
KKFLN,6593,10.846,18.961
KKFLN,6594,10.847,18.962
KKFLN,6595,10.848,18.963
KKFLN,6596,10.848,18.964
KKFLN,6597,10.849,18.965
KKFLN,6598,10.850,18.967
KKFLN,6599,10.850,18.968
KKFLN,6600,10.851,18.969
KKFLN,6601,10.852,18.970
KKFLN,6602,10.852,18.971
KKFLN,6603,10.853,18.972
KKFLN,6604,10.853,18.973
KKFLN,6605,10.854,18.974
KKFLN,6606,10.855,18.976
KKFLN,6607,10.855,18.977
KKFLN,6608,10.856,18.978
KKFLN,6609,10.857,18.979
KKFLN,6610,10.857,18.980
KKFLN,6611,10.858,18.981
KKFLN,6612,10.859,18.982
KKFLN,6613,10.859,18.984
KKFLN,6614,10.860,18.985
KKFLN,6615,10.861,18.986
KKFLN,6616,10.861,18.987
KKFLN,6617,10.862,18.988
KKFLN,6618,10.862,18.989
KKFLN,6619,10.863,18.990
KKFLN,6620,10.864,18.992
KKFLN,6621,10.864,18.993
KKFLN,6622,10.865,18.994
KKFLN,6623,10.866,18.995
KKFLN,6624,10.866,18.996
KKFLN,6625,10.867,18.997
KKFLN,6626,10.868,18.998
KKFLN,6627,10.868,19.000
KKFLN,6628,10.869,19.001
KKFLN,6629,10.870,19.002
KKFLN,6630,10.870,19.003
KKFLN,6631,10.871,19.004
KKFLN,6632,10.871,19.005
KKFLN,6633,10.872,19.006
KKFLN,6634,10.873,19.008
KKFLN,6635,10.873,19.009
KKFLN,6636,10.874,19.010
KKFLN,6637,10.875,19.011
KKFLN,6638,10.875,19.012
KKFLN,6639,10.875,19.012
KKFLN,6640,10.875,19.012
KKFLN,6641,10.875,19.012
KKFLN,6642,10.875,19.012
KKFLN,6643,10.875,19.012
KKFLN,6644,10.875,19.012
KKFLN,6645,10.875,19.012
KKFLN,6646,10.875,19.012
KKFLN,6647,10.875,19.012
KKFLN,6648,10.875,19.012
KKFLN,6649,10.875,19.012
KKFLN,6650,10.875,19.012
KKFLN,6651,10.875,19.012
KKFLN,6652,10.875,19.012
KKFLN,6653,10.875,19.012
KKFLN,6654,10.875,19.012
KKFLN,6655,10.875,19.012
KKFLN,6656,10.875,19.012
KKFLN,6657,10.875,19.012
KKFLN,6658,10.875,19.012
KKFLN,6659,10.875,19.012
KKFLN,6660,10.875,19.012
KKFLN,6661,10.875,19.012
KKFLN,6662,10.875,19.012
KKFLN,6663,10.875,19.012
KKFLN,6664,10.875,19.012
KKFLN,6665,10.875,19.012
KKFLN,6666,10.875,19.012
KKFLN,6667,10.875,19.012
KKFLN,6668,10.875,19.012
KKFLN,6669,10.875,19.012
KKFLN,6670,10.875,19.012
KKFLN,6671,10.875,19.012
KKFLN,6672,10.875,19.012
KKFLN,6673,10.875,19.012
KKFLN,6674,10.875,19.012
KKFLN,6675,10.875,19.012
KKFLN,6676,10.875,19.012
KKFLN,6677,10.875,19.012
KKFLN,6678,10.875,19.012
KKFLN,6679,10.875,19.012
KKFLN,6680,10.875,19.012
KKFLN,6681,10.875,19.012
KKFLN,6682,10.875,19.012
KKFLN,6683,10.875,19.012
KKFLN,6684,10.875,19.012
KKFLN,6685,10.875,19.012
KKFLN,6686,10.875,19.012
KKFLN,6687,10.875,19.012
KKFLN,6688,10.875,19.012
KKFLN,6689,10.875,19.012
KKFLN,6690,10.875,19.012
KKFLN,6691,10.875,19.012
KKFLN,6692,10.875,19.012
KKFLN,6693,10.875,19.012
KKFLN,6694,10.875,19.012
KKFLN,6695,10.875,19.012
KKFLN,6696,10.875,19.012
KKFLN,6697,10.875,19.012
KKFLN,6698,10.875,19.012
KKFLN,6699,10.875,19.012
KKFLN,6700,10.875,19.012
KKFLN,6701,10.875,19.012
KKFLN,6702,10.875,19.012
KKFLN,6703,10.875,19.012
KKFLN,6704,10.875,19.012
KKFLN,6705,10.875,19.012
KKFLN,6706,10.875,19.012
KKFLN,6707,10.875,19.012
KKFLN,6708,10.875,19.012
KKFLN,6709,10.875,19.012
KKFLN,6710,10.875,19.012
KKFLN,6711,10.875,19.012
KKFLN,6712,10.875,19.012
KKFLN,6713,10.875,19.012
KKFLN,6714,10.875,19.012
KKFLN,6715,10.875,19.012
KKFLN,6716,10.875,19.012
KKFLN,6717,10.875,19.012
KKFLN,6718,10.875,19.012
KKFLN,6719,10.875,19.012
KKFLN,6720,10.875,19.012
KKFLN,6721,10.875,19.012
KKFLN,6722,10.875,19.012
KKFLN,6723,10.875,19.012
KKFLN,6724,10.875,19.012
KKFLN,6725,10.875,19.012
KKFLN,6726,10.875,19.012
KKFLN,6727,10.875,19.012
KKFLN,6728,10.875,19.012
KKFLN,6729,10.875,19.012
KKFLN,6730,10.875,19.012
KKFLN,6731,10.875,19.012
KKFLN,6732,10.875,19.012
KKFLN,6733,10.875,19.012
KKFLN,6734,10.875,19.012
KKFLN,6735,10.875,19.012
KKFLN,6736,10.875,19.012
KKFLN,6737,10.875,19.012
KKFLN,6738,10.875,19.012
KKFLN,6739,10.875,19.012
KKFLN,6740,10.875,19.012
KKFLN,6741,10.875,19.012
KKFLN,6742,10.875,19.012
KKFLN,6743,10.875,19.012
KKFLN,6744,10.875,19.012
KKFLN,6745,10.875,19.012
KKFLN,6746,10.875,19.012
KKFLN,6747,10.875,19.012
KKFLN,6748,10.875,19.012
KKFLN,6749,10.875,19.012
KKFLN,6750,10.875,19.012
KKFLN,6751,10.875,19.012
KKFLN,6752,10.875,19.012
KKFLN,6753,10.875,19.012
KKFLN,6754,10.875,19.012
KKFLN,6755,10.875,19.012
KKFLN,6756,10.875,19.012
KKFLN,6757,10.875,19.012
KKFLN,6758,10.875,19.012
KKFLN,6759,10.875,19.012
KKFLN,6760,10.875,19.012
KKFLN,6761,10.875,19.012
KKFLN,6762,10.875,19.012
KKFLN,6763,10.875,19.012
KKFLN,6764,10.875,19.012
KKFLN,6765,10.875,19.012
KKFLN,6766,10.875,19.012
KKFLN,6767,10.875,19.012
KKFLN,6768,10.875,19.012
KKFLN,6769,10.875,19.012
KKFLN,6770,10.875,19.012
KKFLN,6771,10.875,19.012
KKFLN,6772,10.875,19.012
KKFLN,6773,10.875,19.012
KKFLN,6774,10.875,19.012
KKFLN,6775,10.875,19.012
KKFLN,6776,10.875,19.012
KKFLN,6777,10.875,19.012
KKFLN,6778,10.875,19.012
KKFLN,6779,10.875,19.012
KKFLN,6780,10.875,19.012
KKFLN,6781,10.875,19.012
KKFLN,6782,10.875,19.012
KKFLN,6783,10.875,19.012
KKFLN,6784,10.875,19.012
KKFLN,6785,10.875,19.012
KKFLN,6786,10.875,19.012
KKFLN,6787,10.875,19.012
KKFLN,6788,10.875,19.012
KKFLN,6789,10.875,19.012
KKFLN,6790,10.875,19.012
KKFLN,6791,10.875,19.012
KKFLN,6792,10.875,19.012
KKFLN,6793,10.875,19.012
KKFLN,6794,10.875,19.012
KKFLN,6795,10.875,19.012
KKFLN,6796,10.875,19.012
KKFLN,6797,10.875,19.012
KKFLN,6798,10.875,19.012
KKFLN,6799,10.875,19.012
KKFLN,6800,10.875,19.012
KKFLN,6801,10.875,19.012
KKFLN,6802,10.875,19.012
KKFLN,6803,10.875,19.012
KKFLN,6804,10.875,19.012
KKFLN,6805,10.875,19.012
KKFLN,6806,10.875,19.012
KKFLN,6807,10.875,19.012
KKFLN,6808,10.875,19.012
KKFLN,6809,10.875,19.012
KKFLN,6810,10.875,19.012
KKFLN,6811,10.875,19.012
KKFLN,6812,10.875,19.012
KKFLN,6813,10.875,19.012
KKFLN,6814,10.875,19.012
KKFLN,6815,10.875,19.012
KKFLN,6816,10.875,19.012
KKFLN,6817,10.875,19.012
KKFLN,6818,10.875,19.012
KKFLN,6819,10.875,19.012
KKFLN,6820,10.875,19.012
KKFLN,6821,10.875,19.012
KKFLN,6822,10.875,19.012
KKFLN,6823,10.875,19.012
KKFLN,6824,10.875,19.012
KKFLN,6825,10.875,19.012
KKFLN,6826,10.875,19.012
KKFLN,6827,10.875,19.012
KKFLN,6828,10.875,19.012
KKFLN,6829,10.875,19.012
KKFLN,6830,10.875,19.012
KKFLN,6831,10.875,19.012
KKFLN,6832,10.875,19.012
KKFLN,6833,10.875,19.012
KKFLN,6834,10.875,19.012
KKFLN,6835,10.875,19.012
KKFLN,6836,10.875,19.012
KKFLN,6837,10.875,19.012
KKFLN,6838,10.875,19.012
KKFLN,6839,10.875,19.012
KKFLN,6840,10.875,19.012
KKFLN,6841,10.875,19.012
KKFLN,6842,10.875,19.012
KKFLN,6843,10.875,19.012
KKFLN,6844,10.875,19.012
KKFLN,6845,10.875,19.012
KKFLN,6846,10.875,19.012
KKFLN,6847,10.875,19.012
KKFLN,6848,10.875,19.012
KKFLN,6849,10.875,19.012
KKFLN,6850,10.875,19.012
KKFLN,6851,10.875,19.012
KKFLN,6852,10.875,19.012
KKFLN,6853,10.875,19.012
KKFLN,6854,10.875,19.012
KKFLN,6855,10.875,19.012
KKFLN,6856,10.875,19.012
KKFLN,6857,10.875,19.012
KKFLN,6858,10.875,19.012
KKFLN,6859,10.875,19.012
KKFLN,6860,10.875,19.012
KKFLN,6861,10.875,19.012
KKFLN,6862,10.875,19.012
KKFLN,6863,10.875,19.012
KKFLN,6864,10.875,19.012
KKFLN,6865,10.875,19.012
KKFLN,6866,10.875,19.012
KKFLN,6867,10.875,19.012
KKFLN,6868,10.875,19.012
KKFLN,6869,10.875,19.012
KKFLN,6870,10.875,19.012
KKFLN,6871,10.875,19.012
KKFLN,6872,10.875,19.012
KKFLN,6873,10.875,19.012
KKFLN,6874,10.875,19.012
KKFLN,6875,10.875,19.012
KKFLN,6876,10.875,19.012
KKFLN,6877,10.875,19.012
KKFLN,6878,10.875,19.012
KKFLN,6879,10.875,19.012
KKFLN,6880,10.875,19.012
KKFLN,6881,10.875,19.012
KKFLN,6882,10.875,19.012
KKFLN,6883,10.875,19.012
KKFLN,6884,10.875,19.012
KKFLN,6885,10.875,19.012
KKFLN,6886,10.875,19.012
KKFLN,6887,10.875,19.012
KKFLN,6888,10.875,19.012
KKFLN,6889,10.875,19.012
KKFLN,6890,10.875,19.012
KKFLN,6891,10.875,19.012
KKFLN,6892,10.875,19.012
KKFLN,6893,10.875,19.012
KKFLN,6894,10.875,19.012
KKFLN,6895,10.875,19.012
KKFLN,6896,10.875,19.012
KKFLN,6897,10.875,19.012
KKFLN,6898,10.875,19.012
KKFLN,6899,10.875,19.012
KKFLN,6900,10.875,19.012
KKFLN,6901,10.875,19.012
KKFLN,6902,10.875,19.012
KKFLN,6903,10.875,19.012
KKFLN,6904,10.875,19.012
KKFLN,6905,10.875,19.012
KKFLN,6906,10.875,19.012
KKFLN,6907,10.875,19.012
KKFLN,6908,10.875,19.012
KKFLN,6909,10.875,19.012
KKFLN,6910,10.875,19.012
KKFLN,6911,10.875,19.012
KKFLN,6912,10.875,19.012
KKFLN,6913,10.875,19.012
KKFLN,6914,10.875,19.012
KKFLN,6915,10.875,19.012
KKFLN,6916,10.875,19.012
KKFLN,6917,10.875,19.012
KKFLN,6918,10.875,19.012
KKFLN,6919,10.875,19.012
KKFLN,6920,10.875,19.012
KKFLN,6921,10.875,19.012
KKFLN,6922,10.875,19.012
KKFLN,6923,10.875,19.012
KKFLN,6924,10.875,19.012
KKFLN,6925,10.875,19.012
KKFLN,6926,10.875,19.012
KKFLN,6927,10.875,19.012
KKFLN,6928,10.875,19.012
KKFLN,6929,10.875,19.012
KKFLN,6930,10.875,19.012
KKFLN,6931,10.875,19.012
KKFLN,6932,10.875,19.012
KKFLN,6933,10.875,19.012
KKFLN,6934,10.875,19.012
KKFLN,6935,10.875,19.012
KKFLN,6936,10.875,19.012
KKFLN,6937,10.875,19.012
KKFLN,6938,10.875,19.012
KKFLN,6939,10.875,19.012
KKFLN,6940,10.875,19.012
KKFLN,6941,10.875,19.012
KKFLN,6942,10.875,19.012
KKFLN,6943,10.875,19.012
KKFLN,6944,10.875,19.012
KKFLN,6945,10.875,19.012
KKFLN,6946,10.875,19.012
KKFLN,6947,10.875,19.012
KKFLN,6948,10.875,19.012
KKFLN,6949,10.875,19.012
KKFLN,6950,10.875,19.012
KKFLN,6951,10.875,19.012
KKFLN,6952,10.875,19.012
KKFLN,6953,10.875,19.012
KKFLN,6954,10.875,19.012
KKFLN,6955,10.875,19.012
KKFLN,6956,10.875,19.012
KKFLN,6957,10.875,19.012
KKFLN,6958,10.875,19.012
KKFLN,6959,10.875,19.012
KKFLN,6960,10.875,19.012
KKFLN,6961,10.875,19.012
KKFLN,6962,10.875,19.012
KKFLN,6963,10.875,19.012
KKFLN,6964,10.875,19.012
KKFLN,6965,10.875,19.012
KKFLN,6966,10.875,19.012
KKFLN,6967,10.875,19.012
KKFLN,6968,10.875,19.012
KKFLN,6969,10.875,19.012
KKFLN,6970,10.875,19.012
KKFLN,6971,10.875,19.012
KKFLN,6972,10.875,19.012
KKFLN,6973,10.875,19.012
KKFLN,6974,10.875,19.012
KKFLN,6975,10.875,19.012
KKFLN,6976,10.875,19.012
KKFLN,6977,10.875,19.012
KKFLN,6978,10.875,19.012
KKFLN,6979,10.875,19.012
KKFLN,6980,10.875,19.012
KKFLN,6981,10.875,19.012
KKFLN,6982,10.875,19.012
KKFLN,6983,10.875,19.012
KKFLN,6984,10.875,19.012
KKFLN,6985,10.875,19.012
KKFLN,6986,10.875,19.012
KKFLN,6987,10.875,19.012
KKFLN,6988,10.875,19.012
KKFLN,6989,10.875,19.012
KKFLN,6990,10.875,19.012
KKFLN,6991,10.875,19.012
KKFLN,6992,10.875,19.012
KKFLN,6993,10.875,19.012
KKFLN,6994,10.875,19.012
KKFLN,6995,10.875,19.012
KKFLN,6996,10.875,19.012
KKFLN,6997,10.875,19.012
KKFLN,6998,10.875,19.012
KKFLN,6999,10.875,19.012
KKFLN,7000,10.875,19.012
KKFLN,7001,10.875,19.012
KKFLN,7002,10.875,19.012
KKFLN,7003,10.875,19.012
KKFLN,7004,10.875,19.012
KKFLN,7005,10.875,19.012
KKFLN,7006,10.875,19.012
KKFLN,7007,10.875,19.012
KKFLN,7008,10.875,19.012
KKFLN,7009,10.875,19.012
KKFLN,7010,10.875,19.012
KKFLN,7011,10.875,19.012
KKFLN,7012,10.875,19.012
KKFLN,7013,10.875,19.012
KKFLN,7014,10.875,19.012
KKFLN,7015,10.875,19.012
KKFLN,7016,10.875,19.012
KKFLN,7017,10.875,19.012
KKFLN,7018,10.875,19.012
KKFLN,7019,10.875,19.012
KKFLN,7020,10.875,19.012
KKFLN,7021,10.875,19.012
KKFLN,7022,10.875,19.012
KKFLN,7023,10.875,19.012
KKFLN,7024,10.875,19.012
KKFLN,7025,10.875,19.012
KKFLN,7026,10.875,19.012
KKFLN,7027,10.875,19.012
KKFLN,7028,10.875,19.012
KKFLN,7029,10.875,19.012
KKFLN,7030,10.875,19.012
KKFLN,7031,10.875,19.012
KKFLN,7032,10.875,19.012
KKFLN,7033,10.875,19.012
KKFLN,7034,10.875,19.012
KKFLN,7035,10.875,19.012
KKFLN,7036,10.875,19.012
KKFLN,7037,10.875,19.012
KKFLN,7038,10.875,19.012
KKFLN,7039,10.875,19.012
KKFLN,7040,10.875,19.012
KKFLN,7041,10.875,19.012
KKFLN,7042,10.875,19.012
KKFLN,7043,10.875,19.012
KKFLN,7044,10.875,19.012
KKFLN,7045,10.875,19.012
KKFLN,7046,10.875,19.012
KKFLN,7047,10.875,19.012
KKFLN,7048,10.875,19.012
KKFLN,7049,10.875,19.012
KKFLN,7050,10.875,19.012
KKFLN,7051,10.875,19.012
KKFLN,7052,10.875,19.012
KKFLN,7053,10.875,19.012
KKFLN,7054,10.875,19.012
KKFLN,7055,10.875,19.012
KKFLN,7056,10.875,19.012
KKFLN,7057,10.875,19.012
KKFLN,7058,10.875,19.012
KKFLN,7059,10.875,19.012
KKFLN,7060,10.875,19.012
KKFLN,7061,10.875,19.012
KKFLN,7062,10.875,19.012
KKFLN,7063,10.875,19.012
KKFLN,7064,10.875,19.012
KKFLN,7065,10.875,19.012
KKFLN,7066,10.875,19.012
KKFLN,7067,10.875,19.012
KKFLN,7068,10.875,19.012
KKFLN,7069,10.875,19.012
KKFLN,7070,10.875,19.012
KKFLN,7071,10.875,19.012
KKFLN,7072,10.875,19.012
KKFLN,7073,10.875,19.012
KKFLN,7074,10.875,19.012
KKFLN,7075,10.875,19.012
KKFLN,7076,10.875,19.012
KKFLN,7077,10.875,19.012
KKFLN,7078,10.875,19.012
KKFLN,7079,10.875,19.012
KKFLN,7080,10.875,19.012
KKFLN,7081,10.875,19.012
KKFLN,7082,10.875,19.012
KKFLN,7083,10.875,19.012
KKFLN,7084,10.875,19.012
KKFLN,7085,10.875,19.012
KKFLN,7086,10.875,19.012
KKFLN,7087,10.875,19.012
KKFLN,7088,10.875,19.012
KKFLN,7089,10.875,19.012
KKFLN,7090,10.875,19.012
KKFLN,7091,10.875,19.012
KKFLN,7092,10.875,19.012
KKFLN,7093,10.875,19.012
KKFLN,7094,10.875,19.012
KKFLN,7095,10.875,19.012
KKFLN,7096,10.875,19.012
KKFLN,7097,10.875,19.012
KKFLN,7098,10.875,19.012
KKFLN,7099,10.875,19.012
KKFLN,7100,10.875,19.012
KKFLN,7101,10.875,19.012
KKFLN,7102,10.875,19.012
KKFLN,7103,10.875,19.012
KKFLN,7104,10.875,19.012
KKFLN,7105,10.875,19.012
KKFLN,7106,10.875,19.012
KKFLN,7107,10.875,19.012
KKFLN,7108,10.875,19.012
KKFLN,7109,10.875,19.012
KKFLN,7110,10.875,19.012
KKFLN,7111,10.875,19.012
KKFLN,7112,10.875,19.012
KKFLN,7113,10.875,19.012
KKFLN,7114,10.875,19.012
KKFLN,7115,10.875,19.012
KKFLN,7116,10.875,19.012
KKFLN,7117,10.875,19.012
KKFLN,7118,10.875,19.012
KKFLN,7119,10.875,19.012
KKFLN,7120,10.875,19.012
KKFLN,7121,10.875,19.012
KKFLN,7122,10.875,19.012
KKFLN,7123,10.875,19.012
KKFLN,7124,10.875,19.012
KKFLN,7125,10.875,19.012
KKFLN,7126,10.875,19.012
KKFLN,7127,10.875,19.012
KKFLN,7128,10.875,19.012
KKFLN,7129,10.875,19.012
KKFLN,7130,10.875,19.012
KKFLN,7131,10.875,19.012
KKFLN,7132,10.875,19.012
KKFLN,7133,10.875,19.012
KKFLN,7134,10.875,19.012
KKFLN,7135,10.875,19.012
KKFLN,7136,10.875,19.012
KKFLN,7137,10.875,19.012
KKFLN,7138,10.875,19.012
KKFLN,7139,10.875,19.012
KKFLN,7140,10.875,19.012
KKFLN,7141,10.875,19.012
KKFLN,7142,10.875,19.012
KKFLN,7143,10.875,19.012
KKFLN,7144,10.875,19.012
KKFLN,7145,10.875,19.012
KKFLN,7146,10.875,19.012
KKFLN,7147,10.875,19.012
KKFLN,7148,10.875,19.012
KKFLN,7149,10.875,19.012
KKFLN,7150,10.875,19.012
KKFLN,7151,10.875,19.012
KKFLN,7152,10.875,19.012
KKFLN,7153,10.875,19.012
KKFLN,7154,10.875,19.012
KKFLN,7155,10.875,19.012
KKFLN,7156,10.875,19.012
KKFLN,7157,10.875,19.012
KKFLN,7158,10.875,19.012
KKFLN,7159,10.875,19.012
KKFLN,7160,10.875,19.012
KKFLN,7161,10.875,19.012
KKFLN,7162,10.875,19.012
KKFLN,7163,10.875,19.012
KKFLN,7164,10.875,19.012
KKFLN,7165,10.875,19.012
KKFLN,7166,10.875,19.012
KKFLN,7167,10.875,19.012
KKFLN,7168,10.875,19.012
KKFLN,7169,10.875,19.012
KKFLN,7170,10.875,19.012
KKFLN,7171,10.875,19.012
KKFLN,7172,10.875,19.012
KKFLN,7173,10.875,19.012
KKFLN,7174,10.875,19.012
KKFLN,7175,10.875,19.012
KKFLN,7176,10.875,19.012
KKFLN,7177,10.875,19.012
KKFLN,7178,10.875,19.012
KKFLN,7179,10.875,19.012
KKFLN,7180,10.875,19.012
KKFLN,7181,10.875,19.012
KKFLN,7182,10.875,19.012
KKFLN,7183,10.875,19.012
KKFLN,7184,10.875,19.012
KKFLN,7185,10.875,19.012
KKFLN,7186,10.875,19.012
KKFLN,7187,10.875,19.012
KKFLN,7188,10.875,19.012
KKFLN,7189,10.875,19.012
KKFLN,7190,10.875,19.012
KKFLN,7191,10.875,19.012
KKFLN,7192,10.875,19.012
KKFLN,7193,10.875,19.012
KKFLN,7194,10.875,19.012
KKFLN,7195,10.875,19.012
KKFLN,7196,10.875,19.012
KKFLN,7197,10.875,19.012
KKFLN,7198,10.875,19.012
KKFLN,7199,10.875,19.012
KKFLN,7200,10.875,19.012
KKFLN,7201,10.875,19.012
KKFLN,7202,10.875,19.012
KKFLN,7203,10.875,19.012
KKFLN,7204,10.875,19.012
KKFLN,7205,10.875,19.012
KKFLN,7206,10.875,19.012
KKFLN,7207,10.875,19.012
KKFLN,7208,10.875,19.012
KKFLN,7209,10.875,19.012
KKFLN,7210,10.875,19.012
KKFLN,7211,10.875,19.012
KKFLN,7212,10.875,19.012
KKFLN,7213,10.875,19.012
KKFLN,7214,10.875,19.012
KKFLN,7215,10.875,19.012
KKFLN,7216,10.875,19.012
KKFLN,7217,10.875,19.012
KKFLN,7218,10.875,19.012
KKFLN,7219,10.875,19.012
KKFLN,7220,10.875,19.012
KKFLN,7221,10.875,19.012
KKFLN,7222,10.875,19.012
KKFLN,7223,10.875,19.012
KKFLN,7224,10.875,19.012
KKFLN,7225,10.875,19.012
KKFLN,7226,10.875,19.012
KKFLN,7227,10.875,19.012
KKFLN,7228,10.875,19.012
KKFLN,7229,10.875,19.012
KKFLN,7230,10.875,19.012
KKFLN,7231,10.875,19.012
KKFLN,7232,10.875,19.012
KKFLN,7233,10.875,19.012
KKFLN,7234,10.875,19.012
KKFLN,7235,10.875,19.012
KKFLN,7236,10.875,19.012
KKFLN,7237,10.875,19.012
KKFLN,7238,10.875,19.012
KKFLN,7239,10.875,19.012
KKFLN,7240,10.875,19.012
KKFLN,7241,10.875,19.012
KKFLN,7242,10.875,19.012
KKFLN,7243,10.875,19.012
KKFLN,7244,10.875,19.012
KKFLN,7245,10.875,19.012
KKFLN,7246,10.875,19.012
KKFLN,7247,10.875,19.012
KKFLN,7248,10.875,19.012
KKFLN,7249,10.875,19.012
KKFLN,7250,10.875,19.012
KKFLN,7251,10.875,19.012
KKFLN,7252,10.875,19.012
KKFLN,7253,10.875,19.012
KKFLN,7254,10.875,19.012
KKFLN,7255,10.875,19.012
KKFLN,7256,10.875,19.012
KKFLN,7257,10.875,19.012
KKFLN,7258,10.875,19.012
KKFLN,7259,10.875,19.012
KKFLN,7260,10.875,19.012
KKFLN,7261,10.875,19.012
KKFLN,7262,10.875,19.012
KKFLN,7263,10.875,19.012
KKFLN,7264,10.875,19.012
KKFLN,7265,10.875,19.012
KKFLN,7266,10.875,19.012
KKFLN,7267,10.875,19.012
KKFLN,7268,10.875,19.012
KKFLN,7269,10.875,19.012
KKFLN,7270,10.875,19.012
KKFLN,7271,10.875,19.012
KKFLN,7272,10.875,19.012
KKFLN,7273,10.875,19.012
KKFLN,7274,10.875,19.012
KKFLN,7275,10.875,19.012
KKFLN,7276,10.875,19.012
KKFLN,7277,10.875,19.012
KKFLN,7278,10.875,19.012
KKFLN,7279,10.875,19.012
KKFLN,7280,10.875,19.012
KKFLN,7281,10.875,19.012
KKFLN,7282,10.875,19.012
KKFLN,7283,10.875,19.012
KKFLN,7284,10.875,19.012
KKFLN,7285,10.875,19.012
KKFLN,7286,10.875,19.012
KKFLN,7287,10.875,19.012
KKFLN,7288,10.875,19.012
KKFLN,7289,10.875,19.012
KKFLN,7290,10.875,19.012
KKFLN,7291,10.875,19.012
KKFLN,7292,10.875,19.012
KKFLN,7293,10.875,19.012
KKFLN,7294,10.875,19.012
KKFLN,7295,10.875,19.012
KKFLN,7296,10.875,19.012
KKFLN,7297,10.875,19.012
KKFLN,7298,10.875,19.012
KKFLN,7299,10.875,19.012
KKFLN,7300,10.875,19.012
KKFLN,7301,10.875,19.012
KKFLN,7302,10.875,19.012
KKFLN,7303,10.875,19.012
KKFLN,7304,10.875,19.012
KKFLN,7305,10.875,19.012
KKFLN,7306,10.875,19.012
KKFLN,7307,10.875,19.012
KKFLN,7308,10.875,19.012
KKFLN,7309,10.875,19.012
KKFLN,7310,10.875,19.012
KKFLN,7311,10.875,19.012
KKFLN,7312,10.875,19.012
KKFLN,7313,10.875,19.012
KKFLN,7314,10.875,19.012
KKFLN,7315,10.875,19.012
KKFLN,7316,10.875,19.012
KKFLN,7317,10.875,19.012
KKFLN,7318,10.875,19.012
KKFLN,7319,10.875,19.012
KKFLN,7320,10.875,19.012
KKFLN,7321,10.875,19.012
KKFLN,7322,10.875,19.012
KKFLN,7323,10.875,19.012
KKFLN,7324,10.875,19.012
KKFLN,7325,10.875,19.012
KKFLN,7326,10.875,19.012
KKFLN,7327,10.875,19.012
KKFLN,7328,10.875,19.012
KKFLN,7329,10.875,19.012
KKFLN,7330,10.875,19.012
KKFLN,7331,10.875,19.012
KKFLN,7332,10.875,19.012
KKFLN,7333,10.875,19.012
KKFLN,7334,10.875,19.012
KKFLN,7335,10.875,19.012
KKFLN,7336,10.875,19.012
KKFLN,7337,10.875,19.012
KKFLN,7338,10.875,19.012
KKFLN,7339,10.875,19.012
KKFLN,7340,10.875,19.012
KKFLN,7341,10.875,19.012
KKFLN,7342,10.875,19.012
KKFLN,7343,10.875,19.012
KKFLN,7344,10.875,19.012
KKFLN,7345,10.875,19.012
KKFLN,7346,10.875,19.012
KKFLN,7347,10.875,19.012
KKFLN,7348,10.875,19.012
KKFLN,7349,10.875,19.012
KKFLN,7350,10.875,19.012
KKFLN,7351,10.875,19.012
KKFLN,7352,10.875,19.012
KKFLN,7353,10.875,19.012
KKFLN,7354,10.875,19.012
KKFLN,7355,10.875,19.012
KKFLN,7356,10.875,19.012
KKFLN,7357,10.875,19.012
KKFLN,7358,10.875,19.012
KKFLN,7359,10.875,19.012
KKFLN,7360,10.875,19.012
KKFLN,7361,10.875,19.012
KKFLN,7362,10.875,19.012
KKFLN,7363,10.875,19.012
KKFLN,7364,10.875,19.012
KKFLN,7365,10.875,19.012
KKFLN,7366,10.875,19.012
KKFLN,7367,10.875,19.012
KKFLN,7368,10.875,19.012
KKFLN,7369,10.875,19.012
KKFLN,7370,10.875,19.012
KKFLN,7371,10.875,19.012
KKFLN,7372,10.875,19.012
KKFLN,7373,10.875,19.012
KKFLN,7374,10.875,19.012
KKFLN,7375,10.875,19.012
KKFLN,7376,10.875,19.012
KKFLN,7377,10.875,19.012
KKFLN,7378,10.875,19.012
KKFLN,7379,10.875,19.012
KKFLN,7380,10.875,19.012
KKFLN,7381,10.875,19.012
KKFLN,7382,10.875,19.012
KKFLN,7383,10.875,19.012
KKFLN,7384,10.875,19.012
KKFLN,7385,10.875,19.012
KKFLN,7386,10.875,19.012
KKFLN,7387,10.875,19.012
KKFLN,7388,10.875,19.012
KKFLN,7389,10.875,19.012
KKFLN,7390,10.875,19.012
KKFLN,7391,10.875,19.012
KKFLN,7392,10.875,19.012
KKFLN,7393,10.875,19.012
KKFLN,7394,10.875,19.012
KKFLN,7395,10.875,19.012
KKFLN,7396,10.875,19.012
KKFLN,7397,10.875,19.012
KKFLN,7398,10.875,19.012
KKFLN,7399,10.875,19.012
KKFLN,7400,10.875,19.012
KKFLN,7401,10.875,19.012
KKFLN,7402,10.875,19.012
KKFLN,7403,10.875,19.012
KKFLN,7404,10.875,19.012
KKFLN,7405,10.875,19.012
KKFLN,7406,10.875,19.012
KKFLN,7407,10.875,19.012
KKFLN,7408,10.875,19.012
KKFLN,7409,10.875,19.012
KKFLN,7410,10.875,19.012
KKFLN,7411,10.875,19.012
KKFLN,7412,10.875,19.012
KKFLN,7413,10.875,19.012
KKFLN,7414,10.875,19.012
KKFLN,7415,10.875,19.012
KKFLN,7416,10.875,19.012
KKFLN,7417,10.875,19.012
KKFLN,7418,10.875,19.012
KKFLN,7419,10.875,19.012
KKFLN,7420,10.875,19.012
KKFLN,7421,10.875,19.012
KKFLN,7422,10.875,19.012
KKFLN,7423,10.875,19.012
KKFLN,7424,10.875,19.012
KKFLN,7425,10.875,19.012
KKFLN,7426,10.875,19.012
KKFLN,7427,10.875,19.012
KKFLN,7428,10.875,19.012
KKFLN,7429,10.875,19.012
KKFLN,7430,10.875,19.012
KKFLN,7431,10.875,19.012
KKFLN,7432,10.875,19.012
KKFLN,7433,10.875,19.012
KKFLN,7434,10.875,19.012
KKFLN,7435,10.875,19.012
KKFLN,7436,10.875,19.012
KKFLN,7437,10.875,19.012
KKFLN,7438,10.875,19.012
KKFLN,7439,10.875,19.012
KKFLN,7440,10.875,19.012
KKFLN,7441,10.875,19.012
KKFLN,7442,10.875,19.012
KKFLN,7443,10.875,19.012
KKFLN,7444,10.875,19.012
KKFLN,7445,10.875,19.012
KKFLN,7446,10.875,19.012
KKFLN,7447,10.875,19.012
KKFLN,7448,10.875,19.012
KKFLN,7449,10.875,19.012
KKFLN,7450,10.875,19.012
KKFLN,7451,10.875,19.012
KKFLN,7452,10.875,19.012
KKFLN,7453,10.875,19.012
KKFLN,7454,10.875,19.012
KKFLN,7455,10.875,19.012
KKFLN,7456,10.875,19.012
KKFLN,7457,10.875,19.012
KKFLN,7458,10.875,19.012
KKFLN,7459,10.875,19.012
KKFLN,7460,10.875,19.012
KKFLN,7461,10.875,19.012
KKFLN,7462,10.875,19.012
KKFLN,7463,10.875,19.012
KKFLN,7464,10.875,19.012
KKFLN,7465,10.875,19.012
KKFLN,7466,10.875,19.012
KKFLN,7467,10.875,19.012
KKFLN,7468,10.875,19.012
KKFLN,7469,10.875,19.012
KKFLN,7470,10.875,19.012
KKFLN,7471,10.875,19.012
KKFLN,7472,10.875,19.012
KKFLN,7473,10.875,19.012
KKFLN,7474,10.875,19.012
KKFLN,7475,10.875,19.012
KKFLN,7476,10.875,19.012
KKFLN,7477,10.875,19.012
KKFLN,7478,10.875,19.012
KKFLN,7479,10.875,19.012
KKFLN,7480,10.875,19.012
KKFLN,7481,10.875,19.012
KKFLN,7482,10.875,19.012
KKFLN,7483,10.875,19.012
KKFLN,7484,10.875,19.012
KKFLN,7485,10.875,19.012
KKFLN,7486,10.875,19.012
KKFLN,7487,10.875,19.012
KKFLN,7488,10.875,19.012
KKFLN,7489,10.875,19.012
KKFLN,7490,10.875,19.012
KKFLN,7491,10.875,19.012
KKFLN,7492,10.875,19.012
KKFLN,7493,10.875,19.012
KKFLN,7494,10.875,19.012
KKFLN,7495,10.875,19.012
KKFLN,7496,10.875,19.012
KKFLN,7497,10.875,19.012
KKFLN,7498,10.875,19.012
KKFLN,7499,10.875,19.012
KKFLN,7500,10.875,19.012
KKFLN,7501,10.875,19.012
KKFLN,7502,10.875,19.012
KKFLN,7503,10.875,19.012
KKFLN,7504,10.875,19.012
KKFLN,7505,10.875,19.012
KKFLN,7506,10.875,19.012
KKFLN,7507,10.875,19.012
KKFLN,7508,10.875,19.012
KKFLN,7509,10.875,19.012
KKFLN,7510,10.875,19.012
KKFLN,7511,10.875,19.012
KKFLN,7512,10.875,19.012
KKFLN,7513,10.875,19.012
KKFLN,7514,10.875,19.012
KKFLN,7515,10.875,19.012
KKFLN,7516,10.875,19.012
KKFLN,7517,10.875,19.012
KKFLN,7518,10.875,19.012
KKFLN,7519,10.875,19.012
KKFLN,7520,10.875,19.012
KKFLN,7521,10.875,19.012
KKFLN,7522,10.875,19.012
KKFLN,7523,10.875,19.012
KKFLN,7524,10.875,19.012
KKFLN,7525,10.875,19.012
KKFLN,7526,10.875,19.012
KKFLN,7527,10.875,19.012
KKFLN,7528,10.875,19.012
KKFLN,7529,10.875,19.012
KKFLN,7530,10.875,19.012
KKFLN,7531,10.875,19.012
KKFLN,7532,10.875,19.012
KKFLN,7533,10.875,19.012
KKFLN,7534,10.875,19.012
KKFLN,7535,10.875,19.012
KKFLN,7536,10.875,19.012
KKFLN,7537,10.875,19.012
KKFLN,7538,10.875,19.012
KKFLN,7539,10.875,19.012
KKFLN,7540,10.875,19.012
KKFLN,7541,10.875,19.012
KKFLN,7542,10.875,19.012
KKFLN,7543,10.875,19.012
KKFLN,7544,10.875,19.012
KKFLN,7545,10.875,19.012
KKFLN,7546,10.875,19.012
KKFLN,7547,10.875,19.012
KKFLN,7548,10.875,19.012
KKFLN,7549,10.875,19.012
KKFLN,7550,10.875,19.012
KKFLN,7551,10.875,19.012
KKFLN,7552,10.875,19.012
KKFLN,7553,10.875,19.012
KKFLN,7554,10.875,19.012
KKFLN,7555,10.875,19.012
KKFLN,7556,10.875,19.012
KKFLN,7557,10.875,19.012
KKFLN,7558,10.875,19.012
KKFLN,7559,10.875,19.012
KKFLN,7560,10.875,19.012
KKFLN,7561,10.875,19.012
KKFLN,7562,10.875,19.012
KKFLN,7563,10.875,19.012
KKFLN,7564,10.875,19.012
KKFLN,7565,10.875,19.012
KKFLN,7566,10.875,19.012
KKFLN,7567,10.875,19.012
KKFLN,7568,10.875,19.012
KKFLN,7569,10.875,19.012
KKFLN,7570,10.875,19.012
KKFLN,7571,10.875,19.012
KKFLN,7572,10.875,19.012
KKFLN,7573,10.875,19.012
KKFLN,7574,10.875,19.012
KKFLN,7575,10.875,19.012
KKFLN,7576,10.875,19.012
KKFLN,7577,10.875,19.012
KKFLN,7578,10.875,19.012
KKFLN,7579,10.875,19.012
KKFLN,7580,10.875,19.012
KKFLN,7581,10.875,19.012
KKFLN,7582,10.875,19.012
KKFLN,7583,10.875,19.012
KKFLN,7584,10.875,19.012
KKFLN,7585,10.875,19.012
KKFLN,7586,10.875,19.012
KKFLN,7587,10.875,19.012
KKFLN,7588,10.875,19.012
KKFLN,7589,10.875,19.012
KKFLN,7590,10.875,19.012
KKFLN,7591,10.875,19.012
KKFLN,7592,10.875,19.012
KKFLN,7593,10.875,19.012
KKFLN,7594,10.875,19.012
KKFLN,7595,10.875,19.012
KKFLN,7596,10.875,19.012
KKFLN,7597,10.875,19.012
KKFLN,7598,10.875,19.012
KKFLN,7599,10.875,19.012
KKFLN,7600,10.875,19.012
KKFLN,7601,10.875,19.012
KKFLN,7602,10.875,19.012
KKFLN,7603,10.875,19.012
KKFLN,7604,10.875,19.012
KKFLN,7605,10.875,19.012
KKFLN,7606,10.875,19.012
KKFLN,7607,10.875,19.012
KKFLN,7608,10.875,19.012
KKFLN,7609,10.875,19.012
KKFLN,7610,10.875,19.012
KKFLN,7611,10.875,19.012
KKFLN,7612,10.875,19.012
KKFLN,7613,10.875,19.012
KKFLN,7614,10.875,19.012
KKFLN,7615,10.875,19.012
KKFLN,7616,10.875,19.012
KKFLN,7617,10.875,19.012
KKFLN,7618,10.875,19.012
KKFLN,7619,10.875,19.012
KKFLN,7620,10.875,19.012
KKFLN,7621,10.875,19.012
KKFLN,7622,10.875,19.012
KKFLN,7623,10.875,19.012
KKFLN,7624,10.875,19.012
KKFLN,7625,10.875,19.012
KKFLN,7626,10.875,19.012
KKFLN,7627,10.875,19.012
KKFLN,7628,10.875,19.012
KKFLN,7629,10.875,19.012
KKFLN,7630,10.875,19.012
KKFLN,7631,10.875,19.012
KKFLN,7632,10.875,19.012
KKFLN,7633,10.875,19.012
KKFLN,7634,10.875,19.012
KKFLN,7635,10.875,19.012
KKFLN,7636,10.875,19.012
KKFLN,7637,10.875,19.012
KKFLN,7638,10.875,19.012
KKFLN,7639,10.875,19.012
KKFLN,7640,10.875,19.012
KKFLN,7641,10.875,19.012
KKFLN,7642,10.875,19.012
KKFLN,7643,10.875,19.012
KKFLN,7644,10.875,19.012
KKFLN,7645,10.875,19.012
KKFLN,7646,10.875,19.012
KKFLN,7647,10.875,19.012
KKFLN,7648,10.875,19.012
KKFLN,7649,10.875,19.012
KKFLN,7650,10.875,19.012
KKFLN,7651,10.875,19.012
KKFLN,7652,10.875,19.012
KKFLN,7653,10.875,19.012
KKFLN,7654,10.875,19.012
KKFLN,7655,10.875,19.012
KKFLN,7656,10.875,19.012
KKFLN,7657,10.875,19.012
KKFLN,7658,10.875,19.012
KKFLN,7659,10.875,19.012
KKFLN,7660,10.875,19.012
KKFLN,7661,10.875,19.012
KKFLN,7662,10.875,19.012
KKFLN,7663,10.875,19.012
KKFLN,7664,10.875,19.012
KKFLN,7665,10.875,19.012
KKFLN,7666,10.875,19.012
KKFLN,7667,10.875,19.012
KKFLN,7668,10.875,19.012
KKFLN,7669,10.875,19.012
KKFLN,7670,10.875,19.012
KKFLN,7671,10.875,19.012
KKFLN,7672,10.875,19.012
KKFLN,7673,10.875,19.012
KKFLN,7674,10.875,19.012
KKFLN,7675,10.875,19.012
KKFLN,7676,10.875,19.012
KKFLN,7677,10.875,19.012
KKFLN,7678,10.875,19.012
KKFLN,7679,10.875,19.012
KKFLN,7680,10.875,19.012
KKFLN,7681,10.875,19.012
KKFLN,7682,10.875,19.012
KKFLN,7683,10.875,19.012
KKFLN,7684,10.875,19.012
KKFLN,7685,10.875,19.012
KKFLN,7686,10.875,19.012
KKFLN,7687,10.875,19.012
KKFLN,7688,10.875,19.012
KKFLN,7689,10.875,19.012
KKFLN,7690,10.875,19.012
KKFLN,7691,10.875,19.012
KKFLN,7692,10.875,19.012
KKFLN,7693,10.875,19.012
KKFLN,7694,10.875,19.012
KKFLN,7695,10.875,19.012
KKFLN,7696,10.875,19.012
KKFLN,7697,10.875,19.012
KKFLN,7698,10.875,19.012
KKFLN,7699,10.875,19.012
KKFLN,7700,10.875,19.012
KKFLN,7701,10.875,19.012
KKFLN,7702,10.875,19.012
KKFLN,7703,10.875,19.012
KKFLN,7704,10.875,19.012
KKFLN,7705,10.875,19.012
KKFLN,7706,10.875,19.012
KKFLN,7707,10.875,19.012
KKFLN,7708,10.875,19.012
KKFLN,7709,10.875,19.012
KKFLN,7710,10.875,19.012
KKFLN,7711,10.875,19.012
KKFLN,7712,10.875,19.012
KKFLN,7713,10.875,19.012
KKFLN,7714,10.875,19.012
KKFLN,7715,10.875,19.012
KKFLN,7716,10.875,19.012
KKFLN,7717,10.875,19.012
KKFLN,7718,10.875,19.012
KKFLN,7719,10.875,19.012
KKFLN,7720,10.875,19.012
KKFLN,7721,10.875,19.012
KKFLN,7722,10.875,19.012
KKFLN,7723,10.875,19.012
KKFLN,7724,10.875,19.012
KKFLN,7725,10.875,19.012
KKFLN,7726,10.875,19.012
KKFLN,7727,10.875,19.012
KKFLN,7728,10.875,19.012
KKFLN,7729,10.875,19.012
KKFLN,7730,10.875,19.012
KKFLN,7731,10.875,19.012
KKFLN,7732,10.875,19.012
KKFLN,7733,10.875,19.012
KKFLN,7734,10.875,19.012
KKFLN,7735,10.875,19.012
KKFLN,7736,10.875,19.012
KKFLN,7737,10.875,19.012
KKFLN,7738,10.875,19.012
KKFLN,7739,10.875,19.012
KKFLN,7740,10.875,19.012
KKFLN,7741,10.875,19.012
KKFLN,7742,10.875,19.012
KKFLN,7743,10.875,19.012
KKFLN,7744,10.875,19.012
KKFLN,7745,10.875,19.012
KKFLN,7746,10.875,19.012
KKFLN,7747,10.875,19.012
KKFLN,7748,10.875,19.012
KKFLN,7749,10.875,19.012
KKFLN,7750,10.875,19.012
KKFLN,7751,10.875,19.012
KKFLN,7752,10.875,19.012
KKFLN,7753,10.875,19.012
KKFLN,7754,10.875,19.012
KKFLN,7755,10.875,19.012
KKFLN,7756,10.875,19.012
KKFLN,7757,10.875,19.012
KKFLN,7758,10.875,19.012
KKFLN,7759,10.875,19.012
KKFLN,7760,10.875,19.012
KKFLN,7761,10.875,19.012
KKFLN,7762,10.875,19.012
KKFLN,7763,10.875,19.012
KKFLN,7764,10.875,19.012
KKFLN,7765,10.875,19.012
KKFLN,7766,10.875,19.012
KKFLN,7767,10.875,19.012
KKFLN,7768,10.875,19.012
KKFLN,7769,10.875,19.012
KKFLN,7770,10.875,19.012
KKFLN,7771,10.875,19.012
KKFLN,7772,10.875,19.012
KKFLN,7773,10.875,19.012
KKFLN,7774,10.875,19.012
KKFLN,7775,10.875,19.012
KKFLN,7776,10.875,19.012
KKFLN,7777,10.875,19.012
KKFLN,7778,10.875,19.012
KKFLN,7779,10.875,19.012
KKFLN,7780,10.875,19.012
KKFLN,7781,10.875,19.012
KKFLN,7782,10.875,19.012
KKFLN,7783,10.875,19.012
KKFLN,7784,10.875,19.012
KKFLN,7785,10.875,19.012
KKFLN,7786,10.875,19.012
KKFLN,7787,10.875,19.012
KKFLN,7788,10.875,19.012
KKFLN,7789,10.875,19.012
KKFLN,7790,10.875,19.012
KKFLN,7791,10.875,19.012
KKFLN,7792,10.875,19.012
KKFLN,7793,10.875,19.012
KKFLN,7794,10.875,19.012
KKFLN,7795,10.875,19.012
KKFLN,7796,10.875,19.012
KKFLN,7797,10.875,19.012
KKFLN,7798,10.875,19.012
KKFLN,7799,10.875,19.012
KKFLN,7800,10.875,19.012
KKFLN,7801,10.875,19.012
KKFLN,7802,10.875,19.012
KKFLN,7803,10.875,19.012
KKFLN,7804,10.875,19.012
KKFLN,7805,10.875,19.012
KKFLN,7806,10.875,19.012
KKFLN,7807,10.875,19.012
KKFLN,7808,10.875,19.012
KKFLN,7809,10.875,19.012
KKFLN,7810,10.875,19.012
KKFLN,7811,10.875,19.012
KKFLN,7812,10.875,19.012
KKFLN,7813,10.875,19.012
KKFLN,7814,10.875,19.012
KKFLN,7815,10.875,19.012
KKFLN,7816,10.875,19.012
KKFLN,7817,10.875,19.012
KKFLN,7818,10.875,19.012
KKFLN,7819,10.875,19.012
KKFLN,7820,10.875,19.012
KKFLN,7821,10.875,19.012
KKFLN,7822,10.875,19.012
KKFLN,7823,10.875,19.012
KKFLN,7824,10.875,19.012
KKFLN,7825,10.875,19.012
KKFLN,7826,10.875,19.012
KKFLN,7827,10.875,19.012
KKFLN,7828,10.875,19.012
KKFLN,7829,10.875,19.012
KKFLN,7830,10.875,19.012
KKFLN,7831,10.875,19.012
KKFLN,7832,10.875,19.012
KKFLN,7833,10.875,19.012
KKFLN,7834,10.875,19.012
KKFLN,7835,10.875,19.012
KKFLN,7836,10.875,19.012
KKFLN,7837,10.875,19.012
KKFLN,7838,10.875,19.012
KKFLN,7839,10.875,19.012
KKFLN,7840,10.875,19.012
KKFLN,7841,10.875,19.012
KKFLN,7842,10.875,19.012
KKFLN,7843,10.875,19.012
KKFLN,7844,10.875,19.012
KKFLN,7845,10.875,19.012
KKFLN,7846,10.875,19.012
KKFLN,7847,10.875,19.012
KKFLN,7848,10.875,19.012
KKFLN,7849,10.875,19.012
KKFLN,7850,10.875,19.012
KKFLN,7851,10.875,19.012
KKFLN,7852,10.875,19.012
KKFLN,7853,10.875,19.012
KKFLN,7854,10.875,19.012
KKFLN,7855,10.875,19.012
KKFLN,7856,10.875,19.012
KKFLN,7857,10.875,19.012
KKFLN,7858,10.875,19.012
KKFLN,7859,10.875,19.012
KKFLN,7860,10.875,19.012
KKFLN,7861,10.875,19.012
KKFLN,7862,10.875,19.012
KKFLN,7863,10.875,19.012
KKFLN,7864,10.875,19.012
KKFLN,7865,10.875,19.012
KKFLN,7866,10.875,19.012
KKFLN,7867,10.875,19.012
KKFLN,7868,10.875,19.012
KKFLN,7869,10.875,19.012
KKFLN,7870,10.875,19.012
KKFLN,7871,10.875,19.012
KKFLN,7872,10.875,19.012
KKFLN,7873,10.875,19.012
KKFLN,7874,10.875,19.012
KKFLN,7875,10.875,19.012
KKFLN,7876,10.875,19.012
KKFLN,7877,10.875,19.012
KKFLN,7878,10.875,19.012
KKFLN,7879,10.875,19.012
KKFLN,7880,10.875,19.012
KKFLN,7881,10.875,19.012
KKFLN,7882,10.875,19.012
KKFLN,7883,10.875,19.012
KKFLN,7884,10.875,19.012
KKFLN,7885,10.875,19.012
KKFLN,7886,10.875,19.012
KKFLN,7887,10.875,19.012
KKFLN,7888,10.875,19.012
KKFLN,7889,10.875,19.012
KKFLN,7890,10.875,19.012
KKFLN,7891,10.875,19.012
KKFLN,7892,10.875,19.012
KKFLN,7893,10.875,19.012
KKFLN,7894,10.875,19.012
KKFLN,7895,10.875,19.012
KKFLN,7896,10.875,19.012
KKFLN,7897,10.875,19.012
KKFLN,7898,10.875,19.012
KKFLN,7899,10.875,19.012
KKFLN,7900,10.875,19.012
KKFLN,7901,10.875,19.012
KKFLN,7902,10.875,19.012
KKFLN,7903,10.875,19.012
KKFLN,7904,10.875,19.012
KKFLN,7905,10.875,19.012
KKFLN,7906,10.875,19.012
KKFLN,7907,10.875,19.012
KKFLN,7908,10.875,19.012
KKFLN,7909,10.875,19.012
KKFLN,7910,10.875,19.012
KKFLN,7911,10.875,19.012
KKFLN,7912,10.875,19.012
KKFLN,7913,10.875,19.012
KKFLN,7914,10.875,19.012
KKFLN,7915,10.875,19.012
KKFLN,7916,10.875,19.012
KKFLN,7917,10.875,19.012
KKFLN,7918,10.875,19.012
KKFLN,7919,10.875,19.012
KKFLN,7920,10.875,19.012
KKFLN,7921,10.875,19.012
KKFLN,7922,10.875,19.012
KKFLN,7923,10.875,19.012
KKFLN,7924,10.875,19.012
KKFLN,7925,10.875,19.012
KKFLN,7926,10.875,19.012
KKFLN,7927,10.875,19.012
KKFLN,7928,10.875,19.012
KKFLN,7929,10.875,19.012
KKFLN,7930,10.875,19.012
KKFLN,7931,10.875,19.012
KKFLN,7932,10.875,19.012
KKFLN,7933,10.875,19.012
KKFLN,7934,10.875,19.012
KKFLN,7935,10.875,19.012
KKFLN,7936,10.875,19.012
KKFLN,7937,10.875,19.012
KKFLN,7938,10.875,19.012
KKFLN,7939,10.875,19.012
KKFLN,7940,10.875,19.012
KKFLN,7941,10.875,19.012
KKFLN,7942,10.875,19.012
KKFLN,7943,10.875,19.012
KKFLN,7944,10.875,19.012
KKFLN,7945,10.875,19.012
KKFLN,7946,10.875,19.012
KKFLN,7947,10.875,19.012
KKFLN,7948,10.875,19.012
KKFLN,7949,10.875,19.012
KKFLN,7950,10.875,19.012
KKFLN,7951,10.875,19.012
KKFLN,7952,10.875,19.012
KKFLN,7953,10.875,19.012
KKFLN,7954,10.875,19.012
KKFLN,7955,10.875,19.012
KKFLN,7956,10.875,19.012
KKFLN,7957,10.875,19.012
KKFLN,7958,10.875,19.012
KKFLN,7959,10.875,19.012
KKFLN,7960,10.875,19.012
KKFLN,7961,10.875,19.012
KKFLN,7962,10.875,19.012
KKFLN,7963,10.875,19.012
KKFLN,7964,10.875,19.012
KKFLN,7965,10.875,19.012
KKFLN,7966,10.875,19.012
KKFLN,7967,10.875,19.012
KKFLN,7968,10.875,19.012
KKFLN,7969,10.875,19.012
KKFLN,7970,10.875,19.012
KKFLN,7971,10.875,19.012
KKFLN,7972,10.875,19.012
KKFLN,7973,10.875,19.012
KKFLN,7974,10.875,19.012
KKFLN,7975,10.875,19.012
KKFLN,7976,10.875,19.012
KKFLN,7977,10.875,19.012
KKFLN,7978,10.875,19.012
KKFLN,7979,10.875,19.012
KKFLN,7980,10.875,19.012
KKFLN,7981,10.875,19.012
KKFLN,7982,10.875,19.012
KKFLN,7983,10.875,19.012
KKFLN,7984,10.875,19.012
KKFLN,7985,10.875,19.012
KKFLN,7986,10.875,19.012
KKFLN,7987,10.875,19.012
KKFLN,7988,10.875,19.012
KKFLN,7989,10.875,19.012
KKFLN,7990,10.875,19.012
KKFLN,7991,10.875,19.012
KKFLN,7992,10.875,19.012
KKFLN,7993,10.875,19.012
KKFLN,7994,10.875,19.012
KKFLN,7995,10.875,19.012
KKFLN,7996,10.875,19.012
KKFLN,7997,10.875,19.012
KKFLN,7998,10.875,19.012
KKFLN,7999,10.875,19.012
KKFLN,8000,10.875,19.012
KKFLN,8001,10.875,19.012
KKFLN,8002,10.875,19.012
KKFLN,8003,10.875,19.012
KKFLN,8004,10.875,19.012
KKFLN,8005,10.875,19.012
KKFLN,8006,10.875,19.012
KKFLN,8007,10.875,19.012
KKFLN,8008,10.875,19.012
KKFLN,8009,10.875,19.012
KKFLN,8010,10.875,19.012
KKFLN,8011,10.875,19.012
KKFLN,8012,10.875,19.012
KKFLN,8013,10.875,19.012
KKFLN,8014,10.875,19.012
KKFLN,8015,10.875,19.012
KKFLN,8016,10.875,19.012
KKFLN,8017,10.875,19.012
KKFLN,8018,10.875,19.012
KKFLN,8019,10.875,19.012
KKFLN,8020,10.875,19.012
KKFLN,8021,10.875,19.012
KKFLN,8022,10.875,19.012
KKFLN,8023,10.875,19.012
KKFLN,8024,10.875,19.012
KKFLN,8025,10.875,19.012
KKFLN,8026,10.875,19.012
KKFLN,8027,10.875,19.012
KKFLN,8028,10.875,19.012
KKFLN,8029,10.875,19.012
KKFLN,8030,10.875,19.012
KKFLN,8031,10.875,19.012
KKFLN,8032,10.875,19.012
KKFLN,8033,10.875,19.012
KKFLN,8034,10.875,19.012
KKFLN,8035,10.875,19.012
KKFLN,8036,10.875,19.012
KKFLN,8037,10.875,19.012
KKFLN,8038,10.875,19.012
KKFLN,8039,10.875,19.012
KKFLN,8040,10.875,19.012
KKFLN,8041,10.875,19.012
KKFLN,8042,10.875,19.012
KKFLN,8043,10.875,19.012
KKFLN,8044,10.875,19.012
KKFLN,8045,10.875,19.012
KKFLN,8046,10.875,19.012
KKFLN,8047,10.875,19.012
KKFLN,8048,10.875,19.012
KKFLN,8049,10.875,19.012
KKFLN,8050,10.875,19.012
KKFLN,8051,10.875,19.012
KKFLN,8052,10.875,19.012
KKFLN,8053,10.875,19.012
KKFLN,8054,10.875,19.012
KKFLN,8055,10.875,19.012
KKFLN,8056,10.875,19.012
KKFLN,8057,10.875,19.012
KKFLN,8058,10.875,19.012
KKFLN,8059,10.875,19.012
KKFLN,8060,10.875,19.012
KKFLN,8061,10.875,19.012
KKFLN,8062,10.875,19.012
KKFLN,8063,10.875,19.012
KKFLN,8064,10.875,19.012
KKFLN,8065,10.875,19.012
KKFLN,8066,10.875,19.012
KKFLN,8067,10.875,19.012
KKFLN,8068,10.875,19.012
KKFLN,8069,10.875,19.012
KKFLN,8070,10.875,19.012
KKFLN,8071,10.875,19.012
KKFLN,8072,10.875,19.012
KKFLN,8073,10.875,19.012
KKFLN,8074,10.875,19.012
KKFLN,8075,10.875,19.012
KKFLN,8076,10.875,19.012
KKFLN,8077,10.875,19.012
KKFLN,8078,10.875,19.012
KKFLN,8079,10.875,19.012
KKFLN,8080,10.875,19.012
KKFLN,8081,10.875,19.012
KKFLN,8082,10.875,19.012
KKFLN,8083,10.875,19.012
KKFLN,8084,10.875,19.012
KKFLN,8085,10.875,19.012
KKFLN,8086,10.875,19.012
KKFLN,8087,10.875,19.012
KKFLN,8088,10.875,19.012
KKFLN,8089,10.875,19.012
KKFLN,8090,10.875,19.012
KKFLN,8091,10.875,19.012
KKFLN,8092,10.875,19.012
KKFLN,8093,10.875,19.012
KKFLN,8094,10.875,19.012
KKFLN,8095,10.875,19.012
KKFLN,8096,10.875,19.012
KKFLN,8097,10.875,19.012
KKFLN,8098,10.875,19.012
KKFLN,8099,10.875,19.012
KKFLN,8100,10.875,19.012
KKFLN,8101,10.875,19.012
KKFLN,8102,10.875,19.012
KKFLN,8103,10.875,19.012
KKFLN,8104,10.875,19.012
KKFLN,8105,10.875,19.012
KKFLN,8106,10.875,19.012
KKFLN,8107,10.875,19.012
KKFLN,8108,10.875,19.012
KKFLN,8109,10.875,19.012
KKFLN,8110,10.875,19.012
KKFLN,8111,10.875,19.012
KKFLN,8112,10.875,19.012
KKFLN,8113,10.875,19.012
KKFLN,8114,10.875,19.012
KKFLN,8115,10.875,19.012
KKFLN,8116,10.875,19.012
KKFLN,8117,10.875,19.012
KKFLN,8118,10.875,19.012
KKFLN,8119,10.875,19.012
KKFLN,8120,10.875,19.012
KKFLN,8121,10.875,19.012
KKFLN,8122,10.875,19.012
KKFLN,8123,10.875,19.012
KKFLN,8124,10.875,19.012
KKFLN,8125,10.875,19.012
KKFLN,8126,10.875,19.012
KKFLN,8127,10.875,19.012
KKFLN,8128,10.875,19.012
KKFLN,8129,10.875,19.012
KKFLN,8130,10.875,19.012
KKFLN,8131,10.875,19.012
KKFLN,8132,10.875,19.012
KKFLN,8133,10.875,19.012
KKFLN,8134,10.875,19.012
KKFLN,8135,10.875,19.012
KKFLN,8136,10.875,19.012
KKFLN,8137,10.875,19.012
KKFLN,8138,10.875,19.012
KKFLN,8139,10.875,19.012
KKFLN,8140,10.875,19.012
KKFLN,8141,10.875,19.012
KKFLN,8142,10.875,19.012
KKFLN,8143,10.875,19.012
KKFLN,8144,10.875,19.012
KKFLN,8145,10.875,19.012
KKFLN,8146,10.875,19.012
KKFLN,8147,10.875,19.012
KKFLN,8148,10.875,19.012
KKFLN,8149,10.875,19.012
KKFLN,8150,10.875,19.012
KKFLN,8151,10.875,19.012
KKFLN,8152,10.875,19.012
KKFLN,8153,10.875,19.012
KKFLN,8154,10.875,19.012
KKFLN,8155,10.875,19.012
KKFLN,8156,10.875,19.012
KKFLN,8157,10.875,19.012
KKFLN,8158,10.875,19.012
KKFLN,8159,10.875,19.012
KKFLN,8160,10.875,19.012
KKFLN,8161,10.875,19.012
KKFLN,8162,10.875,19.012
KKFLN,8163,10.875,19.012
KKFLN,8164,10.875,19.012
KKFLN,8165,10.875,19.012
KKFLN,8166,10.875,19.012
KKFLN,8167,10.875,19.012
KKFLN,8168,10.875,19.012
KKFLN,8169,10.875,19.012
KKFLN,8170,10.875,19.012
KKFLN,8171,10.875,19.012
KKFLN,8172,10.875,19.012
KKFLN,8173,10.875,19.012
KKFLN,8174,10.875,19.012
KKFLN,8175,10.875,19.012
KKFLN,8176,10.875,19.012
KKFLN,8177,10.875,19.012
KKFLN,8178,10.875,19.012
KKFLN,8179,10.875,19.012
KKFLN,8180,10.875,19.012
KKFLN,8181,10.875,19.012
KKFLN,8182,10.875,19.012
KKFLN,8183,10.875,19.012
KKFLN,8184,10.875,19.012
KKFLN,8185,10.875,19.012
KKFLN,8186,10.875,19.012
KKFLN,8187,10.875,19.012
KKFLN,8188,10.875,19.012
KKFLN,8189,10.875,19.012
KKFLN,8190,10.875,19.012
KKFLN,8191,10.875,19.012
KKFLN,8192,10.875,19.012
KKFLN,8193,10.875,19.012
KKFLN,8194,10.875,19.012
KKFLN,8195,10.875,19.012
KKFLN,8196,10.875,19.012
KKFLN,8197,10.875,19.012
KKFLN,8198,10.875,19.012
KKFLN,8199,10.875,19.012
KKFLN,8200,10.875,19.012
KKFLN,8201,10.875,19.012
KKFLN,8202,10.875,19.012
KKFLN,8203,10.875,19.012
KKFLN,8204,10.875,19.012
KKFLN,8205,10.875,19.012
KKFLN,8206,10.875,19.012
KKFLN,8207,10.875,19.012
KKFLN,8208,10.875,19.012
KKFLN,8209,10.875,19.012
KKFLN,8210,10.875,19.012
KKFLN,8211,10.875,19.012
KKFLN,8212,10.875,19.012
KKFLN,8213,10.875,19.012
KKFLN,8214,10.875,19.012
KKFLN,8215,10.875,19.012
KKFLN,8216,10.875,19.012
KKFLN,8217,10.875,19.012
KKFLN,8218,10.875,19.012
KKFLN,8219,10.875,19.012
KKFLN,8220,10.875,19.012
KKFLN,8221,10.875,19.012
KKFLN,8222,10.875,19.012
KKFLN,8223,10.875,19.012
KKFLN,8224,10.875,19.012
KKFLN,8225,10.875,19.012
KKFLN,8226,10.875,19.012
KKFLN,8227,10.875,19.012
KKFLN,8228,10.875,19.012
KKFLN,8229,10.875,19.012
KKFLN,8230,10.875,19.012
KKFLN,8231,10.875,19.012
KKFLN,8232,10.875,19.012
KKFLN,8233,10.875,19.012
KKFLN,8234,10.875,19.012
KKFLN,8235,10.875,19.012
KKFLN,8236,10.875,19.012
KKFLN,8237,10.875,19.012
KKFLN,8238,10.875,19.012
KKFLN,8239,10.875,19.012
KKFLN,8240,10.875,19.012
KKFLN,8241,10.875,19.012
KKFLN,8242,10.875,19.012
KKFLN,8243,10.875,19.012
KKFLN,8244,10.875,19.012
KKFLN,8245,10.875,19.012
KKFLN,8246,10.875,19.012
KKFLN,8247,10.875,19.012
KKFLN,8248,10.875,19.012
KKFLN,8249,10.875,19.012
KKFLN,8250,10.875,19.012
KKFLN,8251,10.875,19.012
KKFLN,8252,10.875,19.012
KKFLN,8253,10.875,19.012
KKFLN,8254,10.875,19.012
KKFLN,8255,10.875,19.012
KKFLN,8256,10.875,19.012
KKFLN,8257,10.875,19.012
KKFLN,8258,10.875,19.012
KKFLN,8259,10.875,19.012
KKFLN,8260,10.875,19.012
KKFLN,8261,10.875,19.012
KKFLN,8262,10.875,19.012
KKFLN,8263,10.875,19.012
KKFLN,8264,10.875,19.012
KKFLN,8265,10.875,19.012
KKFLN,8266,10.875,19.012
KKFLN,8267,10.875,19.012
KKFLN,8268,10.875,19.012
KKFLN,8269,10.875,19.012
KKFLN,8270,10.875,19.012
KKFLN,8271,10.875,19.012
KKFLN,8272,10.875,19.012
KKFLN,8273,10.875,19.012
KKFLN,8274,10.875,19.012
KKFLN,8275,10.875,19.012
KKFLN,8276,10.875,19.012
KKFLN,8277,10.875,19.012
KKFLN,8278,10.875,19.012
KKFLN,8279,10.875,19.012
KKFLN,8280,10.875,19.012
KKFLN,8281,10.875,19.012
KKFLN,8282,10.875,19.012
KKFLN,8283,10.875,19.012
KKFLN,8284,10.875,19.012
KKFLN,8285,10.875,19.012
KKFLN,8286,10.875,19.012
KKFLN,8287,10.875,19.012
KKFLN,8288,10.875,19.012
KKFLN,8289,10.875,19.012
KKFLN,8290,10.875,19.012
KKFLN,8291,10.875,19.012
KKFLN,8292,10.875,19.012
KKFLN,8293,10.875,19.012
KKFLN,8294,10.875,19.012
KKFLN,8295,10.875,19.012
KKFLN,8296,10.875,19.012
KKFLN,8297,10.875,19.012
KKFLN,8298,10.875,19.012
KKFLN,8299,10.875,19.012
KKFLN,8300,10.875,19.012
KKFLN,8301,10.875,19.012
KKFLN,8302,10.875,19.012
KKFLN,8303,10.875,19.012
KKFLN,8304,10.875,19.012
KKFLN,8305,10.875,19.012
KKFLN,8306,10.875,19.012
KKFLN,8307,10.875,19.012
KKFLN,8308,10.875,19.012
KKFLN,8309,10.875,19.012
KKFLN,8310,10.875,19.012
KKFLN,8311,10.875,19.012
KKFLN,8312,10.875,19.012
KKFLN,8313,10.875,19.012
KKFLN,8314,10.875,19.012
KKFLN,8315,10.875,19.012
KKFLN,8316,10.875,19.012
KKFLN,8317,10.875,19.012
KKFLN,8318,10.875,19.012
KKFLN,8319,10.875,19.012
KKFLN,8320,10.875,19.012
KKFLN,8321,10.875,19.012
KKFLN,8322,10.875,19.012
KKFLN,8323,10.875,19.012
KKFLN,8324,10.875,19.012
KKFLN,8325,10.875,19.012
KKFLN,8326,10.875,19.012
KKFLN,8327,10.875,19.012
KKFLN,8328,10.875,19.012
KKFLN,8329,10.875,19.012
KKFLN,8330,10.875,19.012
KKFLN,8331,10.875,19.012
KKFLN,8332,10.875,19.012
KKFLN,8333,10.875,19.012
KKFLN,8334,10.875,19.012
KKFLN,8335,10.875,19.012
KKFLN,8336,10.875,19.012
KKFLN,8337,10.875,19.012
KKFLN,8338,10.875,19.012
KKFLN,8339,10.875,19.012
KKFLN,8340,10.875,19.012
KKFLN,8341,10.875,19.012
KKFLN,8342,10.875,19.012
KKFLN,8343,10.875,19.012
KKFLN,8344,10.875,19.012
KKFLN,8345,10.875,19.012
KKFLN,8346,10.875,19.012
KKFLN,8347,10.875,19.012
KKFLN,8348,10.875,19.012
KKFLN,8349,10.875,19.012
KKFLN,8350,10.875,19.012
KKFLN,8351,10.875,19.012
KKFLN,8352,10.875,19.012
KKFLN,8353,10.875,19.012
KKFLN,8354,10.875,19.012
KKFLN,8355,10.875,19.012
KKFLN,8356,10.875,19.012
KKFLN,8357,10.875,19.012
KKFLN,8358,10.875,19.012
KKFLN,8359,10.875,19.012
KKFLN,8360,10.875,19.012
KKFLN,8361,10.875,19.012
KKFLN,8362,10.875,19.012
KKFLN,8363,10.875,19.012
KKFLN,8364,10.875,19.012
KKFLN,8365,10.875,19.012
KKFLN,8366,10.875,19.012
KKFLN,8367,10.875,19.012
KKFLN,8368,10.875,19.012
KKFLN,8369,10.875,19.012
KKFLN,8370,10.875,19.012
KKFLN,8371,10.875,19.012
KKFLN,8372,10.875,19.012
KKFLN,8373,10.875,19.012
KKFLN,8374,10.875,19.012
KKFLN,8375,10.875,19.012
KKFLN,8376,10.875,19.012
KKFLN,8377,10.875,19.012
KKFLN,8378,10.875,19.012
KKFLN,8379,10.875,19.012
KKFLN,8380,10.875,19.012
KKFLN,8381,10.875,19.012
KKFLN,8382,10.875,19.012
KKFLN,8383,10.875,19.012
KKFLN,8384,10.875,19.012
KKFLN,8385,10.875,19.012
KKFLN,8386,10.875,19.012
KKFLN,8387,10.875,19.012
KKFLN,8388,10.875,19.012
KKFLN,8389,10.875,19.012
KKFLN,8390,10.875,19.012
KKFLN,8391,10.875,19.012
KKFLN,8392,10.875,19.012
KKFLN,8393,10.875,19.012
KKFLN,8394,10.875,19.012
KKFLN,8395,10.875,19.012
KKFLN,8396,10.875,19.012
KKFLN,8397,10.875,19.012
KKFLN,8398,10.875,19.012
KKFLN,8399,10.875,19.012
KKFLN,8400,10.875,19.012
KKFLN,8401,10.875,19.012
KKFLN,8402,10.875,19.012
KKFLN,8403,10.875,19.012
KKFLN,8404,10.875,19.012
KKFLN,8405,10.875,19.012
KKFLN,8406,10.875,19.012
KKFLN,8407,10.875,19.012
KKFLN,8408,10.875,19.012
KKFLN,8409,10.875,19.012
KKFLN,8410,10.875,19.012
KKFLN,8411,10.875,19.012
KKFLN,8412,10.875,19.012
KKFLN,8413,10.875,19.012
KKFLN,8414,10.875,19.012
KKFLN,8415,10.875,19.012
KKFLN,8416,10.875,19.012
KKFLN,8417,10.875,19.012
KKFLN,8418,10.875,19.012
KKFLN,8419,10.875,19.012
KKFLN,8420,10.875,19.012
KKFLN,8421,10.875,19.012
KKFLN,8422,10.875,19.012
KKFLN,8423,10.875,19.012
KKFLN,8424,10.875,19.012
KKFLN,8425,10.875,19.012
KKFLN,8426,10.875,19.012
KKFLN,8427,10.875,19.012
KKFLN,8428,10.875,19.012
KKFLN,8429,10.875,19.012
KKFLN,8430,10.875,19.012
KKFLN,8431,10.875,19.012
KKFLN,8432,10.875,19.012
KKFLN,8433,10.875,19.012
KKFLN,8434,10.875,19.012
KKFLN,8435,10.875,19.012
KKFLN,8436,10.875,19.012
KKFLN,8437,10.875,19.012
KKFLN,8438,10.875,19.012
KKFLN,8439,10.875,19.012
KKFLN,8440,10.875,19.012
KKFLN,8441,10.875,19.012
KKFLN,8442,10.875,19.012
KKFLN,8443,10.875,19.012
KKFLN,8444,10.875,19.012
KKFLN,8445,10.875,19.012
KKFLN,8446,10.875,19.012
KKFLN,8447,10.875,19.012
KKFLN,8448,10.875,19.012
KKFLN,8449,10.875,19.012
KKFLN,8450,10.875,19.012
KKFLN,8451,10.875,19.012
KKFLN,8452,10.875,19.012
KKFLN,8453,10.875,19.012
KKFLN,8454,10.875,19.012
KKFLN,8455,10.875,19.012
KKFLN,8456,10.875,19.012
KKFLN,8457,10.875,19.012
KKFLN,8458,10.875,19.012
KKFLN,8459,10.875,19.012
KKFLN,8460,10.875,19.012
KKFLN,8461,10.875,19.012
KKFLN,8462,10.875,19.012
KKFLN,8463,10.875,19.012
KKFLN,8464,10.875,19.012
KKFLN,8465,10.875,19.012
KKFLN,8466,10.875,19.012
KKFLN,8467,10.875,19.012
KKFLN,8468,10.875,19.012
KKFLN,8469,10.875,19.012
KKFLN,8470,10.875,19.012
KKFLN,8471,10.875,19.012
KKFLN,8472,10.875,19.012
KKFLN,8473,10.875,19.012
KKFLN,8474,10.875,19.012
KKFLN,8475,10.875,19.012
KKFLN,8476,10.875,19.012
KKFLN,8477,10.875,19.012
KKFLN,8478,10.875,19.012
KKFLN,8479,10.875,19.012
KKFLN,8480,10.875,19.012
KKFLN,8481,10.875,19.012
KKFLN,8482,10.875,19.012
KKFLN,8483,10.875,19.012
KKFLN,8484,10.875,19.012
KKFLN,8485,10.875,19.012
KKFLN,8486,10.875,19.012
KKFLN,8487,10.875,19.012
KKFLN,8488,10.875,19.012
KKFLN,8489,10.875,19.012
KKFLN,8490,10.875,19.012
KKFLN,8491,10.875,19.012
KKFLN,8492,10.875,19.012
KKFLN,8493,10.875,19.012
KKFLN,8494,10.875,19.012
KKFLN,8495,10.875,19.012
KKFLN,8496,10.875,19.012
KKFLN,8497,10.875,19.012
KKFLN,8498,10.875,19.012
KKFLN,8499,10.875,19.012
KKFLN,8500,10.875,19.012
KKFLN,8501,10.875,19.012
KKFLN,8502,10.875,19.012
KKFLN,8503,10.875,19.012
KKFLN,8504,10.875,19.012
KKFLN,8505,10.875,19.012
KKFLN,8506,10.875,19.012
KKFLN,8507,10.875,19.012
KKFLN,8508,10.875,19.012
KKFLN,8509,10.875,19.012
KKFLN,8510,10.875,19.012
KKFLN,8511,10.875,19.012
KKFLN,8512,10.875,19.012
KKFLN,8513,10.875,19.012
KKFLN,8514,10.875,19.012
KKFLN,8515,10.875,19.012
KKFLN,8516,10.875,19.012
KKFLN,8517,10.875,19.012
KKFLN,8518,10.875,19.012
KKFLN,8519,10.875,19.012
KKFLN,8520,10.875,19.012
KKFLN,8521,10.875,19.012
KKFLN,8522,10.875,19.012
KKFLN,8523,10.875,19.012
KKFLN,8524,10.875,19.012
KKFLN,8525,10.875,19.012
KKFLN,8526,10.875,19.012
KKFLN,8527,10.875,19.012
KKFLN,8528,10.875,19.012
KKFLN,8529,10.875,19.012
KKFLN,8530,10.875,19.012
TERRA,0,7.627,13.295
TERRA,1,7.627,13.294
TERRA,2,7.627,13.294
TERRA,3,7.626,13.293
TERRA,4,7.626,13.293
TERRA,5,7.626,13.292
TERRA,6,7.626,13.292
TERRA,7,7.625,13.291
TERRA,8,7.625,13.291
TERRA,9,7.625,13.290
TERRA,10,7.624,13.290
TERRA,11,7.624,13.289
TERRA,12,7.624,13.289
TERRA,13,7.624,13.288
TERRA,14,7.623,13.288
TERRA,15,7.623,13.287
TERRA,16,7.623,13.287
TERRA,17,7.622,13.286
TERRA,18,7.622,13.286
TERRA,19,7.622,13.285
TERRA,20,7.622,13.285
TERRA,21,7.621,13.284
TERRA,22,7.621,13.284
TERRA,23,7.621,13.283
TERRA,24,7.621,13.283
TERRA,25,7.620,13.283
TERRA,26,7.620,13.282
TERRA,27,7.620,13.282
TERRA,28,7.619,13.281
TERRA,29,7.619,13.281
TERRA,30,7.619,13.280
TERRA,31,7.619,13.280
TERRA,32,7.618,13.279
TERRA,33,7.618,13.279
TERRA,34,7.618,13.278
TERRA,35,7.618,13.278
TERRA,36,7.617,13.277
TERRA,37,7.617,13.277
TERRA,38,7.617,13.276
TERRA,39,7.616,13.276
TERRA,40,7.616,13.275
TERRA,41,7.616,13.275
TERRA,42,7.616,13.274
TERRA,43,7.615,13.274
TERRA,44,7.615,13.273
TERRA,45,7.615,13.273
TERRA,46,7.615,13.272
TERRA,47,7.614,13.272
TERRA,48,7.614,13.272
TERRA,49,7.614,13.271
TERRA,50,7.613,13.271
TERRA,51,7.613,13.270
TERRA,52,7.613,13.270
TERRA,53,7.613,13.269
TERRA,54,7.612,13.269
TERRA,55,7.612,13.268
TERRA,56,7.612,13.268
TERRA,57,7.612,13.267
TERRA,58,7.611,13.267
TERRA,59,7.611,13.266
TERRA,60,7.611,13.266
TERRA,61,7.611,13.265
TERRA,62,7.610,13.265
TERRA,63,7.610,13.264
TERRA,64,7.610,13.264
TERRA,65,7.609,13.264
TERRA,66,7.609,13.263
TERRA,67,7.609,13.263
TERRA,68,7.609,13.262
TERRA,69,7.608,13.262
TERRA,70,7.608,13.261
TERRA,71,7.608,13.261
TERRA,72,7.608,13.260
TERRA,73,7.607,13.260
TERRA,74,7.607,13.259
TERRA,75,7.607,13.259
TERRA,76,7.607,13.258
TERRA,77,7.606,13.258
TERRA,78,7.606,13.258
TERRA,79,7.606,13.257
TERRA,80,7.605,13.257
TERRA,81,7.605,13.256
TERRA,82,7.605,13.256
TERRA,83,7.605,13.255
TERRA,84,7.604,13.255
TERRA,85,7.604,13.254
TERRA,86,7.604,13.254
TERRA,87,7.604,13.253
TERRA,88,7.603,13.253
TERRA,89,7.603,13.253
TERRA,90,7.603,13.252
TERRA,91,7.603,13.252
TERRA,92,7.602,13.251
TERRA,93,7.602,13.251
TERRA,94,7.602,13.250
TERRA,95,7.602,13.250
TERRA,96,7.601,13.249
TERRA,97,7.601,13.249
TERRA,98,7.601,13.248
TERRA,99,7.601,13.248
TERRA,100,7.600,13.248
TERRA,101,7.600,13.247
TERRA,102,7.600,13.247
TERRA,103,7.600,13.246
TERRA,104,7.599,13.246
TERRA,105,7.599,13.245
TERRA,106,7.599,13.245
TERRA,107,7.599,13.244
TERRA,108,7.598,13.244
TERRA,109,7.598,13.244
TERRA,110,7.598,13.243
TERRA,111,7.598,13.243
TERRA,112,7.597,13.242
TERRA,113,7.597,13.242
TERRA,114,7.597,13.241
TERRA,115,7.597,13.241
TERRA,116,7.596,13.240
TERRA,117,7.596,13.240
TERRA,118,7.596,13.240
TERRA,119,7.596,13.239
TERRA,120,7.595,13.239
TERRA,121,7.595,13.238
TERRA,122,7.595,13.238
TERRA,123,7.595,13.237
TERRA,124,7.594,13.237
TERRA,125,7.594,13.237
TERRA,126,7.594,13.236
TERRA,127,7.594,13.236
TERRA,128,7.593,13.235
TERRA,129,7.593,13.235
TERRA,130,7.593,13.234
TERRA,131,7.593,13.234
TERRA,132,7.592,13.234
TERRA,133,7.592,13.233
TERRA,134,7.592,13.233
TERRA,135,7.592,13.232
TERRA,136,7.591,13.232
TERRA,137,7.591,13.231
TERRA,138,7.591,13.231
TERRA,139,7.591,13.230
TERRA,140,7.590,13.230
TERRA,141,7.590,13.230
TERRA,142,7.590,13.229
TERRA,143,7.590,13.229
TERRA,144,7.589,13.228
TERRA,145,7.589,13.228
TERRA,146,7.589,13.227
TERRA,147,7.589,13.227
TERRA,148,7.588,13.227
TERRA,149,7.588,13.226
TERRA,150,7.588,13.226
TERRA,151,7.588,13.225
TERRA,152,7.587,13.225
TERRA,153,7.587,13.225
TERRA,154,7.587,13.224
TERRA,155,7.587,13.224
TERRA,156,7.586,13.223
TERRA,157,7.586,13.223
TERRA,158,7.586,13.222
TERRA,159,7.586,13.222
TERRA,160,7.585,13.222
TERRA,161,7.585,13.221
TERRA,162,7.585,13.221
TERRA,163,7.585,13.220
TERRA,164,7.585,13.220
TERRA,165,7.584,13.219
TERRA,166,7.584,13.219
TERRA,167,7.584,13.219
TERRA,168,7.584,13.218
TERRA,169,7.583,13.218
TERRA,170,7.583,13.217
TERRA,171,7.583,13.217
TERRA,172,7.583,13.217
TERRA,173,7.582,13.216
TERRA,174,7.582,13.216
TERRA,175,7.582,13.215
TERRA,176,7.582,13.215
TERRA,177,7.581,13.215
TERRA,178,7.581,13.214
TERRA,179,7.581,13.214
TERRA,180,7.581,13.213
TERRA,181,7.580,13.213
TERRA,182,7.580,13.212
TERRA,183,7.580,13.212
TERRA,184,7.580,13.212
TERRA,185,7.580,13.211
TERRA,186,7.579,13.211
TERRA,187,7.579,13.210
TERRA,188,7.579,13.210
TERRA,189,7.579,13.210
TERRA,190,7.578,13.209
TERRA,191,7.578,13.209
TERRA,192,7.578,13.208
TERRA,193,7.578,13.208
TERRA,194,7.577,13.208
TERRA,195,7.577,13.207
TERRA,196,7.577,13.207
TERRA,197,7.577,13.206
TERRA,198,7.577,13.206
TERRA,199,7.576,13.206
TERRA,200,7.576,13.205
TERRA,201,7.576,13.205
TERRA,202,7.576,13.204
TERRA,203,7.575,13.204
TERRA,204,7.575,13.204
TERRA,205,7.575,13.203
TERRA,206,7.575,13.203
TERRA,207,7.575,13.202
TERRA,208,7.574,13.202
TERRA,209,7.574,13.202
TERRA,210,7.574,13.201
TERRA,211,7.574,13.201
TERRA,212,7.573,13.200
TERRA,213,7.573,13.200
TERRA,214,7.573,13.200
TERRA,215,7.573,13.199
TERRA,216,7.572,13.199
TERRA,217,7.572,13.198
TERRA,218,7.572,13.198
TERRA,219,7.572,13.198
TERRA,220,7.572,13.197
TERRA,221,7.571,13.197
TERRA,222,7.571,13.196
TERRA,223,7.571,13.196
TERRA,224,7.571,13.196
TERRA,225,7.570,13.195
TERRA,226,7.570,13.195
TERRA,227,7.570,13.195
TERRA,228,7.570,13.194
TERRA,229,7.570,13.194
TERRA,230,7.569,13.193
TERRA,231,7.569,13.193
TERRA,232,7.569,13.193
TERRA,233,7.569,13.192
TERRA,234,7.568,13.192
TERRA,235,7.568,13.191
TERRA,236,7.568,13.191
TERRA,237,7.568,13.191
TERRA,238,7.568,13.190
TERRA,239,7.567,13.190
TERRA,240,7.567,13.190
TERRA,241,7.567,13.189
TERRA,242,7.567,13.189
TERRA,243,7.567,13.188
TERRA,244,7.566,13.188
TERRA,245,7.566,13.188
TERRA,246,7.566,13.187
TERRA,247,7.566,13.187
TERRA,248,7.565,13.187
TERRA,249,7.565,13.186
TERRA,250,7.565,13.186
TERRA,251,7.565,13.185
TERRA,252,7.565,13.185
TERRA,253,7.564,13.185
TERRA,254,7.564,13.184
TERRA,255,7.564,13.184
TERRA,256,7.564,13.184
TERRA,257,7.564,13.183
TERRA,258,7.563,13.183
TERRA,259,7.563,13.182
TERRA,260,7.563,13.182
TERRA,261,7.563,13.182
TERRA,262,7.562,13.181
TERRA,263,7.562,13.181
TERRA,264,7.562,13.181
TERRA,265,7.562,13.180
TERRA,266,7.562,13.180
TERRA,267,7.561,13.179
TERRA,268,7.561,13.179
TERRA,269,7.561,13.179
TERRA,270,7.561,13.178
TERRA,271,7.561,13.178
TERRA,272,7.560,13.178
TERRA,273,7.560,13.177
TERRA,274,7.560,13.177
TERRA,275,7.560,13.176
TERRA,276,7.560,13.176
TERRA,277,7.559,13.176
TERRA,278,7.559,13.175
TERRA,279,7.559,13.175
TERRA,280,7.559,13.175
TERRA,281,7.558,13.174
TERRA,282,7.558,13.174
TERRA,283,7.558,13.174
TERRA,284,7.558,13.173
TERRA,285,7.558,13.173
TERRA,286,7.557,13.173
TERRA,287,7.557,13.172
TERRA,288,7.557,13.172
TERRA,289,7.557,13.171
TERRA,290,7.557,13.171
TERRA,291,7.556,13.171
TERRA,292,7.556,13.170
TERRA,293,7.556,13.170
TERRA,294,7.556,13.170
TERRA,295,7.556,13.169
TERRA,296,7.555,13.169
TERRA,297,7.555,13.169
TERRA,298,7.555,13.168
TERRA,299,7.555,13.168
TERRA,300,7.555,13.168
TERRA,301,7.554,13.167
TERRA,302,7.554,13.167
TERRA,303,7.554,13.166
TERRA,304,7.554,13.166
TERRA,305,7.554,13.166
TERRA,306,7.553,13.165
TERRA,307,7.553,13.165
TERRA,308,7.553,13.165
TERRA,309,7.553,13.164
TERRA,310,7.553,13.164
TERRA,311,7.552,13.164
TERRA,312,7.552,13.163
TERRA,313,7.552,13.163
TERRA,314,7.552,13.163
TERRA,315,7.552,13.162
TERRA,316,7.551,13.162
TERRA,317,7.551,13.162
TERRA,318,7.551,13.161
TERRA,319,7.551,13.161
TERRA,320,7.551,13.161
TERRA,321,7.550,13.160
TERRA,322,7.550,13.160
TERRA,323,7.550,13.160
TERRA,324,7.550,13.159
TERRA,325,7.550,13.159
TERRA,326,7.549,13.159
TERRA,327,7.549,13.158
TERRA,328,7.549,13.158
TERRA,329,7.549,13.158
TERRA,330,7.549,13.157
TERRA,331,7.548,13.157
TERRA,332,7.548,13.157
TERRA,333,7.548,13.156
TERRA,334,7.548,13.156
TERRA,335,7.548,13.155
TERRA,336,7.548,13.155
TERRA,337,7.547,13.155
TERRA,338,7.547,13.154
TERRA,339,7.547,13.154
TERRA,340,7.547,13.154
TERRA,341,7.547,13.153
TERRA,342,7.546,13.153
TERRA,343,7.546,13.153
TERRA,344,7.546,13.152
TERRA,345,7.546,13.152
TERRA,346,7.546,13.152
TERRA,347,7.545,13.152
TERRA,348,7.545,13.151
TERRA,349,7.545,13.151
TERRA,350,7.545,13.151
TERRA,351,7.545,13.150
TERRA,352,7.545,13.150
TERRA,353,7.544,13.150
TERRA,354,7.544,13.149
TERRA,355,7.544,13.149
TERRA,356,7.544,13.149
TERRA,357,7.544,13.148
TERRA,358,7.543,13.148
TERRA,359,7.543,13.148
TERRA,360,7.543,13.147
TERRA,361,7.543,13.147
TERRA,362,7.543,13.147
TERRA,363,7.542,13.146
TERRA,364,7.542,13.146
TERRA,365,7.542,13.146
TERRA,366,7.542,13.146
TERRA,367,7.542,13.145
TERRA,368,7.542,13.145
TERRA,369,7.542,13.145
TERRA,370,7.542,13.145
TERRA,371,7.541,13.144
TERRA,372,7.541,13.144
TERRA,373,7.541,13.144
TERRA,374,7.541,13.144
TERRA,375,7.541,13.143
TERRA,376,7.541,13.143
TERRA,377,7.541,13.143
TERRA,378,7.540,13.143
TERRA,379,7.540,13.142
TERRA,380,7.540,13.142
TERRA,381,7.540,13.142
TERRA,382,7.540,13.142
TERRA,383,7.540,13.142
TERRA,384,7.540,13.141
TERRA,385,7.540,13.141
TERRA,386,7.539,13.141
TERRA,387,7.539,13.141
TERRA,388,7.539,13.140
TERRA,389,7.539,13.140
TERRA,390,7.539,13.140
TERRA,391,7.539,13.140
TERRA,392,7.539,13.139
TERRA,393,7.538,13.139
TERRA,394,7.538,13.139
TERRA,395,7.538,13.139
TERRA,396,7.538,13.139
TERRA,397,7.538,13.138
TERRA,398,7.538,13.138
TERRA,399,7.538,13.138
TERRA,400,7.538,13.138
TERRA,401,7.537,13.137
TERRA,402,7.537,13.137
TERRA,403,7.537,13.137
TERRA,404,7.537,13.137
TERRA,405,7.537,13.137
TERRA,406,7.537,13.136
TERRA,407,7.537,13.136
TERRA,408,7.537,13.136
TERRA,409,7.536,13.136
TERRA,410,7.536,13.135
TERRA,411,7.536,13.135
TERRA,412,7.536,13.135
TERRA,413,7.536,13.135
TERRA,414,7.536,13.135
TERRA,415,7.536,13.134
TERRA,416,7.536,13.134
TERRA,417,7.535,13.134
TERRA,418,7.535,13.134
TERRA,419,7.535,13.134
TERRA,420,7.535,13.133
TERRA,421,7.535,13.133
TERRA,422,7.535,13.133
TERRA,423,7.535,13.133
TERRA,424,7.535,13.132
TERRA,425,7.534,13.132
TERRA,426,7.534,13.132
TERRA,427,7.534,13.132
TERRA,428,7.534,13.132
TERRA,429,7.534,13.131
TERRA,430,7.534,13.131
TERRA,431,7.534,13.131
TERRA,432,7.534,13.131
TERRA,433,7.533,13.131
TERRA,434,7.533,13.130
TERRA,435,7.533,13.130
TERRA,436,7.533,13.130
TERRA,437,7.533,13.130
TERRA,438,7.533,13.130
TERRA,439,7.533,13.129
TERRA,440,7.533,13.129
TERRA,441,7.533,13.129
TERRA,442,7.532,13.129
TERRA,443,7.532,13.129
TERRA,444,7.532,13.128
TERRA,445,7.532,13.128
TERRA,446,7.532,13.128
TERRA,447,7.532,13.128
TERRA,448,7.532,13.128
TERRA,449,7.532,13.127
TERRA,450,7.532,13.127
TERRA,451,7.531,13.127
TERRA,452,7.531,13.127
TERRA,453,7.531,13.127
TERRA,454,7.531,13.126
TERRA,455,7.531,13.126
TERRA,456,7.531,13.126
TERRA,457,7.531,13.126
TERRA,458,7.531,13.126
TERRA,459,7.531,13.125
TERRA,460,7.530,13.125
TERRA,461,7.530,13.125
TERRA,462,7.530,13.125
TERRA,463,7.530,13.125
TERRA,464,7.530,13.124
TERRA,465,7.530,13.124
TERRA,466,7.530,13.124
TERRA,467,7.530,13.124
TERRA,468,7.530,13.124
TERRA,469,7.529,13.123
TERRA,470,7.529,13.123
TERRA,471,7.529,13.123
TERRA,472,7.529,13.123
TERRA,473,7.529,13.123
TERRA,474,7.529,13.122
TERRA,475,7.529,13.122
TERRA,476,7.529,13.122
TERRA,477,7.529,13.122
TERRA,478,7.528,13.122
TERRA,479,7.528,13.122
TERRA,480,7.528,13.121
TERRA,481,7.528,13.121
TERRA,482,7.528,13.121
TERRA,483,7.528,13.121
TERRA,484,7.528,13.121
TERRA,485,7.528,13.120
TERRA,486,7.528,13.120
TERRA,487,7.528,13.120
TERRA,488,7.527,13.120
TERRA,489,7.527,13.120
TERRA,490,7.527,13.120
TERRA,491,7.527,13.119
TERRA,492,7.527,13.119
TERRA,493,7.527,13.119
TERRA,494,7.527,13.119
TERRA,495,7.527,13.119
TERRA,496,7.527,13.118
TERRA,497,7.526,13.118
TERRA,498,7.526,13.118
TERRA,499,7.526,13.118
TERRA,500,7.526,13.118
TERRA,501,7.526,13.118
TERRA,502,7.526,13.117
TERRA,503,7.526,13.117
TERRA,504,7.526,13.117
TERRA,505,7.526,13.117
TERRA,506,7.526,13.117
TERRA,507,7.526,13.117
TERRA,508,7.525,13.116
TERRA,509,7.525,13.116
TERRA,510,7.525,13.116
TERRA,511,7.525,13.116
TERRA,512,7.525,13.116
TERRA,513,7.525,13.116
TERRA,514,7.525,13.115
TERRA,515,7.525,13.115
TERRA,516,7.525,13.115
TERRA,517,7.525,13.115
TERRA,518,7.524,13.115
TERRA,519,7.524,13.115
TERRA,520,7.524,13.114
TERRA,521,7.524,13.114
TERRA,522,7.524,13.114
TERRA,523,7.524,13.114
TERRA,524,7.524,13.114
TERRA,525,7.524,13.114
TERRA,526,7.524,13.113
TERRA,527,7.524,13.113
TERRA,528,7.524,13.113
TERRA,529,7.523,13.113
TERRA,530,7.523,13.113
TERRA,531,7.523,13.113
TERRA,532,7.523,13.112
TERRA,533,7.523,13.112
TERRA,534,7.523,13.112
TERRA,535,7.523,13.113
TERRA,536,7.523,13.113
TERRA,537,7.523,13.113
TERRA,538,7.523,13.113
TERRA,539,7.523,13.113
TERRA,540,7.523,13.113
TERRA,541,7.523,13.113
TERRA,542,7.523,13.113
TERRA,543,7.523,13.113
TERRA,544,7.523,13.113
TERRA,545,7.523,13.113
TERRA,546,7.523,13.113
TERRA,547,7.523,13.113
TERRA,548,7.523,13.113
TERRA,549,7.523,13.113
TERRA,550,7.523,13.113
TERRA,551,7.523,13.113
TERRA,552,7.523,13.113
TERRA,553,7.523,13.113
TERRA,554,7.524,13.113
TERRA,555,7.524,13.113
TERRA,556,7.524,13.113
TERRA,557,7.524,13.113
TERRA,558,7.524,13.113
TERRA,559,7.524,13.113
TERRA,560,7.524,13.113
TERRA,561,7.524,13.113
TERRA,562,7.524,13.113
TERRA,563,7.524,13.113
TERRA,564,7.524,13.113
TERRA,565,7.524,13.114
TERRA,566,7.524,13.114
TERRA,567,7.524,13.114
TERRA,568,7.524,13.114
TERRA,569,7.524,13.114
TERRA,570,7.524,13.114
TERRA,571,7.524,13.114
TERRA,572,7.524,13.114
TERRA,573,7.524,13.114
TERRA,574,7.524,13.114
TERRA,575,7.524,13.114
TERRA,576,7.524,13.114
TERRA,577,7.524,13.114
TERRA,578,7.524,13.114
TERRA,579,7.524,13.114
TERRA,580,7.524,13.114
TERRA,581,7.524,13.114
TERRA,582,7.524,13.114
TERRA,583,7.524,13.114
TERRA,584,7.524,13.114
TERRA,585,7.524,13.114
TERRA,586,7.524,13.114
TERRA,587,7.524,13.115
TERRA,588,7.524,13.115
TERRA,589,7.524,13.115
TERRA,590,7.524,13.115
TERRA,591,7.524,13.115
TERRA,592,7.524,13.115
TERRA,593,7.525,13.115
TERRA,594,7.525,13.115
TERRA,595,7.525,13.115
TERRA,596,7.525,13.115
TERRA,597,7.525,13.115
TERRA,598,7.525,13.115
TERRA,599,7.525,13.115
TERRA,600,7.525,13.115
TERRA,601,7.525,13.115
TERRA,602,7.525,13.115
TERRA,603,7.525,13.115
TERRA,604,7.525,13.115
TERRA,605,7.525,13.116
TERRA,606,7.525,13.116
TERRA,607,7.525,13.116
TERRA,608,7.525,13.116
TERRA,609,7.525,13.116
TERRA,610,7.525,13.116
TERRA,611,7.525,13.116
TERRA,612,7.525,13.116
TERRA,613,7.525,13.116
TERRA,614,7.525,13.116
TERRA,615,7.525,13.116
TERRA,616,7.525,13.116
TERRA,617,7.525,13.116
TERRA,618,7.525,13.116
TERRA,619,7.525,13.116
TERRA,620,7.525,13.117
TERRA,621,7.526,13.117
TERRA,622,7.526,13.117
TERRA,623,7.526,13.117
TERRA,624,7.526,13.117
TERRA,625,7.526,13.117
TERRA,626,7.526,13.117
TERRA,627,7.526,13.117
TERRA,628,7.526,13.117
TERRA,629,7.526,13.117
TERRA,630,7.526,13.117
TERRA,631,7.526,13.117
TERRA,632,7.526,13.117
TERRA,633,7.526,13.117
TERRA,634,7.526,13.118
TERRA,635,7.526,13.118
TERRA,636,7.526,13.118
TERRA,637,7.526,13.118
TERRA,638,7.526,13.118
TERRA,639,7.526,13.118
TERRA,640,7.526,13.118
TERRA,641,7.526,13.118
TERRA,642,7.526,13.118
TERRA,643,7.526,13.118
TERRA,644,7.526,13.118
TERRA,645,7.527,13.118
TERRA,646,7.527,13.118
TERRA,647,7.527,13.119
TERRA,648,7.527,13.119
TERRA,649,7.527,13.119
TERRA,650,7.527,13.119
TERRA,651,7.527,13.119
TERRA,652,7.527,13.119
TERRA,653,7.527,13.119
TERRA,654,7.527,13.119
TERRA,655,7.527,13.119
TERRA,656,7.527,13.119
TERRA,657,7.527,13.119
TERRA,658,7.527,13.119
TERRA,659,7.527,13.120
TERRA,660,7.527,13.120
TERRA,661,7.527,13.120
TERRA,662,7.527,13.120
TERRA,663,7.527,13.120
TERRA,664,7.527,13.120
TERRA,665,7.528,13.120
TERRA,666,7.528,13.120
TERRA,667,7.528,13.120
TERRA,668,7.528,13.120
TERRA,669,7.528,13.120
TERRA,670,7.528,13.121
TERRA,671,7.528,13.121
TERRA,672,7.528,13.121
TERRA,673,7.528,13.121
TERRA,674,7.528,13.121
TERRA,675,7.528,13.121
TERRA,676,7.528,13.121
TERRA,677,7.528,13.121
TERRA,678,7.528,13.121
TERRA,679,7.528,13.121
TERRA,680,7.528,13.122
TERRA,681,7.528,13.122
TERRA,682,7.528,13.122
TERRA,683,7.528,13.122
TERRA,684,7.529,13.122
TERRA,685,7.529,13.122
TERRA,686,7.529,13.122
TERRA,687,7.529,13.122
TERRA,688,7.529,13.122
TERRA,689,7.529,13.122
TERRA,690,7.529,13.123
TERRA,691,7.529,13.123
TERRA,692,7.529,13.123
TERRA,693,7.529,13.123
TERRA,694,7.529,13.123
TERRA,695,7.529,13.123
TERRA,696,7.529,13.123
TERRA,697,7.529,13.123
TERRA,698,7.529,13.123
TERRA,699,7.529,13.123
TERRA,700,7.529,13.124
TERRA,701,7.530,13.124
TERRA,702,7.530,13.124
TERRA,703,7.530,13.124
TERRA,704,7.530,13.124
TERRA,705,7.530,13.124
TERRA,706,7.530,13.124
TERRA,707,7.530,13.124
TERRA,708,7.530,13.124
TERRA,709,7.530,13.125
TERRA,710,7.530,13.125
TERRA,711,7.530,13.125
TERRA,712,7.530,13.125
TERRA,713,7.530,13.125
TERRA,714,7.530,13.125
TERRA,715,7.530,13.125
TERRA,716,7.531,13.125
TERRA,717,7.531,13.125
TERRA,718,7.531,13.126
TERRA,719,7.531,13.126
TERRA,720,7.531,13.126
TERRA,721,7.531,13.126
TERRA,722,7.531,13.126
TERRA,723,7.531,13.126
TERRA,724,7.531,13.126
TERRA,725,7.531,13.126
TERRA,726,7.531,13.127
TERRA,727,7.531,13.127
TERRA,728,7.531,13.127
TERRA,729,7.531,13.127
TERRA,730,7.531,13.127
TERRA,731,7.532,13.127
TERRA,732,7.532,13.127
TERRA,733,7.532,13.127
TERRA,734,7.532,13.128
TERRA,735,7.532,13.128
TERRA,736,7.532,13.128
TERRA,737,7.532,13.128
TERRA,738,7.532,13.128
TERRA,739,7.532,13.128
TERRA,740,7.532,13.128
TERRA,741,7.532,13.128
TERRA,742,7.532,13.129
TERRA,743,7.532,13.129
TERRA,744,7.532,13.129
TERRA,745,7.533,13.129
TERRA,746,7.533,13.129
TERRA,747,7.533,13.129
TERRA,748,7.533,13.129
TERRA,749,7.533,13.129
TERRA,750,7.533,13.130
TERRA,751,7.533,13.130
TERRA,752,7.533,13.130
TERRA,753,7.533,13.130
TERRA,754,7.533,13.130
TERRA,755,7.533,13.130
TERRA,756,7.533,13.130
TERRA,757,7.533,13.131
TERRA,758,7.534,13.131
TERRA,759,7.534,13.131
TERRA,760,7.534,13.131
TERRA,761,7.534,13.131
TERRA,762,7.534,13.131
TERRA,763,7.534,13.131
TERRA,764,7.534,13.131
TERRA,765,7.534,13.132
TERRA,766,7.534,13.132
TERRA,767,7.534,13.132
TERRA,768,7.534,13.132
TERRA,769,7.534,13.132
TERRA,770,7.534,13.132
TERRA,771,7.535,13.132
TERRA,772,7.535,13.133
TERRA,773,7.535,13.133
TERRA,774,7.535,13.133
TERRA,775,7.535,13.133
TERRA,776,7.535,13.133
TERRA,777,7.535,13.133
TERRA,778,7.535,13.133
TERRA,779,7.535,13.134
TERRA,780,7.535,13.134
TERRA,781,7.535,13.134
TERRA,782,7.535,13.134
TERRA,783,7.536,13.134
TERRA,784,7.536,13.134
TERRA,785,7.536,13.134
TERRA,786,7.536,13.135
TERRA,787,7.536,13.135
TERRA,788,7.536,13.135
TERRA,789,7.536,13.135
TERRA,790,7.536,13.135
TERRA,791,7.536,13.135
TERRA,792,7.536,13.136
TERRA,793,7.536,13.136
TERRA,794,7.536,13.136
TERRA,795,7.537,13.136
TERRA,796,7.537,13.136
TERRA,797,7.537,13.136
TERRA,798,7.537,13.136
TERRA,799,7.537,13.137
TERRA,800,7.537,13.137
TERRA,801,7.537,13.137
TERRA,802,7.537,13.137
TERRA,803,7.537,13.137
TERRA,804,7.537,13.137
TERRA,805,7.537,13.138
TERRA,806,7.538,13.138
TERRA,807,7.538,13.138
TERRA,808,7.538,13.138
TERRA,809,7.538,13.138
TERRA,810,7.538,13.138
TERRA,811,7.538,13.138
TERRA,812,7.538,13.139
TERRA,813,7.538,13.139
TERRA,814,7.538,13.139
TERRA,815,7.538,13.139
TERRA,816,7.538,13.139
TERRA,817,7.539,13.139
TERRA,818,7.539,13.140
TERRA,819,7.539,13.140
TERRA,820,7.539,13.140
TERRA,821,7.539,13.140
TERRA,822,7.539,13.140
TERRA,823,7.539,13.140
TERRA,824,7.539,13.141
TERRA,825,7.539,13.141
TERRA,826,7.539,13.141
TERRA,827,7.539,13.141
TERRA,828,7.540,13.141
TERRA,829,7.540,13.141
TERRA,830,7.540,13.142
TERRA,831,7.540,13.142
TERRA,832,7.540,13.142
TERRA,833,7.540,13.142
TERRA,834,7.540,13.142
TERRA,835,7.540,13.142
TERRA,836,7.540,13.143
TERRA,837,7.540,13.143
TERRA,838,7.541,13.143
TERRA,839,7.541,13.143
TERRA,840,7.541,13.143
TERRA,841,7.541,13.143
TERRA,842,7.541,13.144
TERRA,843,7.541,13.144
TERRA,844,7.541,13.144
TERRA,845,7.541,13.144
TERRA,846,7.541,13.144
TERRA,847,7.541,13.144
TERRA,848,7.542,13.145
TERRA,849,7.542,13.145
TERRA,850,7.542,13.145
TERRA,851,7.542,13.145
TERRA,852,7.542,13.145
TERRA,853,7.542,13.146
TERRA,854,7.542,13.146
TERRA,855,7.542,13.146
TERRA,856,7.542,13.146
TERRA,857,7.542,13.146
TERRA,858,7.543,13.146
TERRA,859,7.543,13.147
TERRA,860,7.543,13.147
TERRA,861,7.543,13.147
TERRA,862,7.543,13.147
TERRA,863,7.543,13.147
TERRA,864,7.543,13.148
TERRA,865,7.543,13.148
TERRA,866,7.543,13.148
TERRA,867,7.543,13.148
TERRA,868,7.544,13.148
TERRA,869,7.544,13.148
TERRA,870,7.544,13.149
TERRA,871,7.544,13.149
TERRA,872,7.544,13.149
TERRA,873,7.544,13.149
TERRA,874,7.544,13.149
TERRA,875,7.544,13.150
TERRA,876,7.544,13.150
TERRA,877,7.545,13.150
TERRA,878,7.545,13.150
TERRA,879,7.545,13.150
TERRA,880,7.545,13.151
TERRA,881,7.545,13.151
TERRA,882,7.545,13.151
TERRA,883,7.545,13.151
TERRA,884,7.545,13.151
TERRA,885,7.545,13.151
TERRA,886,7.546,13.152
TERRA,887,7.546,13.152
TERRA,888,7.546,13.152
TERRA,889,7.546,13.152
TERRA,890,7.546,13.152
TERRA,891,7.546,13.153
TERRA,892,7.546,13.153
TERRA,893,7.546,13.153
TERRA,894,7.546,13.153
TERRA,895,7.547,13.153
TERRA,896,7.547,13.154
TERRA,897,7.547,13.154
TERRA,898,7.547,13.154
TERRA,899,7.547,13.154
TERRA,900,7.547,13.154
TERRA,901,7.547,13.155
TERRA,902,7.547,13.155
TERRA,903,7.547,13.155
TERRA,904,7.548,13.155
TERRA,905,7.548,13.155
TERRA,906,7.548,13.156
TERRA,907,7.548,13.156
TERRA,908,7.548,13.156
TERRA,909,7.548,13.156
TERRA,910,7.548,13.156
TERRA,911,7.548,13.157
TERRA,912,7.549,13.157
TERRA,913,7.549,13.157
TERRA,914,7.549,13.157
TERRA,915,7.549,13.158
TERRA,916,7.549,13.158
TERRA,917,7.549,13.158
TERRA,918,7.549,13.158
TERRA,919,7.549,13.158
TERRA,920,7.549,13.159
TERRA,921,7.550,13.159
TERRA,922,7.550,13.159
TERRA,923,7.550,13.159
TERRA,924,7.550,13.159
TERRA,925,7.550,13.160
TERRA,926,7.550,13.160
TERRA,927,7.550,13.160
TERRA,928,7.550,13.160
TERRA,929,7.551,13.161
TERRA,930,7.551,13.161
TERRA,931,7.551,13.161
TERRA,932,7.551,13.161
TERRA,933,7.551,13.161
TERRA,934,7.551,13.162
TERRA,935,7.551,13.162
TERRA,936,7.551,13.162
TERRA,937,7.552,13.162
TERRA,938,7.552,13.162
TERRA,939,7.552,13.163
TERRA,940,7.552,13.163
TERRA,941,7.552,13.163
TERRA,942,7.552,13.163
TERRA,943,7.552,13.164
TERRA,944,7.552,13.164
TERRA,945,7.553,13.164
TERRA,946,7.553,13.164
TERRA,947,7.553,13.164
TERRA,948,7.553,13.165
TERRA,949,7.553,13.165
TERRA,950,7.553,13.165
TERRA,951,7.553,13.165
TERRA,952,7.553,13.166
TERRA,953,7.554,13.166
TERRA,954,7.554,13.166
TERRA,955,7.554,13.166
TERRA,956,7.554,13.167
TERRA,957,7.554,13.167
TERRA,958,7.554,13.167
TERRA,959,7.554,13.167
TERRA,960,7.555,13.167
TERRA,961,7.555,13.168
TERRA,962,7.555,13.168
TERRA,963,7.555,13.168
TERRA,964,7.555,13.168
TERRA,965,7.555,13.169
TERRA,966,7.555,13.169
TERRA,967,7.555,13.169
TERRA,968,7.556,13.169
TERRA,969,7.556,13.170
TERRA,970,7.556,13.170
TERRA,971,7.556,13.170
TERRA,972,7.556,13.170
TERRA,973,7.556,13.170
TERRA,974,7.556,13.171
TERRA,975,7.557,13.171
TERRA,976,7.557,13.171
TERRA,977,7.557,13.171
TERRA,978,7.557,13.172
TERRA,979,7.557,13.172
TERRA,980,7.557,13.172
TERRA,981,7.557,13.172
TERRA,982,7.558,13.173
TERRA,983,7.558,13.173
TERRA,984,7.558,13.173
TERRA,985,7.558,13.173
TERRA,986,7.558,13.174
TERRA,987,7.558,13.174
TERRA,988,7.558,13.174
TERRA,989,7.558,13.174
TERRA,990,7.559,13.175
TERRA,991,7.559,13.175
TERRA,992,7.559,13.175
TERRA,993,7.559,13.175
TERRA,994,7.559,13.176
TERRA,995,7.559,13.176
TERRA,996,7.559,13.176
TERRA,997,7.560,13.176
TERRA,998,7.560,13.177
TERRA,999,7.560,13.177
TERRA,1000,7.560,13.177
TERRA,1001,7.560,13.177
TERRA,1002,7.560,13.178
TERRA,1003,7.560,13.178
TERRA,1004,7.561,13.178
TERRA,1005,7.561,13.178
TERRA,1006,7.561,13.179
TERRA,1007,7.561,13.179
TERRA,1008,7.561,13.179
TERRA,1009,7.561,13.179
TERRA,1010,7.561,13.180
TERRA,1011,7.562,13.180
TERRA,1012,7.562,13.180
TERRA,1013,7.562,13.180
TERRA,1014,7.562,13.181
TERRA,1015,7.562,13.181
TERRA,1016,7.562,13.181
TERRA,1017,7.563,13.181
TERRA,1018,7.563,13.182
TERRA,1019,7.563,13.182
TERRA,1020,7.563,13.182
TERRA,1021,7.563,13.182
TERRA,1022,7.563,13.183
TERRA,1023,7.563,13.183
TERRA,1024,7.564,13.183
TERRA,1025,7.564,13.183
TERRA,1026,7.564,13.184
TERRA,1027,7.564,13.184
TERRA,1028,7.564,13.184
TERRA,1029,7.564,13.185
TERRA,1030,7.564,13.185
TERRA,1031,7.565,13.185
TERRA,1032,7.565,13.185
TERRA,1033,7.565,13.186
TERRA,1034,7.565,13.186
TERRA,1035,7.565,13.186
TERRA,1036,7.565,13.186
TERRA,1037,7.566,13.187
TERRA,1038,7.566,13.187
TERRA,1039,7.566,13.187
TERRA,1040,7.566,13.187
TERRA,1041,7.566,13.188
TERRA,1042,7.566,13.188
TERRA,1043,7.566,13.188
TERRA,1044,7.567,13.189
TERRA,1045,7.567,13.189
TERRA,1046,7.567,13.189
TERRA,1047,7.567,13.189
TERRA,1048,7.567,13.190
TERRA,1049,7.567,13.190
TERRA,1050,7.568,13.190
TERRA,1051,7.568,13.190
TERRA,1052,7.568,13.191
TERRA,1053,7.568,13.191
TERRA,1054,7.568,13.191
TERRA,1055,7.568,13.192
TERRA,1056,7.568,13.192
TERRA,1057,7.569,13.192
TERRA,1058,7.569,13.192
TERRA,1059,7.569,13.193
TERRA,1060,7.569,13.193
TERRA,1061,7.569,13.193
TERRA,1062,7.569,13.194
TERRA,1063,7.570,13.194
TERRA,1064,7.570,13.194
TERRA,1065,7.570,13.194
TERRA,1066,7.570,13.195
TERRA,1067,7.570,13.195
TERRA,1068,7.570,13.195
TERRA,1069,7.571,13.196
TERRA,1070,7.571,13.196
TERRA,1071,7.571,13.196
TERRA,1072,7.571,13.196
TERRA,1073,7.571,13.197
TERRA,1074,7.571,13.197
TERRA,1075,7.572,13.197
TERRA,1076,7.572,13.198
TERRA,1077,7.572,13.198
TERRA,1078,7.572,13.198
TERRA,1079,7.572,13.198
TERRA,1080,7.572,13.199
TERRA,1081,7.573,13.199
TERRA,1082,7.573,13.199
TERRA,1083,7.573,13.200
TERRA,1084,7.573,13.200
TERRA,1085,7.573,13.200
TERRA,1086,7.573,13.200
TERRA,1087,7.574,13.201
TERRA,1088,7.574,13.201
TERRA,1089,7.574,13.201
TERRA,1090,7.574,13.202
TERRA,1091,7.574,13.202
TERRA,1092,7.574,13.202
TERRA,1093,7.575,13.202
TERRA,1094,7.575,13.203
TERRA,1095,7.575,13.203
TERRA,1096,7.575,13.203
TERRA,1097,7.575,13.204
TERRA,1098,7.575,13.204
TERRA,1099,7.576,13.204
TERRA,1100,7.576,13.205
TERRA,1101,7.576,13.205
TERRA,1102,7.576,13.205
TERRA,1103,7.576,13.205
TERRA,1104,7.576,13.206
TERRA,1105,7.577,13.206
TERRA,1106,7.577,13.206
TERRA,1107,7.577,13.207
TERRA,1108,7.577,13.207
TERRA,1109,7.577,13.207
TERRA,1110,7.577,13.208
TERRA,1111,7.578,13.208
TERRA,1112,7.578,13.208
TERRA,1113,7.578,13.208
TERRA,1114,7.578,13.209
TERRA,1115,7.578,13.209
TERRA,1116,7.579,13.209
TERRA,1117,7.579,13.210
TERRA,1118,7.579,13.210
TERRA,1119,7.579,13.210
TERRA,1120,7.579,13.211
TERRA,1121,7.579,13.211
TERRA,1122,7.580,13.211
TERRA,1123,7.580,13.212
TERRA,1124,7.580,13.212
TERRA,1125,7.580,13.212
TERRA,1126,7.580,13.212
TERRA,1127,7.580,13.213
TERRA,1128,7.581,13.213
TERRA,1129,7.581,13.213
TERRA,1130,7.581,13.214
TERRA,1131,7.581,13.214
TERRA,1132,7.581,13.214
TERRA,1133,7.582,13.215
TERRA,1134,7.582,13.215
TERRA,1135,7.582,13.215
TERRA,1136,7.582,13.216
TERRA,1137,7.582,13.216
TERRA,1138,7.582,13.216
TERRA,1139,7.583,13.217
TERRA,1140,7.583,13.217
TERRA,1141,7.583,13.217
TERRA,1142,7.583,13.218
TERRA,1143,7.583,13.218
TERRA,1144,7.584,13.218
TERRA,1145,7.584,13.218
TERRA,1146,7.584,13.219
TERRA,1147,7.584,13.219
TERRA,1148,7.584,13.219
TERRA,1149,7.584,13.220
TERRA,1150,7.585,13.220
TERRA,1151,7.585,13.220
TERRA,1152,7.585,13.221
TERRA,1153,7.585,13.221
TERRA,1154,7.585,13.221
TERRA,1155,7.586,13.222
TERRA,1156,7.586,13.222
TERRA,1157,7.586,13.222
TERRA,1158,7.586,13.223
TERRA,1159,7.586,13.223
TERRA,1160,7.586,13.223
TERRA,1161,7.587,13.224
TERRA,1162,7.587,13.224
TERRA,1163,7.587,13.224
TERRA,1164,7.587,13.225
TERRA,1165,7.587,13.225
TERRA,1166,7.588,13.225
TERRA,1167,7.588,13.226
TERRA,1168,7.588,13.226
TERRA,1169,7.588,13.226
TERRA,1170,7.588,13.227
TERRA,1171,7.589,13.227
TERRA,1172,7.589,13.227
TERRA,1173,7.589,13.228
TERRA,1174,7.589,13.228
TERRA,1175,7.589,13.228
TERRA,1176,7.589,13.229
TERRA,1177,7.590,13.229
TERRA,1178,7.590,13.229
TERRA,1179,7.590,13.230
TERRA,1180,7.590,13.230
TERRA,1181,7.590,13.230
TERRA,1182,7.591,13.231
TERRA,1183,7.591,13.231
TERRA,1184,7.591,13.231
TERRA,1185,7.591,13.232
TERRA,1186,7.591,13.232
TERRA,1187,7.592,13.232
TERRA,1188,7.592,13.233
TERRA,1189,7.592,13.233
TERRA,1190,7.592,13.233
TERRA,1191,7.592,13.234
TERRA,1192,7.593,13.234
TERRA,1193,7.593,13.234
TERRA,1194,7.593,13.235
TERRA,1195,7.593,13.235
TERRA,1196,7.593,13.235
TERRA,1197,7.594,13.236
TERRA,1198,7.594,13.236
TERRA,1199,7.594,13.236
TERRA,1200,7.594,13.237
TERRA,1201,7.594,13.237
TERRA,1202,7.595,13.238
TERRA,1203,7.595,13.238
TERRA,1204,7.595,13.238
TERRA,1205,7.595,13.239
TERRA,1206,7.595,13.239
TERRA,1207,7.596,13.239
TERRA,1208,7.596,13.240
TERRA,1209,7.596,13.240
TERRA,1210,7.596,13.240
TERRA,1211,7.596,13.241
TERRA,1212,7.597,13.241
TERRA,1213,7.597,13.241
TERRA,1214,7.597,13.242
TERRA,1215,7.597,13.242
TERRA,1216,7.597,13.242
TERRA,1217,7.598,13.243
TERRA,1218,7.598,13.243
TERRA,1219,7.598,13.244
TERRA,1220,7.598,13.244
TERRA,1221,7.598,13.244
TERRA,1222,7.599,13.245
TERRA,1223,7.599,13.245
TERRA,1224,7.599,13.245
TERRA,1225,7.599,13.246
TERRA,1226,7.599,13.246
TERRA,1227,7.600,13.246
TERRA,1228,7.600,13.247
TERRA,1229,7.600,13.247
TERRA,1230,7.600,13.247
TERRA,1231,7.600,13.248
TERRA,1232,7.601,13.248
TERRA,1233,7.601,13.249
TERRA,1234,7.601,13.249
TERRA,1235,7.601,13.249
TERRA,1236,7.601,13.250
TERRA,1237,7.602,13.250
TERRA,1238,7.602,13.250
TERRA,1239,7.602,13.251
TERRA,1240,7.602,13.251
TERRA,1241,7.603,13.251
TERRA,1242,7.603,13.252
TERRA,1243,7.603,13.252
TERRA,1244,7.603,13.253
TERRA,1245,7.603,13.253
TERRA,1246,7.604,13.253
TERRA,1247,7.604,13.254
TERRA,1248,7.604,13.254
TERRA,1249,7.604,13.254
TERRA,1250,7.604,13.255
TERRA,1251,7.605,13.255
TERRA,1252,7.605,13.256
TERRA,1253,7.605,13.256
TERRA,1254,7.605,13.256
TERRA,1255,7.605,13.257
TERRA,1256,7.606,13.257
TERRA,1257,7.606,13.257
TERRA,1258,7.606,13.258
TERRA,1259,7.606,13.258
TERRA,1260,7.607,13.259
TERRA,1261,7.607,13.259
TERRA,1262,7.607,13.259
TERRA,1263,7.607,13.260
TERRA,1264,7.607,13.260
TERRA,1265,7.608,13.260
TERRA,1266,7.608,13.261
TERRA,1267,7.608,13.261
TERRA,1268,7.608,13.262
TERRA,1269,7.608,13.262
TERRA,1270,7.609,13.262
TERRA,1271,7.609,13.263
TERRA,1272,7.609,13.263
TERRA,1273,7.609,13.263
TERRA,1274,7.610,13.264
TERRA,1275,7.610,13.264
TERRA,1276,7.610,13.265
TERRA,1277,7.610,13.265
TERRA,1278,7.610,13.265
TERRA,1279,7.611,13.266
TERRA,1280,7.611,13.266
TERRA,1281,7.611,13.267
TERRA,1282,7.611,13.267
TERRA,1283,7.612,13.267
TERRA,1284,7.612,13.268
TERRA,1285,7.612,13.268
TERRA,1286,7.612,13.268
TERRA,1287,7.612,13.269
TERRA,1288,7.613,13.269
TERRA,1289,7.613,13.270
TERRA,1290,7.613,13.270
TERRA,1291,7.613,13.270
TERRA,1292,7.614,13.271
TERRA,1293,7.614,13.271
TERRA,1294,7.614,13.272
TERRA,1295,7.614,13.272
TERRA,1296,7.614,13.272
TERRA,1297,7.615,13.273
TERRA,1298,7.615,13.273
TERRA,1299,7.615,13.274
TERRA,1300,7.615,13.274
TERRA,1301,7.616,13.274
TERRA,1302,7.616,13.275
TERRA,1303,7.616,13.275
TERRA,1304,7.616,13.276
TERRA,1305,7.616,13.276
TERRA,1306,7.617,13.276
TERRA,1307,7.617,13.277
TERRA,1308,7.617,13.277
TERRA,1309,7.617,13.277
TERRA,1310,7.618,13.278
TERRA,1311,7.618,13.278
TERRA,1312,7.618,13.279
TERRA,1313,7.618,13.279
TERRA,1314,7.619,13.280
TERRA,1315,7.619,13.280
TERRA,1316,7.619,13.280
TERRA,1317,7.619,13.281
TERRA,1318,7.620,13.281
TERRA,1319,7.620,13.282
TERRA,1320,7.620,13.282
TERRA,1321,7.620,13.283
TERRA,1322,7.621,13.283
TERRA,1323,7.621,13.283
TERRA,1324,7.621,13.284
TERRA,1325,7.621,13.284
TERRA,1326,7.622,13.285
TERRA,1327,7.622,13.285
TERRA,1328,7.622,13.286
TERRA,1329,7.622,13.286
TERRA,1330,7.623,13.286
TERRA,1331,7.623,13.287
TERRA,1332,7.623,13.287
TERRA,1333,7.623,13.288
TERRA,1334,7.624,13.288
TERRA,1335,7.624,13.289
TERRA,1336,7.624,13.289
TERRA,1337,7.624,13.290
TERRA,1338,7.625,13.290
TERRA,1339,7.625,13.290
TERRA,1340,7.625,13.291
TERRA,1341,7.625,13.291
TERRA,1342,7.626,13.292
TERRA,1343,7.626,13.292
TERRA,1344,7.626,13.293
TERRA,1345,7.626,13.293
TERRA,1346,7.627,13.293
TERRA,1347,7.627,13.294
TERRA,1348,7.627,13.294
TERRA,1349,7.627,13.295
TERRA,1350,7.628,13.295
TERRA,1351,7.628,13.296
TERRA,1352,7.628,13.296
TERRA,1353,7.628,13.297
TERRA,1354,7.629,13.297
TERRA,1355,7.629,13.297
TERRA,1356,7.629,13.298
TERRA,1357,7.629,13.298
TERRA,1358,7.630,13.299
TERRA,1359,7.630,13.299
TERRA,1360,7.630,13.300
TERRA,1361,7.630,13.300
TERRA,1362,7.631,13.301
TERRA,1363,7.631,13.301
TERRA,1364,7.631,13.302
TERRA,1365,7.631,13.302
TERRA,1366,7.632,13.302
TERRA,1367,7.632,13.303
TERRA,1368,7.632,13.303
TERRA,1369,7.632,13.304
TERRA,1370,7.633,13.304
TERRA,1371,7.633,13.305
TERRA,1372,7.633,13.305
TERRA,1373,7.633,13.306
TERRA,1374,7.634,13.306
TERRA,1375,7.634,13.306
TERRA,1376,7.634,13.307
TERRA,1377,7.634,13.307
TERRA,1378,7.635,13.308
TERRA,1379,7.635,13.308
TERRA,1380,7.635,13.309
TERRA,1381,7.636,13.309
TERRA,1382,7.636,13.310
TERRA,1383,7.636,13.310
TERRA,1384,7.636,13.311
TERRA,1385,7.637,13.311
TERRA,1386,7.637,13.311
TERRA,1387,7.637,13.311
TERRA,1388,7.637,13.312
TERRA,1389,7.637,13.312
TERRA,1390,7.637,13.312
TERRA,1391,7.637,13.312
TERRA,1392,7.637,13.312
TERRA,1393,7.637,13.312
TERRA,1394,7.637,13.312
TERRA,1395,7.637,13.312
TERRA,1396,7.637,13.312
TERRA,1397,7.637,13.312
TERRA,1398,7.637,13.312
TERRA,1399,7.637,13.312
TERRA,1400,7.637,13.312
TERRA,1401,7.637,13.312
TERRA,1402,7.637,13.312
TERRA,1403,7.637,13.312
TERRA,1404,7.637,13.312
TERRA,1405,7.637,13.312
TERRA,1406,7.637,13.312
TERRA,1407,7.637,13.312
TERRA,1408,7.637,13.312
TERRA,1409,7.637,13.313
TERRA,1410,7.637,13.313
TERRA,1411,7.637,13.313
TERRA,1412,7.637,13.313
TERRA,1413,7.638,13.313
TERRA,1414,7.638,13.313
TERRA,1415,7.638,13.313
TERRA,1416,7.638,13.313
TERRA,1417,7.638,13.313
TERRA,1418,7.638,13.313
TERRA,1419,7.638,13.313
TERRA,1420,7.638,13.313
TERRA,1421,7.638,13.313
TERRA,1422,7.638,13.313
TERRA,1423,7.638,13.313
TERRA,1424,7.638,13.313
TERRA,1425,7.638,13.313
TERRA,1426,7.638,13.314
TERRA,1427,7.638,13.314
TERRA,1428,7.638,13.314
TERRA,1429,7.638,13.314
TERRA,1430,7.638,13.314
TERRA,1431,7.638,13.314
TERRA,1432,7.638,13.314
TERRA,1433,7.638,13.314
TERRA,1434,7.638,13.314
TERRA,1435,7.638,13.314
TERRA,1436,7.638,13.314
TERRA,1437,7.638,13.314
TERRA,1438,7.638,13.314
TERRA,1439,7.638,13.314
TERRA,1440,7.638,13.314
TERRA,1441,7.639,13.314
TERRA,1442,7.639,13.315
TERRA,1443,7.639,13.315
TERRA,1444,7.639,13.315
TERRA,1445,7.639,13.315
TERRA,1446,7.639,13.315
TERRA,1447,7.639,13.315
TERRA,1448,7.639,13.315
TERRA,1449,7.639,13.315
TERRA,1450,7.639,13.315
TERRA,1451,7.639,13.315
TERRA,1452,7.639,13.315
TERRA,1453,7.639,13.315
TERRA,1454,7.639,13.315
TERRA,1455,7.639,13.316
TERRA,1456,7.639,13.316
TERRA,1457,7.639,13.316
TERRA,1458,7.639,13.316
TERRA,1459,7.639,13.316
TERRA,1460,7.639,13.316
TERRA,1461,7.639,13.316
TERRA,1462,7.639,13.316
TERRA,1463,7.639,13.316
TERRA,1464,7.640,13.316
TERRA,1465,7.640,13.316
TERRA,1466,7.640,13.316
TERRA,1467,7.640,13.316
TERRA,1468,7.640,13.317
TERRA,1469,7.640,13.317
TERRA,1470,7.640,13.317
TERRA,1471,7.640,13.317
TERRA,1472,7.640,13.317
TERRA,1473,7.640,13.317
TERRA,1474,7.640,13.317
TERRA,1475,7.640,13.317
TERRA,1476,7.640,13.317
TERRA,1477,7.640,13.317
TERRA,1478,7.640,13.317
TERRA,1479,7.640,13.317
TERRA,1480,7.640,13.318
TERRA,1481,7.640,13.318
TERRA,1482,7.640,13.318
TERRA,1483,7.640,13.318
TERRA,1484,7.640,13.318
TERRA,1485,7.641,13.318
TERRA,1486,7.641,13.318
TERRA,1487,7.641,13.318
TERRA,1488,7.641,13.318
TERRA,1489,7.641,13.318
TERRA,1490,7.641,13.318
TERRA,1491,7.641,13.319
TERRA,1492,7.641,13.319
TERRA,1493,7.641,13.319
TERRA,1494,7.641,13.319
TERRA,1495,7.641,13.319
TERRA,1496,7.641,13.319
TERRA,1497,7.641,13.319
TERRA,1498,7.641,13.319
TERRA,1499,7.641,13.319
TERRA,1500,7.641,13.319
TERRA,1501,7.641,13.319
TERRA,1502,7.641,13.319
TERRA,1503,7.641,13.318
TERRA,1504,7.641,13.318
TERRA,1505,7.640,13.318
TERRA,1506,7.640,13.318
TERRA,1507,7.640,13.317
TERRA,1508,7.640,13.317
TERRA,1509,7.640,13.317
TERRA,1510,7.640,13.317
TERRA,1511,7.640,13.316
TERRA,1512,7.639,13.316
TERRA,1513,7.639,13.316
TERRA,1514,7.639,13.316
TERRA,1515,7.639,13.315
TERRA,1516,7.639,13.315
TERRA,1517,7.639,13.315
TERRA,1518,7.639,13.315
TERRA,1519,7.639,13.314
TERRA,1520,7.638,13.314
TERRA,1521,7.638,13.314
TERRA,1522,7.638,13.314
TERRA,1523,7.638,13.314
TERRA,1524,7.638,13.313
TERRA,1525,7.638,13.313
TERRA,1526,7.638,13.313
TERRA,1527,7.637,13.313
TERRA,1528,7.637,13.312
TERRA,1529,7.637,13.312
TERRA,1530,7.637,13.312
TERRA,1531,7.637,13.312
TERRA,1532,7.637,13.311
TERRA,1533,7.637,13.311
TERRA,1534,7.636,13.311
TERRA,1535,7.636,13.311
TERRA,1536,7.636,13.310
TERRA,1537,7.636,13.310
TERRA,1538,7.636,13.310
TERRA,1539,7.636,13.310
TERRA,1540,7.636,13.310
TERRA,1541,7.636,13.309
TERRA,1542,7.635,13.309
TERRA,1543,7.635,13.309
TERRA,1544,7.635,13.309
TERRA,1545,7.635,13.308
TERRA,1546,7.635,13.308
TERRA,1547,7.635,13.308
TERRA,1548,7.635,13.308
TERRA,1549,7.635,13.307
TERRA,1550,7.634,13.307
TERRA,1551,7.634,13.307
TERRA,1552,7.634,13.307
TERRA,1553,7.634,13.307
TERRA,1554,7.634,13.306
TERRA,1555,7.634,13.306
TERRA,1556,7.634,13.306
TERRA,1557,7.634,13.306
TERRA,1558,7.633,13.305
TERRA,1559,7.633,13.305
TERRA,1560,7.633,13.305
TERRA,1561,7.633,13.305
TERRA,1562,7.633,13.305
TERRA,1563,7.633,13.304
TERRA,1564,7.633,13.304
TERRA,1565,7.632,13.304
TERRA,1566,7.632,13.304
TERRA,1567,7.632,13.304
TERRA,1568,7.632,13.303
TERRA,1569,7.632,13.303
TERRA,1570,7.632,13.303
TERRA,1571,7.632,13.303
TERRA,1572,7.632,13.302
TERRA,1573,7.632,13.302
TERRA,1574,7.631,13.302
TERRA,1575,7.631,13.302
TERRA,1576,7.631,13.302
TERRA,1577,7.631,13.301
TERRA,1578,7.631,13.301
TERRA,1579,7.631,13.301
TERRA,1580,7.631,13.301
TERRA,1581,7.631,13.301
TERRA,1582,7.630,13.300
TERRA,1583,7.630,13.300
TERRA,1584,7.630,13.300
TERRA,1585,7.630,13.300
TERRA,1586,7.630,13.299
TERRA,1587,7.630,13.299
TERRA,1588,7.630,13.299
TERRA,1589,7.630,13.299
TERRA,1590,7.629,13.299
TERRA,1591,7.629,13.298
TERRA,1592,7.629,13.298
TERRA,1593,7.629,13.298
TERRA,1594,7.629,13.298
TERRA,1595,7.629,13.298
TERRA,1596,7.629,13.297
TERRA,1597,7.629,13.297
TERRA,1598,7.629,13.297
TERRA,1599,7.628,13.297
TERRA,1600,7.628,13.297
TERRA,1601,7.628,13.296
TERRA,1602,7.628,13.296
TERRA,1603,7.628,13.296
TERRA,1604,7.628,13.296
TERRA,1605,7.628,13.296
TERRA,1606,7.628,13.295
TERRA,1607,7.628,13.295
TERRA,1608,7.627,13.295
TERRA,1609,7.627,13.295
TERRA,1610,7.627,13.295
TERRA,1611,7.627,13.294
TERRA,1612,7.627,13.294
TERRA,1613,7.627,13.294
TERRA,1614,7.627,13.294
TERRA,1615,7.627,13.294
TERRA,1616,7.627,13.293
TERRA,1617,7.626,13.293
TERRA,1618,7.626,13.293
TERRA,1619,7.626,13.293
TERRA,1620,7.626,13.293
TERRA,1621,7.626,13.293
TERRA,1622,7.626,13.293
TERRA,1623,7.626,13.293
TERRA,1624,7.626,13.293
TERRA,1625,7.626,13.293
TERRA,1626,7.626,13.293
TERRA,1627,7.626,13.293
TERRA,1628,7.626,13.293
TERRA,1629,7.626,13.293
TERRA,1630,7.626,13.293
TERRA,1631,7.626,13.293
TERRA,1632,7.626,13.293
TERRA,1633,7.626,13.293
TERRA,1634,7.626,13.293
TERRA,1635,7.626,13.293
TERRA,1636,7.626,13.293
TERRA,1637,7.626,13.293
TERRA,1638,7.626,13.293
TERRA,1639,7.626,13.293
TERRA,1640,7.626,13.293
TERRA,1641,7.626,13.293
TERRA,1642,7.626,13.293
TERRA,1643,7.626,13.293
TERRA,1644,7.626,13.293
TERRA,1645,7.626,13.293
TERRA,1646,7.626,13.293
TERRA,1647,7.626,13.293
TERRA,1648,7.626,13.293
TERRA,1649,7.626,13.293
TERRA,1650,7.626,13.293
TERRA,1651,7.626,13.293
TERRA,1652,7.626,13.293
TERRA,1653,7.626,13.293
TERRA,1654,7.626,13.293
TERRA,1655,7.626,13.293
TERRA,1656,7.626,13.293
TERRA,1657,7.626,13.293
TERRA,1658,7.626,13.293
TERRA,1659,7.626,13.293
TERRA,1660,7.626,13.293
TERRA,1661,7.626,13.293
TERRA,1662,7.626,13.293
TERRA,1663,7.626,13.293
TERRA,1664,7.626,13.293
TERRA,1665,7.626,13.293
TERRA,1666,7.626,13.293
TERRA,1667,7.626,13.293
TERRA,1668,7.626,13.293
TERRA,1669,7.626,13.293
TERRA,1670,7.626,13.293
TERRA,1671,7.626,13.293
TERRA,1672,7.626,13.293
TERRA,1673,7.626,13.293
TERRA,1674,7.626,13.293
TERRA,1675,7.626,13.293
TERRA,1676,7.626,13.293
TERRA,1677,7.626,13.293
TERRA,1678,7.626,13.293
TERRA,1679,7.626,13.293
TERRA,1680,7.626,13.293
TERRA,1681,7.626,13.293
TERRA,1682,7.627,13.293
TERRA,1683,7.627,13.293
TERRA,1684,7.627,13.294
TERRA,1685,7.627,13.294
TERRA,1686,7.627,13.294
TERRA,1687,7.627,13.294
TERRA,1688,7.627,13.294
TERRA,1689,7.627,13.294
TERRA,1690,7.627,13.294
TERRA,1691,7.627,13.294
TERRA,1692,7.627,13.294
TERRA,1693,7.627,13.294
TERRA,1694,7.627,13.294
TERRA,1695,7.627,13.295
TERRA,1696,7.627,13.295
TERRA,1697,7.628,13.295
TERRA,1698,7.628,13.296
TERRA,1699,7.628,13.296
TERRA,1700,7.628,13.296
TERRA,1701,7.628,13.296
TERRA,1702,7.628,13.297
TERRA,1703,7.629,13.297
TERRA,1704,7.629,13.297
TERRA,1705,7.629,13.298
TERRA,1706,7.629,13.298
TERRA,1707,7.629,13.298
TERRA,1708,7.629,13.298
TERRA,1709,7.629,13.299
TERRA,1710,7.630,13.299
TERRA,1711,7.630,13.299
TERRA,1712,7.630,13.300
TERRA,1713,7.630,13.300
TERRA,1714,7.630,13.300
TERRA,1715,7.630,13.300
TERRA,1716,7.631,13.301
TERRA,1717,7.631,13.301
TERRA,1718,7.631,13.301
TERRA,1719,7.631,13.302
TERRA,1720,7.631,13.302
TERRA,1721,7.631,13.302
TERRA,1722,7.632,13.302
TERRA,1723,7.632,13.303
TERRA,1724,7.632,13.303
TERRA,1725,7.632,13.303
TERRA,1726,7.632,13.304
TERRA,1727,7.632,13.304
TERRA,1728,7.633,13.304
TERRA,1729,7.633,13.305
TERRA,1730,7.633,13.305
TERRA,1731,7.634,13.306
TERRA,1732,7.634,13.306
TERRA,1733,7.634,13.307
TERRA,1734,7.635,13.308
TERRA,1735,7.635,13.308
TERRA,1736,7.635,13.309
TERRA,1737,7.636,13.309
TERRA,1738,7.636,13.310
TERRA,1739,7.636,13.311
TERRA,1740,7.637,13.311
TERRA,1741,7.637,13.312
TERRA,1742,7.637,13.312
TERRA,1743,7.638,13.313
TERRA,1744,7.638,13.314
TERRA,1745,7.638,13.314
TERRA,1746,7.639,13.315
TERRA,1747,7.639,13.316
TERRA,1748,7.639,13.316
TERRA,1749,7.640,13.317
TERRA,1750,7.640,13.317
TERRA,1751,7.641,13.318
TERRA,1752,7.641,13.319
TERRA,1753,7.641,13.319
TERRA,1754,7.642,13.320
TERRA,1755,7.642,13.321
TERRA,1756,7.642,13.321
TERRA,1757,7.643,13.322
TERRA,1758,7.643,13.322
TERRA,1759,7.643,13.323
TERRA,1760,7.644,13.324
TERRA,1761,7.644,13.324
TERRA,1762,7.644,13.325
TERRA,1763,7.645,13.325
TERRA,1764,7.645,13.326
TERRA,1765,7.646,13.327
TERRA,1766,7.646,13.327
TERRA,1767,7.646,13.328
TERRA,1768,7.647,13.329
TERRA,1769,7.647,13.329
TERRA,1770,7.647,13.330
TERRA,1771,7.648,13.330
TERRA,1772,7.648,13.331
TERRA,1773,7.648,13.332
TERRA,1774,7.649,13.332
TERRA,1775,7.649,13.333
TERRA,1776,7.649,13.334
TERRA,1777,7.650,13.334
TERRA,1778,7.650,13.335
TERRA,1779,7.651,13.336
TERRA,1780,7.651,13.336
TERRA,1781,7.651,13.337
TERRA,1782,7.652,13.337
TERRA,1783,7.652,13.338
TERRA,1784,7.652,13.339
TERRA,1785,7.653,13.339
TERRA,1786,7.653,13.340
TERRA,1787,7.653,13.341
TERRA,1788,7.654,13.341
TERRA,1789,7.654,13.342
TERRA,1790,7.655,13.342
TERRA,1791,7.655,13.343
TERRA,1792,7.655,13.344
TERRA,1793,7.656,13.344
TERRA,1794,7.656,13.345
TERRA,1795,7.656,13.346
TERRA,1796,7.657,13.346
TERRA,1797,7.657,13.347
TERRA,1798,7.657,13.348
TERRA,1799,7.658,13.348
TERRA,1800,7.658,13.349
TERRA,1801,7.659,13.350
TERRA,1802,7.659,13.350
TERRA,1803,7.659,13.351
TERRA,1804,7.660,13.351
TERRA,1805,7.660,13.352
TERRA,1806,7.660,13.353
TERRA,1807,7.661,13.353
TERRA,1808,7.661,13.354
TERRA,1809,7.661,13.355
TERRA,1810,7.662,13.355
TERRA,1811,7.662,13.356
TERRA,1812,7.663,13.357
TERRA,1813,7.663,13.357
TERRA,1814,7.663,13.358
TERRA,1815,7.664,13.359
TERRA,1816,7.664,13.359
TERRA,1817,7.664,13.360
TERRA,1818,7.665,13.360
TERRA,1819,7.665,13.361
TERRA,1820,7.666,13.362
TERRA,1821,7.666,13.362
TERRA,1822,7.666,13.363
TERRA,1823,7.667,13.364
TERRA,1824,7.667,13.364
TERRA,1825,7.667,13.365
TERRA,1826,7.668,13.366
TERRA,1827,7.668,13.366
TERRA,1828,7.668,13.367
TERRA,1829,7.669,13.368
TERRA,1830,7.669,13.368
TERRA,1831,7.670,13.369
TERRA,1832,7.670,13.370
TERRA,1833,7.670,13.370
TERRA,1834,7.671,13.371
TERRA,1835,7.671,13.372
TERRA,1836,7.671,13.372
TERRA,1837,7.672,13.373
TERRA,1838,7.672,13.374
TERRA,1839,7.673,13.374
TERRA,1840,7.673,13.375
TERRA,1841,7.673,13.376
TERRA,1842,7.674,13.376
TERRA,1843,7.674,13.377
TERRA,1844,7.674,13.377
TERRA,1845,7.675,13.378
TERRA,1846,7.675,13.379
TERRA,1847,7.676,13.379
TERRA,1848,7.676,13.380
TERRA,1849,7.676,13.381
TERRA,1850,7.677,13.381
TERRA,1851,7.677,13.382
TERRA,1852,7.678,13.383
TERRA,1853,7.678,13.383
TERRA,1854,7.678,13.384
TERRA,1855,7.679,13.385
TERRA,1856,7.679,13.385
TERRA,1857,7.679,13.386
TERRA,1858,7.680,13.387
TERRA,1859,7.680,13.387
TERRA,1860,7.681,13.388
TERRA,1861,7.681,13.389
TERRA,1862,7.681,13.389
TERRA,1863,7.682,13.390
TERRA,1864,7.682,13.391
TERRA,1865,7.682,13.391
TERRA,1866,7.683,13.392
TERRA,1867,7.683,13.393
TERRA,1868,7.684,13.393
TERRA,1869,7.684,13.394
TERRA,1870,7.684,13.395
TERRA,1871,7.685,13.395
TERRA,1872,7.685,13.396
TERRA,1873,7.686,13.397
TERRA,1874,7.686,13.397
TERRA,1875,7.686,13.398
TERRA,1876,7.687,13.399
TERRA,1877,7.687,13.400
TERRA,1878,7.687,13.400
TERRA,1879,7.688,13.401
TERRA,1880,7.688,13.402
TERRA,1881,7.689,13.402
TERRA,1882,7.689,13.403
TERRA,1883,7.689,13.404
TERRA,1884,7.690,13.404
TERRA,1885,7.690,13.405
TERRA,1886,7.691,13.406
TERRA,1887,7.691,13.406
TERRA,1888,7.691,13.407
TERRA,1889,7.692,13.408
TERRA,1890,7.692,13.408
TERRA,1891,7.692,13.409
TERRA,1892,7.693,13.410
TERRA,1893,7.693,13.410
TERRA,1894,7.694,13.411
TERRA,1895,7.694,13.412
TERRA,1896,7.694,13.412
TERRA,1897,7.695,13.413
TERRA,1898,7.695,13.414
TERRA,1899,7.696,13.414
TERRA,1900,7.696,13.415
TERRA,1901,7.696,13.416
TERRA,1902,7.697,13.417
TERRA,1903,7.697,13.417
TERRA,1904,7.698,13.418
TERRA,1905,7.698,13.419
TERRA,1906,7.698,13.419
TERRA,1907,7.699,13.420
TERRA,1908,7.699,13.421
TERRA,1909,7.700,13.421
TERRA,1910,7.700,13.422
TERRA,1911,7.700,13.423
TERRA,1912,7.701,13.423
TERRA,1913,7.701,13.424
TERRA,1914,7.701,13.425
TERRA,1915,7.702,13.425
TERRA,1916,7.702,13.426
TERRA,1917,7.703,13.427
TERRA,1918,7.703,13.428
TERRA,1919,7.703,13.428
TERRA,1920,7.704,13.429
TERRA,1921,7.704,13.430
TERRA,1922,7.705,13.430
TERRA,1923,7.705,13.431
TERRA,1924,7.705,13.432
TERRA,1925,7.706,13.432
TERRA,1926,7.706,13.433
TERRA,1927,7.707,13.434
TERRA,1928,7.707,13.435
TERRA,1929,7.707,13.435
TERRA,1930,7.708,13.436
TERRA,1931,7.708,13.437
TERRA,1932,7.709,13.437
TERRA,1933,7.709,13.438
TERRA,1934,7.709,13.439
TERRA,1935,7.710,13.439
TERRA,1936,7.710,13.440
TERRA,1937,7.711,13.441
TERRA,1938,7.711,13.442
TERRA,1939,7.711,13.442
TERRA,1940,7.712,13.443
TERRA,1941,7.712,13.444
TERRA,1942,7.713,13.444
TERRA,1943,7.713,13.445
TERRA,1944,7.713,13.446
TERRA,1945,7.714,13.446
TERRA,1946,7.714,13.447
TERRA,1947,7.715,13.448
TERRA,1948,7.715,13.449
TERRA,1949,7.715,13.449
TERRA,1950,7.716,13.450
TERRA,1951,7.716,13.451
TERRA,1952,7.717,13.451
TERRA,1953,7.717,13.452
TERRA,1954,7.717,13.453
TERRA,1955,7.718,13.454
TERRA,1956,7.718,13.454
TERRA,1957,7.719,13.455
TERRA,1958,7.719,13.456
TERRA,1959,7.720,13.456
TERRA,1960,7.720,13.457
TERRA,1961,7.720,13.458
TERRA,1962,7.721,13.458
TERRA,1963,7.721,13.459
TERRA,1964,7.722,13.460
TERRA,1965,7.722,13.461
TERRA,1966,7.722,13.461
TERRA,1967,7.723,13.462
TERRA,1968,7.723,13.463
TERRA,1969,7.724,13.463
TERRA,1970,7.724,13.464
TERRA,1971,7.724,13.465
TERRA,1972,7.725,13.466
TERRA,1973,7.725,13.466
TERRA,1974,7.726,13.467
TERRA,1975,7.726,13.468
TERRA,1976,7.726,13.469
TERRA,1977,7.727,13.469
TERRA,1978,7.727,13.470
TERRA,1979,7.728,13.471
TERRA,1980,7.728,13.471
TERRA,1981,7.729,13.472
TERRA,1982,7.729,13.473
TERRA,1983,7.729,13.474
TERRA,1984,7.730,13.474
TERRA,1985,7.730,13.475
TERRA,1986,7.731,13.476
TERRA,1987,7.731,13.476
TERRA,1988,7.731,13.477
TERRA,1989,7.732,13.478
TERRA,1990,7.732,13.479
TERRA,1991,7.733,13.479
TERRA,1992,7.733,13.480
TERRA,1993,7.733,13.481
TERRA,1994,7.734,13.482
TERRA,1995,7.734,13.482
TERRA,1996,7.735,13.483
TERRA,1997,7.735,13.484
TERRA,1998,7.736,13.484
TERRA,1999,7.736,13.485
TERRA,2000,7.736,13.486
TERRA,2001,7.737,13.487
TERRA,2002,7.737,13.487
TERRA,2003,7.738,13.488
TERRA,2004,7.738,13.489
TERRA,2005,7.738,13.490
TERRA,2006,7.739,13.490
TERRA,2007,7.739,13.491
TERRA,2008,7.740,13.492
TERRA,2009,7.740,13.492
TERRA,2010,7.741,13.493
TERRA,2011,7.741,13.494
TERRA,2012,7.741,13.495
TERRA,2013,7.742,13.495
TERRA,2014,7.742,13.496
TERRA,2015,7.743,13.497
TERRA,2016,7.743,13.498
TERRA,2017,7.743,13.498
TERRA,2018,7.744,13.499
TERRA,2019,7.744,13.500
TERRA,2020,7.745,13.501
TERRA,2021,7.745,13.501
TERRA,2022,7.746,13.502
TERRA,2023,7.746,13.503
TERRA,2024,7.746,13.504
TERRA,2025,7.747,13.504
TERRA,2026,7.747,13.505
TERRA,2027,7.748,13.506
TERRA,2028,7.748,13.506
TERRA,2029,7.749,13.507
TERRA,2030,7.749,13.508
TERRA,2031,7.749,13.509
TERRA,2032,7.750,13.509
TERRA,2033,7.750,13.510
TERRA,2034,7.751,13.511
TERRA,2035,7.751,13.512
TERRA,2036,7.752,13.512
TERRA,2037,7.752,13.513
TERRA,2038,7.752,13.514
TERRA,2039,7.753,13.515
TERRA,2040,7.753,13.515
TERRA,2041,7.754,13.516
TERRA,2042,7.754,13.517
TERRA,2043,7.755,13.518
TERRA,2044,7.755,13.518
TERRA,2045,7.755,13.519
TERRA,2046,7.756,13.520
TERRA,2047,7.756,13.521
TERRA,2048,7.757,13.521
TERRA,2049,7.757,13.522
TERRA,2050,7.758,13.523
TERRA,2051,7.758,13.524
TERRA,2052,7.758,13.524
TERRA,2053,7.759,13.525
TERRA,2054,7.759,13.526
TERRA,2055,7.760,13.527
TERRA,2056,7.760,13.527
TERRA,2057,7.761,13.528
TERRA,2058,7.761,13.529
TERRA,2059,7.761,13.530
TERRA,2060,7.762,13.530
TERRA,2061,7.762,13.531
TERRA,2062,7.763,13.532
TERRA,2063,7.763,13.533
TERRA,2064,7.764,13.533
TERRA,2065,7.764,13.534
TERRA,2066,7.764,13.535
TERRA,2067,7.765,13.536
TERRA,2068,7.765,13.536
TERRA,2069,7.766,13.537
TERRA,2070,7.766,13.538
TERRA,2071,7.767,13.539
TERRA,2072,7.767,13.540
TERRA,2073,7.767,13.540
TERRA,2074,7.768,13.541
TERRA,2075,7.768,13.542
TERRA,2076,7.769,13.543
TERRA,2077,7.769,13.543
TERRA,2078,7.770,13.544
TERRA,2079,7.770,13.545
TERRA,2080,7.770,13.546
TERRA,2081,7.771,13.546
TERRA,2082,7.771,13.547
TERRA,2083,7.772,13.548
TERRA,2084,7.772,13.549
TERRA,2085,7.773,13.549
TERRA,2086,7.773,13.550
TERRA,2087,7.774,13.551
TERRA,2088,7.774,13.552
TERRA,2089,7.774,13.553
TERRA,2090,7.775,13.553
TERRA,2091,7.775,13.554
TERRA,2092,7.776,13.555
TERRA,2093,7.776,13.556
TERRA,2094,7.777,13.556
TERRA,2095,7.777,13.557
TERRA,2096,7.777,13.558
TERRA,2097,7.778,13.559
TERRA,2098,7.778,13.559
TERRA,2099,7.779,13.560
TERRA,2100,7.779,13.561
TERRA,2101,7.780,13.562
TERRA,2102,7.780,13.563
TERRA,2103,7.781,13.563
TERRA,2104,7.781,13.564
TERRA,2105,7.781,13.565
TERRA,2106,7.782,13.566
TERRA,2107,7.782,13.566
TERRA,2108,7.783,13.567
TERRA,2109,7.783,13.568
TERRA,2110,7.784,13.569
TERRA,2111,7.784,13.570
TERRA,2112,7.785,13.570
TERRA,2113,7.785,13.571
TERRA,2114,7.785,13.572
TERRA,2115,7.786,13.573
TERRA,2116,7.786,13.573
TERRA,2117,7.787,13.574
TERRA,2118,7.787,13.575
TERRA,2119,7.788,13.576
TERRA,2120,7.788,13.577
TERRA,2121,7.789,13.577
TERRA,2122,7.789,13.578
TERRA,2123,7.789,13.579
TERRA,2124,7.790,13.580
TERRA,2125,7.790,13.580
TERRA,2126,7.791,13.581
TERRA,2127,7.791,13.582
TERRA,2128,7.792,13.583
TERRA,2129,7.792,13.584
TERRA,2130,7.793,13.584
TERRA,2131,7.793,13.585
TERRA,2132,7.793,13.586
TERRA,2133,7.794,13.587
TERRA,2134,7.794,13.588
TERRA,2135,7.795,13.588
TERRA,2136,7.795,13.589
TERRA,2137,7.796,13.590
TERRA,2138,7.796,13.591
TERRA,2139,7.797,13.591
TERRA,2140,7.797,13.592
TERRA,2141,7.798,13.593
TERRA,2142,7.798,13.594
TERRA,2143,7.798,13.595
TERRA,2144,7.799,13.595
TERRA,2145,7.799,13.596
TERRA,2146,7.800,13.597
TERRA,2147,7.800,13.598
TERRA,2148,7.801,13.599
TERRA,2149,7.801,13.599
TERRA,2150,7.802,13.600
TERRA,2151,7.802,13.601
TERRA,2152,7.803,13.602
TERRA,2153,7.803,13.603
TERRA,2154,7.803,13.603
TERRA,2155,7.804,13.604
TERRA,2156,7.804,13.605
TERRA,2157,7.805,13.606
TERRA,2158,7.805,13.607
TERRA,2159,7.806,13.607
TERRA,2160,7.806,13.608
TERRA,2161,7.807,13.609
TERRA,2162,7.807,13.610
TERRA,2163,7.808,13.611
TERRA,2164,7.808,13.611
TERRA,2165,7.808,13.612
TERRA,2166,7.809,13.613
TERRA,2167,7.809,13.614
TERRA,2168,7.810,13.615
TERRA,2169,7.810,13.615
TERRA,2170,7.811,13.616
TERRA,2171,7.811,13.617
TERRA,2172,7.812,13.618
TERRA,2173,7.812,13.619
TERRA,2174,7.813,13.619
TERRA,2175,7.813,13.620
TERRA,2176,7.813,13.621
TERRA,2177,7.814,13.622
TERRA,2178,7.814,13.623
TERRA,2179,7.815,13.623
TERRA,2180,7.815,13.624
TERRA,2181,7.816,13.625
TERRA,2182,7.816,13.626
TERRA,2183,7.817,13.627
TERRA,2184,7.817,13.627
TERRA,2185,7.818,13.628
TERRA,2186,7.818,13.629
TERRA,2187,7.819,13.630
TERRA,2188,7.819,13.631
TERRA,2189,7.819,13.631
TERRA,2190,7.820,13.632
TERRA,2191,7.820,13.633
TERRA,2192,7.821,13.634
TERRA,2193,7.821,13.635
TERRA,2194,7.822,13.636
TERRA,2195,7.822,13.636
TERRA,2196,7.823,13.637
TERRA,2197,7.823,13.638
TERRA,2198,7.824,13.639
TERRA,2199,7.824,13.640
TERRA,2200,7.825,13.640
TERRA,2201,7.825,13.641
TERRA,2202,7.826,13.642
TERRA,2203,7.826,13.643
TERRA,2204,7.826,13.644
TERRA,2205,7.827,13.644
TERRA,2206,7.827,13.645
TERRA,2207,7.828,13.646
TERRA,2208,7.828,13.647
TERRA,2209,7.829,13.648
TERRA,2210,7.829,13.649
TERRA,2211,7.830,13.649
TERRA,2212,7.830,13.650
TERRA,2213,7.831,13.651
TERRA,2214,7.831,13.652
TERRA,2215,7.832,13.653
TERRA,2216,7.832,13.654
TERRA,2217,7.833,13.654
TERRA,2218,7.833,13.655
TERRA,2219,7.833,13.656
TERRA,2220,7.834,13.657
TERRA,2221,7.834,13.658
TERRA,2222,7.835,13.658
TERRA,2223,7.835,13.659
TERRA,2224,7.836,13.660
TERRA,2225,7.836,13.661
TERRA,2226,7.837,13.662
TERRA,2227,7.837,13.663
TERRA,2228,7.838,13.663
TERRA,2229,7.838,13.664
TERRA,2230,7.839,13.665
TERRA,2231,7.839,13.666
TERRA,2232,7.840,13.667
TERRA,2233,7.840,13.668
TERRA,2234,7.841,13.668
TERRA,2235,7.841,13.669
TERRA,2236,7.841,13.670
TERRA,2237,7.842,13.671
TERRA,2238,7.842,13.672
TERRA,2239,7.843,13.673
TERRA,2240,7.843,13.673
TERRA,2241,7.844,13.674
TERRA,2242,7.844,13.675
TERRA,2243,7.845,13.676
TERRA,2244,7.845,13.677
TERRA,2245,7.846,13.678
TERRA,2246,7.846,13.678
TERRA,2247,7.847,13.679
TERRA,2248,7.847,13.680
TERRA,2249,7.848,13.681
TERRA,2250,7.848,13.682
TERRA,2251,7.849,13.683
TERRA,2252,7.849,13.683
TERRA,2253,7.850,13.684
TERRA,2254,7.850,13.685
TERRA,2255,7.851,13.686
TERRA,2256,7.851,13.687
TERRA,2257,7.851,13.688
TERRA,2258,7.852,13.688
TERRA,2259,7.852,13.689
TERRA,2260,7.853,13.690
TERRA,2261,7.853,13.691
TERRA,2262,7.854,13.692
TERRA,2263,7.854,13.693
TERRA,2264,7.855,13.693
TERRA,2265,7.855,13.694
TERRA,2266,7.856,13.695
TERRA,2267,7.856,13.696
TERRA,2268,7.857,13.697
TERRA,2269,7.857,13.698
TERRA,2270,7.858,13.699
TERRA,2271,7.858,13.699
TERRA,2272,7.859,13.700
TERRA,2273,7.859,13.701
TERRA,2274,7.860,13.702
TERRA,2275,7.860,13.703
TERRA,2276,7.861,13.704
TERRA,2277,7.861,13.704
TERRA,2278,7.862,13.705
TERRA,2279,7.862,13.706
TERRA,2280,7.863,13.707
TERRA,2281,7.863,13.708
TERRA,2282,7.864,13.709
TERRA,2283,7.864,13.710
TERRA,2284,7.865,13.710
TERRA,2285,7.865,13.711
TERRA,2286,7.865,13.712
TERRA,2287,7.866,13.713
TERRA,2288,7.866,13.714
TERRA,2289,7.867,13.715
TERRA,2290,7.867,13.715
TERRA,2291,7.868,13.716
TERRA,2292,7.868,13.717
TERRA,2293,7.869,13.718
TERRA,2294,7.869,13.719
TERRA,2295,7.870,13.720
TERRA,2296,7.870,13.721
TERRA,2297,7.871,13.721
TERRA,2298,7.871,13.722
TERRA,2299,7.872,13.723
TERRA,2300,7.872,13.724
TERRA,2301,7.873,13.725
TERRA,2302,7.873,13.726
TERRA,2303,7.874,13.727
TERRA,2304,7.874,13.727
TERRA,2305,7.875,13.728
TERRA,2306,7.875,13.729
TERRA,2307,7.876,13.730
TERRA,2308,7.876,13.731
TERRA,2309,7.877,13.732
TERRA,2310,7.877,13.733
TERRA,2311,7.878,13.733
TERRA,2312,7.878,13.734
TERRA,2313,7.879,13.735
TERRA,2314,7.879,13.736
TERRA,2315,7.880,13.737
TERRA,2316,7.880,13.738
TERRA,2317,7.881,13.739
TERRA,2318,7.881,13.740
TERRA,2319,7.882,13.740
TERRA,2320,7.882,13.741
TERRA,2321,7.883,13.742
TERRA,2322,7.883,13.743
TERRA,2323,7.884,13.744
TERRA,2324,7.884,13.745
TERRA,2325,7.885,13.746
TERRA,2326,7.885,13.746
TERRA,2327,7.886,13.747
TERRA,2328,7.886,13.748
TERRA,2329,7.887,13.749
TERRA,2330,7.887,13.750
TERRA,2331,7.888,13.751
TERRA,2332,7.888,13.752
TERRA,2333,7.889,13.753
TERRA,2334,7.889,13.753
TERRA,2335,7.890,13.754
TERRA,2336,7.890,13.755
TERRA,2337,7.891,13.756
TERRA,2338,7.891,13.757
TERRA,2339,7.892,13.758
TERRA,2340,7.892,13.759
TERRA,2341,7.893,13.760
TERRA,2342,7.893,13.760
TERRA,2343,7.894,13.761
TERRA,2344,7.894,13.762
TERRA,2345,7.895,13.763
TERRA,2346,7.895,13.764
TERRA,2347,7.896,13.765
TERRA,2348,7.896,13.766
TERRA,2349,7.897,13.767
TERRA,2350,7.897,13.767
TERRA,2351,7.898,13.768
TERRA,2352,7.898,13.769
TERRA,2353,7.899,13.770
TERRA,2354,7.899,13.771
TERRA,2355,7.900,13.772
TERRA,2356,7.900,13.773
TERRA,2357,7.901,13.774
TERRA,2358,7.901,13.774
TERRA,2359,7.902,13.775
TERRA,2360,7.902,13.776
TERRA,2361,7.903,13.777
TERRA,2362,7.903,13.778
TERRA,2363,7.904,13.779
TERRA,2364,7.904,13.780
TERRA,2365,7.905,13.781
TERRA,2366,7.905,13.781
TERRA,2367,7.906,13.782
TERRA,2368,7.906,13.783
TERRA,2369,7.907,13.784
TERRA,2370,7.907,13.785
TERRA,2371,7.908,13.786
TERRA,2372,7.908,13.787
TERRA,2373,7.909,13.788
TERRA,2374,7.909,13.789
TERRA,2375,7.910,13.789
TERRA,2376,7.910,13.790
TERRA,2377,7.911,13.791
TERRA,2378,7.911,13.792
TERRA,2379,7.912,13.793
TERRA,2380,7.912,13.794
TERRA,2381,7.913,13.795
TERRA,2382,7.913,13.796
TERRA,2383,7.914,13.797
TERRA,2384,7.914,13.797
TERRA,2385,7.915,13.798
TERRA,2386,7.915,13.799
TERRA,2387,7.916,13.800
TERRA,2388,7.916,13.801
TERRA,2389,7.917,13.802
TERRA,2390,7.917,13.803
TERRA,2391,7.918,13.804
TERRA,2392,7.918,13.805
TERRA,2393,7.919,13.806
TERRA,2394,7.919,13.806
TERRA,2395,7.920,13.807
TERRA,2396,7.920,13.808
TERRA,2397,7.921,13.809
TERRA,2398,7.921,13.810
TERRA,2399,7.922,13.811
TERRA,2400,7.922,13.812
TERRA,2401,7.923,13.813
TERRA,2402,7.923,13.814
TERRA,2403,7.924,13.814
TERRA,2404,7.924,13.815
TERRA,2405,7.925,13.816
TERRA,2406,7.925,13.817
TERRA,2407,7.926,13.818
TERRA,2408,7.926,13.819
TERRA,2409,7.927,13.820
TERRA,2410,7.928,13.821
TERRA,2411,7.928,13.822
TERRA,2412,7.929,13.823
TERRA,2413,7.929,13.823
TERRA,2414,7.930,13.824
TERRA,2415,7.930,13.825
TERRA,2416,7.931,13.826
TERRA,2417,7.931,13.827
TERRA,2418,7.932,13.828
TERRA,2419,7.932,13.829
TERRA,2420,7.933,13.830
TERRA,2421,7.933,13.831
TERRA,2422,7.934,13.832
TERRA,2423,7.934,13.833
TERRA,2424,7.935,13.833
TERRA,2425,7.935,13.834
TERRA,2426,7.936,13.835
TERRA,2427,7.936,13.836
TERRA,2428,7.937,13.837
TERRA,2429,7.937,13.838
TERRA,2430,7.938,13.839
TERRA,2431,7.938,13.840
TERRA,2432,7.939,13.841
TERRA,2433,7.939,13.842
TERRA,2434,7.940,13.843
TERRA,2435,7.940,13.843
TERRA,2436,7.941,13.844
TERRA,2437,7.941,13.845
TERRA,2438,7.942,13.846
TERRA,2439,7.943,13.847
TERRA,2440,7.943,13.848
TERRA,2441,7.944,13.849
TERRA,2442,7.944,13.850
TERRA,2443,7.945,13.851
TERRA,2444,7.945,13.852
TERRA,2445,7.946,13.853
TERRA,2446,7.946,13.854
TERRA,2447,7.947,13.854
TERRA,2448,7.947,13.855
TERRA,2449,7.948,13.856
TERRA,2450,7.948,13.857
TERRA,2451,7.949,13.858
TERRA,2452,7.949,13.859
TERRA,2453,7.950,13.860
TERRA,2454,7.950,13.861
TERRA,2455,7.951,13.862
TERRA,2456,7.951,13.863
TERRA,2457,7.952,13.864
TERRA,2458,7.952,13.865
TERRA,2459,7.953,13.865
TERRA,2460,7.954,13.866
TERRA,2461,7.954,13.867
TERRA,2462,7.955,13.868
TERRA,2463,7.955,13.869
TERRA,2464,7.956,13.870
TERRA,2465,7.956,13.871
TERRA,2466,7.957,13.872
TERRA,2467,7.957,13.873
TERRA,2468,7.958,13.874
TERRA,2469,7.958,13.875
TERRA,2470,7.959,13.876
TERRA,2471,7.959,13.877
TERRA,2472,7.960,13.877
TERRA,2473,7.960,13.878
TERRA,2474,7.961,13.879
TERRA,2475,7.961,13.880
TERRA,2476,7.962,13.881
TERRA,2477,7.963,13.882
TERRA,2478,7.963,13.883
TERRA,2479,7.964,13.884
TERRA,2480,7.964,13.885
TERRA,2481,7.965,13.886
TERRA,2482,7.965,13.887
TERRA,2483,7.966,13.888
TERRA,2484,7.966,13.889
TERRA,2485,7.967,13.890
TERRA,2486,7.967,13.891
TERRA,2487,7.968,13.891
TERRA,2488,7.968,13.892
TERRA,2489,7.969,13.893
TERRA,2490,7.969,13.894
TERRA,2491,7.970,13.895
TERRA,2492,7.971,13.896
TERRA,2493,7.971,13.897
TERRA,2494,7.972,13.898
TERRA,2495,7.972,13.899
TERRA,2496,7.973,13.900
TERRA,2497,7.973,13.901
TERRA,2498,7.974,13.902
TERRA,2499,7.974,13.903
TERRA,2500,7.975,13.904
TERRA,2501,7.975,13.905
TERRA,2502,7.976,13.906
TERRA,2503,7.976,13.907
TERRA,2504,7.977,13.907
TERRA,2505,7.977,13.908
TERRA,2506,7.978,13.909
TERRA,2507,7.979,13.910
TERRA,2508,7.979,13.911
TERRA,2509,7.980,13.912
TERRA,2510,7.980,13.913
TERRA,2511,7.981,13.914
TERRA,2512,7.981,13.915
TERRA,2513,7.982,13.916
TERRA,2514,7.982,13.917
TERRA,2515,7.983,13.918
TERRA,2516,7.983,13.919
TERRA,2517,7.984,13.920
TERRA,2518,7.985,13.921
TERRA,2519,7.985,13.922
TERRA,2520,7.986,13.923
TERRA,2521,7.986,13.924
TERRA,2522,7.987,13.924
TERRA,2523,7.987,13.925
TERRA,2524,7.988,13.926
TERRA,2525,7.988,13.927
TERRA,2526,7.989,13.928
TERRA,2527,7.989,13.929
TERRA,2528,7.990,13.930
TERRA,2529,7.990,13.931
TERRA,2530,7.991,13.932
TERRA,2531,7.992,13.933
TERRA,2532,7.992,13.934
TERRA,2533,7.993,13.935
TERRA,2534,7.993,13.936
TERRA,2535,7.994,13.937
TERRA,2536,7.994,13.938
TERRA,2537,7.995,13.939
TERRA,2538,7.995,13.940
TERRA,2539,7.996,13.941
TERRA,2540,7.996,13.942
TERRA,2541,7.997,13.943
TERRA,2542,7.998,13.944
TERRA,2543,7.998,13.945
TERRA,2544,7.999,13.945
TERRA,2545,7.999,13.946
TERRA,2546,8.000,13.947
TERRA,2547,8.000,13.948
TERRA,2548,8.001,13.949
TERRA,2549,8.001,13.950
TERRA,2550,8.002,13.951
TERRA,2551,8.002,13.952
TERRA,2552,8.003,13.953
TERRA,2553,8.004,13.954
TERRA,2554,8.004,13.955
TERRA,2555,8.005,13.956
TERRA,2556,8.005,13.957
TERRA,2557,8.006,13.958
TERRA,2558,8.006,13.959
TERRA,2559,8.007,13.960
TERRA,2560,8.007,13.961
TERRA,2561,8.008,13.962
TERRA,2562,8.009,13.963
TERRA,2563,8.009,13.964
TERRA,2564,8.010,13.965
TERRA,2565,8.010,13.966
TERRA,2566,8.011,13.967
TERRA,2567,8.011,13.968
TERRA,2568,8.012,13.969
TERRA,2569,8.012,13.970
TERRA,2570,8.013,13.971
TERRA,2571,8.013,13.971
TERRA,2572,8.014,13.972
TERRA,2573,8.015,13.973
TERRA,2574,8.015,13.974
TERRA,2575,8.016,13.975
TERRA,2576,8.016,13.976
TERRA,2577,8.017,13.977
TERRA,2578,8.017,13.978
TERRA,2579,8.018,13.979
TERRA,2580,8.018,13.980
TERRA,2581,8.019,13.981
TERRA,2582,8.020,13.982
TERRA,2583,8.020,13.983
TERRA,2584,8.021,13.984
TERRA,2585,8.021,13.985
TERRA,2586,8.022,13.986
TERRA,2587,8.022,13.987
TERRA,2588,8.023,13.988
TERRA,2589,8.023,13.989
TERRA,2590,8.024,13.990
TERRA,2591,8.025,13.991
TERRA,2592,8.025,13.992
TERRA,2593,8.026,13.993
TERRA,2594,8.026,13.994
TERRA,2595,8.027,13.995
TERRA,2596,8.027,13.996
TERRA,2597,8.028,13.997
TERRA,2598,8.028,13.998
TERRA,2599,8.029,13.999
TERRA,2600,8.030,14.000
TERRA,2601,8.030,14.001
TERRA,2602,8.031,14.002
TERRA,2603,8.031,14.003
TERRA,2604,8.032,14.004
TERRA,2605,8.032,14.005
TERRA,2606,8.033,14.006
TERRA,2607,8.034,14.007
TERRA,2608,8.034,14.008
TERRA,2609,8.035,14.009
TERRA,2610,8.035,14.010
TERRA,2611,8.036,14.011
TERRA,2612,8.036,14.012
TERRA,2613,8.037,14.013
TERRA,2614,8.037,14.014
TERRA,2615,8.038,14.014
TERRA,2616,8.039,14.015
TERRA,2617,8.039,14.016
TERRA,2618,8.040,14.017
TERRA,2619,8.040,14.018
TERRA,2620,8.041,14.019
TERRA,2621,8.041,14.020
TERRA,2622,8.042,14.021
TERRA,2623,8.043,14.022
TERRA,2624,8.043,14.023
TERRA,2625,8.044,14.024
TERRA,2626,8.044,14.025
TERRA,2627,8.045,14.026
TERRA,2628,8.045,14.027
TERRA,2629,8.046,14.028
TERRA,2630,8.046,14.029
TERRA,2631,8.047,14.030
TERRA,2632,8.048,14.031
TERRA,2633,8.048,14.032
TERRA,2634,8.049,14.033
TERRA,2635,8.049,14.034
TERRA,2636,8.050,14.035
TERRA,2637,8.050,14.036
TERRA,2638,8.051,14.037
TERRA,2639,8.052,14.038
TERRA,2640,8.052,14.039
TERRA,2641,8.053,14.040
TERRA,2642,8.053,14.041
TERRA,2643,8.054,14.042
TERRA,2644,8.054,14.043
TERRA,2645,8.055,14.044
TERRA,2646,8.056,14.045
TERRA,2647,8.056,14.046
TERRA,2648,8.057,14.047
TERRA,2649,8.057,14.048
TERRA,2650,8.058,14.049
TERRA,2651,8.058,14.050
TERRA,2652,8.059,14.051
TERRA,2653,8.060,14.052
TERRA,2654,8.060,14.053
TERRA,2655,8.061,14.054
TERRA,2656,8.061,14.055
TERRA,2657,8.062,14.056
TERRA,2658,8.062,14.057
TERRA,2659,8.063,14.058
TERRA,2660,8.064,14.059
TERRA,2661,8.064,14.060
TERRA,2662,8.065,14.061
TERRA,2663,8.065,14.062
TERRA,2664,8.066,14.063
TERRA,2665,8.066,14.064
TERRA,2666,8.067,14.065
TERRA,2667,8.068,14.066
TERRA,2668,8.068,14.067
TERRA,2669,8.069,14.068
TERRA,2670,8.069,14.069
TERRA,2671,8.070,14.070
TERRA,2672,8.070,14.071
TERRA,2673,8.071,14.072
TERRA,2674,8.072,14.073
TERRA,2675,8.072,14.074
TERRA,2676,8.073,14.075
TERRA,2677,8.073,14.076
TERRA,2678,8.074,14.077
TERRA,2679,8.074,14.078
TERRA,2680,8.075,14.079
TERRA,2681,8.076,14.080
TERRA,2682,8.076,14.081
TERRA,2683,8.077,14.082
TERRA,2684,8.077,14.083
TERRA,2685,8.078,14.084
TERRA,2686,8.079,14.085
TERRA,2687,8.079,14.086
TERRA,2688,8.080,14.087
TERRA,2689,8.080,14.089
TERRA,2690,8.081,14.090
TERRA,2691,8.081,14.091
TERRA,2692,8.082,14.092
TERRA,2693,8.083,14.093
TERRA,2694,8.083,14.094
TERRA,2695,8.084,14.095
TERRA,2696,8.084,14.096
TERRA,2697,8.085,14.097
TERRA,2698,8.085,14.098
TERRA,2699,8.086,14.099
TERRA,2700,8.087,14.100
TERRA,2701,8.087,14.101
TERRA,2702,8.088,14.102
TERRA,2703,8.088,14.103
TERRA,2704,8.089,14.104
TERRA,2705,8.090,14.105
TERRA,2706,8.090,14.106
TERRA,2707,8.091,14.107
TERRA,2708,8.091,14.108
TERRA,2709,8.092,14.109
TERRA,2710,8.092,14.110
TERRA,2711,8.093,14.111
TERRA,2712,8.094,14.112
TERRA,2713,8.094,14.113
TERRA,2714,8.095,14.114
TERRA,2715,8.095,14.115
TERRA,2716,8.096,14.116
TERRA,2717,8.097,14.117
TERRA,2718,8.097,14.118
TERRA,2719,8.098,14.119
TERRA,2720,8.098,14.120
TERRA,2721,8.099,14.121
TERRA,2722,8.099,14.122
TERRA,2723,8.100,14.123
TERRA,2724,8.101,14.124
TERRA,2725,8.101,14.125
TERRA,2726,8.102,14.126
TERRA,2727,8.102,14.127
TERRA,2728,8.103,14.128
TERRA,2729,8.104,14.129
TERRA,2730,8.104,14.130
TERRA,2731,8.105,14.131
TERRA,2732,8.105,14.132
TERRA,2733,8.106,14.134
TERRA,2734,8.106,14.135
TERRA,2735,8.107,14.136
TERRA,2736,8.108,14.137
TERRA,2737,8.108,14.138
TERRA,2738,8.109,14.139
TERRA,2739,8.109,14.140
TERRA,2740,8.110,14.141
TERRA,2741,8.111,14.142
TERRA,2742,8.111,14.143
TERRA,2743,8.112,14.144
TERRA,2744,8.112,14.145
TERRA,2745,8.113,14.146
TERRA,2746,8.114,14.147
TERRA,2747,8.114,14.148
TERRA,2748,8.115,14.149
TERRA,2749,8.115,14.150
TERRA,2750,8.116,14.151
TERRA,2751,8.117,14.152
TERRA,2752,8.117,14.153
TERRA,2753,8.118,14.154
TERRA,2754,8.118,14.155
TERRA,2755,8.119,14.156
TERRA,2756,8.119,14.157
TERRA,2757,8.120,14.158
TERRA,2758,8.121,14.159
TERRA,2759,8.121,14.160
TERRA,2760,8.122,14.161
TERRA,2761,8.122,14.163
TERRA,2762,8.123,14.164
TERRA,2763,8.124,14.165
TERRA,2764,8.124,14.166
TERRA,2765,8.125,14.167
TERRA,2766,8.125,14.168
TERRA,2767,8.126,14.169
TERRA,2768,8.127,14.170
TERRA,2769,8.127,14.171
TERRA,2770,8.128,14.172
TERRA,2771,8.128,14.173
TERRA,2772,8.129,14.174
TERRA,2773,8.130,14.175
TERRA,2774,8.130,14.176
TERRA,2775,8.131,14.177
TERRA,2776,8.131,14.178
TERRA,2777,8.132,14.179
TERRA,2778,8.133,14.180
TERRA,2779,8.133,14.181
TERRA,2780,8.134,14.182
TERRA,2781,8.134,14.183
TERRA,2782,8.135,14.184
TERRA,2783,8.136,14.186
TERRA,2784,8.136,14.187
TERRA,2785,8.137,14.188
TERRA,2786,8.137,14.189
TERRA,2787,8.138,14.190
TERRA,2788,8.139,14.191
TERRA,2789,8.139,14.192
TERRA,2790,8.140,14.193
TERRA,2791,8.140,14.194
TERRA,2792,8.141,14.195
TERRA,2793,8.142,14.196
TERRA,2794,8.142,14.197
TERRA,2795,8.143,14.198
TERRA,2796,8.143,14.199
TERRA,2797,8.144,14.200
TERRA,2798,8.145,14.201
TERRA,2799,8.145,14.202
TERRA,2800,8.146,14.203
TERRA,2801,8.146,14.204
TERRA,2802,8.147,14.206
TERRA,2803,8.148,14.207
TERRA,2804,8.148,14.208
TERRA,2805,8.149,14.209
TERRA,2806,8.149,14.210
TERRA,2807,8.150,14.211
TERRA,2808,8.151,14.212
TERRA,2809,8.151,14.213
TERRA,2810,8.152,14.214
TERRA,2811,8.152,14.215
TERRA,2812,8.153,14.216
TERRA,2813,8.154,14.217
TERRA,2814,8.154,14.218
TERRA,2815,8.155,14.219
TERRA,2816,8.155,14.220
TERRA,2817,8.156,14.221
TERRA,2818,8.157,14.222
TERRA,2819,8.157,14.224
TERRA,2820,8.158,14.225
TERRA,2821,8.158,14.226
TERRA,2822,8.159,14.227
TERRA,2823,8.160,14.228
TERRA,2824,8.160,14.229
TERRA,2825,8.161,14.230
TERRA,2826,8.161,14.231
TERRA,2827,8.162,14.232
TERRA,2828,8.163,14.233
TERRA,2829,8.163,14.234
TERRA,2830,8.164,14.235
TERRA,2831,8.165,14.236
TERRA,2832,8.165,14.237
TERRA,2833,8.166,14.238
TERRA,2834,8.166,14.240
TERRA,2835,8.167,14.241
TERRA,2836,8.168,14.242
TERRA,2837,8.168,14.243
TERRA,2838,8.169,14.244
TERRA,2839,8.169,14.245
TERRA,2840,8.170,14.246
TERRA,2841,8.171,14.247
TERRA,2842,8.171,14.248
TERRA,2843,8.172,14.249
TERRA,2844,8.172,14.250
TERRA,2845,8.173,14.251
TERRA,2846,8.174,14.252
TERRA,2847,8.174,14.253
TERRA,2848,8.175,14.255
TERRA,2849,8.176,14.256
TERRA,2850,8.176,14.257
TERRA,2851,8.177,14.258
TERRA,2852,8.177,14.259
TERRA,2853,8.178,14.260
TERRA,2854,8.179,14.261
TERRA,2855,8.179,14.262
TERRA,2856,8.180,14.263
TERRA,2857,8.180,14.264
TERRA,2858,8.181,14.265
TERRA,2859,8.182,14.266
TERRA,2860,8.182,14.267
TERRA,2861,8.183,14.268
TERRA,2862,8.183,14.270
TERRA,2863,8.184,14.271
TERRA,2864,8.185,14.272
TERRA,2865,8.185,14.273
TERRA,2866,8.186,14.274
TERRA,2867,8.187,14.275
TERRA,2868,8.187,14.276
TERRA,2869,8.188,14.277
TERRA,2870,8.188,14.278
TERRA,2871,8.189,14.279
TERRA,2872,8.190,14.280
TERRA,2873,8.190,14.281
TERRA,2874,8.191,14.283
TERRA,2875,8.192,14.284
TERRA,2876,8.192,14.285
TERRA,2877,8.193,14.286
TERRA,2878,8.193,14.287
TERRA,2879,8.194,14.288
TERRA,2880,8.195,14.289
TERRA,2881,8.195,14.290
TERRA,2882,8.196,14.291
TERRA,2883,8.196,14.292
TERRA,2884,8.197,14.293
TERRA,2885,8.198,14.294
TERRA,2886,8.198,14.296
TERRA,2887,8.199,14.297
TERRA,2888,8.200,14.298
TERRA,2889,8.200,14.299
TERRA,2890,8.201,14.300
TERRA,2891,8.201,14.301
TERRA,2892,8.202,14.302
TERRA,2893,8.203,14.303
TERRA,2894,8.203,14.304
TERRA,2895,8.204,14.305
TERRA,2896,8.205,14.306
TERRA,2897,8.205,14.308
TERRA,2898,8.206,14.309
TERRA,2899,8.206,14.310
TERRA,2900,8.207,14.311
TERRA,2901,8.208,14.312
TERRA,2902,8.208,14.313
TERRA,2903,8.209,14.314
TERRA,2904,8.210,14.315
TERRA,2905,8.210,14.316
TERRA,2906,8.211,14.317
TERRA,2907,8.211,14.318
TERRA,2908,8.212,14.320
TERRA,2909,8.213,14.321
TERRA,2910,8.213,14.322
TERRA,2911,8.214,14.323
TERRA,2912,8.214,14.324
TERRA,2913,8.215,14.325
TERRA,2914,8.216,14.326
TERRA,2915,8.216,14.327
TERRA,2916,8.217,14.328
TERRA,2917,8.218,14.329
TERRA,2918,8.218,14.331
TERRA,2919,8.219,14.332
TERRA,2920,8.220,14.333
TERRA,2921,8.220,14.334
TERRA,2922,8.221,14.335
TERRA,2923,8.221,14.336
TERRA,2924,8.222,14.337
TERRA,2925,8.223,14.338
TERRA,2926,8.223,14.339
TERRA,2927,8.224,14.340
TERRA,2928,8.225,14.342
TERRA,2929,8.225,14.343
TERRA,2930,8.226,14.344
TERRA,2931,8.226,14.345
TERRA,2932,8.227,14.346
TERRA,2933,8.228,14.347
TERRA,2934,8.228,14.348
TERRA,2935,8.229,14.349
TERRA,2936,8.230,14.350
TERRA,2937,8.230,14.351
TERRA,2938,8.231,14.353
TERRA,2939,8.231,14.354
TERRA,2940,8.232,14.355
TERRA,2941,8.233,14.356
TERRA,2942,8.233,14.357
TERRA,2943,8.234,14.358
TERRA,2944,8.235,14.359
TERRA,2945,8.235,14.360
TERRA,2946,8.236,14.361
TERRA,2947,8.237,14.363
TERRA,2948,8.237,14.364
TERRA,2949,8.238,14.365
TERRA,2950,8.238,14.366
TERRA,2951,8.239,14.367
TERRA,2952,8.240,14.368
TERRA,2953,8.240,14.369
TERRA,2954,8.241,14.370
TERRA,2955,8.242,14.371
TERRA,2956,8.242,14.373
TERRA,2957,8.243,14.374
TERRA,2958,8.243,14.375
TERRA,2959,8.244,14.376
TERRA,2960,8.245,14.377
TERRA,2961,8.245,14.378
TERRA,2962,8.246,14.379
TERRA,2963,8.247,14.380
TERRA,2964,8.247,14.381
TERRA,2965,8.248,14.382
TERRA,2966,8.248,14.384
TERRA,2967,8.249,14.385
TERRA,2968,8.250,14.386
TERRA,2969,8.250,14.387
TERRA,2970,8.251,14.388
TERRA,2971,8.252,14.389
TERRA,2972,8.252,14.390
TERRA,2973,8.253,14.391
TERRA,2974,8.253,14.392
TERRA,2975,8.254,14.393
TERRA,2976,8.255,14.395
TERRA,2977,8.255,14.396
TERRA,2978,8.256,14.397
TERRA,2979,8.257,14.398
TERRA,2980,8.257,14.399
TERRA,2981,8.258,14.400
TERRA,2982,8.259,14.401
TERRA,2983,8.259,14.402
TERRA,2984,8.260,14.403
TERRA,2985,8.260,14.405
TERRA,2986,8.261,14.406
TERRA,2987,8.262,14.407
TERRA,2988,8.262,14.408
TERRA,2989,8.263,14.409
TERRA,2990,8.264,14.410
TERRA,2991,8.264,14.411
TERRA,2992,8.265,14.412
TERRA,2993,8.265,14.413
TERRA,2994,8.266,14.414
TERRA,2995,8.267,14.416
TERRA,2996,8.267,14.417
TERRA,2997,8.268,14.418
TERRA,2998,8.269,14.419
TERRA,2999,8.269,14.420
TERRA,3000,8.270,14.421
TERRA,3001,8.271,14.422
TERRA,3002,8.271,14.423
TERRA,3003,8.272,14.424
TERRA,3004,8.272,14.426
TERRA,3005,8.273,14.427
TERRA,3006,8.274,14.428
TERRA,3007,8.274,14.429
TERRA,3008,8.275,14.430
TERRA,3009,8.276,14.431
TERRA,3010,8.276,14.432
TERRA,3011,8.277,14.433
TERRA,3012,8.278,14.434
TERRA,3013,8.278,14.436
TERRA,3014,8.279,14.437
TERRA,3015,8.279,14.438
TERRA,3016,8.280,14.439
TERRA,3017,8.281,14.440
TERRA,3018,8.281,14.441
TERRA,3019,8.282,14.442
TERRA,3020,8.283,14.443
TERRA,3021,8.283,14.445
TERRA,3022,8.284,14.446
TERRA,3023,8.285,14.447
TERRA,3024,8.285,14.448
TERRA,3025,8.286,14.449
TERRA,3026,8.286,14.450
TERRA,3027,8.287,14.451
TERRA,3028,8.288,14.452
TERRA,3029,8.288,14.453
TERRA,3030,8.289,14.455
TERRA,3031,8.290,14.456
TERRA,3032,8.290,14.457
TERRA,3033,8.291,14.458
TERRA,3034,8.292,14.459
TERRA,3035,8.292,14.460
TERRA,3036,8.293,14.461
TERRA,3037,8.293,14.462
TERRA,3038,8.294,14.464
TERRA,3039,8.295,14.465
TERRA,3040,8.295,14.466
TERRA,3041,8.296,14.467
TERRA,3042,8.297,14.468
TERRA,3043,8.297,14.469
TERRA,3044,8.298,14.470
TERRA,3045,8.299,14.471
TERRA,3046,8.299,14.473
TERRA,3047,8.300,14.474
TERRA,3048,8.301,14.475
TERRA,3049,8.301,14.476
TERRA,3050,8.302,14.477
TERRA,3051,8.302,14.478
TERRA,3052,8.303,14.479
TERRA,3053,8.304,14.480
TERRA,3054,8.304,14.482
TERRA,3055,8.305,14.483
TERRA,3056,8.306,14.484
TERRA,3057,8.306,14.485
TERRA,3058,8.307,14.486
TERRA,3059,8.308,14.487
TERRA,3060,8.308,14.488
TERRA,3061,8.309,14.490
TERRA,3062,8.310,14.491
TERRA,3063,8.310,14.492
TERRA,3064,8.311,14.493
TERRA,3065,8.311,14.494
TERRA,3066,8.312,14.495
TERRA,3067,8.313,14.496
TERRA,3068,8.313,14.497
TERRA,3069,8.314,14.499
TERRA,3070,8.315,14.500
TERRA,3071,8.315,14.501
TERRA,3072,8.316,14.502
TERRA,3073,8.317,14.503
TERRA,3074,8.317,14.504
TERRA,3075,8.318,14.505
TERRA,3076,8.319,14.507
TERRA,3077,8.319,14.508
TERRA,3078,8.320,14.509
TERRA,3079,8.321,14.510
TERRA,3080,8.321,14.511
TERRA,3081,8.322,14.512
TERRA,3082,8.322,14.513
TERRA,3083,8.323,14.515
TERRA,3084,8.324,14.516
TERRA,3085,8.324,14.517
TERRA,3086,8.325,14.518
TERRA,3087,8.326,14.519
TERRA,3088,8.326,14.520
TERRA,3089,8.327,14.521
TERRA,3090,8.328,14.523
TERRA,3091,8.328,14.524
TERRA,3092,8.329,14.525
TERRA,3093,8.330,14.526
TERRA,3094,8.330,14.527
TERRA,3095,8.331,14.528
TERRA,3096,8.332,14.529
TERRA,3097,8.332,14.531
TERRA,3098,8.333,14.532
TERRA,3099,8.334,14.533
TERRA,3100,8.334,14.534
TERRA,3101,8.335,14.535
TERRA,3102,8.336,14.536
TERRA,3103,8.336,14.537
TERRA,3104,8.337,14.539
TERRA,3105,8.337,14.540
TERRA,3106,8.338,14.541
TERRA,3107,8.339,14.542
TERRA,3108,8.339,14.543
TERRA,3109,8.340,14.544
TERRA,3110,8.341,14.545
TERRA,3111,8.341,14.547
TERRA,3112,8.342,14.548
TERRA,3113,8.343,14.549
TERRA,3114,8.343,14.550
TERRA,3115,8.344,14.551
TERRA,3116,8.345,14.552
TERRA,3117,8.345,14.553
TERRA,3118,8.346,14.555
TERRA,3119,8.347,14.556
TERRA,3120,8.347,14.557
TERRA,3121,8.348,14.558
TERRA,3122,8.349,14.559
TERRA,3123,8.349,14.560
TERRA,3124,8.350,14.562
TERRA,3125,8.351,14.563
TERRA,3126,8.351,14.564
TERRA,3127,8.352,14.565
TERRA,3128,8.353,14.566
TERRA,3129,8.353,14.567
TERRA,3130,8.354,14.568
TERRA,3131,8.355,14.570
TERRA,3132,8.355,14.571
TERRA,3133,8.356,14.572
TERRA,3134,8.357,14.573
TERRA,3135,8.357,14.574
TERRA,3136,8.358,14.575
TERRA,3137,8.359,14.577
TERRA,3138,8.359,14.578
TERRA,3139,8.360,14.579
TERRA,3140,8.360,14.580
TERRA,3141,8.361,14.581
TERRA,3142,8.362,14.582
TERRA,3143,8.362,14.584
TERRA,3144,8.363,14.585
TERRA,3145,8.364,14.586
TERRA,3146,8.364,14.587
TERRA,3147,8.365,14.588
TERRA,3148,8.366,14.589
TERRA,3149,8.366,14.591
TERRA,3150,8.367,14.592
TERRA,3151,8.368,14.593
TERRA,3152,8.368,14.594
TERRA,3153,8.369,14.595
TERRA,3154,8.370,14.596
TERRA,3155,8.370,14.597
TERRA,3156,8.371,14.599
TERRA,3157,8.372,14.600
TERRA,3158,8.372,14.601
TERRA,3159,8.373,14.602
TERRA,3160,8.374,14.603
TERRA,3161,8.374,14.604
TERRA,3162,8.375,14.606
TERRA,3163,8.376,14.607
TERRA,3164,8.376,14.608
TERRA,3165,8.377,14.609
TERRA,3166,8.378,14.610
TERRA,3167,8.378,14.611
TERRA,3168,8.379,14.613
TERRA,3169,8.380,14.614
TERRA,3170,8.380,14.615
TERRA,3171,8.381,14.616
TERRA,3172,8.382,14.617
TERRA,3173,8.382,14.619
TERRA,3174,8.383,14.620
TERRA,3175,8.384,14.621
TERRA,3176,8.384,14.622
TERRA,3177,8.385,14.623
TERRA,3178,8.386,14.624
TERRA,3179,8.386,14.626
TERRA,3180,8.387,14.627
TERRA,3181,8.388,14.628
TERRA,3182,8.388,14.629
TERRA,3183,8.389,14.630
TERRA,3184,8.390,14.631
TERRA,3185,8.390,14.633
TERRA,3186,8.391,14.634
TERRA,3187,8.392,14.635
TERRA,3188,8.392,14.636
TERRA,3189,8.393,14.637
TERRA,3190,8.394,14.638
TERRA,3191,8.394,14.640
TERRA,3192,8.395,14.641
TERRA,3193,8.396,14.642
TERRA,3194,8.396,14.643
TERRA,3195,8.397,14.644
TERRA,3196,8.398,14.646
TERRA,3197,8.398,14.647
TERRA,3198,8.399,14.648
TERRA,3199,8.400,14.649
TERRA,3200,8.400,14.650
TERRA,3201,8.401,14.651
TERRA,3202,8.402,14.653
TERRA,3203,8.403,14.654
TERRA,3204,8.403,14.655
TERRA,3205,8.404,14.656
TERRA,3206,8.405,14.658
TERRA,3207,8.405,14.659
TERRA,3208,8.406,14.660
TERRA,3209,8.407,14.662
TERRA,3210,8.408,14.663
TERRA,3211,8.408,14.664
TERRA,3212,8.409,14.666
TERRA,3213,8.410,14.667
TERRA,3214,8.411,14.668
TERRA,3215,8.411,14.669
TERRA,3216,8.412,14.671
TERRA,3217,8.413,14.672
TERRA,3218,8.414,14.673
TERRA,3219,8.414,14.675
TERRA,3220,8.415,14.676
TERRA,3221,8.416,14.677
TERRA,3222,8.417,14.679
TERRA,3223,8.417,14.680
TERRA,3224,8.418,14.681
TERRA,3225,8.419,14.683
TERRA,3226,8.420,14.684
TERRA,3227,8.420,14.685
TERRA,3228,8.421,14.687
TERRA,3229,8.422,14.688
TERRA,3230,8.423,14.689
TERRA,3231,8.423,14.691
TERRA,3232,8.424,14.692
TERRA,3233,8.425,14.693
TERRA,3234,8.426,14.694
TERRA,3235,8.426,14.696
TERRA,3236,8.427,14.697
TERRA,3237,8.428,14.698
TERRA,3238,8.429,14.700
TERRA,3239,8.429,14.701
TERRA,3240,8.430,14.702
TERRA,3241,8.431,14.704
TERRA,3242,8.432,14.705
TERRA,3243,8.432,14.706
TERRA,3244,8.433,14.708
TERRA,3245,8.434,14.709
TERRA,3246,8.435,14.710
TERRA,3247,8.435,14.712
TERRA,3248,8.436,14.713
TERRA,3249,8.437,14.714
TERRA,3250,8.438,14.716
TERRA,3251,8.438,14.717
TERRA,3252,8.439,14.718
TERRA,3253,8.440,14.720
TERRA,3254,8.441,14.721
TERRA,3255,8.441,14.722
TERRA,3256,8.442,14.724
TERRA,3257,8.443,14.725
TERRA,3258,8.444,14.726
TERRA,3259,8.444,14.727
TERRA,3260,8.445,14.729
TERRA,3261,8.446,14.730
TERRA,3262,8.447,14.731
TERRA,3263,8.447,14.733
TERRA,3264,8.448,14.734
TERRA,3265,8.449,14.735
TERRA,3266,8.450,14.737
TERRA,3267,8.451,14.738
TERRA,3268,8.451,14.739
TERRA,3269,8.452,14.741
TERRA,3270,8.453,14.742
TERRA,3271,8.454,14.743
TERRA,3272,8.454,14.745
TERRA,3273,8.455,14.746
TERRA,3274,8.456,14.747
TERRA,3275,8.457,14.749
TERRA,3276,8.457,14.750
TERRA,3277,8.458,14.751
TERRA,3278,8.459,14.753
TERRA,3279,8.460,14.754
TERRA,3280,8.460,14.755
TERRA,3281,8.461,14.757
TERRA,3282,8.462,14.758
TERRA,3283,8.463,14.759
TERRA,3284,8.463,14.761
TERRA,3285,8.464,14.762
TERRA,3286,8.465,14.763
TERRA,3287,8.466,14.764
TERRA,3288,8.466,14.766
TERRA,3289,8.467,14.767
TERRA,3290,8.468,14.768
TERRA,3291,8.469,14.770
TERRA,3292,8.469,14.771
TERRA,3293,8.470,14.772
TERRA,3294,8.471,14.774
TERRA,3295,8.472,14.775
TERRA,3296,8.472,14.776
TERRA,3297,8.473,14.778
TERRA,3298,8.474,14.779
TERRA,3299,8.475,14.780
TERRA,3300,8.475,14.782
TERRA,3301,8.476,14.783
TERRA,3302,8.477,14.784
TERRA,3303,8.478,14.786
TERRA,3304,8.478,14.787
TERRA,3305,8.479,14.788
TERRA,3306,8.480,14.790
TERRA,3307,8.481,14.791
TERRA,3308,8.481,14.792
TERRA,3309,8.482,14.794
TERRA,3310,8.483,14.795
TERRA,3311,8.484,14.796
TERRA,3312,8.485,14.798
TERRA,3313,8.485,14.799
TERRA,3314,8.486,14.800
TERRA,3315,8.487,14.802
TERRA,3316,8.488,14.803
TERRA,3317,8.488,14.804
TERRA,3318,8.489,14.806
TERRA,3319,8.490,14.807
TERRA,3320,8.491,14.808
TERRA,3321,8.491,14.810
TERRA,3322,8.492,14.811
TERRA,3323,8.493,14.812
TERRA,3324,8.494,14.814
TERRA,3325,8.494,14.815
TERRA,3326,8.495,14.816
TERRA,3327,8.496,14.818
TERRA,3328,8.497,14.819
TERRA,3329,8.497,14.820
TERRA,3330,8.498,14.822
TERRA,3331,8.499,14.823
TERRA,3332,8.500,14.824
TERRA,3333,8.501,14.826
TERRA,3334,8.501,14.827
TERRA,3335,8.502,14.828
TERRA,3336,8.503,14.830
TERRA,3337,8.504,14.831
TERRA,3338,8.504,14.833
TERRA,3339,8.505,14.834
TERRA,3340,8.506,14.835
TERRA,3341,8.507,14.837
TERRA,3342,8.507,14.838
TERRA,3343,8.508,14.839
TERRA,3344,8.509,14.841
TERRA,3345,8.510,14.842
TERRA,3346,8.510,14.843
TERRA,3347,8.511,14.845
TERRA,3348,8.512,14.846
TERRA,3349,8.513,14.847
TERRA,3350,8.514,14.849
TERRA,3351,8.514,14.850
TERRA,3352,8.515,14.851
TERRA,3353,8.516,14.853
TERRA,3354,8.517,14.854
TERRA,3355,8.517,14.855
TERRA,3356,8.518,14.857
TERRA,3357,8.519,14.858
TERRA,3358,8.520,14.859
TERRA,3359,8.520,14.861
TERRA,3360,8.521,14.862
TERRA,3361,8.522,14.863
TERRA,3362,8.523,14.865
TERRA,3363,8.523,14.866
TERRA,3364,8.524,14.867
TERRA,3365,8.525,14.869
TERRA,3366,8.526,14.870
TERRA,3367,8.527,14.872
TERRA,3368,8.527,14.873
TERRA,3369,8.528,14.874
TERRA,3370,8.529,14.875
TERRA,3371,8.529,14.877
TERRA,3372,8.530,14.878
TERRA,3373,8.531,14.879
TERRA,3374,8.532,14.880
TERRA,3375,8.532,14.882
TERRA,3376,8.533,14.883
TERRA,3377,8.534,14.884
TERRA,3378,8.535,14.886
TERRA,3379,8.535,14.887
TERRA,3380,8.536,14.888
TERRA,3381,8.537,14.889
TERRA,3382,8.537,14.891
TERRA,3383,8.538,14.892
TERRA,3384,8.539,14.893
TERRA,3385,8.540,14.894
TERRA,3386,8.540,14.896
TERRA,3387,8.541,14.897
TERRA,3388,8.542,14.898
TERRA,3389,8.542,14.900
TERRA,3390,8.543,14.901
TERRA,3391,8.544,14.902
TERRA,3392,8.545,14.903
TERRA,3393,8.545,14.905
TERRA,3394,8.546,14.906
TERRA,3395,8.547,14.907
TERRA,3396,8.548,14.908
TERRA,3397,8.548,14.910
TERRA,3398,8.549,14.911
TERRA,3399,8.550,14.912
TERRA,3400,8.551,14.914
TERRA,3401,8.551,14.915
TERRA,3402,8.552,14.916
TERRA,3403,8.553,14.917
TERRA,3404,8.553,14.919
TERRA,3405,8.554,14.920
TERRA,3406,8.555,14.921
TERRA,3407,8.556,14.923
TERRA,3408,8.556,14.924
TERRA,3409,8.557,14.925
TERRA,3410,8.558,14.926
TERRA,3411,8.559,14.928
TERRA,3412,8.559,14.929
TERRA,3413,8.560,14.930
TERRA,3414,8.561,14.932
TERRA,3415,8.561,14.933
TERRA,3416,8.562,14.934
TERRA,3417,8.563,14.935
TERRA,3418,8.564,14.937
TERRA,3419,8.564,14.938
TERRA,3420,8.565,14.939
TERRA,3421,8.566,14.940
TERRA,3422,8.567,14.942
TERRA,3423,8.567,14.943
TERRA,3424,8.568,14.944
TERRA,3425,8.569,14.946
TERRA,3426,8.569,14.947
TERRA,3427,8.570,14.948
TERRA,3428,8.571,14.950
TERRA,3429,8.572,14.951
TERRA,3430,8.572,14.952
TERRA,3431,8.573,14.953
TERRA,3432,8.574,14.955
TERRA,3433,8.575,14.956
TERRA,3434,8.575,14.957
TERRA,3435,8.576,14.959
TERRA,3436,8.577,14.960
TERRA,3437,8.578,14.961
TERRA,3438,8.578,14.962
TERRA,3439,8.579,14.964
TERRA,3440,8.580,14.965
TERRA,3441,8.581,14.966
TERRA,3442,8.581,14.968
TERRA,3443,8.582,14.969
TERRA,3444,8.583,14.970
TERRA,3445,8.583,14.971
TERRA,3446,8.584,14.973
TERRA,3447,8.585,14.974
TERRA,3448,8.586,14.975
TERRA,3449,8.586,14.977
TERRA,3450,8.587,14.978
TERRA,3451,8.588,14.979
TERRA,3452,8.589,14.980
TERRA,3453,8.589,14.982
TERRA,3454,8.590,14.983
TERRA,3455,8.591,14.984
TERRA,3456,8.592,14.986
TERRA,3457,8.592,14.987
TERRA,3458,8.593,14.988
TERRA,3459,8.594,14.990
TERRA,3460,8.595,14.991
TERRA,3461,8.595,14.992
TERRA,3462,8.596,14.993
TERRA,3463,8.597,14.995
TERRA,3464,8.597,14.996
TERRA,3465,8.598,14.997
TERRA,3466,8.599,14.999
TERRA,3467,8.600,15.000
TERRA,3468,8.600,15.001
TERRA,3469,8.601,15.003
TERRA,3470,8.602,15.004
TERRA,3471,8.603,15.005
TERRA,3472,8.603,15.006
TERRA,3473,8.604,15.008
TERRA,3474,8.605,15.009
TERRA,3475,8.606,15.010
TERRA,3476,8.606,15.012
TERRA,3477,8.607,15.013
TERRA,3478,8.608,15.014
TERRA,3479,8.609,15.016
TERRA,3480,8.609,15.017
TERRA,3481,8.610,15.018
TERRA,3482,8.611,15.019
TERRA,3483,8.612,15.021
TERRA,3484,8.612,15.022
TERRA,3485,8.613,15.023
TERRA,3486,8.614,15.025
TERRA,3487,8.615,15.026
TERRA,3488,8.615,15.027
TERRA,3489,8.616,15.029
TERRA,3490,8.617,15.030
TERRA,3491,8.618,15.031
TERRA,3492,8.618,15.033
TERRA,3493,8.619,15.034
TERRA,3494,8.620,15.035
TERRA,3495,8.620,15.036
TERRA,3496,8.621,15.038
TERRA,3497,8.622,15.039
TERRA,3498,8.623,15.040
TERRA,3499,8.623,15.042
TERRA,3500,8.624,15.043
TERRA,3501,8.625,15.044
TERRA,3502,8.626,15.045
TERRA,3503,8.626,15.047
TERRA,3504,8.627,15.048
TERRA,3505,8.628,15.049
TERRA,3506,8.629,15.051
TERRA,3507,8.629,15.052
TERRA,3508,8.630,15.053
TERRA,3509,8.631,15.055
TERRA,3510,8.632,15.056
TERRA,3511,8.632,15.057
TERRA,3512,8.633,15.058
TERRA,3513,8.634,15.060
TERRA,3514,8.635,15.061
TERRA,3515,8.635,15.062
TERRA,3516,8.636,15.064
TERRA,3517,8.637,15.065
TERRA,3518,8.637,15.066
TERRA,3519,8.638,15.068
TERRA,3520,8.639,15.069
TERRA,3521,8.640,15.070
TERRA,3522,8.640,15.071
TERRA,3523,8.641,15.073
TERRA,3524,8.642,15.074
TERRA,3525,8.643,15.075
TERRA,3526,8.643,15.077
TERRA,3527,8.644,15.078
TERRA,3528,8.645,15.079
TERRA,3529,8.646,15.081
TERRA,3530,8.646,15.082
TERRA,3531,8.647,15.083
TERRA,3532,8.648,15.085
TERRA,3533,8.649,15.086
TERRA,3534,8.649,15.087
TERRA,3535,8.650,15.088
TERRA,3536,8.651,15.090
TERRA,3537,8.652,15.091
TERRA,3538,8.652,15.092
TERRA,3539,8.653,15.094
TERRA,3540,8.654,15.095
TERRA,3541,8.655,15.096
TERRA,3542,8.655,15.098
TERRA,3543,8.656,15.099
TERRA,3544,8.657,15.100
TERRA,3545,8.658,15.102
TERRA,3546,8.658,15.103
TERRA,3547,8.659,15.104
TERRA,3548,8.660,15.106
TERRA,3549,8.661,15.107
TERRA,3550,8.661,15.108
TERRA,3551,8.662,15.109
TERRA,3552,8.663,15.111
TERRA,3553,8.664,15.112
TERRA,3554,8.664,15.113
TERRA,3555,8.665,15.115
TERRA,3556,8.666,15.116
TERRA,3557,8.667,15.117
TERRA,3558,8.667,15.119
TERRA,3559,8.668,15.120
TERRA,3560,8.669,15.121
TERRA,3561,8.670,15.123
TERRA,3562,8.670,15.124
TERRA,3563,8.671,15.125
TERRA,3564,8.672,15.127
TERRA,3565,8.673,15.128
TERRA,3566,8.673,15.129
TERRA,3567,8.674,15.130
TERRA,3568,8.675,15.132
TERRA,3569,8.676,15.133
TERRA,3570,8.676,15.134
TERRA,3571,8.677,15.136
TERRA,3572,8.678,15.137
TERRA,3573,8.679,15.138
TERRA,3574,8.679,15.140
TERRA,3575,8.680,15.141
TERRA,3576,8.681,15.142
TERRA,3577,8.682,15.144
TERRA,3578,8.682,15.145
TERRA,3579,8.683,15.146
TERRA,3580,8.684,15.148
TERRA,3581,8.685,15.149
TERRA,3582,8.685,15.150
TERRA,3583,8.686,15.152
TERRA,3584,8.687,15.153
TERRA,3585,8.688,15.154
TERRA,3586,8.688,15.156
TERRA,3587,8.689,15.157
TERRA,3588,8.690,15.158
TERRA,3589,8.691,15.160
TERRA,3590,8.691,15.161
TERRA,3591,8.692,15.162
TERRA,3592,8.693,15.164
TERRA,3593,8.694,15.165
TERRA,3594,8.694,15.166
TERRA,3595,8.695,15.168
TERRA,3596,8.696,15.169
TERRA,3597,8.697,15.170
TERRA,3598,8.697,15.171
TERRA,3599,8.698,15.173
TERRA,3600,8.699,15.174
TERRA,3601,8.700,15.175
TERRA,3602,8.700,15.177
TERRA,3603,8.701,15.178
TERRA,3604,8.702,15.179
TERRA,3605,8.703,15.181
TERRA,3606,8.703,15.182
TERRA,3607,8.704,15.183
TERRA,3608,8.705,15.185
TERRA,3609,8.706,15.186
TERRA,3610,8.706,15.187
TERRA,3611,8.707,15.189
TERRA,3612,8.708,15.190
TERRA,3613,8.709,15.191
TERRA,3614,8.709,15.193
TERRA,3615,8.710,15.194
TERRA,3616,8.711,15.195
TERRA,3617,8.712,15.197
TERRA,3618,8.713,15.198
TERRA,3619,8.713,15.199
TERRA,3620,8.714,15.201
TERRA,3621,8.715,15.202
TERRA,3622,8.716,15.203
TERRA,3623,8.716,15.205
TERRA,3624,8.717,15.206
TERRA,3625,8.718,15.207
TERRA,3626,8.719,15.209
TERRA,3627,8.719,15.210
TERRA,3628,8.720,15.211
TERRA,3629,8.721,15.213
TERRA,3630,8.722,15.214
TERRA,3631,8.722,15.215
TERRA,3632,8.723,15.217
TERRA,3633,8.724,15.218
TERRA,3634,8.725,15.219
TERRA,3635,8.725,15.221
TERRA,3636,8.726,15.222
TERRA,3637,8.727,15.223
TERRA,3638,8.728,15.225
TERRA,3639,8.728,15.226
TERRA,3640,8.729,15.227
TERRA,3641,8.730,15.229
TERRA,3642,8.731,15.230
TERRA,3643,8.732,15.231
TERRA,3644,8.732,15.233
TERRA,3645,8.733,15.234
TERRA,3646,8.734,15.236
TERRA,3647,8.735,15.237
TERRA,3648,8.735,15.238
TERRA,3649,8.736,15.240
TERRA,3650,8.737,15.241
TERRA,3651,8.738,15.242
TERRA,3652,8.738,15.244
TERRA,3653,8.739,15.245
TERRA,3654,8.740,15.246
TERRA,3655,8.741,15.248
TERRA,3656,8.741,15.249
TERRA,3657,8.742,15.250
TERRA,3658,8.743,15.252
TERRA,3659,8.744,15.253
TERRA,3660,8.745,15.254
TERRA,3661,8.745,15.256
TERRA,3662,8.746,15.257
TERRA,3663,8.747,15.258
TERRA,3664,8.748,15.260
TERRA,3665,8.748,15.261
TERRA,3666,8.749,15.262
TERRA,3667,8.750,15.264
TERRA,3668,8.751,15.265
TERRA,3669,8.751,15.266
TERRA,3670,8.752,15.268
TERRA,3671,8.753,15.269
TERRA,3672,8.754,15.270
TERRA,3673,8.754,15.272
TERRA,3674,8.755,15.273
TERRA,3675,8.756,15.275
TERRA,3676,8.757,15.276
TERRA,3677,8.758,15.277
TERRA,3678,8.758,15.279
TERRA,3679,8.759,15.280
TERRA,3680,8.760,15.281
TERRA,3681,8.761,15.283
TERRA,3682,8.761,15.284
TERRA,3683,8.762,15.285
TERRA,3684,8.763,15.287
TERRA,3685,8.764,15.288
TERRA,3686,8.764,15.289
TERRA,3687,8.765,15.291
TERRA,3688,8.766,15.292
TERRA,3689,8.767,15.293
TERRA,3690,8.768,15.295
TERRA,3691,8.768,15.296
TERRA,3692,8.769,15.297
TERRA,3693,8.770,15.299
TERRA,3694,8.771,15.300
TERRA,3695,8.771,15.302
TERRA,3696,8.772,15.303
TERRA,3697,8.773,15.304
TERRA,3698,8.774,15.306
TERRA,3699,8.775,15.307
TERRA,3700,8.775,15.308
TERRA,3701,8.776,15.310
TERRA,3702,8.777,15.311
TERRA,3703,8.778,15.312
TERRA,3704,8.778,15.314
TERRA,3705,8.779,15.315
TERRA,3706,8.780,15.316
TERRA,3707,8.781,15.318
TERRA,3708,8.781,15.319
TERRA,3709,8.782,15.321
TERRA,3710,8.783,15.322
TERRA,3711,8.784,15.323
TERRA,3712,8.785,15.325
TERRA,3713,8.785,15.326
TERRA,3714,8.786,15.327
TERRA,3715,8.787,15.329
TERRA,3716,8.788,15.330
TERRA,3717,8.788,15.331
TERRA,3718,8.789,15.333
TERRA,3719,8.790,15.334
TERRA,3720,8.791,15.336
TERRA,3721,8.792,15.337
TERRA,3722,8.792,15.338
TERRA,3723,8.793,15.340
TERRA,3724,8.794,15.341
TERRA,3725,8.795,15.342
TERRA,3726,8.795,15.344
TERRA,3727,8.796,15.345
TERRA,3728,8.797,15.346
TERRA,3729,8.798,15.348
TERRA,3730,8.799,15.349
TERRA,3731,8.799,15.351
TERRA,3732,8.800,15.352
TERRA,3733,8.801,15.353
TERRA,3734,8.802,15.355
TERRA,3735,8.802,15.356
TERRA,3736,8.803,15.357
TERRA,3737,8.804,15.359
TERRA,3738,8.805,15.360
TERRA,3739,8.806,15.361
TERRA,3740,8.806,15.363
TERRA,3741,8.807,15.364
TERRA,3742,8.808,15.366
TERRA,3743,8.809,15.367
TERRA,3744,8.809,15.368
TERRA,3745,8.810,15.370
TERRA,3746,8.811,15.371
TERRA,3747,8.812,15.372
TERRA,3748,8.813,15.374
TERRA,3749,8.813,15.375
TERRA,3750,8.814,15.377
TERRA,3751,8.815,15.378
TERRA,3752,8.816,15.379
TERRA,3753,8.816,15.381
TERRA,3754,8.817,15.382
TERRA,3755,8.818,15.383
TERRA,3756,8.819,15.385
TERRA,3757,8.820,15.386
TERRA,3758,8.820,15.387
TERRA,3759,8.821,15.389
TERRA,3760,8.822,15.390
TERRA,3761,8.823,15.392
TERRA,3762,8.823,15.393
TERRA,3763,8.824,15.394
TERRA,3764,8.825,15.396
TERRA,3765,8.826,15.397
TERRA,3766,8.827,15.398
TERRA,3767,8.827,15.400
TERRA,3768,8.828,15.401
TERRA,3769,8.829,15.403
TERRA,3770,8.830,15.404
TERRA,3771,8.830,15.405
TERRA,3772,8.831,15.407
TERRA,3773,8.832,15.408
TERRA,3774,8.833,15.410
TERRA,3775,8.834,15.411
TERRA,3776,8.834,15.412
TERRA,3777,8.835,15.414
TERRA,3778,8.836,15.415
TERRA,3779,8.837,15.416
TERRA,3780,8.838,15.418
TERRA,3781,8.838,15.419
TERRA,3782,8.839,15.421
TERRA,3783,8.840,15.422
TERRA,3784,8.841,15.423
TERRA,3785,8.841,15.425
TERRA,3786,8.842,15.426
TERRA,3787,8.843,15.427
TERRA,3788,8.844,15.429
TERRA,3789,8.845,15.430
TERRA,3790,8.845,15.432
TERRA,3791,8.846,15.433
TERRA,3792,8.847,15.434
TERRA,3793,8.848,15.436
TERRA,3794,8.849,15.437
TERRA,3795,8.849,15.438
TERRA,3796,8.850,15.440
TERRA,3797,8.851,15.441
TERRA,3798,8.852,15.443
TERRA,3799,8.852,15.444
TERRA,3800,8.853,15.445
TERRA,3801,8.854,15.447
TERRA,3802,8.855,15.448
TERRA,3803,8.856,15.450
TERRA,3804,8.856,15.451
TERRA,3805,8.857,15.452
TERRA,3806,8.858,15.454
TERRA,3807,8.859,15.455
TERRA,3808,8.860,15.456
TERRA,3809,8.860,15.458
TERRA,3810,8.861,15.459
TERRA,3811,8.862,15.461
TERRA,3812,8.863,15.462
TERRA,3813,8.864,15.463
TERRA,3814,8.864,15.465
TERRA,3815,8.865,15.466
TERRA,3816,8.866,15.468
TERRA,3817,8.867,15.469
TERRA,3818,8.867,15.470
TERRA,3819,8.868,15.472
TERRA,3820,8.869,15.473
TERRA,3821,8.870,15.475
TERRA,3822,8.871,15.476
TERRA,3823,8.871,15.477
TERRA,3824,8.872,15.479
TERRA,3825,8.873,15.480
TERRA,3826,8.874,15.482
TERRA,3827,8.875,15.483
TERRA,3828,8.875,15.484
TERRA,3829,8.876,15.486
TERRA,3830,8.877,15.487
TERRA,3831,8.878,15.488
TERRA,3832,8.879,15.490
TERRA,3833,8.879,15.491
TERRA,3834,8.880,15.493
TERRA,3835,8.881,15.494
TERRA,3836,8.882,15.495
TERRA,3837,8.883,15.497
TERRA,3838,8.883,15.498
TERRA,3839,8.884,15.500
TERRA,3840,8.885,15.501
TERRA,3841,8.886,15.502
TERRA,3842,8.887,15.504
TERRA,3843,8.887,15.505
TERRA,3844,8.888,15.507
TERRA,3845,8.889,15.508
TERRA,3846,8.890,15.509
TERRA,3847,8.890,15.511
TERRA,3848,8.891,15.512
TERRA,3849,8.892,15.514
TERRA,3850,8.893,15.515
TERRA,3851,8.894,15.516
TERRA,3852,8.894,15.518
TERRA,3853,8.895,15.519
TERRA,3854,8.896,15.521
TERRA,3855,8.897,15.522
TERRA,3856,8.898,15.523
TERRA,3857,8.898,15.525
TERRA,3858,8.899,15.526
TERRA,3859,8.900,15.528
TERRA,3860,8.901,15.529
TERRA,3861,8.902,15.530
TERRA,3862,8.902,15.532
TERRA,3863,8.903,15.533
TERRA,3864,8.904,15.535
TERRA,3865,8.905,15.536
TERRA,3866,8.906,15.537
TERRA,3867,8.906,15.539
TERRA,3868,8.907,15.540
TERRA,3869,8.908,15.542
TERRA,3870,8.909,15.543
TERRA,3871,8.910,15.544
TERRA,3872,8.910,15.546
TERRA,3873,8.911,15.547
TERRA,3874,8.912,15.549
TERRA,3875,8.913,15.550
TERRA,3876,8.914,15.551
TERRA,3877,8.914,15.553
TERRA,3878,8.915,15.554
TERRA,3879,8.916,15.556
TERRA,3880,8.917,15.557
TERRA,3881,8.918,15.558
TERRA,3882,8.918,15.560
TERRA,3883,8.919,15.561
TERRA,3884,8.920,15.563
TERRA,3885,8.921,15.564
TERRA,3886,8.922,15.566
TERRA,3887,8.922,15.567
TERRA,3888,8.923,15.568
TERRA,3889,8.924,15.570
TERRA,3890,8.925,15.571
TERRA,3891,8.926,15.573
TERRA,3892,8.926,15.574
TERRA,3893,8.927,15.575
TERRA,3894,8.928,15.577
TERRA,3895,8.929,15.578
TERRA,3896,8.930,15.580
TERRA,3897,8.930,15.581
TERRA,3898,8.931,15.582
TERRA,3899,8.932,15.584
TERRA,3900,8.933,15.585
TERRA,3901,8.934,15.587
TERRA,3902,8.934,15.588
TERRA,3903,8.935,15.589
TERRA,3904,8.936,15.591
TERRA,3905,8.937,15.592
TERRA,3906,8.938,15.594
TERRA,3907,8.938,15.595
TERRA,3908,8.939,15.597
TERRA,3909,8.940,15.598
TERRA,3910,8.941,15.599
TERRA,3911,8.942,15.601
TERRA,3912,8.943,15.602
TERRA,3913,8.943,15.604
TERRA,3914,8.944,15.605
TERRA,3915,8.945,15.606
TERRA,3916,8.946,15.608
TERRA,3917,8.947,15.609
TERRA,3918,8.947,15.611
TERRA,3919,8.948,15.612
TERRA,3920,8.949,15.614
TERRA,3921,8.950,15.615
TERRA,3922,8.951,15.616
TERRA,3923,8.951,15.618
TERRA,3924,8.952,15.619
TERRA,3925,8.953,15.621
TERRA,3926,8.954,15.622
TERRA,3927,8.955,15.623
TERRA,3928,8.955,15.625
TERRA,3929,8.956,15.626
TERRA,3930,8.957,15.628
TERRA,3931,8.958,15.629
TERRA,3932,8.959,15.631
TERRA,3933,8.959,15.632
TERRA,3934,8.960,15.633
TERRA,3935,8.961,15.635
TERRA,3936,8.962,15.636
TERRA,3937,8.963,15.638
TERRA,3938,8.963,15.639
TERRA,3939,8.964,15.641
TERRA,3940,8.965,15.642
TERRA,3941,8.966,15.643
TERRA,3942,8.967,15.645
TERRA,3943,8.968,15.646
TERRA,3944,8.968,15.648
TERRA,3945,8.969,15.649
TERRA,3946,8.970,15.650
TERRA,3947,8.971,15.652
TERRA,3948,8.972,15.653
TERRA,3949,8.972,15.655
TERRA,3950,8.973,15.656
TERRA,3951,8.974,15.658
TERRA,3952,8.975,15.659
TERRA,3953,8.976,15.660
TERRA,3954,8.976,15.662
TERRA,3955,8.977,15.663
TERRA,3956,8.978,15.665
TERRA,3957,8.979,15.666
TERRA,3958,8.980,15.668
TERRA,3959,8.981,15.669
TERRA,3960,8.981,15.670
TERRA,3961,8.982,15.672
TERRA,3962,8.983,15.673
TERRA,3963,8.984,15.675
TERRA,3964,8.985,15.676
TERRA,3965,8.985,15.678
TERRA,3966,8.986,15.679
TERRA,3967,8.987,15.680
TERRA,3968,8.988,15.682
TERRA,3969,8.989,15.683
TERRA,3970,8.989,15.685
TERRA,3971,8.990,15.686
TERRA,3972,8.991,15.688
TERRA,3973,8.992,15.689
TERRA,3974,8.993,15.690
TERRA,3975,8.994,15.692
TERRA,3976,8.994,15.693
TERRA,3977,8.995,15.695
TERRA,3978,8.996,15.696
TERRA,3979,8.997,15.698
TERRA,3980,8.998,15.699
TERRA,3981,8.998,15.701
TERRA,3982,8.999,15.702
TERRA,3983,9.000,15.703
TERRA,3984,9.001,15.705
TERRA,3985,9.002,15.706
TERRA,3986,9.002,15.708
TERRA,3987,9.003,15.709
TERRA,3988,9.004,15.711
TERRA,3989,9.005,15.712
TERRA,3990,9.006,15.713
TERRA,3991,9.007,15.715
TERRA,3992,9.007,15.716
TERRA,3993,9.008,15.718
TERRA,3994,9.009,15.719
TERRA,3995,9.010,15.721
TERRA,3996,9.011,15.722
TERRA,3997,9.012,15.724
TERRA,3998,9.012,15.725
TERRA,3999,9.013,15.727
TERRA,4000,9.014,15.728
TERRA,4001,9.015,15.730
TERRA,4002,9.016,15.731
TERRA,4003,9.017,15.733
TERRA,4004,9.017,15.734
TERRA,4005,9.018,15.735
TERRA,4006,9.019,15.737
TERRA,4007,9.020,15.738
TERRA,4008,9.021,15.740
TERRA,4009,9.022,15.741
TERRA,4010,9.022,15.743
TERRA,4011,9.023,15.744
TERRA,4012,9.024,15.746
TERRA,4013,9.025,15.747
TERRA,4014,9.026,15.749
TERRA,4015,9.027,15.750
TERRA,4016,9.027,15.752
TERRA,4017,9.028,15.753
TERRA,4018,9.029,15.755
TERRA,4019,9.030,15.756
TERRA,4020,9.031,15.757
TERRA,4021,9.032,15.759
TERRA,4022,9.032,15.760
TERRA,4023,9.033,15.762
TERRA,4024,9.034,15.763
TERRA,4025,9.035,15.765
TERRA,4026,9.036,15.766
TERRA,4027,9.037,15.768
TERRA,4028,9.037,15.769
TERRA,4029,9.038,15.771
TERRA,4030,9.039,15.772
TERRA,4031,9.040,15.774
TERRA,4032,9.041,15.775
TERRA,4033,9.042,15.777
TERRA,4034,9.043,15.778
TERRA,4035,9.043,15.780
TERRA,4036,9.044,15.781
TERRA,4037,9.045,15.782
TERRA,4038,9.046,15.784
TERRA,4039,9.047,15.785
TERRA,4040,9.048,15.787
TERRA,4041,9.048,15.788
TERRA,4042,9.049,15.790
TERRA,4043,9.050,15.791
TERRA,4044,9.051,15.793
TERRA,4045,9.052,15.794
TERRA,4046,9.053,15.796
TERRA,4047,9.053,15.797
TERRA,4048,9.054,15.799
TERRA,4049,9.055,15.800
TERRA,4050,9.056,15.802
TERRA,4051,9.057,15.803
TERRA,4052,9.058,15.805
TERRA,4053,9.058,15.806
TERRA,4054,9.059,15.808
TERRA,4055,9.060,15.809
TERRA,4056,9.061,15.811
TERRA,4057,9.062,15.812
TERRA,4058,9.063,15.813
TERRA,4059,9.063,15.815
TERRA,4060,9.064,15.816
TERRA,4061,9.065,15.818
TERRA,4062,9.066,15.819
TERRA,4063,9.067,15.821
TERRA,4064,9.068,15.822
TERRA,4065,9.069,15.824
TERRA,4066,9.069,15.825
TERRA,4067,9.070,15.827
TERRA,4068,9.071,15.828
TERRA,4069,9.072,15.830
TERRA,4070,9.073,15.831
TERRA,4071,9.074,15.833
TERRA,4072,9.074,15.834
TERRA,4073,9.075,15.836
TERRA,4074,9.076,15.837
TERRA,4075,9.077,15.839
TERRA,4076,9.078,15.840
TERRA,4077,9.079,15.842
TERRA,4078,9.080,15.843
TERRA,4079,9.080,15.845
TERRA,4080,9.081,15.846
TERRA,4081,9.082,15.848
TERRA,4082,9.083,15.849
TERRA,4083,9.084,15.851
TERRA,4084,9.085,15.852
TERRA,4085,9.086,15.854
TERRA,4086,9.087,15.856
TERRA,4087,9.087,15.857
TERRA,4088,9.088,15.859
TERRA,4089,9.089,15.860
TERRA,4090,9.090,15.862
TERRA,4091,9.091,15.863
TERRA,4092,9.092,15.865
TERRA,4093,9.093,15.866
TERRA,4094,9.094,15.868
TERRA,4095,9.095,15.869
TERRA,4096,9.095,15.871
TERRA,4097,9.096,15.873
TERRA,4098,9.097,15.874
TERRA,4099,9.098,15.876
TERRA,4100,9.099,15.877
TERRA,4101,9.100,15.879
TERRA,4102,9.101,15.880
TERRA,4103,9.102,15.882
TERRA,4104,9.102,15.883
TERRA,4105,9.103,15.885
TERRA,4106,9.104,15.887
TERRA,4107,9.105,15.888
TERRA,4108,9.106,15.890
TERRA,4109,9.107,15.891
TERRA,4110,9.108,15.893
TERRA,4111,9.109,15.894
TERRA,4112,9.110,15.896
TERRA,4113,9.110,15.897
TERRA,4114,9.111,15.899
TERRA,4115,9.112,15.901
TERRA,4116,9.113,15.902
TERRA,4117,9.114,15.904
TERRA,4118,9.115,15.905
TERRA,4119,9.116,15.907
TERRA,4120,9.117,15.908
TERRA,4121,9.117,15.910
TERRA,4122,9.118,15.911
TERRA,4123,9.119,15.913
TERRA,4124,9.120,15.915
TERRA,4125,9.121,15.916
TERRA,4126,9.122,15.918
TERRA,4127,9.123,15.919
TERRA,4128,9.124,15.921
TERRA,4129,9.125,15.922
TERRA,4130,9.125,15.924
TERRA,4131,9.126,15.925
TERRA,4132,9.127,15.927
TERRA,4133,9.128,15.929
TERRA,4134,9.129,15.930
TERRA,4135,9.130,15.932
TERRA,4136,9.131,15.933
TERRA,4137,9.132,15.935
TERRA,4138,9.133,15.936
TERRA,4139,9.133,15.938
TERRA,4140,9.134,15.939
TERRA,4141,9.135,15.941
TERRA,4142,9.136,15.943
TERRA,4143,9.137,15.944
TERRA,4144,9.138,15.946
TERRA,4145,9.139,15.947
TERRA,4146,9.140,15.949
TERRA,4147,9.141,15.950
TERRA,4148,9.141,15.952
TERRA,4149,9.142,15.954
TERRA,4150,9.143,15.955
TERRA,4151,9.144,15.957
TERRA,4152,9.145,15.958
TERRA,4153,9.146,15.960
TERRA,4154,9.147,15.961
TERRA,4155,9.148,15.963
TERRA,4156,9.149,15.964
TERRA,4157,9.149,15.966
TERRA,4158,9.150,15.968
TERRA,4159,9.151,15.969
TERRA,4160,9.152,15.971
TERRA,4161,9.153,15.972
TERRA,4162,9.154,15.974
TERRA,4163,9.155,15.975
TERRA,4164,9.156,15.977
TERRA,4165,9.157,15.979
TERRA,4166,9.157,15.980
TERRA,4167,9.158,15.982
TERRA,4168,9.159,15.983
TERRA,4169,9.160,15.985
TERRA,4170,9.161,15.986
TERRA,4171,9.162,15.988
TERRA,4172,9.163,15.990
TERRA,4173,9.164,15.991
TERRA,4174,9.165,15.993
TERRA,4175,9.165,15.994
TERRA,4176,9.166,15.996
TERRA,4177,9.167,15.997
TERRA,4178,9.168,15.999
TERRA,4179,9.169,16.001
TERRA,4180,9.170,16.002
TERRA,4181,9.171,16.004
TERRA,4182,9.172,16.005
TERRA,4183,9.173,16.007
TERRA,4184,9.173,16.008
TERRA,4185,9.174,16.010
TERRA,4186,9.175,16.012
TERRA,4187,9.176,16.013
TERRA,4188,9.177,16.015
TERRA,4189,9.178,16.016
TERRA,4190,9.179,16.018
TERRA,4191,9.180,16.019
TERRA,4192,9.181,16.021
TERRA,4193,9.182,16.023
TERRA,4194,9.182,16.024
TERRA,4195,9.183,16.026
TERRA,4196,9.184,16.027
TERRA,4197,9.185,16.029
TERRA,4198,9.186,16.030
TERRA,4199,9.187,16.032
TERRA,4200,9.188,16.034
TERRA,4201,9.189,16.035
TERRA,4202,9.190,16.037
TERRA,4203,9.190,16.038
TERRA,4204,9.191,16.040
TERRA,4205,9.192,16.041
TERRA,4206,9.193,16.043
TERRA,4207,9.194,16.045
TERRA,4208,9.195,16.046
TERRA,4209,9.196,16.048
TERRA,4210,9.197,16.049
TERRA,4211,9.198,16.051
TERRA,4212,9.199,16.052
TERRA,4213,9.199,16.054
TERRA,4214,9.200,16.056
TERRA,4215,9.201,16.057
TERRA,4216,9.202,16.059
TERRA,4217,9.203,16.060
TERRA,4218,9.204,16.062
TERRA,4219,9.205,16.063
TERRA,4220,9.206,16.065
TERRA,4221,9.207,16.067
TERRA,4222,9.207,16.068
TERRA,4223,9.208,16.070
TERRA,4224,9.209,16.071
TERRA,4225,9.210,16.073
TERRA,4226,9.211,16.075
TERRA,4227,9.212,16.076
TERRA,4228,9.213,16.078
TERRA,4229,9.214,16.079
TERRA,4230,9.215,16.081
TERRA,4231,9.216,16.082
TERRA,4232,9.216,16.084
TERRA,4233,9.217,16.086
TERRA,4234,9.218,16.087
TERRA,4235,9.219,16.089
TERRA,4236,9.220,16.090
TERRA,4237,9.221,16.092
TERRA,4238,9.222,16.094
TERRA,4239,9.223,16.095
TERRA,4240,9.224,16.097
TERRA,4241,9.225,16.098
TERRA,4242,9.225,16.100
TERRA,4243,9.226,16.101
TERRA,4244,9.227,16.103
TERRA,4245,9.228,16.105
TERRA,4246,9.229,16.106
TERRA,4247,9.230,16.108
TERRA,4248,9.231,16.109
TERRA,4249,9.232,16.111
TERRA,4250,9.233,16.113
TERRA,4251,9.234,16.114
TERRA,4252,9.234,16.116
TERRA,4253,9.235,16.117
TERRA,4254,9.236,16.119
TERRA,4255,9.237,16.120
TERRA,4256,9.238,16.122
TERRA,4257,9.239,16.124
TERRA,4258,9.240,16.125
TERRA,4259,9.241,16.127
TERRA,4260,9.242,16.128
TERRA,4261,9.243,16.130
TERRA,4262,9.243,16.132
TERRA,4263,9.244,16.133
TERRA,4264,9.245,16.135
TERRA,4265,9.246,16.136
TERRA,4266,9.247,16.138
TERRA,4267,9.248,16.140
TERRA,4268,9.249,16.141
TERRA,4269,9.250,16.143
TERRA,4270,9.251,16.144
TERRA,4271,9.252,16.146
TERRA,4272,9.253,16.147
TERRA,4273,9.253,16.149
TERRA,4274,9.254,16.151
TERRA,4275,9.255,16.152
TERRA,4276,9.256,16.154
TERRA,4277,9.257,16.155
TERRA,4278,9.258,16.157
TERRA,4279,9.259,16.159
TERRA,4280,9.260,16.160
TERRA,4281,9.261,16.162
TERRA,4282,9.262,16.163
TERRA,4283,9.262,16.165
TERRA,4284,9.263,16.167
TERRA,4285,9.264,16.168
TERRA,4286,9.265,16.170
TERRA,4287,9.266,16.171
TERRA,4288,9.267,16.173
TERRA,4289,9.268,16.175
TERRA,4290,9.269,16.176
TERRA,4291,9.270,16.178
TERRA,4292,9.271,16.179
TERRA,4293,9.272,16.181
TERRA,4294,9.272,16.182
TERRA,4295,9.273,16.184
TERRA,4296,9.274,16.186
TERRA,4297,9.275,16.187
TERRA,4298,9.276,16.189
TERRA,4299,9.277,16.190
TERRA,4300,9.278,16.192
TERRA,4301,9.279,16.194
TERRA,4302,9.280,16.195
TERRA,4303,9.281,16.197
TERRA,4304,9.281,16.198
TERRA,4305,9.282,16.200
TERRA,4306,9.283,16.202
TERRA,4307,9.284,16.203
TERRA,4308,9.285,16.205
TERRA,4309,9.286,16.206
TERRA,4310,9.287,16.208
TERRA,4311,9.288,16.210
TERRA,4312,9.289,16.211
TERRA,4313,9.290,16.213
TERRA,4314,9.291,16.214
TERRA,4315,9.291,16.216
TERRA,4316,9.292,16.218
TERRA,4317,9.293,16.219
TERRA,4318,9.294,16.221
TERRA,4319,9.295,16.222
TERRA,4320,9.296,16.224
TERRA,4321,9.297,16.226
TERRA,4322,9.298,16.227
TERRA,4323,9.299,16.229
TERRA,4324,9.300,16.230
TERRA,4325,9.301,16.232
TERRA,4326,9.301,16.234
TERRA,4327,9.302,16.235
TERRA,4328,9.303,16.237
TERRA,4329,9.304,16.238
TERRA,4330,9.305,16.240
TERRA,4331,9.306,16.242
TERRA,4332,9.307,16.243
TERRA,4333,9.308,16.245
TERRA,4334,9.309,16.246
TERRA,4335,9.310,16.248
TERRA,4336,9.311,16.250
TERRA,4337,9.311,16.251
TERRA,4338,9.312,16.253
TERRA,4339,9.313,16.254
TERRA,4340,9.314,16.256
TERRA,4341,9.315,16.258
TERRA,4342,9.316,16.259
TERRA,4343,9.317,16.261
TERRA,4344,9.318,16.262
TERRA,4345,9.319,16.264
TERRA,4346,9.320,16.266
TERRA,4347,9.321,16.267
TERRA,4348,9.322,16.269
TERRA,4349,9.322,16.271
TERRA,4350,9.323,16.272
TERRA,4351,9.324,16.274
TERRA,4352,9.325,16.275
TERRA,4353,9.326,16.277
TERRA,4354,9.327,16.279
TERRA,4355,9.328,16.280
TERRA,4356,9.329,16.282
TERRA,4357,9.330,16.283
TERRA,4358,9.331,16.285
TERRA,4359,9.332,16.287
TERRA,4360,9.332,16.288
TERRA,4361,9.333,16.290
TERRA,4362,9.334,16.291
TERRA,4363,9.335,16.293
TERRA,4364,9.336,16.295
TERRA,4365,9.337,16.296
TERRA,4366,9.338,16.298
TERRA,4367,9.339,16.299
TERRA,4368,9.340,16.301
TERRA,4369,9.341,16.303
TERRA,4370,9.342,16.304
TERRA,4371,9.343,16.306
TERRA,4372,9.343,16.308
TERRA,4373,9.344,16.309
TERRA,4374,9.345,16.311
TERRA,4375,9.346,16.312
TERRA,4376,9.347,16.314
TERRA,4377,9.348,16.316
TERRA,4378,9.349,16.317
TERRA,4379,9.350,16.319
TERRA,4380,9.351,16.320
TERRA,4381,9.352,16.322
TERRA,4382,9.353,16.324
TERRA,4383,9.354,16.325
TERRA,4384,9.354,16.327
TERRA,4385,9.355,16.328
TERRA,4386,9.356,16.330
TERRA,4387,9.357,16.332
TERRA,4388,9.358,16.333
TERRA,4389,9.359,16.335
TERRA,4390,9.360,16.337
TERRA,4391,9.361,16.338
TERRA,4392,9.362,16.340
TERRA,4393,9.363,16.341
TERRA,4394,9.364,16.343
TERRA,4395,9.365,16.345
TERRA,4396,9.365,16.346
TERRA,4397,9.366,16.348
TERRA,4398,9.367,16.349
TERRA,4399,9.368,16.351
TERRA,4400,9.369,16.353
TERRA,4401,9.370,16.354
TERRA,4402,9.371,16.356
TERRA,4403,9.372,16.358
TERRA,4404,9.373,16.359
TERRA,4405,9.374,16.361
TERRA,4406,9.375,16.362
TERRA,4407,9.376,16.364
TERRA,4408,9.376,16.366
TERRA,4409,9.377,16.367
TERRA,4410,9.378,16.369
TERRA,4411,9.379,16.371
TERRA,4412,9.380,16.372
TERRA,4413,9.381,16.374
TERRA,4414,9.382,16.375
TERRA,4415,9.383,16.377
TERRA,4416,9.384,16.379
TERRA,4417,9.385,16.380
TERRA,4418,9.386,16.382
TERRA,4419,9.387,16.383
TERRA,4420,9.388,16.385
TERRA,4421,9.388,16.387
TERRA,4422,9.389,16.388
TERRA,4423,9.390,16.390
TERRA,4424,9.391,16.392
TERRA,4425,9.392,16.393
TERRA,4426,9.393,16.395
TERRA,4427,9.394,16.396
TERRA,4428,9.395,16.398
TERRA,4429,9.396,16.399
TERRA,4430,9.397,16.401
TERRA,4431,9.397,16.402
TERRA,4432,9.398,16.404
TERRA,4433,9.399,16.405
TERRA,4434,9.400,16.407
TERRA,4435,9.401,16.408
TERRA,4436,9.402,16.410
TERRA,4437,9.402,16.411
TERRA,4438,9.403,16.413
TERRA,4439,9.404,16.414
TERRA,4440,9.405,16.416
TERRA,4441,9.406,16.417
TERRA,4442,9.407,16.419
TERRA,4443,9.407,16.420
TERRA,4444,9.408,16.422
TERRA,4445,9.409,16.423
TERRA,4446,9.410,16.425
TERRA,4447,9.411,16.426
TERRA,4448,9.412,16.428
TERRA,4449,9.413,16.429
TERRA,4450,9.413,16.431
TERRA,4451,9.414,16.432
TERRA,4452,9.415,16.434
TERRA,4453,9.416,16.435
TERRA,4454,9.417,16.437
TERRA,4455,9.418,16.438
TERRA,4456,9.418,16.440
TERRA,4457,9.419,16.441
TERRA,4458,9.420,16.443
TERRA,4459,9.421,16.444
TERRA,4460,9.422,16.446
TERRA,4461,9.423,16.447
TERRA,4462,9.424,16.448
TERRA,4463,9.424,16.450
TERRA,4464,9.425,16.451
TERRA,4465,9.426,16.453
TERRA,4466,9.427,16.454
TERRA,4467,9.428,16.456
TERRA,4468,9.429,16.457
TERRA,4469,9.429,16.459
TERRA,4470,9.430,16.460
TERRA,4471,9.431,16.462
TERRA,4472,9.432,16.463
TERRA,4473,9.433,16.465
TERRA,4474,9.434,16.466
TERRA,4475,9.435,16.468
TERRA,4476,9.435,16.469
TERRA,4477,9.436,16.471
TERRA,4478,9.437,16.472
TERRA,4479,9.438,16.474
TERRA,4480,9.439,16.475
TERRA,4481,9.440,16.477
TERRA,4482,9.440,16.478
TERRA,4483,9.441,16.479
TERRA,4484,9.441,16.480
TERRA,4485,9.442,16.481
TERRA,4486,9.443,16.482
TERRA,4487,9.443,16.483
TERRA,4488,9.444,16.485
TERRA,4489,9.445,16.486
TERRA,4490,9.445,16.487
TERRA,4491,9.446,16.488
TERRA,4492,9.447,16.489
TERRA,4493,9.447,16.490
TERRA,4494,9.448,16.491
TERRA,4495,9.449,16.493
TERRA,4496,9.449,16.494
TERRA,4497,9.450,16.495
TERRA,4498,9.450,16.496
TERRA,4499,9.451,16.497
TERRA,4500,9.452,16.498
TERRA,4501,9.452,16.499
TERRA,4502,9.453,16.500
TERRA,4503,9.454,16.502
TERRA,4504,9.454,16.503
TERRA,4505,9.455,16.504
TERRA,4506,9.456,16.505
TERRA,4507,9.456,16.506
TERRA,4508,9.457,16.507
TERRA,4509,9.458,16.508
TERRA,4510,9.458,16.510
TERRA,4511,9.459,16.511
TERRA,4512,9.459,16.512
TERRA,4513,9.460,16.513
TERRA,4514,9.461,16.514
TERRA,4515,9.461,16.515
TERRA,4516,9.462,16.516
TERRA,4517,9.463,16.517
TERRA,4518,9.463,16.519
TERRA,4519,9.464,16.520
TERRA,4520,9.465,16.521
TERRA,4521,9.465,16.522
TERRA,4522,9.466,16.523
TERRA,4523,9.467,16.524
TERRA,4524,9.467,16.525
TERRA,4525,9.468,16.527
TERRA,4526,9.469,16.528
TERRA,4527,9.469,16.529
TERRA,4528,9.470,16.530
TERRA,4529,9.470,16.531
TERRA,4530,9.471,16.532
TERRA,4531,9.472,16.533
TERRA,4532,9.472,16.535
TERRA,4533,9.473,16.536
TERRA,4534,9.474,16.537
TERRA,4535,9.474,16.538
TERRA,4536,9.475,16.539
TERRA,4537,9.476,16.540
TERRA,4538,9.476,16.541
TERRA,4539,9.477,16.543
TERRA,4540,9.478,16.544
TERRA,4541,9.478,16.545
TERRA,4542,9.479,16.546
TERRA,4543,9.480,16.547
TERRA,4544,9.480,16.548
TERRA,4545,9.481,16.549
TERRA,4546,9.481,16.551
TERRA,4547,9.482,16.552
TERRA,4548,9.483,16.553
TERRA,4549,9.483,16.554
TERRA,4550,9.484,16.555
TERRA,4551,9.485,16.556
TERRA,4552,9.485,16.557
TERRA,4553,9.486,16.559
TERRA,4554,9.487,16.560
TERRA,4555,9.487,16.561
TERRA,4556,9.488,16.562
TERRA,4557,9.489,16.563
TERRA,4558,9.489,16.564
TERRA,4559,9.490,16.566
TERRA,4560,9.491,16.567
TERRA,4561,9.491,16.568
TERRA,4562,9.492,16.569
TERRA,4563,9.493,16.570
TERRA,4564,9.493,16.571
TERRA,4565,9.494,16.572
TERRA,4566,9.495,16.574
TERRA,4567,9.495,16.575
TERRA,4568,9.496,16.576
TERRA,4569,9.497,16.577
TERRA,4570,9.497,16.578
TERRA,4571,9.498,16.579
TERRA,4572,9.498,16.581
TERRA,4573,9.499,16.582
TERRA,4574,9.500,16.583
TERRA,4575,9.500,16.584
TERRA,4576,9.501,16.585
TERRA,4577,9.502,16.586
TERRA,4578,9.502,16.587
TERRA,4579,9.503,16.589
TERRA,4580,9.504,16.590
TERRA,4581,9.504,16.591
TERRA,4582,9.505,16.592
TERRA,4583,9.506,16.593
TERRA,4584,9.506,16.594
TERRA,4585,9.507,16.596
TERRA,4586,9.508,16.597
TERRA,4587,9.508,16.598
TERRA,4588,9.509,16.599
TERRA,4589,9.510,16.600
TERRA,4590,9.510,16.601
TERRA,4591,9.511,16.602
TERRA,4592,9.512,16.604
TERRA,4593,9.512,16.605
TERRA,4594,9.513,16.606
TERRA,4595,9.514,16.607
TERRA,4596,9.514,16.608
TERRA,4597,9.515,16.609
TERRA,4598,9.516,16.611
TERRA,4599,9.516,16.612
TERRA,4600,9.517,16.613
TERRA,4601,9.518,16.614
TERRA,4602,9.518,16.615
TERRA,4603,9.519,16.616
TERRA,4604,9.520,16.618
TERRA,4605,9.520,16.619
TERRA,4606,9.521,16.620
TERRA,4607,9.522,16.621
TERRA,4608,9.522,16.622
TERRA,4609,9.523,16.623
TERRA,4610,9.524,16.625
TERRA,4611,9.524,16.626
TERRA,4612,9.525,16.627
TERRA,4613,9.525,16.628
TERRA,4614,9.526,16.629
TERRA,4615,9.527,16.630
TERRA,4616,9.527,16.632
TERRA,4617,9.528,16.633
TERRA,4618,9.529,16.634
TERRA,4619,9.529,16.635
TERRA,4620,9.530,16.636
TERRA,4621,9.531,16.637
TERRA,4622,9.531,16.639
TERRA,4623,9.532,16.640
TERRA,4624,9.533,16.641
TERRA,4625,9.533,16.642
TERRA,4626,9.534,16.643
TERRA,4627,9.535,16.644
TERRA,4628,9.535,16.646
TERRA,4629,9.536,16.647
TERRA,4630,9.537,16.648
TERRA,4631,9.537,16.649
TERRA,4632,9.538,16.650
TERRA,4633,9.539,16.651
TERRA,4634,9.539,16.653
TERRA,4635,9.540,16.654
TERRA,4636,9.541,16.655
TERRA,4637,9.541,16.656
TERRA,4638,9.542,16.657
TERRA,4639,9.543,16.659
TERRA,4640,9.543,16.660
TERRA,4641,9.544,16.661
TERRA,4642,9.545,16.662
TERRA,4643,9.545,16.663
TERRA,4644,9.546,16.664
TERRA,4645,9.547,16.666
TERRA,4646,9.547,16.667
TERRA,4647,9.548,16.668
TERRA,4648,9.549,16.669
TERRA,4649,9.549,16.670
TERRA,4650,9.550,16.671
TERRA,4651,9.551,16.673
TERRA,4652,9.551,16.674
TERRA,4653,9.552,16.675
TERRA,4654,9.553,16.676
TERRA,4655,9.553,16.677
TERRA,4656,9.554,16.679
TERRA,4657,9.555,16.680
TERRA,4658,9.555,16.681
TERRA,4659,9.556,16.682
TERRA,4660,9.557,16.683
TERRA,4661,9.557,16.684
TERRA,4662,9.558,16.686
TERRA,4663,9.559,16.687
TERRA,4664,9.559,16.688
TERRA,4665,9.560,16.689
TERRA,4666,9.561,16.690
TERRA,4667,9.561,16.692
TERRA,4668,9.562,16.693
TERRA,4669,9.563,16.694
TERRA,4670,9.564,16.695
TERRA,4671,9.564,16.696
TERRA,4672,9.565,16.697
TERRA,4673,9.566,16.699
TERRA,4674,9.566,16.700
TERRA,4675,9.567,16.701
TERRA,4676,9.568,16.702
TERRA,4677,9.568,16.703
TERRA,4678,9.569,16.705
TERRA,4679,9.570,16.706
TERRA,4680,9.570,16.707
TERRA,4681,9.571,16.708
TERRA,4682,9.572,16.709
TERRA,4683,9.572,16.710
TERRA,4684,9.573,16.712
TERRA,4685,9.574,16.713
TERRA,4686,9.574,16.714
TERRA,4687,9.575,16.715
TERRA,4688,9.576,16.716
TERRA,4689,9.576,16.718
TERRA,4690,9.577,16.719
TERRA,4691,9.578,16.720
TERRA,4692,9.578,16.721
TERRA,4693,9.579,16.722
TERRA,4694,9.580,16.724
TERRA,4695,9.580,16.725
TERRA,4696,9.581,16.726
TERRA,4697,9.582,16.727
TERRA,4698,9.582,16.728
TERRA,4699,9.583,16.729
TERRA,4700,9.584,16.731
TERRA,4701,9.584,16.732
TERRA,4702,9.585,16.733
TERRA,4703,9.586,16.734
TERRA,4704,9.586,16.735
TERRA,4705,9.587,16.737
TERRA,4706,9.588,16.738
TERRA,4707,9.588,16.739
TERRA,4708,9.589,16.740
TERRA,4709,9.590,16.741
TERRA,4710,9.591,16.743
TERRA,4711,9.591,16.744
TERRA,4712,9.592,16.745
TERRA,4713,9.593,16.746
TERRA,4714,9.593,16.747
TERRA,4715,9.594,16.749
TERRA,4716,9.595,16.750
TERRA,4717,9.595,16.751
TERRA,4718,9.596,16.752
TERRA,4719,9.597,16.753
TERRA,4720,9.597,16.755
TERRA,4721,9.598,16.756
TERRA,4722,9.599,16.757
TERRA,4723,9.599,16.758
TERRA,4724,9.600,16.759
TERRA,4725,9.601,16.761
TERRA,4726,9.601,16.762
TERRA,4727,9.602,16.763
TERRA,4728,9.603,16.764
TERRA,4729,9.603,16.765
TERRA,4730,9.604,16.767
TERRA,4731,9.605,16.768
TERRA,4732,9.605,16.769
TERRA,4733,9.606,16.770
TERRA,4734,9.607,16.771
TERRA,4735,9.608,16.773
TERRA,4736,9.608,16.774
TERRA,4737,9.609,16.775
TERRA,4738,9.610,16.776
TERRA,4739,9.610,16.777
TERRA,4740,9.611,16.779
TERRA,4741,9.612,16.780
TERRA,4742,9.612,16.781
TERRA,4743,9.613,16.782
TERRA,4744,9.614,16.783
TERRA,4745,9.614,16.785
TERRA,4746,9.615,16.786
TERRA,4747,9.616,16.787
TERRA,4748,9.616,16.788
TERRA,4749,9.617,16.789
TERRA,4750,9.618,16.791
TERRA,4751,9.618,16.792
TERRA,4752,9.619,16.793
TERRA,4753,9.620,16.794
TERRA,4754,9.620,16.795
TERRA,4755,9.621,16.797
TERRA,4756,9.622,16.798
TERRA,4757,9.623,16.799
TERRA,4758,9.623,16.800
TERRA,4759,9.624,16.801
TERRA,4760,9.625,16.803
TERRA,4761,9.625,16.804
TERRA,4762,9.626,16.805
TERRA,4763,9.627,16.806
TERRA,4764,9.627,16.808
TERRA,4765,9.628,16.809
TERRA,4766,9.629,16.810
TERRA,4767,9.629,16.811
TERRA,4768,9.630,16.812
TERRA,4769,9.631,16.814
TERRA,4770,9.631,16.815
TERRA,4771,9.632,16.816
TERRA,4772,9.633,16.817
TERRA,4773,9.634,16.818
TERRA,4774,9.634,16.820
TERRA,4775,9.635,16.821
TERRA,4776,9.636,16.822
TERRA,4777,9.636,16.823
TERRA,4778,9.637,16.824
TERRA,4779,9.638,16.826
TERRA,4780,9.638,16.827
TERRA,4781,9.639,16.828
TERRA,4782,9.640,16.829
TERRA,4783,9.640,16.831
TERRA,4784,9.641,16.832
TERRA,4785,9.642,16.833
TERRA,4786,9.642,16.834
TERRA,4787,9.643,16.835
TERRA,4788,9.644,16.837
TERRA,4789,9.645,16.838
TERRA,4790,9.645,16.839
TERRA,4791,9.646,16.841
TERRA,4792,9.647,16.842
TERRA,4793,9.648,16.844
TERRA,4794,9.649,16.845
TERRA,4795,9.650,16.847
TERRA,4796,9.650,16.848
TERRA,4797,9.651,16.850
TERRA,4798,9.652,16.851
TERRA,4799,9.653,16.853
TERRA,4800,9.654,16.854
TERRA,4801,9.655,16.856
TERRA,4802,9.656,16.857
TERRA,4803,9.657,16.859
TERRA,4804,9.657,16.861
TERRA,4805,9.658,16.862
TERRA,4806,9.659,16.864
TERRA,4807,9.660,16.865
TERRA,4808,9.661,16.867
TERRA,4809,9.662,16.868
TERRA,4810,9.663,16.870
TERRA,4811,9.664,16.871
TERRA,4812,9.664,16.873
TERRA,4813,9.665,16.875
TERRA,4814,9.666,16.876
TERRA,4815,9.667,16.878
TERRA,4816,9.668,16.879
TERRA,4817,9.669,16.881
TERRA,4818,9.670,16.882
TERRA,4819,9.671,16.884
TERRA,4820,9.672,16.885
TERRA,4821,9.672,16.887
TERRA,4822,9.673,16.888
TERRA,4823,9.674,16.890
TERRA,4824,9.675,16.892
TERRA,4825,9.676,16.893
TERRA,4826,9.677,16.895
TERRA,4827,9.678,16.896
TERRA,4828,9.679,16.898
TERRA,4829,9.679,16.899
TERRA,4830,9.680,16.901
TERRA,4831,9.681,16.902
TERRA,4832,9.682,16.904
TERRA,4833,9.683,16.906
TERRA,4834,9.684,16.907
TERRA,4835,9.685,16.909
TERRA,4836,9.686,16.910
TERRA,4837,9.686,16.912
TERRA,4838,9.687,16.913
TERRA,4839,9.688,16.915
TERRA,4840,9.689,16.916
TERRA,4841,9.690,16.918
TERRA,4842,9.691,16.920
TERRA,4843,9.692,16.921
TERRA,4844,9.693,16.923
TERRA,4845,9.694,16.924
TERRA,4846,9.694,16.926
TERRA,4847,9.695,16.927
TERRA,4848,9.696,16.929
TERRA,4849,9.697,16.930
TERRA,4850,9.698,16.932
TERRA,4851,9.699,16.934
TERRA,4852,9.700,16.935
TERRA,4853,9.701,16.937
TERRA,4854,9.701,16.938
TERRA,4855,9.702,16.940
TERRA,4856,9.703,16.941
TERRA,4857,9.704,16.943
TERRA,4858,9.705,16.944
TERRA,4859,9.706,16.946
TERRA,4860,9.707,16.948
TERRA,4861,9.708,16.949
TERRA,4862,9.709,16.951
TERRA,4863,9.709,16.952
TERRA,4864,9.710,16.954
TERRA,4865,9.711,16.955
TERRA,4866,9.712,16.957
TERRA,4867,9.713,16.959
TERRA,4868,9.714,16.960
TERRA,4869,9.715,16.962
TERRA,4870,9.716,16.963
TERRA,4871,9.717,16.965
TERRA,4872,9.718,16.966
TERRA,4873,9.718,16.968
TERRA,4874,9.719,16.970
TERRA,4875,9.720,16.971
TERRA,4876,9.721,16.973
TERRA,4877,9.722,16.974
TERRA,4878,9.723,16.976
TERRA,4879,9.724,16.977
TERRA,4880,9.725,16.979
TERRA,4881,9.726,16.981
TERRA,4882,9.726,16.982
TERRA,4883,9.727,16.984
TERRA,4884,9.728,16.985
TERRA,4885,9.729,16.987
TERRA,4886,9.730,16.988
TERRA,4887,9.731,16.990
TERRA,4888,9.732,16.992
TERRA,4889,9.733,16.993
TERRA,4890,9.734,16.995
TERRA,4891,9.734,16.996
TERRA,4892,9.735,16.998
TERRA,4893,9.736,16.999
TERRA,4894,9.737,17.001
TERRA,4895,9.738,17.003
TERRA,4896,9.739,17.004
TERRA,4897,9.740,17.006
TERRA,4898,9.741,17.007
TERRA,4899,9.742,17.009
TERRA,4900,9.742,17.010
TERRA,4901,9.743,17.012
TERRA,4902,9.744,17.014
TERRA,4903,9.745,17.015
TERRA,4904,9.746,17.017
TERRA,4905,9.747,17.018
TERRA,4906,9.748,17.020
TERRA,4907,9.749,17.021
TERRA,4908,9.750,17.023
TERRA,4909,9.751,17.025
TERRA,4910,9.751,17.026
TERRA,4911,9.752,17.028
TERRA,4912,9.753,17.029
TERRA,4913,9.754,17.031
TERRA,4914,9.755,17.033
TERRA,4915,9.756,17.034
TERRA,4916,9.757,17.036
TERRA,4917,9.758,17.037
TERRA,4918,9.759,17.039
TERRA,4919,9.759,17.040
TERRA,4920,9.760,17.042
TERRA,4921,9.761,17.044
TERRA,4922,9.762,17.045
TERRA,4923,9.763,17.047
TERRA,4924,9.764,17.048
TERRA,4925,9.765,17.050
TERRA,4926,9.766,17.051
TERRA,4927,9.767,17.053
TERRA,4928,9.768,17.055
TERRA,4929,9.768,17.056
TERRA,4930,9.769,17.058
TERRA,4931,9.770,17.059
TERRA,4932,9.771,17.061
TERRA,4933,9.772,17.063
TERRA,4934,9.773,17.064
TERRA,4935,9.774,17.066
TERRA,4936,9.775,17.067
TERRA,4937,9.776,17.069
TERRA,4938,9.777,17.070
TERRA,4939,9.777,17.072
TERRA,4940,9.778,17.073
TERRA,4941,9.779,17.075
TERRA,4942,9.780,17.077
TERRA,4943,9.781,17.078
TERRA,4944,9.782,17.080
TERRA,4945,9.783,17.081
TERRA,4946,9.783,17.083
TERRA,4947,9.784,17.084
TERRA,4948,9.785,17.086
TERRA,4949,9.786,17.087
TERRA,4950,9.787,17.089
TERRA,4951,9.788,17.090
TERRA,4952,9.789,17.092
TERRA,4953,9.789,17.093
TERRA,4954,9.790,17.095
TERRA,4955,9.791,17.096
TERRA,4956,9.792,17.098
TERRA,4957,9.793,17.099
TERRA,4958,9.794,17.101
TERRA,4959,9.795,17.102
TERRA,4960,9.796,17.104
TERRA,4961,9.796,17.106
TERRA,4962,9.797,17.107
TERRA,4963,9.798,17.109
TERRA,4964,9.799,17.110
TERRA,4965,9.800,17.112
TERRA,4966,9.801,17.113
TERRA,4967,9.802,17.115
TERRA,4968,9.802,17.116
TERRA,4969,9.803,17.118
TERRA,4970,9.804,17.119
TERRA,4971,9.805,17.121
TERRA,4972,9.806,17.122
TERRA,4973,9.807,17.124
TERRA,4974,9.808,17.125
TERRA,4975,9.809,17.127
TERRA,4976,9.809,17.128
TERRA,4977,9.810,17.130
TERRA,4978,9.811,17.132
TERRA,4979,9.812,17.133
TERRA,4980,9.813,17.135
TERRA,4981,9.814,17.136
TERRA,4982,9.815,17.138
TERRA,4983,9.815,17.139
TERRA,4984,9.816,17.141
TERRA,4985,9.817,17.142
TERRA,4986,9.818,17.144
TERRA,4987,9.819,17.145
TERRA,4988,9.820,17.147
TERRA,4989,9.821,17.148
TERRA,4990,9.822,17.150
TERRA,4991,9.822,17.151
TERRA,4992,9.823,17.153
TERRA,4993,9.824,17.155
TERRA,4994,9.825,17.156
TERRA,4995,9.826,17.158
TERRA,4996,9.827,17.159
TERRA,4997,9.828,17.161
TERRA,4998,9.829,17.162
TERRA,4999,9.829,17.164
TERRA,5000,9.830,17.165
TERRA,5001,9.831,17.167
TERRA,5002,9.832,17.168
TERRA,5003,9.833,17.170
TERRA,5004,9.834,17.171
TERRA,5005,9.835,17.173
TERRA,5006,9.835,17.174
TERRA,5007,9.836,17.176
TERRA,5008,9.837,17.178
TERRA,5009,9.838,17.179
TERRA,5010,9.839,17.181
TERRA,5011,9.840,17.182
TERRA,5012,9.841,17.184
TERRA,5013,9.842,17.185
TERRA,5014,9.842,17.187
TERRA,5015,9.843,17.188
TERRA,5016,9.844,17.190
TERRA,5017,9.845,17.191
TERRA,5018,9.846,17.193
TERRA,5019,9.847,17.194
TERRA,5020,9.848,17.196
TERRA,5021,9.849,17.198
TERRA,5022,9.849,17.199
TERRA,5023,9.850,17.201
TERRA,5024,9.851,17.202
TERRA,5025,9.852,17.204
TERRA,5026,9.853,17.205
TERRA,5027,9.854,17.207
TERRA,5028,9.855,17.208
TERRA,5029,9.856,17.210
TERRA,5030,9.856,17.211
TERRA,5031,9.857,17.213
TERRA,5032,9.858,17.214
TERRA,5033,9.859,17.216
TERRA,5034,9.860,17.218
TERRA,5035,9.861,17.219
TERRA,5036,9.862,17.221
TERRA,5037,9.863,17.222
TERRA,5038,9.863,17.224
TERRA,5039,9.864,17.225
TERRA,5040,9.865,17.227
TERRA,5041,9.866,17.228
TERRA,5042,9.867,17.230
TERRA,5043,9.868,17.231
TERRA,5044,9.869,17.233
TERRA,5045,9.870,17.235
TERRA,5046,9.870,17.236
TERRA,5047,9.871,17.238
TERRA,5048,9.872,17.239
TERRA,5049,9.873,17.241
TERRA,5050,9.874,17.242
TERRA,5051,9.875,17.244
TERRA,5052,9.876,17.245
TERRA,5053,9.877,17.247
TERRA,5054,9.877,17.248
TERRA,5055,9.878,17.250
TERRA,5056,9.879,17.252
TERRA,5057,9.880,17.253
TERRA,5058,9.881,17.255
TERRA,5059,9.882,17.256
TERRA,5060,9.883,17.258
TERRA,5061,9.884,17.259
TERRA,5062,9.884,17.261
TERRA,5063,9.885,17.262
TERRA,5064,9.886,17.264
TERRA,5065,9.887,17.266
TERRA,5066,9.888,17.267
TERRA,5067,9.889,17.269
TERRA,5068,9.890,17.270
TERRA,5069,9.891,17.272
TERRA,5070,9.892,17.273
TERRA,5071,9.892,17.275
TERRA,5072,9.893,17.276
TERRA,5073,9.894,17.278
TERRA,5074,9.895,17.279
TERRA,5075,9.896,17.281
TERRA,5076,9.897,17.283
TERRA,5077,9.898,17.284
TERRA,5078,9.899,17.286
TERRA,5079,9.899,17.287
TERRA,5080,9.900,17.289
TERRA,5081,9.901,17.290
TERRA,5082,9.902,17.292
TERRA,5083,9.903,17.293
TERRA,5084,9.904,17.295
TERRA,5085,9.905,17.297
TERRA,5086,9.906,17.298
TERRA,5087,9.906,17.300
TERRA,5088,9.907,17.301
TERRA,5089,9.908,17.303
TERRA,5090,9.909,17.304
TERRA,5091,9.910,17.306
TERRA,5092,9.911,17.307
TERRA,5093,9.912,17.309
TERRA,5094,9.913,17.311
TERRA,5095,9.914,17.312
TERRA,5096,9.914,17.314
TERRA,5097,9.915,17.315
TERRA,5098,9.916,17.317
TERRA,5099,9.917,17.318
TERRA,5100,9.918,17.320
TERRA,5101,9.919,17.321
TERRA,5102,9.920,17.323
TERRA,5103,9.921,17.325
TERRA,5104,9.921,17.326
TERRA,5105,9.922,17.328
TERRA,5106,9.923,17.329
TERRA,5107,9.924,17.331
TERRA,5108,9.925,17.332
TERRA,5109,9.926,17.334
TERRA,5110,9.927,17.335
TERRA,5111,9.928,17.337
TERRA,5112,9.929,17.339
TERRA,5113,9.929,17.340
TERRA,5114,9.930,17.342
TERRA,5115,9.931,17.343
TERRA,5116,9.932,17.345
TERRA,5117,9.933,17.346
TERRA,5118,9.934,17.348
TERRA,5119,9.935,17.349
TERRA,5120,9.936,17.351
TERRA,5121,9.936,17.353
TERRA,5122,9.937,17.354
TERRA,5123,9.938,17.356
TERRA,5124,9.939,17.357
TERRA,5125,9.940,17.359
TERRA,5126,9.941,17.360
TERRA,5127,9.942,17.362
TERRA,5128,9.943,17.364
TERRA,5129,9.944,17.365
TERRA,5130,9.944,17.367
TERRA,5131,9.945,17.368
TERRA,5132,9.946,17.370
TERRA,5133,9.947,17.371
TERRA,5134,9.948,17.373
TERRA,5135,9.949,17.374
TERRA,5136,9.950,17.376
TERRA,5137,9.951,17.378
TERRA,5138,9.952,17.379
TERRA,5139,9.952,17.381
TERRA,5140,9.953,17.382
TERRA,5141,9.954,17.384
TERRA,5142,9.955,17.385
TERRA,5143,9.956,17.387
TERRA,5144,9.957,17.389
TERRA,5145,9.958,17.390
TERRA,5146,9.959,17.392
TERRA,5147,9.960,17.393
TERRA,5148,9.960,17.395
TERRA,5149,9.961,17.396
TERRA,5150,9.962,17.398
TERRA,5151,9.963,17.400
TERRA,5152,9.964,17.401
TERRA,5153,9.965,17.403
TERRA,5154,9.966,17.404
TERRA,5155,9.967,17.406
TERRA,5156,9.968,17.407
TERRA,5157,9.968,17.409
TERRA,5158,9.969,17.411
TERRA,5159,9.970,17.412
TERRA,5160,9.971,17.414
TERRA,5161,9.972,17.415
TERRA,5162,9.973,17.417
TERRA,5163,9.974,17.418
TERRA,5164,9.975,17.420
TERRA,5165,9.976,17.421
TERRA,5166,9.976,17.423
TERRA,5167,9.977,17.425
TERRA,5168,9.978,17.426
TERRA,5169,9.979,17.428
TERRA,5170,9.980,17.429
TERRA,5171,9.981,17.431
TERRA,5172,9.982,17.432
TERRA,5173,9.983,17.434
TERRA,5174,9.984,17.436
TERRA,5175,9.984,17.437
TERRA,5176,9.985,17.439
TERRA,5177,9.986,17.440
TERRA,5178,9.987,17.442
TERRA,5179,9.988,17.443
TERRA,5180,9.989,17.445
TERRA,5181,9.990,17.447
TERRA,5182,9.991,17.448
TERRA,5183,9.992,17.450
TERRA,5184,9.992,17.451
TERRA,5185,9.993,17.453
TERRA,5186,9.994,17.455
TERRA,5187,9.995,17.456
TERRA,5188,9.996,17.458
TERRA,5189,9.997,17.459
TERRA,5190,9.998,17.461
TERRA,5191,9.999,17.462
TERRA,5192,10.000,17.464
TERRA,5193,10.000,17.466
TERRA,5194,10.001,17.467
TERRA,5195,10.002,17.469
TERRA,5196,10.003,17.470
TERRA,5197,10.004,17.472
TERRA,5198,10.005,17.473
TERRA,5199,10.006,17.475
TERRA,5200,10.007,17.477
TERRA,5201,10.008,17.478
TERRA,5202,10.009,17.480
TERRA,5203,10.009,17.481
TERRA,5204,10.010,17.483
TERRA,5205,10.011,17.484
TERRA,5206,10.012,17.486
TERRA,5207,10.013,17.488
TERRA,5208,10.014,17.489
TERRA,5209,10.015,17.491
TERRA,5210,10.016,17.492
TERRA,5211,10.017,17.494
TERRA,5212,10.017,17.496
TERRA,5213,10.018,17.497
TERRA,5214,10.019,17.499
TERRA,5215,10.020,17.500
TERRA,5216,10.021,17.502
TERRA,5217,10.022,17.503
TERRA,5218,10.023,17.505
TERRA,5219,10.024,17.507
TERRA,5220,10.025,17.508
TERRA,5221,10.026,17.510
TERRA,5222,10.026,17.511
TERRA,5223,10.027,17.513
TERRA,5224,10.028,17.514
TERRA,5225,10.029,17.516
TERRA,5226,10.030,17.518
TERRA,5227,10.031,17.519
TERRA,5228,10.032,17.521
TERRA,5229,10.033,17.522
TERRA,5230,10.034,17.524
TERRA,5231,10.034,17.526
TERRA,5232,10.035,17.527
TERRA,5233,10.036,17.529
TERRA,5234,10.037,17.530
TERRA,5235,10.038,17.532
TERRA,5236,10.039,17.533
TERRA,5237,10.040,17.535
TERRA,5238,10.041,17.537
TERRA,5239,10.042,17.538
TERRA,5240,10.043,17.540
TERRA,5241,10.043,17.541
TERRA,5242,10.044,17.543
TERRA,5243,10.045,17.545
TERRA,5244,10.046,17.546
TERRA,5245,10.047,17.548
TERRA,5246,10.048,17.549
TERRA,5247,10.049,17.551
TERRA,5248,10.050,17.552
TERRA,5249,10.051,17.554
TERRA,5250,10.052,17.556
TERRA,5251,10.052,17.557
TERRA,5252,10.053,17.559
TERRA,5253,10.054,17.560
TERRA,5254,10.055,17.562
TERRA,5255,10.056,17.564
TERRA,5256,10.057,17.565
TERRA,5257,10.058,17.567
TERRA,5258,10.059,17.568
TERRA,5259,10.060,17.570
TERRA,5260,10.061,17.572
TERRA,5261,10.061,17.573
TERRA,5262,10.062,17.575
TERRA,5263,10.063,17.576
TERRA,5264,10.064,17.578
TERRA,5265,10.065,17.579
TERRA,5266,10.066,17.581
TERRA,5267,10.067,17.583
TERRA,5268,10.068,17.584
TERRA,5269,10.069,17.586
TERRA,5270,10.070,17.587
TERRA,5271,10.070,17.589
TERRA,5272,10.071,17.591
TERRA,5273,10.072,17.592
TERRA,5274,10.073,17.594
TERRA,5275,10.074,17.595
TERRA,5276,10.075,17.597
TERRA,5277,10.076,17.599
TERRA,5278,10.077,17.600
TERRA,5279,10.078,17.602
TERRA,5280,10.079,17.603
TERRA,5281,10.079,17.605
TERRA,5282,10.080,17.607
TERRA,5283,10.081,17.608
TERRA,5284,10.082,17.610
TERRA,5285,10.083,17.611
TERRA,5286,10.084,17.613
TERRA,5287,10.085,17.615
TERRA,5288,10.086,17.616
TERRA,5289,10.087,17.618
TERRA,5290,10.088,17.619
TERRA,5291,10.089,17.621
TERRA,5292,10.089,17.622
TERRA,5293,10.090,17.624
TERRA,5294,10.091,17.626
TERRA,5295,10.092,17.627
TERRA,5296,10.093,17.629
TERRA,5297,10.094,17.630
TERRA,5298,10.095,17.632
TERRA,5299,10.096,17.634
TERRA,5300,10.097,17.635
TERRA,5301,10.098,17.637
TERRA,5302,10.098,17.638
TERRA,5303,10.099,17.640
TERRA,5304,10.100,17.642
TERRA,5305,10.101,17.643
TERRA,5306,10.102,17.645
TERRA,5307,10.103,17.646
TERRA,5308,10.104,17.648
TERRA,5309,10.105,17.650
TERRA,5310,10.106,17.651
TERRA,5311,10.107,17.653
TERRA,5312,10.108,17.654
TERRA,5313,10.108,17.656
TERRA,5314,10.109,17.658
TERRA,5315,10.110,17.659
TERRA,5316,10.111,17.661
TERRA,5317,10.112,17.662
TERRA,5318,10.113,17.664
TERRA,5319,10.114,17.666
TERRA,5320,10.115,17.667
TERRA,5321,10.116,17.669
TERRA,5322,10.117,17.670
TERRA,5323,10.117,17.672
TERRA,5324,10.118,17.674
TERRA,5325,10.119,17.675
TERRA,5326,10.120,17.677
TERRA,5327,10.121,17.678
TERRA,5328,10.122,17.680
TERRA,5329,10.123,17.682
TERRA,5330,10.124,17.683
TERRA,5331,10.125,17.685
TERRA,5332,10.126,17.686
TERRA,5333,10.127,17.688
TERRA,5334,10.127,17.690
TERRA,5335,10.128,17.691
TERRA,5336,10.129,17.693
TERRA,5337,10.130,17.694
TERRA,5338,10.131,17.696
TERRA,5339,10.132,17.698
TERRA,5340,10.133,17.699
TERRA,5341,10.134,17.701
TERRA,5342,10.135,17.703
TERRA,5343,10.136,17.704
TERRA,5344,10.137,17.706
TERRA,5345,10.137,17.707
TERRA,5346,10.138,17.709
TERRA,5347,10.139,17.711
TERRA,5348,10.140,17.712
TERRA,5349,10.141,17.714
TERRA,5350,10.142,17.715
TERRA,5351,10.143,17.717
TERRA,5352,10.144,17.719
TERRA,5353,10.145,17.720
TERRA,5354,10.146,17.722
TERRA,5355,10.147,17.723
TERRA,5356,10.147,17.725
TERRA,5357,10.148,17.727
TERRA,5358,10.149,17.728
TERRA,5359,10.150,17.730
TERRA,5360,10.151,17.731
TERRA,5361,10.152,17.733
TERRA,5362,10.153,17.735
TERRA,5363,10.154,17.736
TERRA,5364,10.155,17.738
TERRA,5365,10.156,17.739
TERRA,5366,10.157,17.741
TERRA,5367,10.157,17.743
TERRA,5368,10.158,17.744
TERRA,5369,10.159,17.746
TERRA,5370,10.160,17.748
TERRA,5371,10.161,17.749
TERRA,5372,10.162,17.751
TERRA,5373,10.163,17.752
TERRA,5374,10.164,17.754
TERRA,5375,10.165,17.756
TERRA,5376,10.166,17.757
TERRA,5377,10.167,17.759
TERRA,5378,10.168,17.760
TERRA,5379,10.168,17.762
TERRA,5380,10.169,17.764
TERRA,5381,10.170,17.765
TERRA,5382,10.171,17.767
TERRA,5383,10.172,17.768
TERRA,5384,10.173,17.770
TERRA,5385,10.174,17.772
TERRA,5386,10.175,17.773
TERRA,5387,10.176,17.775
TERRA,5388,10.177,17.777
TERRA,5389,10.178,17.778
TERRA,5390,10.178,17.780
TERRA,5391,10.179,17.781
TERRA,5392,10.180,17.783
TERRA,5393,10.181,17.785
TERRA,5394,10.182,17.786
TERRA,5395,10.183,17.788
TERRA,5396,10.184,17.789
TERRA,5397,10.185,17.791
TERRA,5398,10.186,17.793
TERRA,5399,10.187,17.794
TERRA,5400,10.188,17.796
TERRA,5401,10.189,17.798
TERRA,5402,10.189,17.799
TERRA,5403,10.190,17.801
TERRA,5404,10.191,17.802
TERRA,5405,10.192,17.804
TERRA,5406,10.193,17.806
TERRA,5407,10.194,17.807
TERRA,5408,10.195,17.809
TERRA,5409,10.196,17.810
TERRA,5410,10.197,17.812
TERRA,5411,10.198,17.814
TERRA,5412,10.199,17.815
TERRA,5413,10.200,17.817
TERRA,5414,10.200,17.819
TERRA,5415,10.201,17.820
TERRA,5416,10.202,17.822
TERRA,5417,10.203,17.823
TERRA,5418,10.204,17.825
TERRA,5419,10.205,17.827
TERRA,5420,10.206,17.828
TERRA,5421,10.207,17.830
TERRA,5422,10.208,17.831
TERRA,5423,10.209,17.833
TERRA,5424,10.210,17.835
TERRA,5425,10.211,17.836
TERRA,5426,10.211,17.838
TERRA,5427,10.212,17.840
TERRA,5428,10.213,17.841
TERRA,5429,10.214,17.843
TERRA,5430,10.215,17.844
TERRA,5431,10.216,17.846
TERRA,5432,10.217,17.848
TERRA,5433,10.218,17.849
TERRA,5434,10.219,17.851
TERRA,5435,10.220,17.853
TERRA,5436,10.221,17.854
TERRA,5437,10.222,17.856
TERRA,5438,10.222,17.857
TERRA,5439,10.223,17.859
TERRA,5440,10.224,17.861
TERRA,5441,10.225,17.862
TERRA,5442,10.226,17.864
TERRA,5443,10.227,17.866
TERRA,5444,10.228,17.867
TERRA,5445,10.229,17.869
TERRA,5446,10.230,17.870
TERRA,5447,10.231,17.872
TERRA,5448,10.232,17.874
TERRA,5449,10.233,17.875
TERRA,5450,10.233,17.877
TERRA,5451,10.234,17.879
TERRA,5452,10.235,17.880
TERRA,5453,10.236,17.882
TERRA,5454,10.237,17.883
TERRA,5455,10.238,17.885
TERRA,5456,10.239,17.887
TERRA,5457,10.240,17.888
TERRA,5458,10.241,17.890
TERRA,5459,10.242,17.892
TERRA,5460,10.243,17.893
TERRA,5461,10.244,17.895
TERRA,5462,10.245,17.896
TERRA,5463,10.245,17.898
TERRA,5464,10.246,17.900
TERRA,5465,10.247,17.901
TERRA,5466,10.248,17.903
TERRA,5467,10.249,17.905
TERRA,5468,10.250,17.906
TERRA,5469,10.251,17.908
TERRA,5470,10.252,17.909
TERRA,5471,10.253,17.911
TERRA,5472,10.254,17.913
TERRA,5473,10.255,17.914
TERRA,5474,10.256,17.916
TERRA,5475,10.257,17.918
TERRA,5476,10.257,17.919
TERRA,5477,10.258,17.921
TERRA,5478,10.259,17.923
TERRA,5479,10.260,17.924
TERRA,5480,10.261,17.926
TERRA,5481,10.262,17.927
TERRA,5482,10.263,17.929
TERRA,5483,10.264,17.931
TERRA,5484,10.265,17.932
TERRA,5485,10.266,17.934
TERRA,5486,10.267,17.936
TERRA,5487,10.268,17.937
TERRA,5488,10.269,17.939
TERRA,5489,10.269,17.940
TERRA,5490,10.270,17.942
TERRA,5491,10.271,17.944
TERRA,5492,10.272,17.945
TERRA,5493,10.273,17.947
TERRA,5494,10.274,17.949
TERRA,5495,10.275,17.950
TERRA,5496,10.276,17.952
TERRA,5497,10.277,17.954
TERRA,5498,10.278,17.955
TERRA,5499,10.279,17.957
TERRA,5500,10.280,17.958
TERRA,5501,10.281,17.960
TERRA,5502,10.281,17.962
TERRA,5503,10.282,17.963
TERRA,5504,10.283,17.965
TERRA,5505,10.284,17.967
TERRA,5506,10.285,17.968
TERRA,5507,10.286,17.970
TERRA,5508,10.287,17.971
TERRA,5509,10.288,17.973
TERRA,5510,10.289,17.975
TERRA,5511,10.290,17.976
TERRA,5512,10.291,17.978
TERRA,5513,10.292,17.980
TERRA,5514,10.293,17.981
TERRA,5515,10.294,17.983
TERRA,5516,10.294,17.985
TERRA,5517,10.295,17.986
TERRA,5518,10.296,17.988
TERRA,5519,10.297,17.989
TERRA,5520,10.298,17.991
TERRA,5521,10.299,17.993
TERRA,5522,10.300,17.994
TERRA,5523,10.301,17.996
TERRA,5524,10.302,17.998
TERRA,5525,10.303,17.999
TERRA,5526,10.304,18.001
TERRA,5527,10.305,18.003
TERRA,5528,10.306,18.004
TERRA,5529,10.306,18.006
TERRA,5530,10.307,18.008
TERRA,5531,10.308,18.009
TERRA,5532,10.309,18.011
TERRA,5533,10.310,18.012
TERRA,5534,10.311,18.014
TERRA,5535,10.312,18.016
TERRA,5536,10.313,18.017
TERRA,5537,10.314,18.019
TERRA,5538,10.315,18.021
TERRA,5539,10.316,18.022
TERRA,5540,10.317,18.024
TERRA,5541,10.318,18.026
TERRA,5542,10.319,18.027
TERRA,5543,10.319,18.029
TERRA,5544,10.320,18.030
TERRA,5545,10.321,18.032
TERRA,5546,10.322,18.034
TERRA,5547,10.323,18.035
TERRA,5548,10.324,18.037
TERRA,5549,10.325,18.039
TERRA,5550,10.326,18.040
TERRA,5551,10.327,18.042
TERRA,5552,10.328,18.044
TERRA,5553,10.329,18.045
TERRA,5554,10.330,18.047
TERRA,5555,10.331,18.049
TERRA,5556,10.332,18.050
TERRA,5557,10.333,18.052
TERRA,5558,10.333,18.054
TERRA,5559,10.334,18.055
TERRA,5560,10.335,18.057
TERRA,5561,10.336,18.058
TERRA,5562,10.337,18.060
TERRA,5563,10.338,18.062
TERRA,5564,10.339,18.063
TERRA,5565,10.340,18.065
TERRA,5566,10.341,18.067
TERRA,5567,10.342,18.068
TERRA,5568,10.343,18.070
TERRA,5569,10.344,18.072
TERRA,5570,10.345,18.073
TERRA,5571,10.346,18.075
TERRA,5572,10.346,18.077
TERRA,5573,10.347,18.078
TERRA,5574,10.348,18.080
TERRA,5575,10.349,18.081
TERRA,5576,10.350,18.083
TERRA,5577,10.351,18.085
TERRA,5578,10.352,18.086
TERRA,5579,10.353,18.088
TERRA,5580,10.354,18.090
TERRA,5581,10.355,18.091
TERRA,5582,10.356,18.093
TERRA,5583,10.357,18.095
TERRA,5584,10.358,18.096
TERRA,5585,10.359,18.098
TERRA,5586,10.360,18.100
TERRA,5587,10.360,18.101
TERRA,5588,10.361,18.103
TERRA,5589,10.362,18.105
TERRA,5590,10.363,18.106
TERRA,5591,10.364,18.108
TERRA,5592,10.365,18.110
TERRA,5593,10.366,18.111
TERRA,5594,10.367,18.113
TERRA,5595,10.368,18.114
TERRA,5596,10.369,18.116
TERRA,5597,10.370,18.118
TERRA,5598,10.371,18.119
TERRA,5599,10.372,18.121
TERRA,5600,10.373,18.123
TERRA,5601,10.374,18.124
TERRA,5602,10.374,18.126
TERRA,5603,10.375,18.128
TERRA,5604,10.376,18.129
TERRA,5605,10.377,18.131
TERRA,5606,10.378,18.133
TERRA,5607,10.379,18.134
TERRA,5608,10.380,18.136
TERRA,5609,10.381,18.138
TERRA,5610,10.382,18.139
TERRA,5611,10.383,18.141
TERRA,5612,10.384,18.143
TERRA,5613,10.385,18.144
TERRA,5614,10.386,18.146
TERRA,5615,10.387,18.148
TERRA,5616,10.388,18.149
TERRA,5617,10.389,18.151
TERRA,5618,10.389,18.152
TERRA,5619,10.390,18.154
TERRA,5620,10.391,18.156
TERRA,5621,10.392,18.157
TERRA,5622,10.393,18.159
TERRA,5623,10.394,18.161
TERRA,5624,10.395,18.162
TERRA,5625,10.396,18.164
TERRA,5626,10.397,18.166
TERRA,5627,10.398,18.167
TERRA,5628,10.399,18.169
TERRA,5629,10.400,18.171
TERRA,5630,10.401,18.172
TERRA,5631,10.402,18.174
TERRA,5632,10.403,18.176
TERRA,5633,10.403,18.177
TERRA,5634,10.404,18.179
TERRA,5635,10.405,18.181
TERRA,5636,10.406,18.182
TERRA,5637,10.407,18.184
TERRA,5638,10.408,18.186
TERRA,5639,10.409,18.187
TERRA,5640,10.410,18.189
TERRA,5641,10.411,18.190
TERRA,5642,10.412,18.192
TERRA,5643,10.413,18.194
TERRA,5644,10.414,18.195
TERRA,5645,10.415,18.197
TERRA,5646,10.416,18.199
TERRA,5647,10.417,18.200
TERRA,5648,10.417,18.202
TERRA,5649,10.418,18.204
TERRA,5650,10.419,18.205
TERRA,5651,10.420,18.207
TERRA,5652,10.421,18.209
TERRA,5653,10.422,18.210
TERRA,5654,10.423,18.212
TERRA,5655,10.424,18.213
TERRA,5656,10.425,18.215
TERRA,5657,10.426,18.217
TERRA,5658,10.427,18.218
TERRA,5659,10.428,18.220
TERRA,5660,10.429,18.222
TERRA,5661,10.430,18.223
TERRA,5662,10.430,18.225
TERRA,5663,10.431,18.227
TERRA,5664,10.432,18.228
TERRA,5665,10.433,18.230
TERRA,5666,10.434,18.232
TERRA,5667,10.435,18.233
TERRA,5668,10.436,18.235
TERRA,5669,10.437,18.237
TERRA,5670,10.438,18.238
TERRA,5671,10.439,18.240
TERRA,5672,10.440,18.242
TERRA,5673,10.441,18.243
TERRA,5674,10.442,18.245
TERRA,5675,10.443,18.246
TERRA,5676,10.444,18.248
TERRA,5677,10.444,18.250
TERRA,5678,10.445,18.251
TERRA,5679,10.446,18.253
TERRA,5680,10.447,18.255
TERRA,5681,10.448,18.256
TERRA,5682,10.449,18.258
TERRA,5683,10.450,18.260
TERRA,5684,10.451,18.261
TERRA,5685,10.452,18.263
TERRA,5686,10.453,18.265
TERRA,5687,10.454,18.266
TERRA,5688,10.455,18.268
TERRA,5689,10.456,18.270
TERRA,5690,10.457,18.271
TERRA,5691,10.458,18.273
TERRA,5692,10.459,18.275
TERRA,5693,10.459,18.276
TERRA,5694,10.460,18.278
TERRA,5695,10.461,18.280
TERRA,5696,10.462,18.281
TERRA,5697,10.463,18.283
TERRA,5698,10.464,18.285
TERRA,5699,10.465,18.286
TERRA,5700,10.466,18.288
TERRA,5701,10.467,18.289
TERRA,5702,10.468,18.291
TERRA,5703,10.469,18.293
TERRA,5704,10.470,18.294
TERRA,5705,10.471,18.296
TERRA,5706,10.472,18.298
TERRA,5707,10.473,18.299
TERRA,5708,10.473,18.301
TERRA,5709,10.474,18.303
TERRA,5710,10.475,18.304
TERRA,5711,10.476,18.306
TERRA,5712,10.477,18.308
TERRA,5713,10.478,18.309
TERRA,5714,10.479,18.311
TERRA,5715,10.480,18.313
TERRA,5716,10.481,18.314
TERRA,5717,10.482,18.316
TERRA,5718,10.483,18.318
TERRA,5719,10.484,18.319
TERRA,5720,10.485,18.321
TERRA,5721,10.486,18.323
TERRA,5722,10.487,18.324
TERRA,5723,10.488,18.326
TERRA,5724,10.488,18.328
TERRA,5725,10.489,18.329
TERRA,5726,10.490,18.331
TERRA,5727,10.491,18.333
TERRA,5728,10.492,18.334
TERRA,5729,10.493,18.336
TERRA,5730,10.494,18.338
TERRA,5731,10.495,18.339
TERRA,5732,10.496,18.341
TERRA,5733,10.497,18.343
TERRA,5734,10.498,18.344
TERRA,5735,10.499,18.346
TERRA,5736,10.500,18.348
TERRA,5737,10.501,18.349
TERRA,5738,10.502,18.351
TERRA,5739,10.503,18.352
TERRA,5740,10.504,18.354
TERRA,5741,10.504,18.356
TERRA,5742,10.505,18.357
TERRA,5743,10.506,18.359
TERRA,5744,10.507,18.361
TERRA,5745,10.508,18.362
TERRA,5746,10.509,18.364
TERRA,5747,10.510,18.366
TERRA,5748,10.511,18.367
TERRA,5749,10.512,18.369
TERRA,5750,10.513,18.371
TERRA,5751,10.514,18.372
TERRA,5752,10.515,18.374
TERRA,5753,10.516,18.376
TERRA,5754,10.517,18.377
TERRA,5755,10.518,18.379
TERRA,5756,10.519,18.381
TERRA,5757,10.520,18.382
TERRA,5758,10.520,18.384
TERRA,5759,10.521,18.386
TERRA,5760,10.522,18.387
TERRA,5761,10.523,18.389
TERRA,5762,10.524,18.391
TERRA,5763,10.525,18.392
TERRA,5764,10.526,18.394
TERRA,5765,10.527,18.396
TERRA,5766,10.528,18.397
TERRA,5767,10.529,18.399
TERRA,5768,10.530,18.401
TERRA,5769,10.531,18.402
TERRA,5770,10.532,18.404
TERRA,5771,10.533,18.406
TERRA,5772,10.534,18.407
TERRA,5773,10.535,18.409
TERRA,5774,10.536,18.411
TERRA,5775,10.536,18.412
TERRA,5776,10.537,18.414
TERRA,5777,10.538,18.416
TERRA,5778,10.539,18.417
TERRA,5779,10.540,18.419
TERRA,5780,10.541,18.421
TERRA,5781,10.542,18.422
TERRA,5782,10.543,18.424
TERRA,5783,10.544,18.426
TERRA,5784,10.545,18.427
TERRA,5785,10.546,18.429
TERRA,5786,10.547,18.431
TERRA,5787,10.548,18.432
TERRA,5788,10.549,18.434
TERRA,5789,10.550,18.436
TERRA,5790,10.551,18.437
TERRA,5791,10.552,18.439
TERRA,5792,10.553,18.441
TERRA,5793,10.553,18.442
TERRA,5794,10.554,18.444
TERRA,5795,10.555,18.446
TERRA,5796,10.556,18.447
TERRA,5797,10.557,18.449
TERRA,5798,10.558,18.451
TERRA,5799,10.559,18.453
TERRA,5800,10.560,18.454
TERRA,5801,10.561,18.456
TERRA,5802,10.562,18.458
TERRA,5803,10.563,18.459
TERRA,5804,10.564,18.461
TERRA,5805,10.565,18.463
TERRA,5806,10.566,18.464
TERRA,5807,10.567,18.466
TERRA,5808,10.568,18.468
TERRA,5809,10.569,18.469
TERRA,5810,10.570,18.471
TERRA,5811,10.570,18.473
TERRA,5812,10.571,18.474
TERRA,5813,10.572,18.476
TERRA,5814,10.573,18.478
TERRA,5815,10.574,18.479
TERRA,5816,10.575,18.481
TERRA,5817,10.576,18.483
TERRA,5818,10.577,18.484
TERRA,5819,10.578,18.486
TERRA,5820,10.579,18.488
TERRA,5821,10.580,18.489
TERRA,5822,10.581,18.491
TERRA,5823,10.582,18.493
TERRA,5824,10.583,18.494
TERRA,5825,10.584,18.496
TERRA,5826,10.585,18.498
TERRA,5827,10.586,18.499
TERRA,5828,10.587,18.501
TERRA,5829,10.588,18.503
TERRA,5830,10.588,18.504
TERRA,5831,10.589,18.506
TERRA,5832,10.590,18.508
TERRA,5833,10.591,18.509
TERRA,5834,10.592,18.511
TERRA,5835,10.593,18.513
TERRA,5836,10.594,18.514
TERRA,5837,10.595,18.516
TERRA,5838,10.596,18.518
TERRA,5839,10.597,18.520
TERRA,5840,10.598,18.521
TERRA,5841,10.599,18.523
TERRA,5842,10.600,18.525
TERRA,5843,10.601,18.526
TERRA,5844,10.602,18.528
TERRA,5845,10.603,18.530
TERRA,5846,10.604,18.531
TERRA,5847,10.605,18.533
TERRA,5848,10.606,18.535
TERRA,5849,10.607,18.536
TERRA,5850,10.607,18.538
TERRA,5851,10.608,18.540
TERRA,5852,10.609,18.541
TERRA,5853,10.610,18.543
TERRA,5854,10.611,18.545
TERRA,5855,10.612,18.546
TERRA,5856,10.613,18.548
TERRA,5857,10.614,18.550
TERRA,5858,10.615,18.551
TERRA,5859,10.616,18.553
TERRA,5860,10.617,18.555
TERRA,5861,10.618,18.556
TERRA,5862,10.619,18.558
TERRA,5863,10.620,18.560
TERRA,5864,10.621,18.562
TERRA,5865,10.622,18.563
TERRA,5866,10.623,18.565
TERRA,5867,10.624,18.567
TERRA,5868,10.625,18.568
TERRA,5869,10.626,18.570
TERRA,5870,10.626,18.572
TERRA,5871,10.627,18.573
TERRA,5872,10.628,18.575
TERRA,5873,10.629,18.577
TERRA,5874,10.630,18.578
TERRA,5875,10.631,18.580
TERRA,5876,10.632,18.582
TERRA,5877,10.633,18.583
TERRA,5878,10.634,18.585
TERRA,5879,10.635,18.587
TERRA,5880,10.636,18.588
TERRA,5881,10.637,18.590
TERRA,5882,10.638,18.592
TERRA,5883,10.639,18.594
TERRA,5884,10.640,18.595
TERRA,5885,10.641,18.597
TERRA,5886,10.642,18.599
TERRA,5887,10.643,18.600
TERRA,5888,10.644,18.602
TERRA,5889,10.645,18.604
TERRA,5890,10.646,18.605
TERRA,5891,10.646,18.607
TERRA,5892,10.647,18.609
TERRA,5893,10.648,18.610
TERRA,5894,10.649,18.612
TERRA,5895,10.650,18.614
TERRA,5896,10.651,18.615
TERRA,5897,10.652,18.617
TERRA,5898,10.653,18.619
TERRA,5899,10.654,18.621
TERRA,5900,10.655,18.622
TERRA,5901,10.656,18.624
TERRA,5902,10.657,18.626
TERRA,5903,10.658,18.627
TERRA,5904,10.659,18.629
TERRA,5905,10.660,18.631
TERRA,5906,10.661,18.632
TERRA,5907,10.662,18.634
TERRA,5908,10.663,18.636
TERRA,5909,10.664,18.637
TERRA,5910,10.665,18.639
TERRA,5911,10.666,18.641
TERRA,5912,10.667,18.642
TERRA,5913,10.667,18.644
TERRA,5914,10.668,18.646
TERRA,5915,10.669,18.648
TERRA,5916,10.670,18.649
TERRA,5917,10.671,18.651
TERRA,5918,10.672,18.653
TERRA,5919,10.673,18.654
TERRA,5920,10.674,18.656
TERRA,5921,10.675,18.658
TERRA,5922,10.676,18.660
TERRA,5923,10.677,18.662
TERRA,5924,10.678,18.663
TERRA,5925,10.679,18.665
TERRA,5926,10.680,18.667
TERRA,5927,10.681,18.669
TERRA,5928,10.682,18.671
TERRA,5929,10.683,18.673
TERRA,5930,10.685,18.674
TERRA,5931,10.686,18.676
TERRA,5932,10.687,18.678
TERRA,5933,10.688,18.680
TERRA,5934,10.689,18.682
TERRA,5935,10.690,18.683
TERRA,5936,10.691,18.685
TERRA,5937,10.692,18.687
TERRA,5938,10.693,18.689
TERRA,5939,10.694,18.691
TERRA,5940,10.695,18.692
TERRA,5941,10.696,18.694
TERRA,5942,10.697,18.696
TERRA,5943,10.698,18.698
TERRA,5944,10.699,18.700
TERRA,5945,10.700,18.702
TERRA,5946,10.701,18.703
TERRA,5947,10.702,18.705
TERRA,5948,10.703,18.707
TERRA,5949,10.704,18.709
TERRA,5950,10.705,18.711
TERRA,5951,10.706,18.712
TERRA,5952,10.707,18.714
TERRA,5953,10.708,18.716
TERRA,5954,10.709,18.718
TERRA,5955,10.710,18.720
TERRA,5956,10.711,18.721
TERRA,5957,10.712,18.723
TERRA,5958,10.713,18.725
TERRA,5959,10.714,18.727
TERRA,5960,10.715,18.729
TERRA,5961,10.716,18.731
TERRA,5962,10.717,18.732
TERRA,5963,10.718,18.734
TERRA,5964,10.719,18.736
TERRA,5965,10.720,18.738
TERRA,5966,10.721,18.740
TERRA,5967,10.722,18.741
TERRA,5968,10.723,18.743
TERRA,5969,10.724,18.745
TERRA,5970,10.726,18.747
TERRA,5971,10.727,18.749
TERRA,5972,10.728,18.751
TERRA,5973,10.729,18.752
TERRA,5974,10.730,18.754
TERRA,5975,10.731,18.756
TERRA,5976,10.732,18.758
TERRA,5977,10.733,18.760
TERRA,5978,10.734,18.761
TERRA,5979,10.735,18.763
TERRA,5980,10.736,18.765
TERRA,5981,10.737,18.767
TERRA,5982,10.738,18.769
TERRA,5983,10.739,18.771
TERRA,5984,10.740,18.772
TERRA,5985,10.741,18.774
TERRA,5986,10.742,18.776
TERRA,5987,10.743,18.778
TERRA,5988,10.744,18.780
TERRA,5989,10.745,18.781
TERRA,5990,10.746,18.783
TERRA,5991,10.747,18.785
TERRA,5992,10.748,18.787
TERRA,5993,10.749,18.789
TERRA,5994,10.750,18.791
TERRA,5995,10.751,18.792
TERRA,5996,10.752,18.794
TERRA,5997,10.753,18.796
TERRA,5998,10.754,18.798
TERRA,5999,10.755,18.800
TERRA,6000,10.756,18.801
TERRA,6001,10.757,18.803
TERRA,6002,10.758,18.805
TERRA,6003,10.759,18.807
TERRA,6004,10.760,18.809
TERRA,6005,10.762,18.811
TERRA,6006,10.763,18.812
TERRA,6007,10.764,18.814
TERRA,6008,10.765,18.816
TERRA,6009,10.766,18.818
TERRA,6010,10.767,18.820
TERRA,6011,10.768,18.822
TERRA,6012,10.769,18.823
TERRA,6013,10.770,18.825
TERRA,6014,10.771,18.827
TERRA,6015,10.772,18.829
TERRA,6016,10.773,18.831
TERRA,6017,10.774,18.833
TERRA,6018,10.775,18.834
TERRA,6019,10.776,18.836
TERRA,6020,10.777,18.838
TERRA,6021,10.778,18.840
TERRA,6022,10.779,18.842
TERRA,6023,10.780,18.844
TERRA,6024,10.781,18.846
TERRA,6025,10.782,18.847
TERRA,6026,10.783,18.849
TERRA,6027,10.784,18.851
TERRA,6028,10.785,18.853
TERRA,6029,10.786,18.855
TERRA,6030,10.787,18.857
TERRA,6031,10.788,18.858
TERRA,6032,10.790,18.860
TERRA,6033,10.791,18.862
TERRA,6034,10.792,18.864
TERRA,6035,10.793,18.866
TERRA,6036,10.794,18.868
TERRA,6037,10.795,18.869
TERRA,6038,10.796,18.871
TERRA,6039,10.797,18.873
TERRA,6040,10.798,18.875
TERRA,6041,10.799,18.877
TERRA,6042,10.800,18.879
TERRA,6043,10.801,18.880
TERRA,6044,10.802,18.882
TERRA,6045,10.803,18.884
TERRA,6046,10.804,18.886
TERRA,6047,10.805,18.888
TERRA,6048,10.806,18.890
TERRA,6049,10.807,18.891
TERRA,6050,10.808,18.893
TERRA,6051,10.809,18.895
TERRA,6052,10.810,18.897
TERRA,6053,10.811,18.899
TERRA,6054,10.812,18.901
TERRA,6055,10.813,18.903
TERRA,6056,10.814,18.904
TERRA,6057,10.815,18.906
TERRA,6058,10.817,18.908
TERRA,6059,10.818,18.910
TERRA,6060,10.819,18.912
TERRA,6061,10.820,18.914
TERRA,6062,10.821,18.915
TERRA,6063,10.822,18.917
TERRA,6064,10.823,18.919
TERRA,6065,10.824,18.921
TERRA,6066,10.825,18.923
TERRA,6067,10.826,18.925
TERRA,6068,10.827,18.926
TERRA,6069,10.828,18.928
TERRA,6070,10.829,18.930
TERRA,6071,10.830,18.932
TERRA,6072,10.831,18.934
TERRA,6073,10.832,18.936
TERRA,6074,10.833,18.938
TERRA,6075,10.834,18.939
TERRA,6076,10.835,18.941
TERRA,6077,10.836,18.943
TERRA,6078,10.837,18.945
TERRA,6079,10.838,18.947
TERRA,6080,10.839,18.949
TERRA,6081,10.840,18.950
TERRA,6082,10.842,18.952
TERRA,6083,10.843,18.954
TERRA,6084,10.844,18.956
TERRA,6085,10.845,18.958
TERRA,6086,10.846,18.959
TERRA,6087,10.847,18.961
TERRA,6088,10.848,18.963
TERRA,6089,10.849,18.965
TERRA,6090,10.850,18.966
TERRA,6091,10.851,18.968
TERRA,6092,10.852,18.970
TERRA,6093,10.853,18.972
TERRA,6094,10.854,18.974
TERRA,6095,10.855,18.975
TERRA,6096,10.856,18.977
TERRA,6097,10.857,18.979
TERRA,6098,10.858,18.981
TERRA,6099,10.858,18.982
TERRA,6100,10.859,18.984
TERRA,6101,10.860,18.986
TERRA,6102,10.861,18.988
TERRA,6103,10.862,18.989
TERRA,6104,10.863,18.991
TERRA,6105,10.864,18.993
TERRA,6106,10.865,18.995
TERRA,6107,10.866,18.996
TERRA,6108,10.867,18.998
TERRA,6109,10.868,19.000
TERRA,6110,10.869,19.002
TERRA,6111,10.870,19.003
TERRA,6112,10.871,19.005
TERRA,6113,10.872,19.007
TERRA,6114,10.873,19.009
TERRA,6115,10.874,19.011
TERRA,6116,10.875,19.012
TERRA,6117,10.876,19.014
TERRA,6118,10.877,19.016
TERRA,6119,10.878,19.018
TERRA,6120,10.879,19.019
TERRA,6121,10.880,19.021
TERRA,6122,10.881,19.023
TERRA,6123,10.882,19.025
TERRA,6124,10.883,19.026
TERRA,6125,10.884,19.028
TERRA,6126,10.885,19.030
TERRA,6127,10.886,19.032
TERRA,6128,10.887,19.033
TERRA,6129,10.888,19.035
TERRA,6130,10.889,19.037
TERRA,6131,10.890,19.039
TERRA,6132,10.891,19.040
TERRA,6133,10.892,19.042
TERRA,6134,10.893,19.044
TERRA,6135,10.894,19.046
TERRA,6136,10.895,19.048
TERRA,6137,10.896,19.049
TERRA,6138,10.897,19.051
TERRA,6139,10.898,19.053
TERRA,6140,10.899,19.055
TERRA,6141,10.900,19.056
TERRA,6142,10.901,19.058
TERRA,6143,10.902,19.060
TERRA,6144,10.903,19.062
TERRA,6145,10.904,19.063
TERRA,6146,10.905,19.065
TERRA,6147,10.906,19.067
TERRA,6148,10.907,19.069
TERRA,6149,10.908,19.071
TERRA,6150,10.909,19.072
TERRA,6151,10.910,19.074
TERRA,6152,10.911,19.076
TERRA,6153,10.912,19.078
TERRA,6154,10.913,19.079
TERRA,6155,10.914,19.081
TERRA,6156,10.915,19.083
TERRA,6157,10.916,19.085
TERRA,6158,10.917,19.086
TERRA,6159,10.918,19.088
TERRA,6160,10.919,19.090
TERRA,6161,10.920,19.092
TERRA,6162,10.921,19.093
TERRA,6163,10.922,19.095
TERRA,6164,10.923,19.097
TERRA,6165,10.924,19.099
TERRA,6166,10.925,19.101
TERRA,6167,10.926,19.102
TERRA,6168,10.927,19.104
TERRA,6169,10.928,19.106
TERRA,6170,10.929,19.108
TERRA,6171,10.930,19.109
TERRA,6172,10.931,19.111
TERRA,6173,10.932,19.113
TERRA,6174,10.933,19.115
TERRA,6175,10.934,19.116
TERRA,6176,10.935,19.118
TERRA,6177,10.936,19.120
TERRA,6178,10.937,19.122
TERRA,6179,10.938,19.124
TERRA,6180,10.939,19.125
TERRA,6181,10.940,19.127
TERRA,6182,10.941,19.129
TERRA,6183,10.942,19.131
TERRA,6184,10.943,19.132
TERRA,6185,10.944,19.134
TERRA,6186,10.945,19.136
TERRA,6187,10.946,19.138
TERRA,6188,10.947,19.140
TERRA,6189,10.948,19.141
TERRA,6190,10.949,19.143
TERRA,6191,10.950,19.145
TERRA,6192,10.951,19.147
TERRA,6193,10.952,19.148
TERRA,6194,10.953,19.150
TERRA,6195,10.954,19.152
TERRA,6196,10.955,19.154
TERRA,6197,10.956,19.155
TERRA,6198,10.957,19.157
TERRA,6199,10.958,19.159
TERRA,6200,10.959,19.161
TERRA,6201,10.960,19.163
TERRA,6202,10.961,19.164
TERRA,6203,10.962,19.166
TERRA,6204,10.963,19.168
TERRA,6205,10.964,19.170
TERRA,6206,10.965,19.171
TERRA,6207,10.966,19.173
TERRA,6208,10.967,19.175
TERRA,6209,10.968,19.177
TERRA,6210,10.969,19.179
TERRA,6211,10.970,19.180
TERRA,6212,10.971,19.182
TERRA,6213,10.972,19.184
TERRA,6214,10.973,19.186
TERRA,6215,10.974,19.187
TERRA,6216,10.975,19.189
TERRA,6217,10.976,19.191
TERRA,6218,10.977,19.193
TERRA,6219,10.978,19.195
TERRA,6220,10.979,19.196
TERRA,6221,10.980,19.198
TERRA,6222,10.981,19.200
TERRA,6223,10.982,19.202
TERRA,6224,10.983,19.203
TERRA,6225,10.984,19.205
TERRA,6226,10.985,19.207
TERRA,6227,10.986,19.209
TERRA,6228,10.987,19.211
TERRA,6229,10.988,19.212
TERRA,6230,10.989,19.214
TERRA,6231,10.990,19.216
TERRA,6232,10.991,19.218
TERRA,6233,10.992,19.219
TERRA,6234,10.993,19.221
TERRA,6235,10.994,19.223
TERRA,6236,10.995,19.225
TERRA,6237,10.996,19.227
TERRA,6238,10.997,19.228
TERRA,6239,10.998,19.230
TERRA,6240,10.999,19.232
TERRA,6241,11.000,19.234
TERRA,6242,11.001,19.235
TERRA,6243,11.002,19.237
TERRA,6244,11.003,19.239
TERRA,6245,11.004,19.241
TERRA,6246,11.005,19.243
TERRA,6247,11.006,19.244
TERRA,6248,11.007,19.246
TERRA,6249,11.008,19.248
TERRA,6250,11.009,19.250
TERRA,6251,11.010,19.251
TERRA,6252,11.011,19.253
TERRA,6253,11.012,19.255
TERRA,6254,11.013,19.257
TERRA,6255,11.014,19.258
TERRA,6256,11.015,19.260
TERRA,6257,11.016,19.262
TERRA,6258,11.017,19.264
TERRA,6259,11.018,19.266
TERRA,6260,11.019,19.267
TERRA,6261,11.020,19.269
TERRA,6262,11.021,19.271
TERRA,6263,11.022,19.273
TERRA,6264,11.023,19.274
TERRA,6265,11.024,19.276
TERRA,6266,11.025,19.278
TERRA,6267,11.026,19.280
TERRA,6268,11.027,19.282
TERRA,6269,11.028,19.283
TERRA,6270,11.029,19.285
TERRA,6271,11.030,19.287
TERRA,6272,11.031,19.289
TERRA,6273,11.032,19.290
TERRA,6274,11.033,19.292
TERRA,6275,11.034,19.294
TERRA,6276,11.035,19.296
TERRA,6277,11.036,19.298
TERRA,6278,11.037,19.299
TERRA,6279,11.038,19.301
TERRA,6280,11.039,19.303
TERRA,6281,11.040,19.305
TERRA,6282,11.041,19.306
TERRA,6283,11.042,19.308
TERRA,6284,11.043,19.310
TERRA,6285,11.044,19.312
TERRA,6286,11.045,19.314
TERRA,6287,11.046,19.315
TERRA,6288,11.048,19.317
TERRA,6289,11.049,19.319
TERRA,6290,11.050,19.321
TERRA,6291,11.051,19.323
TERRA,6292,11.052,19.324
TERRA,6293,11.053,19.326
TERRA,6294,11.054,19.328
TERRA,6295,11.055,19.330
TERRA,6296,11.056,19.331
TERRA,6297,11.057,19.333
TERRA,6298,11.058,19.335
TERRA,6299,11.059,19.337
TERRA,6300,11.060,19.339
TERRA,6301,11.061,19.340
TERRA,6302,11.062,19.342
TERRA,6303,11.063,19.344
TERRA,6304,11.064,19.346
TERRA,6305,11.065,19.347
TERRA,6306,11.066,19.349
TERRA,6307,11.067,19.351
TERRA,6308,11.068,19.353
TERRA,6309,11.069,19.355
TERRA,6310,11.070,19.356
TERRA,6311,11.071,19.358
TERRA,6312,11.072,19.360
TERRA,6313,11.073,19.362
TERRA,6314,11.074,19.364
TERRA,6315,11.075,19.365
TERRA,6316,11.076,19.367
TERRA,6317,11.077,19.369
TERRA,6318,11.078,19.371
TERRA,6319,11.079,19.372
TERRA,6320,11.080,19.374
TERRA,6321,11.081,19.376
TERRA,6322,11.082,19.378
TERRA,6323,11.083,19.380
TERRA,6324,11.084,19.381
TERRA,6325,11.085,19.383
TERRA,6326,11.086,19.385
TERRA,6327,11.087,19.387
TERRA,6328,11.088,19.389
TERRA,6329,11.089,19.390
TERRA,6330,11.090,19.392
TERRA,6331,11.091,19.394
TERRA,6332,11.092,19.396
TERRA,6333,11.093,19.397
TERRA,6334,11.094,19.399
TERRA,6335,11.095,19.401
TERRA,6336,11.096,19.403
TERRA,6337,11.097,19.405
TERRA,6338,11.098,19.406
TERRA,6339,11.099,19.408
TERRA,6340,11.100,19.410
TERRA,6341,11.101,19.412
TERRA,6342,11.102,19.414
TERRA,6343,11.103,19.415
TERRA,6344,11.104,19.417
TERRA,6345,11.105,19.419
TERRA,6346,11.106,19.421
TERRA,6347,11.107,19.422
TERRA,6348,11.108,19.424
TERRA,6349,11.109,19.426
TERRA,6350,11.110,19.428
TERRA,6351,11.111,19.430
TERRA,6352,11.112,19.431
TERRA,6353,11.113,19.433
TERRA,6354,11.114,19.435
TERRA,6355,11.115,19.437
TERRA,6356,11.116,19.439
TERRA,6357,11.117,19.440
TERRA,6358,11.118,19.442
TERRA,6359,11.119,19.444
TERRA,6360,11.120,19.446
TERRA,6361,11.121,19.448
TERRA,6362,11.122,19.449
TERRA,6363,11.123,19.451
TERRA,6364,11.124,19.453
TERRA,6365,11.125,19.455
TERRA,6366,11.126,19.456
TERRA,6367,11.127,19.458
TERRA,6368,11.128,19.460
TERRA,6369,11.129,19.462
TERRA,6370,11.130,19.464
TERRA,6371,11.131,19.465
TERRA,6372,11.132,19.467
TERRA,6373,11.133,19.469
TERRA,6374,11.134,19.471
TERRA,6375,11.135,19.473
TERRA,6376,11.136,19.474
TERRA,6377,11.137,19.476
TERRA,6378,11.138,19.478
TERRA,6379,11.139,19.480
TERRA,6380,11.140,19.482
TERRA,6381,11.141,19.483
TERRA,6382,11.142,19.485
TERRA,6383,11.143,19.487
TERRA,6384,11.144,19.489
TERRA,6385,11.145,19.491
TERRA,6386,11.146,19.492
TERRA,6387,11.147,19.494
TERRA,6388,11.148,19.496
TERRA,6389,11.149,19.498
TERRA,6390,11.150,19.499
TERRA,6391,11.151,19.501
TERRA,6392,11.152,19.503
TERRA,6393,11.153,19.505
TERRA,6394,11.154,19.507
TERRA,6395,11.155,19.508
TERRA,6396,11.156,19.510
TERRA,6397,11.157,19.512
TERRA,6398,11.158,19.514
TERRA,6399,11.159,19.516
TERRA,6400,11.160,19.517
TERRA,6401,11.161,19.519
TERRA,6402,11.162,19.521
TERRA,6403,11.164,19.523
TERRA,6404,11.165,19.525
TERRA,6405,11.166,19.526
TERRA,6406,11.167,19.528
TERRA,6407,11.168,19.530
TERRA,6408,11.169,19.532
TERRA,6409,11.170,19.534
TERRA,6410,11.171,19.535
TERRA,6411,11.172,19.537
TERRA,6412,11.173,19.539
TERRA,6413,11.174,19.541
TERRA,6414,11.175,19.543
TERRA,6415,11.176,19.544
TERRA,6416,11.177,19.546
TERRA,6417,11.178,19.548
TERRA,6418,11.179,19.550
TERRA,6419,11.180,19.552
TERRA,6420,11.181,19.553
TERRA,6421,11.182,19.555
TERRA,6422,11.183,19.557
TERRA,6423,11.184,19.559
TERRA,6424,11.185,19.561
TERRA,6425,11.186,19.562
TERRA,6426,11.187,19.564
TERRA,6427,11.188,19.566
TERRA,6428,11.189,19.568
TERRA,6429,11.190,19.570
TERRA,6430,11.191,19.571
TERRA,6431,11.192,19.573
TERRA,6432,11.193,19.575
TERRA,6433,11.194,19.577
TERRA,6434,11.195,19.579
TERRA,6435,11.196,19.580
TERRA,6436,11.197,19.582
TERRA,6437,11.198,19.584
TERRA,6438,11.199,19.586
TERRA,6439,11.200,19.588
TERRA,6440,11.201,19.589
TERRA,6441,11.202,19.591
TERRA,6442,11.203,19.593
TERRA,6443,11.204,19.595
TERRA,6444,11.205,19.597
TERRA,6445,11.206,19.598
TERRA,6446,11.207,19.600
TERRA,6447,11.208,19.602
TERRA,6448,11.209,19.604
TERRA,6449,11.210,19.606
TERRA,6450,11.211,19.607
TERRA,6451,11.212,19.609
TERRA,6452,11.213,19.611
TERRA,6453,11.214,19.613
TERRA,6454,11.215,19.615
TERRA,6455,11.216,19.616
TERRA,6456,11.217,19.618
TERRA,6457,11.218,19.620
TERRA,6458,11.219,19.622
TERRA,6459,11.220,19.624
TERRA,6460,11.221,19.625
TERRA,6461,11.222,19.627
TERRA,6462,11.223,19.629
TERRA,6463,11.224,19.631
TERRA,6464,11.225,19.633
TERRA,6465,11.226,19.634
TERRA,6466,11.227,19.636
TERRA,6467,11.228,19.638
TERRA,6468,11.229,19.640
TERRA,6469,11.230,19.642
TERRA,6470,11.231,19.643
TERRA,6471,11.233,19.645
TERRA,6472,11.234,19.647
TERRA,6473,11.235,19.649
TERRA,6474,11.236,19.651
TERRA,6475,11.237,19.652
TERRA,6476,11.238,19.654
TERRA,6477,11.239,19.656
TERRA,6478,11.240,19.658
TERRA,6479,11.241,19.660
TERRA,6480,11.242,19.661
TERRA,6481,11.243,19.663
TERRA,6482,11.244,19.665
TERRA,6483,11.245,19.667
TERRA,6484,11.246,19.669
TERRA,6485,11.247,19.670
TERRA,6486,11.248,19.672
TERRA,6487,11.249,19.674
TERRA,6488,11.250,19.676
TERRA,6489,11.251,19.678
TERRA,6490,11.252,19.679
TERRA,6491,11.253,19.681
TERRA,6492,11.254,19.683
TERRA,6493,11.255,19.685
TERRA,6494,11.256,19.687
TERRA,6495,11.257,19.688
TERRA,6496,11.258,19.690
TERRA,6497,11.259,19.692
TERRA,6498,11.260,19.694
TERRA,6499,11.261,19.696
TERRA,6500,11.262,19.698
TERRA,6501,11.263,19.699
TERRA,6502,11.264,19.701
TERRA,6503,11.265,19.703
TERRA,6504,11.266,19.705
TERRA,6505,11.267,19.707
TERRA,6506,11.268,19.708
TERRA,6507,11.269,19.710
TERRA,6508,11.270,19.712
TERRA,6509,11.271,19.714
TERRA,6510,11.272,19.716
TERRA,6511,11.273,19.717
TERRA,6512,11.274,19.719
TERRA,6513,11.275,19.721
TERRA,6514,11.276,19.723
TERRA,6515,11.277,19.725
TERRA,6516,11.278,19.726
TERRA,6517,11.279,19.728
TERRA,6518,11.280,19.730
TERRA,6519,11.281,19.732
TERRA,6520,11.282,19.734
TERRA,6521,11.283,19.736
TERRA,6522,11.284,19.737
TERRA,6523,11.285,19.739
TERRA,6524,11.286,19.741
TERRA,6525,11.288,19.743
TERRA,6526,11.289,19.745
TERRA,6527,11.290,19.746
TERRA,6528,11.291,19.748
TERRA,6529,11.292,19.750
TERRA,6530,11.293,19.752
TERRA,6531,11.294,19.754
TERRA,6532,11.295,19.755
TERRA,6533,11.296,19.757
TERRA,6534,11.297,19.759
TERRA,6535,11.298,19.761
TERRA,6536,11.299,19.763
TERRA,6537,11.300,19.764
TERRA,6538,11.301,19.766
TERRA,6539,11.302,19.768
TERRA,6540,11.303,19.770
TERRA,6541,11.304,19.772
TERRA,6542,11.305,19.774
TERRA,6543,11.306,19.775
TERRA,6544,11.307,19.777
TERRA,6545,11.308,19.779
TERRA,6546,11.309,19.781
TERRA,6547,11.310,19.783
TERRA,6548,11.311,19.784
TERRA,6549,11.312,19.786
TERRA,6550,11.313,19.788
TERRA,6551,11.314,19.790
TERRA,6552,11.315,19.792
TERRA,6553,11.316,19.793
TERRA,6554,11.317,19.795
TERRA,6555,11.318,19.797
TERRA,6556,11.319,19.799
TERRA,6557,11.320,19.801
TERRA,6558,11.321,19.803
TERRA,6559,11.322,19.804
TERRA,6560,11.323,19.806
TERRA,6561,11.324,19.808
TERRA,6562,11.325,19.810
TERRA,6563,11.326,19.812
TERRA,6564,11.327,19.813
TERRA,6565,11.328,19.815
TERRA,6566,11.329,19.817
TERRA,6567,11.330,19.819
TERRA,6568,11.331,19.821
TERRA,6569,11.332,19.823
TERRA,6570,11.333,19.824
TERRA,6571,11.335,19.826
TERRA,6572,11.336,19.828
TERRA,6573,11.337,19.830
TERRA,6574,11.338,19.832
TERRA,6575,11.339,19.833
TERRA,6576,11.340,19.835
TERRA,6577,11.341,19.837
TERRA,6578,11.342,19.839
TERRA,6579,11.343,19.841
TERRA,6580,11.344,19.842
TERRA,6581,11.345,19.844
TERRA,6582,11.346,19.846
TERRA,6583,11.347,19.848
TERRA,6584,11.348,19.850
TERRA,6585,11.349,19.852
TERRA,6586,11.350,19.853
TERRA,6587,11.351,19.855
TERRA,6588,11.352,19.857
TERRA,6589,11.353,19.859
TERRA,6590,11.354,19.861
TERRA,6591,11.355,19.862
TERRA,6592,11.356,19.864
TERRA,6593,11.357,19.866
TERRA,6594,11.358,19.868
TERRA,6595,11.359,19.870
TERRA,6596,11.360,19.872
TERRA,6597,11.361,19.873
TERRA,6598,11.362,19.875
TERRA,6599,11.363,19.877
TERRA,6600,11.364,19.879
TERRA,6601,11.365,19.881
TERRA,6602,11.366,19.882
TERRA,6603,11.367,19.884
TERRA,6604,11.368,19.886
TERRA,6605,11.369,19.888
TERRA,6606,11.370,19.890
TERRA,6607,11.371,19.892
TERRA,6608,11.372,19.893
TERRA,6609,11.373,19.895
TERRA,6610,11.374,19.897
TERRA,6611,11.375,19.899
TERRA,6612,11.377,19.901
TERRA,6613,11.378,19.902
TERRA,6614,11.379,19.904
TERRA,6615,11.380,19.906
TERRA,6616,11.381,19.908
TERRA,6617,11.382,19.910
TERRA,6618,11.383,19.912
TERRA,6619,11.384,19.913
TERRA,6620,11.385,19.915
TERRA,6621,11.386,19.917
TERRA,6622,11.387,19.919
TERRA,6623,11.388,19.921
TERRA,6624,11.389,19.923
TERRA,6625,11.390,19.924
TERRA,6626,11.391,19.926
TERRA,6627,11.392,19.928
TERRA,6628,11.393,19.930
TERRA,6629,11.394,19.932
TERRA,6630,11.395,19.933
TERRA,6631,11.396,19.935
TERRA,6632,11.397,19.937
TERRA,6633,11.398,19.939
TERRA,6634,11.399,19.941
TERRA,6635,11.400,19.943
TERRA,6636,11.401,19.944
TERRA,6637,11.402,19.946
TERRA,6638,11.403,19.948
TERRA,6639,11.404,19.950
TERRA,6640,11.405,19.952
TERRA,6641,11.406,19.954
TERRA,6642,11.407,19.956
TERRA,6643,11.408,19.957
TERRA,6644,11.410,19.959
TERRA,6645,11.411,19.961
TERRA,6646,11.412,19.963
TERRA,6647,11.413,19.965
TERRA,6648,11.414,19.967
TERRA,6649,11.415,19.969
TERRA,6650,11.416,19.971
TERRA,6651,11.417,19.973
TERRA,6652,11.418,19.974
TERRA,6653,11.419,19.976
TERRA,6654,11.420,19.978
TERRA,6655,11.421,19.980
TERRA,6656,11.422,19.982
TERRA,6657,11.423,19.984
TERRA,6658,11.424,19.986
TERRA,6659,11.426,19.988
TERRA,6660,11.427,19.990
TERRA,6661,11.428,19.992
TERRA,6662,11.429,19.993
TERRA,6663,11.430,19.995
TERRA,6664,11.431,19.997
TERRA,6665,11.432,19.999
TERRA,6666,11.433,20.001
TERRA,6667,11.434,20.003
TERRA,6668,11.435,20.005
TERRA,6669,11.436,20.007
TERRA,6670,11.437,20.009
TERRA,6671,11.438,20.010
TERRA,6672,11.439,20.012
TERRA,6673,11.441,20.014
TERRA,6674,11.442,20.016
TERRA,6675,11.443,20.018
TERRA,6676,11.444,20.020
TERRA,6677,11.445,20.022
TERRA,6678,11.446,20.024
TERRA,6679,11.447,20.026
TERRA,6680,11.448,20.028
TERRA,6681,11.449,20.029
TERRA,6682,11.450,20.031
TERRA,6683,11.451,20.033
TERRA,6684,11.452,20.035
TERRA,6685,11.453,20.037
TERRA,6686,11.454,20.039
TERRA,6687,11.455,20.041
TERRA,6688,11.457,20.043
TERRA,6689,11.458,20.045
TERRA,6690,11.459,20.046
TERRA,6691,11.460,20.048
TERRA,6692,11.461,20.050
TERRA,6693,11.462,20.052
TERRA,6694,11.463,20.054
TERRA,6695,11.464,20.056
TERRA,6696,11.465,20.058
TERRA,6697,11.466,20.060
TERRA,6698,11.467,20.062
TERRA,6699,11.468,20.064
TERRA,6700,11.469,20.065
TERRA,6701,11.470,20.067
TERRA,6702,11.472,20.069
TERRA,6703,11.473,20.071
TERRA,6704,11.474,20.073
TERRA,6705,11.475,20.075
TERRA,6706,11.476,20.077
TERRA,6707,11.477,20.079
TERRA,6708,11.478,20.081
TERRA,6709,11.479,20.083
TERRA,6710,11.480,20.084
TERRA,6711,11.481,20.086
TERRA,6712,11.482,20.088
TERRA,6713,11.483,20.090
TERRA,6714,11.484,20.092
TERRA,6715,11.485,20.094
TERRA,6716,11.486,20.096
TERRA,6717,11.488,20.098
TERRA,6718,11.489,20.100
TERRA,6719,11.490,20.102
TERRA,6720,11.491,20.103
TERRA,6721,11.492,20.105
TERRA,6722,11.493,20.107
TERRA,6723,11.494,20.109
TERRA,6724,11.495,20.111
TERRA,6725,11.496,20.113
TERRA,6726,11.497,20.115
TERRA,6727,11.498,20.117
TERRA,6728,11.499,20.119
TERRA,6729,11.500,20.121
TERRA,6730,11.501,20.122
TERRA,6731,11.503,20.124
TERRA,6732,11.504,20.126
TERRA,6733,11.505,20.128
TERRA,6734,11.506,20.130
TERRA,6735,11.507,20.132
TERRA,6736,11.508,20.134
TERRA,6737,11.509,20.136
TERRA,6738,11.510,20.138
TERRA,6739,11.511,20.140
TERRA,6740,11.512,20.141
TERRA,6741,11.513,20.143
TERRA,6742,11.514,20.145
TERRA,6743,11.515,20.147
TERRA,6744,11.516,20.149
TERRA,6745,11.518,20.151
TERRA,6746,11.519,20.153
TERRA,6747,11.520,20.155
TERRA,6748,11.521,20.157
TERRA,6749,11.522,20.159
TERRA,6750,11.523,20.161
TERRA,6751,11.524,20.162
TERRA,6752,11.525,20.164
TERRA,6753,11.526,20.166
TERRA,6754,11.527,20.168
TERRA,6755,11.528,20.170
TERRA,6756,11.529,20.172
TERRA,6757,11.530,20.174
TERRA,6758,11.531,20.176
TERRA,6759,11.533,20.178
TERRA,6760,11.534,20.180
TERRA,6761,11.535,20.181
TERRA,6762,11.536,20.183
TERRA,6763,11.537,20.185
TERRA,6764,11.538,20.187
TERRA,6765,11.539,20.189
TERRA,6766,11.540,20.191
TERRA,6767,11.541,20.193
TERRA,6768,11.542,20.195
TERRA,6769,11.543,20.197
TERRA,6770,11.544,20.198
TERRA,6771,11.545,20.200
TERRA,6772,11.546,20.202
TERRA,6773,11.547,20.204
TERRA,6774,11.549,20.206
TERRA,6775,11.550,20.208
TERRA,6776,11.551,20.210
TERRA,6777,11.552,20.212
TERRA,6778,11.553,20.214
TERRA,6779,11.554,20.215
TERRA,6780,11.555,20.217
TERRA,6781,11.556,20.219
TERRA,6782,11.557,20.221
TERRA,6783,11.558,20.223
TERRA,6784,11.559,20.225
TERRA,6785,11.560,20.227
TERRA,6786,11.561,20.229
TERRA,6787,11.562,20.231
TERRA,6788,11.563,20.232
TERRA,6789,11.564,20.234
TERRA,6790,11.566,20.236
TERRA,6791,11.567,20.238
TERRA,6792,11.568,20.240
TERRA,6793,11.569,20.242
TERRA,6794,11.570,20.244
TERRA,6795,11.571,20.246
TERRA,6796,11.572,20.248
TERRA,6797,11.573,20.250
TERRA,6798,11.574,20.251
TERRA,6799,11.575,20.253
TERRA,6800,11.576,20.255
TERRA,6801,11.577,20.257
TERRA,6802,11.578,20.259
TERRA,6803,11.579,20.261
TERRA,6804,11.580,20.263
TERRA,6805,11.582,20.265
TERRA,6806,11.583,20.267
TERRA,6807,11.584,20.268
TERRA,6808,11.585,20.270
TERRA,6809,11.586,20.272
TERRA,6810,11.587,20.274
TERRA,6811,11.588,20.276
TERRA,6812,11.589,20.278
TERRA,6813,11.590,20.280
TERRA,6814,11.591,20.282
TERRA,6815,11.592,20.284
TERRA,6816,11.593,20.285
TERRA,6817,11.594,20.287
TERRA,6818,11.595,20.289
TERRA,6819,11.596,20.291
TERRA,6820,11.598,20.293
TERRA,6821,11.599,20.295
TERRA,6822,11.600,20.297
TERRA,6823,11.601,20.299
TERRA,6824,11.602,20.301
TERRA,6825,11.603,20.303
TERRA,6826,11.604,20.304
TERRA,6827,11.605,20.306
TERRA,6828,11.606,20.308
TERRA,6829,11.607,20.310
TERRA,6830,11.608,20.312
TERRA,6831,11.609,20.314
TERRA,6832,11.610,20.316
TERRA,6833,11.611,20.318
TERRA,6834,11.612,20.320
TERRA,6835,11.614,20.322
TERRA,6836,11.615,20.323
TERRA,6837,11.616,20.325
TERRA,6838,11.617,20.327
TERRA,6839,11.618,20.329
TERRA,6840,11.619,20.331
TERRA,6841,11.620,20.333
TERRA,6842,11.621,20.335
TERRA,6843,11.622,20.337
TERRA,6844,11.623,20.339
TERRA,6845,11.624,20.340
TERRA,6846,11.625,20.342
TERRA,6847,11.626,20.344
TERRA,6848,11.627,20.346
TERRA,6849,11.628,20.348
TERRA,6850,11.630,20.350
TERRA,6851,11.631,20.352
TERRA,6852,11.632,20.354
TERRA,6853,11.633,20.356
TERRA,6854,11.634,20.358
TERRA,6855,11.635,20.359
TERRA,6856,11.636,20.361
TERRA,6857,11.637,20.363
TERRA,6858,11.638,20.365
TERRA,6859,11.639,20.367
TERRA,6860,11.640,20.369
TERRA,6861,11.641,20.371
TERRA,6862,11.642,20.373
TERRA,6863,11.643,20.375
TERRA,6864,11.645,20.377
TERRA,6865,11.646,20.378
TERRA,6866,11.647,20.380
TERRA,6867,11.648,20.382
TERRA,6868,11.649,20.384
TERRA,6869,11.650,20.386
TERRA,6870,11.651,20.388
TERRA,6871,11.652,20.390
TERRA,6872,11.653,20.392
TERRA,6873,11.654,20.394
TERRA,6874,11.655,20.396
TERRA,6875,11.656,20.397
TERRA,6876,11.657,20.399
TERRA,6877,11.658,20.401
TERRA,6878,11.660,20.403
TERRA,6879,11.661,20.405
TERRA,6880,11.662,20.407
TERRA,6881,11.663,20.409
TERRA,6882,11.664,20.411
TERRA,6883,11.665,20.413
TERRA,6884,11.666,20.415
TERRA,6885,11.667,20.417
TERRA,6886,11.668,20.419
TERRA,6887,11.669,20.421
TERRA,6888,11.670,20.422
TERRA,6889,11.671,20.424
TERRA,6890,11.673,20.426
TERRA,6891,11.674,20.428
TERRA,6892,11.675,20.430
TERRA,6893,11.676,20.432
TERRA,6894,11.677,20.434
TERRA,6895,11.678,20.436
TERRA,6896,11.679,20.438
TERRA,6897,11.680,20.440
TERRA,6898,11.681,20.442
TERRA,6899,11.682,20.444
TERRA,6900,11.683,20.446
TERRA,6901,11.684,20.447
TERRA,6902,11.686,20.449
TERRA,6903,11.687,20.451
TERRA,6904,11.688,20.453
TERRA,6905,11.689,20.455
TERRA,6906,11.690,20.457
TERRA,6907,11.691,20.459
TERRA,6908,11.692,20.461
TERRA,6909,11.693,20.463
TERRA,6910,11.694,20.465
TERRA,6911,11.695,20.467
TERRA,6912,11.696,20.469
TERRA,6913,11.697,20.471
TERRA,6914,11.698,20.472
TERRA,6915,11.700,20.474
TERRA,6916,11.701,20.476
TERRA,6917,11.702,20.478
TERRA,6918,11.703,20.480
TERRA,6919,11.704,20.482
TERRA,6920,11.705,20.484
TERRA,6921,11.706,20.486
TERRA,6922,11.707,20.488
TERRA,6923,11.708,20.490
TERRA,6924,11.709,20.492
TERRA,6925,11.710,20.494
TERRA,6926,11.711,20.496
TERRA,6927,11.713,20.497
TERRA,6928,11.714,20.499
TERRA,6929,11.715,20.501
TERRA,6930,11.716,20.503
TERRA,6931,11.717,20.505
TERRA,6932,11.718,20.507
TERRA,6933,11.719,20.509
TERRA,6934,11.720,20.511
TERRA,6935,11.721,20.513
TERRA,6936,11.722,20.515
TERRA,6937,11.723,20.517
TERRA,6938,11.724,20.519
TERRA,6939,11.726,20.521
TERRA,6940,11.727,20.522
TERRA,6941,11.728,20.524
TERRA,6942,11.729,20.526
TERRA,6943,11.730,20.528
TERRA,6944,11.731,20.530
TERRA,6945,11.732,20.532
TERRA,6946,11.733,20.534
TERRA,6947,11.734,20.536
TERRA,6948,11.735,20.538
TERRA,6949,11.736,20.540
TERRA,6950,11.737,20.542
TERRA,6951,11.739,20.544
TERRA,6952,11.740,20.546
TERRA,6953,11.741,20.548
TERRA,6954,11.742,20.549
TERRA,6955,11.743,20.551
TERRA,6956,11.744,20.553
TERRA,6957,11.745,20.555
TERRA,6958,11.746,20.557
TERRA,6959,11.747,20.559
TERRA,6960,11.748,20.561
TERRA,6961,11.749,20.563
TERRA,6962,11.750,20.565
TERRA,6963,11.752,20.567
TERRA,6964,11.753,20.569
TERRA,6965,11.754,20.571
TERRA,6966,11.755,20.573
TERRA,6967,11.756,20.574
TERRA,6968,11.757,20.576
TERRA,6969,11.758,20.578
TERRA,6970,11.759,20.580
TERRA,6971,11.760,20.582
TERRA,6972,11.761,20.584
TERRA,6973,11.762,20.586
TERRA,6974,11.764,20.588
TERRA,6975,11.765,20.590
TERRA,6976,11.766,20.592
TERRA,6977,11.767,20.594
TERRA,6978,11.768,20.596
TERRA,6979,11.769,20.598
TERRA,6980,11.770,20.600
TERRA,6981,11.771,20.601
TERRA,6982,11.772,20.603
TERRA,6983,11.773,20.605
TERRA,6984,11.774,20.607
TERRA,6985,11.775,20.609
TERRA,6986,11.777,20.611
TERRA,6987,11.778,20.613
TERRA,6988,11.779,20.615
TERRA,6989,11.780,20.617
TERRA,6990,11.781,20.619
TERRA,6991,11.782,20.621
TERRA,6992,11.783,20.623
TERRA,6993,11.784,20.625
TERRA,6994,11.785,20.627
TERRA,6995,11.786,20.628
TERRA,6996,11.787,20.630
TERRA,6997,11.788,20.632
TERRA,6998,11.790,20.634
TERRA,6999,11.791,20.636
TERRA,7000,11.792,20.638
TERRA,7001,11.793,20.640
TERRA,7002,11.794,20.642
TERRA,7003,11.795,20.644
TERRA,7004,11.796,20.646
TERRA,7005,11.797,20.648
TERRA,7006,11.798,20.650
TERRA,7007,11.799,20.652
TERRA,7008,11.800,20.654
TERRA,7009,11.802,20.656
TERRA,7010,11.803,20.657
TERRA,7011,11.804,20.659
TERRA,7012,11.805,20.661
TERRA,7013,11.806,20.663
TERRA,7014,11.807,20.665
TERRA,7015,11.808,20.667
TERRA,7016,11.809,20.669
TERRA,7017,11.810,20.671
TERRA,7018,11.811,20.673
TERRA,7019,11.812,20.675
TERRA,7020,11.813,20.677
TERRA,7021,11.815,20.679
TERRA,7022,11.816,20.681
TERRA,7023,11.817,20.683
TERRA,7024,11.818,20.684
TERRA,7025,11.819,20.686
TERRA,7026,11.820,20.688
TERRA,7027,11.821,20.690
TERRA,7028,11.822,20.692
TERRA,7029,11.823,20.694
TERRA,7030,11.824,20.696
TERRA,7031,11.825,20.698
TERRA,7032,11.827,20.700
TERRA,7033,11.828,20.702
TERRA,7034,11.829,20.704
TERRA,7035,11.830,20.706
TERRA,7036,11.831,20.708
TERRA,7037,11.832,20.710
TERRA,7038,11.833,20.712
TERRA,7039,11.834,20.713
TERRA,7040,11.835,20.715
TERRA,7041,11.836,20.717
TERRA,7042,11.837,20.719
TERRA,7043,11.838,20.721
TERRA,7044,11.840,20.723
TERRA,7045,11.841,20.725
TERRA,7046,11.842,20.727
TERRA,7047,11.843,20.729
TERRA,7048,11.844,20.731
TERRA,7049,11.845,20.733
TERRA,7050,11.846,20.735
TERRA,7051,11.847,20.737
TERRA,7052,11.848,20.739
TERRA,7053,11.849,20.741
TERRA,7054,11.850,20.742
TERRA,7055,11.852,20.744
TERRA,7056,11.853,20.746
TERRA,7057,11.854,20.748
TERRA,7058,11.855,20.750
TERRA,7059,11.856,20.752
TERRA,7060,11.857,20.754
TERRA,7061,11.858,20.756
TERRA,7062,11.859,20.758
TERRA,7063,11.860,20.760
TERRA,7064,11.861,20.762
TERRA,7065,11.862,20.764
TERRA,7066,11.864,20.766
TERRA,7067,11.865,20.768
TERRA,7068,11.866,20.770
TERRA,7069,11.867,20.772
TERRA,7070,11.868,20.773
TERRA,7071,11.869,20.775
TERRA,7072,11.870,20.777
TERRA,7073,11.871,20.779
TERRA,7074,11.872,20.781
TERRA,7075,11.873,20.783
TERRA,7076,11.874,20.785
TERRA,7077,11.875,20.787
TERRA,7078,11.877,20.789
TERRA,7079,11.878,20.791
TERRA,7080,11.879,20.793
TERRA,7081,11.880,20.795
TERRA,7082,11.881,20.797
TERRA,7083,11.882,20.799
TERRA,7084,11.883,20.801
TERRA,7085,11.884,20.803
TERRA,7086,11.885,20.804
TERRA,7087,11.885,20.804
TERRA,7088,11.885,20.804
TERRA,7089,11.885,20.804
TERRA,7090,11.885,20.804
TERRA,7091,11.885,20.804
TERRA,7092,11.885,20.804
TERRA,7093,11.885,20.804
TERRA,7094,11.885,20.804
TERRA,7095,11.885,20.804
TERRA,7096,11.885,20.804
TERRA,7097,11.885,20.804
TERRA,7098,11.885,20.804
TERRA,7099,11.885,20.804
TERRA,7100,11.885,20.804
TERRA,7101,11.885,20.804
TERRA,7102,11.885,20.804
TERRA,7103,11.885,20.804
TERRA,7104,11.885,20.804
TERRA,7105,11.885,20.804
TERRA,7106,11.885,20.804
TERRA,7107,11.885,20.804
TERRA,7108,11.885,20.804
TERRA,7109,11.885,20.804
TERRA,7110,11.885,20.804
TERRA,7111,11.885,20.804
TERRA,7112,11.885,20.804
TERRA,7113,11.885,20.804
TERRA,7114,11.885,20.804
TERRA,7115,11.885,20.804
TERRA,7116,11.885,20.804
TERRA,7117,11.885,20.804
TERRA,7118,11.885,20.804
TERRA,7119,11.885,20.804
TERRA,7120,11.885,20.804
TERRA,7121,11.885,20.804
TERRA,7122,11.885,20.804
TERRA,7123,11.885,20.804
TERRA,7124,11.885,20.804
TERRA,7125,11.885,20.804
TERRA,7126,11.885,20.804
TERRA,7127,11.885,20.804
TERRA,7128,11.885,20.804
TERRA,7129,11.885,20.804
TERRA,7130,11.885,20.804
TERRA,7131,11.885,20.804
TERRA,7132,11.885,20.804
TERRA,7133,11.885,20.804
TERRA,7134,11.885,20.804
TERRA,7135,11.885,20.804
TERRA,7136,11.885,20.804
TERRA,7137,11.885,20.804
TERRA,7138,11.885,20.804
TERRA,7139,11.885,20.804
TERRA,7140,11.885,20.804
TERRA,7141,11.885,20.804
TERRA,7142,11.885,20.804
TERRA,7143,11.885,20.804
TERRA,7144,11.885,20.804
TERRA,7145,11.885,20.804
TERRA,7146,11.885,20.804
TERRA,7147,11.885,20.804
TERRA,7148,11.885,20.804
TERRA,7149,11.885,20.804
TERRA,7150,11.885,20.804
TERRA,7151,11.885,20.804
TERRA,7152,11.885,20.804
TERRA,7153,11.885,20.804
TERRA,7154,11.885,20.804
TERRA,7155,11.885,20.804
TERRA,7156,11.885,20.804
TERRA,7157,11.885,20.804
TERRA,7158,11.885,20.804
TERRA,7159,11.885,20.804
TERRA,7160,11.885,20.804
TERRA,7161,11.885,20.804
TERRA,7162,11.885,20.804
TERRA,7163,11.885,20.804
TERRA,7164,11.885,20.804
TERRA,7165,11.885,20.804
TERRA,7166,11.885,20.804
TERRA,7167,11.885,20.804
TERRA,7168,11.885,20.804
TERRA,7169,11.885,20.804
TERRA,7170,11.885,20.804
TERRA,7171,11.885,20.804
TERRA,7172,11.885,20.804
TERRA,7173,11.885,20.804
TERRA,7174,11.885,20.804
TERRA,7175,11.885,20.804
TERRA,7176,11.885,20.804
TERRA,7177,11.885,20.804
TERRA,7178,11.885,20.804
TERRA,7179,11.885,20.804
TERRA,7180,11.885,20.804
TERRA,7181,11.885,20.804
TERRA,7182,11.885,20.804
TERRA,7183,11.885,20.804
TERRA,7184,11.885,20.804
TERRA,7185,11.885,20.804
TERRA,7186,11.885,20.804
TERRA,7187,11.885,20.804
TERRA,7188,11.885,20.804
TERRA,7189,11.885,20.804
TERRA,7190,11.885,20.804
TERRA,7191,11.885,20.804
TERRA,7192,11.885,20.804
TERRA,7193,11.885,20.804
TERRA,7194,11.885,20.804
TERRA,7195,11.885,20.804
TERRA,7196,11.885,20.804
TERRA,7197,11.885,20.804
TERRA,7198,11.885,20.804
TERRA,7199,11.885,20.804
TERRA,7200,11.885,20.804
TERRA,7201,11.885,20.804
TERRA,7202,11.885,20.804
TERRA,7203,11.885,20.804
TERRA,7204,11.885,20.804
TERRA,7205,11.885,20.804
TERRA,7206,11.885,20.804
TERRA,7207,11.885,20.804
TERRA,7208,11.885,20.804
TERRA,7209,11.885,20.804
TERRA,7210,11.885,20.804
TERRA,7211,11.885,20.804
TERRA,7212,11.885,20.804
TERRA,7213,11.885,20.804
TERRA,7214,11.885,20.804
TERRA,7215,11.885,20.804
TERRA,7216,11.885,20.804
TERRA,7217,11.885,20.804
TERRA,7218,11.885,20.804
TERRA,7219,11.885,20.804
TERRA,7220,11.885,20.804
TERRA,7221,11.885,20.804
TERRA,7222,11.885,20.804
TERRA,7223,11.885,20.804
TERRA,7224,11.885,20.804
TERRA,7225,11.885,20.804
TERRA,7226,11.885,20.804
TERRA,7227,11.885,20.804
TERRA,7228,11.885,20.804
TERRA,7229,11.885,20.804
TERRA,7230,11.885,20.804
TERRA,7231,11.885,20.804
TERRA,7232,11.885,20.804
TERRA,7233,11.885,20.804
TERRA,7234,11.885,20.804
TERRA,7235,11.885,20.804
TERRA,7236,11.885,20.804
TERRA,7237,11.885,20.804
TERRA,7238,11.885,20.804
TERRA,7239,11.885,20.804
TERRA,7240,11.885,20.804
TERRA,7241,11.885,20.804
TERRA,7242,11.885,20.804
TERRA,7243,11.885,20.804
TERRA,7244,11.885,20.804
TERRA,7245,11.885,20.804
TERRA,7246,11.885,20.804
TERRA,7247,11.885,20.804
TERRA,7248,11.885,20.804
TERRA,7249,11.885,20.804
TERRA,7250,11.885,20.804
TERRA,7251,11.885,20.804
TERRA,7252,11.885,20.804
TERRA,7253,11.885,20.804
TERRA,7254,11.885,20.804
TERRA,7255,11.885,20.804
TERRA,7256,11.885,20.804
TERRA,7257,11.885,20.804
TERRA,7258,11.885,20.804
TERRA,7259,11.885,20.804
TERRA,7260,11.885,20.804
TERRA,7261,11.885,20.804
TERRA,7262,11.885,20.804
TERRA,7263,11.885,20.804
TERRA,7264,11.885,20.804
TERRA,7265,11.885,20.804
TERRA,7266,11.885,20.804
TERRA,7267,11.885,20.804
TERRA,7268,11.885,20.804
TERRA,7269,11.885,20.804
TERRA,7270,11.885,20.804
TERRA,7271,11.885,20.804
TERRA,7272,11.885,20.804
TERRA,7273,11.885,20.804
TERRA,7274,11.885,20.804
TERRA,7275,11.885,20.804
TERRA,7276,11.885,20.804
TERRA,7277,11.885,20.804
TERRA,7278,11.885,20.804
TERRA,7279,11.885,20.804
TERRA,7280,11.885,20.804
TERRA,7281,11.885,20.804
TERRA,7282,11.885,20.804
TERRA,7283,11.885,20.804
TERRA,7284,11.885,20.804
TERRA,7285,11.885,20.804
TERRA,7286,11.885,20.804
TERRA,7287,11.885,20.804
TERRA,7288,11.885,20.804
TERRA,7289,11.885,20.804
TERRA,7290,11.885,20.804
TERRA,7291,11.885,20.804
TERRA,7292,11.885,20.804
TERRA,7293,11.885,20.804
TERRA,7294,11.885,20.804
TERRA,7295,11.885,20.804
TERRA,7296,11.885,20.804
TERRA,7297,11.885,20.804
TERRA,7298,11.885,20.804
TERRA,7299,11.885,20.804
TERRA,7300,11.885,20.804
TERRA,7301,11.885,20.804
TERRA,7302,11.885,20.804
TERRA,7303,11.885,20.804
TERRA,7304,11.885,20.804
TERRA,7305,11.885,20.804
TERRA,7306,11.885,20.804
TERRA,7307,11.885,20.804
TERRA,7308,11.885,20.804
TERRA,7309,11.885,20.804
TERRA,7310,11.885,20.804
TERRA,7311,11.885,20.804
TERRA,7312,11.885,20.804
TERRA,7313,11.885,20.804
TERRA,7314,11.885,20.804
TERRA,7315,11.885,20.804
TERRA,7316,11.885,20.804
TERRA,7317,11.885,20.804
TERRA,7318,11.885,20.804
TERRA,7319,11.885,20.804
TERRA,7320,11.885,20.804
TERRA,7321,11.885,20.804
TERRA,7322,11.885,20.804
TERRA,7323,11.885,20.804
TERRA,7324,11.885,20.804
TERRA,7325,11.885,20.804
TERRA,7326,11.885,20.804
TERRA,7327,11.885,20.804
TERRA,7328,11.885,20.804
TERRA,7329,11.885,20.804
TERRA,7330,11.885,20.804
TERRA,7331,11.885,20.804
TERRA,7332,11.885,20.804
TERRA,7333,11.885,20.804
TERRA,7334,11.885,20.804
TERRA,7335,11.885,20.804
TERRA,7336,11.885,20.804
TERRA,7337,11.885,20.804
TERRA,7338,11.885,20.804
TERRA,7339,11.885,20.804
TERRA,7340,11.885,20.804
TERRA,7341,11.885,20.804
TERRA,7342,11.885,20.804
TERRA,7343,11.885,20.804
TERRA,7344,11.885,20.804
TERRA,7345,11.885,20.804
TERRA,7346,11.885,20.804
TERRA,7347,11.885,20.804
TERRA,7348,11.885,20.804
TERRA,7349,11.885,20.804
TERRA,7350,11.885,20.804
TERRA,7351,11.885,20.804
TERRA,7352,11.885,20.804
TERRA,7353,11.885,20.804
TERRA,7354,11.885,20.804
TERRA,7355,11.885,20.804
TERRA,7356,11.885,20.804
TERRA,7357,11.885,20.804
TERRA,7358,11.885,20.804
TERRA,7359,11.885,20.804
TERRA,7360,11.885,20.804
TERRA,7361,11.885,20.804
TERRA,7362,11.885,20.804
TERRA,7363,11.885,20.804
TERRA,7364,11.885,20.804
TERRA,7365,11.885,20.804
TERRA,7366,11.885,20.804
TERRA,7367,11.885,20.804
TERRA,7368,11.885,20.804
TERRA,7369,11.885,20.804
TERRA,7370,11.885,20.804
TERRA,7371,11.885,20.804
TERRA,7372,11.885,20.804
TERRA,7373,11.885,20.804
TERRA,7374,11.885,20.804
TERRA,7375,11.885,20.804
TERRA,7376,11.885,20.804
TERRA,7377,11.885,20.804
TERRA,7378,11.885,20.804
TERRA,7379,11.885,20.804
TERRA,7380,11.885,20.804
TERRA,7381,11.885,20.804
TERRA,7382,11.885,20.804
TERRA,7383,11.885,20.804
TERRA,7384,11.885,20.804
TERRA,7385,11.885,20.804
TERRA,7386,11.885,20.804
TERRA,7387,11.885,20.804
TERRA,7388,11.885,20.804
TERRA,7389,11.885,20.804
TERRA,7390,11.885,20.804
TERRA,7391,11.885,20.804
TERRA,7392,11.885,20.804
TERRA,7393,11.885,20.804
TERRA,7394,11.885,20.804
TERRA,7395,11.885,20.804
TERRA,7396,11.885,20.804
TERRA,7397,11.885,20.804
TERRA,7398,11.885,20.804
TERRA,7399,11.885,20.804
TERRA,7400,11.885,20.804
TERRA,7401,11.885,20.804
TERRA,7402,11.885,20.804
TERRA,7403,11.885,20.804
TERRA,7404,11.885,20.804
TERRA,7405,11.885,20.804
TERRA,7406,11.885,20.804
TERRA,7407,11.885,20.804
TERRA,7408,11.885,20.804
TERRA,7409,11.885,20.804
TERRA,7410,11.885,20.804
TERRA,7411,11.885,20.804
TERRA,7412,11.885,20.804
TERRA,7413,11.885,20.804
TERRA,7414,11.885,20.804
TERRA,7415,11.885,20.804
TERRA,7416,11.885,20.804
TERRA,7417,11.885,20.804
TERRA,7418,11.885,20.804
TERRA,7419,11.885,20.804
TERRA,7420,11.885,20.804
TERRA,7421,11.885,20.804
TERRA,7422,11.885,20.804
TERRA,7423,11.885,20.804
TERRA,7424,11.885,20.804
TERRA,7425,11.885,20.804
TERRA,7426,11.885,20.804
TERRA,7427,11.885,20.804
TERRA,7428,11.885,20.804
TERRA,7429,11.885,20.804
TERRA,7430,11.885,20.804
TERRA,7431,11.885,20.804
TERRA,7432,11.885,20.804
TERRA,7433,11.885,20.804
TERRA,7434,11.885,20.804
TERRA,7435,11.885,20.804
TERRA,7436,11.885,20.804
TERRA,7437,11.885,20.804
TERRA,7438,11.885,20.804
TERRA,7439,11.885,20.804
TERRA,7440,11.885,20.804
TERRA,7441,11.885,20.804
TERRA,7442,11.885,20.804
TERRA,7443,11.885,20.804
TERRA,7444,11.885,20.804
TERRA,7445,11.885,20.804
TERRA,7446,11.885,20.804
TERRA,7447,11.885,20.804
TERRA,7448,11.885,20.804
TERRA,7449,11.885,20.804
TERRA,7450,11.885,20.804
TERRA,7451,11.885,20.804
TERRA,7452,11.885,20.804
TERRA,7453,11.885,20.804
TERRA,7454,11.885,20.804
TERRA,7455,11.885,20.804
TERRA,7456,11.885,20.804
TERRA,7457,11.885,20.804
TERRA,7458,11.885,20.804
TERRA,7459,11.885,20.804
TERRA,7460,11.885,20.804
TERRA,7461,11.885,20.804
TERRA,7462,11.885,20.804
TERRA,7463,11.885,20.804
TERRA,7464,11.885,20.804
TERRA,7465,11.885,20.804
TERRA,7466,11.885,20.804
TERRA,7467,11.885,20.804
TERRA,7468,11.885,20.804
TERRA,7469,11.885,20.804
TERRA,7470,11.885,20.804
TERRA,7471,11.885,20.804
TERRA,7472,11.885,20.804
TERRA,7473,11.885,20.804
TERRA,7474,11.885,20.804
TERRA,7475,11.885,20.804
TERRA,7476,11.885,20.804
TERRA,7477,11.885,20.804
TERRA,7478,11.885,20.804
TERRA,7479,11.885,20.804
TERRA,7480,11.885,20.804
TERRA,7481,11.885,20.804
TERRA,7482,11.885,20.804
TERRA,7483,11.885,20.804
TERRA,7484,11.885,20.804
TERRA,7485,11.885,20.804
TERRA,7486,11.885,20.804
TERRA,7487,11.885,20.804
TERRA,7488,11.885,20.804
TERRA,7489,11.885,20.804
TERRA,7490,11.885,20.804
TERRA,7491,11.885,20.804
TERRA,7492,11.885,20.804
TERRA,7493,11.885,20.804
TERRA,7494,11.885,20.804
TERRA,7495,11.885,20.804
TERRA,7496,11.885,20.804
TERRA,7497,11.885,20.804
TERRA,7498,11.885,20.804
TERRA,7499,11.885,20.804
TERRA,7500,11.885,20.804
TERRA,7501,11.885,20.804
TERRA,7502,11.885,20.804
TERRA,7503,11.885,20.804
TERRA,7504,11.885,20.804
TERRA,7505,11.885,20.804
TERRA,7506,11.885,20.804
TERRA,7507,11.885,20.804
TERRA,7508,11.885,20.804
TERRA,7509,11.885,20.804
TERRA,7510,11.885,20.804
TERRA,7511,11.885,20.804
TERRA,7512,11.885,20.804
TERRA,7513,11.885,20.804
TERRA,7514,11.885,20.804
TERRA,7515,11.885,20.804
TERRA,7516,11.885,20.804
TERRA,7517,11.885,20.804
TERRA,7518,11.885,20.804
TERRA,7519,11.885,20.804
TERRA,7520,11.885,20.804
TERRA,7521,11.885,20.804
TERRA,7522,11.885,20.804
TERRA,7523,11.885,20.804
TERRA,7524,11.885,20.804
TERRA,7525,11.885,20.804
TERRA,7526,11.885,20.804
TERRA,7527,11.885,20.804
TERRA,7528,11.885,20.804
TERRA,7529,11.885,20.804
TERRA,7530,11.885,20.804
TERRA,7531,11.885,20.804
TERRA,7532,11.885,20.804
TERRA,7533,11.885,20.804
TERRA,7534,11.885,20.804
TERRA,7535,11.885,20.804
TERRA,7536,11.885,20.804
TERRA,7537,11.885,20.804
TERRA,7538,11.885,20.804
TERRA,7539,11.885,20.804
TERRA,7540,11.885,20.804
TERRA,7541,11.885,20.804
TERRA,7542,11.885,20.804
TERRA,7543,11.885,20.804
TERRA,7544,11.885,20.804
TERRA,7545,11.885,20.804
TERRA,7546,11.885,20.804
TERRA,7547,11.885,20.804
TERRA,7548,11.885,20.804
TERRA,7549,11.885,20.804
TERRA,7550,11.885,20.804
TERRA,7551,11.885,20.804
TERRA,7552,11.885,20.804
TERRA,7553,11.885,20.804
TERRA,7554,11.885,20.804
TERRA,7555,11.885,20.804
TERRA,7556,11.885,20.804
TERRA,7557,11.885,20.804
TERRA,7558,11.885,20.804
TERRA,7559,11.885,20.804
TERRA,7560,11.885,20.804
TERRA,7561,11.885,20.804
TERRA,7562,11.885,20.804
TERRA,7563,11.885,20.804
TERRA,7564,11.885,20.804
TERRA,7565,11.885,20.804
TERRA,7566,11.885,20.804
TERRA,7567,11.885,20.804
TERRA,7568,11.885,20.804
TERRA,7569,11.885,20.804
TERRA,7570,11.885,20.804
TERRA,7571,11.885,20.804
TERRA,7572,11.885,20.804
TERRA,7573,11.885,20.804
TERRA,7574,11.885,20.804
TERRA,7575,11.885,20.804
TERRA,7576,11.885,20.804
TERRA,7577,11.885,20.804
TERRA,7578,11.885,20.804
TERRA,7579,11.885,20.804
TERRA,7580,11.885,20.804
TERRA,7581,11.885,20.804
TERRA,7582,11.885,20.804
TERRA,7583,11.885,20.804
TERRA,7584,11.885,20.804
TERRA,7585,11.885,20.804
TERRA,7586,11.885,20.804
TERRA,7587,11.885,20.804
TERRA,7588,11.885,20.804
TERRA,7589,11.885,20.804
TERRA,7590,11.885,20.804
TERRA,7591,11.885,20.804
TERRA,7592,11.885,20.804
TERRA,7593,11.885,20.804
TERRA,7594,11.885,20.804
TERRA,7595,11.885,20.804
TERRA,7596,11.885,20.804
TERRA,7597,11.885,20.804
TERRA,7598,11.885,20.804
TERRA,7599,11.885,20.804
TERRA,7600,11.885,20.804
TERRA,7601,11.885,20.804
TERRA,7602,11.885,20.804
TERRA,7603,11.885,20.804
TERRA,7604,11.885,20.804
TERRA,7605,11.885,20.804
TERRA,7606,11.885,20.804
TERRA,7607,11.885,20.804
TERRA,7608,11.885,20.804
TERRA,7609,11.885,20.804
TERRA,7610,11.885,20.804
TERRA,7611,11.885,20.804
TERRA,7612,11.885,20.804
TERRA,7613,11.885,20.804
TERRA,7614,11.885,20.804
TERRA,7615,11.885,20.804
TERRA,7616,11.885,20.804
TERRA,7617,11.885,20.804
TERRA,7618,11.885,20.804
TERRA,7619,11.885,20.804
TERRA,7620,11.885,20.804
TERRA,7621,11.885,20.804
TERRA,7622,11.885,20.804
TERRA,7623,11.885,20.804
TERRA,7624,11.885,20.804
TERRA,7625,11.885,20.804
TERRA,7626,11.885,20.804
TERRA,7627,11.885,20.804
TERRA,7628,11.885,20.804
TERRA,7629,11.885,20.804
TERRA,7630,11.885,20.804
TERRA,7631,11.885,20.804
TERRA,7632,11.885,20.804
TERRA,7633,11.885,20.804
TERRA,7634,11.885,20.804
TERRA,7635,11.885,20.804
TERRA,7636,11.885,20.804
TERRA,7637,11.885,20.804
TERRA,7638,11.885,20.804
TERRA,7639,11.885,20.804
TERRA,7640,11.885,20.804
TERRA,7641,11.885,20.804
TERRA,7642,11.885,20.804
TERRA,7643,11.885,20.804
TERRA,7644,11.885,20.804
TERRA,7645,11.885,20.804
TERRA,7646,11.885,20.804
TERRA,7647,11.885,20.804
TERRA,7648,11.885,20.804
TERRA,7649,11.885,20.804
TERRA,7650,11.885,20.804
TERRA,7651,11.885,20.804
TERRA,7652,11.885,20.804
TERRA,7653,11.885,20.804
TERRA,7654,11.885,20.804
TERRA,7655,11.885,20.804
TERRA,7656,11.885,20.804
TERRA,7657,11.885,20.804
TERRA,7658,11.885,20.804
TERRA,7659,11.885,20.804
TERRA,7660,11.885,20.804
TERRA,7661,11.885,20.804
TERRA,7662,11.885,20.804
TERRA,7663,11.885,20.804
TERRA,7664,11.885,20.804
TERRA,7665,11.885,20.804
TERRA,7666,11.885,20.804
TERRA,7667,11.885,20.804
TERRA,7668,11.885,20.804
TERRA,7669,11.885,20.804
TERRA,7670,11.885,20.804
TERRA,7671,11.885,20.804
TERRA,7672,11.885,20.804
TERRA,7673,11.885,20.804
TERRA,7674,11.885,20.804
TERRA,7675,11.885,20.804
TERRA,7676,11.885,20.804
TERRA,7677,11.885,20.804
TERRA,7678,11.885,20.804
TERRA,7679,11.885,20.804
TERRA,7680,11.885,20.804
TERRA,7681,11.885,20.804
TERRA,7682,11.885,20.804
TERRA,7683,11.885,20.804
TERRA,7684,11.885,20.804
TERRA,7685,11.885,20.804
TERRA,7686,11.885,20.804
TERRA,7687,11.885,20.804
TERRA,7688,11.885,20.804
TERRA,7689,11.885,20.804
TERRA,7690,11.885,20.804
TERRA,7691,11.885,20.804
TERRA,7692,11.885,20.804
TERRA,7693,11.885,20.804
TERRA,7694,11.885,20.804
TERRA,7695,11.885,20.804
TERRA,7696,11.885,20.804
TERRA,7697,11.885,20.804
TERRA,7698,11.885,20.804
TERRA,7699,11.885,20.804
TERRA,7700,11.885,20.804
TERRA,7701,11.885,20.804
TERRA,7702,11.885,20.804
TERRA,7703,11.885,20.804
TERRA,7704,11.885,20.804
TERRA,7705,11.885,20.804
TERRA,7706,11.885,20.804
TERRA,7707,11.885,20.804
TERRA,7708,11.885,20.804
TERRA,7709,11.885,20.804
TERRA,7710,11.885,20.804
TERRA,7711,11.885,20.804
TERRA,7712,11.885,20.804
TERRA,7713,11.885,20.804
TERRA,7714,11.885,20.804
TERRA,7715,11.885,20.804
TERRA,7716,11.885,20.804
TERRA,7717,11.885,20.804
TERRA,7718,11.885,20.804
TERRA,7719,11.885,20.804
TERRA,7720,11.885,20.804
TERRA,7721,11.885,20.804
TERRA,7722,11.885,20.804
TERRA,7723,11.885,20.804
TERRA,7724,11.885,20.804
TERRA,7725,11.885,20.804
TERRA,7726,11.885,20.804
TERRA,7727,11.885,20.804
TERRA,7728,11.885,20.804
TERRA,7729,11.885,20.804
TERRA,7730,11.885,20.804
TERRA,7731,11.885,20.804
TERRA,7732,11.885,20.804
TERRA,7733,11.885,20.804
TERRA,7734,11.885,20.804
TERRA,7735,11.885,20.804
TERRA,7736,11.885,20.804
TERRA,7737,11.885,20.804
TERRA,7738,11.885,20.804
TERRA,7739,11.885,20.804
TERRA,7740,11.885,20.804
TERRA,7741,11.885,20.804
TERRA,7742,11.885,20.804
TERRA,7743,11.885,20.804
TERRA,7744,11.885,20.804
TERRA,7745,11.885,20.804
TERRA,7746,11.885,20.804
TERRA,7747,11.885,20.804
TERRA,7748,11.885,20.804
TERRA,7749,11.885,20.804
TERRA,7750,11.885,20.804
TERRA,7751,11.885,20.804
TERRA,7752,11.885,20.804
TERRA,7753,11.885,20.804
TERRA,7754,11.885,20.804
TERRA,7755,11.885,20.804
TERRA,7756,11.885,20.804
TERRA,7757,11.885,20.804
TERRA,7758,11.885,20.804
TERRA,7759,11.885,20.804
TERRA,7760,11.885,20.804
TERRA,7761,11.885,20.804
TERRA,7762,11.885,20.804
TERRA,7763,11.885,20.804
TERRA,7764,11.885,20.804
TERRA,7765,11.885,20.804
TERRA,7766,11.885,20.804
TERRA,7767,11.885,20.804
TERRA,7768,11.885,20.804
TERRA,7769,11.885,20.804
TERRA,7770,11.885,20.804
TERRA,7771,11.885,20.804
TERRA,7772,11.885,20.804
TERRA,7773,11.885,20.804
TERRA,7774,11.885,20.804
TERRA,7775,11.885,20.804
TERRA,7776,11.885,20.804
TERRA,7777,11.885,20.804
TERRA,7778,11.885,20.804
TERRA,7779,11.885,20.804
TERRA,7780,11.885,20.804
TERRA,7781,11.885,20.804
TERRA,7782,11.885,20.804
TERRA,7783,11.885,20.804
TERRA,7784,11.885,20.804
TERRA,7785,11.885,20.804
TERRA,7786,11.885,20.804
TERRA,7787,11.885,20.804
TERRA,7788,11.885,20.804
TERRA,7789,11.885,20.804
TERRA,7790,11.885,20.804
TERRA,7791,11.885,20.804
TERRA,7792,11.885,20.804
TERRA,7793,11.885,20.804
TERRA,7794,11.885,20.804
TERRA,7795,11.885,20.804
TERRA,7796,11.885,20.804
TERRA,7797,11.885,20.804
TERRA,7798,11.885,20.804
TERRA,7799,11.885,20.804
TERRA,7800,11.885,20.804
TERRA,7801,11.885,20.804
TERRA,7802,11.885,20.804
TERRA,7803,11.885,20.804
TERRA,7804,11.885,20.804
TERRA,7805,11.885,20.804
TERRA,7806,11.885,20.804
TERRA,7807,11.885,20.804
TERRA,7808,11.885,20.804
TERRA,7809,11.885,20.804
TERRA,7810,11.885,20.804
TERRA,7811,11.885,20.804
TERRA,7812,11.885,20.804
TERRA,7813,11.885,20.804
TERRA,7814,11.885,20.804
TERRA,7815,11.885,20.804
TERRA,7816,11.885,20.804
TERRA,7817,11.885,20.804
TERRA,7818,11.885,20.804
TERRA,7819,11.885,20.804
TERRA,7820,11.885,20.804
TERRA,7821,11.885,20.804
TERRA,7822,11.885,20.804
TERRA,7823,11.885,20.804
TERRA,7824,11.885,20.804
TERRA,7825,11.885,20.804
TERRA,7826,11.885,20.804
TERRA,7827,11.885,20.804
TERRA,7828,11.885,20.804
TERRA,7829,11.885,20.804
TERRA,7830,11.885,20.804
TERRA,7831,11.885,20.804
TERRA,7832,11.885,20.804
TERRA,7833,11.885,20.804
TERRA,7834,11.885,20.804
TERRA,7835,11.885,20.804
TERRA,7836,11.885,20.804
TERRA,7837,11.885,20.804
TERRA,7838,11.885,20.804
TERRA,7839,11.885,20.804
TERRA,7840,11.885,20.804
TERRA,7841,11.885,20.804
TERRA,7842,11.885,20.804
TERRA,7843,11.885,20.804
TERRA,7844,11.885,20.804
TERRA,7845,11.885,20.804
TERRA,7846,11.885,20.804
TERRA,7847,11.885,20.804
TERRA,7848,11.885,20.804
TERRA,7849,11.885,20.804
TERRA,7850,11.885,20.804
TERRA,7851,11.885,20.804
TERRA,7852,11.885,20.804
TERRA,7853,11.885,20.804
TERRA,7854,11.885,20.804
TERRA,7855,11.885,20.804
TERRA,7856,11.885,20.804
TERRA,7857,11.885,20.804
TERRA,7858,11.885,20.804
TERRA,7859,11.885,20.804
TERRA,7860,11.885,20.804
TERRA,7861,11.885,20.804
TERRA,7862,11.885,20.804
TERRA,7863,11.885,20.804
TERRA,7864,11.885,20.804
TERRA,7865,11.885,20.804
TERRA,7866,11.885,20.804
TERRA,7867,11.885,20.804
TERRA,7868,11.885,20.804
TERRA,7869,11.885,20.804
TERRA,7870,11.885,20.804
TERRA,7871,11.885,20.804
TERRA,7872,11.885,20.804
TERRA,7873,11.885,20.804
TERRA,7874,11.885,20.804
TERRA,7875,11.885,20.804
TERRA,7876,11.885,20.804
TERRA,7877,11.885,20.804
TERRA,7878,11.885,20.804
TERRA,7879,11.885,20.804
TERRA,7880,11.885,20.804
TERRA,7881,11.885,20.804
TERRA,7882,11.885,20.804
TERRA,7883,11.885,20.804
TERRA,7884,11.885,20.804
TERRA,7885,11.885,20.804
TERRA,7886,11.885,20.804
TERRA,7887,11.885,20.804
TERRA,7888,11.885,20.804
TERRA,7889,11.885,20.804
TERRA,7890,11.885,20.804
TERRA,7891,11.885,20.804
TERRA,7892,11.885,20.804
TERRA,7893,11.885,20.804
TERRA,7894,11.885,20.804
TERRA,7895,11.885,20.804
TERRA,7896,11.885,20.804
TERRA,7897,11.885,20.804
TERRA,7898,11.885,20.804
TERRA,7899,11.885,20.804
TERRA,7900,11.885,20.804
TERRA,7901,11.885,20.804
TERRA,7902,11.885,20.804
TERRA,7903,11.885,20.804
TERRA,7904,11.885,20.804
TERRA,7905,11.885,20.804
TERRA,7906,11.885,20.804
TERRA,7907,11.885,20.804
TERRA,7908,11.885,20.804
TERRA,7909,11.885,20.804
TERRA,7910,11.885,20.804
TERRA,7911,11.885,20.804
TERRA,7912,11.885,20.804
TERRA,7913,11.885,20.804
TERRA,7914,11.885,20.804
TERRA,7915,11.885,20.804
TERRA,7916,11.885,20.804
TERRA,7917,11.885,20.804
TERRA,7918,11.885,20.804
TERRA,7919,11.885,20.804
TERRA,7920,11.885,20.804
TERRA,7921,11.885,20.804
TERRA,7922,11.885,20.804
TERRA,7923,11.885,20.804
TERRA,7924,11.885,20.804
TERRA,7925,11.885,20.804
TERRA,7926,11.885,20.804
TERRA,7927,11.885,20.804
TERRA,7928,11.885,20.804
TERRA,7929,11.885,20.804
TERRA,7930,11.885,20.804
TERRA,7931,11.885,20.804
TERRA,7932,11.885,20.804
TERRA,7933,11.885,20.804
TERRA,7934,11.885,20.804
TERRA,7935,11.885,20.804
TERRA,7936,11.885,20.804
TERRA,7937,11.885,20.804
TERRA,7938,11.885,20.804
TERRA,7939,11.885,20.804
TERRA,7940,11.885,20.804
TERRA,7941,11.885,20.804
TERRA,7942,11.885,20.804
TERRA,7943,11.885,20.804
TERRA,7944,11.885,20.804
TERRA,7945,11.885,20.804
TERRA,7946,11.885,20.804
TERRA,7947,11.885,20.804
TERRA,7948,11.885,20.804
TERRA,7949,11.885,20.804
TERRA,7950,11.885,20.804
TERRA,7951,11.885,20.804
TERRA,7952,11.885,20.804
TERRA,7953,11.885,20.804
TERRA,7954,11.885,20.804
TERRA,7955,11.885,20.804
TERRA,7956,11.885,20.804
TERRA,7957,11.885,20.804
TERRA,7958,11.885,20.804
TERRA,7959,11.885,20.804
TERRA,7960,11.885,20.804
TERRA,7961,11.885,20.804
TERRA,7962,11.885,20.804
TERRA,7963,11.885,20.804
TERRA,7964,11.885,20.804
TERRA,7965,11.885,20.804
TERRA,7966,11.885,20.804
TERRA,7967,11.885,20.804
TERRA,7968,11.885,20.804
TERRA,7969,11.885,20.804
TERRA,7970,11.885,20.804
TERRA,7971,11.885,20.804
TERRA,7972,11.885,20.804
TERRA,7973,11.885,20.804
TERRA,7974,11.885,20.804
TERRA,7975,11.885,20.804
TERRA,7976,11.885,20.804
TERRA,7977,11.885,20.804
TERRA,7978,11.885,20.804
TERRA,7979,11.885,20.804
TERRA,7980,11.885,20.804
TERRA,7981,11.885,20.804
TERRA,7982,11.885,20.804
TERRA,7983,11.885,20.804
TERRA,7984,11.885,20.804
TERRA,7985,11.885,20.804
TERRA,7986,11.885,20.804
TERRA,7987,11.885,20.804
TERRA,7988,11.885,20.804
TERRA,7989,11.885,20.804
TERRA,7990,11.885,20.804
TERRA,7991,11.885,20.804
TERRA,7992,11.885,20.804
TERRA,7993,11.885,20.804
TERRA,7994,11.885,20.804
TERRA,7995,11.885,20.804
TERRA,7996,11.885,20.804
TERRA,7997,11.885,20.804
TERRA,7998,11.885,20.804
TERRA,7999,11.885,20.804
TERRA,8000,11.885,20.804
TERRA,8001,11.885,20.804
TERRA,8002,11.885,20.804
TERRA,8003,11.885,20.804
TERRA,8004,11.885,20.804
TERRA,8005,11.885,20.804
TERRA,8006,11.885,20.804
TERRA,8007,11.885,20.804
TERRA,8008,11.885,20.804
TERRA,8009,11.885,20.804
TERRA,8010,11.885,20.804
TERRA,8011,11.885,20.804
TERRA,8012,11.885,20.804
TERRA,8013,11.885,20.804
TERRA,8014,11.885,20.804
TERRA,8015,11.885,20.804
TERRA,8016,11.885,20.804
TERRA,8017,11.885,20.804
TERRA,8018,11.885,20.804
TERRA,8019,11.885,20.804
TERRA,8020,11.885,20.804
TERRA,8021,11.885,20.804
TERRA,8022,11.885,20.804
TERRA,8023,11.885,20.804
TERRA,8024,11.885,20.804
TERRA,8025,11.885,20.804
TERRA,8026,11.885,20.804
TERRA,8027,11.885,20.804
TERRA,8028,11.885,20.804
TERRA,8029,11.885,20.804
TERRA,8030,11.885,20.804
TERRA,8031,11.885,20.804
TERRA,8032,11.885,20.804
TERRA,8033,11.885,20.804
TERRA,8034,11.885,20.804
TERRA,8035,11.885,20.804
TERRA,8036,11.885,20.804
TERRA,8037,11.885,20.804
TERRA,8038,11.885,20.804
TERRA,8039,11.885,20.804
TERRA,8040,11.885,20.804
TERRA,8041,11.885,20.804
TERRA,8042,11.885,20.804
TERRA,8043,11.885,20.804
TERRA,8044,11.885,20.804
TERRA,8045,11.885,20.804
TERRA,8046,11.885,20.804
TERRA,8047,11.885,20.804
TERRA,8048,11.885,20.804
TERRA,8049,11.885,20.804
TERRA,8050,11.885,20.804
TERRA,8051,11.885,20.804
TERRA,8052,11.885,20.804
TERRA,8053,11.885,20.804
TERRA,8054,11.885,20.804
TERRA,8055,11.885,20.804
TERRA,8056,11.885,20.804
TERRA,8057,11.885,20.804
TERRA,8058,11.885,20.804
TERRA,8059,11.885,20.804
TERRA,8060,11.885,20.804
TERRA,8061,11.885,20.804
TERRA,8062,11.885,20.804
TERRA,8063,11.885,20.804
TERRA,8064,11.885,20.804
TERRA,8065,11.885,20.804
TERRA,8066,11.885,20.804
TERRA,8067,11.885,20.804
TERRA,8068,11.885,20.804
TERRA,8069,11.885,20.804
TERRA,8070,11.885,20.804
TERRA,8071,11.885,20.804
TERRA,8072,11.885,20.804
TERRA,8073,11.885,20.804
TERRA,8074,11.885,20.804
TERRA,8075,11.885,20.804
TERRA,8076,11.885,20.804
TERRA,8077,11.885,20.804
TERRA,8078,11.885,20.804
TERRA,8079,11.885,20.804
TERRA,8080,11.885,20.804
TERRA,8081,11.885,20.804
TERRA,8082,11.885,20.804
TERRA,8083,11.885,20.804
TERRA,8084,11.885,20.804
TERRA,8085,11.885,20.804
TERRA,8086,11.885,20.804
TERRA,8087,11.885,20.804
TERRA,8088,11.885,20.804
TERRA,8089,11.885,20.804
TERRA,8090,11.885,20.804
TERRA,8091,11.885,20.804
TERRA,8092,11.885,20.804
TERRA,8093,11.885,20.804
TERRA,8094,11.885,20.804
TERRA,8095,11.885,20.804
TERRA,8096,11.885,20.804
TERRA,8097,11.885,20.804
TERRA,8098,11.885,20.804
TERRA,8099,11.885,20.804
TERRA,8100,11.885,20.804
TERRA,8101,11.885,20.804
TERRA,8102,11.885,20.804
TERRA,8103,11.885,20.804
TERRA,8104,11.885,20.804
TERRA,8105,11.885,20.804
TERRA,8106,11.885,20.804
TERRA,8107,11.885,20.804
TERRA,8108,11.885,20.804
TERRA,8109,11.885,20.804
TERRA,8110,11.885,20.804
TERRA,8111,11.885,20.804
TERRA,8112,11.885,20.804
TERRA,8113,11.885,20.804
TERRA,8114,11.885,20.804
TERRA,8115,11.885,20.804
TERRA,8116,11.885,20.804
TERRA,8117,11.885,20.804
TERRA,8118,11.885,20.804
TERRA,8119,11.885,20.804
TERRA,8120,11.885,20.804
TERRA,8121,11.885,20.804
TERRA,8122,11.885,20.804
TERRA,8123,11.885,20.804
TERRA,8124,11.885,20.804
TERRA,8125,11.885,20.804
TERRA,8126,11.885,20.804
TERRA,8127,11.885,20.804
TERRA,8128,11.885,20.804
TERRA,8129,11.885,20.804
TERRA,8130,11.885,20.804
TERRA,8131,11.885,20.804
TERRA,8132,11.885,20.804
TERRA,8133,11.885,20.804
TERRA,8134,11.885,20.804
TERRA,8135,11.885,20.804
TERRA,8136,11.885,20.804
TERRA,8137,11.885,20.804
TERRA,8138,11.885,20.804
TERRA,8139,11.885,20.804
TERRA,8140,11.885,20.804
TERRA,8141,11.885,20.804
TERRA,8142,11.885,20.804
TERRA,8143,11.885,20.804
TERRA,8144,11.885,20.804
TERRA,8145,11.885,20.804
TERRA,8146,11.885,20.804
TERRA,8147,11.885,20.804
TERRA,8148,11.885,20.804
TERRA,8149,11.885,20.804
TERRA,8150,11.885,20.804
TERRA,8151,11.885,20.804
TERRA,8152,11.885,20.804
TERRA,8153,11.885,20.804
TERRA,8154,11.885,20.804
TERRA,8155,11.885,20.804
TERRA,8156,11.885,20.804
TERRA,8157,11.885,20.804
TERRA,8158,11.885,20.804
TERRA,8159,11.885,20.804
TERRA,8160,11.885,20.804
TERRA,8161,11.885,20.804
TERRA,8162,11.885,20.804
TERRA,8163,11.885,20.804
TERRA,8164,11.885,20.804
TERRA,8165,11.885,20.804
TERRA,8166,11.885,20.804
TERRA,8167,11.885,20.804
TERRA,8168,11.885,20.804
TERRA,8169,11.885,20.804
TERRA,8170,11.885,20.804
TERRA,8171,11.885,20.804
TERRA,8172,11.885,20.804
TERRA,8173,11.885,20.804
TERRA,8174,11.885,20.804
TERRA,8175,11.885,20.804
TERRA,8176,11.885,20.804
TERRA,8177,11.885,20.804
TERRA,8178,11.885,20.804
TERRA,8179,11.885,20.804
TERRA,8180,11.885,20.804
TERRA,8181,11.885,20.804
TERRA,8182,11.885,20.804
TERRA,8183,11.885,20.804
TERRA,8184,11.885,20.804
TERRA,8185,11.885,20.804
TERRA,8186,11.885,20.804
TERRA,8187,11.885,20.804
TERRA,8188,11.885,20.804
TERRA,8189,11.885,20.804
TERRA,8190,11.885,20.804
TERRA,8191,11.885,20.804
TERRA,8192,11.885,20.804
TERRA,8193,11.885,20.804
TERRA,8194,11.885,20.804
TERRA,8195,11.885,20.804
TERRA,8196,11.885,20.804
TERRA,8197,11.885,20.804
TERRA,8198,11.885,20.804
TERRA,8199,11.885,20.804
TERRA,8200,11.885,20.804
TERRA,8201,11.885,20.804
TERRA,8202,11.885,20.804
TERRA,8203,11.885,20.804
TERRA,8204,11.885,20.804
TERRA,8205,11.885,20.804
TERRA,8206,11.885,20.804
TERRA,8207,11.885,20.804
TERRA,8208,11.885,20.804
TERRA,8209,11.885,20.804
TERRA,8210,11.885,20.804
TERRA,8211,11.885,20.804
TERRA,8212,11.885,20.804
TERRA,8213,11.885,20.804
TERRA,8214,11.885,20.804
TERRA,8215,11.885,20.804
TERRA,8216,11.885,20.804
TERRA,8217,11.885,20.804
TERRA,8218,11.885,20.804
TERRA,8219,11.885,20.804
TERRA,8220,11.885,20.804
TERRA,8221,11.885,20.804
TERRA,8222,11.885,20.804
TERRA,8223,11.885,20.804
TERRA,8224,11.885,20.804
TERRA,8225,11.885,20.804
TERRA,8226,11.885,20.804
TERRA,8227,11.885,20.804
TERRA,8228,11.885,20.804
TERRA,8229,11.885,20.804
TERRA,8230,11.885,20.804
TERRA,8231,11.885,20.804
TERRA,8232,11.885,20.804
TERRA,8233,11.885,20.804
TERRA,8234,11.885,20.804
TERRA,8235,11.885,20.804
TERRA,8236,11.885,20.804
TERRA,8237,11.885,20.804
TERRA,8238,11.885,20.804
TERRA,8239,11.885,20.804
TERRA,8240,11.885,20.804
TERRA,8241,11.885,20.804
TERRA,8242,11.885,20.804
TERRA,8243,11.885,20.804
TERRA,8244,11.885,20.804
TERRA,8245,11.885,20.804
TERRA,8246,11.885,20.804
TERRA,8247,11.885,20.804
TERRA,8248,11.885,20.804
TERRA,8249,11.885,20.804
TERRA,8250,11.885,20.804
TERRA,8251,11.885,20.804
TERRA,8252,11.885,20.804
TERRA,8253,11.885,20.804
TERRA,8254,11.885,20.804
TERRA,8255,11.885,20.804
TERRA,8256,11.885,20.804
TERRA,8257,11.885,20.804
TERRA,8258,11.885,20.804
TERRA,8259,11.885,20.804
TERRA,8260,11.885,20.804
TERRA,8261,11.885,20.804
TERRA,8262,11.885,20.804
TERRA,8263,11.885,20.804
TERRA,8264,11.885,20.804
TERRA,8265,11.885,20.804
TERRA,8266,11.885,20.804
TERRA,8267,11.885,20.804
TERRA,8268,11.885,20.804
TERRA,8269,11.885,20.804
TERRA,8270,11.885,20.804
TERRA,8271,11.885,20.804
TERRA,8272,11.885,20.804
TERRA,8273,11.885,20.804
TERRA,8274,11.885,20.804
TERRA,8275,11.885,20.804
TERRA,8276,11.885,20.804
TERRA,8277,11.885,20.804
TERRA,8278,11.885,20.804
TERRA,8279,11.885,20.804
TERRA,8280,11.885,20.804
TERRA,8281,11.885,20.804
TERRA,8282,11.885,20.804
TERRA,8283,11.885,20.804
TERRA,8284,11.885,20.804
TERRA,8285,11.885,20.804
TERRA,8286,11.885,20.804
TERRA,8287,11.885,20.804
TERRA,8288,11.885,20.804
TERRA,8289,11.885,20.804
TERRA,8290,11.885,20.804
TERRA,8291,11.885,20.804
TERRA,8292,11.885,20.804
TERRA,8293,11.885,20.804
TERRA,8294,11.885,20.804
TERRA,8295,11.885,20.804
TERRA,8296,11.885,20.804
TERRA,8297,11.885,20.804
TERRA,8298,11.885,20.804
TERRA,8299,11.885,20.804
TERRA,8300,11.885,20.804
TERRA,8301,11.885,20.804
TERRA,8302,11.885,20.804
TERRA,8303,11.885,20.804
TERRA,8304,11.885,20.804
TERRA,8305,11.885,20.804
TERRA,8306,11.885,20.804
TERRA,8307,11.885,20.804
TERRA,8308,11.885,20.804
TERRA,8309,11.885,20.804
TERRA,8310,11.885,20.804
TERRA,8311,11.885,20.804
TERRA,8312,11.885,20.804
TERRA,8313,11.885,20.804
TERRA,8314,11.885,20.804
TERRA,8315,11.885,20.804
TERRA,8316,11.885,20.804
TERRA,8317,11.885,20.804
TERRA,8318,11.885,20.804
TERRA,8319,11.885,20.804
TERRA,8320,11.885,20.804
TERRA,8321,11.885,20.804
TERRA,8322,11.885,20.804
TERRA,8323,11.885,20.804
TERRA,8324,11.885,20.804
TERRA,8325,11.885,20.804
TERRA,8326,11.885,20.804
TERRA,8327,11.885,20.804
TERRA,8328,11.885,20.804
TERRA,8329,11.885,20.804
TERRA,8330,11.885,20.804
TERRA,8331,11.885,20.804
TERRA,8332,11.885,20.804
TERRA,8333,11.885,20.804
TERRA,8334,11.885,20.804
TERRA,8335,11.885,20.804
TERRA,8336,11.885,20.804
TERRA,8337,11.885,20.804
TERRA,8338,11.885,20.804
TERRA,8339,11.885,20.804
TERRA,8340,11.885,20.804
TERRA,8341,11.885,20.804
TERRA,8342,11.885,20.804
TERRA,8343,11.885,20.804
TERRA,8344,11.885,20.804
TERRA,8345,11.885,20.804
TERRA,8346,11.885,20.804
TERRA,8347,11.885,20.804
TERRA,8348,11.885,20.804
TERRA,8349,11.885,20.804
TERRA,8350,11.885,20.804
TERRA,8351,11.885,20.804
TERRA,8352,11.885,20.804
TERRA,8353,11.885,20.804
TERRA,8354,11.885,20.804
TERRA,8355,11.885,20.804
TERRA,8356,11.885,20.804
TERRA,8357,11.885,20.804
TERRA,8358,11.885,20.804
TERRA,8359,11.885,20.804
TERRA,8360,11.885,20.804
TERRA,8361,11.885,20.804
TERRA,8362,11.885,20.804
TERRA,8363,11.885,20.804
TERRA,8364,11.885,20.804
TERRA,8365,11.885,20.804
TERRA,8366,11.885,20.804
TERRA,8367,11.885,20.804
TERRA,8368,11.885,20.804
TERRA,8369,11.885,20.804
TERRA,8370,11.885,20.804
TERRA,8371,11.885,20.804
TERRA,8372,11.885,20.804
TERRA,8373,11.885,20.804
TERRA,8374,11.885,20.804
TERRA,8375,11.885,20.804
TERRA,8376,11.885,20.804
TERRA,8377,11.885,20.804
TERRA,8378,11.885,20.804
TERRA,8379,11.885,20.804
TERRA,8380,11.885,20.804
TERRA,8381,11.885,20.804
TERRA,8382,11.885,20.804
TERRA,8383,11.885,20.804
TERRA,8384,11.885,20.804
TERRA,8385,11.885,20.804
TERRA,8386,11.885,20.804
TERRA,8387,11.885,20.804
TERRA,8388,11.885,20.804
TERRA,8389,11.885,20.804
TERRA,8390,11.885,20.804
TERRA,8391,11.885,20.804
TERRA,8392,11.885,20.804
TERRA,8393,11.885,20.804
TERRA,8394,11.885,20.804
TERRA,8395,11.885,20.804
TERRA,8396,11.885,20.804
TERRA,8397,11.885,20.804
TERRA,8398,11.885,20.804
TERRA,8399,11.885,20.804
TERRA,8400,11.885,20.804
TERRA,8401,11.885,20.804
TERRA,8402,11.885,20.804
TERRA,8403,11.885,20.804
TERRA,8404,11.885,20.804
TERRA,8405,11.885,20.804
TERRA,8406,11.885,20.804
TERRA,8407,11.885,20.804
TERRA,8408,11.885,20.804
TERRA,8409,11.885,20.804
TERRA,8410,11.885,20.804
TERRA,8411,11.885,20.804
TERRA,8412,11.885,20.804
TERRA,8413,11.885,20.804
TERRA,8414,11.885,20.804
TERRA,8415,11.885,20.804
TERRA,8416,11.885,20.804
TERRA,8417,11.885,20.804
TERRA,8418,11.885,20.804
TERRA,8419,11.885,20.804
TERRA,8420,11.885,20.804
TERRA,8421,11.885,20.804
TERRA,8422,11.885,20.804
TERRA,8423,11.885,20.804
TERRA,8424,11.885,20.804
TERRA,8425,11.885,20.804
TERRA,8426,11.885,20.804
TERRA,8427,11.885,20.804
TERRA,8428,11.885,20.804
TERRA,8429,11.885,20.804
TERRA,8430,11.885,20.804
TERRA,8431,11.885,20.804
TERRA,8432,11.885,20.804
TERRA,8433,11.885,20.804
TERRA,8434,11.885,20.804
TERRA,8435,11.885,20.804
TERRA,8436,11.885,20.804
TERRA,8437,11.885,20.804
TERRA,8438,11.885,20.804
TERRA,8439,11.885,20.804
TERRA,8440,11.885,20.804
TERRA,8441,11.885,20.804
TERRA,8442,11.885,20.804
TERRA,8443,11.885,20.804
TERRA,8444,11.885,20.804
TERRA,8445,11.885,20.804
TERRA,8446,11.885,20.804
TERRA,8447,11.885,20.804
TERRA,8448,11.885,20.804
TERRA,8449,11.885,20.804
TERRA,8450,11.885,20.804
TERRA,8451,11.885,20.804
TERRA,8452,11.885,20.804
TERRA,8453,11.885,20.804
TERRA,8454,11.885,20.804
TERRA,8455,11.885,20.804
TERRA,8456,11.885,20.804
TERRA,8457,11.885,20.804
TERRA,8458,11.885,20.804
TERRA,8459,11.885,20.804
TERRA,8460,11.885,20.804
TERRA,8461,11.885,20.804
TERRA,8462,11.885,20.804
TERRA,8463,11.885,20.804
TERRA,8464,11.885,20.804
TERRA,8465,11.885,20.804
TERRA,8466,11.885,20.804
TERRA,8467,11.885,20.804
TERRA,8468,11.885,20.804
TERRA,8469,11.885,20.804
TERRA,8470,11.885,20.804
TERRA,8471,11.885,20.804
TERRA,8472,11.885,20.804
TERRA,8473,11.885,20.804
TERRA,8474,11.885,20.804
TERRA,8475,11.885,20.804
TERRA,8476,11.885,20.804
TERRA,8477,11.885,20.804
TERRA,8478,11.885,20.804
TERRA,8479,11.885,20.804
TERRA,8480,11.885,20.804
TERRA,8481,11.885,20.804
TERRA,8482,11.885,20.804
TERRA,8483,11.885,20.804
TERRA,8484,11.885,20.804
TERRA,8485,11.885,20.804
TERRA,8486,11.885,20.804
TERRA,8487,11.885,20.804
TERRA,8488,11.885,20.804
TERRA,8489,11.885,20.804
TERRA,8490,11.885,20.804
TERRA,8491,11.885,20.804
TERRA,8492,11.885,20.804
TERRA,8493,11.885,20.804
TERRA,8494,11.885,20.804
TERRA,8495,11.885,20.804
TERRA,8496,11.885,20.804
TERRA,8497,11.885,20.804
TERRA,8498,11.885,20.804
TERRA,8499,11.885,20.804
TERRA,8500,11.885,20.804
TERRA,8501,11.885,20.804
TERRA,8502,11.885,20.804
TERRA,8503,11.885,20.804
TERRA,8504,11.885,20.804
TERRA,8505,11.885,20.804
TERRA,8506,11.885,20.804
TERRA,8507,11.885,20.804
TERRA,8508,11.885,20.804
TERRA,8509,11.885,20.804
TERRA,8510,11.885,20.804
TERRA,8511,11.885,20.804
TERRA,8512,11.885,20.804
TERRA,8513,11.885,20.804
TERRA,8514,11.885,20.804
TERRA,8515,11.885,20.804
TERRA,8516,11.885,20.804
TERRA,8517,11.885,20.804
TERRA,8518,11.885,20.804
TERRA,8519,11.885,20.804
TERRA,8520,11.885,20.804
TERRA,8521,11.885,20.804
TERRA,8522,11.885,20.804
TERRA,8523,11.885,20.804
TERRA,8524,11.885,20.804
TERRA,8525,11.885,20.804
TERRA,8526,11.885,20.804
TERRA,8527,11.885,20.804
TERRA,8528,11.885,20.804
TERRA,8529,11.885,20.804
TERRA,8530,11.885,20.804
